stu_id,variable,Who am I?,code,valence
stu_NZWIU92234,TST Respose 8,I am going to 7grade,22.0,6thgrade
stu_NZWIU92234,TST Respose 8,I am going to 7grade,4.0,6thgrade
stu_NZWIU92234,TST Respose 8,I am going to 7grade,14.0,neutral
stu_DJCZE13885,TST Respose 12,I like going outside.,31.0,positive
stu_DJCZE13885,TST Respose 12,I like going outside.,24.0,positive
stu_CDXSC86692,TST Respose 17,i am the person that goes to my brothers dad's house,12.0,neutral
stu_KWMWG76590,TST Respose 16,i have a lot of friends,10.0,positive
stu_RFRYE74718,TST Respose 8,I am a fellow citizen for united states.,8.0,american
stu_XSQUV53095,TST Respose 5,I AM [FIRST NAME] A AFRICAN AND INDIAN,7.0,africanandindian
stu_XSQUV53095,TST Respose 5,I AM [FIRST NAME] A AFRICAN AND INDIAN,5.0,none
stu_YXBHV58732,TST Respose 5,I like playing games,31.0,positive
stu_YXBHV58732,TST Respose 5,I like playing games,24.0,positive
stu_ZARRQ26344,TST Respose 7,i like to paint and draw,26.0,positive
stu_ZARRQ26344,TST Respose 7,i like to paint and draw,24.0,positive
stu_MKEGQ97127,TST Respose 15,I'm a friendly person,44.0,positive
stu_EXNUN73314,TST Respose 13,I am pretty,35.0,positive
stu_MKGYA55892,TST Respose 5,like music,24.0,positive
stu_OCRTY88035,TST Respose 17,I am someone that want to go to cape verde.,24.0,positive
stu_FBWGP41232,TST Respose 5,I enjoy math (sometimes),25.0,positive
stu_FBWGP41232,TST Respose 5,I enjoy math (sometimes),24.0,positive
stu_DERZZ01872,TST Respose 12,I have a snake,32.0,none
stu_BESSB35006,TST Respose 8,i like to talk to my friends,31.0,positive
stu_BESSB35006,TST Respose 8,i like to talk to my friends,10.0,positive
stu_BESSB35006,TST Respose 8,i like to talk to my friends,24.0,positive
stu_SOWGI28002,TST Respose 16,I am someone who loves water,24.0,positive
stu_EHXGF51692,TST Respose 1,I am a honor student.,14.0,positive
stu_QQMSX84242,TST Respose 16,a friend,10.0,neutral
stu_CDXSC86692,TST Respose 19,i am the person that loves to go outside,31.0,positive
stu_CDXSC86692,TST Respose 19,i am the person that loves to go outside,24.0,positive
stu_MXNSF14478,TST Respose 19,I have 9 siblings,12.0,neutral
stu_FQKSK24193,TST Respose 16,i have 2 brothers,12.0,neutral
stu_EJIML93711,TST Respose 16,I like doing group work.,14.0,positive
stu_NWRRN03456,TST Respose 5,I complete 13 assignment on MATH Stream.,14.0,neutral
stu_CWJCN88700,TST Respose 13,I am short compared to others,35.0,neutral
stu_ABSGH36082,TST Respose 13,I want a fish,33.0,none
stu_FASQN45304,TST Respose 4,I am someone who loves math.,25.0,positive
stu_FASQN45304,TST Respose 4,I am someone who loves math.,24.0,positive
stu_SBUBU63586,TST Respose 3,i am a student,14.0,neutral
stu_XSQUV53095,TST Respose 2,I AM [FIRST NAME] A STUDENT,14.0,neutral
stu_XSQUV53095,TST Respose 2,I AM [FIRST NAME] A STUDENT,5.0,none
stu_ZARRQ26344,TST Respose 14,I am a moms girl,12.0,neutral
stu_ZARRQ26344,TST Respose 14,I am a moms girl,2.0,girl
stu_WWNBY52737,TST Respose 15,I am an honors student.,14.0,positive
stu_WEADW20158,TST Respose 12,i like going out with my parents,24.0,positive
stu_WEADW20158,TST Respose 12,i like going out with my parents,12.0,positive
stu_JVLXZ63894,TST Respose 2,english student,14.0,neutral
stu_VKCWY07846,TST Respose 5,im a only child,22.0,onlychild
stu_VKCWY07846,TST Respose 5,im a only child,12.0,neutral
stu_HBPKA70291,TST Respose 12,call of duty player,28.0,neutral
stu_IGLSS89625,TST Respose 11,i like my mom,12.0,positive
stu_MXNSF14478,TST Respose 3,I'm a 11 year old,4.0,11
stu_VNSDU81090,TST Respose 10,my favorite food is rice and chiken,24.0,positive
stu_PUHUL75671,TST Respose 10,[DATE POSSIBLE BIRTHDAY],48.0,neutral
stu_IKUOQ66846,TST Respose 18,I like to do something when i'm bored,31.0,positive
stu_IKUOQ66846,TST Respose 18,I like to do something when i'm bored,24.0,positive
stu_HLKZL24322,TST Respose 19,i like popcorn,24.0,positive
stu_MTCIM85775,TST Respose 20,A [CITY] resident,9.0,neutral
stu_UHXBA77476,TST Respose 12,l like butterflies,24.0,positive
stu_FASQN45304,TST Respose 3,I am someone who likes to run.,29.0,positive
stu_FASQN45304,TST Respose 3,I am someone who likes to run.,24.0,positive
stu_FPTDO32773,TST Respose 3,Girlfriend,11.0,neutral
stu_RDPGG44681,TST Respose 12,I am truthful,40.0,positive
stu_XSQUV53095,TST Respose 6,I AM [FIRST NAME] A ANTISOCIAL,44.0,negative
stu_XSQUV53095,TST Respose 6,I AM [FIRST NAME] A ANTISOCIAL,5.0,neutral
stu_DHTXQ91573,TST Respose 7,I am a students from 6 grades,22.0,6thgrade
stu_DHTXQ91573,TST Respose 7,I am a students from 6 grades,4.0,6thgrade
stu_DHTXQ91573,TST Respose 7,I am a students from 6 grades,14.0,neutral
stu_CWQDV67579,TST Respose 1,I am Christian,16.0,christian
stu_UYUIH18635,TST Respose 14,my favortie holiday is christmas,24.0,positive
stu_PYEUW09959,TST Respose 12,I like to go to dunkin' donuts,31.0,positive
stu_PYEUW09959,TST Respose 12,I like to go to dunkin' donuts,24.0,positive
stu_MMZHT88458,TST Respose 20,i have long hair,35.0,neutral
stu_KWMWG76590,TST Respose 9,i like hang out with my friends,31.0,positive
stu_KWMWG76590,TST Respose 9,i like hang out with my friends,10.0,positive
stu_KWMWG76590,TST Respose 9,i like hang out with my friends,24.0,positive
stu_SJXEZ38047,TST Respose 13,I speak 2 different languages,25.0,neutral
stu_SJXEZ38047,TST Respose 13,I speak 2 different languages,22.0,bilingual
stu_TDURA35752,TST Respose 8,I am quiet,44.0,neutral
stu_CAGAM03126,TST Respose 14,I am a person who likes to play games.,31.0,positive
stu_CAGAM03126,TST Respose 14,I am a person who likes to play games.,24.0,positive
stu_ORUUL82324,TST Respose 9,My older brother is in military-basic training,12.0,neutral
stu_FVHVM49769,TST Respose 3,I am half brazilian,7.0,brazilian
stu_WZRKM29688,TST Respose 2,im a sports player,29.0,neutral
stu_XKMAG80800,TST Respose 16,I like strawberry cheesecake.,24.0,positive
stu_BJJXN95776,TST Respose 18,I like homemade food,24.0,positive
stu_IZQGI75719,TST Respose 1,i like tv,24.0,positive
stu_EHLZF06092,TST Respose 9,I don't like spanish class,24.0,negative
stu_EHLZF06092,TST Respose 9,I don't like spanish class,14.0,negative
stu_KFYJM61476,TST Respose 3,I like to wear sweaters.,24.0,positive
stu_QHOON52054,TST Respose 20,I am done with this test and I am 5'4ft,47.0,neutral
stu_QHOON52054,TST Respose 20,I am done with this test and I am 5'4ft,35.0,neutral
stu_XCKNQ66212,TST Respose 1,im black,6.0,black
stu_MMNSJ38829,TST Respose 1,I like to dance.,26.0,positive
stu_MMNSJ38829,TST Respose 1,I like to dance.,24.0,positive
stu_UAFAK64772,TST Respose 2,A 7th grade student,22.0,7thgrade
stu_UAFAK64772,TST Respose 2,A 7th grade student,4.0,7thgrade
stu_UAFAK64772,TST Respose 2,A 7th grade student,14.0,neutral
stu_IKUOQ66846,TST Respose 14,I have cornrows,35.0,neutral
stu_CPBCK00658,TST Respose 15,I like babies,24.0,positive
stu_FBWGP41232,TST Respose 11,I like to sleep,31.0,positive
stu_FBWGP41232,TST Respose 11,I like to sleep,24.0,positive
stu_CTAZU65504,TST Respose 9,I am Cape Verdean,7.0,cape verdean
stu_VQFBG95862,TST Respose 18,i am a person with a dog,32.0,none
stu_ABSGH36082,TST Respose 14,I was born in April,22.0,april birthday
stu_LJAAE92948,TST Respose 20,I can't do my hair,30.0,negative
stu_QACJQ31561,TST Respose 10,i like jordans,30.0,positive
stu_QACJQ31561,TST Respose 10,i like jordans,24.0,positive
stu_WWNBY52737,TST Respose 6,I am a singer.,26.0,neutral
stu_NWRRC44615,TST Respose 5,i hang out with my friends,31.0,neutral
stu_NWRRC44615,TST Respose 5,i hang out with my friends,10.0,neutral
stu_XHGVP79664,TST Respose 4,Im white,6.0,white
stu_SELBD60428,TST Respose 1,[FIRST LAST NAME],5.0,none
stu_PKXZK94759,TST Respose 5,I love music,24.0,positive
stu_NJZBY59884,TST Respose 8,i like to eat.,31.0,positive
stu_NJZBY59884,TST Respose 8,i like to eat.,24.0,positive
stu_WXAMH04104,TST Respose 2,i am 12 years old,4.0,12
stu_LJAAE92948,TST Respose 19,I'm a good sister,12.0,positive
stu_LJAAE92948,TST Respose 19,I'm a good sister,2.0,girl
stu_DKGHS98193,TST Respose 9,i have a baby brother i love alot,12.0,positive
stu_MRIWT64391,TST Respose 1,A person who loves science,25.0,positive
stu_MRIWT64391,TST Respose 1,A person who loves science,24.0,positive
stu_EHYTZ32137,TST Respose 4,I'm a good writer,25.0,positive
stu_JVLXZ63894,TST Respose 7,artist,26.0,neutral
stu_OAZKI17777,TST Respose 18,[FIRST NAME],5.0,none
stu_WQGUY90279,TST Respose 4,I'm Vietnamese and Chinese,7.0,vietnamese and chinese
stu_STIXI97047,TST Respose 7,I am [LAST NAME].,5.0,none
stu_THKBG93560,TST Respose 20,I'm an outside kid,22.0,outsidekid
stu_THKBG93560,TST Respose 20,I'm an outside kid,4.0,child
stu_MRIWT64391,TST Respose 4,A english speaker,25.0,neutral
stu_MRIWT64391,TST Respose 4,A english speaker,22.0,englishspeaker
stu_VENGZ10475,TST Respose 9,A coder,26.0,neutral
stu_BCRYB29652,TST Respose 13,"I,m good at srose.",48.0,positive
stu_FBOFA96484,TST Respose 9,i am a thankful person,45.0,positive
stu_PJCOJ15115,TST Respose 11,I am a spiderman enjoyer,24.0,positive
stu_CLLRZ76280,TST Respose 8,I'm someone who's birthday is january,22.0,january birthday
stu_OFAWH83528,TST Respose 18,i like hanging out with family,31.0,positive
stu_OFAWH83528,TST Respose 18,i like hanging out with family,12.0,positive
stu_OFAWH83528,TST Respose 18,i like hanging out with family,24.0,positive
stu_EHLZF06092,TST Respose 18,I like spring,24.0,positive
stu_CNIFN64507,TST Respose 4,im me,19.0,none
stu_QHOON52054,TST Respose 2,I am a baseball player,29.0,neutral
stu_IIOVZ06372,TST Respose 18,I like the mall,24.0,positive
stu_FHADA27602,TST Respose 9,i love mac n cheese,24.0,positive
stu_XKMAG80800,TST Respose 7,A nice guy,44.0,positive
stu_XKMAG80800,TST Respose 7,A nice guy,2.0,boy
stu_EUIXK95276,TST Respose 5,"I'm a student at the [SCHOOL NAME] I love dancing, singing, gym class, Art class, eating food",31.0,positive
stu_EUIXK95276,TST Respose 5,"I'm a student at the [SCHOOL NAME] I love dancing, singing, gym class, Art class, eating food",14.0,neutral
stu_EUIXK95276,TST Respose 5,"I'm a student at the [SCHOOL NAME] I love dancing, singing, gym class, Art class, eating food",24.0,positive
stu_EUIXK95276,TST Respose 5,"I'm a student at the [SCHOOL NAME] I love dancing, singing, gym class, Art class, eating food",26.0,positive
stu_EUIXK95276,TST Respose 5,"I'm a student at the [SCHOOL NAME] I love dancing, singing, gym class, Art class, eating food",29.0,positive
stu_QACJQ31561,TST Respose 2,im 11,4.0,11
stu_CPBCK00658,TST Respose 1,I am a girl.,2.0,girl
stu_QZOUO83023,TST Respose 7,I also like money,34.0,positive
stu_QZOUO83023,TST Respose 7,I also like money,24.0,positive
stu_FSPCV10901,TST Respose 13,I love the park.,24.0,positive
stu_EUWJA76858,TST Respose 3,I am a volleyball player.,29.0,neutral
stu_YXBHV58732,TST Respose 1,I'm a student,14.0,neutral
stu_SULZI60933,TST Respose 19,i like art,26.0,positive
stu_SULZI60933,TST Respose 19,i like art,24.0,positive
stu_DUOEM76163,TST Respose 13,I was born in [CITY],9.0,neutral
stu_IIOVZ06372,TST Respose 17,I like the weekends,24.0,positive
stu_EHYTZ32137,TST Respose 9,I'm the oldest,12.0,neutral
stu_CAGAM03126,TST Respose 17,I am a person who likes hoodies.,30.0,positive
stu_CAGAM03126,TST Respose 17,I am a person who likes hoodies.,24.0,positive
stu_NWVEW24693,TST Respose 16,i am excited for spring,47.0,positive
stu_UEVQJ25414,TST Respose 5,im funny,46.0,positive
stu_MMNSJ38829,TST Respose 7,I like to listen to music.,26.0,positive
stu_MMNSJ38829,TST Respose 7,I like to listen to music.,24.0,positive
stu_QQMSX84242,TST Respose 7,a family member,12.0,neutral
stu_OAZKI17777,TST Respose 17,[FIRST NAME],5.0,none
stu_KWLPL21630,TST Respose 16,I like cute outfit.,30.0,positive
stu_KWLPL21630,TST Respose 16,I like cute outfit.,24.0,positive
stu_WTRMC77187,TST Respose 6,I have fun with friends,31.0,positive
stu_WTRMC77187,TST Respose 6,I have fun with friends,10.0,positive
stu_CNIXS57234,TST Respose 3,I'm basketball player,29.0,neutral
stu_HEPWQ98561,TST Respose 4,"i am black,",6.0,black
stu_IGWBR81023,TST Respose 5,i have two older brothers and two younger sisters,12.0,neutral
stu_SQLXP95993,TST Respose 6,I don't like to do all of my homework,24.0,negative
stu_SQLXP95993,TST Respose 6,I don't like to do all of my homework,14.0,negative
stu_UEYTM01990,TST Respose 5,I'm nice,44.0,positive
stu_YBWGX96937,TST Respose 15,not like warm up,24.0,positive
stu_OQLOS45541,TST Respose 3,I'm a writer.,25.0,neutral
stu_CDXSC86692,TST Respose 8,I am a person that to spend time with my brothers,12.0,neutral
stu_ERQCY81201,TST Respose 9,I am a girl who loves her morning coffe.,24.0,positive
stu_ERQCY81201,TST Respose 9,I am a girl who loves her morning coffe.,2.0,girl
stu_OIYXZ27717,TST Respose 4,I am the oldest sibling,12.0,neutral
stu_CWJCN88700,TST Respose 2,I am Cape Verdean,7.0,cape verdean
stu_QQAHK93946,TST Respose 6,I like cats and small dogs,24.0,positive
stu_WTRMC77187,TST Respose 15,the moon is cool,48.0,none
stu_RSKDK68207,TST Respose 8,I like to sing.,26.0,positive
stu_RSKDK68207,TST Respose 8,I like to sing.,24.0,positive
stu_KCDEU07486,TST Respose 15,I am mature,45.0,"positive, positive"
stu_BJJXN95776,TST Respose 7,I love fruit,24.0,positive
stu_SBUBU63586,TST Respose 1,i am [FIRST NAME],5.0,none
stu_NYHDW07721,TST Respose 15,Resident of [CITY],9.0,neutral
stu_GCHCS91000,TST Respose 10,i am reponsible,43.0,positive
stu_WPVZY01902,TST Respose 16,I dont like Play station,28.0,negative
stu_ECYEC76336,TST Respose 7,I am a person who loves the ocean,24.0,positive
stu_OAZKI17777,TST Respose 16,[FIRST NAME],5.0,none
stu_UEVQJ25414,TST Respose 9,i have short hair,35.0,neutral
stu_QHOON52054,TST Respose 6,I am a very nice and kind person,44.0,positive
stu_QHOON52054,TST Respose 6,I am a very nice and kind person,21.0,none
stu_ZUARE93356,TST Respose 13,My favorite season is summer,24.0,positive
stu_OAZKI17777,TST Respose 3,[LETTER OF NAME],5.0,none
stu_CNIFN64507,TST Respose 5,i like jollyranchers,24.0,positive
stu_KCDEU07486,TST Respose 13,I can be helpful,44.0,positive
stu_NWRRN03456,TST Respose 9,I would like to be in Honors for MATH at 1 and 2 period at my school.,24.0,positive
stu_NWRRN03456,TST Respose 9,I would like to be in Honors for MATH at 1 and 2 period at my school.,14.0,positive
stu_ZYUDW82089,TST Respose 1,a student,14.0,neutral
stu_VTRUH97046,TST Respose 11,I other favorite song is selfish by pnb rock.,24.0,positive
stu_TDURA35752,TST Respose 20,I am [FIRST NAME],5.0,none
stu_QOGPO20181,TST Respose 7,l'm smart,43.0,positive
stu_QOGPO20181,TST Respose 7,l'm smart,25.0,positive
stu_JTZYY08754,TST Respose 3,I like my house and my room that's who I'm,24.0,positive
stu_RNIHY62490,TST Respose 7,I am a gamer,28.0,neutral
stu_MTCIM85775,TST Respose 4,I am a brother,12.0,neutral
stu_MTCIM85775,TST Respose 4,I am a brother,2.0,boy
stu_NKHRJ04957,TST Respose 20,I dont like shurbert,24.0,negative
stu_EHXGF51692,TST Respose 7,I am smart!,43.0,positive
stu_EHXGF51692,TST Respose 7,I am smart!,25.0,positive
stu_LVOOZ80056,TST Respose 19,I was a student ambassador.,14.0,positive
stu_MIJEQ06664,TST Respose 7,I am a good kid,40.0,positive
stu_MIJEQ06664,TST Respose 7,I am a good kid,4.0,child
stu_MIJEQ06664,TST Respose 7,I am a good kid,22.0,child
stu_YGBLH44260,TST Respose 5,I am a person that finds normal math too easy a lot.,25.0,positive
stu_NKHRJ04957,TST Respose 1,Im a boy,2.0,boy
stu_UJNMI16598,TST Respose 14,Mixed,6.0,mixed
stu_PNNIR08301,TST Respose 5,I like math.,25.0,positive
stu_PNNIR08301,TST Respose 5,I like math.,24.0,positive
stu_ROULI02103,TST Respose 7,i loved to sleep,31.0,positive
stu_ROULI02103,TST Respose 7,i loved to sleep,24.0,positive
stu_FBWGP41232,TST Respose 12,I' m in 6th grade,22.0,6thgrade
stu_FBWGP41232,TST Respose 12,I' m in 6th grade,4.0,6thgrade
stu_FBWGP41232,TST Respose 12,I' m in 6th grade,14.0,neutral
stu_LDUML32113,TST Respose 15,i kinda like soccer,29.0,positive
stu_LDUML32113,TST Respose 15,i kinda like soccer,24.0,positive
stu_MIJEQ06664,TST Respose 12,I like tv,24.0,positive
stu_BDAZF88230,TST Respose 15,I am a person with two immigrant parents,12.0,neutral
stu_BDAZF88230,TST Respose 15,I am a person with two immigrant parents,7.0,immigrantparents
stu_ORUUL82324,TST Respose 7,I'm the middle child,22.0,middlechild
stu_ORUUL82324,TST Respose 7,I'm the middle child,12.0,neutral
stu_EUWJA76858,TST Respose 10,I like cheerleading.,29.0,positive
stu_EUWJA76858,TST Respose 10,I like cheerleading.,24.0,positive
stu_TFTDG28078,TST Respose 12,1/2 kids.,48.0,neutral
stu_MTCIM85775,TST Respose 14,I am acheiving,41.0,positive
stu_AQNHF52456,TST Respose 7,i wanna be an  civil engineer,13.0,neutral
stu_SBUBU63586,TST Respose 8,i am a cristgin,16.0,christian
stu_DKGHS98193,TST Respose 4,i have a boyfriend,11.0,neutral
stu_MZIVN56293,TST Respose 14,i was is marching band,26.0,neutral
stu_MKEGQ97127,TST Respose 7,I'm a student.,14.0,neutral
stu_YGBLH44260,TST Respose 6,I am somebody that loves to learn new things.,25.0,positive
stu_YGBLH44260,TST Respose 6,I am somebody that loves to learn new things.,24.0,positive
stu_EHLZF06092,TST Respose 8,I am a person with curly hair,35.0,neutral
stu_NYHDW07721,TST Respose 20,Apart of the [LAST NAME] family,12.0,neutral
stu_UEVQJ25414,TST Respose 15,i play for boxers,29.0,neutral
stu_ROULI02103,TST Respose 17,i want to be a rich person,34.0,neutral
stu_OFAWH83528,TST Respose 4,i LIKE TO WATCH YOUTUBE,27.0,positive
stu_OFAWH83528,TST Respose 4,i LIKE TO WATCH YOUTUBE,24.0,positive
stu_CNIXS57234,TST Respose 20,I like to walk my dog,31.0,positive
stu_CNIXS57234,TST Respose 20,I like to walk my dog,24.0,positive
stu_STIXI97047,TST Respose 9,I am [LAST NAME] .,5.0,none
stu_JUQPD47363,TST Respose 11,I am funny.,46.0,positive
stu_YNVPH88845,TST Respose 13,I like to collect Nike and Jordan sneakers,30.0,positive
stu_YNVPH88845,TST Respose 13,I like to collect Nike and Jordan sneakers,24.0,positive
stu_FBWGP41232,TST Respose 1,[FIRST LAST NAME],5.0,none
stu_SQLXP95993,TST Respose 20,I don't like to wake up early,31.0,negative
stu_SQLXP95993,TST Respose 20,I don't like to wake up early,24.0,negative
stu_PKXZK94759,TST Respose 13,I'm in grade 6,22.0,6thgrade
stu_PKXZK94759,TST Respose 13,I'm in grade 6,4.0,6thgrade
stu_PKXZK94759,TST Respose 13,I'm in grade 6,14.0,neutral
stu_EUIXK95276,TST Respose 8,"I'm a student at the [SCHOOL NAME], I love dancing, singing, gym class, Art class, eating food",31.0,positive
stu_EUIXK95276,TST Respose 8,"I'm a student at the [SCHOOL NAME], I love dancing, singing, gym class, Art class, eating food",14.0,neutral
stu_EUIXK95276,TST Respose 8,"I'm a student at the [SCHOOL NAME], I love dancing, singing, gym class, Art class, eating food",24.0,positive
stu_EUIXK95276,TST Respose 8,"I'm a student at the [SCHOOL NAME], I love dancing, singing, gym class, Art class, eating food",26.0,positive
stu_EUIXK95276,TST Respose 8,"I'm a student at the [SCHOOL NAME], I love dancing, singing, gym class, Art class, eating food",29.0,positive
stu_EHXGF51692,TST Respose 14,I am a bit of a trouble maker.,44.0,negative
stu_EXNUN73314,TST Respose 5,I am Christian,16.0,christian
stu_KJOZZ30475,TST Respose 1,my favorite color is pink almost everything I own is pink.,24.0,positive
stu_CHVFQ54169,TST Respose 10,love listen to music.,26.0,positive
stu_CHVFQ54169,TST Respose 10,love listen to music.,24.0,positive
stu_ZQMQQ26810,TST Respose 5,im good at math,25.0,positive
stu_PNNIR08301,TST Respose 16,I am in sixth grade.,22.0,6thgrade
stu_PNNIR08301,TST Respose 16,I am in sixth grade.,4.0,6thgrade
stu_PNNIR08301,TST Respose 16,I am in sixth grade.,14.0,neutral
stu_VUNQZ79892,TST Respose 14,im a dather,48.0,none
stu_FBWGP41232,TST Respose 8,I like to draw portraits of people,26.0,positive
stu_FBWGP41232,TST Respose 8,I like to draw portraits of people,24.0,positive
stu_OQLOS45541,TST Respose 2,I'm an artist.,26.0,neutral
stu_YPZIM54297,TST Respose 12,I am a volleyball lover,29.0,positive
stu_YPZIM54297,TST Respose 12,I am a volleyball lover,24.0,positive
stu_GCHCS91000,TST Respose 14,i am a math hater,25.0,negative
stu_UHXBA77476,TST Respose 10,I have a dog,32.0,none
stu_HMQRZ27503,TST Respose 5,I m a rude,44.0,negative
stu_UJNMI16598,TST Respose 3,Catholic,16.0,catholic
stu_SJNFF34466,TST Respose 2,doesnt play sports,29.0,negative
stu_ZUARE93356,TST Respose 17,My favorite color is black,24.0,positive
stu_HBPKA70291,TST Respose 14,love music,24.0,positive
stu_MMZHT88458,TST Respose 2,i am sleepy all the time,45.0,negative
stu_XHPVX80161,TST Respose 8,I AM HIM,48.0,none
stu_PUNZK45438,TST Respose 18,i like to party,31.0,positive
stu_PUNZK45438,TST Respose 18,i like to party,24.0,positive
stu_IGLSS89625,TST Respose 14,vf bnj,48.0,none
stu_CQRFU18177,TST Respose 1,I am a boy,2.0,boy
stu_CJHBB29429,TST Respose 15,My favorite football team is the Ravens,29.0,positive
stu_CJHBB29429,TST Respose 15,My favorite football team is the Ravens,24.0,positive
stu_NYHDW07721,TST Respose 17,12 Year Old,4.0,12
stu_NJZBY59884,TST Respose 6,i like going out,31.0,positive
stu_NJZBY59884,TST Respose 6,i like going out,24.0,positive
stu_ZARRQ26344,TST Respose 16,i like rock and pop music,24.0,positive
stu_MRIWT64391,TST Respose 14,a person who loves their science and english teachers,24.0,positive
stu_MRIWT64391,TST Respose 14,a person who loves their science and english teachers,14.0,positive
stu_WHBZD81732,TST Respose 6,i misbehave in class,14.0,negative
stu_VKCWY07846,TST Respose 6,im a diabetic,36.0,none
stu_PNNIR08301,TST Respose 13,I am a person who likes to sleep.,31.0,positive
stu_PNNIR08301,TST Respose 13,I am a person who likes to sleep.,24.0,positive
stu_CNIFN64507,TST Respose 3,I'm black,6.0,black
stu_HLKZL24322,TST Respose 8,a mathematics person,25.0,neutral
stu_MXNSF14478,TST Respose 12,I like to go outside and touch grass.,31.0,positive
stu_MXNSF14478,TST Respose 12,I like to go outside and touch grass.,24.0,positive
stu_YSQPA55709,TST Respose 16,im cruios,25.0,positive
stu_CDGKD03653,TST Respose 20,i like football,29.0,positive
stu_CDGKD03653,TST Respose 20,i like football,24.0,positive
stu_VQFBG95862,TST Respose 12,i am a chines learner,25.0,neutral
stu_GXIYC47970,TST Respose 16,i am a 8th grader,22.0,8thgrade
stu_GXIYC47970,TST Respose 16,i am a 8th grader,4.0,8thgrade
stu_GXIYC47970,TST Respose 16,i am a 8th grader,14.0,neutral
stu_UYUIH18635,TST Respose 18,i love sleeping,31.0,positive
stu_UYUIH18635,TST Respose 18,i love sleeping,24.0,positive
stu_LTSJK02079,TST Respose 20,I like chicken,24.0,positive
stu_QQMSX84242,TST Respose 9,a nerf gun expert,31.0,positive
stu_EQSJM78476,TST Respose 11,I hate multiplying,25.0,negative
stu_EQSJM78476,TST Respose 11,I hate multiplying,24.0,negative
stu_XXEBH66449,TST Respose 17,I am a student,14.0,neutral
stu_UEYTM01990,TST Respose 7,I am respectful,40.0,positive
stu_CPVXX19825,TST Respose 13,Im someone who trys hard,41.0,positive
stu_WHBZD81732,TST Respose 7,i like games,31.0,positive
stu_WHBZD81732,TST Respose 7,i like games,24.0,positive
stu_DERZZ01872,TST Respose 11,I have five pets,32.0,none
stu_ZYUDW82089,TST Respose 5,i am an only child,22.0,onlychild
stu_ZYUDW82089,TST Respose 5,i am an only child,12.0,neutral
stu_XHGVP79664,TST Respose 9,Im in tutoring,14.0,neutral
stu_OFAWH83528,TST Respose 13,i like hanging out with my friends,31.0,positive
stu_OFAWH83528,TST Respose 13,i like hanging out with my friends,10.0,positive
stu_OFAWH83528,TST Respose 13,i like hanging out with my friends,24.0,positive
stu_MMZHT88458,TST Respose 12,im quiet,44.0,neutral
stu_AQNHF52456,TST Respose 16,i am the youngest sibling,12.0,neutral
stu_FTOYB42084,TST Respose 17,im a chicken lover,24.0,positive
stu_XKMAG80800,TST Respose 8,A fortnite player,28.0,neutral
stu_BDAZF88230,TST Respose 20,I am myself,19.0,none
stu_PKXZK94759,TST Respose 15,My favorite movie is jump in,24.0,positive
stu_MIJEQ06664,TST Respose 9,I like math,25.0,positive
stu_MIJEQ06664,TST Respose 9,I like math,24.0,positive
stu_DERZZ01872,TST Respose 20,I like using pemdas in math work,25.0,positive
stu_DERZZ01872,TST Respose 20,I like using pemdas in math work,24.0,positive
stu_WRQAA62017,TST Respose 5,I like cats,24.0,positive
stu_CULOH75877,TST Respose 10,I am responsible,40.0,positive
stu_TSQUQ54202,TST Respose 15,I am Black and proud.,6.0,black
stu_ANQAT24428,TST Respose 1,somebody who likes purple,24.0,positive
stu_WTRMC77187,TST Respose 19,doing lexia was intense for doing word study,47.0,neutral
stu_KWLPL21630,TST Respose 18,I like when I drink water.,31.0,positive
stu_KWLPL21630,TST Respose 18,I like when I drink water.,24.0,positive
stu_UYUIH18635,TST Respose 13,i love my family,24.0,positive
stu_UYUIH18635,TST Respose 13,i love my family,12.0,positive
stu_WRQAA62017,TST Respose 7,I like football,29.0,positive
stu_WRQAA62017,TST Respose 7,I like football,24.0,positive
stu_UYFTQ45542,TST Respose 12,I am a 6 foot asian kid,35.0,neutral
stu_UYFTQ45542,TST Respose 12,I am a 6 foot asian kid,4.0,child
stu_UYFTQ45542,TST Respose 12,I am a 6 foot asian kid,6.0,asian
stu_RFRYE74718,TST Respose 11,I am a person who likes to run,29.0,positive
stu_RFRYE74718,TST Respose 11,I am a person who likes to run,24.0,positive
stu_XHGVP79664,TST Respose 17,My favorite animal are dogs,24.0,positive
stu_ABSGH36082,TST Respose 2,I play video games,28.0,neutral
stu_KFYJM61476,TST Respose 5,I have 10 fingers.,35.0,neutral
stu_YXBHV58732,TST Respose 19,I like to be in school,24.0,positive
stu_YXBHV58732,TST Respose 19,I like to be in school,14.0,positive
stu_LVOOZ80056,TST Respose 5,I love animals.,24.0,positive
stu_ROXAU39801,TST Respose 1,I am a 6th grader,22.0,6thgrade
stu_ROXAU39801,TST Respose 1,I am a 6th grader,4.0,6thgrade
stu_ROXAU39801,TST Respose 1,I am a 6th grader,14.0,neutral
stu_JTZYY08754,TST Respose 12,i can speak 4 languages,25.0,neutral
stu_JTZYY08754,TST Respose 12,i can speak 4 languages,22.0,multilingual
stu_JTZYY08754,TST Respose 9,i hate going out,31.0,negative
stu_JTZYY08754,TST Respose 9,i hate going out,24.0,negative
stu_VNSDU81090,TST Respose 13,i have glasses,35.0,neutral
stu_ECYEC76336,TST Respose 6,I speak another language,25.0,neutral
stu_ECYEC76336,TST Respose 6,I speak another language,22.0,bilingual
stu_CPAQO78519,TST Respose 13,I am a story lover,24.0,positive
stu_ANAWT41929,TST Respose 7,I love xbox,28.0,positive
stu_ANAWT41929,TST Respose 7,I love xbox,24.0,positive
stu_YBWGX96937,TST Respose 13,i like to see my friand,31.0,positive
stu_YBWGX96937,TST Respose 13,i like to see my friand,10.0,positive
stu_YBWGX96937,TST Respose 13,i like to see my friand,24.0,positive
stu_XHGVP79664,TST Respose 11,I have a dog,32.0,none
stu_FSPCV10901,TST Respose 4,I love math.,25.0,positive
stu_FSPCV10901,TST Respose 4,I love math.,24.0,positive
stu_DUOEM76163,TST Respose 18,I'm afraid of being buried alive,24.0,negative
stu_QQMSX84242,TST Respose 8,a soon to be saxophonist,31.0,neutral
stu_XHPVX80161,TST Respose 6,i am a fortnite sweat,28.0,positive
stu_CNIFN64507,TST Respose 20,im a black girl,6.0,black
stu_CNIFN64507,TST Respose 20,im a black girl,2.0,girl
stu_SJNFF34466,TST Respose 4,half Spainard and Cabo Verde and American,7.0,spanish/cabo verdean/american
stu_QZOUO83023,TST Respose 6,i am somewhat rude,44.0,negative
stu_QACJQ31561,TST Respose 1,i'm a student,14.0,neutral
stu_IKUOQ66846,TST Respose 9,honest,40.0,positive
stu_EHYTZ32137,TST Respose 18,i wanna travel the world,33.0,positive
stu_NZWIU92234,TST Respose 2,i am 11 years old,4.0,11
stu_OIYXZ27717,TST Respose 9,I am someone who likes to hangout with my friends,31.0,positive
stu_OIYXZ27717,TST Respose 9,I am someone who likes to hangout with my friends,10.0,positive
stu_OIYXZ27717,TST Respose 9,I am someone who likes to hangout with my friends,24.0,positive
stu_FWPPR22255,TST Respose 11,i am [FIRST NAME],5.0,none
stu_TYPZX10676,TST Respose 12,i like when they have multiple examples.,47.0,positive
stu_WDDQQ92015,TST Respose 12,i am a student,14.0,neutral
stu_PUNZK45438,TST Respose 6,I like cheese pizza,24.0,positive
stu_QCKDZ64012,TST Respose 1,Im cape verden,7.0,cape verdean
stu_DJCZE13885,TST Respose 17,I like music.,24.0,positive
stu_PSHZT50501,TST Respose 12,I am a nice person,44.0,positive
stu_PSHZT50501,TST Respose 12,I am a nice person,21.0,none
stu_QZOUO83023,TST Respose 4,my fav color is blue,24.0,positive
stu_WQGUY90279,TST Respose 16,I love being alone,45.0,positive
stu_WQGUY90279,TST Respose 16,I love being alone,24.0,positive
stu_TYPZX10676,TST Respose 20,i love to listen to my type of music.,26.0,positive
stu_TYPZX10676,TST Respose 20,i love to listen to my type of music.,24.0,positive
stu_TSQUQ54202,TST Respose 13,I speak Creole.,25.0,neutral
stu_TSQUQ54202,TST Respose 13,I speak Creole.,22.0,creolespeaker
stu_WZRKM29688,TST Respose 14,i like hazbin hotel,24.0,positive
stu_SIWRL23181,TST Respose 12,i am happy,45.0,positive
stu_UTXBZ05806,TST Respose 11,i am someone who goes out with family,31.0,neutral
stu_UTXBZ05806,TST Respose 11,i am someone who goes out with family,12.0,neutral
stu_WTRMC77187,TST Respose 7,I mostly do space games,28.0,neutral
stu_CPVXX19825,TST Respose 8,I like Nike shoes,30.0,positive
stu_CPVXX19825,TST Respose 8,I like Nike shoes,24.0,positive
stu_KOIIB68446,TST Respose 2,I am someone who likes soccer,29.0,positive
stu_KOIIB68446,TST Respose 2,I am someone who likes soccer,24.0,positive
stu_EUIXK95276,TST Respose 7,"I'm a student at the [SCHOOL NAME], I love dancing, singing, gym class, Art class, eating food",31.0,positive
stu_EUIXK95276,TST Respose 7,"I'm a student at the [SCHOOL NAME], I love dancing, singing, gym class, Art class, eating food",14.0,neutral
stu_EUIXK95276,TST Respose 7,"I'm a student at the [SCHOOL NAME], I love dancing, singing, gym class, Art class, eating food",24.0,positive
stu_EUIXK95276,TST Respose 7,"I'm a student at the [SCHOOL NAME], I love dancing, singing, gym class, Art class, eating food",26.0,positive
stu_EUIXK95276,TST Respose 7,"I'm a student at the [SCHOOL NAME], I love dancing, singing, gym class, Art class, eating food",29.0,positive
stu_QPHPK12517,TST Respose 16,best madden player,28.0,positive
stu_HEPWQ98561,TST Respose 3,"i am talented,",43.0,positive
stu_RDOVU20570,TST Respose 13,I am a kind person,44.0,positive
stu_RDOVU20570,TST Respose 13,I am a kind person,21.0,none
stu_OCRTY88035,TST Respose 13,I am someone that loves my mom,12.0,positive
stu_IGLSS89625,TST Respose 1,i like school,24.0,positive
stu_IGLSS89625,TST Respose 1,i like school,14.0,positive
stu_AHWRN95528,TST Respose 16,I am someone who likes going to the pool,31.0,positive
stu_AHWRN95528,TST Respose 16,I am someone who likes going to the pool,24.0,positive
stu_MYCLF44200,TST Respose 1,I play football.,29.0,neutral
stu_WEADW20158,TST Respose 19,i like playing roblox with my friends,27.0,positive
stu_WEADW20158,TST Respose 19,i like playing roblox with my friends,10.0,positive
stu_WEADW20158,TST Respose 19,i like playing roblox with my friends,24.0,positive
stu_FNVBP19615,TST Respose 17,I tend to get uncomfortable around certain boys at my school.,45.0,negative
stu_FNVBP19615,TST Respose 17,I tend to get uncomfortable around certain boys at my school.,14.0,negative
stu_FWPPR22255,TST Respose 10,I have parents,12.0,neutral
stu_WYTLH51489,TST Respose 3,I like to dance,26.0,positive
stu_WYTLH51489,TST Respose 3,I like to dance,24.0,positive
stu_UYUIH18635,TST Respose 4,I play an instrument,26.0,neutral
stu_HBPKA70291,TST Respose 20,pet owner,32.0,none
stu_HLKZL24322,TST Respose 4,a third oldest,12.0,neutral
stu_QOGPO20181,TST Respose 4,l'm tall,35.0,neutral
stu_QPHPK12517,TST Respose 2,male,1.0,male
stu_ZQMQQ26810,TST Respose 16,i love shoes,30.0,positive
stu_ZQMQQ26810,TST Respose 16,i love shoes,24.0,positive
stu_JUQPD47363,TST Respose 16,I am excited for summer.,47.0,positive
stu_QEGJI54214,TST Respose 6,i am a pizza lover,24.0,positive
stu_JUQPD47363,TST Respose 1,I am a 7th grade Honors student.,22.0,7thgrade
stu_JUQPD47363,TST Respose 1,I am a 7th grade Honors student.,4.0,7thgrade
stu_JUQPD47363,TST Respose 1,I am a 7th grade Honors student.,14.0,positive
stu_OAZKI17777,TST Respose 10,[LETTER OF NAME],5.0,none
stu_NRKZA72454,TST Respose 3,I am African-American.,6.0,african-american
stu_JOKOV89559,TST Respose 9,I am someone who loves taking care of little kids,44.0,positive
stu_JOKOV89559,TST Respose 9,I am someone who loves taking care of little kids,24.0,positive
stu_JOKOV89559,TST Respose 9,I am someone who loves taking care of little kids,31.0,positive
stu_EUWJA76858,TST Respose 7,I like sports.,29.0,positive
stu_EUWJA76858,TST Respose 7,I like sports.,24.0,positive
stu_QCKDZ64012,TST Respose 20,im a boy,2.0,boy
stu_BDAZF88230,TST Respose 8,I am a role model to my youngest cousins,40.0,positive
stu_BDAZF88230,TST Respose 8,I am a role model to my youngest cousins,12.0,positive
stu_DJCZE13885,TST Respose 3,I speak two languages; English and Haitian Creole.,25.0,neutral
stu_DJCZE13885,TST Respose 3,I speak two languages; English and Haitian Creole.,22.0,englishspeakerandcreolespeaker
stu_WBAVA84528,TST Respose 19,l like five guys milkshakes the oreo ones,24.0,positive
stu_IGLSS89625,TST Respose 5,i like teacher,24.0,positive
stu_IGLSS89625,TST Respose 5,i like teacher,14.0,positive
stu_SELBD60428,TST Respose 12,student,14.0,neutral
stu_UAFAK64772,TST Respose 7,nice,44.0,positive
stu_NWRRC44615,TST Respose 12,i like sleeping,31.0,positive
stu_NWRRC44615,TST Respose 12,i like sleeping,24.0,positive
stu_FNVBP19615,TST Respose 9,I am in pain most of the time. (physical),36.0,negative
stu_RDOVU20570,TST Respose 20,i am a homebody.,45.0,neutral
stu_EHYTZ32137,TST Respose 7,i'm kind,44.0,positive
stu_PSHZT50501,TST Respose 19,I enjoy watching TV,31.0,positive
stu_PSHZT50501,TST Respose 19,I enjoy watching TV,24.0,positive
stu_UEVQJ25414,TST Respose 18,im the best dressed,46.0,positive
stu_YBWGX96937,TST Respose 14,not like math,25.0,negative
stu_YBWGX96937,TST Respose 14,not like math,24.0,negative
stu_FSPCV10901,TST Respose 14,I like to go outside.,31.0,positive
stu_FSPCV10901,TST Respose 14,I like to go outside.,24.0,positive
stu_LNFOE66635,TST Respose 1,funny,46.0,positive
stu_MXNSF14478,TST Respose 15,I try my hardest,41.0,positive
stu_HVWUJ52450,TST Respose 13,i hate fish,24.0,negative
stu_EXNUN73314,TST Respose 1,I am Brazilian,7.0,brazilian
stu_MMZHT88458,TST Respose 4,i speak english,25.0,neutral
stu_MMZHT88458,TST Respose 4,i speak english,22.0,englishspeaker
stu_VTRUH97046,TST Respose 20,My favorite colors are red and black.,24.0,positive
stu_WEADW20158,TST Respose 4,i do swmming,29.0,neutral
stu_KCRZD23226,TST Respose 12,I like to know what I am doing at school,24.0,positive
stu_KCRZD23226,TST Respose 12,I like to know what I am doing at school,14.0,positive
stu_UTXBZ05806,TST Respose 8,i am someone who's birthday that is at [DATE],22.0,[birth month]
stu_DKGHS98193,TST Respose 18,i like to netflix nd chill,31.0,positive
stu_DKGHS98193,TST Respose 18,i like to netflix nd chill,24.0,positive
stu_AQNHF52456,TST Respose 19,presentable,43.0,positive
stu_CJHBB29429,TST Respose 7,i am a person that likes the NBA,24.0,positive
stu_PSHZT50501,TST Respose 17,I am a music-lover,26.0,positive
stu_PSHZT50501,TST Respose 17,I am a music-lover,24.0,positive
stu_MRIWT64391,TST Respose 5,a hyperactive kid,45.0,neutral
stu_MRIWT64391,TST Respose 5,a hyperactive kid,4.0,child
stu_MRIWT64391,TST Respose 5,a hyperactive kid,22.0,child
stu_ANQAT24428,TST Respose 5,a good friend,10.0,positive
stu_VSSOO37726,TST Respose 2,I like gym,24.0,positive
stu_VSSOO37726,TST Respose 2,I like gym,14.0,positive
stu_NJZBY59884,TST Respose 11,i like money,34.0,positive
stu_NJZBY59884,TST Respose 11,i like money,24.0,positive
stu_LJAAE92948,TST Respose 11,I like to play sports,29.0,positive
stu_LJAAE92948,TST Respose 11,I like to play sports,24.0,positive
stu_DKGHS98193,TST Respose 12,i love my old sckool,24.0,positive
stu_DKGHS98193,TST Respose 12,i love my old sckool,14.0,positive
stu_KCDEU07486,TST Respose 12,I'm sometimes friendly,44.0,positive
stu_XHGVP79664,TST Respose 2,A band student,26.0,neutral
stu_XHGVP79664,TST Respose 2,A band student,14.0,neutral
stu_OFWAG94272,TST Respose 9,I also enjoy to play video games,28.0,positive
stu_OFWAG94272,TST Respose 9,I also enjoy to play video games,24.0,positive
stu_CWJCN88700,TST Respose 18,I am learning math,25.0,neutral
stu_WZRKM29688,TST Respose 19,i like pokemon,24.0,positive
stu_UAFAK64772,TST Respose 20,Libra,22.0,libra
stu_QQAHK93946,TST Respose 17,I am accidentprone,43.0,negative
stu_RDPGG44681,TST Respose 14,I am always trying to get good grades,14.0,positive
stu_KFYJM61476,TST Respose 6,I have straight hair.,35.0,neutral
stu_WAWDW95831,TST Respose 12,I am a human.,21.0,none
stu_LTSJK02079,TST Respose 7,I am smart,43.0,positive
stu_LTSJK02079,TST Respose 7,I am smart,25.0,positive
stu_ANQAT24428,TST Respose 6,a confident person,45.0,positive
stu_ANQAT24428,TST Respose 6,a confident person,43.0,positive
stu_XSQUV53095,TST Respose 1,I AM [FIRST LAST NAME] THE CHILD OF MY FATHER AND MOTHER,12.0,neutral
stu_XSQUV53095,TST Respose 1,I AM [FIRST LAST NAME] THE CHILD OF MY FATHER AND MOTHER,5.0,none
stu_ZYUDW82089,TST Respose 15,i am a six grader,22.0,6thgrade
stu_ZYUDW82089,TST Respose 15,i am a six grader,4.0,6thgrade
stu_ZYUDW82089,TST Respose 15,i am a six grader,14.0,neutral
stu_SJNFF34466,TST Respose 6,born in America meant to be born in Spain,8.0,american
stu_EXNUN73314,TST Respose 10,I am a girl,2.0,girl
stu_IIOVZ06372,TST Respose 15,I like food,24.0,positive
stu_PKXZK94759,TST Respose 14,I love Afflicton style,24.0,positive
stu_MKEGQ97127,TST Respose 1,I'm [FIRST NAME],5.0,none
stu_ANAWT41929,TST Respose 12,My favorite movie is friday,24.0,positive
stu_SULZI60933,TST Respose 4,i like boly boll,29.0,positive
stu_SULZI60933,TST Respose 4,i like boly boll,24.0,positive
stu_RDOVU20570,TST Respose 6,I am a dancer,26.0,neutral
stu_NJZBY59884,TST Respose 9,i like ELA,25.0,positive
stu_NJZBY59884,TST Respose 9,i like ELA,24.0,positive
stu_SAOLH99639,TST Respose 15,im cool,46.0,positive
stu_TDURA35752,TST Respose 17,I like gaming,28.0,positive
stu_TDURA35752,TST Respose 17,I like gaming,24.0,positive
stu_NWVEW24693,TST Respose 7,i love amazon,24.0,positive
stu_QCKDZ64012,TST Respose 10,i love fries,24.0,positive
stu_MXNSB23169,TST Respose 13,I play fortnite.,28.0,neutral
stu_HMQRZ27503,TST Respose 14,I am from hati,7.0,haitian
stu_GXIYC47970,TST Respose 19,i am a chines food lover,24.0,positive
stu_HBPKA70291,TST Respose 16,love my mom,12.0,positive
stu_GCHCS91000,TST Respose 17,i am a cool peronn and im a dinasour,48.0,none
stu_GCHCS91000,TST Respose 17,i am a cool peronn and im a dinasour,21.0,none
stu_GCHCS91000,TST Respose 17,i am a cool peronn and im a dinasour,46.0,positive
stu_JOVOI38701,TST Respose 17,I am someone who likes cheesecake.,24.0,positive
stu_RUBQU39803,TST Respose 8,i am a feem for roblox,28.0,positive
stu_PFDTL78462,TST Respose 2,I don't really like math.,25.0,negative
stu_PFDTL78462,TST Respose 2,I don't really like math.,24.0,negative
stu_XXEBH66449,TST Respose 1,I am a student,14.0,neutral
stu_LTSJK02079,TST Respose 10,I like games,31.0,positive
stu_LTSJK02079,TST Respose 10,I like games,24.0,positive
stu_OCRTY88035,TST Respose 1,I am someone how likes track.,29.0,positive
stu_OCRTY88035,TST Respose 1,I am someone how likes track.,24.0,positive
stu_KWMWG76590,TST Respose 20,and i make everyone feel nice inside,44.0,positive
stu_MYCLF44200,TST Respose 15,I believe duke dennis was born when abraham lincon died.,48.0,none
stu_MMNSJ38829,TST Respose 5,I like to sleep.,31.0,positive
stu_MMNSJ38829,TST Respose 5,I like to sleep.,24.0,positive
stu_HMQRZ27503,TST Respose 17,I am friendly,44.0,positive
stu_CULOH75877,TST Respose 7,I am nice,44.0,positive
stu_ROXAU39801,TST Respose 20,I am cool,46.0,positive
stu_QHOON52054,TST Respose 8,I am good at school academics,14.0,positive
stu_JOVOI38701,TST Respose 5,I am someone who likes summer.,24.0,positive
stu_LVOOZ80056,TST Respose 14,I am a runner.,29.0,neutral
stu_FQEST23326,TST Respose 12,a aunties girl,12.0,neutral
stu_FQEST23326,TST Respose 12,a aunties girl,2.0,girl
stu_HXXCS05602,TST Respose 11,i'm brave,41.0,positive
stu_RSKDK68207,TST Respose 7,I like drawing.,26.0,positive
stu_RSKDK68207,TST Respose 7,I like drawing.,24.0,positive
stu_TYPZX10676,TST Respose 6,"I like when they tell me the quantity of time i was in it,",47.0,positive
stu_TYPZX10676,TST Respose 6,"I like when they tell me the quantity of time i was in it,",24.0,positive
stu_KFYJM61476,TST Respose 9,I like to wear leggings.,30.0,positive
stu_KFYJM61476,TST Respose 9,I like to wear leggings.,24.0,positive
stu_SJXEZ38047,TST Respose 3,I wanna do track,29.0,neutral
stu_YSQPA55709,TST Respose 8,im a male,1.0,male
stu_QCKDZ64012,TST Respose 9,i love mac n cheese,24.0,positive
stu_RSKDK68207,TST Respose 20,I love my African family.,24.0,positive
stu_RSKDK68207,TST Respose 20,I love my African family.,12.0,positive
stu_NJZBY59884,TST Respose 18,i want to go back to new york,33.0,none
stu_CPVXX19825,TST Respose 15,I play football for [SCHOOL],29.0,neutral
stu_FQEST23326,TST Respose 18,I love my parents,24.0,positive
stu_FQEST23326,TST Respose 18,I love my parents,12.0,positive
stu_WBAVA84528,TST Respose 5,i like Popsicles,24.0,positive
stu_GXMFA19655,TST Respose 12,i am an artist,26.0,neutral
stu_NWVEW24693,TST Respose 9,im shy,44.0,neutral
stu_ROXAU39801,TST Respose 4,I am a son,12.0,neutral
stu_ROXAU39801,TST Respose 4,I am a son,2.0,boy
stu_DERZZ01872,TST Respose 16,I like anything math related,25.0,positive
stu_DERZZ01872,TST Respose 16,I like anything math related,24.0,positive
stu_XCKNQ66212,TST Respose 20,im the youngest child,22.0,youngestchild
stu_XCKNQ66212,TST Respose 20,im the youngest child,12.0,neutral
stu_SELBD60428,TST Respose 14,student,14.0,neutral
stu_FHADA27602,TST Respose 16,i speak cape verdan creole.,25.0,neutral
stu_FHADA27602,TST Respose 16,i speak cape verdan creole.,22.0,capeverdeancreolespeaker
stu_CWJCN88700,TST Respose 6,Im black,6.0,black
stu_PNNIR08301,TST Respose 17,I am a strait A student,14.0,positive
stu_WXAMH04104,TST Respose 9,i like math,25.0,positive
stu_WXAMH04104,TST Respose 9,i like math,24.0,positive
stu_VENGZ10475,TST Respose 18,Lazy,41.0,negative
stu_PNNIR08301,TST Respose 19,I make money.,34.0,positive
stu_PNNIR08301,TST Respose 19,I make money.,13.0,positive
stu_SELBD60428,TST Respose 4,[FIRST LAST NAME],5.0,none
stu_SJXEZ38047,TST Respose 8,I like to swim,29.0,positive
stu_SJXEZ38047,TST Respose 8,I like to swim,24.0,positive
stu_IDHIE84911,TST Respose 3,am smart,43.0,positive
stu_IDHIE84911,TST Respose 3,am smart,25.0,positive
stu_QPHPK12517,TST Respose 15,best 2k player,28.0,positive
stu_PFDTL78462,TST Respose 9,"I am from a huge family, on both sides.",12.0,neutral
stu_CDGKD03653,TST Respose 7,i love my mom,24.0,positive
stu_CDGKD03653,TST Respose 7,i love my mom,12.0,positive
stu_OQLOS45541,TST Respose 11,I'm from an immigrant family.,12.0,neutral
stu_OQLOS45541,TST Respose 11,I'm from an immigrant family.,7.0,immigrant
stu_FASQN45304,TST Respose 20,I am someone who is kind.,44.0,positive
stu_KOUYR40301,TST Respose 16,i like takis,24.0,positive
stu_WEADW20158,TST Respose 5,i have 1 cat,32.0,none
stu_UJNMI16598,TST Respose 18,Sisters sister,12.0,neutral
stu_UJNMI16598,TST Respose 18,Sisters sister,2.0,girl
stu_EXNUN73314,TST Respose 7,I am a writer,25.0,neutral
stu_DUOEM76163,TST Respose 2,my favorite subject is math,14.0,positive
stu_FWPPR22255,TST Respose 14,I like tv,24.0,positive
stu_TRKWP48352,TST Respose 5,I am a person who likes to where crocs,30.0,positive
stu_TRKWP48352,TST Respose 5,I am a person who likes to where crocs,24.0,positive
stu_CWJCN88700,TST Respose 15,I am a student,14.0,neutral
stu_QQAHK93946,TST Respose 13,I like spicy food,24.0,positive
stu_ANQAT24428,TST Respose 15,my birthday is [DATE],22.0,[birth month]
stu_RUBQU39803,TST Respose 10,i am balck,6.0,black
stu_PSHZT50501,TST Respose 2,I am a man,2.0,man
stu_WEADW20158,TST Respose 6,i like playing games,31.0,positive
stu_WEADW20158,TST Respose 6,i like playing games,24.0,positive
stu_KOIIB68446,TST Respose 9,I like funky socks....,30.0,positive
stu_KOIIB68446,TST Respose 9,I like funky socks....,24.0,positive
stu_VNSDU81090,TST Respose 6,im Ecuadorian,7.0,ecuadorian
stu_FWPPR22255,TST Respose 15,I am [FIRST NAME],5.0,none
stu_QQMSX84242,TST Respose 2,a band kid,26.0,neutral
stu_QQMSX84242,TST Respose 2,a band kid,4.0,child
stu_QQMSX84242,TST Respose 2,a band kid,22.0,bandkid
stu_VGJIS59600,TST Respose 14,I am a Hufflepuff,21.0,hufflepuff
stu_ZARRQ26344,TST Respose 20,im the worst sister ever,12.0,negative
stu_ZARRQ26344,TST Respose 20,im the worst sister ever,2.0,girl
stu_YPZIM54297,TST Respose 2,I am the middle child,22.0,middlechild
stu_YPZIM54297,TST Respose 2,I am the middle child,12.0,neutral
stu_VKCWY07846,TST Respose 18,im 4'11,35.0,neutral
stu_JPMJO86637,TST Respose 17,i like Haitian Stew Chicken.,24.0,positive
stu_NKHRJ04957,TST Respose 11,I dont like ice cream,24.0,negative
stu_IGWBR81023,TST Respose 1,i am a girl,2.0,girl
stu_MYCLF44200,TST Respose 16,I want to go d1.,13.0,positive
stu_CPAQO78519,TST Respose 8,I am someone who loves the Country Brazil,24.0,positive
stu_WCANG48942,TST Respose 12,I wish they didn't give us school on friday.,14.0,negative
stu_KCRZD23226,TST Respose 17,I love baby dog,24.0,positive
stu_UYUIH18635,TST Respose 7,Im in the Art Club,26.0,neutral
stu_JOVOI38701,TST Respose 14,I am someone who likes dogs .,24.0,positive
stu_CETOG17008,TST Respose 5,hungry man,47.0,neutral
stu_CETOG17008,TST Respose 5,hungry man,2.0,boy
stu_NWVEW24693,TST Respose 17,my birth day is [DATE],22.0,[birth month]
stu_YSQPA55709,TST Respose 7,im a mess person,43.0,negative
stu_UYFTQ45542,TST Respose 3,I am a athlete,29.0,neutral
stu_MIJEQ06664,TST Respose 11,I like to have fun,31.0,positive
stu_MIJEQ06664,TST Respose 11,I like to have fun,24.0,positive
stu_VKCWY07846,TST Respose 13,i like music,24.0,positive
stu_MRIWT64391,TST Respose 11,a brother,12.0,neutral
stu_MRIWT64391,TST Respose 11,a brother,2.0,boy
stu_PUNZK45438,TST Respose 1,I like soccer,29.0,positive
stu_PUNZK45438,TST Respose 1,I like soccer,24.0,positive
stu_QOGPO20181,TST Respose 16,My favorite color is Pink,24.0,positive
stu_PXDPN73068,TST Respose 11,I'm a genius,43.0,positive
stu_PXDPN73068,TST Respose 11,I'm a genius,25.0,positive
stu_HLKZL24322,TST Respose 5,a gamer,28.0,neutral
stu_SELBD60428,TST Respose 19,student,14.0,neutral
stu_JTZYY08754,TST Respose 5,They get on my last nerves,48.0,none
stu_UEDQL23543,TST Respose 6,nice,44.0,positive
stu_WWNBY52737,TST Respose 19,I am the funniest person I know.,46.0,positive
stu_CQRFU18177,TST Respose 17,I don't like school,14.0,negative
stu_IDHIE84911,TST Respose 17,i like pizza,24.0,positive
stu_WAFQN21754,TST Respose 20,I am strong,35.0,positive
stu_MRIWT64391,TST Respose 19,I am an adventoures person,45.0,positive
stu_RNIHY62490,TST Respose 3,I am an athlete,29.0,neutral
stu_TFTDG28078,TST Respose 17,a baker,31.0,neutral
stu_FNVBP19615,TST Respose 7,I also enjoy english class. (sometimes),14.0,positive
stu_FQEST23326,TST Respose 16,a friend,10.0,neutral
stu_GXMFA19655,TST Respose 5,i am a good cook,43.0,positive
stu_HXXCS05602,TST Respose 8,i'm loving,44.0,positive
stu_IZQGI75719,TST Respose 20,i like my school,14.0,positive
stu_FASQN45304,TST Respose 2,I am a sister.,12.0,neutral
stu_FASQN45304,TST Respose 2,I am a sister.,2.0,girl
stu_LKAAV41369,TST Respose 15,I like gym,24.0,positive
stu_LKAAV41369,TST Respose 15,I like gym,14.0,positive
stu_XCKNQ66212,TST Respose 11,i'm darkskin,6.0,dark skin
stu_PXDPN73068,TST Respose 14,I used to have a Ipad,32.0,none
stu_MXNSF14478,TST Respose 6,I'm SouthEastern Asian,6.0,southeastern asian
stu_SULZI60933,TST Respose 7,i like Mathia,24.0,positive
stu_SULZI60933,TST Respose 7,i like Mathia,14.0,positive
stu_AHWRN95528,TST Respose 9,I am someone who likes my friends,24.0,positive
stu_AHWRN95528,TST Respose 9,I am someone who likes my friends,10.0,positive
stu_CPBCK00658,TST Respose 4,I like boys,3.0,likes boys
stu_MTCIM85775,TST Respose 3,Creative,43.0,positive
stu_ZARRQ26344,TST Respose 10,I like to stake football more than hockey,29.0,positive
stu_ZARRQ26344,TST Respose 10,I like to stake football more than hockey,24.0,positive
stu_KOUYR40301,TST Respose 11,i'm Portuguese and Cape Verdean,7.0,portuguese and cape verdean
stu_SJXEZ38047,TST Respose 17,I love chocolate n ice cream,24.0,positive
stu_WWNBY52737,TST Respose 14,I am someone's best friend.,10.0,positive
stu_CTAZU65504,TST Respose 15,I am easily annoyed,45.0,negative
stu_WAFQN21754,TST Respose 14,I am creative,43.0,positive
stu_BJJXN95776,TST Respose 20,I want to be a senior software enginer,13.0,positive
stu_YPZIM54297,TST Respose 20,i am a mamas girl,12.0,neutral
stu_YPZIM54297,TST Respose 20,i am a mamas girl,2.0,girl
stu_MKGYA55892,TST Respose 10,who is nice,44.0,positive
stu_JOKOV89559,TST Respose 8,I am someone who loves math,25.0,positive
stu_JOKOV89559,TST Respose 8,I am someone who loves math,24.0,positive
stu_NWVEW24693,TST Respose 15,i love seafood,24.0,positive
stu_OFWAG94272,TST Respose 7,I enjoy listening to music,26.0,positive
stu_OFWAG94272,TST Respose 7,I enjoy listening to music,24.0,positive
stu_NKHRJ04957,TST Respose 16,I like mango,24.0,positive
stu_WRQAA62017,TST Respose 4,I am kind,44.0,positive
stu_LNFOE66635,TST Respose 10,im outside most of the day,31.0,neutral
stu_PNNIR08301,TST Respose 12,I like games.,31.0,positive
stu_PNNIR08301,TST Respose 12,I like games.,24.0,positive
stu_TYPZX10676,TST Respose 17,i love watching movie.,31.0,positive
stu_TYPZX10676,TST Respose 17,i love watching movie.,24.0,positive
stu_ZUARE93356,TST Respose 7,I play basketball,29.0,neutral
stu_FUILC09238,TST Respose 5,i'm from benin,7.0,beninese
stu_LVOOZ80056,TST Respose 16,I am a cousion.,12.0,neutral
stu_FNVBP19615,TST Respose 13,I like pasta.,24.0,positive
stu_EXNUN73314,TST Respose 15,I am a Gemini,22.0,gemini
stu_NWRRN03456,TST Respose 6,I would like to get award for completing all MATH Stream assignments.,47.0,positive
stu_NWRRN03456,TST Respose 6,I would like to get award for completing all MATH Stream assignments.,24.0,positive
stu_PYEUW09959,TST Respose 2,I am kind,44.0,positive
stu_WAFQN21754,TST Respose 6,I am a dog owner,32.0,none
stu_QEGJI54214,TST Respose 7,i am a dog lover,24.0,positive
stu_FBWGP41232,TST Respose 10,I have brown eyes,35.0,neutral
stu_RSKDK68207,TST Respose 17,I like to make up languages.,25.0,positive
stu_RSKDK68207,TST Respose 17,I like to make up languages.,24.0,positive
stu_IKUOQ66846,TST Respose 16,I like go to the gym to lift weight,29.0,positive
stu_IKUOQ66846,TST Respose 16,I like go to the gym to lift weight,24.0,positive
stu_MZIVN56293,TST Respose 2,i am in a band,26.0,neutral
stu_CPVXX19825,TST Respose 17,I like the Boston Celtics,24.0,positive
stu_JTZYY08754,TST Respose 13,I love go out to eat but only when I'm going out to eat nothing else,31.0,positive
stu_JTZYY08754,TST Respose 13,I love go out to eat but only when I'm going out to eat nothing else,24.0,positive
stu_CTAZU65504,TST Respose 18,I like taking naps,31.0,positive
stu_CTAZU65504,TST Respose 18,I like taking naps,24.0,positive
stu_VTRUH97046,TST Respose 8,I love listening to music when im down.,26.0,positive
stu_VTRUH97046,TST Respose 8,I love listening to music when im down.,24.0,positive
stu_DKGHS98193,TST Respose 14,i like tyo play w makeup,30.0,positive
stu_DKGHS98193,TST Respose 14,i like tyo play w makeup,24.0,positive
stu_MXNSF14478,TST Respose 17,I love dodgeball.,29.0,positive
stu_MXNSF14478,TST Respose 17,I love dodgeball.,24.0,positive
stu_LNFOE66635,TST Respose 5,good student,14.0,positive
stu_ROXAU39801,TST Respose 17,I am a pikmin fan,28.0,positive
stu_ROXAU39801,TST Respose 17,I am a pikmin fan,24.0,positive
stu_GCHCS91000,TST Respose 20,im a dad,12.0,neutral
stu_ABSGH36082,TST Respose 6,I LOVE DOGS,24.0,positive
stu_FNVBP19615,TST Respose 20,I dont know,20.0,none
stu_JOKOV89559,TST Respose 1,I am someone who is nice,44.0,positive
stu_TSQUQ54202,TST Respose 3,I am considerate.,44.0,positive
stu_YPZIM54297,TST Respose 13,I am a chearleader on summer,29.0,neutral
stu_SQLXP95993,TST Respose 5,I am not a morning person,21.0,not a morning person
stu_LTSJK02079,TST Respose 1,Im 11 years old,4.0,11
stu_JOVOI38701,TST Respose 11,I am someone who likes Boston Celtics,29.0,positive
stu_JOVOI38701,TST Respose 11,I am someone who likes Boston Celtics,24.0,positive
stu_OMSFY97090,TST Respose 8,im a students,14.0,neutral
stu_OMSFY97090,TST Respose 6,im a students,14.0,neutral
stu_WQGUY90279,TST Respose 10,I like taking to my friends,31.0,positive
stu_WQGUY90279,TST Respose 10,I like taking to my friends,10.0,positive
stu_WQGUY90279,TST Respose 10,I like taking to my friends,24.0,positive
stu_RDOVU20570,TST Respose 15,I am a wing stop lover,24.0,positive
stu_SJXEZ38047,TST Respose 6,I'm from Cape Verde,7.0,cape verdean
stu_QFXDD68186,TST Respose 17,i like to travel,31.0,positive
stu_QFXDD68186,TST Respose 17,i like to travel,24.0,positive
stu_PXDPN73068,TST Respose 5,I am a boy,2.0,boy
stu_EHYTZ32137,TST Respose 5,I don't like people,45.0,negative
stu_OAZKI17777,TST Respose 1,A human,21.0,none
stu_WYTLH51489,TST Respose 18,I like my sisters,12.0,positive
stu_WDDQQ92015,TST Respose 2,i am a student,14.0,neutral
stu_NYHDW07721,TST Respose 8,Niece of [FIRST LAST NAME],12.0,neutral
stu_NYHDW07721,TST Respose 8,Niece of [FIRST LAST NAME],2.0,girl
stu_QCKDZ64012,TST Respose 13,i love my mom,24.0,positive
stu_QCKDZ64012,TST Respose 13,i love my mom,12.0,positive
stu_OFWAG94272,TST Respose 2,A honest person,40.0,positive
stu_CLLRZ76280,TST Respose 10,I like watching boxing and basketball,29.0,positive
stu_CLLRZ76280,TST Respose 10,I like watching boxing and basketball,24.0,positive
stu_UYFTQ45542,TST Respose 8,I am a person who prefers basketball over soccer,29.0,neutral
stu_SULZI60933,TST Respose 9,my fav color is black,24.0,positive
stu_QQAHK93946,TST Respose 14,I like listening to horror storys,31.0,positive
stu_QQAHK93946,TST Respose 14,I like listening to horror storys,24.0,positive
stu_ERQCY81201,TST Respose 12,I am a girl that loves the color blue.,24.0,positive
stu_ERQCY81201,TST Respose 12,I am a girl that loves the color blue.,2.0,girl
stu_RFRYE74718,TST Respose 1,I am an 11-year-old girl.,4.0,11
stu_RFRYE74718,TST Respose 1,I am an 11-year-old girl.,2.0,girl
stu_ECYEC76336,TST Respose 1,I am asian american,6.0,asian
stu_FASQN45304,TST Respose 11,I am someone who likes to spend time with my family.,31.0,positive
stu_FASQN45304,TST Respose 11,I am someone who likes to spend time with my family.,12.0,positive
stu_FASQN45304,TST Respose 11,I am someone who likes to spend time with my family.,24.0,positive
stu_PFDTL78462,TST Respose 15,"My favorite cousin is my little cousin [FIRST NAME], I call him money.",12.0,positive
stu_AHWRN95528,TST Respose 10,I am someone who loves sprite,24.0,positive
stu_AQNHF52456,TST Respose 8,straight A student,14.0,positive
stu_LJAAE92948,TST Respose 13,I like writing,25.0,positive
stu_LJAAE92948,TST Respose 13,I like writing,24.0,positive
stu_RUZUK44953,TST Respose 5,I am a person who likes science,25.0,positive
stu_RUZUK44953,TST Respose 5,I am a person who likes science,24.0,positive
stu_FHADA27602,TST Respose 17,i have no pets.,32.0,negative
stu_WXAMH04104,TST Respose 5,i am cape verdean,7.0,cape verdean
stu_CPBCK00658,TST Respose 8,I like to gossip with my friend,31.0,positive
stu_CPBCK00658,TST Respose 8,I like to gossip with my friend,10.0,positive
stu_CPBCK00658,TST Respose 8,I like to gossip with my friend,24.0,positive
stu_ABSGH36082,TST Respose 17,I know how to play basket ball,43.0,positive
stu_ABSGH36082,TST Respose 17,I know how to play basket ball,29.0,neutral
stu_WHBZD81732,TST Respose 2,i dont like school,14.0,negative
stu_XKMAG80800,TST Respose 6,Christian,16.0,christian
stu_PUNZK45438,TST Respose 10,i was born in cabo verde,7.0,cape verdean
stu_TRKWP48352,TST Respose 2,I am the oldest of 2 children,22.0,oldestchild
stu_TRKWP48352,TST Respose 2,I am the oldest of 2 children,12.0,neutral
stu_XCKNQ66212,TST Respose 5,i'm smart,43.0,positive
stu_XCKNQ66212,TST Respose 5,i'm smart,25.0,positive
stu_ZUARE93356,TST Respose 19,I have two siblings,12.0,neutral
stu_QZOUO83023,TST Respose 19,i love my frends,24.0,positive
stu_QZOUO83023,TST Respose 19,i love my frends,10.0,positive
stu_ZUARE93356,TST Respose 12,My birthday is in June,22.0,june birthday
stu_NWVEW24693,TST Respose 10,i want to be at home,47.0,neutral
stu_ANAWT41929,TST Respose 10,I love english,25.0,positive
stu_ANAWT41929,TST Respose 10,I love english,24.0,positive
stu_CDGKD03653,TST Respose 9,i am a sweat at fortnite,28.0,positive
stu_LKAAV41369,TST Respose 3,my favorite subjects are math and science,14.0,positive
stu_YXJEP22115,TST Respose 11,I am a defensive basketball player,29.0,neutral
stu_RFRYE74718,TST Respose 14,I am a kind person.,44.0,positive
stu_RFRYE74718,TST Respose 14,I am a kind person.,21.0,none
stu_OFWAG94272,TST Respose 3,A calm leader,46.0,positive
stu_OFWAG94272,TST Respose 3,A calm leader,43.0,positive
stu_OFWAG94272,TST Respose 3,A calm leader,45.0,positive
stu_OQLOS45541,TST Respose 15,I'm a fighter for my rights.,41.0,positive
stu_ANAWT41929,TST Respose 17,Another favorite game i like is call of duty,28.0,positive
stu_ANAWT41929,TST Respose 17,Another favorite game i like is call of duty,24.0,positive
stu_NWRRN03456,TST Respose 13,I need a phone.,33.0,none
stu_QQAHK93946,TST Respose 2,I am vietnamese and chinese,7.0,vietnamese and chinese
stu_OQLOS45541,TST Respose 17,I'm a pet owner.,32.0,none
stu_FWPPR22255,TST Respose 6,i ma,48.0,none
stu_VUNQZ79892,TST Respose 13,im a good person,40.0,positive
stu_OIYXZ27717,TST Respose 10,I am someone who likes cape verde,24.0,positive
stu_UYUIH18635,TST Respose 20,i like going out,31.0,positive
stu_UYUIH18635,TST Respose 20,i like going out,24.0,positive
stu_HXXCS05602,TST Respose 9,i'm black,6.0,black
stu_PFDTL78462,TST Respose 12,I like money.,34.0,positive
stu_PFDTL78462,TST Respose 12,I like money.,24.0,positive
stu_AHWRN95528,TST Respose 7,I am someone who likes to go to waterparks,31.0,positive
stu_AHWRN95528,TST Respose 7,I am someone who likes to go to waterparks,24.0,positive
stu_SOWGI28002,TST Respose 20,I am someone who loves shoes,30.0,positive
stu_SOWGI28002,TST Respose 20,I am someone who loves shoes,24.0,positive
stu_KWMWG76590,TST Respose 15,i like learning new things,25.0,positive
stu_KWMWG76590,TST Respose 15,i like learning new things,24.0,positive
stu_ECYEC76336,TST Respose 4,I am a volleyball player,29.0,neutral
stu_OQLOS45541,TST Respose 16,I'm a woman.,2.0,woman
stu_PSHZT50501,TST Respose 3,I am a very smart student,43.0,positive
stu_PSHZT50501,TST Respose 3,I am a very smart student,14.0,positive
stu_PSHZT50501,TST Respose 3,I am a very smart student,25.0,positive
stu_GCHCS91000,TST Respose 12,i am a cousin,12.0,neutral
stu_WZRKM29688,TST Respose 8,i like joe bartalozzi,24.0,positive
stu_VNSDU81090,TST Respose 2,im 12 years old,4.0,12
stu_FBWGP41232,TST Respose 17,Im mixed ( Puerto rican & black),6.0,mixed (puerto rican & black)
stu_MYCLF44200,TST Respose 18,I like wingstop.,24.0,positive
stu_FTOYB42084,TST Respose 7,im nice,44.0,positive
stu_JOKOV89559,TST Respose 14,I am someone who loves eating my moms cooking,31.0,positive
stu_JOKOV89559,TST Respose 14,I am someone who loves eating my moms cooking,12.0,positive
stu_JOKOV89559,TST Respose 14,I am someone who loves eating my moms cooking,24.0,positive
stu_HEPWQ98561,TST Respose 13,i like acrylics,30.0,positive
stu_HEPWQ98561,TST Respose 13,i like acrylics,24.0,positive
stu_LKAAV41369,TST Respose 12,My favorite food is alfredo,24.0,positive
stu_YNVPH88845,TST Respose 5,I love shrimp Alfredo,24.0,positive
stu_WRQAA62017,TST Respose 18,I have blond hair,35.0,neutral
stu_IKUOQ66846,TST Respose 5,smart,43.0,positive
stu_IKUOQ66846,TST Respose 5,smart,25.0,positive
stu_NMWSA27732,TST Respose 13,I'm the favorite child,12.0,positive
stu_KWMWG76590,TST Respose 6,i wish i was smart,43.0,positive
stu_KWMWG76590,TST Respose 6,i wish i was smart,25.0,positive
stu_FVHVM49769,TST Respose 19,i have a bape hoodie,32.0,none
stu_QCKDZ64012,TST Respose 2,i like food,24.0,positive
stu_ZYUDW82089,TST Respose 13,i am someone who does not want to do this,47.0,negative
stu_FQKSK24193,TST Respose 19,i like movies,24.0,positive
stu_TSQUQ54202,TST Respose 1,I am a student.,14.0,neutral
stu_AQNHF52456,TST Respose 9,"5,10",35.0,neutral
stu_ROXAU39801,TST Respose 16,I am a good person,40.0,positive
stu_KCRZD23226,TST Respose 1,I like school,24.0,positive
stu_KCRZD23226,TST Respose 1,I like school,14.0,positive
stu_FNVBP19615,TST Respose 3,Others say i have a very uniquie personality.,46.0,positive
stu_ZYUDW82089,TST Respose 16,i am in middle schools,14.0,neutral
stu_SAOLH99639,TST Respose 14,im nice,44.0,positive
stu_WBAVA84528,TST Respose 3,i like cookies,24.0,positive
stu_JTZYY08754,TST Respose 2,I have A's but not in math that can show you that I don't like math,25.0,negative
stu_JTZYY08754,TST Respose 2,I have A's but not in math that can show you that I don't like math,14.0,positive
stu_KCDEU07486,TST Respose 3,I have blonde hair,35.0,neutral
stu_AHWRN95528,TST Respose 2,I am someone who likes basketball,29.0,positive
stu_AHWRN95528,TST Respose 2,I am someone who likes basketball,24.0,positive
stu_FPTDO32773,TST Respose 7,a band kid,26.0,neutral
stu_FPTDO32773,TST Respose 7,a band kid,4.0,child
stu_FPTDO32773,TST Respose 7,a band kid,22.0,bandkid
stu_STIXI97047,TST Respose 8,I am [FIRST NAME].,5.0,none
stu_VENGZ10475,TST Respose 20,Seeks education,25.0,positive
stu_CJHBB29429,TST Respose 4,I am a person that likes to travel the world,31.0,positive
stu_CJHBB29429,TST Respose 4,I am a person that likes to travel the world,24.0,positive
stu_QOGPO20181,TST Respose 13,l'm from cape verde,7.0,cape verdean
stu_RDOVU20570,TST Respose 10,I am a person who likes to swim,29.0,positive
stu_RDOVU20570,TST Respose 10,I am a person who likes to swim,24.0,positive
stu_OIYXZ27717,TST Respose 19,I am someone who is a good friend,10.0,positive
stu_NMWSA27732,TST Respose 8,my favorite subject is math,14.0,positive
stu_OFWAG94272,TST Respose 12,I'm 6ft,35.0,neutral
stu_XXEBH66449,TST Respose 16,I am a student,14.0,neutral
stu_XKMAG80800,TST Respose 3,An 11 year old child,22.0,child
stu_XKMAG80800,TST Respose 3,An 11 year old child,4.0,11
stu_CDGKD03653,TST Respose 14,i love my nike tech,30.0,positive
stu_CDGKD03653,TST Respose 14,i love my nike tech,24.0,positive
stu_OQLOS45541,TST Respose 7,I'm great with kids.,44.0,positive
stu_ABSGH36082,TST Respose 16,My favorite soccer player is messi,24.0,positive
stu_SAOLH99639,TST Respose 9,a male,1.0,male
stu_NWRRC44615,TST Respose 17,i like games,31.0,positive
stu_NWRRC44615,TST Respose 17,i like games,24.0,positive
stu_MMZHT88458,TST Respose 11,i love being comfy,24.0,positive
stu_DJCZE13885,TST Respose 19,I dislike rude people.,44.0,negative
stu_DJCZE13885,TST Respose 19,I dislike rude people.,24.0,negative
stu_CLLRZ76280,TST Respose 5,My favorite subject is P.E,14.0,positive
stu_EXNUN73314,TST Respose 3,I am short,35.0,neutral
stu_FBOFA96484,TST Respose 5,i am a great person,40.0,positive
stu_CNIXS57234,TST Respose 8,I video games,28.0,neutral
stu_TRKWP48352,TST Respose 20,I like wendy's,24.0,positive
stu_UYFTQ45542,TST Respose 18,I am a person who shows respect,40.0,positive
stu_IZQGI75719,TST Respose 17,i like school,24.0,positive
stu_IZQGI75719,TST Respose 17,i like school,14.0,positive
stu_ROXAU39801,TST Respose 19,I am 12,4.0,12
stu_JVLXZ63894,TST Respose 20,classmate,14.0,neutral
stu_YXJEP22115,TST Respose 9,I am confident,45.0,positive
stu_YXJEP22115,TST Respose 9,I am confident,43.0,positive
stu_WEADW20158,TST Respose 11,i like playing with my little brother,31.0,positive
stu_WEADW20158,TST Respose 11,i like playing with my little brother,12.0,positive
stu_WEADW20158,TST Respose 11,i like playing with my little brother,24.0,positive
stu_KFYJM61476,TST Respose 8,My favorite ice cream is cotton candy.,24.0,positive
stu_TDURA35752,TST Respose 10,I am funny,46.0,positive
stu_PYEUW09959,TST Respose 18,I like to push myself,41.0,positive
stu_FWPPR22255,TST Respose 1,I am a good students,14.0,positive
stu_UEVQJ25414,TST Respose 19,im nonchalent,44.0,neutral
stu_CJHBB29429,TST Respose 10,My favorite color is blue,24.0,positive
stu_OCRTY88035,TST Respose 9,I am someone how loves apples.,24.0,positive
stu_VSSOO37726,TST Respose 15,I like yelling,31.0,positive
stu_VSSOO37726,TST Respose 15,I like yelling,24.0,positive
stu_AHWRN95528,TST Respose 13,I am someone who wants to speak Spanish and chinsese,25.0,neutral
stu_CQRFU18177,TST Respose 12,I don't like waking up early,31.0,negative
stu_CQRFU18177,TST Respose 12,I don't like waking up early,24.0,negative
stu_EJIML93711,TST Respose 10,I don't like division,25.0,negative
stu_EJIML93711,TST Respose 10,I don't like division,24.0,negative
stu_HBPKA70291,TST Respose 7,i have braids,35.0,neutral
stu_EUWJA76858,TST Respose 6,I like school.,24.0,positive
stu_EUWJA76858,TST Respose 6,I like school.,14.0,positive
stu_SQLXP95993,TST Respose 19,My favorite teachers of all time is my 5th grade 4th and 3rd,24.0,positive
stu_SQLXP95993,TST Respose 19,My favorite teachers of all time is my 5th grade 4th and 3rd,14.0,positive
stu_VUNQZ79892,TST Respose 1,[FIRST LAST NAME],5.0,none
stu_IGLSS89625,TST Respose 19,cfrvgbthyju,48.0,none
stu_YSQPA55709,TST Respose 12,im german,7.0,german
stu_CWQDV67579,TST Respose 13,i like shoes,30.0,positive
stu_CWQDV67579,TST Respose 13,i like shoes,24.0,positive
stu_SELBD60428,TST Respose 7,[FIRST LAST NAME],5.0,none
stu_WYTLH51489,TST Respose 12,I like cleaning,31.0,positive
stu_WYTLH51489,TST Respose 12,I like cleaning,24.0,positive
stu_GCHCS91000,TST Respose 5,I am a math learner,25.0,neutral
stu_EHLZF06092,TST Respose 7,I am a person who loves food.,24.0,positive
stu_IIOVZ06372,TST Respose 11,I like traveling,31.0,positive
stu_IIOVZ06372,TST Respose 11,I like traveling,24.0,positive
stu_ANAWT41929,TST Respose 11,I have 2 sister and 1 brother,12.0,neutral
stu_DUOEM76163,TST Respose 8,i have 2 brothers,12.0,neutral
stu_ZQMQQ26810,TST Respose 4,i dislike homework,14.0,negative
stu_EUWJA76858,TST Respose 2,I am a Student.,14.0,neutral
stu_MKGYA55892,TST Respose 12,who used to live in ecuaodor,7.0,lived in ecuador
stu_MZIVN56293,TST Respose 10,i am a peroson,21.0,none
stu_TFTDG28078,TST Respose 16,cook (practically Gordan Ramsey),31.0,positive
stu_SQLXP95993,TST Respose 9,My favorite is social studies,14.0,positive
stu_EQSJM78476,TST Respose 5,i am in honors ela,14.0,positive
stu_FBOFA96484,TST Respose 1,I am a brother,12.0,neutral
stu_FBOFA96484,TST Respose 1,I am a brother,2.0,boy
stu_OFWAG94272,TST Respose 13,I play soccer,29.0,neutral
stu_RFRYE74718,TST Respose 13,I am a leader,46.0,positive
stu_RFRYE74718,TST Respose 13,I am a leader,43.0,positive
stu_QQMSX84242,TST Respose 6,a student,14.0,neutral
stu_WWNBY52737,TST Respose 8,"I am 5'1"".",35.0,neutral
stu_VSSOO37726,TST Respose 16,I like my group in english,24.0,positive
stu_VSSOO37726,TST Respose 16,I like my group in english,14.0,positive
stu_DZJHT48666,TST Respose 1,A girl,2.0,girl
stu_KCRZD23226,TST Respose 4,I speak french,25.0,neutral
stu_KCRZD23226,TST Respose 4,I speak french,22.0,frenchspeaker
stu_DUOEM76163,TST Respose 7,My favorite number is 5,24.0,positive
stu_ZARRQ26344,TST Respose 19,im more of a pedro pascal fan,24.0,positive
stu_MZIVN56293,TST Respose 15,im in a jazz band,26.0,neutral
stu_SIWRL23181,TST Respose 3,i am kind,44.0,positive
stu_PXDPN73068,TST Respose 7,I'm Hatian,7.0,haitian
stu_XXEBH66449,TST Respose 4,I am a person who likes to sleep,31.0,positive
stu_XXEBH66449,TST Respose 4,I am a person who likes to sleep,24.0,positive
stu_FPTDO32773,TST Respose 12,a cousin,12.0,neutral
stu_UAFAK64772,TST Respose 6,dancer,26.0,neutral
stu_EXNUN73314,TST Respose 6,I am a math lover,25.0,positive
stu_EXNUN73314,TST Respose 6,I am a math lover,24.0,positive
stu_VENGZ10475,TST Respose 3,A smart teen,43.0,positive
stu_VENGZ10475,TST Respose 3,A smart teen,4.0,teen
stu_VENGZ10475,TST Respose 3,A smart teen,22.0,teen
stu_VENGZ10475,TST Respose 3,A smart teen,25.0,positive
stu_TRKWP48352,TST Respose 9,I am a person who like to play basketball,29.0,positive
stu_TRKWP48352,TST Respose 9,I am a person who like to play basketball,24.0,positive
stu_CPAQO78519,TST Respose 14,I am someone who likes to meet new people,44.0,positive
stu_CPAQO78519,TST Respose 14,I am someone who likes to meet new people,24.0,positive
stu_CHVFQ54169,TST Respose 4,I Have to sister.,12.0,neutral
stu_WAFQN21754,TST Respose 9,I am awesome,43.0,positive
stu_SBUBU63586,TST Respose 2,i am i kid,22.0,child
stu_SBUBU63586,TST Respose 2,i am i kid,4.0,child
stu_PUNZK45438,TST Respose 14,i am a son,12.0,neutral
stu_PUNZK45438,TST Respose 14,i am a son,2.0,boy
stu_PYEUW09959,TST Respose 19,Im an 8th grader,22.0,8thgrade
stu_PYEUW09959,TST Respose 19,Im an 8th grader,4.0,8thgrade
stu_PYEUW09959,TST Respose 19,Im an 8th grader,14.0,neutral
stu_OFWAG94272,TST Respose 15,I'm very tired,47.0,negative
stu_LKAAV41369,TST Respose 11,I like going outside,31.0,positive
stu_LKAAV41369,TST Respose 11,I like going outside,24.0,positive
stu_IIOVZ06372,TST Respose 10,I like christmas,24.0,positive
stu_KFYJM61476,TST Respose 13,I like to go outside.,31.0,positive
stu_KFYJM61476,TST Respose 13,I like to go outside.,24.0,positive
stu_PJCOJ15115,TST Respose 17,I am athletic,29.0,neutral
stu_QQMSX84242,TST Respose 19,a class clown,44.0,neutral
stu_QQMSX84242,TST Respose 19,a class clown,22.0,classclown
stu_QPHPK12517,TST Respose 6,im an basketball player,29.0,neutral
stu_JVLXZ63894,TST Respose 10,[TEACHER] student,14.0,neutral
stu_TSQUQ54202,TST Respose 4,I try my best.,41.0,positive
stu_LJAAE92948,TST Respose 14,I like music,24.0,positive
stu_WPVZY01902,TST Respose 5,i like hoodies,30.0,positive
stu_WPVZY01902,TST Respose 5,i like hoodies,24.0,positive
stu_NZWIU92234,TST Respose 11,My mom taught me how to cook.,31.0,nuetral
stu_NZWIU92234,TST Respose 11,My mom taught me how to cook.,12.0,neutral
stu_CDGKD03653,TST Respose 11,i like a girl in this school,14.0,positive
stu_CDGKD03653,TST Respose 11,i like a girl in this school,11.0,likesagirl
stu_NZWIU92234,TST Respose 1,i am female,1.0,female
stu_TDURA35752,TST Respose 16,I like spicy food,24.0,positive
stu_YNVPH88845,TST Respose 10,I love the show the Rookie,24.0,positive
stu_WHBZD81732,TST Respose 10,yes,48.0,none
stu_HMQRZ27503,TST Respose 13,I learned my five one,48.0,neutral
stu_NXWSI70882,TST Respose 8,A person who gets addicted to fun side activities in a learning game.,45.0,nuetral
stu_NXWSI70882,TST Respose 8,A person who gets addicted to fun side activities in a learning game.,25.0,neutral
stu_CWQDV67579,TST Respose 17,I like roblox,27.0,positive
stu_CWQDV67579,TST Respose 17,I like roblox,24.0,positive
stu_KWMWG76590,TST Respose 11,i like watching  movies,31.0,positive
stu_KWMWG76590,TST Respose 11,i like watching  movies,24.0,positive
stu_EHLZF06092,TST Respose 2,I am a bundle joy,45.0,positive
stu_VNSDU81090,TST Respose 15,i have 1 brother,12.0,neutral
stu_QQAHK93946,TST Respose 16,I want to travel to Japan when I am older,33.0,none
stu_IDHIE84911,TST Respose 18,and ilove haiti foude,24.0,positive
stu_JERPG96865,TST Respose 7,i like small games you can just take a break on,31.0,positive
stu_JERPG96865,TST Respose 7,i like small games you can just take a break on,24.0,positive
stu_MYCLF44200,TST Respose 9,I like coryxkenshin.,27.0,positive
stu_MYCLF44200,TST Respose 9,I like coryxkenshin.,24.0,positive
stu_WRQAA62017,TST Respose 11,I am friendly,44.0,positive
stu_JVLXZ63894,TST Respose 19,student,14.0,neutral
stu_QQAHK93946,TST Respose 15,I love my family,24.0,positive
stu_QQAHK93946,TST Respose 15,I love my family,12.0,positive
stu_EJIML93711,TST Respose 12,I like roblox,27.0,positive
stu_EJIML93711,TST Respose 12,I like roblox,24.0,positive
stu_BCRYB29652,TST Respose 19,I like shorts,30.0,positive
stu_BCRYB29652,TST Respose 19,I like shorts,24.0,positive
stu_LKAAV41369,TST Respose 14,i like music,24.0,positive
stu_CPBCK00658,TST Respose 17,I like light skin people,24.0,positive
stu_NJZBY59884,TST Respose 10,i like hanging out wit family and friends,31.0,positive
stu_NJZBY59884,TST Respose 10,i like hanging out wit family and friends,10.0,positive
stu_NJZBY59884,TST Respose 10,i like hanging out wit family and friends,12.0,positive
stu_NJZBY59884,TST Respose 10,i like hanging out wit family and friends,24.0,positive
stu_CAGAM03126,TST Respose 2,I am a person who loves to read.,25.0,positive
stu_CAGAM03126,TST Respose 2,I am a person who loves to read.,24.0,positive
stu_VGJIS59600,TST Respose 15,I like Marigold and roses,24.0,positive
stu_CNIFN64507,TST Respose 14,im britsh,7.0,british
stu_XKMAG80800,TST Respose 2,Artist,26.0,neutral
stu_UYFTQ45542,TST Respose 6,I am a potential body builder,29.0,neutral
stu_OIYXZ27717,TST Respose 6,I am someone who likes ice cream,24.0,positive
stu_FHADA27602,TST Respose 15,i am cape verdan.,7.0,cape verdean
stu_PJCOJ15115,TST Respose 8,I am the oldest sibling,12.0,neutral
stu_PYEUW09959,TST Respose 9,my favorite food is crab rangoon,24.0,positive
stu_VUNQZ79892,TST Respose 4,im a catlover,24.0,positive
stu_YBWGX96937,TST Respose 6,i not like SCIENCE,25.0,negative
stu_YBWGX96937,TST Respose 6,i not like SCIENCE,24.0,negative
stu_JVLXZ63894,TST Respose 9,[TEACHER] student,14.0,neutral
stu_JUQPD47363,TST Respose 3,I am a finalist in eventing on horses.,29.0,positive
stu_CPAQO78519,TST Respose 17,I am someone who is kind,44.0,positive
stu_FVHVM49769,TST Respose 1,Im a brother,12.0,neutral
stu_FVHVM49769,TST Respose 1,Im a brother,2.0,boy
stu_XXEBH66449,TST Respose 8,I am a student,14.0,neutral
stu_KCDEU07486,TST Respose 4,I love track,29.0,positive
stu_KCDEU07486,TST Respose 4,I love track,24.0,positive
stu_WPVZY01902,TST Respose 12,I like walk cat,31.0,positive
stu_WPVZY01902,TST Respose 12,I like walk cat,24.0,positive
stu_JVLXZ63894,TST Respose 3,science student,14.0,neutral
stu_MZIVN56293,TST Respose 20,i am light skin,6.0,light skin
stu_CINVJ49388,TST Respose 9,tom clancy rainbow six siege player,28.0,neutral
stu_CLLRZ76280,TST Respose 16,My favorite food is corn,24.0,positive
stu_FNVBP19615,TST Respose 18,I like to party.,31.0,positive
stu_FNVBP19615,TST Respose 18,I like to party.,24.0,positive
stu_HXXCS05602,TST Respose 17,i'm kind,44.0,positive
stu_PXDPN73068,TST Respose 10,I practice basketball,29.0,neutral
stu_FBWGP41232,TST Respose 4,l' m a student at [SCHOOL NAME],14.0,neutral
stu_RUBQU39803,TST Respose 1,I am an 11 year old girl,4.0,11
stu_RUBQU39803,TST Respose 1,I am an 11 year old girl,2.0,girl
stu_WHBZD81732,TST Respose 18,yes i like gym,24.0,positive
stu_WHBZD81732,TST Respose 18,yes i like gym,14.0,positive
stu_ZYUDW82089,TST Respose 12,i like chicken,24.0,positive
stu_EQSJM78476,TST Respose 20,i know how to drive,43.0,positive
stu_EQSJM78476,TST Respose 20,i know how to drive,31.0,neutral
stu_PJCOJ15115,TST Respose 5,I am loyal,44.0,positive
stu_XSQUV53095,TST Respose 11,I AM [FIRST NAME] A BAKER,31.0,neutral
stu_XSQUV53095,TST Respose 11,I AM [FIRST NAME] A BAKER,5.0,neutral
stu_CPBCK00658,TST Respose 7,I like to play,31.0,positive
stu_CPBCK00658,TST Respose 7,I like to play,24.0,positive
stu_ROXAU39801,TST Respose 18,I am a boy,2.0,boy
stu_CWJCN88700,TST Respose 4,I am in love with chinese food,24.0,positive
stu_WHBZD81732,TST Respose 11,blue,48.0,neutral
stu_LVOOZ80056,TST Respose 15,I am a sister.,12.0,neutral
stu_LVOOZ80056,TST Respose 15,I am a sister.,2.0,girl
stu_LJAAE92948,TST Respose 4,I'm an athlete,29.0,neutral
stu_OFWAG94272,TST Respose 14,I dislike football,29.0,negative
stu_OFWAG94272,TST Respose 14,I dislike football,24.0,negative
stu_CTAZU65504,TST Respose 20,I am shy,44.0,neutral
stu_PKXZK94759,TST Respose 8,I love my hair,35.0,positive
stu_NWRRC44615,TST Respose 8,my favorite color is blue and pearl white,24.0,positive
stu_TSQUQ54202,TST Respose 20,I am who I am.,19.0,none
stu_SQLXP95993,TST Respose 2,I'm from Cabo Verde,7.0,cape verdean
stu_FNVBP19615,TST Respose 16,I dont like being a bother.,12.0,negative
stu_RUZUK44953,TST Respose 3,I am a person who is good at math,25.0,positive
stu_UEDQL23543,TST Respose 11,like kids,24.0,positive
stu_NMWSA27732,TST Respose 19,I'm white,6.0,white
stu_NJZBY59884,TST Respose 4,"i have black,brown hair",35.0,neutral
stu_LKAAV41369,TST Respose 6,I love water,24.0,positive
stu_CPBCK00658,TST Respose 12,I like to put gloss on my lips,30.0,positive
stu_CPBCK00658,TST Respose 12,I like to put gloss on my lips,24.0,positive
stu_HLKZL24322,TST Respose 9,a swimmer,29.0,neutral
stu_NZWIU92234,TST Respose 12,I have good grades,14.0,positive
stu_FSPCV10901,TST Respose 2,I am a 11 year old girl.,4.0,11
stu_FSPCV10901,TST Respose 2,I am a 11 year old girl.,2.0,girl
stu_CULOH75877,TST Respose 8,I am helpful,44.0,positive
stu_FQKSK24193,TST Respose 13,my favorite year was 2016 summer,24.0,positive
stu_FTOYB42084,TST Respose 20,im a funny person,46.0,positive
stu_FTOYB42084,TST Respose 20,im a funny person,21.0,none
stu_KJOZZ30475,TST Respose 10,I speak Portuguese.,25.0,neutral
stu_KJOZZ30475,TST Respose 10,I speak Portuguese.,22.0,speaksportuguese
stu_IKUOQ66846,TST Respose 8,I'm straight A student,14.0,positive
stu_QFXDD68186,TST Respose 13,I like too do my hair,30.0,positive
stu_QFXDD68186,TST Respose 13,I like too do my hair,24.0,positive
stu_QEGJI54214,TST Respose 3,i am a chicken lover,24.0,positive
stu_CNIXS57234,TST Respose 11,I don't like test,24.0,negative
stu_CNIXS57234,TST Respose 11,I don't like test,14.0,negative
stu_CDGKD03653,TST Respose 15,i have a nike tech,32.0,none
stu_AQNHF52456,TST Respose 4,business owner,13.0,neutral
stu_UEYTM01990,TST Respose 12,I play softball,29.0,neutral
stu_GXIYC47970,TST Respose 6,i am ecuadorian,7.0,ecuadorian
stu_CQRFU18177,TST Respose 7,I'm a nice person,44.0,positive
stu_CQRFU18177,TST Respose 7,I'm a nice person,21.0,none
stu_XKMAG80800,TST Respose 18,Trump supporter.,15.0,trump supporter
stu_FTOYB42084,TST Respose 8,im a sports lover,29.0,positive
stu_FTOYB42084,TST Respose 8,im a sports lover,24.0,positive
stu_WHBZD81732,TST Respose 1,i dont like math,25.0,negative
stu_WHBZD81732,TST Respose 1,i dont like math,24.0,negative
stu_OAZKI17777,TST Respose 6,[LETTER OF NAME],5.0,none
stu_KCDEU07486,TST Respose 1,I am a girl,2.0,girl
stu_HLKZL24322,TST Respose 7,a soccer player,29.0,neutral
stu_QACJQ31561,TST Respose 4,i like volleyball,29.0,positive
stu_QACJQ31561,TST Respose 4,i like volleyball,24.0,positive
stu_ZUARE93356,TST Respose 5,My favorite subject in school is math,14.0,positive
stu_QFXDD68186,TST Respose 9,I dont like math,25.0,negative
stu_QFXDD68186,TST Respose 9,I dont like math,24.0,negative
stu_YXJEP22115,TST Respose 18,I am short,35.0,neutral
stu_CPAQO78519,TST Respose 6,I am someone that learn quick,43.0,positive
stu_LJAAE92948,TST Respose 6,I play soccer,29.0,neutral
stu_CPAQO78519,TST Respose 2,I am a person who loves baby blue,24.0,positive
stu_MMNSJ38829,TST Respose 20,I don't like school.,14.0,negative
stu_ZYUDW82089,TST Respose 19,i am a [SCHOOL NAME MASCOT],14.0,neutral
stu_KWLPL21630,TST Respose 9,I like to sleep.,31.0,positive
stu_KWLPL21630,TST Respose 9,I like to sleep.,24.0,positive
stu_NZWIU92234,TST Respose 18,I babysit my neice's,31.0,neutral
stu_NZWIU92234,TST Respose 18,I babysit my neice's,12.0,neutral
stu_MMZHT88458,TST Respose 10,i love drawing,26.0,positive
stu_MMZHT88458,TST Respose 10,i love drawing,24.0,positive
stu_AQNHF52456,TST Respose 11,kind,44.0,positive
stu_BESSB35006,TST Respose 18,my skin color is brown,6.0,brown
stu_CDXSC86692,TST Respose 12,I am the person that likes to go to places,31.0,positive
stu_CDXSC86692,TST Respose 12,I am the person that likes to go to places,24.0,positive
stu_IZQGI75719,TST Respose 5,i like volleyball,29.0,positive
stu_IZQGI75719,TST Respose 5,i like volleyball,24.0,positive
stu_YPZIM54297,TST Respose 7,I am a independent child,41.0,positive
stu_YPZIM54297,TST Respose 7,I am a independent child,12.0,positive
stu_EUWJA76858,TST Respose 15,I like doing my nails.,30.0,positive
stu_EUWJA76858,TST Respose 15,I like doing my nails.,24.0,positive
stu_QQAHK93946,TST Respose 11,I have 3 sisters and 1 brother,12.0,neutral
stu_CDGKD03653,TST Respose 3,i am african,7.0,african
stu_ROXAU39801,TST Respose 10,I am honors academy student,14.0,positive
stu_EHXGF51692,TST Respose 13,I am [FIRST LAST NAME],5.0,none
stu_BDAZF88230,TST Respose 17,I am a person who loves cooking,31.0,positive
stu_BDAZF88230,TST Respose 17,I am a person who loves cooking,24.0,positive
stu_YSQPA55709,TST Respose 6,im a gamer,28.0,neutral
stu_NWVEW24693,TST Respose 1,Girl,2.0,girl
stu_IGWBR81023,TST Respose 13,im going to bahams in may,31.0,neutral
stu_CWJCN88700,TST Respose 17,I am the middle child on my dad side,22.0,middlechild
stu_CWJCN88700,TST Respose 17,I am the middle child on my dad side,12.0,neutral
stu_ZYUDW82089,TST Respose 7,someone who needs glasses,35.0,neutral
stu_WRQAA62017,TST Respose 8,Im smart,43.0,positive
stu_WRQAA62017,TST Respose 8,Im smart,25.0,positive
stu_JTZYY08754,TST Respose 20,"I like art, music, food, reading books, and I love an hate Math",31.0,positive
stu_JTZYY08754,TST Respose 20,"I like art, music, food, reading books, and I love an hate Math",24.0,positive
stu_JTZYY08754,TST Respose 20,"I like art, music, food, reading books, and I love an hate Math",25.0,positive
stu_JTZYY08754,TST Respose 20,"I like art, music, food, reading books, and I love an hate Math",26.0,positive
stu_CULOH75877,TST Respose 12,I play volleyball,29.0,neutral
stu_AHWRN95528,TST Respose 8,I am someone who loves my parents,24.0,positive
stu_AHWRN95528,TST Respose 8,I am someone who loves my parents,12.0,positive
stu_LNFOE66635,TST Respose 17,im good looking,35.0,positive
stu_FTOYB42084,TST Respose 13,im a clean person,44.0,positive
stu_HBPKA70291,TST Respose 3,funny,46.0,positive
stu_IZQGI75719,TST Respose 8,i have no pets,32.0,negative
stu_ZUARE93356,TST Respose 18,I want a pet dog,33.0,none
stu_MXNSF14478,TST Respose 10,"I have bad hearing and always say ""huh""",44.0,negative
stu_PSHZT50501,TST Respose 15,I am a person who enjoys making art,26.0,positive
stu_PSHZT50501,TST Respose 15,I am a person who enjoys making art,24.0,positive
stu_WQGUY90279,TST Respose 18,I'm good at math,25.0,positive
stu_FSPCV10901,TST Respose 5,I am in the Honors Academy.,14.0,positive
stu_GXIYC47970,TST Respose 4,I am someone who likes to eat chiken,31.0,positive
stu_GXIYC47970,TST Respose 4,I am someone who likes to eat chiken,24.0,positive
stu_JUQPD47363,TST Respose 6,I am the oldest child.,22.0,oldestchild
stu_JUQPD47363,TST Respose 6,I am the oldest child.,12.0,neutral
stu_WXAMH04104,TST Respose 18,my favorite subject is math,14.0,positive
stu_UJNMI16598,TST Respose 13,Tall,35.0,neutral
stu_TSQUQ54202,TST Respose 6,I am [FIRST NAME].,5.0,none
stu_LVOOZ80056,TST Respose 20,I am smart.,43.0,positive
stu_LVOOZ80056,TST Respose 20,I am smart.,25.0,positive
stu_ERQCY81201,TST Respose 11,I am a girl who doesnt like math but understands and somewhat good at it.,25.0,neutral
stu_ERQCY81201,TST Respose 11,I am a girl who doesnt like math but understands and somewhat good at it.,2.0,girl
stu_THKBG93560,TST Respose 10,I'm one of 10 kids in my family,12.0,neutral
stu_OMSFY97090,TST Respose 10,im a students,14.0,neutral
stu_NRKZA72454,TST Respose 10,I am a introvert.,44.0,neutral
stu_LDUML32113,TST Respose 14,i like basketball,29.0,positive
stu_LDUML32113,TST Respose 14,i like basketball,24.0,positive
stu_NKHRJ04957,TST Respose 18,I almost like starawberry,24.0,positive
stu_QFXDD68186,TST Respose 5,I'm [FIRST NAME].,5.0,none
stu_UEDQL23543,TST Respose 3,female,1.0,female
stu_GCHCS91000,TST Respose 7,i am a fortnite player,28.0,neutral
stu_HVWUJ52450,TST Respose 16,i like snapchat,24.0,positive
stu_KCRZD23226,TST Respose 20,I from Haiti,7.0,haitian
stu_FPTDO32773,TST Respose 10,Black,6.0,black
stu_CWJCN88700,TST Respose 19,I am obsessed with bracelets,30.0,positive
stu_CPVXX19825,TST Respose 19,I like to go to the beach,31.0,positive
stu_CPVXX19825,TST Respose 19,I like to go to the beach,24.0,positive
stu_MKGYA55892,TST Respose 7,music,48.0,none
stu_KCDEU07486,TST Respose 10,I am a sibling,12.0,neutral
stu_FUILC09238,TST Respose 7,i play sports,29.0,neutral
stu_UTXBZ05806,TST Respose 10,i am someone who likes cars,24.0,positive
stu_FPTDO32773,TST Respose 2,Sister,12.0,neutral
stu_FPTDO32773,TST Respose 2,Sister,2.0,girl
stu_ANQAT24428,TST Respose 19,i like to go to the park,31.0,positive
stu_ANQAT24428,TST Respose 19,i like to go to the park,24.0,positive
stu_FPTDO32773,TST Respose 1,Daughter,12.0,neutral
stu_FPTDO32773,TST Respose 1,Daughter,2.0,girl
stu_ABSGH36082,TST Respose 11,My favorite color is red,24.0,positive
stu_XHGVP79664,TST Respose 1,A girl,2.0,girl
stu_FPTDO32773,TST Respose 8,Trinidadian,7.0,trinidadian
stu_LDUML32113,TST Respose 10,i play dark souls games (a lot),28.0,neutral
stu_ANAWT41929,TST Respose 6,I love shoes,30.0,positive
stu_ANAWT41929,TST Respose 6,I love shoes,24.0,positive
stu_CETOG17008,TST Respose 19,scholar,25.0,positive
stu_KOUYR40301,TST Respose 13,I absolutely love Wingstop,24.0,positive
stu_DZJHT48666,TST Respose 18,I want more friends,33.0,neutral
stu_DZJHT48666,TST Respose 18,I want more friends,10.0,neutral
stu_DHTXQ91573,TST Respose 8,I am a students from 6 grades,22.0,6thgrade
stu_DHTXQ91573,TST Respose 8,I am a students from 6 grades,4.0,6thgrade
stu_DHTXQ91573,TST Respose 8,I am a students from 6 grades,14.0,neutral
stu_VGJIS59600,TST Respose 5,I love macarons and lasagna,24.0,positive
stu_FUILC09238,TST Respose 12,i don't like science,25.0,negative
stu_FUILC09238,TST Respose 12,i don't like science,24.0,negative
stu_NMWSA27732,TST Respose 15,I like dogs,24.0,positive
stu_WXAMH04104,TST Respose 19,my second favorite color is blue,24.0,positive
stu_QACJQ31561,TST Respose 5,my fav animal is a cat,24.0,positive
stu_XSQUV53095,TST Respose 14,I AM [FIRST NAME] A MUSIC LOVER,26.0,positive
stu_XSQUV53095,TST Respose 14,I AM [FIRST NAME] A MUSIC LOVER,5.0,none
stu_XSQUV53095,TST Respose 14,I AM [FIRST NAME] A MUSIC LOVER,24.0,positive
stu_KJOZZ30475,TST Respose 11,I'm not athletic,29.0,negative
stu_PSHPN85751,TST Respose 2,i like science,25.0,positive
stu_PSHPN85751,TST Respose 2,i like science,24.0,positive
stu_CINVJ49388,TST Respose 2,caring,45.0,positive
stu_JPMJO86637,TST Respose 8,i'm stylish,46.0,positive
stu_THKBG93560,TST Respose 7,I'm a Video gamer,28.0,neutral
stu_NKHRJ04957,TST Respose 15,I like chicken,24.0,positive
stu_QFXDD68186,TST Respose 19,I like to get things,32.0,positive
stu_QFXDD68186,TST Respose 19,I like to get things,24.0,positive
stu_ZYUDW82089,TST Respose 8,a Pakistani American,6.0,pakistani
stu_QOGPO20181,TST Respose 2,l'm 12 years old,4.0,12
stu_JPMJO86637,TST Respose 10,i'm a tik Toker,27.0,neutral
stu_PUNZK45438,TST Respose 2,i play football,29.0,neutral
stu_CPAQO78519,TST Respose 7,I am someone who loves shopping,30.0,positive
stu_CPAQO78519,TST Respose 7,I am someone who loves shopping,24.0,positive
stu_UHXBA77476,TST Respose 2,I am a 6th grade student,22.0,6thgrade
stu_UHXBA77476,TST Respose 2,I am a 6th grade student,4.0,6thgrade
stu_UHXBA77476,TST Respose 2,I am a 6th grade student,14.0,neutral
stu_PUHUL75671,TST Respose 1,student,14.0,neutral
stu_NYHDW07721,TST Respose 18,Lauryn Hill fan,26.0,positive
stu_NYHDW07721,TST Respose 18,Lauryn Hill fan,24.0,positive
stu_NRKZA72454,TST Respose 17,I love water.,24.0,positive
stu_NXWSI70882,TST Respose 12,A [DISTRICT NAME] student,14.0,neutral
stu_WQGUY90279,TST Respose 14,I hate reading,25.0,negative
stu_WQGUY90279,TST Respose 14,I hate reading,24.0,negative
stu_QOGPO20181,TST Respose 8,l help people with work,44.0,positive
stu_QOGPO20181,TST Respose 8,l help people with work,41.0,positive
stu_NWRRC44615,TST Respose 7,im brazilan and cape verdean,7.0,brazilian and cape verdean
stu_PKXZK94759,TST Respose 20,I love skincare,30.0,positive
stu_PKXZK94759,TST Respose 20,I love skincare,24.0,positive
stu_HVWUJ52450,TST Respose 12,i like numbers,24.0,positive
stu_VSSOO37726,TST Respose 6,I like all the people at my school,14.0,positive
stu_BDAZF88230,TST Respose 13,I am a person who takes accountability for their actions,41.0,positive
stu_VGJIS59600,TST Respose 2,My first languages are french and haitian creole,25.0,neutral
stu_VGJIS59600,TST Respose 2,My first languages are french and haitian creole,22.0,multilingual
stu_UYUIH18635,TST Respose 5,I like shopping,30.0,positive
stu_UYUIH18635,TST Respose 5,I like shopping,24.0,positive
stu_KWMWG76590,TST Respose 14,i help my mom with stuff,31.0,nuetral
stu_KWMWG76590,TST Respose 14,i help my mom with stuff,12.0,neutral
stu_THKBG93560,TST Respose 1,I'm a 11-year-old male,4.0,11
stu_THKBG93560,TST Respose 1,I'm a 11-year-old male,1.0,male
stu_NZWIU92234,TST Respose 6,i like watching ginny&gerioga on netflix,31.0,positive
stu_NZWIU92234,TST Respose 6,i like watching ginny&gerioga on netflix,24.0,positive
stu_NWRRN03456,TST Respose 14,"I speak four languages such as French, Haitian creole, English and Spanish.",25.0,neutral
stu_NWRRN03456,TST Respose 14,"I speak four languages such as French, Haitian creole, English and Spanish.",22.0,multilingual
stu_AHWRN95528,TST Respose 18,I am someone who likes talking,44.0,positive
stu_AHWRN95528,TST Respose 18,I am someone who likes talking,24.0,positive
stu_ORUUL82324,TST Respose 16,I don't like exercise,29.0,negative
stu_ORUUL82324,TST Respose 16,I don't like exercise,24.0,negative
stu_RNIHY62490,TST Respose 20,I have 6 shoes,32.0,none
stu_JTZYY08754,TST Respose 8,I hate games,31.0,negative
stu_JTZYY08754,TST Respose 8,I hate games,24.0,negative
stu_MIJEQ06664,TST Respose 10,I like to eat,31.0,positive
stu_MIJEQ06664,TST Respose 10,I like to eat,24.0,positive
stu_EUWJA76858,TST Respose 12,I like soccer.,29.0,positive
stu_EUWJA76858,TST Respose 12,I like soccer.,24.0,positive
stu_HMQRZ27503,TST Respose 18,I am a sigma,43.0,positive
stu_UJNMI16598,TST Respose 17,Brothers sister,12.0,neutral
stu_UJNMI16598,TST Respose 17,Brothers sister,2.0,girl
stu_MTCIM85775,TST Respose 7,I am an honors academy student,14.0,positive
stu_UEYTM01990,TST Respose 4,Math is my favorite,14.0,positive
stu_RNIHY62490,TST Respose 13,I am an honors student,14.0,positive
stu_UEVQJ25414,TST Respose 4,a entrupreuner,13.0,neutral
stu_NKHRJ04957,TST Respose 2,Im a 6th grade student,22.0,6thgrade
stu_NKHRJ04957,TST Respose 2,Im a 6th grade student,4.0,6thgrade
stu_NKHRJ04957,TST Respose 2,Im a 6th grade student,14.0,neutral
stu_ZQMQQ26810,TST Respose 3,i hate school,24.0,negative
stu_ZQMQQ26810,TST Respose 3,i hate school,14.0,negative
stu_MZIVN56293,TST Respose 12,i play alto sax,26.0,neutral
stu_CWJCN88700,TST Respose 12,"I am 5,2",35.0,neutral
stu_FPTDO32773,TST Respose 6,6th grader,22.0,6thgrade
stu_FPTDO32773,TST Respose 6,6th grader,4.0,6thgrade
stu_FPTDO32773,TST Respose 6,6th grader,14.0,neutral
stu_PUNZK45438,TST Respose 3,I like basketball player,29.0,positive
stu_PUNZK45438,TST Respose 3,I like basketball player,24.0,positive
stu_KGOWI06896,TST Respose 12,I like to play sports,29.0,positive
stu_KGOWI06896,TST Respose 12,I like to play sports,24.0,positive
stu_JOKOV89559,TST Respose 4,I am someone who is a sister,12.0,neutral
stu_JOKOV89559,TST Respose 4,I am someone who is a sister,2.0,girl
stu_ZUARE93356,TST Respose 3,I like Haitian rice,24.0,positive
stu_RSKDK68207,TST Respose 11,I love to make lists about special events.,31.0,positive
stu_RSKDK68207,TST Respose 11,I love to make lists about special events.,24.0,positive
stu_UEYTM01990,TST Respose 2,I play volleyball,29.0,neutral
stu_UEVQJ25414,TST Respose 12,i play ball,29.0,neutral
stu_SELBD60428,TST Respose 9,[FIRST LAST NAME],5.0,none
stu_DKGHS98193,TST Respose 7,im dominican and venezuelan,7.0,dominican and venezuelan
stu_TFTDG28078,TST Respose 15,traveler,31.0,neutral
stu_CWQDV67579,TST Respose 7,I am good at math,25.0,positive
stu_MXNSF14478,TST Respose 8,I have good friends,10.0,positive
stu_WDDQQ92015,TST Respose 14,i am a student,14.0,neutral
stu_CPVXX19825,TST Respose 2,I play football,29.0,neutral
stu_SOWGI28002,TST Respose 12,I am someone who loves to travel,31.0,positive
stu_SOWGI28002,TST Respose 12,I am someone who loves to travel,24.0,positive
stu_CPVXX19825,TST Respose 4,I am a [SCHOOL NAME] student,14.0,neutral
stu_TDURA35752,TST Respose 5,I am a cat owner,32.0,none
stu_SAOLH99639,TST Respose 1,a little boy,22.0,child
stu_SAOLH99639,TST Respose 1,a little boy,2.0,boy
stu_EXNUN73314,TST Respose 19,I am scared of horror movies,45.0,negative
stu_EHLZF06092,TST Respose 19,I love Bryson Tiller,24.0,positive
stu_EUWJA76858,TST Respose 9,I like hanging out with my cousins.,31.0,positive
stu_EUWJA76858,TST Respose 9,I like hanging out with my cousins.,12.0,positive
stu_EUWJA76858,TST Respose 9,I like hanging out with my cousins.,24.0,positive
stu_RDPGG44681,TST Respose 4,I am confident,45.0,positive
stu_RDPGG44681,TST Respose 4,I am confident,43.0,positive
stu_PUNZK45438,TST Respose 17,i like to sleep,31.0,positive
stu_PUNZK45438,TST Respose 17,i like to sleep,24.0,positive
stu_YPZIM54297,TST Respose 1,I am someone who likes singimg,26.0,positive
stu_YPZIM54297,TST Respose 1,I am someone who likes singimg,24.0,positive
stu_MIJEQ06664,TST Respose 2,I am sweet,44.0,positive
stu_LDUML32113,TST Respose 2,a nice person,44.0,positive
stu_LDUML32113,TST Respose 2,a nice person,21.0,none
stu_HLKZL24322,TST Respose 12,a an amine,48.0,none
stu_WEADW20158,TST Respose 2,im 11 years old,4.0,11
stu_UHXBA77476,TST Respose 19,I like flowers,24.0,positive
stu_FVHVM49769,TST Respose 7,i have 2 parents,12.0,neutral
stu_LNFOE66635,TST Respose 13,im kinda short,35.0,neutral
stu_HVWUJ52450,TST Respose 15,i like science,25.0,positive
stu_HVWUJ52450,TST Respose 15,i like science,24.0,positive
stu_IGLSS89625,TST Respose 12,i like friend,24.0,positive
stu_IGLSS89625,TST Respose 12,i like friend,10.0,positive
stu_LVOOZ80056,TST Respose 6,I am a black short girl.,35.0,neutral
stu_LVOOZ80056,TST Respose 6,I am a black short girl.,2.0,girl
stu_LVOOZ80056,TST Respose 6,I am a black short girl.,6.0,black
stu_QHOON52054,TST Respose 19,I am a believer,45.0,positive
stu_YGBLH44260,TST Respose 3,I am somebody who enjoys being rewarded for hard work.,41.0,positive
stu_OAZKI17777,TST Respose 11,[LETTER OF NAME],5.0,none
stu_JUQPD47363,TST Respose 19,I am looking forward to this study.,47.0,positive
stu_KWMWG76590,TST Respose 12,i like spending time with family,31.0,positive
stu_KWMWG76590,TST Respose 12,i like spending time with family,12.0,positive
stu_KWMWG76590,TST Respose 12,i like spending time with family,24.0,positive
stu_HXXCS05602,TST Respose 19,i'm a friend,10.0,neutral
stu_RUZUK44953,TST Respose 9,I am a person who is in Honors classes,14.0,positive
stu_VFKRH03938,TST Respose 14,i am a funny person,46.0,positive
stu_VFKRH03938,TST Respose 14,i am a funny person,21.0,none
stu_KGOWI06896,TST Respose 13,I like Five Nights at Freddy's,24.0,positive
stu_SOWGI28002,TST Respose 8,I am someone who loves to talk,45.0,positive
stu_SOWGI28002,TST Respose 8,I am someone who loves to talk,24.0,positive
stu_WAFQN21754,TST Respose 8,I am cool,46.0,positive
stu_OMSFY97090,TST Respose 11,im a students,14.0,neutral
stu_HVWUJ52450,TST Respose 6,i play sports,29.0,neutral
stu_SJNFF34466,TST Respose 5,broken up parents,12.0,neutral
stu_CQRFU18177,TST Respose 2,I like game,31.0,positive
stu_CQRFU18177,TST Respose 2,I like game,24.0,positive
stu_FBOFA96484,TST Respose 8,i am a athlete,29.0,neutral
stu_GXIYC47970,TST Respose 11,i am someone who got friends,10.0,positive
stu_LTSJK02079,TST Respose 5,My favorite color is yellow,24.0,positive
stu_QEGJI54214,TST Respose 20,my first language was creole,25.0,neutral
stu_QEGJI54214,TST Respose 20,my first language was creole,22.0,creolespeaker
stu_CDXSC86692,TST Respose 18,i am the person that plays with dogs every time i see them,44.0,positive
stu_UEVQJ25414,TST Respose 3,im 5 foot 4,35.0,neutral
stu_FWPPR22255,TST Respose 13,I like phone,27.0,positive
stu_FWPPR22255,TST Respose 13,I like phone,24.0,positive
stu_KCRZD23226,TST Respose 18,I like going to the party,31.0,positive
stu_KCRZD23226,TST Respose 18,I like going to the party,24.0,positive
stu_PUHUL75671,TST Respose 11,like christmas,24.0,positive
stu_SOWGI28002,TST Respose 10,I am someone who loves their family,24.0,positive
stu_SOWGI28002,TST Respose 10,I am someone who loves their family,12.0,positive
stu_CJHBB29429,TST Respose 19,I like churros,24.0,positive
stu_CINVJ49388,TST Respose 1,calm,45.0,positive
stu_EHXGF51692,TST Respose 15,I am a picky eater........,36.0,neutral
stu_ANQAT24428,TST Respose 7,who is one youngest in my class,14.0,neutral
stu_ANQAT24428,TST Respose 7,who is one youngest in my class,4.0,young
stu_QFXDD68186,TST Respose 12,I like to run,29.0,positive
stu_QFXDD68186,TST Respose 12,I like to run,24.0,positive
stu_FUILC09238,TST Respose 13,i don't like math,25.0,negative
stu_FUILC09238,TST Respose 13,i don't like math,24.0,negative
stu_MKGYA55892,TST Respose 1,ecuadorian,7.0,ecuadorian
stu_JVLXZ63894,TST Respose 1,math student,14.0,neutral
stu_VKCWY07846,TST Respose 15,im always tired,45.0,negative
stu_NKHRJ04957,TST Respose 13,I am 12,4.0,12
stu_VFKRH03938,TST Respose 17,i am a sneaker head,30.0,neutral
stu_VTRUH97046,TST Respose 10,My favorite song is marvins room by drake.,24.0,positive
stu_JPMJO86637,TST Respose 1,[FIRST NAME],5.0,none
stu_WPVZY01902,TST Respose 7,I dont like waking up at 6,31.0,negative
stu_WPVZY01902,TST Respose 7,I dont like waking up at 6,24.0,negative
stu_PFDTL78462,TST Respose 1,I like sports like Volleyball and Soccer.,29.0,positive
stu_PFDTL78462,TST Respose 1,I like sports like Volleyball and Soccer.,24.0,positive
stu_WYTLH51489,TST Respose 7,I like sleeping,31.0,positive
stu_WYTLH51489,TST Respose 7,I like sleeping,24.0,positive
stu_EXNUN73314,TST Respose 12,I am nice,44.0,positive
stu_QEGJI54214,TST Respose 13,i am a tiktok lover,27.0,positive
stu_QEGJI54214,TST Respose 13,i am a tiktok lover,24.0,positive
stu_EUWJA76858,TST Respose 13,I like food.,24.0,positive
stu_KCDEU07486,TST Respose 5,I am good at reading,25.0,positive
stu_ECYEC76336,TST Respose 9,I am a person who has long wavy hair,35.0,neutral
stu_NXWSI70882,TST Respose 9,A person who wants to be an engineer,13.0,positive
stu_CTAZU65504,TST Respose 12,I am independent,41.0,positive
stu_QQMSX84242,TST Respose 14,an african american,6.0,african-american
stu_PJCOJ15115,TST Respose 10,I am a tik tok user,27.0,neutral
stu_ECYEC76336,TST Respose 3,I am the oldest of 4 kids,12.0,neutral
stu_EHXGF51692,TST Respose 8,I am a bit of a gamer.,28.0,neutral
stu_KGOWI06896,TST Respose 14,I like my family,24.0,positive
stu_KGOWI06896,TST Respose 14,I like my family,12.0,positive
stu_RNIHY62490,TST Respose 8,I am from Nigera,7.0,nigerian
stu_WYTLH51489,TST Respose 1,I am [FIRST NAME],5.0,none
stu_YPZIM54297,TST Respose 19,I am a person who loves phisical touch like huging,45.0,positive
stu_YPZIM54297,TST Respose 19,I am a person who loves phisical touch like huging,24.0,positive
stu_DHTXQ91573,TST Respose 2,I am a students from 6 grades,22.0,6thgrade
stu_DHTXQ91573,TST Respose 2,I am a students from 6 grades,4.0,6thgrade
stu_DHTXQ91573,TST Respose 2,I am a students from 6 grades,14.0,neutral
stu_DJCZE13885,TST Respose 6,My favorite animal is foxes.,24.0,positive
stu_VSSOO37726,TST Respose 12,I like the health teacher,24.0,positive
stu_VSSOO37726,TST Respose 12,I like the health teacher,14.0,positive
stu_NJZBY59884,TST Respose 7,i have 2 sisters and 2 brothers,12.0,neutral
stu_WZRKM29688,TST Respose 13,i am english,7.0,english
stu_BCRYB29652,TST Respose 15,I like backek,24.0,positive
stu_WAWDW95831,TST Respose 8,I am good at soccer tennis.,29.0,positive
stu_MXNSB23169,TST Respose 18,I like football.,29.0,positive
stu_MXNSB23169,TST Respose 18,I like football.,24.0,positive
stu_EHLZF06092,TST Respose 13,I love dodge chargers and durangos,24.0,positive
stu_KOUYR40301,TST Respose 5,i speak 2 languages,25.0,neutral
stu_KOUYR40301,TST Respose 5,i speak 2 languages,22.0,bilingual
stu_TYPZX10676,TST Respose 8,i like when they have step by step.,47.0,positive
stu_TYPZX10676,TST Respose 8,i like when they have step by step.,24.0,positive
stu_DERZZ01872,TST Respose 13,I have three Guinee pigs,32.0,none
stu_UAFAK64772,TST Respose 12,short hair,35.0,neutral
stu_LNFOE66635,TST Respose 16,hard worker,41.0,positive
stu_QFXDD68186,TST Respose 18,I like money,34.0,positive
stu_QFXDD68186,TST Respose 18,I like money,24.0,positive
stu_KCDEU07486,TST Respose 14,I am most times an A student,14.0,positive
stu_UYUIH18635,TST Respose 10,I like watching videos,27.0,positive
stu_UYUIH18635,TST Respose 10,I like watching videos,24.0,positive
stu_DZJHT48666,TST Respose 11,Least favorite subject is ELA/gym,14.0,negative
stu_ZARRQ26344,TST Respose 5,My favorite movie is friday night lights and the last of last,24.0,positive
stu_SAOLH99639,TST Respose 7,i love peaches,24.0,positive
stu_ECYEC76336,TST Respose 5,I am a sixth grader,22.0,6thgrade
stu_ECYEC76336,TST Respose 5,I am a sixth grader,4.0,6thgrade
stu_ECYEC76336,TST Respose 5,I am a sixth grader,14.0,neutral
stu_OIYXZ27717,TST Respose 11,I am someone who likes swimming,29.0,positive
stu_OIYXZ27717,TST Respose 11,I am someone who likes swimming,24.0,positive
stu_WRQAA62017,TST Respose 17,I am a boy,2.0,boy
stu_FNVBP19615,TST Respose 6,Math is my favorite subject.,14.0,positive
stu_WRQAA62017,TST Respose 6,I like gym,24.0,positive
stu_WRQAA62017,TST Respose 6,I like gym,14.0,positive
stu_XSQUV53095,TST Respose 13,I AM [FIRST NAME] A DANCER,26.0,neutral
stu_XSQUV53095,TST Respose 13,I AM [FIRST NAME] A DANCER,5.0,neutral
stu_CAGAM03126,TST Respose 12,I am a person who likes colorful nails.,30.0,positive
stu_CAGAM03126,TST Respose 12,I am a person who likes colorful nails.,24.0,positive
stu_WDDQQ92015,TST Respose 18,i am a student,14.0,neutral
stu_CPBCK00658,TST Respose 9,I like ponytails in my hair,35.0,positive
stu_CPBCK00658,TST Respose 9,I like ponytails in my hair,24.0,positive
stu_LKAAV41369,TST Respose 7,I like chocolate,24.0,positive
stu_WYTLH51489,TST Respose 16,I like to watch youtube,27.0,positive
stu_WYTLH51489,TST Respose 16,I like to watch youtube,24.0,positive
stu_RUBQU39803,TST Respose 11,i am a honor student,14.0,positive
stu_QACJQ31561,TST Respose 17,i have a half brother,12.0,neutral
stu_IKUOQ66846,TST Respose 1,A student,14.0,neutral
stu_OAZKI17777,TST Respose 12,[LETTER OF NAME],5.0,none
stu_FQKSK24193,TST Respose 1,i am a boy,2.0,boy
stu_ANQAT24428,TST Respose 8,someone who likes cookies,24.0,positive
stu_FASQN45304,TST Respose 13,I am someone who can speak 3 languages.,25.0,neutral
stu_FASQN45304,TST Respose 13,I am someone who can speak 3 languages.,22.0,multilingual
stu_HVWUJ52450,TST Respose 9,i have 1 older brother and 3 sisters,12.0,neutral
stu_SAOLH99639,TST Respose 19,i love food,24.0,positive
stu_XHGVP79664,TST Respose 8,im an honors student,14.0,positive
stu_HMQRZ27503,TST Respose 7,I m the future goat,41.0,positive
stu_EUIXK95276,TST Respose 13,"I'm a student at the [SCHOOL NAME], I love dancing, singing, gym class, Art class, eating food",31.0,positive
stu_EUIXK95276,TST Respose 13,"I'm a student at the [SCHOOL NAME], I love dancing, singing, gym class, Art class, eating food",14.0,neutral
stu_EUIXK95276,TST Respose 13,"I'm a student at the [SCHOOL NAME], I love dancing, singing, gym class, Art class, eating food",24.0,positive
stu_EUIXK95276,TST Respose 13,"I'm a student at the [SCHOOL NAME], I love dancing, singing, gym class, Art class, eating food",26.0,positive
stu_EUIXK95276,TST Respose 13,"I'm a student at the [SCHOOL NAME], I love dancing, singing, gym class, Art class, eating food",29.0,positive
stu_SBUBU63586,TST Respose 17,i am a girl who dose home work,14.0,neutral
stu_SBUBU63586,TST Respose 17,i am a girl who dose home work,2.0,girl
stu_HVWUJ52450,TST Respose 7,Fortnite player ( im the best },28.0,positive
stu_JVLXZ63894,TST Respose 16,kid,22.0,child
stu_JVLXZ63894,TST Respose 16,kid,4.0,child
stu_WBAVA84528,TST Respose 4,i like chips,24.0,positive
stu_BESSB35006,TST Respose 2,I like to eat,31.0,positive
stu_BESSB35006,TST Respose 2,I like to eat,24.0,positive
stu_IIOVZ06372,TST Respose 7,I like going out sometimes,31.0,positive
stu_IIOVZ06372,TST Respose 7,I like going out sometimes,24.0,positive
stu_PXDPN73068,TST Respose 18,I've been in the 6th grade for 117 days.,22.0,6thgrade
stu_PXDPN73068,TST Respose 18,I've been in the 6th grade for 117 days.,4.0,6thgrade
stu_PXDPN73068,TST Respose 18,I've been in the 6th grade for 117 days.,14.0,neutral
stu_BJJXN95776,TST Respose 10,I love my family,24.0,positive
stu_BJJXN95776,TST Respose 10,I love my family,12.0,positive
stu_KGOWI06896,TST Respose 9,I'm loyal,44.0,positive
stu_XXEBH66449,TST Respose 13,I am a student,14.0,neutral
stu_HBPKA70291,TST Respose 13,apex player,28.0,neutral
stu_VKCWY07846,TST Respose 17,i dont like school,14.0,negative
stu_WPVZY01902,TST Respose 9,I dont like waiting for lunch,24.0,negative
stu_WPVZY01902,TST Respose 9,I dont like waiting for lunch,14.0,negative
stu_QEGJI54214,TST Respose 19,i am a sweater lover,30.0,positive
stu_QEGJI54214,TST Respose 19,i am a sweater lover,24.0,positive
stu_JERPG96865,TST Respose 12,i like cats,24.0,positive
stu_CDXSC86692,TST Respose 1,I am a brother,12.0,neutral
stu_CDXSC86692,TST Respose 1,I am a brother,2.0,boy
stu_PSHPN85751,TST Respose 5,i speak english and spanish and a little bit of hatian,25.0,neutral
stu_PSHPN85751,TST Respose 5,i speak english and spanish and a little bit of hatian,22.0,multilingual
stu_YNVPH88845,TST Respose 6,I like ELA,25.0,positive
stu_YNVPH88845,TST Respose 6,I like ELA,24.0,positive
stu_TFTDG28078,TST Respose 18,a singer (practically alicia keys.),26.0,positive
stu_FSPCV10901,TST Respose 19,I like to go to Florida.,31.0,positive
stu_FSPCV10901,TST Respose 19,I like to go to Florida.,24.0,positive
stu_UEYTM01990,TST Respose 17,Im a good friend,40.0,positive
stu_UEYTM01990,TST Respose 17,Im a good friend,10.0,positive
stu_MKGYA55892,TST Respose 6,like to draw,26.0,positive
stu_MKGYA55892,TST Respose 6,like to draw,24.0,positive
stu_KOIIB68446,TST Respose 17,i wanna be a orthodontist when i grow up,13.0,neutral
stu_PXDPN73068,TST Respose 19,I've passed every class so far,14.0,positive
stu_IIOVZ06372,TST Respose 20,I like swimming,29.0,positive
stu_IIOVZ06372,TST Respose 20,I like swimming,24.0,positive
stu_RUBQU39803,TST Respose 20,i am a leader,46.0,positive
stu_RUBQU39803,TST Respose 20,i am a leader,44.0,positive
stu_UEVQJ25414,TST Respose 14,im on a aau team,29.0,neutral
stu_YXJEP22115,TST Respose 12,I am a volleyball player,29.0,neutral
stu_FVHVM49769,TST Respose 5,i speak portuguese,25.0,neutral
stu_FVHVM49769,TST Respose 5,i speak portuguese,22.0,portuguesespeaker
stu_SAOLH99639,TST Respose 18,i like food,24.0,positive
stu_TFTDG28078,TST Respose 6,A dominican girl,7.0,dominican
stu_TFTDG28078,TST Respose 6,A dominican girl,2.0,girl
stu_ERQCY81201,TST Respose 4,I am a girl who hates to share out loud.,24.0,negative
stu_ERQCY81201,TST Respose 4,I am a girl who hates to share out loud.,2.0,girl
stu_YGBLH44260,TST Respose 4,I like to learn what I did wrong.,41.0,positive
stu_UHXBA77476,TST Respose 5,My favorite color is purple,24.0,positive
stu_QPHPK12517,TST Respose 19,i love mc donalds,24.0,positive
stu_WTRMC77187,TST Respose 20,and i like many other games,31.0,positive
stu_WTRMC77187,TST Respose 20,and i like many other games,24.0,positive
stu_MKEGQ97127,TST Respose 18,I'm a black person,6.0,black
stu_WRQAA62017,TST Respose 13,I like shoes,30.0,positive
stu_WRQAA62017,TST Respose 13,I like shoes,24.0,positive
stu_UTXBZ05806,TST Respose 16,i am someone who loves the color red,24.0,positive
stu_MIJEQ06664,TST Respose 6,I am in 6th grades,22.0,6thgrade
stu_MIJEQ06664,TST Respose 6,I am in 6th grades,4.0,6thgrade
stu_MIJEQ06664,TST Respose 6,I am in 6th grades,14.0,neutral
stu_XHPVX80161,TST Respose 4,I am a student at [SCHOOL NAME],14.0,neutral
stu_KCDEU07486,TST Respose 17,I am nosy,44.0,negative
stu_OMSFY97090,TST Respose 12,im a students,14.0,neutral
stu_HEPWQ98561,TST Respose 9,i like cats,24.0,positive
stu_DHTXQ91573,TST Respose 1,I am a students from 6 grades,22.0,6thgrade
stu_DHTXQ91573,TST Respose 1,I am a students from 6 grades,4.0,6thgrade
stu_DHTXQ91573,TST Respose 1,I am a students from 6 grades,14.0,neutral
stu_WAWDW95831,TST Respose 14,I love basketball.,29.0,positive
stu_WAWDW95831,TST Respose 14,I love basketball.,24.0,positive
stu_WHBZD81732,TST Respose 14,i dont have my intrest,45.0,negative
stu_FTOYB42084,TST Respose 4,im a shoe person,30.0,neutral
stu_MKGYA55892,TST Respose 4,a middle schooler,22.0,middleschooler
stu_MKGYA55892,TST Respose 4,a middle schooler,4.0,middleschooler
stu_MKGYA55892,TST Respose 4,a middle schooler,14.0,neutral
stu_LVOOZ80056,TST Respose 18,I am a honors stundent.,14.0,positive
stu_LNFOE66635,TST Respose 4,nice person,44.0,positive
stu_LNFOE66635,TST Respose 4,nice person,21.0,none
stu_TSQUQ54202,TST Respose 7,I am from Cape Verde.,7.0,cape verdean
stu_OFWAG94272,TST Respose 5,Nice,44.0,positive
stu_EHLZF06092,TST Respose 11,I want to be a vet,13.0,positive
stu_MXNSB23169,TST Respose 7,I am a student.,14.0,neutral
stu_UEVQJ25414,TST Respose 20,im a coach,43.0,positive
stu_MMZHT88458,TST Respose 13,im ginger,35.0,neutral
stu_RDOVU20570,TST Respose 1,I am a 8th grader,22.0,8thgrade
stu_RDOVU20570,TST Respose 1,I am a 8th grader,4.0,8thgrade
stu_RDOVU20570,TST Respose 1,I am a 8th grader,14.0,neutral
stu_DZJHT48666,TST Respose 12,I like to be alone because no one gets me,45.0,positive
stu_DZJHT48666,TST Respose 12,I like to be alone because no one gets me,24.0,positive
stu_DZJHT48666,TST Respose 12,I like to be alone because no one gets me,31.0,positive
stu_VENGZ10475,TST Respose 5,I am brown,6.0,brown
stu_FUILC09238,TST Respose 10,i play video games,28.0,neutral
stu_XCKNQ66212,TST Respose 3,Im a basketball player,29.0,neutral
stu_FQEST23326,TST Respose 3,I am lqbtq+,3.0,lgbtq+
stu_CJHBB29429,TST Respose 16,My favorite subject in school is math,14.0,positive
stu_VTRUH97046,TST Respose 18,My favorite brand is nike.,24.0,positive
stu_RFRYE74718,TST Respose 6,I am black,6.0,black
stu_IIOVZ06372,TST Respose 8,I like fall,24.0,positive
stu_QZOUO83023,TST Respose 18,I like being a good brother,40.0,positive
stu_QZOUO83023,TST Respose 18,I like being a good brother,12.0,positive
stu_FASQN45304,TST Respose 9,I am someone who likes the outdoors.,24.0,positive
stu_FUILC09238,TST Respose 15,my favorite brand is jordan,24.0,positive
stu_OAZKI17777,TST Respose 15,[LETTER OF NAME],5.0,none
stu_DERZZ01872,TST Respose 10,I like video games,28.0,positive
stu_DERZZ01872,TST Respose 10,I like video games,24.0,positive
stu_EQSJM78476,TST Respose 18,I dont like my uncle,24.0,negative
stu_EQSJM78476,TST Respose 18,I dont like my uncle,12.0,negative
stu_XKMAG80800,TST Respose 5,Portuguese,7.0,portuguese
stu_SAOLH99639,TST Respose 2,good at basketball,29.0,positive
stu_OIYXZ27717,TST Respose 5,I am the smartest out of all my cousins,43.0,positive
stu_OIYXZ27717,TST Respose 5,I am the smartest out of all my cousins,12.0,neutral
stu_OIYXZ27717,TST Respose 5,I am the smartest out of all my cousins,25.0,positive
stu_SJNFF34466,TST Respose 15,a cook i work for golden ramsey,31.0,neutral
stu_ABSGH36082,TST Respose 18,I know a little of soccer,29.0,neutral
stu_AHWRN95528,TST Respose 20,I am someone who likes gym activities,29.0,positive
stu_AHWRN95528,TST Respose 20,I am someone who likes gym activities,24.0,positive
stu_CULOH75877,TST Respose 13,I play football,29.0,neutral
stu_CPAQO78519,TST Respose 20,I am someone who loves toys,24.0,positive
stu_LDUML32113,TST Respose 16,good at writing,25.0,positive
stu_FASQN45304,TST Respose 14,I am someone who likes to cook.,31.0,positive
stu_FASQN45304,TST Respose 14,I am someone who likes to cook.,24.0,positive
stu_ZQMQQ26810,TST Respose 2,im 14,4.0,14
stu_ANAWT41929,TST Respose 15,I love my house,24.0,positive
stu_RNIHY62490,TST Respose 16,I have a lot of friends,10.0,positive
stu_CWJCN88700,TST Respose 20,I am in a youtube video,27.0,neutral
stu_WHBZD81732,TST Respose 19,i dont have a byc,48.0,none
stu_DHTXQ91573,TST Respose 19,I am a students from 6 grades,22.0,6thgrade
stu_DHTXQ91573,TST Respose 19,I am a students from 6 grades,4.0,6thgrade
stu_DHTXQ91573,TST Respose 19,I am a students from 6 grades,14.0,neutral
stu_WWNBY52737,TST Respose 9,I am the youngest.,12.0,neutral
stu_OQLOS45541,TST Respose 13,I'm a role model to my brothers.,40.0,positive
stu_OQLOS45541,TST Respose 13,I'm a role model to my brothers.,12.0,positive
stu_NWVEW24693,TST Respose 19,i like jordan,30.0,positive
stu_NWVEW24693,TST Respose 19,i like jordan,24.0,positive
stu_SJNFF34466,TST Respose 3,a 12yo girl,4.0,12
stu_SJNFF34466,TST Respose 3,a 12yo girl,2.0,girl
stu_BDAZF88230,TST Respose 1,A student,14.0,neutral
stu_QPHPK12517,TST Respose 8,i am a soccer player,29.0,neutral
stu_VKCWY07846,TST Respose 8,i have a cat,32.0,none
stu_CWQDV67579,TST Respose 14,i like my friends,24.0,positive
stu_CWQDV67579,TST Respose 14,i like my friends,10.0,positive
stu_JPMJO86637,TST Respose 6,i'm mix,48.0,none
stu_PUNZK45438,TST Respose 5,i love math and gym,24.0,positive
stu_PUNZK45438,TST Respose 5,i love math and gym,14.0,positive
stu_RNIHY62490,TST Respose 5,I have black hair,35.0,neutral
stu_CTAZU65504,TST Respose 16,I am not the best on math,25.0,negative
stu_VSSOO37726,TST Respose 11,I like health,24.0,positive
stu_CLLRZ76280,TST Respose 13,I like trying new foods,31.0,positive
stu_CLLRZ76280,TST Respose 13,I like trying new foods,24.0,positive
stu_BCRYB29652,TST Respose 12,I like fun,45.0,positive
stu_BCRYB29652,TST Respose 12,I like fun,24.0,positive
stu_VGJIS59600,TST Respose 11,It's always hard to make a decision for myself,45.0,negative
stu_VGJIS59600,TST Respose 11,It's always hard to make a decision for myself,42.0,negative
stu_HMQRZ27503,TST Respose 19,I learned my five one,48.0,neutral
stu_LVOOZ80056,TST Respose 4,I am a really athletic  person.,29.0,positive
stu_VENGZ10475,TST Respose 10,non-atheltic man,29.0,negative
stu_VENGZ10475,TST Respose 10,non-atheltic man,2.0,man
stu_UEYTM01990,TST Respose 3,I wear glasses,35.0,neutral
stu_VOXTG50835,TST Respose 12,i'v been to florida,48.0,none
stu_CDXSC86692,TST Respose 20,i am ther person that like to watch the view from high places,31.0,positive
stu_CDXSC86692,TST Respose 20,i am ther person that like to watch the view from high places,24.0,positive
stu_UTXBZ05806,TST Respose 7,i like to talk to people,31.0,positive
stu_UTXBZ05806,TST Respose 7,i like to talk to people,24.0,positive
stu_UJNMI16598,TST Respose 15,Capeverdean,7.0,cape verdean
stu_SOWGI28002,TST Respose 14,I am someone who loves go to Paris,31.0,positive
stu_SOWGI28002,TST Respose 14,I am someone who loves go to Paris,24.0,positive
stu_FBOFA96484,TST Respose 15,My birthday Month is June,22.0,june birthday
stu_KGOWI06896,TST Respose 16,I like to play roblox,31.0,positive
stu_KGOWI06896,TST Respose 16,I like to play roblox,24.0,positive
stu_PNNIR08301,TST Respose 1,I am [FIRST LAST NAME].,5.0,none
stu_OCRTY88035,TST Respose 20,I am someone that loves my aunt.,12.0,positive
stu_CINVJ49388,TST Respose 20,i am [FIRST NAME] friend,10.0,neutral
stu_XSQUV53095,TST Respose 10,I AM [FIRST NAME] A HONOR STUDENT,14.0,positive
stu_XSQUV53095,TST Respose 10,I AM [FIRST NAME] A HONOR STUDENT,5.0,none
stu_NRKZA72454,TST Respose 4,My friends are crazy,10.0,neutral
stu_GCHCS91000,TST Respose 6,i am a [SCHOOL NAME] student,14.0,neutral
stu_QEGJI54214,TST Respose 17,i am a hair lover,30.0,positive
stu_QEGJI54214,TST Respose 17,i am a hair lover,24.0,positive
stu_ERQCY81201,TST Respose 17,I am a girl who has four sisters.,12.0,neutral
stu_ERQCY81201,TST Respose 17,I am a girl who has four sisters.,2.0,girl
stu_CQRFU18177,TST Respose 10,I like going to the park,31.0,positive
stu_CQRFU18177,TST Respose 10,I like going to the park,24.0,positive
stu_VKCWY07846,TST Respose 14,im good at goegraphy,25.0,positive
stu_SQLXP95993,TST Respose 16,I love to do rely race,29.0,positive
stu_SQLXP95993,TST Respose 16,I love to do rely race,24.0,positive
stu_YSQPA55709,TST Respose 10,im into sports,29.0,positive
stu_YSQPA55709,TST Respose 10,im into sports,24.0,positive
stu_KFYJM61476,TST Respose 14,I like to hang out with my friends.,31.0,positive
stu_KFYJM61476,TST Respose 14,I like to hang out with my friends.,10.0,positive
stu_KFYJM61476,TST Respose 14,I like to hang out with my friends.,24.0,positive
stu_XUDYN03051,TST Respose 11,I like ELA,25.0,positive
stu_XUDYN03051,TST Respose 11,I like ELA,24.0,positive
stu_CETOG17008,TST Respose 17,tired,47.0,negative
stu_FTOYB42084,TST Respose 11,im kind,44.0,positive
stu_KCRZD23226,TST Respose 15,I love watch tiktok,27.0,positive
stu_KCRZD23226,TST Respose 15,I love watch tiktok,24.0,positive
stu_FBOFA96484,TST Respose 20,i am a great person,40.0,positive
stu_OMSFY97090,TST Respose 7,im a students,14.0,neutral
stu_QOGPO20181,TST Respose 10,l have siblings.,12.0,neutral
stu_VTRUH97046,TST Respose 2,I am Cape Verdean.,7.0,cape verdean
stu_TSQUQ54202,TST Respose 12,I speak Chinese.,25.0,neutral
stu_TSQUQ54202,TST Respose 12,I speak Chinese.,22.0,chinesespeaker
stu_FTOYB42084,TST Respose 2,im 14,4.0,14
stu_LJAAE92948,TST Respose 5,I play basketball,29.0,neutral
stu_OMSFY97090,TST Respose 13,im a students,14.0,neutral
stu_OIYXZ27717,TST Respose 13,I am someone who birthday is the same as my friend,10.0,neutral
stu_YSQPA55709,TST Respose 5,im some one who works out,29.0,neutral
stu_XXEBH66449,TST Respose 9,I am a student,14.0,neutral
stu_HBPKA70291,TST Respose 2,a smart person,43.0,positive
stu_HBPKA70291,TST Respose 2,a smart person,21.0,none
stu_HBPKA70291,TST Respose 2,a smart person,25.0,positive
stu_DZJHT48666,TST Respose 9,I love to sleep,31.0,positive
stu_DZJHT48666,TST Respose 9,I love to sleep,24.0,positive
stu_SBUBU63586,TST Respose 7,i am a good kid,40.0,positive
stu_SBUBU63586,TST Respose 7,i am a good kid,4.0,child
stu_SBUBU63586,TST Respose 7,i am a good kid,22.0,child
stu_EHXGF51692,TST Respose 20,I am kind,44.0,positive
stu_UJNMI16598,TST Respose 12,Listener,44.0,positive
stu_EUIXK95276,TST Respose 6,"I'm a student at the [SCHOOL NAME], I love dancing, singing, gym class, Art class, eating food",31.0,positive
stu_EUIXK95276,TST Respose 6,"I'm a student at the [SCHOOL NAME], I love dancing, singing, gym class, Art class, eating food",14.0,neutral
stu_EUIXK95276,TST Respose 6,"I'm a student at the [SCHOOL NAME], I love dancing, singing, gym class, Art class, eating food",24.0,positive
stu_EUIXK95276,TST Respose 6,"I'm a student at the [SCHOOL NAME], I love dancing, singing, gym class, Art class, eating food",26.0,positive
stu_EUIXK95276,TST Respose 6,"I'm a student at the [SCHOOL NAME], I love dancing, singing, gym class, Art class, eating food",29.0,positive
stu_WAFQN21754,TST Respose 3,I am funny,46.0,positive
stu_JOKOV89559,TST Respose 12,I am someone who loves being warm,24.0,positive
stu_UEDQL23543,TST Respose 8,a good person,40.0,positive
stu_YXBHV58732,TST Respose 12,I like the school lunch,24.0,positive
stu_UEVQJ25414,TST Respose 8,im rspectpul,40.0,positive
stu_MRIWT64391,TST Respose 20,"a stupid,anoying,cheater and sore loser",46.0,negative
stu_MRIWT64391,TST Respose 20,"a stupid,anoying,cheater and sore loser",25.0,negative
stu_MRIWT64391,TST Respose 20,"a stupid,anoying,cheater and sore loser",40.0,negative
stu_WCANG48942,TST Respose 4,I like to eat food.,31.0,positive
stu_WCANG48942,TST Respose 4,I like to eat food.,24.0,positive
stu_UAFAK64772,TST Respose 10,pretty,35.0,positive
stu_ANAWT41929,TST Respose 1,I love basketball,29.0,positive
stu_ANAWT41929,TST Respose 1,I love basketball,24.0,positive
stu_YBWGX96937,TST Respose 10,i like my sister,12.0,positive
stu_CDGKD03653,TST Respose 16,i like takis,24.0,positive
stu_WBAVA84528,TST Respose 10,i like movies,24.0,positive
stu_ABSGH36082,TST Respose 4,I'm a leader,46.0,positive
stu_ABSGH36082,TST Respose 4,I'm a leader,43.0,positive
stu_OAZKI17777,TST Respose 13,[LETTER OF NAME],5.0,none
stu_KOIIB68446,TST Respose 12,i want glasses,33.0,neutral
stu_CNIFN64507,TST Respose 8,i like the color black,24.0,positive
stu_JVLXZ63894,TST Respose 8,[TEACHER] student,14.0,neutral
stu_VTRUH97046,TST Respose 4,I am the oldest out of 3.,12.0,neutral
stu_XXEBH66449,TST Respose 14,I am a student,14.0,neutral
stu_VFKRH03938,TST Respose 4,i am a fan a of football,29.0,positive
stu_VFKRH03938,TST Respose 4,i am a fan a of football,24.0,positive
stu_FVHVM49769,TST Respose 15,i have a 1 brother,12.0,neutral
stu_CHVFQ54169,TST Respose 11,I love to watch tv for fun.,31.0,positive
stu_CHVFQ54169,TST Respose 11,I love to watch tv for fun.,24.0,positive
stu_QZOUO83023,TST Respose 20,i love my life,45.0,positive
stu_QZOUO83023,TST Respose 20,i love my life,24.0,positive
stu_OIYXZ27717,TST Respose 14,I am someone who is 12 years old,4.0,12
stu_QZOUO83023,TST Respose 9,I relly like drawing,26.0,positive
stu_QZOUO83023,TST Respose 9,I relly like drawing,24.0,positive
stu_AQNHF52456,TST Respose 5,entrepuer,13.0,neutral
stu_XXEBH66449,TST Respose 18,I am a student,14.0,neutral
stu_YNVPH88845,TST Respose 8,I love my parents,24.0,positive
stu_YNVPH88845,TST Respose 8,I love my parents,12.0,positive
stu_FBOFA96484,TST Respose 6,i am kind,44.0,positive
stu_LVOOZ80056,TST Respose 3,I am kind.,44.0,positive
stu_YXBHV58732,TST Respose 3,I like school,24.0,positive
stu_YXBHV58732,TST Respose 3,I like school,14.0,positive
stu_YGBLH44260,TST Respose 8,I prefer reading than having things read to me.,25.0,positive
stu_CETOG17008,TST Respose 10,soccer enjoyer,29.0,positive
stu_CETOG17008,TST Respose 10,soccer enjoyer,24.0,positive
stu_XUDYN03051,TST Respose 3,I am from ecuador,7.0,ecuadorian
stu_CHVFQ54169,TST Respose 17,I have long hair.,35.0,neutral
stu_TDURA35752,TST Respose 19,I am loyal,44.0,positive
stu_VQFBG95862,TST Respose 10,i am a football player,29.0,neutral
stu_WZRKM29688,TST Respose 6,i like basketball,29.0,positive
stu_WZRKM29688,TST Respose 6,i like basketball,24.0,positive
stu_WBAVA84528,TST Respose 16,i like McDonald's but they call it WcDonald's,24.0,positive
stu_PUNZK45438,TST Respose 16,i have a pc,32.0,none
stu_PJCOJ15115,TST Respose 15,I am hardworking,41.0,positive
stu_EUIXK95276,TST Respose 14,"I'm a student at the [SCHOOL NAME], I love dancing, singing, gym class, Art class, eating food",31.0,positive
stu_EUIXK95276,TST Respose 14,"I'm a student at the [SCHOOL NAME], I love dancing, singing, gym class, Art class, eating food",14.0,neutral
stu_EUIXK95276,TST Respose 14,"I'm a student at the [SCHOOL NAME], I love dancing, singing, gym class, Art class, eating food",24.0,positive
stu_EUIXK95276,TST Respose 14,"I'm a student at the [SCHOOL NAME], I love dancing, singing, gym class, Art class, eating food",26.0,positive
stu_EUIXK95276,TST Respose 14,"I'm a student at the [SCHOOL NAME], I love dancing, singing, gym class, Art class, eating food",29.0,positive
stu_SIWRL23181,TST Respose 6,i am a good sibling,40.0,positive
stu_SIWRL23181,TST Respose 6,i am a good sibling,12.0,positive
stu_KOIIB68446,TST Respose 6,im Cape verdean,7.0,cape verdean
stu_VQFBG95862,TST Respose 1,i am a genuis,43.0,positive
stu_VQFBG95862,TST Respose 1,i am a genuis,25.0,positive
stu_UYUIH18635,TST Respose 8,Im a [SCHOOL NAME - MASCOT],14.0,neutral
stu_RFRYE74718,TST Respose 9,I am a fellow McDonald lover.,24.0,positive
stu_VNSDU81090,TST Respose 17,i love playing wiht my dog,31.0,positive
stu_VNSDU81090,TST Respose 17,i love playing wiht my dog,24.0,positive
stu_WDDQQ92015,TST Respose 3,i am a student,14.0,neutral
stu_JOVOI38701,TST Respose 15,I am someone who loves to travel.,31.0,positive
stu_JOVOI38701,TST Respose 15,I am someone who loves to travel.,24.0,positive
stu_EQSJM78476,TST Respose 4,i am in honors math,14.0,positive
stu_PUHUL75671,TST Respose 9,hardworking,41.0,positive
stu_ORUUL82324,TST Respose 10,I'm African-American,6.0,african-american
stu_NKHRJ04957,TST Respose 3,I am cape verdian,7.0,cape verdean
stu_NZWIU92234,TST Respose 14,I love ice cream,24.0,positive
stu_DERZZ01872,TST Respose 5,I like school,24.0,positive
stu_DERZZ01872,TST Respose 5,I like school,14.0,positive
stu_NWRRC44615,TST Respose 16,sometimes i have a favorite parent,12.0,neutral
stu_SIWRL23181,TST Respose 8,i am a brazillian,7.0,brazilian
stu_JOVOI38701,TST Respose 6,I am someone who likes going to water parks.,31.0,positive
stu_JOVOI38701,TST Respose 6,I am someone who likes going to water parks.,24.0,positive
stu_NZWIU92234,TST Respose 5,i have 1 pet,32.0,none
stu_FVHVM49769,TST Respose 9,i am a takis lover,24.0,positive
stu_QHOON52054,TST Respose 5,I am good at just about any sport I play,29.0,positive
stu_JERPG96865,TST Respose 3,i like archery.,29.0,positive
stu_JERPG96865,TST Respose 3,i like archery.,24.0,positive
stu_CAGAM03126,TST Respose 4,I am a shy person.,44.0,neutral
stu_HLKZL24322,TST Respose 16,i like ice-cream,24.0,positive
stu_CULOH75877,TST Respose 4,I am smart,43.0,positive
stu_CULOH75877,TST Respose 4,I am smart,25.0,positive
stu_WEADW20158,TST Respose 13,i like calling my friends,31.0,positive
stu_WEADW20158,TST Respose 13,i like calling my friends,10.0,positive
stu_WEADW20158,TST Respose 13,i like calling my friends,24.0,positive
stu_STIXI97047,TST Respose 1,I would like to get games before getting right into the point.,24.0,positive
stu_TRKWP48352,TST Respose 8,I am a person who likes green apples,24.0,positive
stu_RUZUK44953,TST Respose 10,I am someone who has dark skin,6.0,dark skin
stu_IIOVZ06372,TST Respose 5,I like going shopping,30.0,positive
stu_IIOVZ06372,TST Respose 5,I like going shopping,24.0,positive
stu_HEPWQ98561,TST Respose 18,i love my 20 year old cousin,24.0,positive
stu_HEPWQ98561,TST Respose 18,i love my 20 year old cousin,12.0,positive
stu_ZUARE93356,TST Respose 20,I am from Cape Verde,7.0,cape verdean
stu_ZYUDW82089,TST Respose 14,i am in honors,14.0,positive
stu_YPZIM54297,TST Respose 3,I am a respectful persone,40.0,positive
stu_ORUUL82324,TST Respose 13,I live in a two-story house,32.0,neutral
stu_WWNBY52737,TST Respose 2,I am 11 years old.,4.0,11
stu_QACJQ31561,TST Respose 11,my hair is brownish black,35.0,neutral
stu_EHYTZ32137,TST Respose 2,I work hard in school,41.0,positive
stu_EHYTZ32137,TST Respose 2,I work hard in school,14.0,positive
stu_QOGPO20181,TST Respose 15,l was not born in America,8.0,not born in america
stu_UEYTM01990,TST Respose 11,I have two sisters,12.0,neutral
stu_JPMJO86637,TST Respose 2,i'm short,35.0,neutral
stu_SQLXP95993,TST Respose 1,I'm a 6th grade student,22.0,6thgrade
stu_SQLXP95993,TST Respose 1,I'm a 6th grade student,4.0,6thgrade
stu_SQLXP95993,TST Respose 1,I'm a 6th grade student,14.0,neutral
stu_BCRYB29652,TST Respose 16,I like winning,24.0,positive
stu_FPTDO32773,TST Respose 14,a talented person,43.0,positive
stu_EJIML93711,TST Respose 20,I do not like math at all.,25.0,negative
stu_EJIML93711,TST Respose 20,I do not like math at all.,24.0,negative
stu_EHYTZ32137,TST Respose 17,i like going on vaction,31.0,positive
stu_EHYTZ32137,TST Respose 17,i like going on vaction,24.0,positive
stu_SELBD60428,TST Respose 15,student,14.0,neutral
stu_QEGJI54214,TST Respose 14,i am a youtube lover,27.0,positive
stu_QEGJI54214,TST Respose 14,i am a youtube lover,24.0,positive
stu_VFKRH03938,TST Respose 12,i am a kind person,44.0,positive
stu_VFKRH03938,TST Respose 12,i am a kind person,21.0,none
stu_RNIHY62490,TST Respose 18,I am strong,35.0,positive
stu_NRKZA72454,TST Respose 19,I like kitten posts.,24.0,positive
stu_SAOLH99639,TST Respose 16,i like tiktock,27.0,positive
stu_SAOLH99639,TST Respose 16,i like tiktock,24.0,positive
stu_CWJCN88700,TST Respose 9,I am in love with animals,24.0,positive
stu_CTAZU65504,TST Respose 17,I like dancing,26.0,positive
stu_CTAZU65504,TST Respose 17,I like dancing,24.0,positive
stu_LTSJK02079,TST Respose 14,I have a cat,32.0,none
stu_FWPPR22255,TST Respose 12,I am good at game,31.0,positive
stu_SJNFF34466,TST Respose 13,plays roblox,28.0,neutral
stu_LNFOE66635,TST Respose 9,i like watching movies,31.0,positive
stu_LNFOE66635,TST Respose 9,i like watching movies,24.0,positive
stu_VFKRH03938,TST Respose 15,i am a smart person,43.0,positive
stu_VFKRH03938,TST Respose 15,i am a smart person,21.0,none
stu_VFKRH03938,TST Respose 15,i am a smart person,25.0,positive
stu_IDHIE84911,TST Respose 16,i like to chopigne,31.0,positive
stu_IDHIE84911,TST Respose 16,i like to chopigne,24.0,positive
stu_QPHPK12517,TST Respose 3,happy,45.0,positive
stu_MTCIM85775,TST Respose 5,I am a son,12.0,neutral
stu_MTCIM85775,TST Respose 5,I am a son,2.0,boy
stu_LVOOZ80056,TST Respose 11,I am beautiful.,35.0,positive
stu_WPVZY01902,TST Respose 19,I like Money,34.0,positive
stu_WPVZY01902,TST Respose 19,I like Money,24.0,positive
stu_UEYTM01990,TST Respose 8,I play softball,29.0,neutral
stu_CQRFU18177,TST Respose 14,my favorite color is green,24.0,positive
stu_XXEBH66449,TST Respose 19,I am a student,14.0,neutral
stu_WAWDW95831,TST Respose 3,I love sports.,29.0,positive
stu_WAWDW95831,TST Respose 3,I love sports.,24.0,positive
stu_HVWUJ52450,TST Respose 8,i dont like school,14.0,negative
stu_WBAVA84528,TST Respose 7,i like taco bell,24.0,positive
stu_MYCLF44200,TST Respose 13,I like diamonds.,24.0,positive
stu_OMSFY97090,TST Respose 18,im a students,14.0,neutral
stu_FUILC09238,TST Respose 1,a tall person,35.0,neutral
stu_BESSB35006,TST Respose 3,`I like to use my phone,27.0,positive
stu_BESSB35006,TST Respose 3,`I like to use my phone,24.0,positive
stu_VNSDU81090,TST Respose 19,i love math,25.0,positive
stu_VNSDU81090,TST Respose 19,i love math,24.0,positive
stu_OQLOS45541,TST Respose 19,I'm a friend.,10.0,neutral
stu_WBAVA84528,TST Respose 20,and i like my family,24.0,positive
stu_WBAVA84528,TST Respose 20,and i like my family,12.0,positive
stu_NJZBY59884,TST Respose 3,"my fav color is blue,black",24.0,positive
stu_CPVXX19825,TST Respose 20,I like babysitting my 3 year old brother,31.0,positive
stu_CPVXX19825,TST Respose 20,I like babysitting my 3 year old brother,12.0,positive
stu_CPVXX19825,TST Respose 20,I like babysitting my 3 year old brother,24.0,positive
stu_CETOG17008,TST Respose 16,loud,46.0,neutral
stu_CETOG17008,TST Respose 16,loud,44.0,neutral
stu_BJJXN95776,TST Respose 13,I am 12 years of age,4.0,12
stu_QQAHK93946,TST Respose 20,I like sketching in the sketchbook,26.0,positive
stu_QQAHK93946,TST Respose 20,I like sketching in the sketchbook,24.0,positive
stu_HBPKA70291,TST Respose 1,a cook,31.0,neutral
stu_RUBQU39803,TST Respose 19,i am a playful person,44.0,positive
stu_EUIXK95276,TST Respose 20,"I'm a student at the [SCHOOL NAME] I love dancing, singing, gym class, Art class, eating food",31.0,positive
stu_EUIXK95276,TST Respose 20,"I'm a student at the [SCHOOL NAME] I love dancing, singing, gym class, Art class, eating food",14.0,neutral
stu_EUIXK95276,TST Respose 20,"I'm a student at the [SCHOOL NAME] I love dancing, singing, gym class, Art class, eating food",24.0,positive
stu_EUIXK95276,TST Respose 20,"I'm a student at the [SCHOOL NAME] I love dancing, singing, gym class, Art class, eating food",26.0,positive
stu_EUIXK95276,TST Respose 20,"I'm a student at the [SCHOOL NAME] I love dancing, singing, gym class, Art class, eating food",29.0,positive
stu_HEPWQ98561,TST Respose 15,i like helping my mom on certain stuff.,31.0,positive
stu_HEPWQ98561,TST Respose 15,i like helping my mom on certain stuff.,12.0,positive
stu_HEPWQ98561,TST Respose 15,i like helping my mom on certain stuff.,24.0,positive
stu_QCKDZ64012,TST Respose 3,I love eating food,24.0,positive
stu_JOVOI38701,TST Respose 20,I am someone who likes pancakes.,24.0,positive
stu_WEADW20158,TST Respose 20,im a funny person,46.0,positive
stu_WEADW20158,TST Respose 20,im a funny person,21.0,none
stu_VFKRH03938,TST Respose 8,i love the game,28.0,positive
stu_RFRYE74718,TST Respose 15,I am a person that likes cats,24.0,positive
stu_LKAAV41369,TST Respose 2,I am the youngest child,22.0,youngestchild
stu_LKAAV41369,TST Respose 2,I am the youngest child,12.0,neutral
stu_XHGVP79664,TST Respose 10,im an only child,22.0,onlychild
stu_XHGVP79664,TST Respose 10,im an only child,12.0,neutral
stu_NXWSI70882,TST Respose 2,a person who plays videogames,28.0,neutral
stu_FNVBP19615,TST Respose 4,I play a lot of sports.,29.0,neutral
stu_WWNBY52737,TST Respose 13,I am a runner.,29.0,neutral
stu_FVHVM49769,TST Respose 14,i live with both of my parents,12.0,neutral
stu_KOUYR40301,TST Respose 18,I like Mathia,24.0,positive
stu_KOUYR40301,TST Respose 18,I like Mathia,14.0,positive
stu_ECYEC76336,TST Respose 16,I am a [SCHOOL NAME MASCOT],14.0,neutral
stu_WTRMC77187,TST Respose 1,I like math,25.0,positive
stu_WTRMC77187,TST Respose 1,I like math,24.0,positive
stu_SQLXP95993,TST Respose 12,I sit next to [FIRST NAME],47.0,neutral
stu_AHWRN95528,TST Respose 4,I am someone who likes soccer,29.0,positive
stu_AHWRN95528,TST Respose 4,I am someone who likes soccer,24.0,positive
stu_UYUIH18635,TST Respose 9,I like video games,28.0,positive
stu_UYUIH18635,TST Respose 9,I like video games,24.0,positive
stu_TSQUQ54202,TST Respose 8,I love kids.,44.0,positive
stu_JOVOI38701,TST Respose 8,I am a person who likes pizza.,24.0,positive
stu_VFKRH03938,TST Respose 10,i am someone's son,12.0,neutral
stu_VFKRH03938,TST Respose 10,i am someone's son,2.0,boy
stu_YXJEP22115,TST Respose 2,I am an 8th grader,22.0,8thgrade
stu_YXJEP22115,TST Respose 2,I am an 8th grader,4.0,8thgrade
stu_YXJEP22115,TST Respose 2,I am an 8th grader,14.0,neutral
stu_EJIML93711,TST Respose 17,I like doing nails,30.0,positive
stu_EJIML93711,TST Respose 17,I like doing nails,24.0,positive
stu_XHPVX80161,TST Respose 7,a fortnite lover,28.0,positive
stu_XHPVX80161,TST Respose 7,a fortnite lover,24.0,positive
stu_GXMFA19655,TST Respose 1,student,14.0,neutral
stu_ZYUDW82089,TST Respose 2,a gamer,28.0,neutral
stu_CINVJ49388,TST Respose 7,rocket league player,28.0,neutral
stu_EUIXK95276,TST Respose 16,"I'm a student at the [SCHOOL NAME] I love dancing, singing, gym class, Art class, eating food",31.0,positive
stu_EUIXK95276,TST Respose 16,"I'm a student at the [SCHOOL NAME] I love dancing, singing, gym class, Art class, eating food",14.0,neutral
stu_EUIXK95276,TST Respose 16,"I'm a student at the [SCHOOL NAME] I love dancing, singing, gym class, Art class, eating food",24.0,positive
stu_EUIXK95276,TST Respose 16,"I'm a student at the [SCHOOL NAME] I love dancing, singing, gym class, Art class, eating food",26.0,positive
stu_EUIXK95276,TST Respose 16,"I'm a student at the [SCHOOL NAME] I love dancing, singing, gym class, Art class, eating food",29.0,positive
stu_NYHDW07721,TST Respose 2,A girl,2.0,girl
stu_RDOVU20570,TST Respose 19,i am math lover,25.0,positive
stu_RDOVU20570,TST Respose 19,i am math lover,24.0,positive
stu_QZOUO83023,TST Respose 3,I like dragons,24.0,positive
stu_MTCIM85775,TST Respose 19,A 6th grader,22.0,6thgrade
stu_MTCIM85775,TST Respose 19,A 6th grader,4.0,6thgrade
stu_MTCIM85775,TST Respose 19,A 6th grader,14.0,neutral
stu_WPVZY01902,TST Respose 8,i dont like 1 hour and a half of math,24.0,negative
stu_WPVZY01902,TST Respose 8,i dont like 1 hour and a half of math,14.0,negative
stu_UHXBA77476,TST Respose 1,I'm a girl,2.0,girl
stu_RSKDK68207,TST Respose 14,I am heterosexual (I like males).,3.0,straight
stu_ABSGH36082,TST Respose 19,I want to be a nurse,13.0,positive
stu_WBAVA84528,TST Respose 14,i like cars,24.0,positive
stu_SAOLH99639,TST Respose 8,a boy,2.0,boy
stu_UYFTQ45542,TST Respose 5,I am a very smart student,43.0,positive
stu_UYFTQ45542,TST Respose 5,I am a very smart student,14.0,positive
stu_UYFTQ45542,TST Respose 5,I am a very smart student,25.0,positive
stu_QHOON52054,TST Respose 7,I am smart,43.0,positive
stu_QHOON52054,TST Respose 7,I am smart,25.0,positive
stu_NKHRJ04957,TST Respose 9,i like blue,24.0,positive
stu_UTXBZ05806,TST Respose 20,i am someone that has been playing soccer for 3 and half years,29.0,positive
stu_UTXBZ05806,TST Respose 20,i am someone that has been playing soccer for 3 and half years,24.0,positive
stu_PFDTL78462,TST Respose 19,I am very honest.,40.0,positive
stu_SJNFF34466,TST Respose 9,a twin,12.0,neutral
stu_HBPKA70291,TST Respose 5,a movie person,31.0,neutral
stu_ORUUL82324,TST Respose 3,I do karate (jiujitsu),29.0,neutral
stu_XHPVX80161,TST Respose 9,i am my fathers son,12.0,neutral
stu_XHPVX80161,TST Respose 9,i am my fathers son,2.0,boy
stu_UTXBZ05806,TST Respose 19,i am someone who likes to watch soccer games,31.0,positive
stu_UTXBZ05806,TST Respose 19,i am someone who likes to watch soccer games,24.0,positive
stu_XCKNQ66212,TST Respose 13,i'm trustworthy,46.0,positive
stu_XCKNQ66212,TST Respose 13,i'm trustworthy,40.0,positive
stu_HEPWQ98561,TST Respose 12,i like ice cream,24.0,positive
stu_NRKZA72454,TST Respose 16,Life is very boring right now.,47.0,negative
stu_ERQCY81201,TST Respose 16,I am a girl who wants to go horseback riding.,33.0,none
stu_ERQCY81201,TST Respose 16,I am a girl who wants to go horseback riding.,2.0,girl
stu_UEDQL23543,TST Respose 4,good at math,25.0,positive
stu_VUNQZ79892,TST Respose 17,im a kid,22.0,child
stu_VUNQZ79892,TST Respose 17,im a kid,4.0,child
stu_ANAWT41929,TST Respose 16,I love cars,24.0,positive
stu_JOKOV89559,TST Respose 19,I am someone who loves perfume,30.0,positive
stu_JOKOV89559,TST Respose 19,I am someone who loves perfume,24.0,positive
stu_EHLZF06092,TST Respose 5,I am a person who does not like homework,14.0,negative
stu_UAFAK64772,TST Respose 4,black hair,35.0,neutral
stu_FASQN45304,TST Respose 15,I am someone who tries their hardest.,41.0,positive
stu_PSHPN85751,TST Respose 3,im a fortnite skibidi toilet brrrrrr,48.0,none
stu_FNVBP19615,TST Respose 19,I hate feeling stupid or dumb.,43.0,negative
stu_FNVBP19615,TST Respose 19,I hate feeling stupid or dumb.,25.0,negative
stu_TDURA35752,TST Respose 4,I am a dog owner,32.0,none
stu_WRQAA62017,TST Respose 9,I like english,25.0,positive
stu_WRQAA62017,TST Respose 9,I like english,24.0,positive
stu_CJHBB29429,TST Respose 6,I am a person that likes to game,28.0,positive
stu_CJHBB29429,TST Respose 6,I am a person that likes to game,24.0,positive
stu_PSHPN85751,TST Respose 20,bye bye,48.0,none
stu_WTRMC77187,TST Respose 16,Saturn has rings and i like to see it,31.0,positive
stu_WTRMC77187,TST Respose 16,Saturn has rings and i like to see it,24.0,positive
stu_HBPKA70291,TST Respose 6,goffy,45.0,neutral
stu_EQSJM78476,TST Respose 10,I am black,6.0,black
stu_QQAHK93946,TST Respose 10,I can't speak vietnamese but i understand it,25.0,neutral
stu_QQAHK93946,TST Respose 10,I can't speak vietnamese but i understand it,22.0,vietnameseunderstanding
stu_DHTXQ91573,TST Respose 9,I am a students from 6 grades,22.0,6thgrade
stu_DHTXQ91573,TST Respose 9,I am a students from 6 grades,4.0,6thgrade
stu_DHTXQ91573,TST Respose 9,I am a students from 6 grades,14.0,neutral
stu_PFDTL78462,TST Respose 10,I speak English.,25.0,neutral
stu_PFDTL78462,TST Respose 10,I speak English.,22.0,englishspeaker
stu_CULOH75877,TST Respose 6,I am cool,46.0,positive
stu_FNVBP19615,TST Respose 2,I consider myself athletic.,29.0,neutral
stu_RUBQU39803,TST Respose 13,i am a ex- amabasodor,22.0,ex-ambassador
stu_UTXBZ05806,TST Respose 15,and i am someone who loves the color blue,24.0,positive
stu_WZRKM29688,TST Respose 20,i like jjk,24.0,positive
stu_OQLOS45541,TST Respose 12,I'm a older sister.,12.0,neutral
stu_OQLOS45541,TST Respose 12,I'm a older sister.,2.0,girl
stu_KJOZZ30475,TST Respose 12,I like writing.,25.0,positive
stu_KJOZZ30475,TST Respose 12,I like writing.,24.0,positive
stu_NWRRN03456,TST Respose 12,I don't like to be stressful.,45.0,negative
stu_IGLSS89625,TST Respose 7,i like my bestie because a have 2,24.0,positive
stu_IGLSS89625,TST Respose 7,i like my bestie because a have 2,10.0,positive
stu_SAOLH99639,TST Respose 5,food eater,31.0,neutral
stu_MTCIM85775,TST Respose 10,I am hard working,41.0,positive
stu_FVHVM49769,TST Respose 12,i can speak 2 languages,43.0,positive
stu_FVHVM49769,TST Respose 12,i can speak 2 languages,25.0,positive
stu_PYEUW09959,TST Respose 16,I like to bake,31.0,positive
stu_PYEUW09959,TST Respose 16,I like to bake,24.0,positive
stu_YGBLH44260,TST Respose 2,I am somebody that likes games.,31.0,positive
stu_YGBLH44260,TST Respose 2,I am somebody that likes games.,24.0,positive
stu_FTOYB42084,TST Respose 18,im a nice person,44.0,positive
stu_FTOYB42084,TST Respose 18,im a nice person,21.0,none
stu_CULOH75877,TST Respose 3,I am kind,44.0,positive
stu_HXXCS05602,TST Respose 20,i'm short,35.0,neutral
stu_IGLSS89625,TST Respose 3,i like my friend,24.0,positive
stu_IGLSS89625,TST Respose 3,i like my friend,10.0,positive
stu_MYCLF44200,TST Respose 3,I am black.,6.0,black
stu_FQEST23326,TST Respose 1,[FIRST LAST NAME],5.0,none
stu_CNIXS57234,TST Respose 17,I am indpendent,41.0,positive
stu_FBWGP41232,TST Respose 15,I like to help my friends with homework,31.0,positive
stu_FBWGP41232,TST Respose 15,I like to help my friends with homework,10.0,positive
stu_FBWGP41232,TST Respose 15,I like to help my friends with homework,14.0,positive
stu_FBWGP41232,TST Respose 15,I like to help my friends with homework,24.0,positive
stu_HBPKA70291,TST Respose 17,love my brothers,12.0,positive
stu_QACJQ31561,TST Respose 9,my fav supject is math,14.0,positive
stu_XSQUV53095,TST Respose 17,I AM [FIRST NAME] A FOOD LOVER,24.0,positive
stu_XSQUV53095,TST Respose 17,I AM [FIRST NAME] A FOOD LOVER,5.0,none
stu_SJNFF34466,TST Respose 10,i have a dog,32.0,none
stu_CNIFN64507,TST Respose 9,im a gamer,28.0,neutral
stu_SQLXP95993,TST Respose 3,My favorite color is pink,24.0,positive
stu_BJJXN95776,TST Respose 14,I love watching television,31.0,positive
stu_BJJXN95776,TST Respose 14,I love watching television,24.0,positive
stu_CULOH75877,TST Respose 5,I am 5'5,35.0,neutral
stu_BESSB35006,TST Respose 6,I like pizza,24.0,positive
stu_OAZKI17777,TST Respose 20,[FIRST NAME],5.0,none
stu_CJHBB29429,TST Respose 12,My favorite ice cream is vanilla,24.0,positive
stu_KOUYR40301,TST Respose 12,i'm a straight A student,14.0,positive
stu_DUOEM76163,TST Respose 19,I'm the youngest person in my class,14.0,neutral
stu_DUOEM76163,TST Respose 19,I'm the youngest person in my class,4.0,youngest
stu_MKEGQ97127,TST Respose 16,I'm a brown haired person,35.0,neutral
stu_FASQN45304,TST Respose 8,I am my grandma's first granddaughter.,12.0,neutral
stu_FASQN45304,TST Respose 8,I am my grandma's first granddaughter.,2.0,girl
stu_CWQDV67579,TST Respose 2,I am smart,43.0,positive
stu_CWQDV67579,TST Respose 2,I am smart,25.0,positive
stu_NXWSI70882,TST Respose 5,A quick tempered person if I barely fail a Mathstream because I can't skip the video if I already know how to do it,14.0,neutral
stu_YPZIM54297,TST Respose 16,I am a micky mouse lover,24.0,positive
stu_QQMSX84242,TST Respose 4,an older brother,12.0,neutral
stu_QQMSX84242,TST Respose 4,an older brother,2.0,boy
stu_LJAAE92948,TST Respose 18,"My favorite artist is Bruno mars, and drake",24.0,positive
stu_QCKDZ64012,TST Respose 15,i have a lot of friends,10.0,positive
stu_IDHIE84911,TST Respose 8,i love my friends,24.0,positive
stu_IDHIE84911,TST Respose 8,i love my friends,10.0,positive
stu_IDHIE84911,TST Respose 6,i love cat,24.0,positive
stu_GCHCS91000,TST Respose 19,i am a blm supporter,23.0,blm supporter
stu_UAFAK64772,TST Respose 15,5'6,35.0,neutral
stu_FHADA27602,TST Respose 7,i kinda like school,14.0,positive
stu_FHADA27602,TST Respose 7,i kinda like school,24.0,positive
stu_XCKNQ66212,TST Respose 9,i'm black kid with braids,35.0,neutral
stu_XCKNQ66212,TST Respose 9,i'm black kid with braids,4.0,child
stu_XCKNQ66212,TST Respose 9,i'm black kid with braids,6.0,black
stu_XCKNQ66212,TST Respose 9,i'm black kid with braids,22.0,child
stu_MMZHT88458,TST Respose 17,i can sing,26.0,neutral
stu_YXBHV58732,TST Respose 17,I like school teachers,24.0,positive
stu_YXBHV58732,TST Respose 17,I like school teachers,14.0,positive
stu_NKHRJ04957,TST Respose 12,I love chocolate,24.0,positive
stu_CNIFN64507,TST Respose 7,im a soccer player,29.0,neutral
stu_IZQGI75719,TST Respose 6,I have 6 siblings,12.0,neutral
stu_MKEGQ97127,TST Respose 6,I'm a plant lover,24.0,positive
stu_EHYTZ32137,TST Respose 8,I'm good with kids,44.0,positive
stu_WPVZY01902,TST Respose 2,I like games,31.0,positive
stu_WPVZY01902,TST Respose 2,I like games,24.0,positive
stu_DUOEM76163,TST Respose 10,I like baseball and soccer,29.0,positive
stu_DUOEM76163,TST Respose 10,I like baseball and soccer,24.0,positive
stu_HEPWQ98561,TST Respose 14,i like styling hair.,30.0,positive
stu_HEPWQ98561,TST Respose 14,i like styling hair.,24.0,positive
stu_NWVEW24693,TST Respose 8,i like math if its fun,25.0,positive
stu_NWVEW24693,TST Respose 8,i like math if its fun,24.0,positive
stu_YPZIM54297,TST Respose 15,I am a older sibling,12.0,neutral
stu_FASQN45304,TST Respose 17,I am someone who is 12 years old.,4.0,12
stu_NZWIU92234,TST Respose 13,I have a dog,32.0,none
stu_WAWDW95831,TST Respose 2,I am very good at math.,25.0,positive
stu_YSQPA55709,TST Respose 13,i like frut,24.0,positive
stu_IIOVZ06372,TST Respose 19,I like going to restaurants,31.0,positive
stu_IIOVZ06372,TST Respose 19,I like going to restaurants,24.0,positive
stu_WAWDW95831,TST Respose 7,I am good at volleyball.,29.0,positive
stu_MXNSB23169,TST Respose 12,I like to sleep.,31.0,positive
stu_MXNSB23169,TST Respose 12,I like to sleep.,24.0,positive
stu_LTSJK02079,TST Respose 12,I like to play alone sometimes,31.0,positive
stu_LTSJK02079,TST Respose 12,I like to play alone sometimes,24.0,positive
stu_OQLOS45541,TST Respose 8,I'm a family person.,44.0,neutral
stu_OQLOS45541,TST Respose 8,I'm a family person.,12.0,neutral
stu_LNFOE66635,TST Respose 20,im leader not follower,46.0,positive
stu_LNFOE66635,TST Respose 20,im leader not follower,43.0,positive
stu_NYHDW07721,TST Respose 5,African-American,6.0,african-american
stu_QQMSX84242,TST Respose 3,a younger brother,12.0,neutral
stu_QQMSX84242,TST Respose 3,a younger brother,2.0,boy
stu_OFWAG94272,TST Respose 8,I'm the oldest child of 3,22.0,oldestchild
stu_OFWAG94272,TST Respose 8,I'm the oldest child of 3,12.0,neutral
stu_IZQGI75719,TST Respose 18,i like going outside,31.0,positive
stu_IZQGI75719,TST Respose 18,i like going outside,24.0,positive
stu_CQRFU18177,TST Respose 13,I love sleeping,31.0,positive
stu_CQRFU18177,TST Respose 13,I love sleeping,24.0,positive
stu_FUILC09238,TST Respose 9,im from west africa,7.0,west african
stu_EHXGF51692,TST Respose 17,I am [CITY] boxer,29.0,neutral
stu_EHXGF51692,TST Respose 17,I am [CITY] boxer,9.0,neutral
stu_ANQAT24428,TST Respose 14,i lke sour candy,24.0,positive
stu_VNSDU81090,TST Respose 7,i like spending time with family and friends,31.0,positive
stu_VNSDU81090,TST Respose 7,i like spending time with family and friends,10.0,positive
stu_VNSDU81090,TST Respose 7,i like spending time with family and friends,12.0,positive
stu_VNSDU81090,TST Respose 7,i like spending time with family and friends,24.0,positive
stu_VFKRH03938,TST Respose 1,i am a basketball player,29.0,neutral
stu_CAGAM03126,TST Respose 11,I am a person who loves music.,26.0,positive
stu_CAGAM03126,TST Respose 11,I am a person who loves music.,24.0,positive
stu_ZYUDW82089,TST Respose 18,i like tv,24.0,positive
stu_SJXEZ38047,TST Respose 9,I have curly hair.,35.0,neutral
stu_KCRZD23226,TST Respose 19,I like read books,31.0,positive
stu_KCRZD23226,TST Respose 19,I like read books,24.0,positive
stu_KCRZD23226,TST Respose 19,I like read books,25.0,positive
stu_UEYTM01990,TST Respose 20,I like to watch baseball.,31.0,positive
stu_UEYTM01990,TST Respose 20,I like to watch baseball.,24.0,positive
stu_UYFTQ45542,TST Respose 7,I am a singer type person not rapper,26.0,neutral
stu_EHLZF06092,TST Respose 4,I am black,6.0,black
stu_DZJHT48666,TST Respose 14,I love music,24.0,positive
stu_QQAHK93946,TST Respose 9,I use to do Kung Fu with my sibling,29.0,neutral
stu_QQAHK93946,TST Respose 9,I use to do Kung Fu with my sibling,12.0,neutral
stu_ZUARE93356,TST Respose 15,I like to go t o the water park,31.0,positive
stu_ZUARE93356,TST Respose 15,I like to go t o the water park,24.0,positive
stu_MZIVN56293,TST Respose 9,i was born in [CITY],9.0,neutral
stu_EJIML93711,TST Respose 19,I like watching moives.,31.0,positive
stu_EJIML93711,TST Respose 19,I like watching moives.,24.0,positive
stu_CQRFU18177,TST Respose 9,I care about my family,12.0,positive
stu_NMWSA27732,TST Respose 17,I speak two language,25.0,neutral
stu_NMWSA27732,TST Respose 17,I speak two language,22.0,bilingual
stu_QEGJI54214,TST Respose 18,i am a nike lover,30.0,positive
stu_QEGJI54214,TST Respose 18,i am a nike lover,24.0,positive
stu_UEDQL23543,TST Respose 14,a 8th grader,22.0,8thgrade
stu_UEDQL23543,TST Respose 14,a 8th grader,4.0,8thgrade
stu_UEDQL23543,TST Respose 14,a 8th grader,14.0,neutral
stu_OMSFY97090,TST Respose 14,im a students,14.0,neutral
stu_NMWSA27732,TST Respose 16,I have blue eyes,35.0,neutral
stu_VQFBG95862,TST Respose 13,i am a good person,40.0,positive
stu_ERQCY81201,TST Respose 18,i am a girl who loves to swim,29.0,positive
stu_ERQCY81201,TST Respose 18,i am a girl who loves to swim,2.0,girl
stu_ERQCY81201,TST Respose 18,i am a girl who loves to swim,24.0,positive
stu_CWQDV67579,TST Respose 9,I am a soccer player,29.0,neutral
stu_MRIWT64391,TST Respose 2,a student,14.0,neutral
stu_VUNQZ79892,TST Respose 18,im pizza lover,24.0,positive
stu_XUDYN03051,TST Respose 1,I am a boy,2.0,boy
stu_CPAQO78519,TST Respose 5,I am someone who loves fruits,24.0,positive
stu_CINVJ49388,TST Respose 18,[FIRST NAME] friend,10.0,neutral
stu_CINVJ49388,TST Respose 18,[FIRST NAME] friend,5.0,none
stu_WCANG48942,TST Respose 20,I am [FIRST NAME].,5.0,none
stu_NYHDW07721,TST Respose 10,Grandson of [FIRST LAST NAME],12.0,neutral
stu_NYHDW07721,TST Respose 10,Grandson of [FIRST LAST NAME],2.0,boy
stu_MXNSF14478,TST Respose 7,"I like my mother's cooking, but suppose sometimes my fathers",24.0,positive
stu_MXNSF14478,TST Respose 7,"I like my mother's cooking, but suppose sometimes my fathers",12.0,positive
stu_LKAAV41369,TST Respose 10,my favorite color is purple,24.0,positive
stu_CNIXS57234,TST Respose 4,I'm a student,14.0,neutral
stu_WAFQN21754,TST Respose 17,I am empathetic,44.0,positive
stu_NYHDW07721,TST Respose 6,A Student,14.0,neutral
stu_FPTDO32773,TST Respose 19,A fan of horror movies.,31.0,positive
stu_FPTDO32773,TST Respose 19,A fan of horror movies.,24.0,positive
stu_KCRZD23226,TST Respose 2,I like learning,25.0,positive
stu_KCRZD23226,TST Respose 2,I like learning,24.0,positive
stu_CNIFN64507,TST Respose 10,i like red,24.0,positive
stu_WAWDW95831,TST Respose 18,I love tag.,29.0,positive
stu_WAWDW95831,TST Respose 18,I love tag.,24.0,positive
stu_UYUIH18635,TST Respose 15,i like riding my bike,29.0,positive
stu_UYUIH18635,TST Respose 15,i like riding my bike,24.0,positive
stu_OMSFY97090,TST Respose 15,uim a students,14.0,neutral
stu_VENGZ10475,TST Respose 17,Very ambitious person,41.0,positive
stu_DJCZE13885,TST Respose 1,I'm a girl.,2.0,girl
stu_EQSJM78476,TST Respose 6,i am the favorite child,12.0,positive
stu_IZQGI75719,TST Respose 4,i play soccer,29.0,neutral
stu_LNFOE66635,TST Respose 7,cool,46.0,positive
stu_VSSOO37726,TST Respose 19,I don't when people talk about you,48.0,none
stu_YXBHV58732,TST Respose 14,I like music class,24.0,positive
stu_YXBHV58732,TST Respose 14,I like music class,14.0,positive
stu_JOVOI38701,TST Respose 16,I am someone who likes ice cream cake.,24.0,positive
stu_PJCOJ15115,TST Respose 6,I am a volleyball player,29.0,neutral
stu_QHOON52054,TST Respose 14,I am not a quitter,41.0,positive
stu_JOKOV89559,TST Respose 18,I am someone who loves writing.,25.0,positive
stu_JOKOV89559,TST Respose 18,I am someone who loves writing.,24.0,positive
stu_FASQN45304,TST Respose 5,I am the oldest of 2 children.,22.0,oldestchild
stu_FASQN45304,TST Respose 5,I am the oldest of 2 children.,12.0,neutral
stu_XUDYN03051,TST Respose 16,I like soccer,29.0,positive
stu_XUDYN03051,TST Respose 16,I like soccer,24.0,positive
stu_SAOLH99639,TST Respose 10,a man,2.0,man
stu_DERZZ01872,TST Respose 6,I like science.,25.0,positive
stu_DERZZ01872,TST Respose 6,I like science.,24.0,positive
stu_SELBD60428,TST Respose 11,student,14.0,neutral
stu_EHYTZ32137,TST Respose 20,I have a late birthday,22.0,late birthday
stu_DUOEM76163,TST Respose 15,My favorite sea animal is a dolphin,24.0,positive
stu_FSPCV10901,TST Respose 17,I like to go to the beach.,31.0,positive
stu_FSPCV10901,TST Respose 17,I like to go to the beach.,24.0,positive
stu_VKCWY07846,TST Respose 1,im a boy,2.0,boy
stu_KWLPL21630,TST Respose 11,I like watching Tv.,31.0,positive
stu_KWLPL21630,TST Respose 11,I like watching Tv.,24.0,positive
stu_LNFOE66635,TST Respose 2,creative,43.0,positive
stu_ZARRQ26344,TST Respose 8,my favorite candy is butter finger,24.0,positive
stu_CDXSC86692,TST Respose 4,i have a yonger brother,12.0,neutral
stu_MRIWT64391,TST Respose 7,a annoying person,46.0,negative
stu_SAOLH99639,TST Respose 11,a good boy,40.0,positive
stu_SAOLH99639,TST Respose 11,a good boy,2.0,boy
stu_SULZI60933,TST Respose 16,i speak spanish,25.0,neutral
stu_SULZI60933,TST Respose 16,i speak spanish,22.0,spanishspeaker
stu_YXJEP22115,TST Respose 16,I am 5'0,35.0,neutral
stu_PSHZT50501,TST Respose 13,I like hanging out with people,31.0,positive
stu_PSHZT50501,TST Respose 13,I like hanging out with people,24.0,positive
stu_QOGPO20181,TST Respose 5,l am nice,44.0,positive
stu_DJCZE13885,TST Respose 18,I like water.,24.0,positive
stu_SJNFF34466,TST Respose 14,plays Fortnite,28.0,neutral
stu_FNVBP19615,TST Respose 11,I'd pefer being at school the at home.,14.0,positive
stu_UEVQJ25414,TST Respose 10,in chase money,48.0,none
stu_KWLPL21630,TST Respose 13,I like going to the play ground.,31.0,positive
stu_KWLPL21630,TST Respose 13,I like going to the play ground.,24.0,positive
stu_TYPZX10676,TST Respose 5,I love when i can use hint like they tell me what to do .,47.0,positive
stu_TYPZX10676,TST Respose 5,I love when i can use hint like they tell me what to do .,24.0,positive
stu_SJXEZ38047,TST Respose 1,I am a girl,2.0,girl
stu_XCKNQ66212,TST Respose 2,im a student a [SCHOOL NAME],14.0,neutral
stu_DJCZE13885,TST Respose 4,I'm in chorus and band at my school.,26.0,neutral
stu_DJCZE13885,TST Respose 4,I'm in chorus and band at my school.,14.0,neutral
stu_CPBCK00658,TST Respose 13,I like to wear short thing,30.0,positive
stu_CPBCK00658,TST Respose 13,I like to wear short thing,24.0,positive
stu_XSQUV53095,TST Respose 4,I AM [FIRST NAME] A GAMER,28.0,neutral
stu_XSQUV53095,TST Respose 4,I AM [FIRST NAME] A GAMER,5.0,none
stu_CNIXS57234,TST Respose 13,I have two older borthers a younger sister and a younger borthers,12.0,neutral
stu_QPHPK12517,TST Respose 12,I am straight,3.0,straight
stu_NWRRN03456,TST Respose 4,I have 1 series badges unlocked on MATH Stream.,14.0,positive
stu_CDXSC86692,TST Respose 2,I am a person with brown hair,35.0,neutral
stu_QFXDD68186,TST Respose 11,I like too sing,26.0,positive
stu_QFXDD68186,TST Respose 11,I like too sing,24.0,positive
stu_CAGAM03126,TST Respose 3,I am a person who loves animals.,24.0,positive
stu_HVWUJ52450,TST Respose 20,im a mommas boy,12.0,neutral
stu_HVWUJ52450,TST Respose 20,im a mommas boy,2.0,boy
stu_YSQPA55709,TST Respose 20,my favoret candy are jolly ranchers,24.0,positive
stu_JVLXZ63894,TST Respose 15,Daughter,12.0,neutral
stu_JVLXZ63894,TST Respose 15,Daughter,2.0,girl
stu_DUOEM76163,TST Respose 3,I like burgers,24.0,positive
stu_PSHPN85751,TST Respose 16,bye,48.0,none
stu_CHVFQ54169,TST Respose 19,I Love going to party and eat.,31.0,positive
stu_CHVFQ54169,TST Respose 19,I Love going to party and eat.,24.0,positive
stu_WEADW20158,TST Respose 15,i like watching funny things,31.0,positive
stu_WEADW20158,TST Respose 15,i like watching funny things,24.0,positive
stu_VGJIS59600,TST Respose 20,Dogs are my favorite animals out of cats,24.0,positive
stu_STIXI97047,TST Respose 10,I am [LAST NAME] .,5.0,none
stu_FHADA27602,TST Respose 10,my favorite song is i will wait for you by future.,24.0,positive
stu_NWRRN03456,TST Respose 10,I love school.,24.0,positive
stu_NWRRN03456,TST Respose 10,I love school.,14.0,positive
stu_IGLSS89625,TST Respose 15,erthnyu,48.0,none
stu_GXMFA19655,TST Respose 10,i am athletic,29.0,neutral
stu_TFTDG28078,TST Respose 19,A girl who plays video games.,28.0,positive
stu_TFTDG28078,TST Respose 19,A girl who plays video games.,2.0,girl
stu_HVWUJ52450,TST Respose 10,IM 5'2,35.0,neutral
stu_KFYJM61476,TST Respose 2,I have brown eyes.,35.0,neutral
stu_JPMJO86637,TST Respose 20,i like being at school because school is like my home because all my friend and my teachers.,14.0,positive
stu_JPMJO86637,TST Respose 20,i like being at school because school is like my home because all my friend and my teachers.,10.0,positive
stu_NKHRJ04957,TST Respose 4,I speak English and portuguies,25.0,neutral
stu_NKHRJ04957,TST Respose 4,I speak English and portuguies,22.0,englishspeakerandportuguesespeaker
stu_QOGPO20181,TST Respose 6,l am good at volleyball,29.0,positive
stu_CHVFQ54169,TST Respose 1,I am girl.,2.0,girl
stu_VOXTG50835,TST Respose 19,I like talking to people,44.0,positive
stu_VOXTG50835,TST Respose 19,I like talking to people,14.0,positive
stu_PNNIR08301,TST Respose 7,I speak Vietnamese.,25.0,neutral
stu_PNNIR08301,TST Respose 7,I speak Vietnamese.,22.0,vietnamesespeaker
stu_VSSOO37726,TST Respose 8,I like math,25.0,positive
stu_VSSOO37726,TST Respose 8,I like math,24.0,positive
stu_MIJEQ06664,TST Respose 13,I like me,24.0,positive
stu_MIJEQ06664,TST Respose 13,I like me,19.0,none
stu_PUHUL75671,TST Respose 8,somewhat resposible,40.0,positive
stu_LDUML32113,TST Respose 1,A student,14.0,neutral
stu_MIJEQ06664,TST Respose 17,I like my room,24.0,positive
stu_EJIML93711,TST Respose 3,I like games,31.0,positive
stu_EJIML93711,TST Respose 3,I like games,24.0,positive
stu_UTXBZ05806,TST Respose 13,i am from Cape Verde,7.0,cape verdean
stu_PNNIR08301,TST Respose 9,I enjoy school.,14.0,positive
stu_NJZBY59884,TST Respose 20,i like to go to arcade,31.0,positive
stu_NJZBY59884,TST Respose 20,i like to go to arcade,24.0,positive
stu_YXJEP22115,TST Respose 3,I am a kid that goes to [SCHOOL NAME],22.0,child
stu_YXJEP22115,TST Respose 3,I am a kid that goes to [SCHOOL NAME],4.0,child
stu_YXJEP22115,TST Respose 3,I am a kid that goes to [SCHOOL NAME],14.0,neutral
stu_VSSOO37726,TST Respose 17,I like to speak in english,31.0,positive
stu_VSSOO37726,TST Respose 17,I like to speak in english,24.0,positive
stu_MXNSB23169,TST Respose 4,I speak english.,25.0,neutral
stu_MXNSB23169,TST Respose 4,I speak english.,22.0,englishspeaker
stu_QEGJI54214,TST Respose 16,i am a stranger things lover,24.0,positive
stu_WYTLH51489,TST Respose 11,I like to bake,31.0,positive
stu_WYTLH51489,TST Respose 11,I like to bake,24.0,positive
stu_XCKNQ66212,TST Respose 7,i wanna be an nba player,29.0,positive
stu_GXMFA19655,TST Respose 18,i am a basketball player,29.0,neutral
stu_QPHPK12517,TST Respose 9,afletic,43.0,positive
stu_IZQGI75719,TST Respose 14,i like roblox,27.0,positive
stu_IZQGI75719,TST Respose 14,i like roblox,24.0,positive
stu_TSQUQ54202,TST Respose 5,I am [NAME].,5.0,none
stu_HXXCS05602,TST Respose 6,i'm creative,43.0,positive
stu_IGWBR81023,TST Respose 20,my fast food is wingstop,24.0,positive
stu_MXNSF14478,TST Respose 5,"I'm nice, great, and good bestfriend/friend/family member",44.0,positive
stu_MXNSF14478,TST Respose 5,"I'm nice, great, and good bestfriend/friend/family member",10.0,positive
stu_MXNSF14478,TST Respose 5,"I'm nice, great, and good bestfriend/friend/family member",12.0,positive
stu_MXNSF14478,TST Respose 5,"I'm nice, great, and good bestfriend/friend/family member",40.0,positive
stu_VGJIS59600,TST Respose 16,My favorite subject is history,14.0,positive
stu_UJNMI16598,TST Respose 8,Musician,26.0,neutral
stu_VQFBG95862,TST Respose 2,i am a student,14.0,neutral
stu_RFRYE74718,TST Respose 3,I am Beautiful.,35.0,positive
stu_XSQUV53095,TST Respose 12,I AM [FIRST NAME] A 12 YEAR OLD BOY,5.0,none
stu_XSQUV53095,TST Respose 12,I AM [FIRST NAME] A 12 YEAR OLD BOY,2.0,boy
stu_XSQUV53095,TST Respose 12,I AM [FIRST NAME] A 12 YEAR OLD BOY,4.0,12
stu_EJIML93711,TST Respose 1,I'm [FIRST NAME],5.0,none
stu_CNIFN64507,TST Respose 16,im 5'2,35.0,neutral
stu_PSHPN85751,TST Respose 1,[FIRST LAST NAME],5.0,none
stu_LVOOZ80056,TST Respose 10,I am Cape verdian.,7.0,cape verdean
stu_RUBQU39803,TST Respose 4,i am from cape verde,7.0,cape verdean
stu_HMQRZ27503,TST Respose 6,I play basket ball fun,29.0,positive
stu_TYPZX10676,TST Respose 3,I like when they tell me what i did wrong.,47.0,positive
stu_TYPZX10676,TST Respose 3,I like when they tell me what i did wrong.,24.0,positive
stu_SJNFF34466,TST Respose 12,cat lover,24.0,positive
stu_YXJEP22115,TST Respose 4,I am a 13 year old female,4.0,13
stu_YXJEP22115,TST Respose 4,I am a 13 year old female,1.0,female
stu_SELBD60428,TST Respose 16,student,14.0,neutral
stu_DUOEM76163,TST Respose 12,My last name is German,7.0,german
stu_DUOEM76163,TST Respose 12,My last name is German,5.0,none
stu_PSHZT50501,TST Respose 1,I am [FIRST LAST NAME],5.0,none
stu_IKUOQ66846,TST Respose 13,I am the youngest sibling,12.0,neutral
stu_SJNFF34466,TST Respose 1,a non physical sport person,29.0,negative
stu_SBUBU63586,TST Respose 11,i am a good baker,31.0,positive
stu_NYHDW07721,TST Respose 12,Kind person,44.0,positive
stu_NYHDW07721,TST Respose 12,Kind person,21.0,none
stu_RDPGG44681,TST Respose 11,I am sensitive,45.0,neutral
stu_ROULI02103,TST Respose 13,i love jordans,30.0,positive
stu_ROULI02103,TST Respose 13,i love jordans,24.0,positive
stu_RUZUK44953,TST Respose 17,I believe in God and that Jesus died for us,23.0,christian
stu_CAGAM03126,TST Respose 1,I am a student.,14.0,neutral
stu_MXNSB23169,TST Respose 16,I like gym.,24.0,positive
stu_MXNSB23169,TST Respose 16,I like gym.,14.0,positive
stu_VUNQZ79892,TST Respose 5,i like anime,24.0,positive
stu_KWMWG76590,TST Respose 3,i have a vr,32.0,none
stu_WBAVA84528,TST Respose 1,I'm a video gamer,28.0,neutral
stu_JPMJO86637,TST Respose 15,I'm kind,44.0,positive
stu_VUNQZ79892,TST Respose 8,im a quite person,44.0,neutral
stu_OQLOS45541,TST Respose 20,I am me.,19.0,none
stu_PNNIR08301,TST Respose 11,I am a volunteer.,31.0,neutral
stu_RDOVU20570,TST Respose 5,I am someone who likes to cook,31.0,positive
stu_RDOVU20570,TST Respose 5,I am someone who likes to cook,24.0,positive
stu_VOXTG50835,TST Respose 18,I like to make frinds,31.0,positive
stu_VOXTG50835,TST Respose 18,I like to make frinds,10.0,positive
stu_VOXTG50835,TST Respose 18,I like to make frinds,24.0,positive
stu_KJOZZ30475,TST Respose 13,I'm not strong in math,25.0,negative
stu_GCHCS91000,TST Respose 13,i am a pizza lover,24.0,positive
stu_ANAWT41929,TST Respose 20,I love my family,24.0,positive
stu_ANAWT41929,TST Respose 20,I love my family,12.0,positive
stu_OIYXZ27717,TST Respose 8,I am someone who likes to travel,31.0,positive
stu_OIYXZ27717,TST Respose 8,I am someone who likes to travel,24.0,positive
stu_SJNFF34466,TST Respose 8,i have 5-6 cousins,12.0,neutral
stu_XHGVP79664,TST Respose 12,I have a cat,32.0,none
stu_FASQN45304,TST Respose 16,I am someone who's birthday is on [DAY].,22.0,[birth month]
stu_QQMSX84242,TST Respose 17,a nerd,25.0,neutral
stu_QQMSX84242,TST Respose 17,a nerd,22.0,nerd
stu_QHOON52054,TST Respose 11,I am [FIRST LAST NAME],5.0,none
stu_CDGKD03653,TST Respose 13,i wear jordans,30.0,neutral
stu_RNIHY62490,TST Respose 6,I play basketball,29.0,neutral
stu_GXIYC47970,TST Respose 8,I am a gamer,28.0,neutral
stu_RSKDK68207,TST Respose 3,I am 14 years old.,4.0,14
stu_FNVBP19615,TST Respose 14,I love my little sister.,24.0,positive
stu_FNVBP19615,TST Respose 14,I love my little sister.,12.0,positive
stu_CDXSC86692,TST Respose 14,I am the person that my brithday is on Decmber,22.0,december birthday
stu_ROULI02103,TST Respose 4,i love my family,24.0,positive
stu_ROULI02103,TST Respose 4,i love my family,12.0,positive
stu_RDOVU20570,TST Respose 14,I am 13,4.0,13
stu_FQEST23326,TST Respose 4,an animal lover,24.0,positive
stu_WEADW20158,TST Respose 17,i like to draw,26.0,positive
stu_WEADW20158,TST Respose 17,i like to draw,24.0,positive
stu_JTZYY08754,TST Respose 19,I never tried India food but if i can then I would,31.0,neutral
stu_CTAZU65504,TST Respose 1,I am kind,44.0,positive
stu_UHXBA77476,TST Respose 15,I am the youngest child,22.0,youngestchild
stu_UHXBA77476,TST Respose 15,I am the youngest child,12.0,neutral
stu_RUBQU39803,TST Respose 18,i am a person who likes to swim,29.0,positive
stu_RUBQU39803,TST Respose 18,i am a person who likes to swim,24.0,positive
stu_CJHBB29429,TST Respose 14,My favorite sports team is the Celtics,24.0,positive
stu_GXIYC47970,TST Respose 2,I am a middle school student,22.0,middleschooler
stu_GXIYC47970,TST Respose 2,I am a middle school student,4.0,middleschooler
stu_GXIYC47970,TST Respose 2,I am a middle school student,14.0,neutral
stu_DHTXQ91573,TST Respose 16,I am a students from 6 grades,22.0,6thgrade
stu_DHTXQ91573,TST Respose 16,I am a students from 6 grades,4.0,6thgrade
stu_DHTXQ91573,TST Respose 16,I am a students from 6 grades,14.0,neutral
stu_VGJIS59600,TST Respose 12,I really like to watch anime,31.0,positive
stu_VGJIS59600,TST Respose 12,I really like to watch anime,24.0,positive
stu_PJCOJ15115,TST Respose 1,I am a gamer,28.0,neutral
stu_CLLRZ76280,TST Respose 18,My favorite month is february,24.0,positive
stu_MRIWT64391,TST Respose 12,a son,12.0,neutral
stu_MRIWT64391,TST Respose 12,a son,2.0,boy
stu_CWQDV67579,TST Respose 11,i like basketball,29.0,positive
stu_CWQDV67579,TST Respose 11,i like basketball,24.0,positive
stu_MMZHT88458,TST Respose 9,i play a lot of video games,28.0,neutral
stu_CETOG17008,TST Respose 14,smart,43.0,positive
stu_CETOG17008,TST Respose 14,smart,25.0,positive
stu_JUQPD47363,TST Respose 20,I am [FIRST NAME].,5.0,none
stu_JERPG96865,TST Respose 18,i am pretty good at math,25.0,positive
stu_WAWDW95831,TST Respose 15,I love volleyball.,29.0,positive
stu_WAWDW95831,TST Respose 15,I love volleyball.,24.0,positive
stu_PXDPN73068,TST Respose 6,Im a 6th grade student,22.0,6thgrade
stu_PXDPN73068,TST Respose 6,Im a 6th grade student,4.0,6thgrade
stu_PXDPN73068,TST Respose 6,Im a 6th grade student,14.0,neutral
stu_JERPG96865,TST Respose 17,i dont like school,14.0,negative
stu_UEDQL23543,TST Respose 16,good at doing hair,30.0,positive
stu_HLKZL24322,TST Respose 1,a brother,12.0,neutral
stu_HLKZL24322,TST Respose 1,a brother,2.0,boy
stu_SAOLH99639,TST Respose 6,i love cats,24.0,positive
stu_AHWRN95528,TST Respose 1,I am someone who likes games,31.0,positive
stu_AHWRN95528,TST Respose 1,I am someone who likes games,24.0,positive
stu_XUDYN03051,TST Respose 19,I like action movies,24.0,positive
stu_SJXEZ38047,TST Respose 15,I like hot Cheetos n Doritos,24.0,positive
stu_FTOYB42084,TST Respose 5,im a pet person,21.0,pet person
stu_CWQDV67579,TST Respose 8,I like sports,29.0,positive
stu_CWQDV67579,TST Respose 8,I like sports,24.0,positive
stu_OFAWH83528,TST Respose 19,i like kai cenat,24.0,positive
stu_PKXZK94759,TST Respose 16,My favorite show is Deathnote,24.0,positive
stu_QACJQ31561,TST Respose 15,my fav food is pasta,24.0,positive
stu_FTOYB42084,TST Respose 6,im funny,46.0,positive
stu_MTCIM85775,TST Respose 2,An artist,26.0,neutral
stu_JPMJO86637,TST Respose 19,I like all my friends.,24.0,positive
stu_JPMJO86637,TST Respose 19,I like all my friends.,10.0,positive
stu_TSQUQ54202,TST Respose 10,I am a respectful young woman.,40.0,positive
stu_TSQUQ54202,TST Respose 10,I am a respectful young woman.,2.0,woman
stu_TSQUQ54202,TST Respose 10,I am a respectful young woman.,22.0,youngwoman
stu_KJOZZ30475,TST Respose 14,I am more strong in English.,25.0,neutral
stu_SIWRL23181,TST Respose 10,i am passionate,41.0,positive
stu_AHWRN95528,TST Respose 12,I am someone who likes going outside,31.0,positive
stu_AHWRN95528,TST Respose 12,I am someone who likes going outside,24.0,positive
stu_CJHBB29429,TST Respose 11,My favorite food is ox tail,24.0,positive
stu_CETOG17008,TST Respose 18,middle child,22.0,middlechild
stu_CETOG17008,TST Respose 18,middle child,12.0,neutral
stu_ZQMQQ26810,TST Respose 13,i like roblox,27.0,positive
stu_ZQMQQ26810,TST Respose 13,i like roblox,24.0,positive
stu_CWQDV67579,TST Respose 19,I am [FIRST LAST NAME],5.0,none
stu_XUDYN03051,TST Respose 7,I have a ginger cat,32.0,none
stu_NJZBY59884,TST Respose 1,i like football and basketball.,29.0,positive
stu_NJZBY59884,TST Respose 1,i like football and basketball.,24.0,positive
stu_MTCIM85775,TST Respose 15,A gamer,28.0,neutral
stu_KGOWI06896,TST Respose 20,I like to watch new shows,31.0,positive
stu_KGOWI06896,TST Respose 20,I like to watch new shows,24.0,positive
stu_MRIWT64391,TST Respose 17,i like MONEYYYY$$$$!!!!!!!!,34.0,positive
stu_MRIWT64391,TST Respose 17,i like MONEYYYY$$$$!!!!!!!!,24.0,positive
stu_XHPVX80161,TST Respose 11,i am [TEACHER] Student,14.0,neutral
stu_WWNBY52737,TST Respose 10,I have 2 older brothers.,12.0,neutral
stu_NWRRC44615,TST Respose 11,i like skin care,30.0,positive
stu_NWRRC44615,TST Respose 11,i like skin care,24.0,positive
stu_TFTDG28078,TST Respose 7,a cape verdean girl,7.0,capeverdean
stu_TFTDG28078,TST Respose 7,a cape verdean girl,2.0,girl
stu_XHPVX80161,TST Respose 17,babytron defender,26.0,neutral
stu_VOXTG50835,TST Respose 7,I like shoes,30.0,positive
stu_VOXTG50835,TST Respose 7,I like shoes,24.0,positive
stu_WQGUY90279,TST Respose 1,I'm a female,1.0,female
stu_SOWGI28002,TST Respose 2,I am someone who has a sister,12.0,neutral
stu_CULOH75877,TST Respose 2,I am the youngest,12.0,neutral
stu_JUQPD47363,TST Respose 17,I am in love with the color yellow.,24.0,positive
stu_NKHRJ04957,TST Respose 5,I played soccer,29.0,neutral
stu_EHYTZ32137,TST Respose 15,i like to talk,44.0,positive
stu_EHYTZ32137,TST Respose 15,i like to talk,24.0,positive
stu_NKHRJ04957,TST Respose 7,I spend time with my family,31.0,neutral
stu_NKHRJ04957,TST Respose 7,I spend time with my family,12.0,neutral
stu_ROXAU39801,TST Respose 6,I am a basketball player,29.0,neutral
stu_CULOH75877,TST Respose 9,I am respectful,40.0,positive
stu_WQGUY90279,TST Respose 3,I like sleeping,31.0,positive
stu_WQGUY90279,TST Respose 3,I like sleeping,24.0,positive
stu_VFKRH03938,TST Respose 5,i am from Massachusetts,9.0,from massachusetts
stu_YSQPA55709,TST Respose 14,i like cars,24.0,positive
stu_WYTLH51489,TST Respose 5,I like to read,25.0,positive
stu_WYTLH51489,TST Respose 5,I like to read,24.0,positive
stu_RUZUK44953,TST Respose 2,I am an English speaking person,25.0,neutral
stu_RUZUK44953,TST Respose 2,I am an English speaking person,22.0,englishspeaker
stu_TFTDG28078,TST Respose 3,a 12yo girl,4.0,12
stu_TFTDG28078,TST Respose 3,a 12yo girl,2.0,girl
stu_VSSOO37726,TST Respose 20,I like to listen to music,26.0,positive
stu_VSSOO37726,TST Respose 20,I like to listen to music,24.0,positive
stu_DHTXQ91573,TST Respose 11,I am a students from 6 grades,22.0,6thgrade
stu_DHTXQ91573,TST Respose 11,I am a students from 6 grades,4.0,6thgrade
stu_DHTXQ91573,TST Respose 11,I am a students from 6 grades,14.0,neutral
stu_CNIFN64507,TST Respose 19,im a rabbit,48.0,neutral
stu_FASQN45304,TST Respose 19,I am someone who is respectful.,40.0,positive
stu_GXIYC47970,TST Respose 5,I am a short person,35.0,neutral
stu_TFTDG28078,TST Respose 2,A volleyball player,29.0,neutral
stu_LDUML32113,TST Respose 4,honest,40.0,positive
stu_KGOWI06896,TST Respose 4,I dont like the teachers here,24.0,negative
stu_KGOWI06896,TST Respose 4,I dont like the teachers here,14.0,negative
stu_FVHVM49769,TST Respose 8,i am a sneaker lover,30.0,positive
stu_FVHVM49769,TST Respose 8,i am a sneaker lover,24.0,positive
stu_WYTLH51489,TST Respose 20,I am honest,40.0,positive
stu_UTXBZ05806,TST Respose 5,i am someone who likes to watch,31.0,positive
stu_UTXBZ05806,TST Respose 5,i am someone who likes to watch,24.0,positive
stu_OFWAG94272,TST Respose 17,I like going outside,31.0,positive
stu_OFWAG94272,TST Respose 17,I like going outside,24.0,positive
stu_TFTDG28078,TST Respose 20,roblox n fortnite lover.,28.0,positive
stu_TFTDG28078,TST Respose 20,roblox n fortnite lover.,24.0,positive
stu_FBWGP41232,TST Respose 2,l'm a girl,2.0,girl
stu_WTRMC77187,TST Respose 2,i Ilike lexia,24.0,positive
stu_WTRMC77187,TST Respose 2,i Ilike lexia,14.0,positive
stu_YXJEP22115,TST Respose 1,I am a student,14.0,neutral
stu_UTXBZ05806,TST Respose 1,i am a soccer player and i play for [TEAM NAME],29.0,neutral
stu_MKGYA55892,TST Respose 13,13 year old,4.0,13
stu_VQFBG95862,TST Respose 9,i am a althle,29.0,neutral
stu_QCKDZ64012,TST Respose 11,i love candy,24.0,positive
stu_XXEBH66449,TST Respose 15,I am a student,14.0,neutral
stu_CETOG17008,TST Respose 9,basketball player,29.0,neutral
stu_YXJEP22115,TST Respose 6,I am a singer,26.0,neutral
stu_MMZHT88458,TST Respose 18,i am a nice person i think,44.0,positive
stu_MMZHT88458,TST Respose 18,i am a nice person i think,21.0,none
stu_WPVZY01902,TST Respose 3,I like rewards.,24.0,positive
stu_ROXAU39801,TST Respose 7,I am a MATHia superstar,14.0,positive
stu_WTRMC77187,TST Respose 5,Im mostly bored,45.0,negative
stu_DUOEM76163,TST Respose 6,My favorite color is blue,24.0,positive
stu_FASQN45304,TST Respose 10,I am someone who can speak Chinese.,25.0,neutral
stu_FASQN45304,TST Respose 10,I am someone who can speak Chinese.,22.0,chinesespeaker
stu_MYCLF44200,TST Respose 7,I love shoes.,30.0,positive
stu_MYCLF44200,TST Respose 7,I love shoes.,24.0,positive
stu_EUIXK95276,TST Respose 18,"I'm a student at the [SCHOOL NAME], I love dancing, singing, gym class, Art class, eating food",31.0,positive
stu_EUIXK95276,TST Respose 18,"I'm a student at the [SCHOOL NAME], I love dancing, singing, gym class, Art class, eating food",14.0,neutral
stu_EUIXK95276,TST Respose 18,"I'm a student at the [SCHOOL NAME], I love dancing, singing, gym class, Art class, eating food",24.0,positive
stu_EUIXK95276,TST Respose 18,"I'm a student at the [SCHOOL NAME], I love dancing, singing, gym class, Art class, eating food",26.0,positive
stu_EUIXK95276,TST Respose 18,"I'm a student at the [SCHOOL NAME], I love dancing, singing, gym class, Art class, eating food",29.0,positive
stu_OCRTY88035,TST Respose 8,I am someone that loves to be the want to be the funny one in the family.,44.0,positive
stu_BCRYB29652,TST Respose 5,I'm smert,43.0,positive
stu_BCRYB29652,TST Respose 5,I'm smert,25.0,positive
stu_IGWBR81023,TST Respose 16,i am shy with certain people,44.0,neutral
stu_JTZYY08754,TST Respose 16,dnd mean do not dasturd,48.0,none
stu_DHTXQ91573,TST Respose 13,I am a students from 6 grades,22.0,6thgrade
stu_DHTXQ91573,TST Respose 13,I am a students from 6 grades,4.0,6thgrade
stu_DHTXQ91573,TST Respose 13,I am a students from 6 grades,14.0,neutral
stu_HMQRZ27503,TST Respose 12,i speak four language .,25.0,neutral
stu_HMQRZ27503,TST Respose 12,i speak four language .,22.0,multilingual
stu_VSSOO37726,TST Respose 4,I like to play basketball,29.0,positive
stu_VSSOO37726,TST Respose 4,I like to play basketball,24.0,positive
stu_MZIVN56293,TST Respose 17,i go to a school in [SCHOOL DISTRICT],14.0,neutral
stu_YBWGX96937,TST Respose 5,i like PHYSICAL EDUCATION,24.0,positive
stu_YBWGX96937,TST Respose 5,i like PHYSICAL EDUCATION,14.0,positive
stu_LTSJK02079,TST Respose 4,I am a only child,22.0,onlychild
stu_LTSJK02079,TST Respose 4,I am a only child,12.0,neutral
stu_FBWGP41232,TST Respose 19,I'm really smart,43.0,positive
stu_FBWGP41232,TST Respose 19,I'm really smart,25.0,positive
stu_PFDTL78462,TST Respose 20,I am loyal. Thats it.,44.0,positive
stu_PJCOJ15115,TST Respose 14,I am a cashapp user,27.0,neutral
stu_MYCLF44200,TST Respose 11,I love Jesus.,24.0,positive
stu_MYCLF44200,TST Respose 11,I love Jesus.,16.0,christian
stu_MMZHT88458,TST Respose 1,i like games,31.0,positive
stu_MMZHT88458,TST Respose 1,i like games,24.0,positive
stu_NWRRC44615,TST Respose 20,i like candy,24.0,positive
stu_YBWGX96937,TST Respose 9,i like art,26.0,positive
stu_YBWGX96937,TST Respose 9,i like art,24.0,positive
stu_QEGJI54214,TST Respose 10,i am a game lover,31.0,positive
stu_QEGJI54214,TST Respose 10,i am a game lover,24.0,positive
stu_IDHIE84911,TST Respose 10,am lovely,44.0,positive
stu_KWLPL21630,TST Respose 7,I'm a student.,14.0,neutral
stu_HLKZL24322,TST Respose 11,a love for pizza,24.0,positive
stu_EXNUN73314,TST Respose 2,I am a reader,25.0,neutral
stu_QCKDZ64012,TST Respose 5,i play soccer,29.0,neutral
stu_CETOG17008,TST Respose 15,dumb,43.0,negative
stu_CETOG17008,TST Respose 15,dumb,25.0,negative
stu_NYHDW07721,TST Respose 9,Cousin of [FIRST LAST NAME],12.0,neutral
stu_NWVEW24693,TST Respose 4,I hate Math and English.,25.0,negative
stu_NWVEW24693,TST Respose 4,I hate Math and English.,24.0,negative
stu_QQMSX84242,TST Respose 5,a christan,16.0,christian
stu_SBUBU63586,TST Respose 9,i am a good freand,40.0,positive
stu_SBUBU63586,TST Respose 9,i am a good freand,10.0,positive
stu_TDURA35752,TST Respose 7,I am artistic,26.0,neutral
stu_HLKZL24322,TST Respose 17,i like pizza,24.0,positive
stu_EUWJA76858,TST Respose 18,I like iced tea.,24.0,positive
stu_SELBD60428,TST Respose 17,student,14.0,neutral
stu_QEGJI54214,TST Respose 15,i am a shoe lover,30.0,positive
stu_QEGJI54214,TST Respose 15,i am a shoe lover,24.0,positive
stu_KOIIB68446,TST Respose 14,my best firend is my little brother,12.0,nuetral
stu_KOIIB68446,TST Respose 14,my best firend is my little brother,10.0,neutral
stu_CWJCN88700,TST Respose 5,I am a owner of a cat,32.0,none
stu_WAWDW95831,TST Respose 10,I am good school.,14.0,positive
stu_ECYEC76336,TST Respose 17,I am a student ambassador,14.0,positive
stu_CWJCN88700,TST Respose 7,I am learning chinese,25.0,neutral
stu_VUNQZ79892,TST Respose 19,im a cool person,46.0,positive
stu_VUNQZ79892,TST Respose 19,im a cool person,21.0,none
stu_PSHPN85751,TST Respose 6,i play on playstation,28.0,neutral
stu_VQFBG95862,TST Respose 19,i am a good booy,40.0,positive
stu_VQFBG95862,TST Respose 19,i am a good booy,2.0,boy
stu_VKCWY07846,TST Respose 10,i have adhd,38.0,none
stu_ORUUL82324,TST Respose 17,I can speed-walk REALLY fast,29.0,positive
stu_XXEBH66449,TST Respose 5,I am a person who likes food,24.0,positive
stu_FUILC09238,TST Respose 19,i'm shy,44.0,neutral
stu_FNVBP19615,TST Respose 10,I love my friends.,24.0,positive
stu_FNVBP19615,TST Respose 10,I love my friends.,10.0,positive
stu_HEPWQ98561,TST Respose 19,i like going out,31.0,positive
stu_HEPWQ98561,TST Respose 19,i like going out,24.0,positive
stu_OFAWH83528,TST Respose 20,I like going to pools and the beach,31.0,positive
stu_OFAWH83528,TST Respose 20,I like going to pools and the beach,24.0,positive
stu_CNIXS57234,TST Respose 16,I have short hear,35.0,neutral
stu_MMZHT88458,TST Respose 14,i like cartoons,24.0,positive
stu_CDGKD03653,TST Respose 8,i love my dad,12.0,positive
stu_PUNZK45438,TST Respose 7,i like to go to the pool,31.0,positive
stu_PUNZK45438,TST Respose 7,i like to go to the pool,24.0,positive
stu_QHOON52054,TST Respose 9,I am the oldest child,22.0,oldestchild
stu_QHOON52054,TST Respose 9,I am the oldest child,12.0,neutral
stu_JERPG96865,TST Respose 9,i like dogs,24.0,positive
stu_QZOUO83023,TST Respose 15,Sometimes i like to watch a move,31.0,positive
stu_QZOUO83023,TST Respose 15,Sometimes i like to watch a move,24.0,positive
stu_UHXBA77476,TST Respose 18,I am an aunt,12.0,neutral
stu_UHXBA77476,TST Respose 18,I am an aunt,2.0,girl
stu_EHYTZ32137,TST Respose 13,math is my least favorite subject,14.0,negative
stu_MYCLF44200,TST Respose 5,I like math.,25.0,positive
stu_MYCLF44200,TST Respose 5,I like math.,24.0,positive
stu_WPVZY01902,TST Respose 20,I like PCs6,24.0,positive
stu_NMWSA27732,TST Respose 11,I love being in school,24.0,positive
stu_NMWSA27732,TST Respose 11,I love being in school,14.0,positive
stu_QFXDD68186,TST Respose 3,I'm an English speaker.,25.0,neutral
stu_QFXDD68186,TST Respose 3,I'm an English speaker.,22.0,englishspeaker
stu_PUHUL75671,TST Respose 4,honor student,14.0,positive
stu_WHBZD81732,TST Respose 12,yes i like icecream,24.0,positive
stu_IZQGI75719,TST Respose 2,I am a boy,2.0,boy
stu_CPVXX19825,TST Respose 5,My favirote color is red,24.0,positive
stu_TSQUQ54202,TST Respose 16,I am European and Cape Verdean.,7.0,european and cape verdean
stu_JOVOI38701,TST Respose 3,I am someone who likes to swim.,29.0,positive
stu_JOVOI38701,TST Respose 3,I am someone who likes to swim.,24.0,positive
stu_OFWAG94272,TST Respose 18,i have a lot of friends,10.0,positive
stu_DKGHS98193,TST Respose 3,i like red,24.0,positive
stu_STIXI97047,TST Respose 5,do something like make practice we can make at home.,48.0,none
stu_ANQAT24428,TST Respose 13,somebody who likes sour stuff,24.0,positive
stu_CETOG17008,TST Respose 2,african,7.0,african
stu_MYCLF44200,TST Respose 19,I like mcdonalds,24.0,positive
stu_FWPPR22255,TST Respose 18,I love my school,24.0,positive
stu_FWPPR22255,TST Respose 18,I love my school,14.0,positive
stu_IIOVZ06372,TST Respose 16,I dont really like math,25.0,negative
stu_IIOVZ06372,TST Respose 16,I dont really like math,24.0,negative
stu_EHXGF51692,TST Respose 9,I am a fan of money!!! YEA!,34.0,positive
stu_EHXGF51692,TST Respose 9,I am a fan of money!!! YEA!,24.0,positive
stu_LJAAE92948,TST Respose 9,My favorite subject is ELA,14.0,positive
stu_FBOFA96484,TST Respose 2,I am a soccer player,29.0,neutral
stu_QHOON52054,TST Respose 12,I am a good kid,40.0,positive
stu_QHOON52054,TST Respose 12,I am a good kid,4.0,child
stu_QHOON52054,TST Respose 12,I am a good kid,22.0,child
stu_UHXBA77476,TST Respose 8,I like math,25.0,positive
stu_UHXBA77476,TST Respose 8,I like math,24.0,positive
stu_ZUARE93356,TST Respose 1,I like to play soccer,29.0,positive
stu_ZUARE93356,TST Respose 1,I like to play soccer,24.0,positive
stu_XKMAG80800,TST Respose 15,I like more food,24.0,positive
stu_JOVOI38701,TST Respose 4,i am someone who likes the color orange,24.0,positive
stu_ROULI02103,TST Respose 1,i am dominican and haitian,7.0,dominican and haitian
stu_OQLOS45541,TST Respose 5,I'm a Cape Verdean.,7.0,cape verdean
stu_KJOZZ30475,TST Respose 15,Pronouns are she/her.,2.0,she/her
stu_MTCIM85775,TST Respose 9,I am a straight A student,14.0,positive
stu_AQNHF52456,TST Respose 2,capeverdean,7.0,cape verdean
stu_CETOG17008,TST Respose 8,man,2.0,man
stu_VUNQZ79892,TST Respose 11,im am a food lover,24.0,positive
stu_FVHVM49769,TST Respose 11,i like clash royale,28.0,positive
stu_FVHVM49769,TST Respose 11,i like clash royale,24.0,positive
stu_VTRUH97046,TST Respose 16,I am an honors in English and Math.,14.0,positive
stu_XHPVX80161,TST Respose 20,skibidi watcher i love to fanum taxer trump 2024,48.0,none
stu_VOXTG50835,TST Respose 20,I like giving people gifts,44.0,positive
stu_GXMFA19655,TST Respose 16,i am 14 year old singer,26.0,neutral
stu_GXMFA19655,TST Respose 16,i am 14 year old singer,4.0,14
stu_WDDQQ92015,TST Respose 10,i am a student,14.0,neutral
stu_CULOH75877,TST Respose 20,I love my family,24.0,positive
stu_CULOH75877,TST Respose 20,I love my family,12.0,positive
stu_RDOVU20570,TST Respose 2,I am a girl,2.0,girl
stu_LKAAV41369,TST Respose 17,I like cats,24.0,positive
stu_PJCOJ15115,TST Respose 13,i am a designer enjoyer,30.0,positive
stu_BCRYB29652,TST Respose 14,I like footboll,29.0,positive
stu_BCRYB29652,TST Respose 14,I like footboll,24.0,positive
stu_ERQCY81201,TST Respose 7,I am a girl who doesnt like to do her mathia,14.0,negative
stu_ERQCY81201,TST Respose 7,I am a girl who doesnt like to do her mathia,2.0,girl
stu_RDOVU20570,TST Respose 3,I am someone who likes food,24.0,positive
stu_SOWGI28002,TST Respose 6,I am someone who loves art,26.0,positive
stu_SOWGI28002,TST Respose 6,I am someone who loves art,24.0,positive
stu_YSQPA55709,TST Respose 2,im german,7.0,german
stu_WAWDW95831,TST Respose 9,I am good at swimming.,29.0,positive
stu_MXNSB23169,TST Respose 3,I like math.,25.0,positive
stu_MXNSB23169,TST Respose 3,I like math.,24.0,positive
stu_RDPGG44681,TST Respose 3,I am fun,46.0,positive
stu_MKEGQ97127,TST Respose 3,I'm a game lover.,28.0,positive
stu_OQLOS45541,TST Respose 1,I am [FIRST NAME].,5.0,none
stu_CLLRZ76280,TST Respose 15,My favorite meal of the day is breakfast,24.0,positive
stu_FVHVM49769,TST Respose 4,And half angolan,7.0,angolan
stu_KCRZD23226,TST Respose 16,I like play basket ball,29.0,positive
stu_KCRZD23226,TST Respose 16,I like play basket ball,24.0,positive
stu_MTCIM85775,TST Respose 12,I am funny,46.0,positive
stu_OMSFY97090,TST Respose 9,im a students,14.0,neutral
stu_HVWUJ52450,TST Respose 17,i like instagram,27.0,positive
stu_HVWUJ52450,TST Respose 17,i like instagram,24.0,positive
stu_CNIXS57234,TST Respose 7,I don't like math,25.0,negative
stu_CNIXS57234,TST Respose 7,I don't like math,24.0,negative
stu_RFRYE74718,TST Respose 17,I am a neat person,43.0,positive
stu_ANAWT41929,TST Respose 9,I love basketball shoes,30.0,positive
stu_ANAWT41929,TST Respose 9,I love basketball shoes,24.0,positive
stu_DUOEM76163,TST Respose 16,I'm 12 year old,4.0,12
stu_ZARRQ26344,TST Respose 12,i have one friend from my past school,10.0,neutral
stu_WZRKM29688,TST Respose 3,i like 2k,28.0,positive
stu_WZRKM29688,TST Respose 3,i like 2k,24.0,positive
stu_FQEST23326,TST Respose 11,a cousin,12.0,neutral
stu_GXMFA19655,TST Respose 4,i am dominican,7.0,dominican
stu_DUOEM76163,TST Respose 11,I like playing games,31.0,positive
stu_DUOEM76163,TST Respose 11,I like playing games,24.0,positive
stu_OCRTY88035,TST Respose 7,I am someone that loves math.,25.0,positive
stu_OCRTY88035,TST Respose 7,I am someone that loves math.,24.0,positive
stu_UTXBZ05806,TST Respose 3,i am someone who dose karate,29.0,neutral
stu_JVLXZ63894,TST Respose 11,[TEACHER] student,14.0,neutral
stu_EJIML93711,TST Respose 15,I like to talk to my friends,31.0,positive
stu_EJIML93711,TST Respose 15,I like to talk to my friends,10.0,positive
stu_EJIML93711,TST Respose 15,I like to talk to my friends,24.0,positive
stu_HVWUJ52450,TST Respose 3,I hev good vision,36.0,positive
stu_VOXTG50835,TST Respose 6,Im cape verdean.,7.0,cape verdean
stu_CPBCK00658,TST Respose 10,I like school because I can see my friend,24.0,positive
stu_CPBCK00658,TST Respose 10,I like school because I can see my friend,10.0,positive
stu_CPBCK00658,TST Respose 10,I like school because I can see my friend,14.0,positive
stu_TSQUQ54202,TST Respose 19,I am 5'1 and 1/2.,35.0,neutral
stu_BCRYB29652,TST Respose 10,I'm good at math,25.0,positive
stu_VGJIS59600,TST Respose 9,I enjoy wearing oversized shirts/hoodies,30.0,neutral
stu_VQFBG95862,TST Respose 16,i am a son,12.0,neutral
stu_VQFBG95862,TST Respose 16,i am a son,2.0,boy
stu_TRKWP48352,TST Respose 14,I am a person who finished there facts quiz,47.0,neutral
stu_NKHRJ04957,TST Respose 6,I like playing games,31.0,positive
stu_NKHRJ04957,TST Respose 6,I like playing games,24.0,positive
stu_ROXAU39801,TST Respose 13,I am a football player,29.0,neutral
stu_KWMWG76590,TST Respose 4,i like games,31.0,positive
stu_KWMWG76590,TST Respose 4,i like games,24.0,positive
stu_VSSOO37726,TST Respose 7,I like my math teacher,24.0,positive
stu_VSSOO37726,TST Respose 7,I like my math teacher,14.0,positive
stu_YXBHV58732,TST Respose 4,I like to play basketball,29.0,positive
stu_YXBHV58732,TST Respose 4,I like to play basketball,24.0,positive
stu_SBUBU63586,TST Respose 6,i am a advisor,44.0,positive
stu_IKUOQ66846,TST Respose 20,kind,44.0,positive
stu_KCDEU07486,TST Respose 20,I am [FIRST LAST NAME],5.0,none
stu_ERQCY81201,TST Respose 15,I am a girl who has never built an iglo.,31.0,negative
stu_ERQCY81201,TST Respose 15,I am a girl who has never built an iglo.,2.0,girl
stu_NWRRC44615,TST Respose 3,i wear glasses,35.0,neutral
stu_MZIVN56293,TST Respose 5,im 13 years old,4.0,13
stu_QEGJI54214,TST Respose 2,i am a taco,48.0,neutral
stu_CLLRZ76280,TST Respose 12,I like dogs,24.0,positive
stu_CULOH75877,TST Respose 17,I play games,28.0,neutral
stu_CPAQO78519,TST Respose 1,I am someone how loves soccer,29.0,positive
stu_CPAQO78519,TST Respose 1,I am someone how loves soccer,24.0,positive
stu_DERZZ01872,TST Respose 9,Gym is my favorite specialist,14.0,positive
stu_WPVZY01902,TST Respose 4,I like gym.,24.0,positive
stu_WPVZY01902,TST Respose 4,I like gym.,14.0,positive
stu_WEADW20158,TST Respose 16,i like hanging out with my friends,31.0,positive
stu_WEADW20158,TST Respose 16,i like hanging out with my friends,10.0,positive
stu_WEADW20158,TST Respose 16,i like hanging out with my friends,24.0,positive
stu_CINVJ49388,TST Respose 8,cyberpunk 2077 player,28.0,neutral
stu_ABSGH36082,TST Respose 8,I want a hamster,33.0,none
stu_MKGYA55892,TST Respose 3,a artist,26.0,neutral
stu_MIJEQ06664,TST Respose 8,I like to play games,31.0,positive
stu_MIJEQ06664,TST Respose 8,I like to play games,24.0,positive
stu_UYFTQ45542,TST Respose 13,I am a person with most drip,46.0,positive
stu_WXAMH04104,TST Respose 12,i like school,24.0,positive
stu_WXAMH04104,TST Respose 12,i like school,14.0,positive
stu_HVWUJ52450,TST Respose 18,i like youtube,27.0,positive
stu_HVWUJ52450,TST Respose 18,i like youtube,24.0,positive
stu_JVLXZ63894,TST Respose 5,band student,26.0,neutral
stu_JVLXZ63894,TST Respose 5,band student,14.0,neutral
stu_WTRMC77187,TST Respose 13,i am mostly good at solving math equations,25.0,positive
stu_MRIWT64391,TST Respose 18,I like games,31.0,positive
stu_MRIWT64391,TST Respose 18,I like games,24.0,positive
stu_IDHIE84911,TST Respose 20,i love smart cat,24.0,positive
stu_RUBQU39803,TST Respose 2,i am a athlete who play soccer and does track,29.0,neutral
stu_BDAZF88230,TST Respose 11,I am a confident person,45.0,positive
stu_BDAZF88230,TST Respose 11,I am a confident person,43.0,positive
stu_CINVJ49388,TST Respose 3,band kid,26.0,neutral
stu_CINVJ49388,TST Respose 3,band kid,4.0,child
stu_CINVJ49388,TST Respose 3,band kid,22.0,bandkid
stu_ZQMQQ26810,TST Respose 15,i love jordens,30.0,positive
stu_ZQMQQ26810,TST Respose 15,i love jordens,24.0,positive
stu_JUQPD47363,TST Respose 10,I am good with kids.,44.0,positive
stu_TRKWP48352,TST Respose 3,I am a person who favorite color is sky blue,24.0,positive
stu_AQNHF52456,TST Respose 12,funny,46.0,positive
stu_JUQPD47363,TST Respose 9,I come from an italian/english speaking hous.,25.0,neutral
stu_JUQPD47363,TST Respose 9,I come from an italian/english speaking hous.,22.0,englishspeakeranditalianspeaker
stu_NXWSI70882,TST Respose 3,a person who memorized 61 digits of pi,25.0,positive
stu_JERPG96865,TST Respose 14,i like stocks and money,34.0,positive
stu_JERPG96865,TST Respose 14,i like stocks and money,24.0,positive
stu_ROXAU39801,TST Respose 8,I am a videogame player,28.0,neutral
stu_FBOFA96484,TST Respose 14,"i am somebody whose fav math teachers are [TEACHER], [TEACHER]",14.0,positive
stu_WDDQQ92015,TST Respose 4,i am a student,14.0,neutral
stu_NZWIU92234,TST Respose 10,I can cook rise,43.0,positive
stu_LKAAV41369,TST Respose 1,I do gymnastics,29.0,neutral
stu_NWVEW24693,TST Respose 3,I like pink,24.0,positive
stu_XHGVP79664,TST Respose 20,I like converse sneakers,30.0,positive
stu_XHGVP79664,TST Respose 20,I like converse sneakers,24.0,positive
stu_DJCZE13885,TST Respose 8,I like to play board games.,31.0,positive
stu_DJCZE13885,TST Respose 8,I like to play board games.,24.0,positive
stu_EHXGF51692,TST Respose 11,I am a fan of math.,25.0,positive
stu_EHXGF51692,TST Respose 11,I am a fan of math.,24.0,positive
stu_SBUBU63586,TST Respose 15,i am a chiled,22.0,child
stu_SBUBU63586,TST Respose 15,i am a chiled,4.0,child
stu_NXWSI70882,TST Respose 6,one of the smartest people in my math class,43.0,positive
stu_NXWSI70882,TST Respose 6,one of the smartest people in my math class,14.0,positive
stu_NXWSI70882,TST Respose 6,one of the smartest people in my math class,25.0,positive
stu_VSSOO37726,TST Respose 9,I like lunch,24.0,positive
stu_VSSOO37726,TST Respose 9,I like lunch,14.0,positive
stu_CDGKD03653,TST Respose 1,i am black,6.0,black
stu_OCRTY88035,TST Respose 15,I am someone that want to go to college.,14.0,positive
stu_CPAQO78519,TST Respose 11,I am someone who likes to party,31.0,positive
stu_CPAQO78519,TST Respose 11,I am someone who likes to party,24.0,positive
stu_WEADW20158,TST Respose 3,i used to play baseball,29.0,neutral
stu_KOUYR40301,TST Respose 1,I am [FIRST NAME],5.0,none
stu_CJHBB29429,TST Respose 13,I like amusement parks,24.0,positive
stu_BDAZF88230,TST Respose 18,I am a person with many interest,41.0,positive
stu_WTRMC77187,TST Respose 9,I like racing games,28.0,positive
stu_WTRMC77187,TST Respose 9,I like racing games,24.0,positive
stu_YNVPH88845,TST Respose 9,I love grandma,24.0,positive
stu_YNVPH88845,TST Respose 9,I love grandma,12.0,positive
stu_SJNFF34466,TST Respose 11,dog lover,24.0,positive
stu_ZQMQQ26810,TST Respose 19,i am a cool person,46.0,positive
stu_ZQMQQ26810,TST Respose 19,i am a cool person,21.0,none
stu_BCRYB29652,TST Respose 18,I like you tube,27.0,positive
stu_BCRYB29652,TST Respose 18,I like you tube,24.0,positive
stu_KWMWG76590,TST Respose 2,i have a ps5,32.0,none
stu_VUNQZ79892,TST Respose 20,im a candy lover,24.0,positive
stu_MKEGQ97127,TST Respose 14,I'm a colorful clothe lover,30.0,positive
stu_MKEGQ97127,TST Respose 14,I'm a colorful clothe lover,24.0,positive
stu_NXWSI70882,TST Respose 7,"A person who likes collectables like coins, (Should add collectable items with rarity to collect in an inventory.",24.0,positive
stu_RNIHY62490,TST Respose 19,My parents are from Africa,12.0,neutral
stu_RNIHY62490,TST Respose 19,My parents are from Africa,7.0,african
stu_XHPVX80161,TST Respose 16,a punchmade dev listener,26.0,neutral
stu_WZRKM29688,TST Respose 10,i like patriots,24.0,positive
stu_VKCWY07846,TST Respose 9,i dont like math,25.0,negative
stu_VKCWY07846,TST Respose 9,i dont like math,24.0,negative
stu_XXEBH66449,TST Respose 11,I am a student,14.0,neutral
stu_ROXAU39801,TST Respose 5,I am a lacrosse player,29.0,neutral
stu_ANAWT41929,TST Respose 5,I love math,25.0,positive
stu_ANAWT41929,TST Respose 5,I love math,24.0,positive
stu_UEYTM01990,TST Respose 15,I am kind,44.0,positive
stu_PKXZK94759,TST Respose 18,I love sunsets,24.0,positive
stu_MMZHT88458,TST Respose 16,i go to school:(,14.0,negative
stu_SOWGI28002,TST Respose 3,I am someone who has a god-daughter,12.0,neutral
stu_DJCZE13885,TST Respose 2,I like to read.,25.0,positive
stu_DJCZE13885,TST Respose 2,I like to read.,24.0,positive
stu_WXAMH04104,TST Respose 11,i like mac n' cheese,24.0,positive
stu_AHWRN95528,TST Respose 11,I am someone who loves art,26.0,positive
stu_AHWRN95528,TST Respose 11,I am someone who loves art,24.0,positive
stu_WEADW20158,TST Respose 8,in in 6th grade,22.0,6thgrade
stu_WEADW20158,TST Respose 8,in in 6th grade,4.0,6thgrade
stu_WEADW20158,TST Respose 8,in in 6th grade,14.0,neutral
stu_FBWGP41232,TST Respose 14,I like my friends ( sometimes),24.0,positive
stu_FBWGP41232,TST Respose 14,I like my friends ( sometimes),10.0,positive
stu_ZQMQQ26810,TST Respose 18,i like video games,28.0,positive
stu_ZQMQQ26810,TST Respose 18,i like video games,24.0,positive
stu_NRKZA72454,TST Respose 14,I hate math.,25.0,negative
stu_NRKZA72454,TST Respose 14,I hate math.,24.0,negative
stu_WDDQQ92015,TST Respose 17,i am a student,14.0,neutral
stu_PFDTL78462,TST Respose 16,I have about 3 befriends.,10.0,positive
stu_WAFQN21754,TST Respose 15,I am confident,45.0,positive
stu_WAFQN21754,TST Respose 15,I am confident,43.0,positive
stu_KOUYR40301,TST Respose 6,i play Fortnite and im level 33,28.0,neutral
stu_TRKWP48352,TST Respose 6,I am a person who likes math,25.0,positive
stu_IGLSS89625,TST Respose 2,i like math classe,24.0,positive
stu_IGLSS89625,TST Respose 2,i like math classe,14.0,positive
stu_WAFQN21754,TST Respose 11,I am scholarly,25.0,positive
stu_SELBD60428,TST Respose 8,[FIRST LAST NAME],5.0,none
stu_KJOZZ30475,TST Respose 16,I'm straight.,3.0,straight
stu_DERZZ01872,TST Respose 2,I like math,25.0,positive
stu_DERZZ01872,TST Respose 2,I like math,24.0,positive
stu_XHGVP79664,TST Respose 14,I like music,24.0,positive
stu_CPVXX19825,TST Respose 1,I am athletic,29.0,neutral
stu_ZARRQ26344,TST Respose 6,I have 4 sisters and 3 brothers,12.0,neutral
stu_JUQPD47363,TST Respose 14,I am more fond of work on paper.,14.0,positive
stu_DKGHS98193,TST Respose 10,i like to roller skate,29.0,positive
stu_DKGHS98193,TST Respose 10,i like to roller skate,24.0,positive
stu_WCANG48942,TST Respose 14,I wish mathia was more understanding.,47.0,neutral
stu_WCANG48942,TST Respose 14,I wish mathia was more understanding.,14.0,neutral
stu_VGJIS59600,TST Respose 1,I am a non-binary,2.0,nonbinary
stu_WBAVA84528,TST Respose 12,i like visiting family members,31.0,positive
stu_WBAVA84528,TST Respose 12,i like visiting family members,11.0,positive
stu_WBAVA84528,TST Respose 12,i like visiting family members,24.0,positive
stu_RNIHY62490,TST Respose 2,I am in 6th grade,22.0,6thgrade
stu_RNIHY62490,TST Respose 2,I am in 6th grade,4.0,6thgrade
stu_RNIHY62490,TST Respose 2,I am in 6th grade,14.0,neutral
stu_WCANG48942,TST Respose 7,I love roblox.,28.0,positive
stu_WCANG48942,TST Respose 7,I love roblox.,24.0,positive
stu_IZQGI75719,TST Respose 10,I'm cape verdean,7.0,cape verdean
stu_IIOVZ06372,TST Respose 2,i like lunch time,24.0,positive
stu_IIOVZ06372,TST Respose 2,i like lunch time,14.0,positive
stu_PSHZT50501,TST Respose 20,I am a pretty chill person,45.0,positive
stu_CINVJ49388,TST Respose 6,histroin,48.0,none
stu_LJAAE92948,TST Respose 8,I'm a student,14.0,neutral
stu_OAZKI17777,TST Respose 9,[LETTER OF NAME],5.0,none
stu_UJNMI16598,TST Respose 5,Daughter,12.0,neutral
stu_UJNMI16598,TST Respose 5,Daughter,2.0,girl
stu_STIXI97047,TST Respose 4,I would like it to be more fun but it is fun.,24.0,neutral
stu_FWPPR22255,TST Respose 2,i speak english,25.0,neutral
stu_FWPPR22255,TST Respose 2,i speak english,22.0,englishspeaker
stu_ANAWT41929,TST Respose 8,I love leaning,25.0,positive
stu_ANAWT41929,TST Respose 8,I love leaning,24.0,positive
stu_VFKRH03938,TST Respose 2,i am a uncle,12.0,neutral
stu_VFKRH03938,TST Respose 2,i am a uncle,2.0,boy
stu_CNIXS57234,TST Respose 10,I don't like qizes,14.0,negative
stu_XHPVX80161,TST Respose 18,tender defender,48.0,none
stu_ZARRQ26344,TST Respose 3,I play football and hockey,29.0,neutral
stu_YBWGX96937,TST Respose 19,i like to play game,31.0,positive
stu_YBWGX96937,TST Respose 19,i like to play game,24.0,positive
stu_BJJXN95776,TST Respose 15,I like Steph curry,29.0,positive
stu_BJJXN95776,TST Respose 15,I like Steph curry,24.0,positive
stu_WAWDW95831,TST Respose 1,I am short.,35.0,neutral
stu_WCANG48942,TST Respose 13,I like water.,24.0,positive
stu_WWNBY52737,TST Respose 3,I am Cape Verdean,7.0,cape verdean
stu_QCKDZ64012,TST Respose 16,i eat a lot,31.0,neutral
stu_DKGHS98193,TST Respose 5,i like having my nails done,30.0,positive
stu_DKGHS98193,TST Respose 5,i like having my nails done,24.0,positive
stu_SULZI60933,TST Respose 15,I'm in 6 grade,22.0,6thgrade
stu_SULZI60933,TST Respose 15,I'm in 6 grade,4.0,6thgrade
stu_SULZI60933,TST Respose 15,I'm in 6 grade,14.0,neutral
stu_BCRYB29652,TST Respose 11,I'm tale,48.0,neutral
stu_THKBG93560,TST Respose 9,A basketball player in training,29.0,neutral
stu_FHADA27602,TST Respose 11,i am a middle child of 5 kids.,22.0,middlechild
stu_FHADA27602,TST Respose 11,i am a middle child of 5 kids.,12.0,neutral
stu_PYEUW09959,TST Respose 4,I love to learn,25.0,positive
stu_PYEUW09959,TST Respose 4,I love to learn,24.0,positive
stu_GXIYC47970,TST Respose 7,i am a person who speaks 2 languages,43.0,positive
stu_GXIYC47970,TST Respose 7,i am a person who speaks 2 languages,25.0,positive
stu_CPVXX19825,TST Respose 6,I am from cape verde,7.0,cape verdean
stu_VOXTG50835,TST Respose 8,I like scary movies,24.0,positive
stu_WDDQQ92015,TST Respose 20,i am a student,14.0,neutral
stu_CDGKD03653,TST Respose 2,i am cape verean,7.0,cape verdean
stu_FUILC09238,TST Respose 6,im english speaking,25.0,neutral
stu_FUILC09238,TST Respose 6,im english speaking,22.0,englishspeaker
stu_MTCIM85775,TST Respose 17,A good listener,44.0,positive
stu_BCRYB29652,TST Respose 4,I'm fun,46.0,positive
stu_CNIXS57234,TST Respose 18,I don't like school,14.0,negative
stu_FBWGP41232,TST Respose 16,I play on my ps5,28.0,neutral
stu_XUDYN03051,TST Respose 8,I have an litle sister,12.0,neutral
stu_CPVXX19825,TST Respose 12,I am a 6th grader,22.0,6thgrade
stu_CPVXX19825,TST Respose 12,I am a 6th grader,4.0,6thgrade
stu_CPVXX19825,TST Respose 12,I am a 6th grader,14.0,neutral
stu_PYEUW09959,TST Respose 6,I like to play horror games,28.0,positive
stu_PYEUW09959,TST Respose 6,I like to play horror games,24.0,positive
stu_WWNBY52737,TST Respose 16,I am apart of mock appeal.,31.0,neutral
stu_RFRYE74718,TST Respose 7,I am caring.,45.0,positive
stu_KCRZD23226,TST Respose 10,I need a job for help myself,13.0,neutral
stu_SULZI60933,TST Respose 1,[FIRST LAST NAME],5.0,none
stu_JTZYY08754,TST Respose 18,"i love Haitian, Jamaican  that's it",24.0,positive
stu_TDURA35752,TST Respose 13,I am kind,44.0,positive
stu_IIOVZ06372,TST Respose 3,i like facetiming my friends and cousin,31.0,positive
stu_IIOVZ06372,TST Respose 3,i like facetiming my friends and cousin,10.0,positive
stu_IIOVZ06372,TST Respose 3,i like facetiming my friends and cousin,12.0,positive
stu_IIOVZ06372,TST Respose 3,i like facetiming my friends and cousin,24.0,positive
stu_WQGUY90279,TST Respose 2,I'm 11-12 yrs old,4.0,11
stu_KWLPL21630,TST Respose 10,My favorite food is Haitian food.,24.0,positive
stu_DKGHS98193,TST Respose 16,i have 5 sibling only one is blood.,12.0,neutral
stu_AHWRN95528,TST Respose 5,I am someone who likes the color green,24.0,positive
stu_PUNZK45438,TST Respose 11,i like play fortnite,27.0,positive
stu_PUNZK45438,TST Respose 11,i like play fortnite,24.0,positive
stu_DJCZE13885,TST Respose 20,I am amazing.,43.0,positive
stu_MXNSF14478,TST Respose 11,I like sports.,29.0,positive
stu_MXNSF14478,TST Respose 11,I like sports.,24.0,positive
stu_CWQDV67579,TST Respose 3,I am a gamer,28.0,neutral
stu_MMNSJ38829,TST Respose 18,I like the color baby green.,24.0,positive
stu_XXEBH66449,TST Respose 7,I am an English speaking person,25.0,neutral
stu_XXEBH66449,TST Respose 7,I am an English speaking person,22.0,englishspeaker
stu_CQRFU18177,TST Respose 18,I love the sunriz,24.0,positive
stu_VOXTG50835,TST Respose 1,I am [FIRST NAME],5.0,none
stu_FSPCV10901,TST Respose 16,I like to read.,25.0,positive
stu_FSPCV10901,TST Respose 16,I like to read.,24.0,positive
stu_PXDPN73068,TST Respose 2,I dont like math,25.0,negative
stu_PXDPN73068,TST Respose 2,I dont like math,24.0,negative
stu_UJNMI16598,TST Respose 19,Straight,3.0,straight
stu_WWNBY52737,TST Respose 17,I am a peer leader,43.0,positive
stu_WWNBY52737,TST Respose 17,I am a peer leader,14.0,positive
stu_OIYXZ27717,TST Respose 16,I am someone who likes to draw,26.0,positive
stu_OIYXZ27717,TST Respose 16,I am someone who likes to draw,24.0,positive
stu_ERQCY81201,TST Respose 10,I am a girl who loves mcds.,24.0,positive
stu_ERQCY81201,TST Respose 10,I am a girl who loves mcds.,2.0,girl
stu_JOKOV89559,TST Respose 16,I am someone loves lip gloss,30.0,positive
stu_JOKOV89559,TST Respose 16,I am someone loves lip gloss,24.0,positive
stu_FQKSK24193,TST Respose 11,i like coryxkinshen,27.0,positive
stu_FQKSK24193,TST Respose 11,i like coryxkinshen,24.0,positive
stu_JPMJO86637,TST Respose 12,I love all my teacher.,24.0,positive
stu_JPMJO86637,TST Respose 12,I love all my teacher.,14.0,positive
stu_KWMWG76590,TST Respose 17,i help people with there work,44.0,positive
stu_KWMWG76590,TST Respose 17,i help people with there work,41.0,positive
stu_PSHZT50501,TST Respose 8,I am a person who plays a lot of games,31.0,neutral
stu_QFXDD68186,TST Respose 14,I like to do my makeup.,30.0,positive
stu_QFXDD68186,TST Respose 14,I like to do my makeup.,24.0,positive
stu_CNIXS57234,TST Respose 5,I like gym,24.0,positive
stu_CNIXS57234,TST Respose 5,I like gym,14.0,positive
stu_PJCOJ15115,TST Respose 7,I am a money maker,34.0,positive
stu_PJCOJ15115,TST Respose 7,I am a money maker,13.0,positive
stu_RUZUK44953,TST Respose 8,I am someone who wears glasses,35.0,neutral
stu_ZUARE93356,TST Respose 16,My favorite candy is freeze dried skittles,24.0,positive
stu_WHBZD81732,TST Respose 9,i like sneakers,30.0,positive
stu_WHBZD81732,TST Respose 9,i like sneakers,24.0,positive
stu_IGWBR81023,TST Respose 9,i have curly hair,35.0,neutral
stu_YPZIM54297,TST Respose 10,I am someone who loves to talk sometimes,45.0,positive
stu_YPZIM54297,TST Respose 10,I am someone who loves to talk sometimes,24.0,positive
stu_PFDTL78462,TST Respose 4,I want to be a writer when I'm older.,13.0,positive
stu_IKUOQ66846,TST Respose 11,"6,2",35.0,neutral
stu_FQEST23326,TST Respose 19,I love my nana and aunt yaya,24.0,positive
stu_FQEST23326,TST Respose 19,I love my nana and aunt yaya,12.0,positive
stu_MMNSJ38829,TST Respose 17,I like gym class.,24.0,positive
stu_MMNSJ38829,TST Respose 17,I like gym class.,14.0,positive
stu_JPMJO86637,TST Respose 3,i'm a cat lover,24.0,positive
stu_WAFQN21754,TST Respose 16,I am accomplished,43.0,positive
stu_CULOH75877,TST Respose 18,I go to church,23.0,church-goer
stu_PSHZT50501,TST Respose 14,I am a good-behaving person,40.0,positive
stu_QHOON52054,TST Respose 16,I am white,6.0,white
stu_QEGJI54214,TST Respose 9,i am a watermelon lover,24.0,positive
stu_VGJIS59600,TST Respose 18,I dislike summer more than winter,24.0,negative
stu_DZJHT48666,TST Respose 15,I like nails,30.0,positive
stu_DZJHT48666,TST Respose 15,I like nails,24.0,positive
stu_WPVZY01902,TST Respose 11,I like cat,24.0,positive
stu_KCRZD23226,TST Respose 7,I love eating,24.0,positive
stu_LTSJK02079,TST Respose 13,I collect rocks and gems,31.0,neutral
stu_CHVFQ54169,TST Respose 14,I love writing books.,25.0,positive
stu_CHVFQ54169,TST Respose 14,I love writing books.,24.0,positive
stu_KOUYR40301,TST Respose 8,i like sports,29.0,positive
stu_KOUYR40301,TST Respose 8,i like sports,24.0,positive
stu_EHYTZ32137,TST Respose 6,I hate school,24.0,negative
stu_EHYTZ32137,TST Respose 6,I hate school,14.0,negative
stu_WBAVA84528,TST Respose 18,i like dairy queen,24.0,positive
stu_WQGUY90279,TST Respose 7,I'm in 6th grade,22.0,6thgrade
stu_WQGUY90279,TST Respose 7,I'm in 6th grade,4.0,6thgrade
stu_WQGUY90279,TST Respose 7,I'm in 6th grade,14.0,neutral
stu_VOXTG50835,TST Respose 2,Im a student,14.0,neutral
stu_PYEUW09959,TST Respose 15,I like to play Nintendo with my sister,28.0,positive
stu_PYEUW09959,TST Respose 15,I like to play Nintendo with my sister,11.0,positive
stu_PYEUW09959,TST Respose 15,I like to play Nintendo with my sister,24.0,positive
stu_CINVJ49388,TST Respose 4,trumpent player,26.0,neutral
stu_CETOG17008,TST Respose 4,soccer player,29.0,neutral
stu_YPZIM54297,TST Respose 5,I am an afercain Amarican,7.0,african american
stu_FBWGP41232,TST Respose 20,I like flowers,24.0,positive
stu_TFTDG28078,TST Respose 4,A mixed girl,6.0,mixed
stu_TFTDG28078,TST Respose 4,A mixed girl,2.0,girl
stu_EHYTZ32137,TST Respose 1,I'm a student,14.0,neutral
stu_PYEUW09959,TST Respose 11,I like to hang out with my friends,31.0,positive
stu_PYEUW09959,TST Respose 11,I like to hang out with my friends,10.0,positive
stu_PYEUW09959,TST Respose 11,I like to hang out with my friends,24.0,positive
stu_WCANG48942,TST Respose 11,I am a student.,14.0,neutral
stu_QPHPK12517,TST Respose 11,i love chicken,24.0,positive
stu_CWQDV67579,TST Respose 10,I like games,31.0,positive
stu_CWQDV67579,TST Respose 10,I like games,24.0,positive
stu_RDPGG44681,TST Respose 13,I am trying to find the right people to hang out with,45.0,neutral
stu_RDPGG44681,TST Respose 13,I am trying to find the right people to hang out with,10.0,positive
stu_JVLXZ63894,TST Respose 13,[TEACHER] student,14.0,neutral
stu_WRQAA62017,TST Respose 3,I like math,25.0,positive
stu_WRQAA62017,TST Respose 3,I like math,24.0,positive
stu_UEVQJ25414,TST Respose 11,im  haitian,7.0,haitian
stu_CINVJ49388,TST Respose 5,Saxophone player,26.0,neutral
stu_CPAQO78519,TST Respose 15,I am someone who loves the beach,24.0,positive
stu_AQNHF52456,TST Respose 3,smart,43.0,positive
stu_CDXSC86692,TST Respose 10,I am a person that wants to sky dive when am older,29.0,positive
stu_CDXSC86692,TST Respose 10,I am a person that wants to sky dive when am older,20.0,none
stu_FHADA27602,TST Respose 13,my favorite candy is air heads.,24.0,positive
stu_NWRRC44615,TST Respose 18,i like sprite,24.0,positive
stu_PFDTL78462,TST Respose 3,My favorite subject is English.,25.0,positive
stu_PFDTL78462,TST Respose 3,My favorite subject is English.,14.0,neutal
stu_PFDTL78462,TST Respose 3,My favorite subject is English.,24.0,positive
stu_FVHVM49769,TST Respose 13,i have 8 pairs of shoes,30.0,none
stu_UJNMI16598,TST Respose 6,Grandaughter,11.0,neutral
stu_UJNMI16598,TST Respose 6,Grandaughter,2.0,girl
stu_BJJXN95776,TST Respose 5,I love work,24.0,positive
stu_BJJXN95776,TST Respose 5,I love work,12.0,positive
stu_PFDTL78462,TST Respose 6,I hope to be fluent in Spanish when I am older.,25.0,positive
stu_VQFBG95862,TST Respose 17,i am a genuis,41.0,positive
stu_CNIFN64507,TST Respose 17,im bajan,7.0,bajan
stu_CDXSC86692,TST Respose 5,I am a person that has a cat,30.0,none
stu_CDXSC86692,TST Respose 5,I am a person that has a cat,20.0,none
stu_VNSDU81090,TST Respose 5,my favorite color is blue and red,24.0,positive
stu_CJHBB29429,TST Respose 1,I am a person that likes basketball,29.0,positive
stu_CJHBB29429,TST Respose 1,I am a person that likes basketball,20.0,none
stu_CJHBB29429,TST Respose 1,I am a person that likes basketball,23.0,positive
stu_MKEGQ97127,TST Respose 5,I'm an animal lover,24.0,positive
stu_FBOFA96484,TST Respose 12,i like to spend time with my family,24.0,positive
stu_FBOFA96484,TST Respose 12,i like to spend time with my family,11.0,positive
stu_CLLRZ76280,TST Respose 9,I like traveling,29.0,positive
stu_CLLRZ76280,TST Respose 9,I like traveling,24.0,positive
stu_JOVOI38701,TST Respose 7,I am a person who likes ice cream.,24.0,positive
stu_JOVOI38701,TST Respose 7,I am a person who likes ice cream.,20.0,none
stu_ERQCY81201,TST Respose 8,I am a girl who loves to bake,29.0,positive
stu_ERQCY81201,TST Respose 8,I am a girl who loves to bake,2.0,girl
stu_ERQCY81201,TST Respose 8,I am a girl who loves to bake,24.0,positive
stu_FQKSK24193,TST Respose 12,i like foot ball,29.0,positive
stu_FQKSK24193,TST Respose 12,i like foot ball,24.0,positive
stu_NZWIU92234,TST Respose 4,i have 14 siblings,11.0,neutral
stu_MTCIM85775,TST Respose 11,I am scholarly,25.0,positive
stu_CETOG17008,TST Respose 12,babysitter,12.0,neutral
stu_UAFAK64772,TST Respose 13,funny,44.0,positive
stu_JOKOV89559,TST Respose 17,I am someone who loves being clean,24.0,positive
stu_WEADW20158,TST Respose 7,my favorite show is spongebob,24.0,positive
stu_PUHUL75671,TST Respose 12,hate halloween,24.0,negative
stu_VUNQZ79892,TST Respose 10,im a shy person,42.0,neutral
stu_VUNQZ79892,TST Respose 10,im a shy person,20.0,none
stu_AHWRN95528,TST Respose 17,I am someone who likes laughing,43.0,positive
stu_AHWRN95528,TST Respose 17,I am someone who likes laughing,24.0,positive
stu_SJXEZ38047,TST Respose 16,I love cachpu,24.0,positive
stu_FWPPR22255,TST Respose 3,Iamm,48.0,none
stu_UYUIH18635,TST Respose 6,I like art,26.0,positive
stu_UYUIH18635,TST Respose 6,I like art,24.0,positive
stu_JERPG96865,TST Respose 4,i like cars,24.0,positive
stu_QOGPO20181,TST Respose 14,l speak cape verdean creole,25.0,neutral
stu_QOGPO20181,TST Respose 14,l speak cape verdean creole,22.0,speakscapeverdean
stu_ECYEC76336,TST Respose 11,I am someone who has dark brown hair,33.0,neutral
stu_ERQCY81201,TST Respose 13,I am a proud capeverdean.,7.0,cape verdean
stu_UEDQL23543,TST Respose 2,student,14.0,neutral
stu_LVOOZ80056,TST Respose 13,I am a volleyball player.,29.0,neutral
stu_IKUOQ66846,TST Respose 2,I'm a Cape Verde,7.0,cape verdean
stu_KCDEU07486,TST Respose 7,I'm good at singing,26.0,positive
stu_SIWRL23181,TST Respose 2,i am hard working,39.0,positive
stu_WRQAA62017,TST Respose 20,I like cars,24.0,positive
stu_EQSJM78476,TST Respose 9,i like the music from the weekend,26.0,positive
stu_EQSJM78476,TST Respose 9,i like the music from the weekend,24.0,positive
stu_NWVEW24693,TST Respose 13,i love roblox,28.0,positive
stu_NWVEW24693,TST Respose 13,i love roblox,24.0,positive
stu_KJOZZ30475,TST Respose 17,I stress a lot over little things.,44.0,negative
stu_DUOEM76163,TST Respose 4,I speak English,25.0,neutral
stu_DUOEM76163,TST Respose 4,I speak English,22.0,speaksenglish
stu_FQKSK24193,TST Respose 10,i like play stuff outside of school,29.0,neutral
stu_HMQRZ27503,TST Respose 10,I am the last kids,48.0,none
stu_CDGKD03653,TST Respose 10,i am in 6 grade,22.0,sixthgrader
stu_CDGKD03653,TST Respose 10,i am in 6 grade,4.0,child
stu_CDGKD03653,TST Respose 10,i am in 6 grade,14.0,neutral
stu_CDXSC86692,TST Respose 15,I am the person that want it to snow every day,21.0,none
stu_VTRUH97046,TST Respose 17,I love suhi.,24.0,positive
stu_MMZHT88458,TST Respose 5,i love pizza,24.0,positive
stu_DJCZE13885,TST Respose 7,I like moving and doing things like traveling.,31.0,positive
stu_DJCZE13885,TST Respose 7,I like moving and doing things like traveling.,24.0,positive
stu_GXMFA19655,TST Respose 11,i am [FIRST NAME],5.0,none
stu_FASQN45304,TST Respose 12,I am someone who is from [LOCATION].,9.0,none
stu_QACJQ31561,TST Respose 18,i have a twin sister,11.0,neutral
stu_VGJIS59600,TST Respose 3,I'm also an older sister of one,11.0,neutral
stu_VGJIS59600,TST Respose 3,I'm also an older sister of one,2.0,girl
stu_UYFTQ45542,TST Respose 14,i am a person whos nice and never cruel,42.0,positive
stu_UYFTQ45542,TST Respose 14,i am a person whos nice and never cruel,21.0,none
stu_NWVEW24693,TST Respose 5,i have three sisters and i'm the oldest.,11.0,neutral
stu_MZIVN56293,TST Respose 1,I am [FIRST NAME],5.0,none
stu_ECYEC76336,TST Respose 12,I am a student,14.0,neutral
stu_WRQAA62017,TST Respose 19,I like money,24.0,positive
stu_FHADA27602,TST Respose 14,i am black African American.,6.0,african american
stu_ORUUL82324,TST Respose 19,I don't like vegetables (except for cute-cumbers),24.0,negative
stu_DJCZE13885,TST Respose 15,I'm lactose intolerant.,36.0,negative
stu_FQKSK24193,TST Respose 20,i like shows,24.0,positive
stu_CHVFQ54169,TST Respose 5,My favorite color is light purple.,24.0,positive
stu_ROXAU39801,TST Respose 11,I am a Christian,16.0,christian
stu_WXAMH04104,TST Respose 6,i speak both english and cape verdean creole,25.0,neutral
stu_WXAMH04104,TST Respose 6,i speak both english and cape verdean creole,22.0,speaksenglishandcapeverdeanandcreole
stu_WEADW20158,TST Respose 18,i like math,25.0,positive
stu_WEADW20158,TST Respose 18,i like math,24.0,positive
stu_KOIIB68446,TST Respose 20,I like playing games,28.0,positive
stu_KOIIB68446,TST Respose 20,I like playing games,24.0,positive
stu_KJOZZ30475,TST Respose 18,I'm hard on myself.,41.0,neutral
stu_MIJEQ06664,TST Respose 14,I like my mom,24.0,positive
stu_MIJEQ06664,TST Respose 14,I like my mom,12.0,positive
stu_YPZIM54297,TST Respose 11,I am a jugedmental person sometimes,44.0,neutral
stu_YPZIM54297,TST Respose 11,I am a jugedmental person sometimes,21.0,none
stu_QFXDD68186,TST Respose 16,I like to do puzzles.,31.0,positive
stu_QFXDD68186,TST Respose 16,I like to do puzzles.,24.0,positive
stu_KOIIB68446,TST Respose 10,my favorite color is baby pink,24.0,positive
stu_YBWGX96937,TST Respose 16,not like exit ticket,24.0,negative
stu_RDPGG44681,TST Respose 2,I am loving,42.0,positive
stu_EHYTZ32137,TST Respose 10,i want money,32.0,none
stu_IDHIE84911,TST Respose 11,am smort,43.0,positive
stu_CAGAM03126,TST Respose 9,I am a person with straight hair.,35.0,neutral
stu_CAGAM03126,TST Respose 9,I am a person with straight hair.,21.0,none
stu_MZIVN56293,TST Respose 13,i play bari sax,26.0,neutral
stu_PSHPN85751,TST Respose 9,i have nothing else to say,47.0,neutral
stu_CTAZU65504,TST Respose 6,I am a students,14.0,neutral
stu_NYHDW07721,TST Respose 11,Friend of [FIRST LAST NAME],10.0,positive
stu_WCANG48942,TST Respose 6,"The things that I don't about school is the academic part but I only like talking to friends and science, ELA and math sometimes.",14.0,negative
stu_WCANG48942,TST Respose 6,"The things that I don't about school is the academic part but I only like talking to friends and science, ELA and math sometimes.",10.0,positive
stu_RUZUK44953,TST Respose 15,I am someone who thinks the mathia robot is a boy,47.0,none
stu_KGOWI06896,TST Respose 8,I like talking to my friends,24.0,positive
stu_KGOWI06896,TST Respose 8,I like talking to my friends,10.0,positive
stu_NRKZA72454,TST Respose 11,I have social anxiety.,44.0,neutral
stu_CAGAM03126,TST Respose 19,I am a person who is neat and tidy.,43.0,positive
stu_CAGAM03126,TST Respose 19,I am a person who is neat and tidy.,21.0,none
stu_VFKRH03938,TST Respose 16,i can dress good,43.0,positive
stu_RSKDK68207,TST Respose 12,I love to clean. I like things clean.,24.0,positive
stu_SBUBU63586,TST Respose 13,i am smart,43.0,positive
stu_FUILC09238,TST Respose 4,i play basketball,29.0,neutral
stu_FHADA27602,TST Respose 2,i am 5'3.,35.0,neutral
stu_DZJHT48666,TST Respose 17,I like crocs,24.0,positive
stu_UTXBZ05806,TST Respose 14,i am someone how loves the color black,24.0,positive
stu_ROULI02103,TST Respose 12,i can dress good,43.0,positive
stu_TRKWP48352,TST Respose 11,I am a person who like to stay in the pool,24.0,positive
stu_TRKWP48352,TST Respose 11,I am a person who like to stay in the pool,21.0,none
stu_RSKDK68207,TST Respose 9,I like my 7th grade reading teacher.,24.0,positive
stu_RSKDK68207,TST Respose 9,I like my 7th grade reading teacher.,14.0,positive
stu_MYCLF44200,TST Respose 10,I like purple jeans.,24.0,positive
stu_HLKZL24322,TST Respose 18,i like music,24.0,positive
stu_MKEGQ97127,TST Respose 8,I'm a big sister,12.0,neutral
stu_MKEGQ97127,TST Respose 8,I'm a big sister,2.0,girl
stu_OCRTY88035,TST Respose 14,I am someone that loves my brother.,24.0,positive
stu_OCRTY88035,TST Respose 14,I am someone that loves my brother.,12.0,positive
stu_MMNSJ38829,TST Respose 9,I love to go shopping.,31.0,positive
stu_MMNSJ38829,TST Respose 9,I love to go shopping.,24.0,positive
stu_KFYJM61476,TST Respose 15,I have 2 cats.,32.0,none
stu_EXNUN73314,TST Respose 14,I am a romance lover,24.0,positive
stu_SIWRL23181,TST Respose 1,i am 13,4.0,13
stu_JERPG96865,TST Respose 15,i like riding bikes,29.0,positive
stu_JERPG96865,TST Respose 15,i like riding bikes,24.0,positive
stu_IDHIE84911,TST Respose 15,ilove to play,24.0,positive
stu_QEGJI54214,TST Respose 1,i am a big brother,12.0,neutral
stu_QEGJI54214,TST Respose 1,i am a big brother,2.0,boy
stu_KGOWI06896,TST Respose 15,I like being Dominican American,24.0,dominicanamerican
stu_KGOWI06896,TST Respose 15,I like being Dominican American,7.0,dominicanamerican
stu_QZOUO83023,TST Respose 11,I like cooking,31.0,positive
stu_QZOUO83023,TST Respose 11,I like cooking,24.0,positive
stu_YGBLH44260,TST Respose 1,I am somebody that likes English class.,25.0,positive
stu_YGBLH44260,TST Respose 1,I am somebody that likes English class.,14.0,positive
stu_YGBLH44260,TST Respose 1,I am somebody that likes English class.,24.0,positive
stu_SOWGI28002,TST Respose 19,I am someone who loves games,28.0,positive
stu_SOWGI28002,TST Respose 19,I am someone who loves games,24.0,positive
stu_NZWIU92234,TST Respose 19,I have a black iphone 11,32.0,none
stu_UEVQJ25414,TST Respose 16,i have 1 sibbling,12.0,neutral
stu_JTZYY08754,TST Respose 1,Don't and do like math but here we are and I have to do this so why not do good I guess,47.0,neutral
stu_JTZYY08754,TST Respose 1,Don't and do like math but here we are and I have to do this so why not do good I guess,24.0,both
stu_XHPVX80161,TST Respose 13,i like cook,31.0,positive
stu_XHPVX80161,TST Respose 13,i like cook,24.0,positive
stu_NZWIU92234,TST Respose 7,i am cape Verden,7.0,cape verdean
stu_FQEST23326,TST Respose 7,i am loveable,43.0,positive
stu_UEVQJ25414,TST Respose 7,im cool,46.0,positive
stu_NKHRJ04957,TST Respose 17,I like pineapple,24.0,positive
stu_XKMAG80800,TST Respose 4,Cook,31.0,neutral
stu_YXJEP22115,TST Respose 15,I am good at cross country,43.0,positive
stu_YXJEP22115,TST Respose 15,I am good at cross country,29.0,positive
stu_KFYJM61476,TST Respose 1,I have brown hair.,35.0,neutral
stu_HMQRZ27503,TST Respose 16,I am jealous,44.0,negative
stu_ROULI02103,TST Respose 11,im a loveable person,43.0,positive
stu_ROULI02103,TST Respose 11,im a loveable person,21.0,none
stu_YBWGX96937,TST Respose 8,i not like english,25.0,negative
stu_YBWGX96937,TST Respose 8,i not like english,24.0,negative
stu_RSKDK68207,TST Respose 4,I speak English. My native language was Luganda.,7.0,baganda
stu_QCKDZ64012,TST Respose 7,i have 4 sisters,12.0,neutral
stu_KOIIB68446,TST Respose 4,I am a student,14.0,neutral
stu_LDUML32113,TST Respose 6,im a movie watcher,31.0,neutral
stu_FPTDO32773,TST Respose 18,Generous,44.0,positive
stu_OCRTY88035,TST Respose 4,I am someone that has a brother.,12.0,neutral
stu_ZUARE93356,TST Respose 9,I am a brother,12.0,neutral
stu_ZUARE93356,TST Respose 9,I am a brother,2.0,boy
stu_XSQUV53095,TST Respose 9,I AM [FIRST NAME] A FISHERMAN,13.0,neutral
stu_XSQUV53095,TST Respose 9,I AM [FIRST NAME] A FISHERMAN,5.0,none
stu_RFRYE74718,TST Respose 18,I am a person who loves my family.,21.0,none
stu_RFRYE74718,TST Respose 18,I am a person who loves my family.,12.0,positive
stu_STIXI97047,TST Respose 2,I would like to have more example before getting to the point.,45.0,neutral
stu_RNIHY62490,TST Respose 11,"I am 5,4",35.0,neutral
stu_FTOYB42084,TST Respose 3,im short,35.0,neutral
stu_XCKNQ66212,TST Respose 16,i'm a money kid,43.0,neutral
stu_XCKNQ66212,TST Respose 16,i'm a money kid,4.0,child
stu_OMSFY97090,TST Respose 16,im a students,14.0,neutral
stu_HVWUJ52450,TST Respose 5,I like soccer,29.0,positive
stu_HVWUJ52450,TST Respose 5,I like soccer,24.0,positive
stu_KCDEU07486,TST Respose 16,I am sensitive,45.0,neutral
stu_NMWSA27732,TST Respose 9,I'm a 6 grader,22.0,sixthgrader
stu_NMWSA27732,TST Respose 9,I'm a 6 grader,4.0,child
stu_NMWSA27732,TST Respose 9,I'm a 6 grader,14.0,neutral
stu_NXWSI70882,TST Respose 4,A person in honors classes,43.0,positive
stu_NXWSI70882,TST Respose 4,A person in honors classes,14.0,positive
stu_PKXZK94759,TST Respose 3,I used to play the clarinet,26.0,"none, neutral"
stu_FWPPR22255,TST Respose 7,I speak a lot language,43.0,positive
stu_NMWSA27732,TST Respose 18,I'm alergic to pineaple,36.0,negative
stu_KOIIB68446,TST Respose 11,i like math and science,25.0,positive
stu_KOIIB68446,TST Respose 11,i like math and science,24.0,positive
stu_MMNSJ38829,TST Respose 4,I like to watch marvel movies.,31.0,positive
stu_MMNSJ38829,TST Respose 4,I like to watch marvel movies.,24.0,positive
stu_FSPCV10901,TST Respose 20,I am kind,44.0,positive
stu_WDDQQ92015,TST Respose 11,i am a student,14.0,neutral
stu_IDHIE84911,TST Respose 5,i love art,26.0,positive
stu_IDHIE84911,TST Respose 5,i love art,24.0,positive
stu_MXNSF14478,TST Respose 9,I love clothing,30.0,positive
stu_MXNSF14478,TST Respose 9,I love clothing,24.0,positive
stu_QQMSX84242,TST Respose 12,a jokester,44.0,positive
stu_PXDPN73068,TST Respose 17,My best friend is my best friend,10.0,positive
stu_QACJQ31561,TST Respose 8,im good at math (sometimes),25.0,positive
stu_FPTDO32773,TST Respose 13,a enemy to some people,44.0,neutral
stu_BESSB35006,TST Respose 1,I like to sleep,31.0,positive
stu_BESSB35006,TST Respose 1,I like to sleep,24.0,positive
stu_WXAMH04104,TST Respose 14,my favorite color is purple,24.0,positive
stu_DJCZE13885,TST Respose 10,I like slushies.,24.0,positive
stu_FVHVM49769,TST Respose 2,I like video games,28.0,positive
stu_FVHVM49769,TST Respose 2,I like video games,24.0,positive
stu_MKEGQ97127,TST Respose 4,I'm a girl,2.0,girl
stu_UHXBA77476,TST Respose 20,I like to paint my nails,31.0,positive
stu_UHXBA77476,TST Respose 20,I like to paint my nails,24.0,positive
stu_QQAHK93946,TST Respose 3,I like drawing and reading sometimes,26.0,positive
stu_QQAHK93946,TST Respose 3,I like drawing and reading sometimes,24.0,positive
stu_QQAHK93946,TST Respose 3,I like drawing and reading sometimes,25.0,positive
stu_BCRYB29652,TST Respose 6,I'm leter,48.0,none
stu_BCRYB29652,TST Respose 17,I am a fan of ronaldo,29.0,positive
stu_BCRYB29652,TST Respose 17,I am a fan of ronaldo,24.0,positive
stu_UAFAK64772,TST Respose 8,mean,44.0,negative
stu_MRIWT64391,TST Respose 6,a talkitave person,44.0,neutral
stu_RFRYE74718,TST Respose 5,I am a feem for roblox.,28.0,positive
stu_RFRYE74718,TST Respose 5,I am a feem for roblox.,24.0,positive
stu_ZARRQ26344,TST Respose 1,I am a girl,2.0,girl
stu_IGLSS89625,TST Respose 9,i like [TEACHER],24.0,positive
stu_IGLSS89625,TST Respose 9,i like [TEACHER],14.0,positive
stu_OFAWH83528,TST Respose 8,I like cheteo puffs,24.0,positive
stu_DZJHT48666,TST Respose 3,I have curly hair,35.0,neutral
stu_NMWSA27732,TST Respose 20,I'm blond,35.0,neutral
stu_CLLRZ76280,TST Respose 3,I am a sixth grader,21.0,sixthgrader
stu_CLLRZ76280,TST Respose 3,I am a sixth grader,4.0,child
stu_CLLRZ76280,TST Respose 3,I am a sixth grader,14.0,neutral
stu_JERPG96865,TST Respose 11,i like animals,24.0,positive
stu_PUNZK45438,TST Respose 9,i have good grades,43.0,positive
stu_PUNZK45438,TST Respose 9,i have good grades,14.0,positive
stu_PUNZK45438,TST Respose 9,i have good grades,25.0,positive
stu_XHPVX80161,TST Respose 19,i love chicken,24.0,positive
stu_NWRRC44615,TST Respose 2,i have 3 siblings,12.0,neutral
stu_CPVXX19825,TST Respose 11,i am 11 years old,4.0,11
stu_PJCOJ15115,TST Respose 19,I am a food lover,24.0,positive
stu_EHXGF51692,TST Respose 19,i love to sleep,31.0,positive
stu_EHXGF51692,TST Respose 19,i love to sleep,24.0,positive
stu_KOIIB68446,TST Respose 13,I love sweaters,24.0,positive
stu_CHVFQ54169,TST Respose 6,I am Haitian.,7.0,haitian
stu_PYEUW09959,TST Respose 10,I like to play on my trampoline,29.0,positive
stu_PYEUW09959,TST Respose 10,I like to play on my trampoline,24.0,positive
stu_LKAAV41369,TST Respose 19,I dont like dogs,24.0,negative
stu_XXEBH66449,TST Respose 2,I am [FIRST NAME],5.0,none
stu_DZJHT48666,TST Respose 5,I have 1 sister and 1 half brother,12.0,neutral
stu_EHYTZ32137,TST Respose 11,I'm short,35.0,neutral
stu_SULZI60933,TST Respose 20,i like my friend's,24.0,positive
stu_SULZI60933,TST Respose 20,i like my friend's,10.0,positive
stu_VNSDU81090,TST Respose 3,i like a soccer,29.0,positive
stu_VNSDU81090,TST Respose 3,i like a soccer,24.0,positive
stu_ZYUDW82089,TST Respose 9,someone who wears the same sweater every day,45.0,neutral
stu_YBWGX96937,TST Respose 12,i like no school,24.0,positive
stu_YBWGX96937,TST Respose 12,i like no school,14.0,negative
stu_ZQMQQ26810,TST Respose 8,i have lot of family,12.0,neutral
stu_OQLOS45541,TST Respose 4,I'm a animal lover.,24.0,positive
stu_FVHVM49769,TST Respose 10,i am human,21.0,none
stu_PSHPN85751,TST Respose 8,im in honors academy,43.0,positive
stu_PSHPN85751,TST Respose 8,im in honors academy,14.0,positive
stu_YSQPA55709,TST Respose 17,i like blue,24.0,positive
stu_IZQGI75719,TST Respose 13,i love sports,29.0,positive
stu_IZQGI75719,TST Respose 13,i love sports,24.0,positive
stu_GXMFA19655,TST Respose 19,i am a track and field runner,29.0,neutral
stu_TDURA35752,TST Respose 1,I am jamacian,7.0,jamaican
stu_WQGUY90279,TST Respose 12,I have 4 siblings,12.0,neutral
stu_QQAHK93946,TST Respose 1,I am a girl,2.0,girl
stu_EHXGF51692,TST Respose 3,I am a person who likes to draw.,26.0,positive
stu_EHXGF51692,TST Respose 3,I am a person who likes to draw.,21.0,none
stu_EHXGF51692,TST Respose 3,I am a person who likes to draw.,24.0,positive
stu_UJNMI16598,TST Respose 11,Patient,44.0,positive
stu_UYFTQ45542,TST Respose 4,I am a person who plays games,28.0,positive
stu_UYFTQ45542,TST Respose 4,I am a person who plays games,21.0,none
stu_CQRFU18177,TST Respose 3,I like cat's,24.0,positive
stu_PSHPN85751,TST Respose 11,bye,48.0,none
stu_MMZHT88458,TST Respose 3,i like movies,24.0,positive
stu_QCKDZ64012,TST Respose 18,i have a lot of cousins,12.0,neutral
stu_WYTLH51489,TST Respose 9,I like to learn math,25.0,positive
stu_WYTLH51489,TST Respose 9,I like to learn math,24.0,positive
stu_KGOWI06896,TST Respose 7,I like to play games,28.0,positive
stu_KGOWI06896,TST Respose 7,I like to play games,24.0,positive
stu_RNIHY62490,TST Respose 10,I am an NBA fan,31.0,positive
stu_RNIHY62490,TST Respose 10,I am an NBA fan,24.0,positive
stu_XKMAG80800,TST Respose 13,I like doughnuts,24.0,positive
stu_MRIWT64391,TST Respose 9,a creative person,43.0,positive
stu_QZOUO83023,TST Respose 5,I have one brother,12.0,neutral
stu_FUILC09238,TST Respose 20,i'm inpatient,44.0,negative
stu_VENGZ10475,TST Respose 13,A fortnite player,28.0,positive
stu_XHPVX80161,TST Respose 2,I am him,2.0,boy
stu_CNIXS57234,TST Respose 1,I'm a boy,2.0,boy
stu_WTRMC77187,TST Respose 14,i like space,44.0,positive
stu_WTRMC77187,TST Respose 14,i like space,24.0,positive
stu_CLLRZ76280,TST Respose 14,My favorite holiday is christmas,24.0,positive
stu_UEDQL23543,TST Respose 19,friendly,44.0,positive
stu_HBPKA70291,TST Respose 11,fortnite player,28.0,positive
stu_IDHIE84911,TST Respose 13,i like to renne,48.0,none
stu_IIOVZ06372,TST Respose 14,I like money,24.0,positive
stu_WTRMC77187,TST Respose 17,other planets look unique,47.0,neutral
stu_RUZUK44953,TST Respose 11,I am someone who lives in a house,47.0,neutral
stu_ECYEC76336,TST Respose 18,I am the only daughter of 4 kids,12.0,neutral
stu_ECYEC76336,TST Respose 18,I am the only daughter of 4 kids,2.0,girl
stu_ECYEC76336,TST Respose 18,I am the only daughter of 4 kids,4.0,child
stu_WTRMC77187,TST Respose 4,I am mostly tired,47.0,neutral
stu_VKCWY07846,TST Respose 7,im older than a country by a month an 5 days,48.0,none
stu_CETOG17008,TST Respose 7,basketball enjoyer,29.0,positive
stu_CETOG17008,TST Respose 7,basketball enjoyer,24.0,positive
stu_KFYJM61476,TST Respose 20,I have 2 sisters.,12.0,neutral
stu_FASQN45304,TST Respose 7,I am someone who likes to go swimming.,29.0,positivepositive
stu_FASQN45304,TST Respose 7,I am someone who likes to go swimming.,24.0,positivepositive
stu_GCHCS91000,TST Respose 4,I am a good guy,40.0,positive
stu_GCHCS91000,TST Respose 4,I am a good guy,2.0,boy
stu_KWMWG76590,TST Respose 13,i go to the gym,29.0,neutral
stu_MIJEQ06664,TST Respose 15,I like my dad,24.0,positive
stu_MIJEQ06664,TST Respose 15,I like my dad,12.0,positive
stu_DJCZE13885,TST Respose 13,I love my family.,24.0,positive
stu_DJCZE13885,TST Respose 13,I love my family.,12.0,positive
stu_DZJHT48666,TST Respose 13,I don't have glasses,35.0,neutral
stu_EQSJM78476,TST Respose 3,i play soccer,29.0,neutral
stu_LKAAV41369,TST Respose 4,im in middle school,22.0,middleschooler
stu_LKAAV41369,TST Respose 4,im in middle school,4.0,child
stu_LKAAV41369,TST Respose 4,im in middle school,14.0,neutral
stu_UTXBZ05806,TST Respose 18,i am someone who loves math .,25.0,positive
stu_UTXBZ05806,TST Respose 18,i am someone who loves math .,24.0,positive
stu_FBOFA96484,TST Respose 4,i am the middle child,12.0,neutral
stu_FBOFA96484,TST Respose 4,i am the middle child,4.0,child
stu_RDPGG44681,TST Respose 18,I love going on vacations,31.0,positive
stu_RDPGG44681,TST Respose 18,I love going on vacations,24.0,positive
stu_CDXSC86692,TST Respose 9,I am person that want a dog,33.0,neutral
stu_CDXSC86692,TST Respose 9,I am person that want a dog,21.0,none
stu_RDOVU20570,TST Respose 8,I am a funny person,44.0,positive
stu_RDOVU20570,TST Respose 8,I am a funny person,21.0,none
stu_IGWBR81023,TST Respose 7,i love jewelery,30.0,positive
stu_IGWBR81023,TST Respose 7,i love jewelery,24.0,positive
stu_JUQPD47363,TST Respose 4,I am a young female who loves to read.,25.0,positive
stu_JUQPD47363,TST Respose 4,I am a young female who loves to read.,1.0,f
stu_JUQPD47363,TST Respose 4,I am a young female who loves to read.,24.0,positive
stu_RDPGG44681,TST Respose 8,I love cats,24.0,positive
stu_TYPZX10676,TST Respose 1,I like fashions,30.0,positive
stu_TYPZX10676,TST Respose 1,I like fashions,24.0,positive
stu_VUNQZ79892,TST Respose 15,im a good sister,40.0,positive
stu_VUNQZ79892,TST Respose 15,im a good sister,2.0,girl
stu_VUNQZ79892,TST Respose 15,im a good sister,12.0,neutral
stu_WYTLH51489,TST Respose 8,I'm an English speaking person,25.0,neutral
stu_WYTLH51489,TST Respose 8,I'm an English speaking person,22.0,speaksenglish
stu_QQMSX84242,TST Respose 18,a boy,2.0,boy
stu_VKCWY07846,TST Respose 12,my birthday is in june,48.0,none
stu_KWLPL21630,TST Respose 15,I like new clothes and new shoes.,30.0,positive
stu_KWLPL21630,TST Respose 15,I like new clothes and new shoes.,24.0,positive
stu_KJOZZ30475,TST Respose 19,I get nervous.,45.0,neutral
stu_CINVJ49388,TST Respose 10,youtube watcher,27.0,positive
stu_WAWDW95831,TST Respose 5,I am in 6 grade.,22.0,sixthgrader
stu_WAWDW95831,TST Respose 5,I am in 6 grade.,4.0,child
stu_WAWDW95831,TST Respose 5,I am in 6 grade.,14.0,neutral
stu_ZARRQ26344,TST Respose 9,I am the oldest sister,12.0,neutral
stu_UJNMI16598,TST Respose 1,Student,14.0,neutral
stu_WTRMC77187,TST Respose 10,cars like testla are cool,24.0,positive
stu_WAFQN21754,TST Respose 18,I am passionate,41.0,positive
stu_TSQUQ54202,TST Respose 18,I am friendly.,44.0,positive
stu_WDDQQ92015,TST Respose 7,i am a student,14.0,neutral
stu_YGBLH44260,TST Respose 12,I am somebody who does good in math.,25.0,positive
stu_WTRMC77187,TST Respose 12,vacation is fun,24.0,positive
stu_BDAZF88230,TST Respose 16,I am a person who is looked down upon,46.0,negative
stu_BDAZF88230,TST Respose 16,I am a person who is looked down upon,21.0,none
stu_CDXSC86692,TST Respose 3,I am a person that likes games,28.0,positive
stu_CDXSC86692,TST Respose 3,I am a person that likes games,21.0,none
stu_CDXSC86692,TST Respose 3,I am a person that likes games,24.0,positive
stu_NWRRC44615,TST Respose 10,i like to dance,29.0,positive
stu_NWRRC44615,TST Respose 10,i like to dance,24.0,positive
stu_QCKDZ64012,TST Respose 8,i love chicken,24.0,positive
stu_ROULI02103,TST Respose 8,im smart,43.0,positive
stu_PKXZK94759,TST Respose 4,I have siblings,12.0,neutral
stu_FHADA27602,TST Respose 1,i am [FIRST NAME] and i love the color pink.,24.0,positive
stu_FHADA27602,TST Respose 1,i am [FIRST NAME] and i love the color pink.,5.0,none
stu_JERPG96865,TST Respose 2,i like games,28.0,positive
stu_JERPG96865,TST Respose 2,i like games,24.0,positive
stu_SULZI60933,TST Respose 5,i have a pet,32.0,neutral
stu_KCRZD23226,TST Respose 8,I like art class,26.0,positive
stu_KCRZD23226,TST Respose 8,I like art class,24.0,positive
stu_KCRZD23226,TST Respose 8,I like art class,25.0,positive
stu_SJXEZ38047,TST Respose 18,I love going to funz with my friends,31.0,positive
stu_SJXEZ38047,TST Respose 18,I love going to funz with my friends,10.0,positive
stu_SJXEZ38047,TST Respose 18,I love going to funz with my friends,24.0,positive
stu_YNVPH88845,TST Respose 18,I like basketball,29.0,positive
stu_YNVPH88845,TST Respose 18,I like basketball,24.0,positive
stu_LDUML32113,TST Respose 17,good at reading,25.0,positive
stu_SBUBU63586,TST Respose 10,i am a nice studant,14.0,positive
stu_VTRUH97046,TST Respose 6,I am a gymnast.,29.0,neutral
stu_RDOVU20570,TST Respose 9,I am smart,43.0,positive
stu_IGLSS89625,TST Respose 6,i like,48.0,none
stu_HEPWQ98561,TST Respose 5,i am african american,6.0,african american
stu_XHGVP79664,TST Respose 6,I have blue eyes,35.0,neutral
stu_ABSGH36082,TST Respose 5,I like sports,29.0,positive
stu_ABSGH36082,TST Respose 5,I like sports,24.0,positive
stu_VFKRH03938,TST Respose 19,i like looking a schools,24.0,positive
stu_QFXDD68186,TST Respose 20,I like to drink water,24.0,positive
stu_MMNSJ38829,TST Respose 15,I participate in chorus.,26.0,neutral
stu_GXIYC47970,TST Respose 3,I am a soccer player,29.0,neutral
stu_WCANG48942,TST Respose 5,I like school only because of my friends.,24.0,positive
stu_WCANG48942,TST Respose 5,I like school only because of my friends.,10.0,positive
stu_WCANG48942,TST Respose 5,I like school only because of my friends.,14.0,positive
stu_BCRYB29652,TST Respose 8,I' sudit lore,48.0,none
stu_FTOYB42084,TST Respose 12,im a food lover,24.0,positive
stu_HEPWQ98561,TST Respose 2,"i am a cheerleader,",29.0,neutal
stu_HEPWQ98561,TST Respose 2,"i am a cheerleader,",22.0,cheerleader
stu_OFAWH83528,TST Respose 15,I like chips,24.0,positive
stu_PSHZT50501,TST Respose 7,I am 5 feet 6 inches tall.,35.0,neutral
stu_WZRKM29688,TST Respose 4,i like madden,28.0,positive
stu_WZRKM29688,TST Respose 4,i like madden,24.0,positive
stu_KFYJM61476,TST Respose 4,I am tall.,35.0,neutral
stu_LDUML32113,TST Respose 18,i like making money,24.0,positive
stu_AHWRN95528,TST Respose 3,I am a student,14.0,neutral
stu_ANQAT24428,TST Respose 10,someone who likes sour patch kids,24.0,positive
stu_RDPGG44681,TST Respose 10,I love my old kittens and puppies and miss them,47.0,negative
stu_RDPGG44681,TST Respose 10,I love my old kittens and puppies and miss them,24.0,positive
stu_DHTXQ91573,TST Respose 5,I am a students from 6 grades,22.0,sixthgrader
stu_DHTXQ91573,TST Respose 5,I am a students from 6 grades,4.0,child
stu_DHTXQ91573,TST Respose 5,I am a students from 6 grades,14.0,neutral
stu_RSKDK68207,TST Respose 2,I am African American (Ugandan),7.0,ugandan
stu_LDUML32113,TST Respose 8,im a hard worker,41.0,positive
stu_XCKNQ66212,TST Respose 6,i'm 13,4.0,13
stu_EUWJA76858,TST Respose 4,I am a English speaking Person.,25.0,neutral
stu_EUWJA76858,TST Respose 4,I am a English speaking Person.,21.0,none
stu_EUWJA76858,TST Respose 4,I am a English speaking Person.,22.0,speaksenglish
stu_CINVJ49388,TST Respose 15,[FIRST NAME] friend,10.0,neutral
stu_QOGPO20181,TST Respose 11,l have a twin sister,12.0,neutral
stu_QZOUO83023,TST Respose 13,iI love to sleep,31.0,positive
stu_QZOUO83023,TST Respose 13,iI love to sleep,24.0,positive
stu_ROULI02103,TST Respose 2,i am from massachusetts,9.0,from massachusetts
stu_ANQAT24428,TST Respose 2,somebody who is a big sister,12.0,neutral
stu_ANQAT24428,TST Respose 2,somebody who is a big sister,2.0,girl
stu_VENGZ10475,TST Respose 14,Someone who plays games freqently,28.0,neutral
stu_UAFAK64772,TST Respose 17,determined,41.0,positive
stu_JERPG96865,TST Respose 10,i like snakes,24.0,positive
stu_SBUBU63586,TST Respose 14,i am a dog mom,24.0,positive
stu_SBUBU63586,TST Respose 14,i am a dog mom,2.0,positive
stu_BCRYB29652,TST Respose 3,I'm a gamer.,28.0,positive
stu_CLLRZ76280,TST Respose 2,I like certain sports,29.0,positive
stu_CLLRZ76280,TST Respose 2,I like certain sports,24.0,positive
stu_RNIHY62490,TST Respose 9,I am a spiderman fan,28.0,positive
stu_UJNMI16598,TST Respose 9,Person,21.0,none
stu_MXNSB23169,TST Respose 15,I watch animae.,31.0,neutral
stu_RFRYE74718,TST Respose 10,I am 6th grader .,22.0,sixthgrader
stu_RFRYE74718,TST Respose 10,I am 6th grader .,4.0,child
stu_RFRYE74718,TST Respose 10,I am 6th grader .,14.0,neutral
stu_WCANG48942,TST Respose 15,I like water,24.0,positive
stu_FNVBP19615,TST Respose 8,I dont like writing a lot.,25.0,negative
stu_FNVBP19615,TST Respose 8,I dont like writing a lot.,24.0,negative
stu_FNVBP19615,TST Respose 15,I dont like to talk if I feel your not listening.,44.0,negative
stu_FNVBP19615,TST Respose 15,I dont like to talk if I feel your not listening.,24.0,negative
stu_MZIVN56293,TST Respose 4,im a 8th grader,22.0,eighthgrader
stu_MZIVN56293,TST Respose 4,im a 8th grader,4.0,child
stu_MZIVN56293,TST Respose 4,im a 8th grader,14.0,neutral
stu_NMWSA27732,TST Respose 1,I'm a girl,2.0,girl
stu_THKBG93560,TST Respose 19,I'm a middle child,12.0,neutral
stu_THKBG93560,TST Respose 19,I'm a middle child,4.0,child
stu_EUIXK95276,TST Respose 11,"I'm a student at the [SCHOOL NAME], I love dancing, singing, gym class, Art class, eating food",31.0,positive
stu_EUIXK95276,TST Respose 11,"I'm a student at the [SCHOOL NAME], I love dancing, singing, gym class, Art class, eating food",14.0,neutral
stu_EUIXK95276,TST Respose 11,"I'm a student at the [SCHOOL NAME], I love dancing, singing, gym class, Art class, eating food",24.0,positive
stu_EUIXK95276,TST Respose 11,"I'm a student at the [SCHOOL NAME], I love dancing, singing, gym class, Art class, eating food",26.0,positive
stu_EUIXK95276,TST Respose 11,"I'm a student at the [SCHOOL NAME], I love dancing, singing, gym class, Art class, eating food",29.0,positive
stu_ABSGH36082,TST Respose 20,I want to be as smart as a sciecntic.,41.0,positive
stu_WQGUY90279,TST Respose 17,Air,48.0,none
stu_GCHCS91000,TST Respose 1,a am a middile school student,22.0,middleschooler
stu_GCHCS91000,TST Respose 1,a am a middile school student,4.0,child
stu_GCHCS91000,TST Respose 1,a am a middile school student,14.0,neutral
stu_BESSB35006,TST Respose 13,i like to play fights with my sisters,24.0,positive
stu_BESSB35006,TST Respose 13,i like to play fights with my sisters,12.0,positive
stu_SQLXP95993,TST Respose 10,I like history class,25.0,positive
stu_SQLXP95993,TST Respose 10,I like history class,24.0,positive
stu_OAZKI17777,TST Respose 5,[LETTER OF NAME],5.0,none
stu_XHPVX80161,TST Respose 15,[SPECIAL CHARACTERS UNINTELLIGBLE] a scammer,48.0,none
stu_WDDQQ92015,TST Respose 9,i am a student,14.0,neutral
stu_DKGHS98193,TST Respose 13,im funny,44.0,positive
stu_PXDPN73068,TST Respose 3,I have good grades in english and social studies,43.0,positive
stu_PXDPN73068,TST Respose 3,I have good grades in english and social studies,14.0,positive
stu_PXDPN73068,TST Respose 3,I have good grades in english and social studies,25.0,positive
stu_CWJCN88700,TST Respose 3,I am the youngest child on my mom side,12.0,neutral
stu_CWJCN88700,TST Respose 3,I am the youngest child on my mom side,4.0,child
stu_CQRFU18177,TST Respose 20,and i love waching vidos,31.0,positive
stu_CQRFU18177,TST Respose 20,and i love waching vidos,24.0,positive
stu_SJNFF34466,TST Respose 17,im drake,48.0,none
stu_XXEBH66449,TST Respose 10,I am a student,14.0,neutral
stu_DHTXQ91573,TST Respose 12,I am a students from 6 grades,22.0,sixthgrader
stu_DHTXQ91573,TST Respose 12,I am a students from 6 grades,4.0,child
stu_DHTXQ91573,TST Respose 12,I am a students from 6 grades,14.0,neutral
stu_NWRRN03456,TST Respose 17,I am self-suffient.,43.0,positive
stu_NJZBY59884,TST Respose 14,i talk alot,44.0,neutral
stu_NMWSA27732,TST Respose 6,I'm half Spanish and half Brazilian,7.0,spanish and brazilian
stu_HMQRZ27503,TST Respose 4,I am sicence guy,25.0,positive
stu_HMQRZ27503,TST Respose 4,I am sicence guy,2.0,boy
stu_CNIFN64507,TST Respose 11,im a girl,2.0,girl
stu_PKXZK94759,TST Respose 11,I'm somebody who likes to use Roblox,28.0,positive
stu_PKXZK94759,TST Respose 11,I'm somebody who likes to use Roblox,24.0,positive
stu_EHXGF51692,TST Respose 6,I am a [SCHOOL NAME + MASCOT].,13.0,neutral
stu_QOGPO20181,TST Respose 18,l have brown eyes.,34.0,neutral
stu_BESSB35006,TST Respose 7,I like to hang out with my friends,24.0,positive
stu_BESSB35006,TST Respose 7,I like to hang out with my friends,10.0,positive
stu_IIOVZ06372,TST Respose 9,I like summer,24.0,positive
stu_YBWGX96937,TST Respose 11,i like box,24.0,positive
stu_SQLXP95993,TST Respose 4,I am a girl,2.0,girl
stu_OFWAG94272,TST Respose 10,I like basketball,29.0,positive
stu_OFWAG94272,TST Respose 10,I like basketball,24.0,positive
stu_QPHPK12517,TST Respose 14,best fortnite player,28.0,positive
stu_FBOFA96484,TST Respose 17,i am a person that likes math.,25.0,positive
stu_FBOFA96484,TST Respose 17,i am a person that likes math.,21.0,none
stu_FBOFA96484,TST Respose 17,i am a person that likes math.,24.0,positive
stu_YXJEP22115,TST Respose 13,I am good at cheer,29.0,positive
stu_OCRTY88035,TST Respose 3,I am the middle child.,12.0,neutral
stu_OCRTY88035,TST Respose 3,I am the middle child.,4.0,child
stu_NYHDW07721,TST Respose 7,Daughter of [FIRST LAST NAME],12.0,neutral
stu_NYHDW07721,TST Respose 7,Daughter of [FIRST LAST NAME],2.0,girl
stu_ERQCY81201,TST Respose 20,I am [FIRST MIDDLE LAST NAME],5.0,none
stu_PXDPN73068,TST Respose 16,My favorite artist is Pure O Juice.,24.0,positive
stu_NYHDW07721,TST Respose 4,Little sister of [FIRST LAST NAME],12.0,neutral
stu_NYHDW07721,TST Respose 4,Little sister of [FIRST LAST NAME],2.0,girl
stu_RFRYE74718,TST Respose 4,I am an athlete.,29.0,neutral
stu_UEVQJ25414,TST Respose 13,i play soccer,29.0,neutral
stu_PUHUL75671,TST Respose 7,I am me,19.0,none
stu_DKGHS98193,TST Respose 2,from [CITY],9.0,city
stu_YSQPA55709,TST Respose 11,im short,35.0,neutral
stu_UEDQL23543,TST Respose 7,respectful,44.0,positive
stu_JOKOV89559,TST Respose 5,I am someone who is play full when I get to know you,44.0,neutral
stu_RFRYE74718,TST Respose 2,I am Cape Verdean.,7.0,cape verdean
stu_SULZI60933,TST Respose 10,I'm mix black and whit,6.0,black and white mixed
stu_HXXCS05602,TST Respose 18,i'm a daughter,2.0,girl
stu_IGWBR81023,TST Respose 15,i find math challenging sometimes,25.0,neutral
stu_DZJHT48666,TST Respose 8,I like food,24.0,positive
stu_UEDQL23543,TST Respose 10,cape verdean,7.0,cape verdean
stu_PSHPN85751,TST Respose 17,bye,48.0,none
stu_MMNSJ38829,TST Respose 11,I like to participate in Musicals/plays.,26.0,positive
stu_MMNSJ38829,TST Respose 11,I like to participate in Musicals/plays.,24.0,positive
stu_FUILC09238,TST Respose 16,my favorite hoodie brand is essentials,24.0,positive
stu_EQSJM78476,TST Respose 15,i like watermelon,24.0,positive
stu_NWRRC44615,TST Respose 13,i like talkies,24.0,positive
stu_YXBHV58732,TST Respose 10,I like to get awards for being a good student,24.0,positive
stu_YXBHV58732,TST Respose 10,I like to get awards for being a good student,14.0,positive
stu_YBWGX96937,TST Respose 20,i am boy,2.0,boy
stu_ECYEC76336,TST Respose 20,I am a summer/spring person,22.0,summer/springperson
stu_ECYEC76336,TST Respose 20,I am a summer/spring person,21.0,none
stu_MXNSB23169,TST Respose 14,I am level 5000 in fortnite.,28.0,neutral
stu_FASQN45304,TST Respose 6,I am a 6th grader.,22.0,sixthgrader
stu_FASQN45304,TST Respose 6,I am a 6th grader.,4.0,child
stu_FASQN45304,TST Respose 6,I am a 6th grader.,14.0,neutral
stu_PYEUW09959,TST Respose 3,I like to play volleyball,29.0,positive
stu_PYEUW09959,TST Respose 3,I like to play volleyball,24.0,positive
stu_RDOVU20570,TST Respose 7,I like the beaches,24.0,positive
stu_FSPCV10901,TST Respose 1,My name is [FIRST NAME] but my nickname is [NICKNAME].,5.0,none
stu_FQKSK24193,TST Respose 14,i will be 6 feet or taller,35.0,neutral
stu_QOGPO20181,TST Respose 19,My favorite Shoes is Jordans,24.0,positive
stu_EJIML93711,TST Respose 5,I speak English,25.0,neutral
stu_EJIML93711,TST Respose 5,I speak English,22.0,speaksenglish
stu_CLLRZ76280,TST Respose 19,my favorite season is summer,24.0,positive
stu_IIOVZ06372,TST Respose 1,I like hanging out with friends,24.0,positive
stu_IIOVZ06372,TST Respose 1,I like hanging out with friends,10.0,positive
stu_BJJXN95776,TST Respose 16,I like soda,24.0,positive
stu_GXIYC47970,TST Respose 1,I am a student and a soccer player,29.0,neutral
stu_GXIYC47970,TST Respose 1,I am a student and a soccer player,14.0,neutral
stu_PKXZK94759,TST Respose 7,My favorite color is pink,24.0,positive
stu_JTZYY08754,TST Respose 17,i hate everyone but my mom and sisters and bothers,24.0,negative
stu_JTZYY08754,TST Respose 17,i hate everyone but my mom and sisters and bothers,12.0,positive
stu_WEADW20158,TST Respose 10,i love school,24.0,positive
stu_WEADW20158,TST Respose 10,i love school,14.0,positive
stu_MZIVN56293,TST Respose 18,i play basket ball for fun,29.0,positive
stu_UTXBZ05806,TST Respose 17,i am someone who loves watermelon and mango,24.0,positive
stu_GXIYC47970,TST Respose 20,i love fried rice,24.0,positive
stu_HXXCS05602,TST Respose 14,i'm smart,43.0,positive
stu_QQAHK93946,TST Respose 8,I understand vietnamese,25.0,neutral
stu_QQAHK93946,TST Respose 8,I understand vietnamese,22.0,understandsvietnamese
stu_NJZBY59884,TST Respose 17,i like ja morent and lebron james,24.0,positive
stu_STIXI97047,TST Respose 16,I am [LAST NAME].,5.0,none
stu_UYFTQ45542,TST Respose 9,i am a fighting type game liker,28.0,positive
stu_UYFTQ45542,TST Respose 9,i am a fighting type game liker,24.0,positive
stu_STIXI97047,TST Respose 17,I am [FIRST NAME].,5.0,none
stu_EUWJA76858,TST Respose 17,I like makeup.,30.0,positive
stu_EUWJA76858,TST Respose 17,I like makeup.,24.0,positive
stu_JOVOI38701,TST Respose 12,I am someone who likes milkshakes.,24.0,positive
stu_GXMFA19655,TST Respose 13,i am kind,44.0,positive
stu_JUQPD47363,TST Respose 13,I am not fond of computer work.,27.0,negative
stu_JUQPD47363,TST Respose 13,I am not fond of computer work.,24.0,negative
stu_ROXAU39801,TST Respose 3,I am a brother,12.0,neutral
stu_ROXAU39801,TST Respose 3,I am a brother,2.0,boy
stu_FQEST23326,TST Respose 15,a website creator,27.0,neutral
stu_RDOVU20570,TST Respose 17,I am a sister,12.0,neutral
stu_RDOVU20570,TST Respose 17,I am a sister,2.0,girl
stu_PXDPN73068,TST Respose 8,I am 11,4.0,11
stu_SBUBU63586,TST Respose 19,i am a human,21.0,none
stu_VFKRH03938,TST Respose 7,i love my family,24.0,positive
stu_VFKRH03938,TST Respose 7,i love my family,12.0,positive
stu_PUHUL75671,TST Respose 6,I am from [CITY],9.0,city
stu_WTRMC77187,TST Respose 11,i like to do beach ball,29.0,positive
stu_WTRMC77187,TST Respose 11,i like to do beach ball,24.0,positive
stu_KWMWG76590,TST Respose 8,i like cares,48.0,none
stu_YGBLH44260,TST Respose 7,I am somebody that has trouble paying attention.,45.0,neutral
stu_IGWBR81023,TST Respose 12,i am size 4 in shoes,35.0,neutral
stu_STIXI97047,TST Respose 12,I am [LAST NAME] .,5.0,none
stu_CTAZU65504,TST Respose 13,I run track,29.0,neutral
stu_WXAMH04104,TST Respose 7,i like drawing,26.0,positive
stu_WXAMH04104,TST Respose 7,i like drawing,24.0,positive
stu_DJCZE13885,TST Respose 9,I am Haitian and Russian.,7.0,haitian and russian
stu_UJNMI16598,TST Respose 16,Italian,7.0,italian
stu_MIJEQ06664,TST Respose 16,I like my sis,24.0,positive
stu_MIJEQ06664,TST Respose 16,I like my sis,12.0,positive
stu_CWQDV67579,TST Respose 15,I like science,25.0,positive
stu_CWQDV67579,TST Respose 15,I like science,24.0,positive
stu_LKAAV41369,TST Respose 20,i like birds,24.0,positive
stu_PYEUW09959,TST Respose 7,I like to watch horror and thriller movies,31.0,positive
stu_PYEUW09959,TST Respose 7,I like to watch horror and thriller movies,24.0,positive
stu_SIWRL23181,TST Respose 11,i am motivated,41.0,positive
stu_SOWGI28002,TST Respose 11,I am someone loves walking with my friends,24.0,positive
stu_SOWGI28002,TST Respose 11,I am someone loves walking with my friends,10.0,positive
stu_HEPWQ98561,TST Respose 17,"i love my best friend, shes half of my cousin",24.0,positive
stu_HEPWQ98561,TST Respose 17,"i love my best friend, shes half of my cousin",10.0,positive
stu_HEPWQ98561,TST Respose 17,"i love my best friend, shes half of my cousin",12.0,positive
stu_LTSJK02079,TST Respose 9,I like cheetahs,24.0,positive
stu_CINVJ49388,TST Respose 19,i am haitian,7.0,haitian
stu_LKAAV41369,TST Respose 16,i have black hair,35.0,neutral
stu_MMNSJ38829,TST Respose 3,I like to be explained why I am wrong.,43.0,positive
stu_MMNSJ38829,TST Respose 3,I like to be explained why I am wrong.,24.0,positive
stu_RUZUK44953,TST Respose 4,I am a person who kind of likes work,24.0,positive
stu_RUZUK44953,TST Respose 4,I am a person who kind of likes work,21.0,positive
stu_VTRUH97046,TST Respose 5,I am 12 years old.,4.0,12
stu_QPHPK12517,TST Respose 10,i am tall,35.0,neutral
stu_MMNSJ38829,TST Respose 12,I like to watch Miraculous ladybug.,31.0,positive
stu_MMNSJ38829,TST Respose 12,I like to watch Miraculous ladybug.,24.0,positive
stu_PJCOJ15115,TST Respose 18,I am fast,43.0,positive
stu_THKBG93560,TST Respose 5,I'm not a supporter of LGTBQ.,23.0,anti-lgbtq
stu_EUWJA76858,TST Respose 1,I am [FIRST NAME].,5.0,none
stu_RUZUK44953,TST Respose 18,I am someone who sometimes speaks another language at home but is not fluent at it,25.0,neutral
stu_RUZUK44953,TST Respose 18,I am someone who sometimes speaks another language at home but is not fluent at it,22.0,speaksanotherlanguage
stu_FPTDO32773,TST Respose 16,Loyal,43.0,positive
stu_PSHPN85751,TST Respose 4,im a soccer player,29.0,neutral
stu_PJCOJ15115,TST Respose 12,I am a nike merchant,13.0,neutral
stu_XHGVP79664,TST Respose 5,Im european,8.0,european
stu_BDAZF88230,TST Respose 9,I am a risktaker,42.0,neutral
stu_YBWGX96937,TST Respose 7,i not like SOCIAL STUDIE,25.0,negative
stu_YBWGX96937,TST Respose 7,i not like SOCIAL STUDIE,24.0,negative
stu_FQKSK24193,TST Respose 3,i like to swim,29.0,positive
stu_FQKSK24193,TST Respose 3,i like to swim,24.0,positive
stu_YXBHV58732,TST Respose 6,I like reading,25.0,positive
stu_YXBHV58732,TST Respose 6,I like reading,24.0,positive
stu_KGOWI06896,TST Respose 18,I like to be cozy,24.0,positive
stu_CPAQO78519,TST Respose 18,I am someone who likes to play jepordy,28.0,positive
stu_CPAQO78519,TST Respose 18,I am someone who likes to play jepordy,24.0,positive
stu_ROXAU39801,TST Respose 12,I am a Haitian American,8.0,american
stu_ROXAU39801,TST Respose 12,I am a Haitian American,7.0,haitian
stu_OAZKI17777,TST Respose 2,An artist,26.0,neutral
stu_QQAHK93946,TST Respose 12,I can write in other langues,43.0,positive
stu_GXMFA19655,TST Respose 14,i wanna be a docter,13.0,neutral
stu_EJIML93711,TST Respose 2,I like pink,24.0,positive
stu_MKEGQ97127,TST Respose 11,I'm a neat looking person,35.0,positive
stu_WBAVA84528,TST Respose 9,i like the waterslides,24.0,positive
stu_MXNSB23169,TST Respose 9,I speak fluent yapanness.,44.0,neutral
stu_YXBHV58732,TST Respose 7,I like doing matha,25.0,positive
stu_YXBHV58732,TST Respose 7,I like doing matha,24.0,positive
stu_MKEGQ97127,TST Respose 12,I'm a brown eyed person,35.0,neutral
stu_MKEGQ97127,TST Respose 12,I'm a brown eyed person,21.0,none
stu_MTCIM85775,TST Respose 16,A student,14.0,neutral
stu_SULZI60933,TST Respose 13,i have brown eyes,35.0,neutral
stu_UEYTM01990,TST Respose 6,I try to have good grades,43.0,positive
stu_UEYTM01990,TST Respose 6,I try to have good grades,14.0,positive
stu_UEYTM01990,TST Respose 6,I try to have good grades,25.0,positive
stu_CTAZU65504,TST Respose 7,I am babysitter,13.0,neutral
stu_NRKZA72454,TST Respose 12,I love my phone and being on it.,27.0,positive
stu_NRKZA72454,TST Respose 12,I love my phone and being on it.,24.0,positive
stu_RSKDK68207,TST Respose 6,I like the color pink.,24.0,positive
stu_HBPKA70291,TST Respose 4,cape verdan,7.0,cape verdean
stu_TSQUQ54202,TST Respose 14,I am myself.,19.0,none
stu_CWQDV67579,TST Respose 6,I like gym,29.0,positive
stu_CWQDV67579,TST Respose 6,I like gym,24.0,positive
stu_WDDQQ92015,TST Respose 8,i am a student,14.0,neutral
stu_NWRRN03456,TST Respose 2,I have 9555 coins on MATH Stream,47.0,neutral
stu_LJAAE92948,TST Respose 16,I have 2 step brothers,12.0,neutral
stu_UEYTM01990,TST Respose 1,I play softball,29.0,neutral
stu_WXAMH04104,TST Respose 1,im am male,1.0,m
stu_VQFBG95862,TST Respose 8,i am a helping person,44.0,positive
stu_VQFBG95862,TST Respose 8,i am a helping person,21.0,none
stu_LDUML32113,TST Respose 5,im an only child,12.0,neutral
stu_LDUML32113,TST Respose 5,im an only child,4.0,child
stu_BDAZF88230,TST Respose 5,I am the youngest child,12.0,neutral
stu_VQFBG95862,TST Respose 6,i am a respectfully person,44.0,positive
stu_VQFBG95862,TST Respose 6,i am a respectfully person,21.0,none
stu_YSQPA55709,TST Respose 1,im a 12 year old north student,14.0,neutral
stu_YSQPA55709,TST Respose 1,im a 12 year old north student,4.0,12
stu_TYPZX10676,TST Respose 9,i like when they give rewards,24.0,positive
stu_ORUUL82324,TST Respose 11,I like to listen to music when i'm sad,45.0,neutral
stu_ORUUL82324,TST Respose 11,I like to listen to music when i'm sad,24.0,positive
stu_ORUUL82324,TST Respose 11,I like to listen to music when i'm sad,31.0,positive
stu_FTOYB42084,TST Respose 10,im responsible,43.0,positive
stu_OCRTY88035,TST Respose 16,I am someone that want to go to waterwizz.,47.0,neutral
stu_FSPCV10901,TST Respose 6,I am a gamer.,28.0,positive
stu_EQSJM78476,TST Respose 14,I like doritoes,24.0,positive
stu_MXNSB23169,TST Respose 11,I dont like school.,24.0,negative
stu_MXNSB23169,TST Respose 11,I dont like school.,14.0,negative
stu_PKXZK94759,TST Respose 17,I love jewlery,30.0,positive
stu_PKXZK94759,TST Respose 17,I love jewlery,24.0,positive
stu_CDGKD03653,TST Respose 18,i like basketball,29.0,positive
stu_CDGKD03653,TST Respose 18,i like basketball,24.0,positive
stu_NWVEW24693,TST Respose 20,my middle name is [MIDDLE NAME],5.0,none
stu_CJHBB29429,TST Respose 20,My favorite vegetable is cucumber with salt,24.0,positive
stu_XKMAG80800,TST Respose 14,I like food,24.0,positive
stu_UHXBA77476,TST Respose 6,I like to travel,31.0,positive
stu_UHXBA77476,TST Respose 6,I like to travel,24.0,positive
stu_JUQPD47363,TST Respose 18,I am asthmatic.,36.0,negative
stu_RUZUK44953,TST Respose 20,I am someone with perseverance.,41.0,positive
stu_XHGVP79664,TST Respose 18,I like space,44.0,positive
stu_XHGVP79664,TST Respose 18,I like space,24.0,positive
stu_CULOH75877,TST Respose 16,I play basketball,29.0,neutral
stu_CTAZU65504,TST Respose 8,I am the oldest child,4.0,child
stu_MKEGQ97127,TST Respose 2,I'm short,35.0,neutral
stu_CJHBB29429,TST Respose 18,I want to be a professional basketball player,29.0,neutral
stu_CJHBB29429,TST Respose 18,I want to be a professional basketball player,13.0,neutral
stu_RDOVU20570,TST Respose 4,I am someone who likes to read,25.0,positive
stu_RDOVU20570,TST Respose 4,I am someone who likes to read,24.0,positive
stu_QOGPO20181,TST Respose 9,l'm kind to my friends,44.0,positive
stu_QOGPO20181,TST Respose 9,l'm kind to my friends,10.0,positive
stu_VOXTG50835,TST Respose 4,I like wingstop,24.0,posirive
stu_DERZZ01872,TST Respose 15,I like Carnegie learning,25.0,positive
stu_DERZZ01872,TST Respose 15,I like Carnegie learning,24.0,positive
stu_EXNUN73314,TST Respose 9,I am kind,44.0,positive
stu_UYFTQ45542,TST Respose 20,Last but not least i am a tall person,35.0,neutral
stu_GXIYC47970,TST Respose 17,i am a taki's lover,24.0,positive
stu_MXNSB23169,TST Respose 6,aia also like english.,25.0,positive
stu_MXNSB23169,TST Respose 6,aia also like english.,24.0,positive
stu_PSHPN85751,TST Respose 10,bye,48.0,none
stu_LJAAE92948,TST Respose 12,Bad at math,25.0,negative
stu_FSPCV10901,TST Respose 9,I am in the [CITY] All City Honors Chorus.,26.0,neutral
stu_OFWAG94272,TST Respose 1,A respectful person,44.0,positive
stu_OFWAG94272,TST Respose 1,A respectful person,21.0,none
stu_CJHBB29429,TST Respose 3,I am a person that like to do road trip,31.0,positive
stu_CJHBB29429,TST Respose 3,I am a person that like to do road trip,21.0,none
stu_CJHBB29429,TST Respose 3,I am a person that like to do road trip,24.0,positive
stu_SIWRL23181,TST Respose 4,i am funny,44.0,positive
stu_ABSGH36082,TST Respose 1,I'm a soccer player,29.0,neutral
stu_BESSB35006,TST Respose 19,i like to go to the pool,29.0,positive
stu_BESSB35006,TST Respose 19,i like to go to the pool,24.0,positive
stu_FSPCV10901,TST Respose 10,I'm in the sixth grade.,22.0,sixthgrader
stu_FSPCV10901,TST Respose 10,I'm in the sixth grade.,4.0,child
stu_FSPCV10901,TST Respose 10,I'm in the sixth grade.,14.0,neutral
stu_FQKSK24193,TST Respose 17,i am good at math,25.0,positive
stu_ROXAU39801,TST Respose 14,I am a cousin,12.0,neutral
stu_QPHPK12517,TST Respose 4,nice,44.0,positive
stu_XKMAG80800,TST Respose 20,A skibidi,48.0,none
stu_UYUIH18635,TST Respose 11,I like physical education,29.0,positive
stu_UYUIH18635,TST Respose 11,I like physical education,24.0,positive
stu_SQLXP95993,TST Respose 13,I like to write essay,25.0,positive
stu_SQLXP95993,TST Respose 13,I like to write essay,24.0,positive
stu_DERZZ01872,TST Respose 18,I like learning,25.0,positivepositive
stu_DERZZ01872,TST Respose 18,I like learning,24.0,positivepositive
stu_WDDQQ92015,TST Respose 16,i am a student,14.0,neutral
stu_MZIVN56293,TST Respose 19,i play volleyball for fun,29.0,positive
stu_ORUUL82324,TST Respose 2,I used to do ballet,26.0,neutral
stu_HMQRZ27503,TST Respose 20,I am a nwe soccer players,29.0,neutral
stu_LVOOZ80056,TST Respose 1,I am 11 years old girl.,4.0,11
stu_LVOOZ80056,TST Respose 1,I am 11 years old girl.,2.0,girl
stu_VOXTG50835,TST Respose 11,i been to cape verde,22.0,been to cape verde
stu_YXBHV58732,TST Respose 2,I like math,25.0,positive
stu_YXBHV58732,TST Respose 2,I like math,24.0,positive
stu_UEYTM01990,TST Respose 13,I like to read,25.0,positive
stu_UEYTM01990,TST Respose 13,I like to read,24.0,positive
stu_WBAVA84528,TST Respose 2,i like ice cream,24.0,positive
stu_QZOUO83023,TST Respose 10,I like dogs,24.0,positive
stu_NRKZA72454,TST Respose 1,I am a teen.,22.0,teenager
stu_ZARRQ26344,TST Respose 13,i have five cousin,12.0,neutral
stu_RSKDK68207,TST Respose 13,I am a female. I was born a female.,1.0,f
stu_NRKZA72454,TST Respose 13,I am bad at math.,25.0,negative
stu_NWRRC44615,TST Respose 6,im 12 yrs old,4.0,12
stu_YSQPA55709,TST Respose 9,i walk to school,14.0,neutral
stu_KWLPL21630,TST Respose 6,"I don't like math, but I don't dislike it either.",25.0,neutral
stu_KWLPL21630,TST Respose 6,"I don't like math, but I don't dislike it either.",24.0,neutral
stu_EXNUN73314,TST Respose 17,I am romantic,44.0,positive
stu_IKUOQ66846,TST Respose 3,I'm a football player,29.0,neutral
stu_YBWGX96937,TST Respose 2,i like carnegie,25.0,positive
stu_YBWGX96937,TST Respose 2,i like carnegie,24.0,positive
stu_VUNQZ79892,TST Respose 2,im a sister,12.0,neutral
stu_VUNQZ79892,TST Respose 2,im a sister,2.0,girl
stu_VUNQZ79892,TST Respose 2,im a sister,,neutral
stu_KWLPL21630,TST Respose 4,If I understand something I will do the best that I can to do it right.,43.0,positive
stu_XKMAG80800,TST Respose 19,I like to fanum tax.,31.0,positive
stu_XKMAG80800,TST Respose 19,I like to fanum tax.,24.0,positive
stu_HLKZL24322,TST Respose 2,a basketball,48.0,none
stu_KWMWG76590,TST Respose 7,i have 3 sister's,12.0,neutral
stu_MRIWT64391,TST Respose 10,a emotional person,45.0,neutral
stu_MRIWT64391,TST Respose 10,a emotional person,21.0,none
stu_YXJEP22115,TST Respose 8,I am [FIRST NAME],5.0,none
stu_SELBD60428,TST Respose 5,[FIRST LAST NAME],5.0,none
stu_WWNBY52737,TST Respose 7,I am a student.,14.0,neutral
stu_MXNSF14478,TST Respose 4,I have really good grades,43.0,positive
stu_MXNSF14478,TST Respose 4,I have really good grades,14.0,neutral
stu_MXNSF14478,TST Respose 4,I have really good grades,25.0,positive
stu_TRKWP48352,TST Respose 1,I am a student,14.0,neutral
stu_FBOFA96484,TST Respose 3,I am a 6th,48.0,none
stu_OIYXZ27717,TST Respose 1,I am someone who likes swimming,29.0,positive
stu_OIYXZ27717,TST Respose 1,I am someone who likes swimming,24.0,positive
stu_KGOWI06896,TST Respose 19,I like to sleep,31.0,positive
stu_KGOWI06896,TST Respose 19,I like to sleep,24.0,positive
stu_CINVJ49388,TST Respose 14,tik tok user,27.0,neutral
stu_JTZYY08754,TST Respose 6,"Math, and everything else",48.0,none
stu_VGJIS59600,TST Respose 4,I like to read and listen to music,25.0,positive
stu_VGJIS59600,TST Respose 4,I like to read and listen to music,24.0,positive
stu_VTRUH97046,TST Respose 3,I speak creole.,25.0,neutral
stu_VTRUH97046,TST Respose 3,I speak creole.,22.0,speakscreole
stu_VNSDU81090,TST Respose 9,my favorite candy is recces candy,24.0,positive
stu_DERZZ01872,TST Respose 1,I am a student,14.0,neutral
stu_BJJXN95776,TST Respose 1,I am a big brother,12.0,neutral
stu_BJJXN95776,TST Respose 1,I am a big brother,2.0,boy
stu_LDUML32113,TST Respose 20,i like my friends,24.0,positive
stu_LDUML32113,TST Respose 20,i like my friends,10.0,positive
stu_UJNMI16598,TST Respose 20,Fornite player (sometimes),28.0,neutral
stu_RUZUK44953,TST Respose 19,I am someone who has not gotten a write-up this year.,47.0,positive
stu_UAFAK64772,TST Respose 11,middle class,17.0,middle
stu_VFKRH03938,TST Respose 13,i am a sweet person,44.0,positive
stu_VFKRH03938,TST Respose 13,i am a sweet person,21.0,none
stu_TDURA35752,TST Respose 9,I am nice,44.0,positive
stu_QPHPK12517,TST Respose 18,i love tiktok,27.0,positive
stu_QPHPK12517,TST Respose 18,i love tiktok,24.0,positive
stu_RSKDK68207,TST Respose 19,I am in 8th grade. I am a student at a Middle School.,22.0,eighthgrader
stu_RSKDK68207,TST Respose 19,I am in 8th grade. I am a student at a Middle School.,4.0,child
stu_RSKDK68207,TST Respose 19,I am in 8th grade. I am a student at a Middle School.,14.0,neutral
stu_NKHRJ04957,TST Respose 8,I like Leanard Divince,24.0,positive
stu_RUZUK44953,TST Respose 6,I am a person who likes sports,24.0,positive
stu_RUZUK44953,TST Respose 6,I am a person who likes sports,21.0,positive
stu_CPVXX19825,TST Respose 18,My idol is lamar jackson,24.0,positive
stu_XUDYN03051,TST Respose 17,I have straight hair,35.0,neutral
stu_YBWGX96937,TST Respose 18,4.8 feed,35.0,neutral
stu_DKGHS98193,TST Respose 20,i look like my mom,35.0,neutral
stu_DKGHS98193,TST Respose 20,i look like my mom,12.0,neutral
stu_UEDQL23543,TST Respose 9,caring,44.0,positive
stu_UEDQL23543,TST Respose 1,[FIRST NAME],5.0,none
stu_MMZHT88458,TST Respose 8,i have long hair,35.0,neutral
stu_WQGUY90279,TST Respose 11,I only speak english,35.0,neutral
stu_UEYTM01990,TST Respose 10,I am helpful,44.0,positive
stu_CLLRZ76280,TST Respose 6,"I like to be quiet, but talk if i have a friend",44.0,positive
stu_CLLRZ76280,TST Respose 6,"I like to be quiet, but talk if i have a friend",10.0,positive
stu_CLLRZ76280,TST Respose 6,"I like to be quiet, but talk if i have a friend",24.0,positive
stu_FPTDO32773,TST Respose 5,Bestfriend,10.0,positive
stu_DHTXQ91573,TST Respose 18,I am a students from 6 grades,22.0,sixthgrader
stu_DHTXQ91573,TST Respose 18,I am a students from 6 grades,4.0,child
stu_DHTXQ91573,TST Respose 18,I am a students from 6 grades,14.0,neutral
stu_QFXDD68186,TST Respose 7,I play volleyball,29.0,neutral
stu_ROXAU39801,TST Respose 2,I am a tall,35.0,neutral
stu_LKAAV41369,TST Respose 9,I love drawing,26.0,positive
stu_LKAAV41369,TST Respose 9,I love drawing,24.0,positive
stu_QACJQ31561,TST Respose 12,i like the color pink,25.0,positive
stu_UAFAK64772,TST Respose 14,grateful,47.0,positive
stu_PKXZK94759,TST Respose 12,I'm somebody who loves there family,24.0,positive
stu_PKXZK94759,TST Respose 12,I'm somebody who loves there family,12.0,positive
stu_RDPGG44681,TST Respose 16,I am sweet,44.0,positive
stu_YPZIM54297,TST Respose 6,I am a dancer,26.0,neutral
stu_VGJIS59600,TST Respose 13,I am extremely scared of the ocean and rivers,24.0,negative
stu_WXAMH04104,TST Respose 13,i hang out with friends,31.0,positive
stu_WXAMH04104,TST Respose 13,i hang out with friends,10.0,positive
stu_WHBZD81732,TST Respose 16,eenglish,7.0,english
stu_FQKSK24193,TST Respose 18,i like watching spooky scary Sunday,27.0,positive
stu_FQKSK24193,TST Respose 18,i like watching spooky scary Sunday,24.0,positive
stu_FNVBP19615,TST Respose 5,I have trobule focusing and understanding certain things.,43.0,neutral
stu_PSHPN85751,TST Respose 14,bye,48.0,none
stu_PKXZK94759,TST Respose 2,I'm 12,4.0,12
stu_KJOZZ30475,TST Respose 2,I'm Brazilian.,7.0,brazilian
stu_PFDTL78462,TST Respose 11,"A nickname I am called is [NICKNAME], but do not call me [NICKNAME] if we are not very close!!",5.0,none
stu_BDAZF88230,TST Respose 7,I am someone with 20/20 vision,36.0,positivee
stu_RDPGG44681,TST Respose 1,I am kind,44.0,positive
stu_KOUYR40301,TST Respose 9,i love money,24.0,positive
stu_QQMSX84242,TST Respose 13,an wip a+ STUDENT,41.0,positive
stu_QQMSX84242,TST Respose 13,an wip a+ STUDENT,14.0,positive
stu_XUDYN03051,TST Respose 12,I have good grades,43.0,positive
stu_XUDYN03051,TST Respose 12,I have good grades,14.0,positive
stu_XUDYN03051,TST Respose 12,I have good grades,25.0,positive
stu_GXIYC47970,TST Respose 18,im a supportive friend,44.0,positive
stu_GXIYC47970,TST Respose 18,im a supportive friend,10.0,positive
stu_KFYJM61476,TST Respose 10,I like to cook and bake.,31.0,positive
stu_KFYJM61476,TST Respose 10,I like to cook and bake.,24.0,positive
stu_CAGAM03126,TST Respose 18,I am a person who loves my two brothers.,24.0,positive
stu_CAGAM03126,TST Respose 18,I am a person who loves my two brothers.,12.0,positive
stu_CAGAM03126,TST Respose 18,I am a person who loves my two brothers.,21.0,none
stu_KCDEU07486,TST Respose 9,I am a student,14.0,neutral
stu_NYHDW07721,TST Respose 19,Frank Ocean fan,24.0,positive
stu_VKCWY07846,TST Respose 16,im not good at math,25.0,negative
stu_WQGUY90279,TST Respose 15,I like walking,24.0,positive
stu_NJZBY59884,TST Respose 13,learn spanish sense my family speak it,25.0,neutral
stu_NJZBY59884,TST Respose 13,learn spanish sense my family speak it,12.0,neutral
stu_NJZBY59884,TST Respose 13,learn spanish sense my family speak it,22.0,learningspanish
stu_YNVPH88845,TST Respose 12,I love the color Purple,24.0,positive
stu_YPZIM54297,TST Respose 4,i an a 6th grader,22.0,sixthgrader
stu_YPZIM54297,TST Respose 4,i an a 6th grader,14.0,neutral
stu_THKBG93560,TST Respose 12,I Have curly Hair.,35.0,neutral
stu_ROULI02103,TST Respose 20,i love sports,24.0,positive
stu_PKXZK94759,TST Respose 6,I'm Jamaican,7.0,jamaican
stu_CHVFQ54169,TST Respose 13,I Love Math.,25.0,positive
stu_CHVFQ54169,TST Respose 13,I Love Math.,24.0,positive
stu_XHGVP79664,TST Respose 19,I like rocks,24.0,positive
stu_FHADA27602,TST Respose 4,i am 12 years old.,4.0,12
stu_BCRYB29652,TST Respose 20,I like summer,24.0,positive
stu_IZQGI75719,TST Respose 12,im in 6th grade,22.0,sixthgrader
stu_IZQGI75719,TST Respose 12,im in 6th grade,14.0,neutral
stu_JOVOI38701,TST Respose 2,I am a 6th grader.,22.0,sixthgrader
stu_JOVOI38701,TST Respose 2,I am a 6th grader.,14.0,neutral
stu_UEDQL23543,TST Respose 13,kind,44.0,positive
stu_EUWJA76858,TST Respose 16,I like field trips.,24.0,positive
stu_HEPWQ98561,TST Respose 11,i like money,24.0,positive
stu_PYEUW09959,TST Respose 20,I live in [CITY],9.0,city
stu_KCDEU07486,TST Respose 6,I'm good at writing,25.0,positive
stu_ANAWT41929,TST Respose 19,My favorite anime is jujutsu kisen,24.0,positive
stu_AQNHF52456,TST Respose 15,respectful,44.0,positive
stu_WXAMH04104,TST Respose 3,im in band,26.0,neutral
stu_THKBG93560,TST Respose 17,I'm a food lover.,24.0,positive
stu_CQRFU18177,TST Respose 4,I love running,29.0,positive
stu_CQRFU18177,TST Respose 4,I love running,24.0,positive
stu_JPMJO86637,TST Respose 7,i'm friendly,44.0,positive
stu_MRIWT64391,TST Respose 3,[FIRST NAME],5.0,none
stu_YBWGX96937,TST Respose 1,i not like my grades,25.0,negative
stu_YBWGX96937,TST Respose 1,i not like my grades,24.0,negative
stu_VNSDU81090,TST Respose 1,i am a boy,2.0,boy
stu_WYTLH51489,TST Respose 14,I like to write,25.0,positive
stu_WYTLH51489,TST Respose 14,I like to write,24.0,positive
stu_ROULI02103,TST Respose 18,i love money,24.0,positive
stu_CLLRZ76280,TST Respose 1,My favorite color is black and green,24.0,positive
stu_OCRTY88035,TST Respose 6,I am someone that loves dogs.,24.0,positive
stu_ZQMQQ26810,TST Respose 9,i am a smart person,43.0,positive
stu_ZQMQQ26810,TST Respose 9,i am a smart person,21.0,none
stu_SJNFF34466,TST Respose 16,im chief keef,48.0,none
stu_UYUIH18635,TST Respose 16,i like shoes,24.0,positive
stu_RNIHY62490,TST Respose 4,I am from Africa,7.0,african
stu_JUQPD47363,TST Respose 2,I am a catcher on my softball team.,29.0,neutral
stu_UEDQL23543,TST Respose 17,take a Chinese class,25.0,neutral
stu_MMNSJ38829,TST Respose 14,I like to have parties.,24.0,positive
stu_FVHVM49769,TST Respose 18,i like alfrado,24.0,positive
stu_DERZZ01872,TST Respose 19,I like learning about pemdas,25.0,positive
stu_DERZZ01872,TST Respose 19,I like learning about pemdas,24.0,positive
stu_EHLZF06092,TST Respose 20,I love Rihanna,24.0,positive
stu_SIWRL23181,TST Respose 7,i am a soccer lover,29.0,neutral
stu_LVOOZ80056,TST Respose 12,I am a soccer player.,29.0,neutral
stu_SELBD60428,TST Respose 20,steudent,14.0,neutral
stu_QACJQ31561,TST Respose 13,my type hair is 4c hair,35.0,neutral
stu_ZYUDW82089,TST Respose 20,i am smart,43.0,positive
stu_FBWGP41232,TST Respose 9,I like to silly draw,26.0,positive
stu_FBWGP41232,TST Respose 9,I like to silly draw,24.0,positive
stu_GXMFA19655,TST Respose 2,athlete,29.0,neutral
stu_WZRKM29688,TST Respose 7,i like football,29.0,positive
stu_WZRKM29688,TST Respose 7,i like football,24.0,positive
stu_FTOYB42084,TST Respose 16,im a,48.0,none
stu_ABSGH36082,TST Respose 12,My favorite pet is a Dog,24.0,positive
stu_TDURA35752,TST Respose 11,I am smart,43.0,positive
stu_NZWIU92234,TST Respose 9,I know how to cook spaghetti,31.0,neutral
stu_UHXBA77476,TST Respose 4,I dance,26.0,neutral
stu_LDUML32113,TST Respose 19,im a dreadhead,35.0,neutral
stu_EUIXK95276,TST Respose 2,"I'm a student at the [SCHOOL NAME], I love dancing, singing, gym class, Art class, eating food",31.0,positive
stu_EUIXK95276,TST Respose 2,"I'm a student at the [SCHOOL NAME], I love dancing, singing, gym class, Art class, eating food",14.0,neutral
stu_EUIXK95276,TST Respose 2,"I'm a student at the [SCHOOL NAME], I love dancing, singing, gym class, Art class, eating food",24.0,positive
stu_EUIXK95276,TST Respose 2,"I'm a student at the [SCHOOL NAME], I love dancing, singing, gym class, Art class, eating food",26.0,positive
stu_EUIXK95276,TST Respose 2,"I'm a student at the [SCHOOL NAME], I love dancing, singing, gym class, Art class, eating food",29.0,positive
stu_EHLZF06092,TST Respose 17,I love mcdonalds and wendys and dairy queen and sonics,24.0,positive
stu_WHBZD81732,TST Respose 4,idiot,43.0,negative
stu_OFAWH83528,TST Respose 11,i like to got to funz,31.0,positive
stu_OFAWH83528,TST Respose 11,i like to got to funz,24.0,positive
stu_SOWGI28002,TST Respose 17,I am someone who loves Cape Verde,24.0,positive
stu_SELBD60428,TST Respose 6,[FIRST LAST NAME],5.0,none
stu_VSSOO37726,TST Respose 3,I like recesses,24.0,positive
stu_FUILC09238,TST Respose 18,I'm nonchalant,42.0,neutral
stu_VFKRH03938,TST Respose 3,i am Portuguese and Cape Verden,7.0,portuguese and cape verdean
stu_DERZZ01872,TST Respose 14,I have a cat,32.0,none
stu_VQFBG95862,TST Respose 7,i am a happy guy,45.0,positive
stu_VQFBG95862,TST Respose 7,i am a happy guy,2.0,boy
stu_IGLSS89625,TST Respose 10,i like shool,24.0,positive
stu_ZUARE93356,TST Respose 8,My favorite drink is a mango smoothy,24.0,positive
stu_FNVBP19615,TST Respose 1,I am a girl.,2.0,girl
stu_UAFAK64772,TST Respose 16,trustworthy,43.0,positive
stu_RSKDK68207,TST Respose 16,I like to make stories about culture and research things about that culture.,25.0,positive
stu_RSKDK68207,TST Respose 16,I like to make stories about culture and research things about that culture.,24.0,positive
stu_RUBQU39803,TST Respose 9,i am a lovely,48.0,none
stu_DHTXQ91573,TST Respose 17,I am a students from 6 grades,22.0,sixthgrader
stu_DHTXQ91573,TST Respose 17,I am a students from 6 grades,4.0,child
stu_DHTXQ91573,TST Respose 17,I am a students from 6 grades,14.0,neutral
stu_JERPG96865,TST Respose 20,i like games,28.0,positive
stu_JERPG96865,TST Respose 20,i like games,24.0,positive
stu_ROULI02103,TST Respose 19,i love music,24.0,positive
stu_ORUUL82324,TST Respose 14,I have a VERY strict mother,12.0,neutral
stu_JOKOV89559,TST Respose 3,I am someone who works very hard,41.0,positive
stu_CNIFN64507,TST Respose 12,im caribbean,7.0,caribbean
stu_IKUOQ66846,TST Respose 19,respects,48.0,none
stu_WAWDW95831,TST Respose 13,I love soccer.,29.0,positive
stu_WAWDW95831,TST Respose 13,I love soccer.,24.0,positive
stu_BESSB35006,TST Respose 14,im 12,4.0,12
stu_XSQUV53095,TST Respose 16,I AM [FIRST NAME] A WRITER,24.0,neutral
stu_XSQUV53095,TST Respose 16,I AM [FIRST NAME] A WRITER,5.0,none
stu_FQEST23326,TST Respose 2,I am nice,44.0,positive
stu_JERPG96865,TST Respose 19,i like music,24.0,positive
stu_PKXZK94759,TST Respose 9,I'm somebody who likes to use TikTok,27.0,positive
stu_PKXZK94759,TST Respose 9,I'm somebody who likes to use TikTok,24.0,positive
stu_IZQGI75719,TST Respose 7,i wear glasses,35.0,neutral
stu_QOGPO20181,TST Respose 20,My favorite food is Chick fil a,24.0,positive
stu_ECYEC76336,TST Respose 14,I am a person who likes R&B music,24.0,positive
stu_ECYEC76336,TST Respose 14,I am a person who likes R&B music,21.0,none
stu_TYPZX10676,TST Respose 16,i love reading,25.0,positive
stu_TYPZX10676,TST Respose 16,i love reading,24.0,positive
stu_WYTLH51489,TST Respose 4,I like to play sports,29.0,positive
stu_WYTLH51489,TST Respose 4,I like to play sports,24.0,positive
stu_TYPZX10676,TST Respose 13,"i like when you can choose your music while doing it,",24.0,positive
stu_NWRRN03456,TST Respose 1,I'm an English Speaker,25.0,neutral
stu_NWRRN03456,TST Respose 1,I'm an English Speaker,22.0,speaksenglish
stu_RSKDK68207,TST Respose 18,I made up my own language called Acrian.,31.0,neutral
stu_WDDQQ92015,TST Respose 15,i am a student,14.0,neutral
stu_VNSDU81090,TST Respose 18,i have a lot of cards,32.0,none
stu_LVOOZ80056,TST Respose 2,I like playing sports.,29.0,positive
stu_LVOOZ80056,TST Respose 2,I like playing sports.,24.0,positive
stu_WAFQN21754,TST Respose 13,I show ownership,43.0,positive
stu_OFAWH83528,TST Respose 14,i like led pencils,24.0,positive
stu_FWPPR22255,TST Respose 9,I like my teacher,24.0,positive
stu_FWPPR22255,TST Respose 9,I like my teacher,14.0,positive
stu_WRQAA62017,TST Respose 16,I am hungry,27.0,neutral
stu_JERPG96865,TST Respose 6,i like red,24.0,positive
stu_KWLPL21630,TST Respose 12,I like regelar show.,24.0,positive
stu_IGWBR81023,TST Respose 8,i am a competitive cheerleader,29.0,neutral
stu_VGJIS59600,TST Respose 19,I like writting poems,25.0,positive
stu_VGJIS59600,TST Respose 19,I like writting poems,24.0,positive
stu_SBUBU63586,TST Respose 4,i am a cook,31.0,neutral
stu_CPBCK00658,TST Respose 11,I like my friends,24.0,positive
stu_CPBCK00658,TST Respose 11,I like my friends,10.0,positive
stu_IGWBR81023,TST Respose 17,i dont like a lot of attention,44.0,negative
stu_IGWBR81023,TST Respose 17,i dont like a lot of attention,24.0,negative
stu_FPTDO32773,TST Respose 17,Thoughtful,45.0,positive
stu_IDHIE84911,TST Respose 14,am sleepy,47.0,neutral
stu_TDURA35752,TST Respose 3,I am a student,14.0,neutral
stu_SBUBU63586,TST Respose 18,i am a girl who dose mathia,47.0,neutral
stu_SBUBU63586,TST Respose 18,i am a girl who dose mathia,2.0,girl
stu_NXWSI70882,TST Respose 1,a mathematician,25.0,neutral
stu_CETOG17008,TST Respose 20,grinder,41.0,positive
stu_KWLPL21630,TST Respose 3,I speak French too.,25.0,neutral
stu_KWLPL21630,TST Respose 3,I speak French too.,22.0,speaksfrench
stu_QACJQ31561,TST Respose 3,im haitian,7.0,haitian
stu_TDURA35752,TST Respose 6,I am 13,4.0,13
stu_WWNBY52737,TST Respose 5,I am a girl.,2.0,girl
stu_FPTDO32773,TST Respose 11,a niece,12.0,neutral
stu_FPTDO32773,TST Respose 11,a niece,2.0,girl
stu_TRKWP48352,TST Respose 18,I like my bed,24.0,positive
stu_ABSGH36082,TST Respose 7,I LOVE CATS,24.0,positive
stu_WHBZD81732,TST Respose 13,i like nothing else,24.0,neutral
stu_DUOEM76163,TST Respose 14,My favorite animal is a lion,24.0,positive
stu_PUHUL75671,TST Respose 5,14,4.0,14
stu_PFDTL78462,TST Respose 17,I like my phone.,27.0,positive
stu_PFDTL78462,TST Respose 17,I like my phone.,24.0,positive
stu_KOUYR40301,TST Respose 10,i like jordans,24.0,positive
stu_WHBZD81732,TST Respose 3,brown,6.0,brown
stu_EQSJM78476,TST Respose 7,I hate writing,25.0,negative
stu_EQSJM78476,TST Respose 7,I hate writing,24.0,negative
stu_OCRTY88035,TST Respose 18,I am someone that want to finish high school,47.0,neutral
stu_KWLPL21630,TST Respose 5,I'm a girl.,2.0,girl
stu_VOXTG50835,TST Respose 9,I like clothing,30.0,positive
stu_VOXTG50835,TST Respose 9,I like clothing,24.0,positive
stu_NRKZA72454,TST Respose 9,I like turtles.,24.0,positive
stu_THKBG93560,TST Respose 3,I'm a Hard workings student?,41.0,positive
stu_THKBG93560,TST Respose 3,I'm a Hard workings student?,14.0,neutral
stu_CTAZU65504,TST Respose 5,I am helpful,44.0,positive
stu_OFAWH83528,TST Respose 17,I like playing inside,31.0,positive
stu_OFAWH83528,TST Respose 17,I like playing inside,24.0,positive
stu_VENGZ10475,TST Respose 19,Doesn't like math much,25.0,negative
stu_VENGZ10475,TST Respose 19,Doesn't like math much,24.0,negative
stu_NJZBY59884,TST Respose 5,"my fav shoes are jordans,nike",24.0,positive
stu_VNSDU81090,TST Respose 8,my favorite things is staying after school,31.0,positive
stu_VNSDU81090,TST Respose 8,my favorite things is staying after school,24.0,positive
stu_ZYUDW82089,TST Respose 11,i like computers,27.0,positive
stu_ZYUDW82089,TST Respose 11,i like computers,24.0,positive
stu_NWVEW24693,TST Respose 18,i like nike,24.0,positive
stu_FASQN45304,TST Respose 18,I am someone who likes to hang out with friends.,24.0,positive
stu_FASQN45304,TST Respose 18,I am someone who likes to hang out with friends.,10.0,positive
stu_NKHRJ04957,TST Respose 14,my birthday is on [DATE],22.0,birthday
stu_MKEGQ97127,TST Respose 19,I'm a pretty young woman,2.0,girl
stu_CDXSC86692,TST Respose 6,I am a person with brown eyes,35.0,neutral
stu_CDXSC86692,TST Respose 6,I am a person with brown eyes,21.0,none
stu_HLKZL24322,TST Respose 14,a person who like a sports team,24.0,positive
stu_HLKZL24322,TST Respose 14,a person who like a sports team,21.0,none
stu_VTRUH97046,TST Respose 14,I have green eyes.,35.0,neutral
stu_IZQGI75719,TST Respose 9,my favorite show is stranger things,24.0,positive
stu_PNNIR08301,TST Respose 20,I like candy.,24.0,positive
stu_LNFOE66635,TST Respose 3,a basketball player,29.0,neutral
stu_GXIYC47970,TST Respose 13,i am someone who likes to be home a lot,31.0,positive
stu_GXIYC47970,TST Respose 13,i am someone who likes to be home a lot,24.0,positive
stu_PUNZK45438,TST Respose 8,i love my family,24.0,positive
stu_PUNZK45438,TST Respose 8,i love my family,12.0,positive
stu_QPHPK12517,TST Respose 17,best The Finals player,28.0,positive
stu_PSHPN85751,TST Respose 13,bye,48.0,none
stu_UHXBA77476,TST Respose 17,I have a pet lizard,35.0,neutral
stu_FTOYB42084,TST Respose 19,im a kind person,44.0,positive
stu_FTOYB42084,TST Respose 19,im a kind person,21.0,none
stu_HBPKA70291,TST Respose 8,love matia,25.0,positive
stu_HBPKA70291,TST Respose 8,love matia,24.0,positive
stu_WHBZD81732,TST Respose 8,i dont like outside,24.0,negative
stu_PUNZK45438,TST Respose 4,I am smart at math,43.0,positive
stu_HXXCS05602,TST Respose 15,i'm her,2.0,girl
stu_MKEGQ97127,TST Respose 20,I love my family,24.0,positive
stu_MKEGQ97127,TST Respose 20,I love my family,12.0,positive
stu_WYTLH51489,TST Respose 19,I like being nice,44.0,positive
stu_WYTLH51489,TST Respose 19,I like being nice,23.0,positive
stu_HLKZL24322,TST Respose 10,a sleeper,31.0,neutral
stu_RUZUK44953,TST Respose 7,I am Haitian,7.0,haitian
stu_CLLRZ76280,TST Respose 11,I like watching tv,31.0,positive
stu_CLLRZ76280,TST Respose 11,I like watching tv,24.0,positive
stu_HMQRZ27503,TST Respose 8,I am a sigma,42.0,positive
stu_UYUIH18635,TST Respose 12,i like the color black,24.0,positive
stu_CPVXX19825,TST Respose 7,I am the oldest child,12.0,neutral
stu_PYEUW09959,TST Respose 17,I like to give back to my community,40.0,positive
stu_PYEUW09959,TST Respose 17,I like to give back to my community,24.0,positive
stu_VQFBG95862,TST Respose 20,i am a all a student,43.0,positive
stu_VQFBG95862,TST Respose 20,i am a all a student,14.0,positive
stu_UEYTM01990,TST Respose 16,I like to do math,25.0,positive
stu_UEYTM01990,TST Respose 16,I like to do math,24.0,positive
stu_YPZIM54297,TST Respose 8,I am indisisive person,42.0,neutral
stu_YPZIM54297,TST Respose 8,I am indisisive person,21.0,none
stu_OCRTY88035,TST Respose 5,I am someone that there birthday is in june.,22.0,june birthdays
stu_KJOZZ30475,TST Respose 20,I was stressed about answering these questions.,47.0,negative
stu_FTOYB42084,TST Respose 14,im a cancer,22.0,astrology
stu_PNNIR08301,TST Respose 10,I am Christan.,23.0,christian
stu_IZQGI75719,TST Respose 3,im 12 years old,4.0,12
stu_HMQRZ27503,TST Respose 1,I am short i wis I was tall,35.0,neutral
stu_CHVFQ54169,TST Respose 12,I Like playing bored game,28.0,positive
stu_CHVFQ54169,TST Respose 12,I Like playing bored game,24.0,positive
stu_MXNSB23169,TST Respose 19,I like bugatti.,24.0,positive
stu_EHYTZ32137,TST Respose 14,I'm a loud person,44.0,positive
stu_EHYTZ32137,TST Respose 14,I'm a loud person,21.0,none
stu_RUBQU39803,TST Respose 6,i am beautiful,35.0,positive
stu_FQEST23326,TST Respose 5,I am a Child,4.0,child
stu_VNSDU81090,TST Respose 16,i have 1 sister,12.0,neutral
stu_SULZI60933,TST Respose 2,I'm a girl,2.0,girl
stu_CWQDV67579,TST Respose 5,I like games,28.0,positive
stu_CWQDV67579,TST Respose 5,I like games,24.0,positive
stu_WWNBY52737,TST Respose 11,I am apart of equity Counsil.,18.0,equity council
stu_ANQAT24428,TST Respose 20,i like to ride my scooter,24.0,positive
stu_IDHIE84911,TST Respose 2,am sleepy,47.0,neutral
stu_OIYXZ27717,TST Respose 2,I am someone who likes the color red,24.0,positive
stu_FBWGP41232,TST Respose 7,I have 3 brothers,12.0,neutral
stu_CDGKD03653,TST Respose 5,i play soccer,29.0,neutral
stu_BJJXN95776,TST Respose 2,I love basketball,24.0,positive
stu_EQSJM78476,TST Respose 17,i hate sundays,24.0,negative
stu_OQLOS45541,TST Respose 9,I'm an adventurer.,45.0,positive
stu_CPVXX19825,TST Respose 10,I am a boy,2.0,boy
stu_UYUIH18635,TST Respose 2,Im a football player,29.0,neutral
stu_EHLZF06092,TST Respose 10,I love animals,24.0,positive
stu_EJIML93711,TST Respose 9,I like to color,26.0,positive
stu_EJIML93711,TST Respose 9,I like to color,24.0,positive
stu_EQSJM78476,TST Respose 19,i dont like [FIRST NAME],24.0,negative
stu_YSQPA55709,TST Respose 3,im smart,43.0,positive
stu_QQAHK93946,TST Respose 5,I like Koi fishes,24.0,positive
stu_FPTDO32773,TST Respose 4,Student,14.0,neutral
stu_OMSFY97090,TST Respose 19,im a students,14.0,neutral
stu_KWLPL21630,TST Respose 20,I like wearing glasses for fashion.,30.0,positive
stu_KWLPL21630,TST Respose 20,I like wearing glasses for fashion.,24.0,positive
stu_DERZZ01872,TST Respose 7,I like social study's,25.0,positive
stu_DERZZ01872,TST Respose 7,I like social study's,24.0,positive
stu_WEADW20158,TST Respose 1,Im a boy,2.0,boy
stu_GXMFA19655,TST Respose 20,i am independent,44.0,positive
stu_OFAWH83528,TST Respose 3,i enjoy athletic stuff,29.0,positive
stu_OFAWH83528,TST Respose 3,i enjoy athletic stuff,24.0,positive
stu_CWQDV67579,TST Respose 16,I am good,40.0,positive
stu_MZIVN56293,TST Respose 6,im a honors student,43.0,positive
stu_MZIVN56293,TST Respose 6,im a honors student,14.0,positive
stu_THKBG93560,TST Respose 4,I'm a mixed cape Verden boy.,7.0,mixedcapeverdean
stu_THKBG93560,TST Respose 4,I'm a mixed cape Verden boy.,2.0,boy
stu_FWPPR22255,TST Respose 19,I want more game,33.0,none
stu_FWPPR22255,TST Respose 19,I want more game,28.0,positive
stu_OAZKI17777,TST Respose 14,[LETTER OF NAME],5.0,none
stu_YXJEP22115,TST Respose 7,I am a good writer,25.0,positive
stu_NWRRN03456,TST Respose 20,I'm Catholic and I also go to church.,31.0,neutral
stu_NWRRN03456,TST Respose 20,I'm Catholic and I also go to church.,16.0,catholic
stu_KJOZZ30475,TST Respose 3,I am an overthinker at times.,44.0,negative
stu_UEYTM01990,TST Respose 14,I wear glasses,35.0,neutral
stu_QQAHK93946,TST Respose 19,I like Listening to traditional music,24.0,positive
stu_NMWSA27732,TST Respose 12,I like to learn new things,25.0,positive
stu_NMWSA27732,TST Respose 12,I like to learn new things,24.0,positive
stu_KFYJM61476,TST Respose 17,I hate bugs.,24.0,negative
stu_VENGZ10475,TST Respose 11,A gamer,28.0,neutral
stu_FBOFA96484,TST Respose 18,i am a person that is smart,43.0,positive
stu_FBOFA96484,TST Respose 18,i am a person that is smart,21.0,none
stu_XUDYN03051,TST Respose 15,I have many friends,10.0,neutral
stu_EUWJA76858,TST Respose 20,I like mathia.,25.0,positive
stu_EUWJA76858,TST Respose 20,I like mathia.,24.0,positive
stu_UJNMI16598,TST Respose 7,Clarinet player,26.0,neutral
stu_CTAZU65504,TST Respose 19,I like to hang out with friends,31.0,positive
stu_CTAZU65504,TST Respose 19,I like to hang out with friends,10.0,positive
stu_CTAZU65504,TST Respose 19,I like to hang out with friends,24.0,positive
stu_ZARRQ26344,TST Respose 15,i like shoping with my mom,24.0,positive
stu_ZARRQ26344,TST Respose 15,i like shoping with my mom,12.0,positive
stu_OFAWH83528,TST Respose 2,i like soccer,24.0,positive
stu_ZQMQQ26810,TST Respose 6,i am friends with a lot of people,10.0,positive
stu_VUNQZ79892,TST Respose 9,im a grandahter,12.0,neutral
stu_VUNQZ79892,TST Respose 9,im a grandahter,2.0,girl
stu_XHPVX80161,TST Respose 5,i am my mothers child,12.0,neutral
stu_XHPVX80161,TST Respose 5,i am my mothers child,4.0,child
stu_FQEST23326,TST Respose 10,a sister,12.0,neutral
stu_FQEST23326,TST Respose 10,a sister,2.0,girl
stu_XUDYN03051,TST Respose 6,I am the middle child,12.0,neutral
stu_XUDYN03051,TST Respose 6,I am the middle child,4.0,child
stu_EJIML93711,TST Respose 14,I like shopping,31.0,positive
stu_EJIML93711,TST Respose 14,I like shopping,24.0,positive
stu_VUNQZ79892,TST Respose 6,im a coisn,12.0,neutral
stu_CINVJ49388,TST Respose 11,[FIRST NAME] friend,10.0,positive
stu_KOIIB68446,TST Respose 7,I wanna travel around the world,31.0,neutral
stu_YNVPH88845,TST Respose 3,I like math,25.0,positive
stu_YNVPH88845,TST Respose 3,I like math,24.0,positive
stu_YXJEP22115,TST Respose 5,I am an athlete,29.0,neutral
stu_OAZKI17777,TST Respose 7,[LETTER OF NAME],5.0,none
stu_MXNSB23169,TST Respose 10,I am a happy person.,45.0,positive
stu_MXNSB23169,TST Respose 10,I am a happy person.,21.0,none
stu_ORUUL82324,TST Respose 15,I'm not a good runner,29.0,negative
stu_EHYTZ32137,TST Respose 16,i'm cape verdan,7.0,cape verdean
stu_FBWGP41232,TST Respose 13,I like to relax,31.0,positive
stu_FBWGP41232,TST Respose 13,I like to relax,24.0,positive
stu_RNIHY62490,TST Respose 1,I am 11 years old,4.0,11
stu_FBOFA96484,TST Respose 10,i like the color bule,24.0,positive
stu_MYCLF44200,TST Respose 6,I love the baltimore ravens.,24.0,positive
stu_SULZI60933,TST Respose 17,i like helping people,44.0,positive
stu_SULZI60933,TST Respose 17,i like helping people,24.0,positive
stu_PXDPN73068,TST Respose 15,I'm the favorite child,12.0,positive
stu_PXDPN73068,TST Respose 15,I'm the favorite child,4.0,child
stu_VNSDU81090,TST Respose 20,i like doing homwork,25.0,positive
stu_VNSDU81090,TST Respose 20,i like doing homwork,24.0,positive
stu_BESSB35006,TST Respose 12,i like to have sleepovers,31.0,positive
stu_BESSB35006,TST Respose 12,i like to have sleepovers,24.0,positive
stu_AQNHF52456,TST Respose 20,the best,40.0,positive
stu_CETOG17008,TST Respose 13,gamer,28.0,neutral
stu_THKBG93560,TST Respose 16,I'm a soccer player..,29.0,neutral
stu_MYCLF44200,TST Respose 4,I am 12 years old.,4.0,12
stu_GXMFA19655,TST Respose 7,i am a good student,14.0,positive
stu_AQNHF52456,TST Respose 1,althete,29.0,neutral
stu_YNVPH88845,TST Respose 4,I bilingual,25.0,neutral
stu_YNVPH88845,TST Respose 4,I bilingual,22.0,bilingual
stu_STIXI97047,TST Respose 19,I am [FIRST NAME].,5.0,none
stu_FWPPR22255,TST Respose 8,I always do my school work,25.0,neutral
stu_FWPPR22255,TST Respose 8,I always do my school work,14.0,neutral
stu_VQFBG95862,TST Respose 14,i am a rich person,34.0,rich
stu_VQFBG95862,TST Respose 14,i am a rich person,21.0,none
stu_KFYJM61476,TST Respose 16,I have 1 fish.,32.0,none
stu_MRIWT64391,TST Respose 8,A person who hates acedemic enrichment,25.0,negative
stu_MRIWT64391,TST Respose 8,A person who hates acedemic enrichment,21.0,none
stu_MRIWT64391,TST Respose 8,A person who hates acedemic enrichment,24.0,negative
stu_QEGJI54214,TST Respose 4,i am a rice lover,24.0,positive
stu_VQFBG95862,TST Respose 15,i am a schoolar,25.0,positive
stu_GXIYC47970,TST Respose 14,i am someone who is not a fan of math,25.0,negative
stu_GXIYC47970,TST Respose 14,i am someone who is not a fan of math,24.0,negative
stu_XHGVP79664,TST Respose 15,My favorite season is summer,24.0,positive
stu_VOXTG50835,TST Respose 16,im nice,44.0,positive
stu_OCRTY88035,TST Respose 11,I am someone that loves my sister.,24.0,positive
stu_OCRTY88035,TST Respose 11,I am someone that loves my sister.,12.0,positive
stu_FHADA27602,TST Respose 3,i am in honors math and english.,43.0,positive
stu_FHADA27602,TST Respose 3,i am in honors math and english.,14.0,positive
stu_UYFTQ45542,TST Respose 2,I am a student of [DISTRICT],14.0,neutral
stu_ORUUL82324,TST Respose 6,I'm not the best at dancing,26.0,negative
stu_WAWDW95831,TST Respose 20,I love Fortnite.,28.0,positive
stu_WAWDW95831,TST Respose 20,I love Fortnite.,24.0,positive
stu_WXAMH04104,TST Respose 10,i like technology,27.0,positive
stu_WXAMH04104,TST Respose 10,i like technology,24.0,positive
stu_VENGZ10475,TST Respose 7,A slacker,43.0,negative
stu_YPZIM54297,TST Respose 18,I am a may baby,22.0,born in may
stu_PSHZT50501,TST Respose 11,I am a very energetic person,45.0,neutral
stu_PSHZT50501,TST Respose 11,I am a very energetic person,21.0,none
stu_DKGHS98193,TST Respose 15,i have a sister,12.0,neutral
stu_XUDYN03051,TST Respose 9,I have and older brother,12.0,neutral
stu_LJAAE92948,TST Respose 7,I'm a older sister,12.0,neutral
stu_VSSOO37726,TST Respose 1,I like to hangout with freinds,31.0,positive
stu_VSSOO37726,TST Respose 1,I like to hangout with freinds,10.0,positive
stu_VSSOO37726,TST Respose 1,I like to hangout with freinds,24.0,positive
stu_IGWBR81023,TST Respose 19,i love to stay comfy,24.0,positive
stu_YNVPH88845,TST Respose 7,I am in 6 grade,22.0,sixthgrader
stu_YNVPH88845,TST Respose 7,I am in 6 grade,14.0,neutral
stu_BESSB35006,TST Respose 17,i have brown eyes,35.0,neutral
stu_QZOUO83023,TST Respose 8,i live in [CITY],9.0,city
stu_UYFTQ45542,TST Respose 19,i am a person who wants to go to sleep a lot,31.0,neutral
stu_UYFTQ45542,TST Respose 19,i am a person who wants to go to sleep a lot,21.0,none
stu_EHXGF51692,TST Respose 4,I am a tv watcher.,31.0,neutral
stu_ZYUDW82089,TST Respose 17,i am Muslim,16.0,muslim
stu_HLKZL24322,TST Respose 20,i like to run,29.0,positive
stu_HLKZL24322,TST Respose 20,i like to run,24.0,positive
stu_MZIVN56293,TST Respose 11,i go to [SCHOOL NAME],14.0,neutral
stu_EHXGF51692,TST Respose 10,I am the youngest child,12.0,neutral
stu_EHXGF51692,TST Respose 10,I am the youngest child,4.0,child
stu_GCHCS91000,TST Respose 18,i am a mathia hater 4L,25.0,negative
stu_GCHCS91000,TST Respose 18,i am a mathia hater 4L,24.0,negative
stu_IGWBR81023,TST Respose 2,i have braces,35.0,neutral
stu_QEGJI54214,TST Respose 12,i can speak creole,25.0,neutral
stu_QEGJI54214,TST Respose 12,i can speak creole,22.0,speakscreole
stu_LNFOE66635,TST Respose 15,I contribute in class,25.0,positive
stu_SULZI60933,TST Respose 8,im shy,44.0,neutral
stu_RUZUK44953,TST Respose 14,I am someone who likes to play outside.,31.0,positive
stu_RUZUK44953,TST Respose 14,I am someone who likes to play outside.,24.0,positive
stu_EQSJM78476,TST Respose 2,i am haitian,7.0,haitian
stu_CPBCK00658,TST Respose 18,I like to eat chicken wings,24.0,positive
stu_ROULI02103,TST Respose 3,i love food,24.0,positive
stu_CWQDV67579,TST Respose 18,I am from cape verd,7.0,cape verdean
stu_CPBCK00658,TST Respose 19,I like to wear glasses,30.0,positive
stu_CPBCK00658,TST Respose 19,I like to wear glasses,24.0,positive
stu_LKAAV41369,TST Respose 18,I like candy,24.0,positive
stu_LVOOZ80056,TST Respose 17,I am a lot of peoples best friends.,10.0,positive
stu_QQMSX84242,TST Respose 15,a twin,12.0,neutral
stu_RNIHY62490,TST Respose 15,I have a mom and a dad,12.0,neutral
stu_HXXCS05602,TST Respose 12,i'm me,19.0,none
stu_EUWJA76858,TST Respose 11,I like math.,25.0,positive
stu_EUWJA76858,TST Respose 11,I like math.,24.0,positive
stu_TRKWP48352,TST Respose 12,I am a person who likes to talk,44.0,positive
stu_TRKWP48352,TST Respose 12,I am a person who likes to talk,21.0,none
stu_TRKWP48352,TST Respose 12,I am a person who likes to talk,24.0,positive
stu_WRQAA62017,TST Respose 14,Im a little brother,12.0,neutral
stu_WRQAA62017,TST Respose 14,Im a little brother,2.0,boy
stu_RDOVU20570,TST Respose 16,I Like to play outside with my friends,31.0,positive
stu_RDOVU20570,TST Respose 16,I Like to play outside with my friends,10.0,positive
stu_RDOVU20570,TST Respose 16,I Like to play outside with my friends,24.0,positive
stu_WQGUY90279,TST Respose 19,I like bothering my friends,24.0,positive
stu_WQGUY90279,TST Respose 19,I like bothering my friends,10.0,positive
stu_NYHDW07721,TST Respose 14,Volunteer of Teen Center,13.0,neutral
stu_ERQCY81201,TST Respose 5,I am a person who loves to sing,26.0,positive
stu_ERQCY81201,TST Respose 5,I am a person who loves to sing,21.0,none
stu_ERQCY81201,TST Respose 5,I am a person who loves to sing,24.0,positive
stu_ZUARE93356,TST Respose 11,I have friends,10.0,neutral
stu_KGOWI06896,TST Respose 1,I like to draw,26.0,positive
stu_KGOWI06896,TST Respose 1,I like to draw,24.0,positive
stu_WDDQQ92015,TST Respose 6,i am a student,14.0,neutral
stu_CDGKD03653,TST Respose 17,i like chips,24.0,positive
stu_SIWRL23181,TST Respose 13,i am amazing,40.0,positive
stu_HBPKA70291,TST Respose 10,nervos,47.0,neutral
stu_NWRRN03456,TST Respose 7,I love helping people.,44.0,positive
stu_NWRRN03456,TST Respose 7,I love helping people.,24.0,positive
stu_UAFAK64772,TST Respose 19,Haitian,7.0,haitian
stu_CNIXS57234,TST Respose 6,I don't like mathia,25.0,negative
stu_CNIXS57234,TST Respose 6,I don't like mathia,24.0,negative
stu_DJCZE13885,TST Respose 11,I like dressing up.,30.0,positive
stu_DJCZE13885,TST Respose 11,I like dressing up.,24.0,positive
stu_IGLSS89625,TST Respose 20,everything in the school,48.0,none
stu_PJCOJ15115,TST Respose 20,I have a taper fade,35.0,neutral
stu_QFXDD68186,TST Respose 8,I like school,25.0,positive
stu_QFXDD68186,TST Respose 8,I like school,14.0,positive
stu_QFXDD68186,TST Respose 8,I like school,24.0,positive
stu_IDHIE84911,TST Respose 1,am cute,35.0,positive
stu_JPMJO86637,TST Respose 4,i have two eye,35.0,neutral
stu_HBPKA70291,TST Respose 18,dancer,26.0,neutral
stu_XKMAG80800,TST Respose 9,Roblox player.,28.0,positive
stu_YSQPA55709,TST Respose 18,my favrote show is spy x family,24.0,positive
stu_WAWDW95831,TST Respose 19,I love videogames.,28.0,positive
stu_FHADA27602,TST Respose 18,my favorite show is home alone.,24.0,positive
stu_IDHIE84911,TST Respose 19,i love my frends,24.0,positive
stu_IDHIE84911,TST Respose 19,i love my frends,10.0,positive
stu_WPVZY01902,TST Respose 6,i dont like school,25.0,negative
stu_WPVZY01902,TST Respose 6,i dont like school,14.0,negative
stu_WPVZY01902,TST Respose 6,i dont like school,24.0,negative
stu_CNIXS57234,TST Respose 9,I like tesla,24.0,positive
stu_ERQCY81201,TST Respose 2,I am a girl who doesnt really like art,26.0,negative
stu_ERQCY81201,TST Respose 2,I am a girl who doesnt really like art,2.0,girl
stu_ERQCY81201,TST Respose 2,I am a girl who doesnt really like art,24.0,negative
stu_DZJHT48666,TST Respose 19,I like to text more than call,27.0,positive
stu_DZJHT48666,TST Respose 19,I like to text more than call,24.0,positive
stu_LNFOE66635,TST Respose 14,im white,6.0,white
stu_ROULI02103,TST Respose 16,i like the sunset,24.0,positive
stu_XSQUV53095,TST Respose 7,I AM [FIRST NAME] A BASKETBALL PLAYER,29.0,neutral
stu_XSQUV53095,TST Respose 7,I AM [FIRST NAME] A BASKETBALL PLAYER,5.0,none
stu_SQLXP95993,TST Respose 8,Math is fun but not my favorite,25.0,positive
stu_SQLXP95993,TST Respose 8,Math is fun but not my favorite,24.0,positive
stu_TYPZX10676,TST Respose 4,I like when i can dress my character..,30.0,positive
stu_TYPZX10676,TST Respose 4,I like when i can dress my character..,24.0,positive
stu_TYPZX10676,TST Respose 4,I like when i can dress my character..,28.0,positive
stu_MZIVN56293,TST Respose 7,im a gamer,28.0,neutral
stu_HVWUJ52450,TST Respose 2,I'm Cape verdean,7.0,cape verdean
stu_AQNHF52456,TST Respose 14,trustworthy,43.0,positive
stu_SJNFF34466,TST Respose 18,im partynextdoor,48.0,none
stu_BJJXN95776,TST Respose 9,I am quiet,44.0,neutral
stu_FVHVM49769,TST Respose 6,i like tik tok,27.0,positive
stu_FVHVM49769,TST Respose 6,i like tik tok,24.0,positive
stu_OMSFY97090,TST Respose 5,im a students,14.0,neutral
stu_WQGUY90279,TST Respose 5,I habe glasses,35.0,neutral
stu_VTRUH97046,TST Respose 13,I have 2 sisters. One is 10 and the other is 4.,12.0,neutral
stu_SIWRL23181,TST Respose 5,i am a good friend,10.0,positive
stu_JOKOV89559,TST Respose 7,I am someone who loves stuff animals,24.0,positive
stu_RUZUK44953,TST Respose 16,I am a person who gets good grades,43.0,positive
stu_RUZUK44953,TST Respose 16,I am a person who gets good grades,14.0,positive
stu_RUZUK44953,TST Respose 16,I am a person who gets good grades,25.0,positive
stu_CPAQO78519,TST Respose 12,I am someone who loves to sleep,31.0,positive
stu_CPAQO78519,TST Respose 12,I am someone who loves to sleep,24.0,positive
stu_WCANG48942,TST Respose 17,I like water.,24.0,positive
stu_RUZUK44953,TST Respose 12,I am a person who has not yet been absent in this grade.,21.0,none
stu_RUZUK44953,TST Respose 12,I am a person who has not yet been absent in this grade.,14.0,positive
stu_FBWGP41232,TST Respose 3,l'm 11 years old,4.0,11
stu_PJCOJ15115,TST Respose 4,I am a honors student,43.0,positive
stu_PJCOJ15115,TST Respose 4,I am a honors student,14.0,positive
stu_XHPVX80161,TST Respose 12,cook,31.0,neutral
stu_OFWAG94272,TST Respose 11,I'm black,6.0,black
stu_YGBLH44260,TST Respose 11,I am a person that enjoys rewards.,24.0,positive
stu_YGBLH44260,TST Respose 11,I am a person that enjoys rewards.,21.0,none
stu_ROULI02103,TST Respose 14,i love nike,24.0,positive
stu_OIYXZ27717,TST Respose 12,I am someone who lives in a different place,47.0,neutral
stu_XXEBH66449,TST Respose 6,I am nice,44.0,positive
stu_EUIXK95276,TST Respose 10,"I'm a student at the [SCHOOL NAME], I love dancing, singing, gym class, Art class, eating food",31.0,positive
stu_EUIXK95276,TST Respose 10,"I'm a student at the [SCHOOL NAME], I love dancing, singing, gym class, Art class, eating food",14.0,neutral
stu_EUIXK95276,TST Respose 10,"I'm a student at the [SCHOOL NAME], I love dancing, singing, gym class, Art class, eating food",24.0,positive
stu_EUIXK95276,TST Respose 10,"I'm a student at the [SCHOOL NAME], I love dancing, singing, gym class, Art class, eating food",26.0,positive
stu_EUIXK95276,TST Respose 10,"I'm a student at the [SCHOOL NAME], I love dancing, singing, gym class, Art class, eating food",29.0,positive
stu_KWLPL21630,TST Respose 8,My school name is [SCHOOL NAME],14.0,neutral
stu_IDHIE84911,TST Respose 9,i love to rende,24.0,positive
stu_UYUIH18635,TST Respose 17,i like focusing on myself,44.0,positive
stu_UYUIH18635,TST Respose 17,i like focusing on myself,24.0,positive
stu_NKHRJ04957,TST Respose 19,I dont like This anymore,47.0,negative
stu_NKHRJ04957,TST Respose 19,I dont like This anymore,24.0,negative
stu_WZRKM29688,TST Respose 9,i like tv,31.0,positive
stu_WZRKM29688,TST Respose 9,i like tv,24.0,positive
stu_XSQUV53095,TST Respose 19,I AM [FIRST NAME] A RUNNER,29.0,neutral
stu_XSQUV53095,TST Respose 19,I AM [FIRST NAME] A RUNNER,5.0,none
stu_PSHPN85751,TST Respose 15,bye,48.0,none
stu_XCKNQ66212,TST Respose 4,i'm a brand owner,32.0,none
stu_KJOZZ30475,TST Respose 4,I do dance.,26.0,neutral
stu_NRKZA72454,TST Respose 8,I love my bed.,24.0,positive
stu_CQRFU18177,TST Respose 6,I like having friend,24.0,positive
stu_CQRFU18177,TST Respose 6,I like having friend,10.0,positive
stu_VTRUH97046,TST Respose 1,I am a girl.,2.0,girl
stu_YSQPA55709,TST Respose 15,i like cars,24.0,positive
stu_QZOUO83023,TST Respose 1,IM a boy,2.0,boy
stu_SBUBU63586,TST Respose 20,i am a person,21.0,none
stu_TSQUQ54202,TST Respose 2,I am a very good person.,40.0,positive
stu_TSQUQ54202,TST Respose 2,I am a very good person.,21.0,none
stu_VENGZ10475,TST Respose 12,A friendly person,44.0,positive
stu_VENGZ10475,TST Respose 12,A friendly person,21.0,none
stu_MKGYA55892,TST Respose 11,who is good at math,25.0,positive
stu_MKGYA55892,TST Respose 11,who is good at math,24.0,positive
stu_LJAAE92948,TST Respose 15,my favorite food is seafood,24.0,positive
stu_ANAWT41929,TST Respose 2,I love playing video games,28.0,positive
stu_ANAWT41929,TST Respose 2,I love playing video games,24.0,positive
stu_WTRMC77187,TST Respose 3,I like doing games,28.0,positive
stu_WTRMC77187,TST Respose 3,I like doing games,24.0,positive
stu_MMNSJ38829,TST Respose 8,I like Taylor Swift.,24.0,positive
stu_NWRRN03456,TST Respose 19,I love cooking.,31.0,positive
stu_NWRRN03456,TST Respose 19,I love cooking.,24.0,positive
stu_JUQPD47363,TST Respose 12,I am a good speller.,25.0,positive
stu_KCRZD23226,TST Respose 14,I like cookies,24.0,positive
stu_LKAAV41369,TST Respose 5,im the favorite child,12.0,positive
stu_LKAAV41369,TST Respose 5,im the favorite child,4.0,child
stu_VOXTG50835,TST Respose 13,I like eating,31.0,positive
stu_VOXTG50835,TST Respose 13,I like eating,24.0,positive
stu_GXMFA19655,TST Respose 15,i am a good artist,26.0,positive
stu_XUDYN03051,TST Respose 5,I do all my school work,25.0,positive
stu_XUDYN03051,TST Respose 5,I do all my school work,14.0,positive
stu_PJCOJ15115,TST Respose 2,I am a soccer player,29.0,neutral
stu_JOKOV89559,TST Respose 2,I am someone who loves the color pink,24.0,positive
stu_RFRYE74718,TST Respose 12,I am a person who is playful.,44.0,positive
stu_RFRYE74718,TST Respose 12,I am a person who is playful.,21.0,none
stu_CQRFU18177,TST Respose 5,I have two sister,12.0,neutral
stu_CJHBB29429,TST Respose 8,I AM person THAT LIKES [TEACHER],21.0,none
stu_CJHBB29429,TST Respose 8,I AM person THAT LIKES [TEACHER],14.0,positive
stu_BESSB35006,TST Respose 5,I like to watch movies,24.0,positive
stu_QQMSX84242,TST Respose 20,a role model,44.0,positive
stu_JTZYY08754,TST Respose 11,"I'm Haitian, India, and  Jamaican",7.0,haitian/indian/jamaican
stu_ANAWT41929,TST Respose 13,I really have a good score on my mathia,25.0,positive
stu_ANAWT41929,TST Respose 13,I really have a good score on my mathia,24.0,positive
stu_MXNSF14478,TST Respose 1,I'm a girl,2.0,girl
stu_TDURA35752,TST Respose 15,I am hardworking,41.0,positive
stu_BDAZF88230,TST Respose 19,I am a very talented person,43.0,positive
stu_BDAZF88230,TST Respose 19,I am a very talented person,21.0,none
stu_CINVJ49388,TST Respose 12,[FIRST NAME] friend,10.0,positive
stu_AQNHF52456,TST Respose 13,honest,43.0,positive
stu_WPVZY01902,TST Respose 1,I speak english,25.0,neutral
stu_WPVZY01902,TST Respose 1,I speak english,22.0,speaksenglish
stu_VUNQZ79892,TST Respose 3,im a friend,10.0,positive
stu_QACJQ31561,TST Respose 14,i like singing,26.0,positive
stu_QACJQ31561,TST Respose 14,i like singing,24.0,positive
stu_CWJCN88700,TST Respose 14,I am obsessed with food,24.0,positive
stu_MKEGQ97127,TST Respose 9,I'm somebody who wears braids,35.0,neutral
stu_YNVPH88845,TST Respose 1,My favorite color is blue,24.0,positive
stu_RSKDK68207,TST Respose 10,I like to do flips and tricks on the trampoline.,29.0,positive
stu_RSKDK68207,TST Respose 10,I like to do flips and tricks on the trampoline.,24.0,positive
stu_TRKWP48352,TST Respose 4,I am a person who likes shows,24.0,positive
stu_TRKWP48352,TST Respose 4,I am a person who likes shows,21.0,none
stu_NJZBY59884,TST Respose 15,i like to to spend time wit people,24.0,positive
stu_EXNUN73314,TST Respose 16,I am the youngest sibling,12.0,neutral
stu_KFYJM61476,TST Respose 11,I like drawing.,26.0,positive
stu_KFYJM61476,TST Respose 11,I like drawing.,24.0,positive
stu_RDPGG44681,TST Respose 20,"I love my teachers, friends, and family and all pets",24.0,positive
stu_RDPGG44681,TST Respose 20,"I love my teachers, friends, and family and all pets",10.0,positive
stu_RDPGG44681,TST Respose 20,"I love my teachers, friends, and family and all pets",12.0,positive
stu_RDPGG44681,TST Respose 20,"I love my teachers, friends, and family and all pets",14.0,positive
stu_JVLXZ63894,TST Respose 4,social studies student,14.0,neutral
stu_DERZZ01872,TST Respose 4,I am a guy,2.0,boy
stu_FHADA27602,TST Respose 12,my favorite place is my room.,24.0,positive
stu_VQFBG95862,TST Respose 3,im am good at english,25.0,positive
stu_EQSJM78476,TST Respose 13,I dont like mathia,25.0,negative
stu_EQSJM78476,TST Respose 13,I dont like mathia,24.0,negative
stu_WAFQN21754,TST Respose 2,I am smart,43.0,positive
stu_ZQMQQ26810,TST Respose 14,i love nike,24.0,positive
stu_HXXCS05602,TST Respose 10,i'm caring,44.0,positive
stu_NMWSA27732,TST Respose 3,I like to play video games,28.0,positive
stu_NMWSA27732,TST Respose 3,I like to play video games,24.0,positive
stu_YXJEP22115,TST Respose 19,I am the youngest child,12.0,neutral
stu_YXJEP22115,TST Respose 19,I am the youngest child,4.0,child
stu_MMNSJ38829,TST Respose 2,I like to sing,26.0,positive
stu_MMNSJ38829,TST Respose 2,I like to sing,24.0,positive
stu_NJZBY59884,TST Respose 12,i like kids,24.0,positive
stu_OIYXZ27717,TST Respose 20,I am someone who adores my family,24.0,positive
stu_OIYXZ27717,TST Respose 20,I am someone who adores my family,12.0,positive
stu_CWJCN88700,TST Respose 11,I am in 7th grade,22.0,seventhgrader
stu_CWJCN88700,TST Respose 11,I am in 7th grade,4.0,child
stu_CWJCN88700,TST Respose 11,I am in 7th grade,14.0,neutral
stu_QHOON52054,TST Respose 1,I am a 7th grade student,22.0,seventhgrader
stu_QHOON52054,TST Respose 1,I am a 7th grade student,4.0,child
stu_QHOON52054,TST Respose 1,I am a 7th grade student,14.0,neutral
stu_PSHZT50501,TST Respose 16,I am a person who loves Nike,24.0,positive
stu_PSHZT50501,TST Respose 16,I am a person who loves Nike,21.0,none
stu_BJJXN95776,TST Respose 4,I am the middle child of three children,12.0,neutral
stu_BJJXN95776,TST Respose 4,I am the middle child of three children,4.0,child
stu_JOKOV89559,TST Respose 10,I am someone who loves to laugh,45.0,positive
stu_JOKOV89559,TST Respose 10,I am someone who loves to laugh,24.0,positive
stu_NWRRC44615,TST Respose 1,i am a girl,2.0,girl
stu_KGOWI06896,TST Respose 5,I like to play outside,31.0,positive
stu_KGOWI06896,TST Respose 5,I like to play outside,24.0,positive
stu_VTRUH97046,TST Respose 15,My favorite book is number the stars.,24.0,positive
stu_FVHVM49769,TST Respose 16,i play soccer,29.0,neutral
stu_NWRRC44615,TST Respose 4,i have a dog,32.0,none
stu_XCKNQ66212,TST Respose 15,i'm sneaker head,24.0,positive
stu_UEVQJ25414,TST Respose 6,im nice,44.0,positive
stu_IKUOQ66846,TST Respose 4,I play more than three sport,29.0,neutral
stu_FQEST23326,TST Respose 14,A therapist friend,10.0,positive
stu_CJHBB29429,TST Respose 17,I want to go to college,14.0,neutral
stu_AQNHF52456,TST Respose 6,13 turning 14,4.0,13
stu_JOKOV89559,TST Respose 6,I am someone who loves drinking cold water,24.0,positive
stu_RUBQU39803,TST Respose 3,i am smart,43.0,positive
stu_TFTDG28078,TST Respose 5,A girl with broken up parents.,12.0,neutral
stu_TFTDG28078,TST Respose 5,A girl with broken up parents.,2.0,girl
stu_XUDYN03051,TST Respose 10,I like math,25.0,positive
stu_XUDYN03051,TST Respose 10,I like math,24.0,positive
stu_WZRKM29688,TST Respose 16,i believe 95% of the school is self centered and only cares for themselve,47.0,negative
stu_NZWIU92234,TST Respose 3,i like vollyball,29.0,positive
stu_NZWIU92234,TST Respose 3,i like vollyball,24.0,positive
stu_MXNSB23169,TST Respose 8,i like to open my yap.,44.0,positive
stu_MXNSB23169,TST Respose 8,i like to open my yap.,24.0,positive
stu_JERPG96865,TST Respose 1,i like guns,24.0,positive
stu_WZRKM29688,TST Respose 18,i like my baby sibling,24.0,positive
stu_WZRKM29688,TST Respose 18,i like my baby sibling,12.0,positive
stu_NJZBY59884,TST Respose 2,i am the middle child,12.0,neutral
stu_NJZBY59884,TST Respose 2,i am the middle child,4.0,child
stu_MRIWT64391,TST Respose 13,A person who loves P.E,29.0,positive
stu_MRIWT64391,TST Respose 13,A person who loves P.E,24.0,positive
stu_CNIXS57234,TST Respose 2,I'm tall,35.0,neutral
stu_WYTLH51489,TST Respose 13,I like social studies,25.0,positive
stu_WYTLH51489,TST Respose 13,I like social studies,24.0,positive
stu_QQAHK93946,TST Respose 4,I kinda like Mathia,25.0,positive
stu_QQAHK93946,TST Respose 4,I kinda like Mathia,24.0,positive
stu_QFXDD68186,TST Respose 6,I'm play soccer.,29.0,neutral
stu_JPMJO86637,TST Respose 11,I'm not a kids lover but I love kids.,24.0,positive
stu_NWRRN03456,TST Respose 8,I really want to have AP classes because I deserve it.,14.0,positive
stu_EXNUN73314,TST Respose 8,I am funny,44.0,positive
stu_FSPCV10901,TST Respose 8,I am a [SCHOOL NAME - MASCOT].,14.0,neutral
stu_EQSJM78476,TST Respose 8,I like the weekends,24.0,positive
stu_JTZYY08754,TST Respose 10,I like to still home and go on my phone,27.0,positive
stu_JTZYY08754,TST Respose 10,I like to still home and go on my phone,24.0,positive
stu_LTSJK02079,TST Respose 18,"My favorite ice cream flavors are chocolate, mint, and vanilla",24.0,positive
stu_EHXGF51692,TST Respose 12,I am a kid is a bit anxious,45.0,neutral
stu_EHXGF51692,TST Respose 12,I am a kid is a bit anxious,4.0,child
stu_KWMWG76590,TST Respose 1,i wish i had a gaming pc.,33.0,none
stu_KWMWG76590,TST Respose 1,i wish i had a gaming pc.,28.0,neutral
stu_HXXCS05602,TST Respose 4,i'm a women,2.0,girl
stu_IDHIE84911,TST Respose 7,am friendsy,44.0,positive
stu_OMSFY97090,TST Respose 3,im a students,14.0,neutral
stu_CTAZU65504,TST Respose 10,I am 5'1,35.0,neutral
stu_EHLZF06092,TST Respose 16,I love playing roblox,28.0,positive
stu_EHLZF06092,TST Respose 16,I love playing roblox,24.0,positive
stu_UYUIH18635,TST Respose 19,i love staying in bed,24.0,positive
stu_BDAZF88230,TST Respose 14,I am a person of color,21.0,21
stu_BDAZF88230,TST Respose 14,I am a person of color,6.0,ofcolor
stu_MIJEQ06664,TST Respose 1,I am a kid,4.0,child
stu_FQEST23326,TST Respose 20,i AM [FIRST NAME],5.0,none
stu_QPHPK12517,TST Respose 13,the best r6 player,28.0,positive
stu_GCHCS91000,TST Respose 11,i am a gamer,28.0,neutral
stu_JOVOI38701,TST Respose 19,I am someone who likes fries.,24.0,positive
stu_PFDTL78462,TST Respose 14,I like my family.,24.0,positive
stu_PFDTL78462,TST Respose 14,I like my family.,12.0,positive
stu_NXWSI70882,TST Respose 11,A person who sleeps early but somehow feels like they got no sleep,45.0,neutral
stu_XUDYN03051,TST Respose 20,I am afraid of getting robed,47.0,negative
stu_QFXDD68186,TST Respose 15,I like to be outside and play,24.0,positive
stu_UAFAK64772,TST Respose 9,smart,43.0,positive
stu_TFTDG28078,TST Respose 1,A softball player,29.0,neutral
stu_WCANG48942,TST Respose 19,I like mathia sometimes.,25.0,positive
stu_WCANG48942,TST Respose 19,I like mathia sometimes.,24.0,positive
stu_PXDPN73068,TST Respose 12,I have a laptop,32.0,none
stu_WEADW20158,TST Respose 14,watching youtube,47.0,neutral
stu_WEADW20158,TST Respose 14,watching youtube,27.0,neutral
stu_WAFQN21754,TST Respose 7,I am nice,44.0,positive
stu_CWQDV67579,TST Respose 20,I am fast runner,29.0,positive
stu_VSSOO37726,TST Respose 13,I like to talk lound,24.0,positive
stu_WPVZY01902,TST Respose 15,I like toys,24.0,positive
stu_JUQPD47363,TST Respose 8,I am good at math.,25.0,positive
stu_JUQPD47363,TST Respose 8,I am good at math.,24.0,positive
stu_CPBCK00658,TST Respose 16,I like boys that are Asian with curly hair,24.0,positive
stu_MXNSF14478,TST Respose 16,I'm a good runner,29.0,positive
stu_XXEBH66449,TST Respose 3,I am a person who doesn't like math,25.0,negative
stu_XXEBH66449,TST Respose 3,I am a person who doesn't like math,24.0,negative
stu_MMZHT88458,TST Respose 15,i like oreos:),24.0,positive
stu_JERPG96865,TST Respose 5,i like customizing things.,26.0,positive
stu_JERPG96865,TST Respose 5,i like customizing things.,24.0,positive
stu_VENGZ10475,TST Respose 2,A kind person,44.0,positive
stu_VENGZ10475,TST Respose 2,A kind person,21.0,none
stu_OQLOS45541,TST Respose 18,I'm a swimmer.,29.0,neutral
stu_MMNSJ38829,TST Respose 16,I like the color purple.,24.0,positive
stu_HEPWQ98561,TST Respose 8,i like dogs,24.0,positive
stu_GXIYC47970,TST Respose 15,i am good student,14.0,neutral
stu_CWQDV67579,TST Respose 12,i like book,24.0,positive
stu_KCDEU07486,TST Respose 18,I am a Christian,16.0,christian
stu_JOVOI38701,TST Respose 1,I am someone who likes playing basketball.,29.0,positive
stu_JOVOI38701,TST Respose 1,I am someone who likes playing basketball.,24.0,positive
stu_OFAWH83528,TST Respose 9,i like spicy chips,24.0,positive
stu_QZOUO83023,TST Respose 17,I don't like homework,25.0,negative
stu_QZOUO83023,TST Respose 17,I don't like homework,24.0,negative
stu_OFWAG94272,TST Respose 20,i like vr,27.0,positive
stu_OFWAG94272,TST Respose 20,i like vr,24.0,positive
stu_SOWGI28002,TST Respose 4,I am someone who likes vollyball,29.0,positive
stu_SOWGI28002,TST Respose 4,I am someone who likes vollyball,24.0,positive
stu_KGOWI06896,TST Respose 10,I'm kind,44.0,positive
stu_SULZI60933,TST Respose 12,i have fun in math,25.0,positive
stu_SULZI60933,TST Respose 12,i have fun in math,24.0,positive
stu_PYEUW09959,TST Respose 5,Im an honors student,43.0,positive
stu_PYEUW09959,TST Respose 5,Im an honors student,14.0,positive
stu_MXNSB23169,TST Respose 2,I am a musical person.,26.0,positive
stu_MXNSB23169,TST Respose 2,I am a musical person.,21.0,none
stu_CAGAM03126,TST Respose 10,I am a person who loves the beach.,24.0,positive
stu_CAGAM03126,TST Respose 10,I am a person who loves the beach.,21.0,none
stu_CAGAM03126,TST Respose 8,I am a person who likes sweets.,24.0,positive
stu_CAGAM03126,TST Respose 8,I am a person who likes sweets.,21.0,none
stu_QHOON52054,TST Respose 3,I am a boy,2.0,boy
stu_MXNSF14478,TST Respose 18,I'm in 6th grade,22.0,sixthgrader
stu_MXNSF14478,TST Respose 18,I'm in 6th grade,14.0,neutral
stu_OAZKI17777,TST Respose 19,[FIRST NAME],5.0,none
stu_YXBHV58732,TST Respose 8,I like gym,29.0,positive
stu_YXBHV58732,TST Respose 8,I like gym,24.0,positive
stu_HMQRZ27503,TST Respose 15,I am rude,44.0,negative
stu_TFTDG28078,TST Respose 14,a student athlete,29.0,neutral
stu_TFTDG28078,TST Respose 14,a student athlete,14.0,neutral
stu_PXDPN73068,TST Respose 13,I have a phone,32.0,none
stu_NWRRN03456,TST Respose 18,"I love sports including Basketball, Volleyball, and Soccer.",29.0,positive
stu_NWRRN03456,TST Respose 18,"I love sports including Basketball, Volleyball, and Soccer.",24.0,positive
stu_TYPZX10676,TST Respose 10,i like when they give trophy.,24.0,positive
stu_FHADA27602,TST Respose 19,im kinda tall/short cause im 5'3.,35.0,neutral
stu_SULZI60933,TST Respose 14,i like to sleep,31.0,positive
stu_SULZI60933,TST Respose 14,i like to sleep,24.0,positive
stu_EJIML93711,TST Respose 8,I like fashion,30.0,positive
stu_EJIML93711,TST Respose 8,I like fashion,24.0,positive
stu_KGOWI06896,TST Respose 17,I like to do arts and crafts,26.0,positive
stu_KGOWI06896,TST Respose 17,I like to do arts and crafts,24.0,positive
stu_GXMFA19655,TST Respose 9,i am fast,43.0,positive
stu_TFTDG28078,TST Respose 11,1/4 kids.,48.0,none
stu_SQLXP95993,TST Respose 17,My favorite thing to do is to do my hair,30.0,positive
stu_SQLXP95993,TST Respose 17,My favorite thing to do is to do my hair,24.0,positive
stu_VENGZ10475,TST Respose 16,youngest slibling,12.0,neutral
stu_FQEST23326,TST Respose 9,a daughter,12.0,neutral
stu_FQEST23326,TST Respose 9,a daughter,2.0,girl
stu_UYFTQ45542,TST Respose 16,i am a person who have high hopes,41.0,positive
stu_UYFTQ45542,TST Respose 16,i am a person who have high hopes,21.0,none
stu_UTXBZ05806,TST Respose 4,i am someone that likes video games,28.0,positive
stu_UTXBZ05806,TST Respose 4,i am someone that likes video games,21.0,none
stu_UTXBZ05806,TST Respose 4,i am someone that likes video games,24.0,positive
stu_SOWGI28002,TST Respose 7,I am someone who loves salmon,24.0,positive
stu_LTSJK02079,TST Respose 8,I like food,24.0,positive
stu_PSHZT50501,TST Respose 9,I am a basketball lover,29.0,positive
stu_PSHZT50501,TST Respose 9,I am a basketball lover,24.0,positive
stu_CAGAM03126,TST Respose 13,I am a person who likes Disney.,24.0,positive
stu_CAGAM03126,TST Respose 13,I am a person who likes Disney.,21.0,none
stu_HMQRZ27503,TST Respose 3,I m a future billionaire,33.0,none
stu_DHTXQ91573,TST Respose 15,I am a students from 6 grades,22.0,sixthgrader
stu_DHTXQ91573,TST Respose 15,I am a students from 6 grades,4.0,child
stu_DHTXQ91573,TST Respose 15,I am a students from 6 grades,14.0,neutral
stu_ROULI02103,TST Respose 15,i like to cook,31.0,positive
stu_ROULI02103,TST Respose 15,i like to cook,24.0,positive
stu_PSHPN85751,TST Respose 12,bye,48.0,none
stu_EHYTZ32137,TST Respose 3,I like to eat food,24.0,positive
stu_YXJEP22115,TST Respose 10,I am good with kids,44.0,positive
stu_CNIXS57234,TST Respose 12,I like food,24.0,positive
stu_ANQAT24428,TST Respose 17,i like to play outside,24.0,positive
stu_JERPG96865,TST Respose 13,i like nerf stuff,24.0,positive
stu_YNVPH88845,TST Respose 11,I love Young Sheldon,24.0,positive
stu_JOKOV89559,TST Respose 20,i am someone who loves shoes,24.0,positive
stu_YNVPH88845,TST Respose 15,I like to spooky Scary Sunday,27.0,positive
stu_YNVPH88845,TST Respose 15,I like to spooky Scary Sunday,24.0,positive
stu_CHVFQ54169,TST Respose 3,I love soccer.,29.0,positive
stu_CHVFQ54169,TST Respose 3,I love soccer.,24.0,positive
stu_VQFBG95862,TST Respose 11,i am a chess player,28.0,neutral
stu_IGWBR81023,TST Respose 11,my favorite song is recgonize by pnd,24.0,positive
stu_QQMSX84242,TST Respose 11,a manga reader,31.0,neutral
stu_GXMFA19655,TST Respose 6,i am short,35.0,neutral
stu_VKCWY07846,TST Respose 2,i ware glasses,35.0,neutral
stu_EJIML93711,TST Respose 13,I like makeup,30.0,positive
stu_EJIML93711,TST Respose 13,I like makeup,24.0,positive
stu_UAFAK64772,TST Respose 5,volleyball player,29.0,neutral
stu_HMQRZ27503,TST Respose 9,i am a boy,2.0,boy
stu_CPAQO78519,TST Respose 10,I am someone who is creative,43.0,positive
stu_WPVZY01902,TST Respose 13,I like playground,24.0,positive
stu_STIXI97047,TST Respose 3,I would like a really similar program like mathstream like using the coins.,25.0,positive
stu_STIXI97047,TST Respose 3,I would like a really similar program like mathstream like using the coins.,24.0,positive
stu_WZRKM29688,TST Respose 12,i like helluva boss,27.0,positive
stu_WZRKM29688,TST Respose 12,i like helluva boss,24.0,positive
stu_JERPG96865,TST Respose 16,i like soccor,29.0,positive
stu_JERPG96865,TST Respose 16,i like soccor,24.0,positive
stu_ZQMQQ26810,TST Respose 10,i have a sweet tooth,24.0,positive
stu_ECYEC76336,TST Respose 13,I am a leader,44.0,positive
stu_NMWSA27732,TST Respose 5,I'm the oldest,48.0,none
stu_SQLXP95993,TST Respose 14,I don't like reading,25.0,negative
stu_LTSJK02079,TST Respose 11,I like to sleep,31.0,positive
stu_LTSJK02079,TST Respose 11,I like to sleep,24.0,positive
stu_RDPGG44681,TST Respose 5,I love doing hair,30.0,positive
stu_RDPGG44681,TST Respose 5,I love doing hair,24.0,positive
stu_XCKNQ66212,TST Respose 12,i'm chill,45.0,positive
stu_LDUML32113,TST Respose 3,a leader,44.0,positive
stu_FTOYB42084,TST Respose 9,im respectful,44.0,positive
stu_KOIIB68446,TST Respose 18,im in 6th grade,22.0,sixthgrader
stu_KOIIB68446,TST Respose 18,im in 6th grade,14.0,neutral
stu_ERQCY81201,TST Respose 14,I am a girl who loves braids but hates getting her hair done.,30.0,positive
stu_ERQCY81201,TST Respose 14,I am a girl who loves braids but hates getting her hair done.,2.0,girl
stu_ERQCY81201,TST Respose 14,I am a girl who loves braids but hates getting her hair done.,24.0,positive
stu_SULZI60933,TST Respose 18,i like helping my friend on Mathia,25.0,positive
stu_SULZI60933,TST Respose 18,i like helping my friend on Mathia,10.0,positive
stu_FVHVM49769,TST Respose 17,i like lasagna,24.0,positive
stu_ANQAT24428,TST Respose 9,someone who likes pizza,24.0,positive
stu_VGJIS59600,TST Respose 8,my favorite season is Autumn,24.0,positive
stu_ANAWT41929,TST Respose 4,I love pizza,24.0,positive
stu_BDAZF88230,TST Respose 2,I am a reader,25.0,neutral
stu_FWPPR22255,TST Respose 4,I got 12 years old,4.0,12
stu_AQNHF52456,TST Respose 18,i have curly hair,35.0,neutral
stu_KCRZD23226,TST Respose 9,I like listening music,24.0,positive
stu_EHLZF06092,TST Respose 12,I love Jordans and nike,24.0,positive
stu_SOWGI28002,TST Respose 18,I am someone who loves perfume,30.0,positive
stu_SOWGI28002,TST Respose 18,I am someone who loves perfume,24.0,positive
stu_EHLZF06092,TST Respose 3,I am an english speaking person,25.0,neutral
stu_EHLZF06092,TST Respose 3,I am an english speaking person,22.0,speaksenglish
stu_THKBG93560,TST Respose 11,I'm a high Honor role student,43.0,positive
stu_THKBG93560,TST Respose 11,I'm a high Honor role student,14.0,positive
stu_LTSJK02079,TST Respose 2,I am a boy,2.0,boy
stu_PFDTL78462,TST Respose 5,I am Puerto Rican and Portuguese.,7.0,puerto rican and portuguese
stu_MIJEQ06664,TST Respose 5,I am funny,44.0,positive
stu_ROXAU39801,TST Respose 9,I am an all A student,43.0,positive
stu_ROXAU39801,TST Respose 9,I am an all A student,14.0,positive
stu_WBAVA84528,TST Respose 11,i like having sleepovers,31.0,positive
stu_WBAVA84528,TST Respose 11,i like having sleepovers,24.0,positive
stu_QPHPK12517,TST Respose 1,human,21.0,none
stu_ECYEC76336,TST Respose 15,I am a Honors student,43.0,positive
stu_ECYEC76336,TST Respose 15,I am a Honors student,14.0,positive
stu_HXXCS05602,TST Respose 13,i'm confindent,42.0,positive
stu_XHGVP79664,TST Respose 7,i have brown hair,35.0,neutral
stu_QCKDZ64012,TST Respose 4,Im fast,43.0,positive
stu_DZJHT48666,TST Respose 20,I like movies,24.0,positive
stu_VNSDU81090,TST Respose 11,my favorite food is peaches,24.0,positive
stu_OFAWH83528,TST Respose 16,I like playing outside,24.0,positive
stu_WCANG48942,TST Respose 16,I like water,24.0,positive
stu_TRKWP48352,TST Respose 7,I am a person who likes to play video games,28.0,positive
stu_TRKWP48352,TST Respose 7,I am a person who likes to play video games,21.0,none
stu_TRKWP48352,TST Respose 7,I am a person who likes to play video games,24.0,positive
stu_KJOZZ30475,TST Respose 5,I am a girl.,2.0,girl
stu_KOUYR40301,TST Respose 15,i like gym class,29.0,positive
stu_KOUYR40301,TST Respose 15,i like gym class,14.0,neutral
stu_KOUYR40301,TST Respose 15,i like gym class,24.0,positive
stu_RSKDK68207,TST Respose 15,I like to do the right things and do good deeds.,40.0,positive
stu_RSKDK68207,TST Respose 15,I like to do the right things and do good deeds.,24.0,positive
stu_YNVPH88845,TST Respose 20,I like to be nice,44.0,positive
stu_YNVPH88845,TST Respose 20,I like to be nice,23.0,positive
stu_CPVXX19825,TST Respose 3,I am a older brother,12.0,neutral
stu_CPVXX19825,TST Respose 3,I am a older brother,2.0,boy
stu_FTOYB42084,TST Respose 15,im a boy,2.0,boy
stu_IIOVZ06372,TST Respose 4,I like playing games,28.0,positive
stu_IIOVZ06372,TST Respose 4,I like playing games,24.0,positive
stu_OAZKI17777,TST Respose 4,[LETTER OF NAME],5.0,none
stu_LJAAE92948,TST Respose 17,I'm a good writer,25.0,positive
stu_HMQRZ27503,TST Respose 11,I am from hati,7.0,haitian
stu_WBAVA84528,TST Respose 17,i like wendys,24.0,positive
stu_KGOWI06896,TST Respose 3,I like to hang out with my friends,31.0,positive
stu_KGOWI06896,TST Respose 3,I like to hang out with my friends,10.0,positive
stu_KGOWI06896,TST Respose 3,I like to hang out with my friends,24.0,positive
stu_OFAWH83528,TST Respose 1,im a boy,2.0,boy
stu_FSPCV10901,TST Respose 11,I am smart.,43.0,positive
stu_CLLRZ76280,TST Respose 20,I like trying new things,24.0,positive
stu_ORUUL82324,TST Respose 12,I'm not very flexible,36.0,neutral
stu_WAWDW95831,TST Respose 4,I am a dog lover.,24.0,positive
stu_HEPWQ98561,TST Respose 6,my favorite food is lobster and the other is wingstop,24.0,positive
stu_MXNSB23169,TST Respose 17,I like sports.,29.0,positive
stu_MXNSB23169,TST Respose 17,I like sports.,24.0,positive
stu_ROXAU39801,TST Respose 15,I am a entrepreneur,13.0,neutral
stu_FUILC09238,TST Respose 2,Im african american,6.0,african american
stu_CPAQO78519,TST Respose 9,I am someone who love music,24.0,positive
stu_VUNQZ79892,TST Respose 16,im a momschild,12.0,neutral
stu_VUNQZ79892,TST Respose 16,im a momschild,4.0,child
stu_ZUARE93356,TST Respose 2,I like to make jokes,24.0,positive
stu_HEPWQ98561,TST Respose 1,"i am a girl,",2.0,girl
stu_WAFQN21754,TST Respose 4,I am a friend,10.0,positive
stu_HLKZL24322,TST Respose 6,a baseball player and,29.0,neutral
stu_FPTDO32773,TST Respose 9,A girl,2.0,girl
stu_XCKNQ66212,TST Respose 19,i have 2 siblings,12.0,neutral
stu_NYHDW07721,TST Respose 13,Volunteer of Youth Group,18.0,volunteer
stu_OCRTY88035,TST Respose 2,I am someone that has a sister.,12.0,neutral
stu_HEPWQ98561,TST Respose 7,i like my type of songs,24.0,positive
stu_RUBQU39803,TST Respose 7,i have beaufitual curly hair,35.0,positive
stu_PUNZK45438,TST Respose 13,i am couins,12.0,neutral
stu_QQAHK93946,TST Respose 7,I'm 4'10 or 4'11,35.0,neutral
stu_ZQMQQ26810,TST Respose 20,i am an animal person,24.0,positive
stu_ZQMQQ26810,TST Respose 20,i am an animal person,21.0,none
stu_RUBQU39803,TST Respose 17,i am in 6th grade,22.0,sixthgrader
stu_RUBQU39803,TST Respose 17,i am in 6th grade,4.0,child
stu_RUBQU39803,TST Respose 17,i am in 6th grade,14.0,neutral
stu_CTAZU65504,TST Respose 2,I am funny,44.0,positive
stu_YPZIM54297,TST Respose 14,I am a swimmer,29.0,neutral
stu_KCDEU07486,TST Respose 8,I am 13 years old.,4.0,13
stu_RSKDK68207,TST Respose 5,I was born on [DATE],48.0,none
stu_VOXTG50835,TST Respose 15,I like water,24.0,positive
stu_IGLSS89625,TST Respose 16,ecdfvrgth,48.0,none
stu_NYHDW07721,TST Respose 16,Hatitan,7.0,haitian
stu_WCANG48942,TST Respose 18,I like water,24.0,positive
stu_FBOFA96484,TST Respose 7,i am helpful,44.0,positive
stu_WDDQQ92015,TST Respose 5,i am a student,14.0,neutral
stu_SJXEZ38047,TST Respose 12,I am in grade 6,22.0,sixthgrader
stu_SJXEZ38047,TST Respose 12,I am in grade 6,4.0,child
stu_SJXEZ38047,TST Respose 12,I am in grade 6,14.0,neutral
stu_IKUOQ66846,TST Respose 12,I work with my dad,13.0,neutral.neutral
stu_IKUOQ66846,TST Respose 12,I work with my dad,12.0,neutral.neutral
stu_GCHCS91000,TST Respose 2,i am a boy,2.0,boy
stu_BDAZF88230,TST Respose 12,I am intelligent,43.0,positive
stu_CPBCK00658,TST Respose 3,I like games,28.0,positive
stu_CPBCK00658,TST Respose 3,I like games,24.0,positive
stu_AQNHF52456,TST Respose 10,lightskin,6.0,black
stu_QEGJI54214,TST Respose 11,i am a caverde,7.0,cape verdean
stu_OFWAG94272,TST Respose 4,Kind person,44.0,positive
stu_OFWAG94272,TST Respose 4,Kind person,21.0,none
stu_LNFOE66635,TST Respose 18,a good kid,40.0,positive
stu_LNFOE66635,TST Respose 18,a good kid,4.0,child
stu_CHVFQ54169,TST Respose 18,I Love pupies.,24.0,positive
stu_YNVPH88845,TST Respose 2,I am the middle child,12.0,neutral
stu_YNVPH88845,TST Respose 2,I am the middle child,4.0,child
stu_GXMFA19655,TST Respose 8,i am smart,43.0,positive
stu_RUBQU39803,TST Respose 16,i ama warrior for food,48.0,none
stu_VQFBG95862,TST Respose 5,i am a person with patieonce,45.0,positive
stu_VQFBG95862,TST Respose 5,i am a person with patieonce,21.0,none
stu_ZYUDW82089,TST Respose 6,i am over 4 ft tall,35.0,neutral
stu_UEYTM01990,TST Respose 19,I hate makeup,30.0,negative
stu_QFXDD68186,TST Respose 4,Im a person,21.0,none
stu_KWLPL21630,TST Respose 1,I'm learning Eaglish.,25.0,neutral
stu_KWLPL21630,TST Respose 1,I'm learning Eaglish.,22.0,speaksenglish
stu_CTAZU65504,TST Respose 3,I am respectful,44.0,positive
stu_LNFOE66635,TST Respose 11,lucky to be alive,45.0,positive
stu_FUILC09238,TST Respose 3,i play football,29.0,neutral
stu_LTSJK02079,TST Respose 15,"My favorite fruits are raspberry, orange, and pineapple",24.0,positive
stu_ECYEC76336,TST Respose 10,I am athletic,29.0,neutral
stu_CPBCK00658,TST Respose 5,I'm a student,14.0,neutral
stu_CETOG17008,TST Respose 11,[FIRST NAME],5.0,none
stu_HXXCS05602,TST Respose 1,i'm good at reading,25.0,positive
stu_TDURA35752,TST Respose 2,I am an only child,12.0,neutral
stu_EUIXK95276,TST Respose 12,"I'm a student at the [SCHOOL NAME], I love dancing, singing, gym class, Art class, eating food",31.0,positive
stu_EUIXK95276,TST Respose 12,"I'm a student at the [SCHOOL NAME], I love dancing, singing, gym class, Art class, eating food",14.0,neutral
stu_EUIXK95276,TST Respose 12,"I'm a student at the [SCHOOL NAME], I love dancing, singing, gym class, Art class, eating food",24.0,positive
stu_EUIXK95276,TST Respose 12,"I'm a student at the [SCHOOL NAME], I love dancing, singing, gym class, Art class, eating food",26.0,positive
stu_EUIXK95276,TST Respose 12,"I'm a student at the [SCHOOL NAME], I love dancing, singing, gym class, Art class, eating food",29.0,positive
stu_CINVJ49388,TST Respose 13,reserved,44.0,neutral
stu_JPMJO86637,TST Respose 14,I love helping people when they need help.,44.0,positive
stu_JPMJO86637,TST Respose 14,I love helping people when they need help.,24.0,positive
stu_ORUUL82324,TST Respose 8,I have 2 brothers,12.0,neutral
stu_KOUYR40301,TST Respose 4,i dislike math,25.0,negative
stu_KOUYR40301,TST Respose 4,i dislike math,24.0,negative
stu_JVLXZ63894,TST Respose 12,[TEACHER] student,14.0,neutral
stu_NZWIU92234,TST Respose 15,I like math,25.0,positive
stu_NZWIU92234,TST Respose 15,I like math,24.0,positive
stu_FWPPR22255,TST Respose 16,I love school,25.0,positive
stu_FWPPR22255,TST Respose 16,I love school,14.0,positive
stu_FWPPR22255,TST Respose 16,I love school,24.0,positive
stu_KOUYR40301,TST Respose 3,I am a girl,2.0,girl
stu_AHWRN95528,TST Respose 14,I am someone who likes comic's,24.0,positive
stu_ANQAT24428,TST Respose 16,somebody who is named after my dad,12.0,neutral
stu_BDAZF88230,TST Respose 4,I am currently learning chinese,25.0,neutral
stu_BDAZF88230,TST Respose 4,I am currently learning chinese,22.0,learningchinese
stu_WPVZY01902,TST Respose 10,I like fortnite.,28.0,positive
stu_WPVZY01902,TST Respose 10,I like fortnite.,24.0,positive
stu_XSQUV53095,TST Respose 8,I AM [FIRST NAME] A ARTIST,26.0,positive
stu_XSQUV53095,TST Respose 8,I AM [FIRST NAME] A ARTIST,5.0,none
stu_FQKSK24193,TST Respose 7,i like on my block,24.0,positive
stu_FUILC09238,TST Respose 17,i don't like school,24.0,negative
stu_FUILC09238,TST Respose 17,i don't like school,14.0,negative
stu_PXDPN73068,TST Respose 9,I play games,28.0,positive
stu_PXDPN73068,TST Respose 9,I play games,24.0,positive
stu_ABSGH36082,TST Respose 10,I want to go to New York City,48.0,none
stu_TSQUQ54202,TST Respose 9,I don't want to be a teacher.,13.0,negative
stu_EXNUN73314,TST Respose 18,I am focused on things I like,42.0,positive
stu_WDDQQ92015,TST Respose 13,i am a student,14.0,neutral
stu_RDPGG44681,TST Respose 19,I love planning my future,31.0,positive
stu_RDPGG44681,TST Respose 19,I love planning my future,24.0,positive
stu_MMNSJ38829,TST Respose 13,I like to have sleepovers.,31.0,positive
stu_MMNSJ38829,TST Respose 13,I like to have sleepovers.,24.0,positive
stu_VSSOO37726,TST Respose 14,i like to talk queit to people,44.0,positive
stu_VSSOO37726,TST Respose 14,i like to talk queit to people,24.0,positive
stu_SJNFF34466,TST Respose 20,ive NEVER bullied,44.0,positive
stu_QZOUO83023,TST Respose 14,l love to travel,33.0,positive
stu_QZOUO83023,TST Respose 14,l love to travel,24.0,positive
stu_PFDTL78462,TST Respose 8,"My lucky number is 5 or 6, or 56",48.0,none
stu_FSPCV10901,TST Respose 15,I like to do art.,26.0,positive
stu_FSPCV10901,TST Respose 15,I like to do art.,24.0,positive
stu_HVWUJ52450,TST Respose 19,i like music,24.0,positive
stu_IGLSS89625,TST Respose 8,i don't like lunch,24.0,negative
stu_FHADA27602,TST Respose 8,i am a kind person,44.0,positive
stu_FHADA27602,TST Respose 8,i am a kind person,21.0,none
stu_QQMSX84242,TST Respose 10,an anime nerd,24.0,positive
stu_PNNIR08301,TST Respose 4,I am Asian.,6.0,asian
stu_CNIFN64507,TST Respose 18,im a sagittarius,22.0,astrology
stu_CWJCN88700,TST Respose 8,I am kind,44.0,positive
stu_KFYJM61476,TST Respose 19,I love animals.,24.0,positive
stu_FBOFA96484,TST Respose 16,My second fav color is Green,24.0,positive
stu_GXIYC47970,TST Respose 9,I am someone who likes watermelon,24.0,positive
stu_FHADA27602,TST Respose 6,i have a couple friends.,10.0,positive
stu_EHYTZ32137,TST Respose 19,i'm a sister to a younger brother and sister,12.0,neutral
stu_EHYTZ32137,TST Respose 19,i'm a sister to a younger brother and sister,2.0,girl
stu_CAGAM03126,TST Respose 7,I am a person who likes pastel colors.,24.0,positive
stu_DUOEM76163,TST Respose 9,I have a cat and 3 beta fish,32.0,none
stu_ZQMQQ26810,TST Respose 12,i like my playstation,28.0,positive
stu_ZQMQQ26810,TST Respose 12,i like my playstation,24.0,positive
stu_CAGAM03126,TST Respose 15,I'm a person who likes talking with my friends.,24.0,positive
stu_CAGAM03126,TST Respose 15,I'm a person who likes talking with my friends.,10.0,positive
stu_CAGAM03126,TST Respose 15,I'm a person who likes talking with my friends.,21.0,none
stu_UJNMI16598,TST Respose 4,Cook,31.0,neutral
stu_WYTLH51489,TST Respose 2,I am a student,14.0,neutral
stu_ERQCY81201,TST Respose 6,I am a person of color.,21.0,none
stu_ERQCY81201,TST Respose 6,I am a person of color.,6.0,ofcolor
stu_MKGYA55892,TST Respose 9,art,48.0,none
stu_CULOH75877,TST Respose 15,I play golf,29.0,neutral
stu_SOWGI28002,TST Respose 13,I am someone who loves hot chips,24.0,positive
stu_GXIYC47970,TST Respose 10,I am someone who has pesos,32.0,none
stu_NZWIU92234,TST Respose 20,I want to be a doctor,13.0,neutral
stu_FBOFA96484,TST Respose 19,i am a person whose parents are from another country,21.0,none
stu_FBOFA96484,TST Respose 19,i am a person whose parents are from another country,12.0,neutral
stu_MYCLF44200,TST Respose 14,I like kai cerat.,28.0,positive
stu_MYCLF44200,TST Respose 14,I like kai cerat.,24.0,positive
stu_CWJCN88700,TST Respose 10,I am about to be in 8th grade,22.0,seventhgrader
stu_CWJCN88700,TST Respose 10,I am about to be in 8th grade,4.0,child
stu_CWJCN88700,TST Respose 10,I am about to be in 8th grade,14.0,neutral
stu_WZRKM29688,TST Respose 15,i hate 95% of my school,25.0,negative
stu_WZRKM29688,TST Respose 15,i hate 95% of my school,14.0,negative
stu_WZRKM29688,TST Respose 15,i hate 95% of my school,24.0,negative
stu_CHVFQ54169,TST Respose 9,I love to dance .,26.0,positive
stu_CHVFQ54169,TST Respose 9,I love to dance .,24.0,posieive
stu_PXDPN73068,TST Respose 20,I enjoy gym.,29.0,positive
stu_PXDPN73068,TST Respose 20,I enjoy gym.,24.0,positive
stu_WDDQQ92015,TST Respose 1,i am a student,14.0,neutral
stu_FUILC09238,TST Respose 8,A skinny person,35.0,neutral
stu_FUILC09238,TST Respose 8,A skinny person,21.0,none
stu_SJXEZ38047,TST Respose 2,I'm 11 years old,4.0,11
stu_KWMWG76590,TST Respose 5,i love doing work,25.0,positive
stu_KWMWG76590,TST Respose 5,i love doing work,24.0,positive
stu_VOXTG50835,TST Respose 14,I like mcdonalds,24.0,positive
stu_UEVQJ25414,TST Respose 17,im the oldest,48.0,none
stu_OFWAG94272,TST Respose 16,I play tennis,29.0,neutral
stu_CPVXX19825,TST Respose 16,I like the baltimore ravens,24.0,positive
stu_WAFQN21754,TST Respose 12,I am respectful,44.0,positive
stu_HLKZL24322,TST Respose 3,a student,14.0,neutral
stu_NWVEW24693,TST Respose 6,I love gift cards.,24.0,positive
stu_VOXTG50835,TST Respose 10,I been to puert rico,22.0,been to puerto rico
stu_EHXGF51692,TST Respose 5,I am a hard-worker.,41.0,positive
stu_CDXSC86692,TST Respose 13,I am the person that like soda,24.0,positive
stu_CDXSC86692,TST Respose 13,I am the person that like soda,21.0,none
stu_KCRZD23226,TST Respose 11,I like to get help at school,25.0,positive
stu_KCRZD23226,TST Respose 11,I like to get help at school,14.0,neutral
stu_KCRZD23226,TST Respose 11,I like to get help at school,24.0,positive
stu_SAOLH99639,TST Respose 12,a boy who has a nice brother,12.0,positive
stu_SAOLH99639,TST Respose 12,a boy who has a nice brother,2.0,boy
stu_XKMAG80800,TST Respose 10,A Prankster,44.0,neutral
stu_PUNZK45438,TST Respose 15,i live in a house,48.0,none
stu_IDHIE84911,TST Respose 12,i love to elepe,48.0,none
stu_IGWBR81023,TST Respose 6,i speaking three languages,25.0,neutral
stu_IGWBR81023,TST Respose 6,i speaking three languages,22.0,trilingual
stu_DZJHT48666,TST Respose 2,Jamaican/Trinidad,7.0,jamaican and trinidadian
stu_NWRRC44615,TST Respose 14,i like myself,24.0,positive
stu_NWRRC44615,TST Respose 14,i like myself,19.0,none
stu_QHOON52054,TST Respose 18,I am a lover,44.0,positive
stu_WRQAA62017,TST Respose 15,I dont like chores,24.0,negative
stu_QFXDD68186,TST Respose 2,I'm a kid,4.0,child
stu_DJCZE13885,TST Respose 5,My favorite color is purple.,24.0,positive
stu_XHPVX80161,TST Respose 10,i am my grandmothers grandson,12.0,neutral
stu_XHPVX80161,TST Respose 10,i am my grandmothers grandson,2.0,boy
stu_JOKOV89559,TST Respose 11,I am someone who loves playing with my family,24.0,positive
stu_JOKOV89559,TST Respose 11,I am someone who loves playing with my family,12.0,positive
stu_CQRFU18177,TST Respose 11,I don't like math,25.0,negative
stu_CQRFU18177,TST Respose 11,I don't like math,24.0,negative
stu_ZQMQQ26810,TST Respose 7,im a fun poerson,44.0,positive
stu_ZQMQQ26810,TST Respose 7,im a fun poerson,21.0,none
stu_HXXCS05602,TST Respose 2,i;m the youngest sister,12.0,neutral
stu_HXXCS05602,TST Respose 2,i;m the youngest sister,2.0,girl
stu_QQMSX84242,TST Respose 1,A minor,4.0,child
stu_IGLSS89625,TST Respose 4,i like roblox,28.0,positive
stu_IGLSS89625,TST Respose 4,i like roblox,24.0,positive
stu_NMWSA27732,TST Respose 2,I'm 12 years old,4.0,12
stu_IGLSS89625,TST Respose 17,efrtgyju7,48.0,none
stu_SQLXP95993,TST Respose 18,I speak two LANGUEGES,25.0,neutral
stu_SQLXP95993,TST Respose 18,I speak two LANGUEGES,22.0,bilingual
stu_PKXZK94759,TST Respose 1,I'm a girl,2.0,girl
stu_CDXSC86692,TST Respose 16,i am the person that like going to my friends house,31.0,positive
stu_CDXSC86692,TST Respose 16,i am the person that like going to my friends house,10.0,positive
stu_CDXSC86692,TST Respose 16,i am the person that like going to my friends house,21.0,none
stu_OMSFY97090,TST Respose 4,im a students,14.0,neutral
stu_THKBG93560,TST Respose 18,I'm a kid who wants this amazon card.,47.0,neutral
stu_THKBG93560,TST Respose 18,I'm a kid who wants this amazon card.,4.0,child
stu_STIXI97047,TST Respose 14,I am [LAST NAME] .,5.0,none
stu_ZUARE93356,TST Respose 6,I play outside,24.0,positive
stu_KCDEU07486,TST Respose 19,I am a 7th grader,22.0,seventhgrader
stu_KCDEU07486,TST Respose 19,I am a 7th grader,4.0,child
stu_KCDEU07486,TST Respose 19,I am a 7th grader,14.0,neutral
stu_WAWDW95831,TST Respose 11,I have curly hair..,35.0,neutral
stu_SAOLH99639,TST Respose 13,i have 1 sibling,12.0,neutral
stu_THKBG93560,TST Respose 8,I'm against LGBTQ I hate. them,23.0,anti-lgbtq
stu_UEYTM01990,TST Respose 18,I like to go to the beach,24.0,positive
stu_RUBQU39803,TST Respose 5,i speak cape verde creole,25.0,neutral
stu_RUBQU39803,TST Respose 5,i speak cape verde creole,22.0,speakscapeverdean
stu_QFXDD68186,TST Respose 10,I like too cook,31.0,positive
stu_QFXDD68186,TST Respose 10,I like too cook,24.0,positive
stu_UYFTQ45542,TST Respose 11,Im a person who wants to live in a different country,21.0,none
stu_VGJIS59600,TST Respose 17,I dislike loud noises and being the center of attention,44.0,negative
stu_VGJIS59600,TST Respose 17,I dislike loud noises and being the center of attention,24.0,negative
stu_OIYXZ27717,TST Respose 3,I am someone who like math,25.0,positive
stu_OIYXZ27717,TST Respose 3,I am someone who like math,24.0,positive
stu_MZIVN56293,TST Respose 3,im a student,14.0,neutral
stu_CNIFN64507,TST Respose 13,im african,7.0,african
stu_MTCIM85775,TST Respose 13,I am supportive,44.0,positive
stu_KCRZD23226,TST Respose 3,I like student,14.0,neutral
stu_QCKDZ64012,TST Respose 14,i love my dad,24.0,positive
stu_QCKDZ64012,TST Respose 14,i love my dad,12.0,positive
stu_XCKNQ66212,TST Respose 10,i'm 5'5,35.0,neutral
stu_QACJQ31561,TST Respose 6,i used to do cheer im going to do it again this year,29.0,neutral
stu_NKHRJ04957,TST Respose 10,I like math,25.0,positive
stu_NKHRJ04957,TST Respose 10,I like math,24.0,positive
stu_VOXTG50835,TST Respose 5,Im speak eneglish,25.0,neutral
stu_VOXTG50835,TST Respose 5,Im speak eneglish,22.0,speaksenglish
stu_RDPGG44681,TST Respose 9,I love my family,24.0,positive
stu_RDPGG44681,TST Respose 9,I love my family,12.0,positive
stu_XUDYN03051,TST Respose 18,I like horro movies,24.0,positive
stu_RUBQU39803,TST Respose 14,i am a fellow citizen,48.0,none
stu_ROULI02103,TST Respose 5,i love to play video games,28.0,positive
stu_ROULI02103,TST Respose 5,i love to play video games,24.0,positive
stu_CPAQO78519,TST Respose 3,l am someone who loves dogs,24.0,positive
stu_EHYTZ32137,TST Respose 12,I'm 5'1 and a half,35.0,neutral
stu_KCRZD23226,TST Respose 5,I like help people,44.0,positive
stu_KCRZD23226,TST Respose 5,I like help people,24.0,positive
stu_PUNZK45438,TST Respose 20,i like to drink water,24.0,positive
stu_LDUML32113,TST Respose 13,i like travelling,31.0,positive
stu_LDUML32113,TST Respose 13,i like travelling,24.0,positive
stu_LVOOZ80056,TST Respose 8,I am the middle child.,12.0,neutral
stu_LVOOZ80056,TST Respose 8,I am the middle child.,4.0,child
stu_XHGVP79664,TST Respose 16,I have a phone,32.0,none
stu_EHLZF06092,TST Respose 6,I am a person who doesn't like school,25.0,negative
stu_EHLZF06092,TST Respose 6,I am a person who doesn't like school,21.0,none
stu_EHLZF06092,TST Respose 6,I am a person who doesn't like school,24.0,negative
stu_NWRRN03456,TST Respose 11,MATH is one my favorite subject in school.,25.0,positive
stu_NWRRN03456,TST Respose 11,MATH is one my favorite subject in school.,14.0,neutal
stu_NWRRN03456,TST Respose 11,MATH is one my favorite subject in school.,24.0,positive
stu_ZUARE93356,TST Respose 4,My favorite sports teams Men City,24.0,positive
stu_EUIXK95276,TST Respose 19,"I'm a student at the [SCHOOL NAME], I love dancing, singing, gym class, Art class, eating food",31.0,positive
stu_EUIXK95276,TST Respose 19,"I'm a student at the [SCHOOL NAME], I love dancing, singing, gym class, Art class, eating food",14.0,neutral
stu_EUIXK95276,TST Respose 19,"I'm a student at the [SCHOOL NAME], I love dancing, singing, gym class, Art class, eating food",24.0,positive
stu_EUIXK95276,TST Respose 19,"I'm a student at the [SCHOOL NAME], I love dancing, singing, gym class, Art class, eating food",26.0,positive
stu_EUIXK95276,TST Respose 19,"I'm a student at the [SCHOOL NAME], I love dancing, singing, gym class, Art class, eating food",29.0,positive
stu_CETOG17008,TST Respose 6,american,8.0,american
stu_PFDTL78462,TST Respose 18,"My middle name is [MIDDLE NAME], yep just [MIDDLE NAME].",5.0,none
stu_EXNUN73314,TST Respose 4,I am smart,43.0,positive
stu_SULZI60933,TST Respose 11,i have 1 brother,12.0,neutral
stu_PKXZK94759,TST Respose 19,I love night walks,24.0,positive
stu_OCRTY88035,TST Respose 19,I am a girl.,2.0,girl
stu_BJJXN95776,TST Respose 17,I love animals,24.0,positive
stu_XKMAG80800,TST Respose 12,I love fish,24.0,positive
stu_VFKRH03938,TST Respose 11,i am a good person,40.0,positive
stu_VFKRH03938,TST Respose 11,i am a good person,21.0,none
stu_MKEGQ97127,TST Respose 17,I'm a human,21.0,none
stu_OFAWH83528,TST Respose 7,I like snacks,24.0,positive
stu_RDPGG44681,TST Respose 17,I am caring,44.0,positive
stu_KOUYR40301,TST Respose 7,i like yapping,44.0,positive
stu_KOUYR40301,TST Respose 7,i like yapping,24.0,positive
stu_MYCLF44200,TST Respose 20,I like spring.,24.0,positive
stu_VFKRH03938,TST Respose 6,"i am 5,9",35.0,neutral
stu_WZRKM29688,TST Respose 1,I am [FIRST NAME],5.0,none
stu_CPBCK00658,TST Respose 20,I like to speak Creole,25.0,neutral
stu_CPBCK00658,TST Respose 20,I like to speak Creole,22.0,speakscreole
stu_PNNIR08301,TST Respose 15,I am an organized person.,42.0,positive
stu_PNNIR08301,TST Respose 15,I am an organized person.,21.0,none
stu_UAFAK64772,TST Respose 18,clumsy,43.0,negative
stu_EHXGF51692,TST Respose 2,I am a 11 year old boy.,4.0,11
stu_EHXGF51692,TST Respose 2,I am a 11 year old boy.,2.0,boy
stu_DHTXQ91573,TST Respose 10,I am a students from 6 grades,22.0,sixthgrader
stu_DHTXQ91573,TST Respose 10,I am a students from 6 grades,4.0,child
stu_DHTXQ91573,TST Respose 10,I am a students from 6 grades,14.0,neutral
stu_NWVEW24693,TST Respose 14,i love lobster,24.0,positive
stu_ERQCY81201,TST Respose 3,I am a girl who doesnt like to present infront of people.,44.0,negative
stu_ERQCY81201,TST Respose 3,I am a girl who doesnt like to present infront of people.,2.0,girl
stu_ERQCY81201,TST Respose 3,I am a girl who doesnt like to present infront of people.,24.0,negative
stu_OMSFY97090,TST Respose 1,Im a students,14.0,neutral
stu_STIXI97047,TST Respose 11,I am [FIRST NAME] .,5.0,none
stu_FSPCV10901,TST Respose 18,I live in [CITY].,9.0,city
stu_ZYUDW82089,TST Respose 3,a 11-year-old boy,4.0,11
stu_ZYUDW82089,TST Respose 3,a 11-year-old boy,2.0,boy
stu_EUIXK95276,TST Respose 17,"I'm a student at the [SCHOOL NAME] I love dancing, singing, gym class, Art class, eating food",31.0,positive
stu_EUIXK95276,TST Respose 17,"I'm a student at the [SCHOOL NAME] I love dancing, singing, gym class, Art class, eating food",14.0,neutral
stu_EUIXK95276,TST Respose 17,"I'm a student at the [SCHOOL NAME] I love dancing, singing, gym class, Art class, eating food",24.0,positive
stu_EUIXK95276,TST Respose 17,"I'm a student at the [SCHOOL NAME] I love dancing, singing, gym class, Art class, eating food",26.0,positive
stu_EUIXK95276,TST Respose 17,"I'm a student at the [SCHOOL NAME] I love dancing, singing, gym class, Art class, eating food",29.0,positive
stu_GCHCS91000,TST Respose 3,i am a nice person,44.0,positive
stu_GCHCS91000,TST Respose 3,i am a nice person,21.0,none
stu_HLKZL24322,TST Respose 15,i am football player,29.0,neutral
stu_ANAWT41929,TST Respose 14,My favorite streamer is kai cenat speed,28.0,positive
stu_ANAWT41929,TST Respose 14,My favorite streamer is kai cenat speed,24.0,positive
stu_EHXGF51692,TST Respose 18,i like pizza,24.0,positive
stu_DKGHS98193,TST Respose 1,a girl,2.0,girl
stu_PSHZT50501,TST Respose 5,I am sleepy person,45.0,neutral
stu_PSHZT50501,TST Respose 5,I am sleepy person,21.0,none
stu_KOIIB68446,TST Respose 3,I like to sleep,31.0,positive
stu_KOIIB68446,TST Respose 3,I like to sleep,24.0,positive
stu_PXDPN73068,TST Respose 4,I have a big ego,45.0,neutral
stu_BESSB35006,TST Respose 11,I like to hangout with my mom and my dad,24.0,positive
stu_BESSB35006,TST Respose 11,I like to hangout with my mom and my dad,12.0,positive
stu_WQGUY90279,TST Respose 13,I hate school,25.0,negative
stu_WQGUY90279,TST Respose 13,I hate school,24.0,negative
stu_HBPKA70291,TST Respose 19,actor,26.0,neutral
stu_BESSB35006,TST Respose 20,i like to go to the beach,24.0,positive
stu_DHTXQ91573,TST Respose 6,I am a students from 6 grades,22.0,sixthgrader
stu_DHTXQ91573,TST Respose 6,I am a students from 6 grades,4.0,child
stu_DHTXQ91573,TST Respose 6,I am a students from 6 grades,14.0,neutral
stu_RNIHY62490,TST Respose 12,I have 10 uncles in my family,12.0,neutral
stu_OMSFY97090,TST Respose 17,im a students,14.0,neutral
stu_KJOZZ30475,TST Respose 6,I workout every week.,29.0,neutral
stu_SULZI60933,TST Respose 6,i like pink,24.0,positive
stu_KCRZD23226,TST Respose 6,I love my family,24.0,positive
stu_KCRZD23226,TST Respose 6,I love my family,12.0,positive
stu_MYCLF44200,TST Respose 2,I play basketball.,29.0,neutral
stu_ECYEC76336,TST Respose 19,I am a wingstop lover,24.0,positive
stu_FUILC09238,TST Respose 11,im smart,43.0,positive
stu_WXAMH04104,TST Respose 17,i like walking,24.0,positive
stu_QFXDD68186,TST Respose 1,I'm a student.,14.0,neutral
stu_EUIXK95276,TST Respose 4,"I'm a student at the [SCHOOL NAME] I love dancing, singing, gym class, Art class, eating food",31.0,positive
stu_EUIXK95276,TST Respose 4,"I'm a student at the [SCHOOL NAME] I love dancing, singing, gym class, Art class, eating food",14.0,neutral
stu_EUIXK95276,TST Respose 4,"I'm a student at the [SCHOOL NAME] I love dancing, singing, gym class, Art class, eating food",24.0,positive
stu_EUIXK95276,TST Respose 4,"I'm a student at the [SCHOOL NAME] I love dancing, singing, gym class, Art class, eating food",26.0,positive
stu_EUIXK95276,TST Respose 4,"I'm a student at the [SCHOOL NAME] I love dancing, singing, gym class, Art class, eating food",29.0,positive
stu_UEDQL23543,TST Respose 12,wanna be a dentist,13.0,neutral
stu_TFTDG28078,TST Respose 13,a dog lover.,24.0,positive
stu_WEADW20158,TST Respose 9,i like playing with my friends,24.0,positive
stu_WEADW20158,TST Respose 9,i like playing with my friends,10.0,positive
stu_EUWJA76858,TST Respose 5,I am a water drinker.,24.0,positive
stu_RDPGG44681,TST Respose 15,I am a really busy person on the weekends,43.0,neutral
stu_RDPGG44681,TST Respose 15,I am a really busy person on the weekends,21.0,none
stu_WDDQQ92015,TST Respose 19,i am a student,14.0,neutral
stu_CDGKD03653,TST Respose 19,i used to play football,29.0,neutral
stu_DJCZE13885,TST Respose 16,I like funny things.,24.0,positive
stu_BESSB35006,TST Respose 16,i have brown hair,35.0,neutral
stu_DKGHS98193,TST Respose 8,i love to play volleyball,29.0,positive
stu_DKGHS98193,TST Respose 8,i love to play volleyball,24.0,positive
stu_WCANG48942,TST Respose 2,I am a student.,14.0,neutral
stu_UHXBA77476,TST Respose 13,I like to do crafts,26.0,positive
stu_UHXBA77476,TST Respose 13,I like to do crafts,24.0,positive
stu_PNNIR08301,TST Respose 2,I speak English.,25.0,neutral
stu_PNNIR08301,TST Respose 2,I speak English.,22.0,speaksenglish
stu_ANQAT24428,TST Respose 12,someone who stands up for myself,44.0,neutral
stu_EUIXK95276,TST Respose 3,"I'm a student at the [SCHOOL NAME], I love dancing, singing, gym class, Art class, eating food",31.0,positive
stu_EUIXK95276,TST Respose 3,"I'm a student at the [SCHOOL NAME], I love dancing, singing, gym class, Art class, eating food",14.0,neutral
stu_EUIXK95276,TST Respose 3,"I'm a student at the [SCHOOL NAME], I love dancing, singing, gym class, Art class, eating food",24.0,positive
stu_EUIXK95276,TST Respose 3,"I'm a student at the [SCHOOL NAME], I love dancing, singing, gym class, Art class, eating food",26.0,positive
stu_EUIXK95276,TST Respose 3,"I'm a student at the [SCHOOL NAME], I love dancing, singing, gym class, Art class, eating food",29.0,positive
stu_NJZBY59884,TST Respose 16,i want too go to the Dr,47.0,neutral
stu_UYUIH18635,TST Respose 3,Im a Music Lover,24.0,positive
stu_QOGPO20181,TST Respose 17,l kinda have curly hair.,35.0,neutral
stu_CWJCN88700,TST Respose 16,I am a sister,12.0,neutral
stu_CWJCN88700,TST Respose 16,I am a sister,2.0,girl
stu_NWVEW24693,TST Respose 12,i love the summer,24.0,positive
stu_WWNBY52737,TST Respose 1,I am a 6th grader.,22.0,sixthgrader
stu_WWNBY52737,TST Respose 1,I am a 6th grader.,14.0,neutral
stu_MXNSF14478,TST Respose 20,I went to [SCOOL NAME].,14.0,neutral
stu_VKCWY07846,TST Respose 19,i have crocs,32.0,none
stu_YPZIM54297,TST Respose 17,I am a spring baby,22.0,born in spring
stu_RFRYE74718,TST Respose 20,I am a skinny person.,35.0,neutral
stu_RFRYE74718,TST Respose 20,I am a skinny person.,21.0,none
stu_VENGZ10475,TST Respose 8,A man,1.0,m
stu_SELBD60428,TST Respose 13,student,14.0,neutral
stu_PSHZT50501,TST Respose 4,I am very nice and funny,44.0,positive
stu_FBOFA96484,TST Respose 13,"i like the soccer players, Benzama and Vini Jr",24.0,positive
stu_EUIXK95276,TST Respose 15,"I'm a student at the [SCHOOL NAME] I love dancing, singing, gym class, Art class, eating food",31.0,positive
stu_EUIXK95276,TST Respose 15,"I'm a student at the [SCHOOL NAME] I love dancing, singing, gym class, Art class, eating food",14.0,neutral
stu_EUIXK95276,TST Respose 15,"I'm a student at the [SCHOOL NAME] I love dancing, singing, gym class, Art class, eating food",24.0,positive
stu_EUIXK95276,TST Respose 15,"I'm a student at the [SCHOOL NAME] I love dancing, singing, gym class, Art class, eating food",26.0,positive
stu_EUIXK95276,TST Respose 15,"I'm a student at the [SCHOOL NAME] I love dancing, singing, gym class, Art class, eating food",29.0,positive
stu_DHTXQ91573,TST Respose 14,I am a students from 6 grades,22.0,sixthgrader
stu_DHTXQ91573,TST Respose 14,I am a students from 6 grades,4.0,child
stu_DHTXQ91573,TST Respose 14,I am a students from 6 grades,14.0,neutral
stu_HXXCS05602,TST Respose 5,i'm a friend,10.0,positive
stu_KOUYR40301,TST Respose 19,I'm a student at [SCHOOL NAME],14.0,neutral
stu_CPVXX19825,TST Respose 9,I like to eat,24.0,positive
stu_ZARRQ26344,TST Respose 4,My favorite color is Black,24.0,positive
stu_NWRRN03456,TST Respose 16,I am 14 years-old.,4.0,14
stu_VGJIS59600,TST Respose 6,My favorite colors are pastel blue and purple,24.0,positive
stu_NYHDW07721,TST Respose 3,A daughter of [FIRST LAST NAME],12.0,neutral
stu_NYHDW07721,TST Respose 3,A daughter of [FIRST LAST NAME],2.0,girl
stu_NWRRC44615,TST Respose 19,i like flowers,24.0,positive
stu_ZQMQQ26810,TST Respose 11,i love food,24.0,positive
stu_TRKWP48352,TST Respose 19,I like seafood,24.0,positive
stu_WQGUY90279,TST Respose 20,A person,21.0,none
stu_PNNIR08301,TST Respose 3,I am a student.,14.0,neutral
stu_KOIIB68446,TST Respose 5,i have 6 Sibilings,12.0,neutral
stu_VKCWY07846,TST Respose 4,im a poet,26.0,neutral
stu_VKCWY07846,TST Respose 4,im a poet,25.0,neutral
stu_QPHPK12517,TST Respose 20,i love my kids,24.0,positive
stu_WRQAA62017,TST Respose 2,I like dogs,24.0,positive
stu_PFDTL78462,TST Respose 13,"My favorite book is Dear Mr. Henshaw, and its sequel, strider.",25.0,positive
stu_PFDTL78462,TST Respose 13,"My favorite book is Dear Mr. Henshaw, and its sequel, strider.",24.0,positive
stu_SJXEZ38047,TST Respose 19,I like flowers n roses,24.0,positive
stu_BJJXN95776,TST Respose 3,I love pizza,24.0,positive
stu_YPZIM54297,TST Respose 9,I am a insperation to my younger peirse,43.0,positive
stu_WZRKM29688,TST Respose 11,i like celtics,24.0,positive
stu_WXAMH04104,TST Respose 16,my favorite sport is soccer,29.0,positive
stu_WXAMH04104,TST Respose 16,my favorite sport is soccer,24.0,positive
stu_KJOZZ30475,TST Respose 7,My favorite food is rice.,24.0,positive
stu_MMNSJ38829,TST Respose 10,I like to listen to Pink.,24.0,positive
stu_VNSDU81090,TST Respose 14,i like games,28.0,positive
stu_VNSDU81090,TST Respose 14,i like games,24.0,positive
stu_CDXSC86692,TST Respose 7,I am a person that likes to go swimming,29.0,positive
stu_CDXSC86692,TST Respose 7,I am a person that likes to go swimming,21.0,none
stu_CDXSC86692,TST Respose 7,I am a person that likes to go swimming,24.0,positive
stu_YXBHV58732,TST Respose 15,I like band,24.0,positive
stu_STIXI97047,TST Respose 15,I am [FIRST NAME].,5.0,none
stu_XCKNQ66212,TST Respose 14,i'm respectful,44.0,positive
stu_TYPZX10676,TST Respose 7,i like when they give second and third chances to answer.,25.0,positive
stu_TYPZX10676,TST Respose 7,i like when they give second and third chances to answer.,24.0,positive
stu_PNNIR08301,TST Respose 18,I am a male.,1.0,m
stu_XHGVP79664,TST Respose 3,a chorus student,26.0,neutral
stu_XHGVP79664,TST Respose 3,a chorus student,14.0,neutral
stu_FQEST23326,TST Respose 17,i am loved,46.0,positive
stu_XSQUV53095,TST Respose 20,I AM [FIRST NAME] A PERSON,21.0,none
stu_XSQUV53095,TST Respose 20,I AM [FIRST NAME] A PERSON,5.0,none
stu_CPVXX19825,TST Respose 14,I talk alot,44.0,neutral
stu_QEGJI54214,TST Respose 5,i am a bean lover,24.0,positive
stu_IGLSS89625,TST Respose 18,fegtyju7i,48.0,none
stu_FHADA27602,TST Respose 20,i dont like playing sports.,29.0,negative
stu_FHADA27602,TST Respose 20,i dont like playing sports.,24.0,negative
stu_LVOOZ80056,TST Respose 9,I am a aunt.,12.0,neutral
stu_LVOOZ80056,TST Respose 9,I am a aunt.,2.0,girl
stu_CHVFQ54169,TST Respose 20,I am black.,6.0,black
stu_JTZYY08754,TST Respose 15,I like to put my phone on DnD,27.0,neutral
stu_JTZYY08754,TST Respose 15,I like to put my phone on DnD,24.0,positive
stu_TYPZX10676,TST Respose 15,i'm a students,14.0,neutral
stu_FQEST23326,TST Respose 13,a great-grandaughter,12.0,neutral
stu_FQEST23326,TST Respose 13,a great-grandaughter,2.0,girl
stu_NRKZA72454,TST Respose 7,I like cookies.,24.0,positive
stu_VOXTG50835,TST Respose 17,i like waering pjs,24.0,positive
stu_BESSB35006,TST Respose 15,i like to read,25.0,positive
stu_BESSB35006,TST Respose 15,i like to read,24.0,positive
stu_CINVJ49388,TST Respose 16,iam in honor,43.0,positive
stu_CINVJ49388,TST Respose 16,iam in honor,14.0,positive
stu_FASQN45304,TST Respose 1,I am someone who's favorite color is red.,24.0,positive
stu_CPAQO78519,TST Respose 16,I am someone who love the outdoors,24.0,positive
stu_CWJCN88700,TST Respose 1,my favorite color is blue or cyan,24.0,positive
stu_CNIFN64507,TST Respose 2,I'm a 12 year old girl,4.0,12
stu_CNIFN64507,TST Respose 2,I'm a 12 year old girl,2.0,girl
stu_EHLZF06092,TST Respose 1,I'm [FIRST NAME],5.0,none
stu_CDXSC86692,TST Respose 11,I am person that want to be great at math,25.0,positive
stu_CDXSC86692,TST Respose 11,I am person that want to be great at math,21.0,none
stu_NJZBY59884,TST Respose 19,i like to go to the mall,31.0,positive
stu_NJZBY59884,TST Respose 19,i like to go to the mall,24.0,positive
stu_EUIXK95276,TST Respose 9,"I'm a student at the [SCHOOL NAME], I love dancing, singing, gym class, Art class, eating food",31.0,positive
stu_EUIXK95276,TST Respose 9,"I'm a student at the [SCHOOL NAME], I love dancing, singing, gym class, Art class, eating food",14.0,neutral
stu_EUIXK95276,TST Respose 9,"I'm a student at the [SCHOOL NAME], I love dancing, singing, gym class, Art class, eating food",24.0,positive
stu_EUIXK95276,TST Respose 9,"I'm a student at the [SCHOOL NAME], I love dancing, singing, gym class, Art class, eating food",26.0,positive
stu_EUIXK95276,TST Respose 9,"I'm a student at the [SCHOOL NAME], I love dancing, singing, gym class, Art class, eating food",29.0,positive
stu_JPMJO86637,TST Respose 16,my fav food Griyo. Fried Pork.,24.0,positive
stu_ABSGH36082,TST Respose 9,I never traveled before,47.0,neutral
stu_DHTXQ91573,TST Respose 20,I am a students from 6 grades,22.0,sixthgrader
stu_DHTXQ91573,TST Respose 20,I am a students from 6 grades,4.0,child
stu_DHTXQ91573,TST Respose 20,I am a students from 6 grades,14.0,neutral
stu_KWLPL21630,TST Respose 17,I love jewelry.,30.0,positive
stu_KWLPL21630,TST Respose 17,I love jewelry.,24.0,positive
stu_LDUML32113,TST Respose 7,im a music listener,24.0,positive
stu_XXEBH66449,TST Respose 12,I am a student,14.0,neutral
stu_EHXGF51692,TST Respose 16,I am a mixed person,6.0,mixed
stu_KOUYR40301,TST Respose 20,I like my friends,24.0,positive
stu_KOUYR40301,TST Respose 20,I like my friends,10.0,positive
stu_JTZYY08754,TST Respose 4,I don't like school,25.0,negative
stu_JTZYY08754,TST Respose 4,I don't like school,24.0,negative
stu_FPTDO32773,TST Respose 20,An ipad kid,27.0,neutral
stu_FPTDO32773,TST Respose 20,An ipad kid,4.0,child
stu_LJAAE92948,TST Respose 3,I'm Cape Verdean,7.0,cape verdean
stu_CHVFQ54169,TST Respose 16,I am love running.,29.0,positive
stu_CHVFQ54169,TST Respose 16,I am love running.,24.0,positive
stu_KOIIB68446,TST Respose 1,I am a girl,2.0,girl
stu_EJIML93711,TST Respose 11,I don't like headphones,24.0,negative
stu_MXNSB23169,TST Respose 5,I like math.,25.0,positive
stu_MXNSB23169,TST Respose 5,I like math.,24.0,positive
stu_YBWGX96937,TST Respose 4,i like ENGLISH ESL,25.0,positive
stu_YBWGX96937,TST Respose 4,i like ENGLISH ESL,24.0,positive
stu_WPVZY01902,TST Respose 17,I like xbox,28.0,positive
stu_WPVZY01902,TST Respose 17,I like xbox,24.0,positive
stu_MKGYA55892,TST Respose 8,phone,48.0,none
stu_OIYXZ27717,TST Respose 15,I am someone who likes food,24.0,positive
stu_XCKNQ66212,TST Respose 17,i'm 13 with alot of money,34.0,rich
stu_XCKNQ66212,TST Respose 17,i'm 13 with alot of money,4.0,13
stu_CTAZU65504,TST Respose 11,I have long curly hair,35.0,neutral
stu_SBUBU63586,TST Respose 16,i am a loving kid,45.0,positive
stu_SBUBU63586,TST Respose 16,i am a loving kid,4.0,child
stu_FBWGP41232,TST Respose 6,"My favorite color is lilac, blue, and purple",24.0,positive
stu_EUWJA76858,TST Respose 8,I like talking to my friends.,24.0,positive
stu_EUWJA76858,TST Respose 8,I like talking to my friends.,10.0,positive
stu_KJOZZ30475,TST Respose 8,I have glasses.,35.0,neutral
stu_JPMJO86637,TST Respose 18,I love my step brother.,24.0,positive
stu_JPMJO86637,TST Respose 18,I love my step brother.,12.0,positive
stu_WWNBY52737,TST Respose 4,I am a clarinetist.,26.0,neutral
stu_CPAQO78519,TST Respose 19,I am someone that plays video games,28.0,neutral
stu_PSHPN85751,TST Respose 19,bye,48.0,none
stu_WBAVA84528,TST Respose 6,i like napz,24.0,positive
stu_CAGAM03126,TST Respose 20,I am a girl.,2.0,girl
stu_VNSDU81090,TST Respose 12,i have friends,10.0,positive
stu_BDAZF88230,TST Respose 10,I am a curious person,45.0,positive
stu_BDAZF88230,TST Respose 10,I am a curious person,21.0,none
stu_TRKWP48352,TST Respose 17,I am a person who likes perfume,30.0,positive
stu_TRKWP48352,TST Respose 17,I am a person who likes perfume,21.0,none
stu_OMSFY97090,TST Respose 20,im a students,14.0,neutral
stu_FNVBP19615,TST Respose 12,I feel like I only have a good support system sometimes.,47.0,neutral
stu_LDUML32113,TST Respose 11,nonchalant,42.0,neutral
stu_CJHBB29429,TST Respose 5,I AM a person that likes to talk,44.0,positive
stu_CJHBB29429,TST Respose 5,I AM a person that likes to talk,21.0,none
stu_CJHBB29429,TST Respose 5,I AM a person that likes to talk,24.0,positive
stu_MTCIM85775,TST Respose 8,I am talented,43.0,positive
stu_SJXEZ38047,TST Respose 11,I have 3 brothers n 4 sisters .,12.0,neutral
stu_FPTDO32773,TST Respose 15,a smart person sometimes,43.0,positive
stu_FPTDO32773,TST Respose 15,a smart person sometimes,21.0,none
stu_MYCLF44200,TST Respose 8,I sit next to [FIRST NAME].,47.0,neutral
stu_QOGPO20181,TST Respose 1,l'm a girl,2.0,girl
stu_PUHUL75671,TST Respose 2,8th grader,22.0,eighthgrader
stu_PUHUL75671,TST Respose 2,8th grader,4.0,child
stu_PUHUL75671,TST Respose 2,8th grader,14.0,neutral
stu_XHPVX80161,TST Respose 3,I am a basketball player,29.0,neutral
stu_MYCLF44200,TST Respose 12,I love God.,24.0,positive
stu_MYCLF44200,TST Respose 12,I love God.,23.0,god
stu_DUOEM76163,TST Respose 20,I'm the smartest person in my family,43.0,positive
stu_DUOEM76163,TST Respose 20,I'm the smartest person in my family,12.0,neutral
stu_DUOEM76163,TST Respose 20,I'm the smartest person in my family,21.0,none
stu_SAOLH99639,TST Respose 17,i went to [SCHOOL],14.0,neutral
stu_CULOH75877,TST Respose 11,I am trustworthy,43.0,positive
stu_QACJQ31561,TST Respose 20,i like bracelets,30.0,positive
stu_QACJQ31561,TST Respose 20,i like bracelets,24.0,positive
stu_TFTDG28078,TST Respose 10,someone responsible,43.0,positive
stu_SELBD60428,TST Respose 18,student,14.0,neutral
stu_SIWRL23181,TST Respose 9,i am a good daughter,40.0,positive
stu_SIWRL23181,TST Respose 9,i am a good daughter,2.0,girl
stu_SIWRL23181,TST Respose 9,i am a good daughter,12.0,neutral
stu_JVLXZ63894,TST Respose 17,[SCHOOL NAME MASCOT],14.0,neutral
stu_PUHUL75671,TST Respose 3,African American/White,6.0,white and african american
stu_STIXI97047,TST Respose 13,I am [FIRST NAME].,5.0,none
stu_PYEUW09959,TST Respose 13,I like to try new foods,24.0,positive
stu_QHOON52054,TST Respose 4,I am 13 years old,4.0,13
stu_TRKWP48352,TST Respose 10,I am someone a person who like flag football,29.0,positive
stu_TRKWP48352,TST Respose 10,I am someone a person who like flag football,21.0,none
stu_TRKWP48352,TST Respose 10,I am someone a person who like flag football,24.0,positive
stu_EJIML93711,TST Respose 6,I like money,24.0,positive
stu_FUILC09238,TST Respose 14,i like social studies,25.0,positive
stu_FUILC09238,TST Respose 14,i like social studies,24.0,positive
stu_YNVPH88845,TST Respose 17,I like volleyball,29.0,positive
stu_YNVPH88845,TST Respose 17,I like volleyball,24.0,positive
stu_SQLXP95993,TST Respose 7,I do things on my own time,48.0,none
stu_MXNSB23169,TST Respose 20,I like your mom.,24.0,positive
stu_TDURA35752,TST Respose 14,I am a good person,40.0,positive
stu_TDURA35752,TST Respose 14,I am a good person,21.0,none
stu_ROULI02103,TST Respose 9,im funny,44.0,positive
stu_IGWBR81023,TST Respose 3,i am cape verdean,7.0,cape verdean
stu_KOIIB68446,TST Respose 16,I have braces,35.0,neutral
stu_UTXBZ05806,TST Respose 12,i am a BOY,2.0,boy
stu_VKCWY07846,TST Respose 3,im Puerto Rican,7.0,puerto rican
stu_WYTLH51489,TST Respose 6,I like to play video games,28.0,positive
stu_WYTLH51489,TST Respose 6,I like to play video games,24.0,positive
stu_CPAQO78519,TST Respose 4,I am someone who funny,44.0,positive
stu_OFAWH83528,TST Respose 5,i like to watch sss,27.0,positive
stu_OFAWH83528,TST Respose 5,i like to watch sss,24.0,positive
stu_CAGAM03126,TST Respose 5,I am a trilingual person.,25.0,neutral
stu_CAGAM03126,TST Respose 5,I am a trilingual person.,22.0,trilingual
stu_TSQUQ54202,TST Respose 11,I speak English.,25.0,neutral
stu_TSQUQ54202,TST Respose 11,I speak English.,22.0,speaksenglish
stu_WPVZY01902,TST Respose 14,I likie play dough,24.0,positive
stu_SOWGI28002,TST Respose 1,I am someone who likes the color cherry red,24.0,positive
stu_EUWJA76858,TST Respose 19,I like gym class.,29.0,positive
stu_EUWJA76858,TST Respose 19,I like gym class.,14.0,neutral
stu_EUWJA76858,TST Respose 19,I like gym class.,24.0,positive
stu_LNFOE66635,TST Respose 12,nice friend,44.0,positive
stu_LNFOE66635,TST Respose 12,nice friend,10.0,positive
stu_YXJEP22115,TST Respose 14,I am good at track,29.0,positive
stu_BCRYB29652,TST Respose 9,I'm like game,28.0,positive
stu_BCRYB29652,TST Respose 9,I'm like game,24.0,positive
stu_VTRUH97046,TST Respose 12,My birthday is [DATE],22.0,birthday
stu_WQGUY90279,TST Respose 9,I like going outside,31.0,positive
stu_WQGUY90279,TST Respose 9,I like going outside,24.0,positive
stu_KOIIB68446,TST Respose 8,In like eating takis,24.0,positive
stu_XKMAG80800,TST Respose 17,I am a mothers son.,12.0,neutral
stu_XKMAG80800,TST Respose 17,I am a mothers son.,2.0,boy
stu_ZUARE93356,TST Respose 14,I like to travel,31.0,positive
stu_ZUARE93356,TST Respose 14,I like to travel,24.0,positive
stu_VFKRH03938,TST Respose 20,i love my phone,27.0,positive
stu_VFKRH03938,TST Respose 20,i love my phone,24.0,positive
stu_LTSJK02079,TST Respose 6,My favorite number is 1,24.0,positive
stu_JOKOV89559,TST Respose 13,I am someone who loves being annoying to my sister,24.0,positive
stu_JOKOV89559,TST Respose 13,I am someone who loves being annoying to my sister,12.0,positive
stu_MXNSF14478,TST Respose 2,I like the color grey and rose,24.0,positive
stu_KFYJM61476,TST Respose 18,My favorite animal is a snake.,24.0,positive
stu_VUNQZ79892,TST Respose 7,im a hardworker,41.0,positive
stu_DKGHS98193,TST Respose 17,my fav subject in skl is gym,29.0,positive
stu_DKGHS98193,TST Respose 17,my fav subject in skl is gym,14.0,neutral
stu_DKGHS98193,TST Respose 17,my fav subject in skl is gym,24.0,positive
stu_UAFAK64772,TST Respose 1,A girl,2.0,girl
stu_ZARRQ26344,TST Respose 2,i am 12 year old,4.0,12
stu_VKCWY07846,TST Respose 11,i am 12,4.0,12
stu_CQRFU18177,TST Respose 19,I like coloring,26.0,positive
stu_CQRFU18177,TST Respose 19,I like coloring,24.0,positive
stu_CQRFU18177,TST Respose 8,I don't like when someone is being mean to me,44.0,negative
stu_CQRFU18177,TST Respose 8,I don't like when someone is being mean to me,24.0,negative
stu_SOWGI28002,TST Respose 9,I am someone who loves to learn german,25.0,positive
stu_SOWGI28002,TST Respose 9,I am someone who loves to learn german,24.0,positive
stu_VQFBG95862,TST Respose 4,i am a kind person,44.0,positive
stu_VQFBG95862,TST Respose 4,i am a kind person,21.0,none
stu_UTXBZ05806,TST Respose 6,i am someone who likes real Madrid the team in soccer.,24.0,positive
stu_QHOON52054,TST Respose 10,I am loved by a bunch of people,46.0,positive
stu_LKAAV41369,TST Respose 8,I like singing,26.0,positive
stu_LKAAV41369,TST Respose 8,I like singing,24.0,positive
stu_VOXTG50835,TST Respose 3,I sturggle with math,25.0,negative
stu_SBUBU63586,TST Respose 12,i am cool,46.0,positive
stu_UAFAK64772,TST Respose 3,tall,35.0,neutral
stu_DUOEM76163,TST Respose 17,I like Starwars,24.0,positive
stu_FSPCV10901,TST Respose 12,I have black hair.,35.0,neutral
stu_MKGYA55892,TST Respose 2,a teeneger,22.0,teenager
stu_BCRYB29652,TST Respose 1,I am a boy,2.0,boy
stu_CDGKD03653,TST Respose 4,i play fortnite,28.0,neutral
stu_VFKRH03938,TST Respose 18,i love nice views,24.0,positive
stu_XCKNQ66212,TST Respose 8,i'm straight,3.0,straight
stu_SJNFF34466,TST Respose 7,i have a sister and twin,12.0,neutral
stu_FHADA27602,TST Respose 5,i am a student at [SCHOOL NAME].,14.0,neutral
stu_ZARRQ26344,TST Respose 18,I like strawberry ice cream,24.0,positive
stu_OQLOS45541,TST Respose 10,I am bilingual.,25.0,neutral
stu_OQLOS45541,TST Respose 10,I am bilingual.,22.0,bilingual
stu_KWLPL21630,TST Respose 14,I like braid in my hair but with only my natural hair.,30.0,positive
stu_KWLPL21630,TST Respose 14,I like braid in my hair but with only my natural hair.,24.0,positive
stu_BJJXN95776,TST Respose 12,I am in [SCHOOL NAME] junior honors society,43.0,positive
stu_BJJXN95776,TST Respose 12,I am in [SCHOOL NAME] junior honors society,14.0,positive
stu_IIOVZ06372,TST Respose 13,I dont really like school,25.0,negative
stu_IIOVZ06372,TST Respose 13,I dont really like school,24.0,negative
stu_YXBHV58732,TST Respose 16,I like,48.0,none
stu_SJXEZ38047,TST Respose 4,I like track,29.0,positive
stu_SJXEZ38047,TST Respose 4,I like track,24.0,positive
stu_PJCOJ15115,TST Respose 3,I am a athlete,29.0,neutral
stu_CWQDV67579,TST Respose 4,I am short,35.0,neutral
stu_MZIVN56293,TST Respose 16,i was in bachwe,48.0,none
stu_IKUOQ66846,TST Respose 17,I like walk,24.0,positive
stu_NYHDW07721,TST Respose 1,[FIRST LAST NAME],5.0,none
stu_DERZZ01872,TST Respose 17,I like math games,25.0,positive
stu_DERZZ01872,TST Respose 17,I like math games,24.0,positive
stu_AHWRN95528,TST Respose 6,I am someone who likes lasagna,24.0,positive
stu_VGJIS59600,TST Respose 10,I really like to eat sweets,24.0,positive
stu_NMWSA27732,TST Respose 4,"I was born in brasil, Sao paulo",7.0,brazilian
stu_XUDYN03051,TST Respose 4,I like to play video games,28.0,positive
stu_XUDYN03051,TST Respose 4,I like to play video games,24.0,positive
stu_PUNZK45438,TST Respose 19,i like to do team work,24.0,positive
stu_UTXBZ05806,TST Respose 9,and i was born at [DATE],48.0,none
stu_KCDEU07486,TST Respose 2,I wear glasses,35.0,neutral
stu_JOVOI38701,TST Respose 18,I am someone who likes steak.,24.0,positive
stu_WYTLH51489,TST Respose 10,I'm an organized person,42.0,positive
stu_WYTLH51489,TST Respose 10,I'm an organized person,21.0,none
stu_IGWBR81023,TST Respose 14,my favorite subject is english,25.0,positive
stu_IGWBR81023,TST Respose 14,my favorite subject is english,14.0,neutal
stu_IGWBR81023,TST Respose 14,my favorite subject is english,24.0,positive
stu_SJXEZ38047,TST Respose 5,My favorite color is pink n gold,24.0,positive
stu_ANQAT24428,TST Respose 3,somebody who is a younger sister,12.0,neutral
stu_ANQAT24428,TST Respose 3,somebody who is a younger sister,2.0,girl
stu_FBWGP41232,TST Respose 18,I'm really tired,47.0,negative
stu_LNFOE66635,TST Respose 19,i challenge my self,41.0,positive
stu_WBAVA84528,TST Respose 8,i like the taco bell mountain dew baja blast,24.0,positive
stu_THKBG93560,TST Respose 15,I'm in 6th. Grade,22.0,sixthgrader
stu_THKBG93560,TST Respose 15,I'm in 6th. Grade,4.0,child
stu_THKBG93560,TST Respose 15,I'm in 6th. Grade,14.0,neutral
stu_MIJEQ06664,TST Respose 3,I am kind,44.0,positive
stu_FQKSK24193,TST Respose 9,i like playing stuff in school,44.0,positive
stu_FQKSK24193,TST Respose 9,i like playing stuff in school,14.0,neutal
stu_FQKSK24193,TST Respose 9,i like playing stuff in school,24.0,positive
stu_WBAVA84528,TST Respose 15,i like going to the store,31.0,positive
stu_WBAVA84528,TST Respose 15,i like going to the store,24.0,positive
stu_YXBHV58732,TST Respose 18,I like the school bus,24.0,positive
stu_IKUOQ66846,TST Respose 15,I try my hard in every thing,41.0,positive
stu_RDPGG44681,TST Respose 7,I love dogs,24.0,positive
stu_NRKZA72454,TST Respose 15,I only like some of my teachers.,26.0,positive
stu_NRKZA72454,TST Respose 15,I only like some of my teachers.,24.0,positive
stu_DZJHT48666,TST Respose 6,I like to draw,26.0,positive
stu_DZJHT48666,TST Respose 6,I like to draw,24.0,positive
stu_TYPZX10676,TST Respose 2,I like to play games,28.0,positive
stu_TYPZX10676,TST Respose 2,I like to play games,24.0,positive
stu_OFAWH83528,TST Respose 10,i like to do flips,29.0,positive
stu_OFAWH83528,TST Respose 10,i like to do flips,24.0,positive
stu_KCDEU07486,TST Respose 11,I am the middle child,12.0,neutral
stu_KCDEU07486,TST Respose 11,I am the middle child,4.0,child
stu_IKUOQ66846,TST Respose 10,trustworthy,43.0,positive
stu_LJAAE92948,TST Respose 10,My favorite color is blue,24.0,positive
stu_ANAWT41929,TST Respose 18,I love getting new hairstyle,30.0,positive
stu_ANAWT41929,TST Respose 18,I love getting new hairstyle,24.0,positive
stu_WXAMH04104,TST Respose 15,i have 3 sisters,12.0,neutral
stu_CQRFU18177,TST Respose 16,I can make my friend laugh,47.0,positive
stu_CQRFU18177,TST Respose 16,I can make my friend laugh,10.0,positive
stu_DZJHT48666,TST Respose 7,I'm the youngest out of my siblings,12.0,neutral
stu_YBWGX96937,TST Respose 17,i like red,24.0,positive
stu_ERQCY81201,TST Respose 1,I am a hardworking student,41.0,positive
stu_ERQCY81201,TST Respose 1,I am a hardworking student,14.0,positive
stu_YXJEP22115,TST Respose 20,I am a good person,40.0,positive
stu_YXJEP22115,TST Respose 20,I am a good person,21.0,none
stu_ORUUL82324,TST Respose 1,I'm 11 years old,4.0,11
stu_RUZUK44953,TST Respose 13,I am a person who prefers summer.,24.0,positive
stu_RUZUK44953,TST Respose 13,I am a person who prefers summer.,21.0,none
stu_VTRUH97046,TST Respose 9,I love volleyball.,29.0,positive
stu_VTRUH97046,TST Respose 9,I love volleyball.,24.0,positive
stu_QCKDZ64012,TST Respose 19,im smart,43.0,positive
stu_CETOG17008,TST Respose 3,black,6.0,black
stu_RDOVU20570,TST Respose 18,I am a person who is shy,44.0,positive
stu_RDOVU20570,TST Respose 18,I am a person who is shy,21.0,none
stu_QZOUO83023,TST Respose 12,I love my family,24.0,positive
stu_QZOUO83023,TST Respose 12,I love my family,12.0,positive
stu_MTCIM85775,TST Respose 18,A good observer,44.0,positive
stu_BDAZF88230,TST Respose 6,I am someone who will be successful,41.0,positive
stu_PKXZK94759,TST Respose 10,I'm somebody who likes to use Pintrest,27.0,positive
stu_PKXZK94759,TST Respose 10,I'm somebody who likes to use Pintrest,24.0,positive
stu_EJIML93711,TST Respose 7,I don't like to write,25.0,negative
stu_EJIML93711,TST Respose 7,I don't like to write,24.0,negative
stu_ZQMQQ26810,TST Respose 17,i love clothes,30.0,positive
stu_ZQMQQ26810,TST Respose 17,i love clothes,24.0,positive
stu_TYPZX10676,TST Respose 18,i love to travel.,31.0,positive
stu_TYPZX10676,TST Respose 18,i love to travel.,24.0,positive
stu_WQGUY90279,TST Respose 8,My favorite color is red,24.0,positive
stu_BJJXN95776,TST Respose 19,I love puzzles,24.0,positive
stu_WQGUY90279,TST Respose 6,I play video games,28.0,neutral
stu_SELBD60428,TST Respose 2,[FIRST LAST NAME],5.0,none
stu_WWNBY52737,TST Respose 12,I am tan.,35.0,neutral
stu_FQKSK24193,TST Respose 6,i have a b in math,25.0,neutral
stu_KOUYR40301,TST Respose 2,i like [TEACHER]'s class,24.0,positive
stu_KOUYR40301,TST Respose 2,i like [TEACHER]'s class,14.0,positive
stu_YSQPA55709,TST Respose 19,i have blonde hair,35.0,neutral
stu_UEDQL23543,TST Respose 18,i speak creole,25.0,neutral
stu_UEDQL23543,TST Respose 18,i speak creole,22.0,speakscreole
stu_QPHPK12517,TST Respose 5,kind,44.0,positive
stu_YBWGX96937,TST Respose 3,i like book,25.0,positive
stu_YBWGX96937,TST Respose 3,i like book,24.0,positive
stu_FWPPR22255,TST Respose 17,I got a lot a lot of friends,10.0,positive
stu_OCRTY88035,TST Respose 10,I am someone that loves the color red and blue.,24.0,positive
stu_XUDYN03051,TST Respose 13,I get mad easily,45.0,neutral
stu_DJCZE13885,TST Respose 14,I like sherbet.,24.0,positive
stu_WAWDW95831,TST Respose 6,I am good at soccer.,29.0,positive
stu_PSHZT50501,TST Respose 18,I am a strong person,35.0,neutral
stu_PSHZT50501,TST Respose 18,I am a strong person,21.0,none
stu_STIXI97047,TST Respose 6,I am [FIRST NAME].,5.0,none
stu_HXXCS05602,TST Respose 16,i'm good a dancing,26.0,positive
stu_QEGJI54214,TST Respose 8,i am a cat lover,24.0,positive
stu_EUWJA76858,TST Respose 14,I like doing my hair.,30.0,positive
stu_EUWJA76858,TST Respose 14,I like doing my hair.,24.0,positive
stu_BCRYB29652,TST Respose 7,I like cats,24.0,positive
stu_LDUML32113,TST Respose 12,i like nature,24.0,positive
stu_LTSJK02079,TST Respose 3,I like rocks,24.0,positive
stu_WZRKM29688,TST Respose 5,i like cod,24.0,positive
stu_STIXI97047,TST Respose 18,I am [LAST NAME] .,5.0,none
stu_WXAMH04104,TST Respose 8,i like video games,28.0,positive
stu_WXAMH04104,TST Respose 8,i like video games,24.0,positive
stu_CHVFQ54169,TST Respose 8,My fav food is French fry.,24.0,positive
stu_SOWGI28002,TST Respose 5,I am someone who loves fanta,24.0,positive
stu_BDAZF88230,TST Respose 3,I am a mathematician,25.0,positive
stu_MXNSB23169,TST Respose 1,I am [FIRST NAME].,5.0,none
stu_SQLXP95993,TST Respose 11,I like to do my hair,30.0,positive
stu_SQLXP95993,TST Respose 11,I like to do my hair,24.0,positive
stu_ANQAT24428,TST Respose 11,someone who likes ice cream,24.0,positive
stu_DERZZ01872,TST Respose 8,I have good grades.,43.0,positive
stu_DERZZ01872,TST Respose 8,I have good grades.,14.0,positive
stu_DERZZ01872,TST Respose 8,I have good grades.,25.0,positive
stu_PNNIR08301,TST Respose 8,I like the color green.,24.0,positive
stu_JTZYY08754,TST Respose 7,don't care about anything but me,44.0,neutral
stu_TSQUQ54202,TST Respose 17,I am the third oldest kid.,12.0,neutral
stu_TSQUQ54202,TST Respose 17,I am the third oldest kid.,4.0,child
stu_YGBLH44260,TST Respose 10,I get very stressed when I am confused.,45.0,negative
stu_YXBHV58732,TST Respose 20,I like science,25.0,positive
stu_YXBHV58732,TST Respose 20,I like science,24.0,positive
stu_VENGZ10475,TST Respose 1,A child,4.0,child
stu_TRKWP48352,TST Respose 15,I am a person who likes to were bracelets sometimes,30.0,neutral
stu_TRKWP48352,TST Respose 15,I am a person who likes to were bracelets sometimes,21.0,none
stu_DHTXQ91573,TST Respose 4,I am a students from 6 gradesom,22.0,sixthgrader
stu_DHTXQ91573,TST Respose 4,I am a students from 6 gradesom,4.0,child
stu_DHTXQ91573,TST Respose 4,I am a students from 6 gradesom,14.0,neutral
stu_IZQGI75719,TST Respose 15,i like hanging out with my friends,31.0,positive
stu_IZQGI75719,TST Respose 15,i like hanging out with my friends,10.0,positive
stu_IZQGI75719,TST Respose 15,i like hanging out with my friends,24.0,positive
stu_WWNBY52737,TST Respose 20,I am the best person I know.,40.0,positive
stu_MYCLF44200,TST Respose 17,I like nike.,24.0,positive
stu_WHBZD81732,TST Respose 17,no,48.0,none
stu_OIYXZ27717,TST Respose 7,I am someone who like roller skating,29.0,positive
stu_OIYXZ27717,TST Respose 7,I am someone who like roller skating,24.0,positive
stu_IDHIE84911,TST Respose 4,am fonny,44.0,positive
stu_TFTDG28078,TST Respose 8,a puerto rican girl.,7.0,puertorican
stu_TFTDG28078,TST Respose 8,a puerto rican girl.,2.0,girl
stu_MIJEQ06664,TST Respose 18,I like my school,24.0,positive
stu_MIJEQ06664,TST Respose 18,I like my school,14.0,positive
stu_SELBD60428,TST Respose 3,[FIRST LAST NAME],5.0,none
stu_CNIXS57234,TST Respose 14,I have a cat and kittins,32.0,none
stu_RFRYE74718,TST Respose 19,I am a writer,25.0,neutral
stu_KCRZD23226,TST Respose 13,I like eat icream,24.0,positive
stu_MMZHT88458,TST Respose 6,i love anime very much,24.0,positive
stu_VFKRH03938,TST Respose 9,i love celtics games,24.0,positive
stu_NRKZA72454,TST Respose 20,I suck at basketball,29.0,negative
stu_NMWSA27732,TST Respose 7,my favorite color is blue,24.0,positive
stu_WAFQN21754,TST Respose 1,A student,14.0,neutral
stu_YXBHV58732,TST Respose 13,I like school filtrips,24.0,positive
stu_YXBHV58732,TST Respose 13,I like school filtrips,14.0,positive
stu_MXNSF14478,TST Respose 14,I love asian drinks and water,24.0,positive
stu_DUOEM76163,TST Respose 5,I'm part Greek and Italian.,7.0,greek and italian
stu_THKBG93560,TST Respose 13,I have Brown. Eyes,35.0,neutral
stu_IGLSS89625,TST Respose 13,rvfgth,48.0,none
stu_XXEBH66449,TST Respose 20,I am a student,14.0,neutral
stu_YXJEP22115,TST Respose 17,I am smart,43.0,positive
stu_PYEUW09959,TST Respose 1,I am smart,43.0,positive
stu_WCANG48942,TST Respose 3,I sometimes like Math.,25.0,positive
stu_WCANG48942,TST Respose 3,I sometimes like Math.,24.0,positive
stu_WBAVA84528,TST Respose 13,i'm a youtuber @[USERNAME],27.0,neutral
stu_WBAVA84528,TST Respose 13,i'm a youtuber @[USERNAME],5.0,none
stu_WXAMH04104,TST Respose 20,im the youngest child,4.0,child
stu_HVWUJ52450,TST Respose 11,i like cod,24.0,positive
stu_LVOOZ80056,TST Respose 7,I am student.,14.0,neutral
stu_PSHPN85751,TST Respose 7,add nme on fortnite [USERNAME],28.0,neutral
stu_PSHPN85751,TST Respose 7,add nme on fortnite [USERNAME],5.0,none
stu_MRIWT64391,TST Respose 16,i like games,28.0,positive
stu_MRIWT64391,TST Respose 16,i like games,24.0,positive
stu_WRQAA62017,TST Respose 10,I am funny,44.0,positive
stu_QOGPO20181,TST Respose 12,l like to do cartwheels sometimes,29.0,positive
stu_QOGPO20181,TST Respose 12,l like to do cartwheels sometimes,24.0,positive
stu_SOWGI28002,TST Respose 15,I am someone who loves lip gloss,30.0,positive
stu_SOWGI28002,TST Respose 15,I am someone who loves lip gloss,24.0,positive
stu_PYEUW09959,TST Respose 8,I like to eat,24.0,positive
stu_KOIIB68446,TST Respose 19,I like playing with my brothers hair,24.0,positive
stu_KOIIB68446,TST Respose 19,I like playing with my brothers hair,12.0,neutral
stu_EJIML93711,TST Respose 18,I like my phone,27.0,positive
stu_EJIML93711,TST Respose 18,I like my phone,24.0,positive
stu_NWRRC44615,TST Respose 9,i am in 6th grade,22.0,sixthgrader
stu_NWRRC44615,TST Respose 9,i am in 6th grade,14.0,neutral
stu_CULOH75877,TST Respose 19,I like the beach,24.0,positive
stu_CJHBB29429,TST Respose 2,i am a person that likes to eat,24.0,positive
stu_CJHBB29429,TST Respose 2,i am a person that likes to eat,21.0,none
stu_UYFTQ45542,TST Respose 1,A speedstar,48.0,none
stu_KWMWG76590,TST Respose 19,i am cool,46.0,positive
stu_TYPZX10676,TST Respose 14,i'm haitian,7.0,haitian
stu_KFYJM61476,TST Respose 12,I like to play games.,28.0,positive
stu_KFYJM61476,TST Respose 12,I like to play games.,24.0,positive
stu_QACJQ31561,TST Respose 16,im 5'1 in a half,35.0,neutral
stu_CHVFQ54169,TST Respose 2,I love staying up late,24.0,positive
stu_XUDYN03051,TST Respose 2,I am short,35.0,neutral
stu_LTSJK02079,TST Respose 16,my favorite candy is Reese's,24.0,positive
stu_CLLRZ76280,TST Respose 7,I like to go to theme parks in summer,31.0,positive
stu_CLLRZ76280,TST Respose 7,I like to go to theme parks in summer,24.0,positive
stu_HLKZL24322,TST Respose 13,a sixth grader,22.0,sixthgrader
stu_HLKZL24322,TST Respose 13,a sixth grader,4.0,child
stu_HLKZL24322,TST Respose 13,a sixth grader,14.0,neutral
stu_KJOZZ30475,TST Respose 9,My hair is dyed to be pink but now is blonde.,35.0,neutral
stu_NZWIU92234,TST Respose 17,I love the color pink,24.0,positive
stu_FQKSK24193,TST Respose 4,i am a middle child,12.0,neutral
stu_FQKSK24193,TST Respose 4,i am a middle child,4.0,child
stu_UYUIH18635,TST Respose 1,Im a 6th grade student,22.0,sixthgrader
stu_UYUIH18635,TST Respose 1,Im a 6th grade student,14.0,neutral
stu_EHLZF06092,TST Respose 14,I love basketballl,29.0,positive
stu_EHLZF06092,TST Respose 14,I love basketballl,24.0,positive
stu_YGBLH44260,TST Respose 9,I like to get straight to the point in things.,45.0,positive
stu_YGBLH44260,TST Respose 9,I like to get straight to the point in things.,24.0,positive
stu_WRQAA62017,TST Respose 12,I like games,28.0,positive
stu_WRQAA62017,TST Respose 12,I like games,24.0,positive
stu_QZOUO83023,TST Respose 2,i play basketball,29.0,neutral
stu_WZRKM29688,TST Respose 17,i have 3 cats and a chinchilla,32.0,none
stu_ERQCY81201,TST Respose 19,I am a girl who has a cat,32.0,none
stu_ERQCY81201,TST Respose 19,I am a girl who has a cat,2.0,girl
stu_WAWDW95831,TST Respose 16,I love soccer tennis.,29.0,positive
stu_WAWDW95831,TST Respose 16,I love soccer tennis.,24.0,positive
stu_DKGHS98193,TST Respose 19,im from dorchester,9.0,city
stu_OFAWH83528,TST Respose 6,i play video games,28.0,positive
stu_JOVOI38701,TST Respose 10,I am a person who likes to play soccer.,29.0,positive
stu_JOVOI38701,TST Respose 10,I am a person who likes to play soccer.,21.0,none
stu_JOVOI38701,TST Respose 10,I am a person who likes to play soccer.,24.0,positive
stu_UHXBA77476,TST Respose 16,I used to play soccer,29.0,neutral
stu_WCANG48942,TST Respose 10,I am an all honors student =),43.0,positive
stu_WCANG48942,TST Respose 10,I am an all honors student =),14.0,positive
stu_HBPKA70291,TST Respose 15,love my dad,24.0,positive
stu_HBPKA70291,TST Respose 15,love my dad,12.0,positive
stu_CPBCK00658,TST Respose 2,I like to stay at home,31.0,positive
stu_CPBCK00658,TST Respose 2,I like to stay at home,24.0,positive
stu_HMQRZ27503,TST Respose 2,I am soccer players,29.0,neutral
stu_DKGHS98193,TST Respose 6,i like having my hair done,30.0,positive
stu_DKGHS98193,TST Respose 6,i like having my hair done,24.0,positive
stu_UEDQL23543,TST Respose 5,i played soccer/ cross-country,29.0,neutral
stu_MKEGQ97127,TST Respose 10,I'm a girl how loves jewlery,30.0,positive
stu_MKEGQ97127,TST Respose 10,I'm a girl how loves jewlery,2.0,girl
stu_MKEGQ97127,TST Respose 10,I'm a girl how loves jewlery,24.0,positive
stu_JUQPD47363,TST Respose 5,I am allergic to everything.,36.0,negative
stu_WTRMC77187,TST Respose 8,I play games like space flight simulator,28.0,neutral
stu_MTCIM85775,TST Respose 6,I am smart,43.0,positive
stu_DUOEM76163,TST Respose 1,I am a boy,2.0,boy
stu_OFWAG94272,TST Respose 19,i like golf,29.0,positive
stu_OFWAG94272,TST Respose 19,i like golf,24.0,positive
stu_GCHCS91000,TST Respose 16,i am a ronilson lover,24.0,positive
stu_SJXEZ38047,TST Respose 10,I went to Cape Verde on [DATE],11.0,neutral
stu_UTXBZ05806,TST Respose 2,i am the middle child,12.0,neutral
stu_UTXBZ05806,TST Respose 2,i am the middle child,4.0,child
stu_QACJQ31561,TST Respose 7,i love to play games,28.0,positive
stu_QACJQ31561,TST Respose 7,i love to play games,24.0,positive
stu_ZARRQ26344,TST Respose 17,my favorite actor is Garrett Hedlund and Pedro pascal,24.0,positive
stu_JTZYY08754,TST Respose 14,I like my phone,27.0,positive
stu_JTZYY08754,TST Respose 14,I like my phone,24.0,positive
stu_IGWBR81023,TST Respose 10,my favorite show is greys anatomy,24.0,positive
stu_FBOFA96484,TST Respose 11,"i like the soccer team, Real marid",24.0,positive
stu_XHGVP79664,TST Respose 13,my favorite color is blue,24.0,positive
stu_QOGPO20181,TST Respose 3,l'm 5'4,35.0,neutral
stu_CLLRZ76280,TST Respose 17,I like having vacations,24.0,positive
stu_IZQGI75719,TST Respose 19,i like bike riding,29.0,positive
stu_IZQGI75719,TST Respose 19,i like bike riding,24.0,positive
stu_WHBZD81732,TST Respose 5,i dont like homework,25.0,negative
stu_WHBZD81732,TST Respose 5,i dont like homework,24.0,negative
stu_NZWIU92234,TST Respose 16,I like english class,25.0,positive
stu_NZWIU92234,TST Respose 16,I like english class,24.0,positive
stu_IKUOQ66846,TST Respose 7,I want be a NFL player,13.0,neutral
stu_FTOYB42084,TST Respose 1,8th grade student,22.0,eighthgrader
stu_FTOYB42084,TST Respose 1,8th grade student,4.0,child
stu_FTOYB42084,TST Respose 1,8th grade student,14.0,neutral
stu_HVWUJ52450,TST Respose 4,I like colors,24.0,positive
stu_NRKZA72454,TST Respose 5,"I like food, but certain kinds.",24.0,positive
stu_NWRRC44615,TST Respose 15,i like playing outside,24.0,positive
stu_KOIIB68446,TST Respose 15,i love shoes,24.0,positive
stu_RUBQU39803,TST Respose 15,"i am a chick-fla-a lover, and mcdonalds lover",24.0,positive
stu_KWLPL21630,TST Respose 19,I like to collect new things.,31.0,positive
stu_KWLPL21630,TST Respose 19,I like to collect new things.,24.0,positive
stu_FWPPR22255,TST Respose 5,I am smart,43.0,positive
stu_MMNSJ38829,TST Respose 19,I like light pink.,24.0,positive
stu_CAGAM03126,TST Respose 6,I am a person who likes food.,24.0,positive
stu_CAGAM03126,TST Respose 6,I am a person who likes food.,21.0,none
stu_UJNMI16598,TST Respose 2,Sister,12.0,neutral
stu_UJNMI16598,TST Respose 2,Sister,2.0,girl
stu_XUDYN03051,TST Respose 14,I love my parents,24.0,positive
stu_XUDYN03051,TST Respose 14,I love my parents,12.0,positive
stu_DERZZ01872,TST Respose 3,I only speak English,25.0,neutral
stu_DERZZ01872,TST Respose 3,I only speak English,22.0,speaksenglish
stu_CHVFQ54169,TST Respose 7,I love eating.,31.0,positive
stu_CHVFQ54169,TST Respose 7,I love eating.,24.0,positive
stu_CAGAM03126,TST Respose 16,I am a person who has a crush on someone.,21.0,none
stu_CAGAM03126,TST Respose 16,I am a person who has a crush on someone.,11.0,neutral
stu_HEPWQ98561,TST Respose 20,i like the summer,24.0,positive
stu_CNIXS57234,TST Respose 19,I have a dog,32.0,none
stu_UEVQJ25414,TST Respose 2,im black,6.0,black
stu_PJCOJ15115,TST Respose 9,I am a math hater,25.0,negative
stu_PJCOJ15115,TST Respose 9,I am a math hater,24.0,negative
stu_WWNBY52737,TST Respose 18,I am in art club.,18.0,art club
stu_OCRTY88035,TST Respose 12,I am someone that loves my dad,35.0,neutral
stu_MZIVN56293,TST Respose 8,i have black hair,35.0,neutral
stu_BESSB35006,TST Respose 9,Im funny,44.0,positive
stu_UHXBA77476,TST Respose 9,I like to swim,29.0,positive
stu_UHXBA77476,TST Respose 9,I like to swim,24.0,positive
stu_JERPG96865,TST Respose 8,i like motorcycles,24.0,positive
stu_EUIXK95276,TST Respose 1,"I'm a student at the [SCHOOL NAME], I love dancing, singing, gym class, Art class, eating food",31.0,positive
stu_EUIXK95276,TST Respose 1,"I'm a student at the [SCHOOL NAME], I love dancing, singing, gym class, Art class, eating food",14.0,neutral
stu_EUIXK95276,TST Respose 1,"I'm a student at the [SCHOOL NAME], I love dancing, singing, gym class, Art class, eating food",24.0,positive
stu_EUIXK95276,TST Respose 1,"I'm a student at the [SCHOOL NAME], I love dancing, singing, gym class, Art class, eating food",26.0,positive
stu_EUIXK95276,TST Respose 1,"I'm a student at the [SCHOOL NAME], I love dancing, singing, gym class, Art class, eating food",29.0,positive
stu_CDGKD03653,TST Respose 12,i wear jordans,32.0,none
stu_AQNHF52456,TST Respose 17,i work in comstrution with my father,13.0,neutral
stu_AQNHF52456,TST Respose 17,i work in comstrution with my father,12.0,neutral
stu_HEPWQ98561,TST Respose 10,i am a person that wants to do cosmetology,21.0,neutral
stu_HEPWQ98561,TST Respose 10,i am a person that wants to do cosmetology,13.0,neutral
stu_DKGHS98193,TST Respose 11,i have curly hair,35.0,neutral
stu_NRKZA72454,TST Respose 6,Sleep is my best friend.,24.0,positive
stu_TRKWP48352,TST Respose 16,I am a person who runs fast,29.0,positive
stu_LNFOE66635,TST Respose 6,chill,45.0,positive
stu_QZOUO83023,TST Respose 16,I like taking brakes,45.0,positive
stu_QZOUO83023,TST Respose 16,I like taking brakes,24.0,positive
stu_WYTLH51489,TST Respose 17,I like to hang out with my family,24.0,positive
stu_WYTLH51489,TST Respose 17,I like to hang out with my family,12.0,positive
stu_SJXEZ38047,TST Respose 20,I love how the valentino perfume smells like .,24.0,positive
stu_WCANG48942,TST Respose 8,I am Haitian =),7.0,haitian
stu_XHPVX80161,TST Respose 1,I am dominican,7.0,dominican
stu_SAOLH99639,TST Respose 20,i eat food,31.0,neutral
stu_JUQPD47363,TST Respose 7,I am a bestfriend.,10.0,positive
stu_HXXCS05602,TST Respose 3,i'm bilingual,12.0,neutral
stu_HXXCS05602,TST Respose 3,i'm bilingual,4.0,child
stu_PSHZT50501,TST Respose 6,I am the youngest child of my family,12.0,neutral
stu_PSHZT50501,TST Respose 6,I am the youngest child of my family,4.0,child
stu_CQRFU18177,TST Respose 15,I like gaming setup's,28.0,positive
stu_CQRFU18177,TST Respose 15,I like gaming setup's,24.0,positive
stu_CULOH75877,TST Respose 14,I play soccer,29.0,neutral
stu_VENGZ10475,TST Respose 4,A sophisticated person,44.0,positive
stu_VENGZ10475,TST Respose 4,A sophisticated person,21.0,none
stu_ANAWT41929,TST Respose 3,Fornite is my favorite game,28.0,positive
stu_ANAWT41929,TST Respose 3,Fornite is my favorite game,24.0,positive
stu_TRKWP48352,TST Respose 13,I am a person who has a birthday twim,21.0,none
stu_PFDTL78462,TST Respose 7,My favorite food is Tacos.,24.0,positive
stu_QHOON52054,TST Respose 17,"I am Asian, Cape Virden, Mexican, Irish, light-skin, Scottish, Polish, Indian, Portuguese",24.0,positive
stu_BCRYB29652,TST Respose 2,I'm black.,6.0,black
stu_QHOON52054,TST Respose 15,I am black,6.0,black
stu_SAOLH99639,TST Respose 3,human,21.0,none
stu_FVHVM49769,TST Respose 20,im 14 years old,4.0,14
stu_VSSOO37726,TST Respose 18,I don't when people yell at me,48.0,none
stu_WAFQN21754,TST Respose 10,I am adaptable,43.0,positive
stu_MIJEQ06664,TST Respose 19,I like my toys,24.0,positive
stu_BESSB35006,TST Respose 4,I like to go out and hang out,31.0,positive
stu_BESSB35006,TST Respose 4,I like to go out and hang out,24.0,positive
stu_QQAHK93946,TST Respose 18,I like strawberry cake,24.0,positive
stu_AHWRN95528,TST Respose 19,I am someone is born in september,22.0,born in september
stu_ANQAT24428,TST Respose 4,a emotional person,45.0,neutral
stu_ANQAT24428,TST Respose 4,a emotional person,21.0,none
stu_XKMAG80800,TST Respose 1,[[FIRST LAST NAME]],5.0,none
stu_RNIHY62490,TST Respose 17,I am a 4 year basketball player,29.0,neutral
stu_EQSJM78476,TST Respose 12,i like money,24.0,positive
stu_OIYXZ27717,TST Respose 17,I am someone who likes to sleepover at my cousins house,31.0,positive
stu_OIYXZ27717,TST Respose 17,I am someone who likes to sleepover at my cousins house,12.0,positive
stu_OIYXZ27717,TST Respose 17,I am someone who likes to sleepover at my cousins house,24.0,positive
stu_SULZI60933,TST Respose 3,i'm 11 years old,4.0,11
stu_YSQPA55709,TST Respose 4,im in to track,29.0,neutral
stu_YSQPA55709,TST Respose 4,im in to track,24.0,positive
stu_NWVEW24693,TST Respose 2,I and Cape Verde,7.0,cape verdean
stu_PSHZT50501,TST Respose 10,I am a person who likes dogs,35.0,positive
stu_PSHZT50501,TST Respose 10,I am a person who likes dogs,21.0,none
stu_XSQUV53095,TST Respose 15,I AM [FIRST NAME] A PROFESSIONAL SIBLING,12.0,neutral
stu_XSQUV53095,TST Respose 15,I AM [FIRST NAME] A PROFESSIONAL SIBLING,5.0,none
stu_SJXEZ38047,TST Respose 7,I like eating cape Verdean food,24.0,positive
stu_CDGKD03653,TST Respose 6,i like to have fun,45.0,positive
stu_CDGKD03653,TST Respose 6,i like to have fun,24.0,positive
stu_MTCIM85775,TST Respose 1,A 3D modeler,26.0,neutral
stu_VTRUH97046,TST Respose 7,I love Sza.,24.0,positive
stu_THKBG93560,TST Respose 2,My pronouns are.  MALE,1.0,m
stu_WHBZD81732,TST Respose 15,black,6.0,black
stu_RUZUK44953,TST Respose 1,I am a girl,2.0,girl
stu_ANQAT24428,TST Respose 18,i like to ride my bike,29.0,positive
stu_ANQAT24428,TST Respose 18,i like to ride my bike,24.0,positive
stu_BJJXN95776,TST Respose 11,I like running,29.0,positive
stu_BJJXN95776,TST Respose 11,I like running,24.0,positive
stu_BESSB35006,TST Respose 10,I like drama,24.0,positive
stu_GCHCS91000,TST Respose 8,i am a striaght a student,24.0,positive
stu_GCHCS91000,TST Respose 8,i am a striaght a student,14.0,positive
stu_OQLOS45541,TST Respose 14,I'm confident.,42.0,positive
stu_FQKSK24193,TST Respose 2,i am 12 years old,4.0,12
stu_ZYUDW82089,TST Respose 4,someone who can be forgetful,43.0,negative
stu_PUNZK45438,TST Respose 12,i like to hang out with my friends,31.0,positive
stu_PUNZK45438,TST Respose 12,i like to hang out with my friends,10.0,positive
stu_PUNZK45438,TST Respose 12,i like to hang out with my friends,24.0,positive
stu_RUBQU39803,TST Respose 12,i am a [SCHOOL NAME MASCOT],14.0,neutral
stu_EHLZF06092,TST Respose 15,I am a girl who loves the color black and grey and white,24.0,positive
stu_EHLZF06092,TST Respose 15,I am a girl who loves the color black and grey and white,2.0,girl
stu_UYFTQ45542,TST Respose 10,i am a person who eats alot,31.0,positive
stu_UYFTQ45542,TST Respose 10,i am a person who eats alot,21.0,none
stu_PNNIR08301,TST Respose 14,I am a person who likes to eat.,31.0,positive
stu_PNNIR08301,TST Respose 14,I am a person who likes to eat.,21.0,none
stu_PNNIR08301,TST Respose 14,I am a person who likes to eat.,24.0,positive
stu_SBUBU63586,TST Respose 5,i am a smart purson,43.0,positive
stu_SBUBU63586,TST Respose 5,i am a smart purson,21.0,none
stu_YNVPH88845,TST Respose 14,I sit next [FIRST NAME],47.0,neutral
stu_DZJHT48666,TST Respose 4,I have 2 dogs,32.0,none
stu_KFYJM61476,TST Respose 7,My favorite colors are red and black.,24.0,positive
stu_HVWUJ52450,TST Respose 14,i love tiktok,27.0,positive
stu_HVWUJ52450,TST Respose 14,i love tiktok,24.0,positive
stu_MMZHT88458,TST Respose 19,i am cool :>,46.0,positive
stu_CJHBB29429,TST Respose 9,I am a person that likes to sleep at my friends,31.0,positive
stu_CJHBB29429,TST Respose 9,I am a person that likes to sleep at my friends,10.0,positive
stu_CJHBB29429,TST Respose 9,I am a person that likes to sleep at my friends,21.0,none
stu_CJHBB29429,TST Respose 9,I am a person that likes to sleep at my friends,24.0,positive
stu_ORUUL82324,TST Respose 5,I can whistle,31.0,neutral
stu_VGJIS59600,TST Respose 7,I learned how to cook at the age of 8-9,31.0,neutral
stu_ROULI02103,TST Respose 6,i loved to sleep,31.0,positive
stu_ROULI02103,TST Respose 6,i loved to sleep,24.0,positive
stu_EJIML93711,TST Respose 4,I like using calculators for math,25.0,positive
stu_EJIML93711,TST Respose 4,I like using calculators for math,24.0,positive
stu_EQSJM78476,TST Respose 1,i am a boy,2.0,boy
stu_CINVJ49388,TST Respose 17,i am the oldest sibling,12.0,neutral
stu_CPBCK00658,TST Respose 14,I like to listen to music,24.0,positive
stu_CULOH75877,TST Respose 1,I am Black,6.0,black
stu_ZUARE93356,TST Respose 10,I get good grades,43.0,positive
stu_ZUARE93356,TST Respose 10,I get good grades,14.0,positive
stu_ZUARE93356,TST Respose 10,I get good grades,25.0,positive
stu_JOKOV89559,TST Respose 15,I am someone who will call you every day,44.0,neutral
stu_JPMJO86637,TST Respose 13,I love Haitian food .,24.0,positive
stu_EXNUN73314,TST Respose 20,I am [FIRST NAME].,5.0,none
stu_NMWSA27732,TST Respose 14,I like to play soccer,29.0,positive
stu_NMWSA27732,TST Respose 14,I like to play soccer,24.0,positive
stu_UEVQJ25414,TST Respose 1,im a athelte,29.0,neutral
stu_MMZHT88458,TST Respose 7,i am a boy,2.0,boy
stu_XKMAG80800,TST Respose 11,A student.,14.0,neutral
stu_AHWRN95528,TST Respose 15,I am someone who likes parties.,31.0,positive
stu_AHWRN95528,TST Respose 15,I am someone who likes parties.,24.0,positive
stu_SJXEZ38047,TST Respose 14,I love my family,24.0,positive
stu_SJXEZ38047,TST Respose 14,I love my family,12.0,positive
stu_CNIFN64507,TST Respose 6,im a honors student,43.0,positive
stu_CNIFN64507,TST Respose 6,im a honors student,14.0,positive
stu_WAFQN21754,TST Respose 5,I am a cook,31.0,neutral
stu_IIOVZ06372,TST Respose 6,i like going to stores,31.0,positive
stu_IIOVZ06372,TST Respose 6,i like going to stores,24.0,positive
stu_WYTLH51489,TST Respose 15,I like to study,25.0,positive
stu_WYTLH51489,TST Respose 15,I like to study,24.0,positive
stu_XSQUV53095,TST Respose 3,I AM [FIRST NAME] A READER,25.0,positive
stu_XSQUV53095,TST Respose 3,I AM [FIRST NAME] A READER,5.0,none
stu_OAZKI17777,TST Respose 8,[LETTER OF NAME],5.0,none
stu_IIOVZ06372,TST Respose 12,I like tropical places,24.0,positive
stu_MRIWT64391,TST Respose 15,a great defender in soccer,29.0,positive
stu_UHXBA77476,TST Respose 3,I'm 11 years old,4.0,11
stu_YXBHV58732,TST Respose 11,I like the school activities,24.0,positive
stu_YXBHV58732,TST Respose 11,I like the school activities,14.0,positive
stu_MMNSJ38829,TST Respose 6,I like to play basketball.,29.0,positive
stu_MMNSJ38829,TST Respose 6,I like to play basketball.,24.0,positive
stu_OMSFY97090,TST Respose 2,im a students,14.0,neutral
stu_ORUUL82324,TST Respose 20,I am a female,1.0,f
stu_CHVFQ54169,TST Respose 15,force to go to school but born to a water Bender,14.0,neutral
stu_ROULI02103,TST Respose 10,im kind,44.0,positive
stu_CTAZU65504,TST Respose 4,I am trustworthy,43.0,positive
stu_DZJHT48666,TST Respose 10,My favorite subject is math,25.0,positive
stu_DZJHT48666,TST Respose 10,My favorite subject is math,14.0,neutal
stu_DZJHT48666,TST Respose 10,My favorite subject is math,24.0,positive
stu_ZQMQQ26810,TST Respose 1,Im an English speaker,25.0,neutral
stu_ZQMQQ26810,TST Respose 1,Im an English speaker,22.0,speaksenglish
stu_VKCWY07846,TST Respose 20,i have a black backpack,32.0,none
stu_ZARRQ26344,TST Respose 11,im in sixth grade,22.0,sixthgrader
stu_ZARRQ26344,TST Respose 11,im in sixth grade,4.0,child
stu_ZARRQ26344,TST Respose 11,im in sixth grade,14.0,neutral
stu_QACJQ31561,TST Respose 19,my fav teacher is my science teacher,24.0,positive
stu_QACJQ31561,TST Respose 19,my fav teacher is my science teacher,14.0,positive
stu_PSHPN85751,TST Respose 18,bye,48.0,none
stu_TDURA35752,TST Respose 18,I am trustworthy,43.0,positive
stu_CTAZU65504,TST Respose 14,I am quite,48.0,none
stu_WCANG48942,TST Respose 1,I am [FIRST NAME].,5.0,none
stu_QCKDZ64012,TST Respose 17,im in honors math,43.0,positive
stu_QCKDZ64012,TST Respose 17,im in honors math,14.0,positive
stu_IKUOQ66846,TST Respose 6,13 turn 14,4.0,13
stu_LTSJK02079,TST Respose 17,My favorite subject is math,25.0,positive
stu_LTSJK02079,TST Respose 17,My favorite subject is math,14.0,neutal
stu_LTSJK02079,TST Respose 17,My favorite subject is math,24.0,positive
stu_WCANG48942,TST Respose 9,I speak a little Spanish.,43.0,positive
stu_UEYTM01990,TST Respose 9,I play volleyball,29.0,neutral
stu_GCHCS91000,TST Respose 9,i am respectfull,44.0,positive
stu_WAWDW95831,TST Respose 17,I love swimming.,29.0,positive
stu_WAWDW95831,TST Respose 17,I love swimming.,24.0,positive
stu_JOVOI38701,TST Respose 13,I am someone who likes slushies.,24.0,positive
stu_NWVEW24693,TST Respose 11,i am 11,4.0,11
stu_STIXI97047,TST Respose 20,I am [LAST NAME] .,5.0,none
stu_FQKSK24193,TST Respose 5,i am the last born out of my brothers,12.0,neutral
stu_VSSOO37726,TST Respose 5,I like football,29.0,positive
stu_VSSOO37726,TST Respose 5,I like football,24.0,positive
stu_OFAWH83528,TST Respose 12,i like having fun,24.0,positive
stu_CPBCK00658,TST Respose 6,I like hatian foods,24.0,positive
stu_IZQGI75719,TST Respose 11,I like watching youtube,27.0,positive
stu_IZQGI75719,TST Respose 11,I like watching youtube,24.0,positive
stu_WRQAA62017,TST Respose 1,Im [FIRST NAME],5.0,none
stu_OIYXZ27717,TST Respose 18,I am someone who is respectful,44.0,positive
stu_GXIYC47970,TST Respose 12,I am 13 almost 14,4.0,13
stu_NXWSI70882,TST Respose 10,A happy person generally,45.0,positive
stu_NXWSI70882,TST Respose 10,A happy person generally,21.0,none
stu_CNIXS57234,TST Respose 15,I have a ps5,32.0,none
stu_VSSOO37726,TST Respose 10,I like the consulse  at my school,24.0,positive
stu_VSSOO37726,TST Respose 10,I like the consulse  at my school,14.0,neutral
stu_ORUUL82324,TST Respose 4,I like to sing,26.0,positive
stu_ORUUL82324,TST Respose 4,I like to sing,24.0,positive
stu_RSKDK68207,TST Respose 1,I love spicy food.,24.0,positive
stu_VTRUH97046,TST Respose 19,I want a dog so bad.,33.0,none
stu_MKEGQ97127,TST Respose 13,I'm a shoe lover,24.0,positive
stu_FQKSK24193,TST Respose 8,i like playing video game,28.0,positive
stu_FQKSK24193,TST Respose 8,i like playing video game,24.0,positive
stu_IGWBR81023,TST Respose 18,my favorite color is pink,24.0,positive
stu_LJAAE92948,TST Respose 2,A twin,12.0,neutral
stu_MIJEQ06664,TST Respose 20,I like my me,24.0,positive
stu_MIJEQ06664,TST Respose 20,I like my me,19.0,none
stu_WHBZD81732,TST Respose 20,yes my parent have a car,12.0,neutral
stu_FQEST23326,TST Respose 8,a student,14.0,neutral
stu_LKAAV41369,TST Respose 13,I like icecream,24.0,positive
stu_UHXBA77476,TST Respose 11,I like to walk home with friends,24.0,positive
stu_UHXBA77476,TST Respose 11,I like to walk home with friends,10.0,positive
stu_VUNQZ79892,TST Respose 12,im a nice person,44.0,positive
stu_VUNQZ79892,TST Respose 12,im a nice person,21.0,none
stu_MIJEQ06664,TST Respose 4,I am good,40.0,positive
stu_GXMFA19655,TST Respose 17,i am a soccer player,29.0,neutral
stu_HBPKA70291,TST Respose 9,love gym,29.0,positive
stu_HBPKA70291,TST Respose 9,love gym,24.0,positive
stu_HXXCS05602,TST Respose 7,i'm opened mined,45.0,positive
stu_PXDPN73068,TST Respose 1,My favorite color is purple,24.0,positive
stu_RDOVU20570,TST Respose 12,I like school,25.0,positive
stu_RDOVU20570,TST Respose 12,I like school,14.0,positive
stu_RDOVU20570,TST Respose 12,I like school,24.0,positive
stu_KOUYR40301,TST Respose 17,i like r&b music,24.0,positive
stu_UEDQL23543,TST Respose 20,i am who i am,19.0,none
stu_RNIHY62490,TST Respose 14,I am a [CITY] citizen,9.0,city
stu_RFRYE74718,TST Respose 16,I am a cat person,24.0,positive
stu_RFRYE74718,TST Respose 16,I am a cat person,21.0,none
stu_YNVPH88845,TST Respose 16,I like to laugh,45.0,positive
stu_YNVPH88845,TST Respose 16,I like to laugh,24.0,positive
stu_FSPCV10901,TST Respose 3,I am Haitian.,7.0,haitian
stu_FQEST23326,TST Respose 6,in drama club,26.0,neutral
stu_EXNUN73314,TST Respose 11,I am a night person,21.0,none
stu_TDURA35752,TST Respose 12,I have glasses,35.0,neutral
stu_LNFOE66635,TST Respose 8,i like playing sports,29.0,positive
stu_LNFOE66635,TST Respose 8,i like playing sports,24.0,positive
stu_EQSJM78476,TST Respose 16,i like to sleep,31.0,positive
stu_EQSJM78476,TST Respose 16,i like to sleep,24.0,positive
stu_UEDQL23543,TST Respose 15,go to [SCHOOL NAME],14.0,neutral
stu_NRKZA72454,TST Respose 2,I hate school.,24.0,negative
stu_NRKZA72454,TST Respose 2,I hate school.,14.0,negative
stu_KGOWI06896,TST Respose 11,I speak english,25.0,neutral
stu_KGOWI06896,TST Respose 11,I speak english,22.0,speaksenglish
stu_VNSDU81090,TST Respose 4,i have 5 pets,32.0,none
stu_LTSJK02079,TST Respose 19,I don't play sports much,29.0,negative
stu_ECYEC76336,TST Respose 8,I am hmong,7.0,hmong
stu_JPMJO86637,TST Respose 5,i'm pretty,35.0,positive
stu_THKBG93560,TST Respose 6,I'm highly educated about the world and the way it is,43.0,positive
stu_JVLXZ63894,TST Respose 6,spanish student,14.0,neutral
stu_JVLXZ63894,TST Respose 6,spanish student,7.0,spanish
stu_KWMWG76590,TST Respose 18,i am nice,44.0,positive
stu_PNNIR08301,TST Respose 6,I am a hardworking student.,41.0,positive
stu_PNNIR08301,TST Respose 6,I am a hardworking student.,14.0,positive
stu_JVLXZ63894,TST Respose 14,cooker,31.0,neutral
stu_SJNFF34466,TST Respose 19,a good student,14.0,positive
stu_OFWAG94272,TST Respose 6,I like movies aswell,31.0,positive
stu_OFWAG94272,TST Respose 6,I like movies aswell,24.0,positive
stu_DHTXQ91573,TST Respose 3,I am a students from 6 grades,22.0,sixthgrader
stu_DHTXQ91573,TST Respose 3,I am a students from 6 grades,4.0,child
stu_DHTXQ91573,TST Respose 3,I am a students from 6 grades,14.0,neutral
stu_UHXBA77476,TST Respose 7,I like to ride my bike,29.0,positive
stu_UHXBA77476,TST Respose 7,I like to ride my bike,24.0,positive
stu_XHPVX80161,TST Respose 14,jordan poole fAn,24.0,positive
stu_YXBHV58732,TST Respose 9,I like to paint,26.0,positive
stu_YXBHV58732,TST Respose 9,I like to paint,24.0,positive
stu_RDPGG44681,TST Respose 6,I love pets,24.0,positive
stu_JVLXZ63894,TST Respose 18,[FIRST LAST NAME],5.0,none
stu_ECYEC76336,TST Respose 2,I am a 11 year old girl,4.0,11
stu_ECYEC76336,TST Respose 2,I am a 11 year old girl,2.0,girl
stu_OQLOS45541,TST Respose 6,I'm a science lover.,25.0,positive
stu_OQLOS45541,TST Respose 6,I'm a science lover.,24.0,positive
stu_RDOVU20570,TST Respose 11,I am beautiful,34.0,positive
stu_PYEUW09959,TST Respose 14,"I like to recycle, reuse and reduce",24.0,positive
stu_UHXBA77476,TST Respose 14,I like spring and summer,24.0,positive
stu_XCKNQ66212,TST Respose 18,i'm drippy,30.0,positive
stu_KOUYR40301,TST Respose 14,im in 6th grade,22.0,sixthgrader
stu_KOUYR40301,TST Respose 14,im in 6th grade,14.0,neutral
stu_KGOWI06896,TST Respose 2,i dont like the people at my school,24.0,negative
stu_KGOWI06896,TST Respose 2,i dont like the people at my school,14.0,negative
stu_FWPPR22255,TST Respose 20,I like me,24.0,positive
stu_FWPPR22255,TST Respose 20,I like me,19.0,none
stu_PJCOJ15115,TST Respose 16,I am determined,41.0,positive
stu_SELBD60428,TST Respose 10,[FIRST LAST NAME],5.0,none
stu_TYPZX10676,TST Respose 19,i'm turning. 13,4.0,12
stu_QPHPK12517,TST Respose 7,i am a football player,29.0,neutral
stu_ORUUL82324,TST Respose 18,I'm very clingy,44.0,neutral
stu_YNVPH88845,TST Respose 19,My favorite song I Thank you by Dido,24.0,positive
stu_CNIFN64507,TST Respose 15,im Trinidadian,7.0,trinidadian
stu_HVWUJ52450,TST Respose 1,A boy,2.0,boy
stu_QCKDZ64012,TST Respose 12,i love chips,24.0,positive
stu_TYPZX10676,TST Respose 11,i like when they have options,24.0,positive
stu_MXNSF14478,TST Respose 13,I love my family,24.0,positive
stu_MXNSF14478,TST Respose 13,I love my family,12.0,positive
stu_BJJXN95776,TST Respose 6,I love green,24.0,positive
stu_LJAAE92948,TST Respose 1,A girl,2.0,girl
stu_XSQUV53095,TST Respose 18,I AM [FIRST NAME] A FRIEND OF [FIRST NAME],10.0,positive
stu_XSQUV53095,TST Respose 18,I AM [FIRST NAME] A FRIEND OF [FIRST NAME],5.0,none
stu_UJNMI16598,TST Respose 10,Cousin,12.0,neutral
stu_LDUML32113,TST Respose 9,a good student,14.0,positive
stu_ABSGH36082,TST Respose 3,I'm kind,44.0,positive
stu_JPMJO86637,TST Respose 9,i'm a dancer,26.0,positive
stu_SQLXP95993,TST Respose 15,I like track,29.0,positive
stu_SQLXP95993,TST Respose 15,I like track,24.0,positive
stu_SAOLH99639,TST Respose 4,Fortnite pro player,28.0,positive
stu_FSPCV10901,TST Respose 7,I am a student.,14.0,neutral
stu_TFTDG28078,TST Respose 9,"Born to be a outside hitter, forced to be a libero .",29.0,neutral
stu_NMWSA27732,TST Respose 10,I'm very smart,43.0,positive
stu_NRKZA72454,TST Respose 18,My teachers are short.,14.0,neutral
stu_JOVOI38701,TST Respose 9,i am someone who likes burgers.,24.0,positive
stu_KGOWI06896,TST Respose 6,I like to sleep,31.0,positive
stu_KGOWI06896,TST Respose 6,I like to sleep,24.0,positive
stu_NWRRN03456,TST Respose 3,I have 1 Streaks on MATH Stream,47.0,neutral
stu_QHOON52054,TST Respose 13,I am a fun guy,45.0,positive
stu_QHOON52054,TST Respose 13,I am a fun guy,2.0,boy
stu_IGWBR81023,TST Respose 4,i am the middle child,12.0,neutral
stu_IGWBR81023,TST Respose 4,i am the middle child,4.0,child
stu_ZYUDW82089,TST Respose 10,i watch anime,31.0,neutral
stu_DZJHT48666,TST Respose 16,I like Mathia (not a lot),25.0,positive
stu_DZJHT48666,TST Respose 16,I like Mathia (not a lot),24.0,positive
stu_UYFTQ45542,TST Respose 15,i am a person with no bad mindset,45.0,positive
stu_UYFTQ45542,TST Respose 15,i am a person with no bad mindset,21.0,none
stu_KWMWG76590,TST Respose 10,i like to go to place's,31.0,positive
stu_KWMWG76590,TST Respose 10,i like to go to place's,24.0,positive
stu_GXMFA19655,TST Respose 3,i am cape verdean,7.0,cape verdean
stu_CETOG17008,TST Respose 1,creole,7.0,creole
stu_WXAMH04104,TST Respose 4,im in 6th grade,22.0,sixthgrader
stu_WXAMH04104,TST Respose 4,im in 6th grade,4.0,child
stu_WXAMH04104,TST Respose 4,im in 6th grade,14.0,neutral
stu_NWRRN03456,TST Respose 15,I really need a job during the summer.,13.0,neutral
stu_CNIFN64507,TST Respose 1,I'm pansexual,3.0,pansexual
stu_QCKDZ64012,TST Respose 6,i play track,29.0,neutral
stu_KWLPL21630,TST Respose 2,I speak Haitian Creole,25.0,neutral
stu_KWLPL21630,TST Respose 2,I speak Haitian Creole,22.0,speakshaitiancreole
stu_VENGZ10475,TST Respose 15,I'm a talkative person,44.0,neutral
stu_CLLRZ76280,TST Respose 4,I like video games,28.0,positive
stu_CLLRZ76280,TST Respose 4,I like video games,24.0,positive
stu_VENGZ10475,TST Respose 6,An honors student,43.0,positive
stu_VENGZ10475,TST Respose 6,An honors student,14.0,positive
stu_FQKSK24193,TST Respose 15,i have 3 little sisters,12.0,neutral
stu_BJJXN95776,TST Respose 8,I am respectful,44.0,positive
