who_am_i,Cluster
a person,1
a hater,4
not everyones favriote,4
a niece,4
a niece,4
a student,2
i have too many aunties to count,4
9th grader,4
9th grader,4
9th grader,4
a introvert,4
a simp,4
a aunt,4
a friend,4
indapendent,4
a lover,4
a sister,4
a sister,4
bad grade student,2
bad grade student,2
[school name] student,2
a cousin,4
a girl,0
a daughter,4
a daughter,4
mommys baby,4
i am a pilot in [popular video game],4
"i am the top driver in the [year, popular f1 championship]",4
i am 14,4
i am done with the toll,4
i am in math class,0
i am related to no one in vermont,4
i am going to not do ib,4
i am tall,4
i am filling out a survey,4
i am a citizen,4
[first & last name],4
i am a son,4
i am a son,4
i am having trouble coming up with more answers,4
i am a corner infielder,4
i am a student,2
i am good at graphic design,4
i am good at graphic design,4
i am level 12 in pokemon go,4
i am never using an iphone,4
i am in [city],4
i am 19% done with mathia,4
i have a brother.,4
i'm learning to drive in a year.,4
i'm learning how to play guitar.,4
my birthday is [date],4
my favorite animal is a frog.,4
my favorite color is green.,4
i'm an artist.,4
i like rock/indie music.,0
i like rock/indie music.,0
i'm 14 years old.,4
i'm a writer.,4
i can skateboard.,4
i have a dog.,4
[first & last name],4
likes plain clothes,4
a kid,4
a kid,4
has brown eyes,4
funny sometimes,4
simple,4
straight,4
short,4
has brown hair,4
a quiet person sometimes,1
a person with find grades,1
chinese,4
boring sometimes,4
a girl,0
an introvert,4
a person who likes art,1
a person who likes art,1
not studious,4
an extrovert,4
likes drawing,4
likes drawing,4
13 years old,4
i am a black girl,4
i am a black girl,4
i am a black girl,4
i am a black girl,4
i am a black girl,4
i am a black girl,4
i am a black girl,4
i am a black girl,4
i am a black girl,4
i am a black girl,4
i am a black girl,4
i am a black girl,4
i am a black girl,4
i am a black girl,4
i am a black girl,4
i am a black girl,4
i am a black girl,4
i am a black girl,4
i am a black girl,4
i am a black girl,4
i am a black girl,4
i am a black girl,4
i am a black girl,4
i am a black girl,4
i am a black girl,4
i am a black girl,4
i am a black girl,4
i am a black girl,4
i am a black girl,4
i am a black girl,4
i am a black girl,4
i am a black girl,4
i am a black girl,4
i am a black girl,4
i am a black girl,4
i am a black girl,4
i am a black girl,4
i am a black girl,4
i am a black girl,4
i am a black girl,4
i am quater japanese,4
im am man,4
i am trying to learn a new language,4
i am greman,4
i am goodish at drawing,4
a star wars nerd,4
i am someone with long hair i am someone who likes to cosplay,4
i am someone with long hair i am someone who likes to cosplay,4
i am someone with long hair i am someone who likes to cosplay,4
i am not good with social interactions,4
i am somone that dosent like to read,0
i am somone that dosent like to read,0
i am an anime fan,4
i am not good at fashion,4
i am a theme park nerd,4
i am a bad at talking to new people,4
a mostly a grade student,2
a mostly a grade student,2
i am an ok cook,4
i am not very good at sports,4
i am somtimes smart,4
i am a marvel fan,4
funny sometimes,4
[first & last name],4
i like tennis,0
i like going on vacations.,0
i like going on vacations.,0
i love listening to classical music,0
i love listening to classical music,0
i like swimming,0
i like swimming,0
i am a triliguist.,4
i hate running,4
i hate running,4
i am extroverted.,4
"i like consider myself smart, although i'm not sure.",0
i enjoy eating food.,4
i am a lover of the arts.,4
i am a lover of the arts.,4
i identify as a heterosexual female.,4
i identify as a heterosexual female.,4
i am a writer.,4
i am moroccan-italian.,4
i identify as female.,4
i am young,4
i identify as north african-american.,4
i am funny.,4
i enjoy doing mathematics.,4
i enjoy doing mathematics.,4
i like watching television.,0
i like watching television.,0
i am a student.,2
i am all out of pencils. please lend me some.,4
i am a blonde.,4
i'm a 13 year old,4
i am [character name] in the play.,4
i am a student.,2
i am a great volleyball player and softball player.,4
i am person who was not prepared to explore their identity for a 5$ amazon giftcard.,1
i am a trail runner.,4
"i am a gemini, therefor i have an amazing personality.",4
"i am a gemini, therefor i have an amazing personality.",4
i am an athlete?,4
i am a girl.,0
i am a person scared about moving.,1
i am a person confused about this survey.,1
i am broke.,4
i am happy.,4
i am an artist and performer.,4
i am a walking dad joke dispenser.,4
i'm [first name],4
i am a member of my community.,4
i am feeling very accomplished for finishing this survey.,4
cool kid,4
cool kid,4
cool kid,4
[classmate's first & last name]'s plug,4
[first name initial]-w69,4
[first name initial & last name],4
[first name & last inital],4
[variation of name],4
nba lil [name initial],4
[first & last name],4
[variation of name],4
[popular video game],4
[variation of name],4
[first name],4
[popular video game],4
[first initial & last name],4
[variation of name],4
[classmate's first & last name]'s mom,4
the big [first name initial],4
[internet username],4
[internet username],4
[first & last name],4
[first name],4
i am [first & last name],4
i am [first & last name],4
i am [first & last name],4
i am [first & last name],4
i am [first & last name],4
i am [first & last name],4
i am [first & last name],4
i am [first & last name],4
i am [first & last name],4
i am [first & last name],4
i am [first & last name],4
i am [first & last name],4
i am [first & last name],4
i am [first & last name],4
i am [first & last name],4
i am [first & last name],4
i am [first & last name],4
i am [first & last name],4
i am [first & last name],4
i am [first & last name],4
i am not mean,4
....,4
i like science,0
i like science,0
i am a human,4
....,4
....,4
i don't know,4
i like being human,0
i like being human,0
...,4
i am a kid,4
....,4
....,4
i am a soccer player,4
i am considered athletic,4
i don't know,4
i was in math academy,4
......,4
i am in middle school,4
i am in middle school,4
.....,4
a fisherman,4
a kid,4
a kid,4
an aisian,4
a [popular video game] player,4
a football kid,4
a football kid,4
a human,4
a friend,4
at [school name],0
an 8th grader,4
a gamer,4
a teen,4
a playa,4
i'm korean,4
i'm a cracked fortnite gamer,4
i'm a friend of [first name],4
i'm [first name],4
i'm human,4
i'm asian,4
i'm [name initials]'s friend,4
im a mathematician,4
im an architectural designer,4
im an architectural designer,4
i'm a playa,4
i'm in [school name],0
im a duck,4
outside and inside guy,4
computer science/coding,4
2 languages,4
love to try foods from other cultures,0
love to try foods from other cultures,0
watching basketball,4
a athlete,4
watching hockey,4
early to everything,4
[popular skiing mountain] :),4
a friend/happy/caring,4
films/editing,4
a hard worker,4
watching baeball,4
watching baeball,4
going on very fast/big roller coasters,4
going to new places,4
seeing live sporting events,4
watching soccer,4
watching soccer,4
"skier, snowboarder, and a surfer sometimes",4
a math person,1
watching football,4
[first & last name],4
[first & last name],4
[first & last name],4
[first & last name],4
[first & last name],4
[first & last name],4
[first & last name],4
student,2
[first & last name],4
[first & last name],4
[first & last name],4
[first & last name],4
[first & last name],4
[first & last name],4
[first & last name],4
[first & last name],4
teenage girl,0
teenage girl,0
teenage girl,0
[first & last name],4
[first & last name],4
[first & last name],4
i love soccer,0
i love soccer,0
i love soccer,0
i love soccer,0
i love my best friend [first name],0
i love my best friend [first name],0
i love playing wing-back in soccer,0
i love playing wing-back in soccer,0
i love music,0
i love music,0
i have good grades and work hard,4
i have good grades and work hard,4
i love dogs,0
soccer is my life,4
i strongly dislike math,4
i strongly dislike math,4
i love my best friend [first name],0
i love my sister,0
i love la jolla/ventura,0
i love soccer,0
i love soccer,0
i love acting,0
i love acting,0
i love soccer,0
i love soccer,0
i love soccer,0
i love soccer,0
i care about my grades,4
i love my parents,0
i love my parents,0
i love talk to my friends,0
i love talk to my friends,0
i love talk to my friends,0
i like listening to documentaries,0
i like listening to documentaries,0
i like playing baseball,0
i like playing baseball,0
i am 15 years old,4
i like reading books,0
i like reading books,0
i am friendly,4
i live in [city],4
i love my family,0
i like watching action movies or science fiction movies,0
i like watching action movies or science fiction movies,0
i like learning about anything medical,0
i like learning about anything medical,0
i like playing games,0
i like playing games,0
i excel in mathematics,4
i like observing things like animal behavior,0
i like observing things like animal behavior,0
i like solving puzzles,0
i like solving puzzles,0
i am filipino,4
i like biology,3
i like biology,3
i'm a second child,4
i like talking with my sister,0
i like talking with my sister,0
i like playing badminton,0
i like playing badminton,0
i was born at [birthdate],4
"i am [first, middle & last name]",4
i am big,4
i like spring,0
i love math,0
i love math,0
i like water,0
i'm a boy,4
in 8th grade,4
in 8th grade,4
in 8th grade,4
i play baseball,4
i don't like soccer,0
i don't like soccer,0
i'm not short,4
going to high school next year,4
going to high school next year,4
i like baseball,0
i like baseball,0
i like computers,3
i like computers,3
food is enjoyable,4
i don't like winter,0
i am an aquarius,4
air is pretty nice,4
i think i'm smart,4
i am tall,4
school is okay,0
i'm good at baseball,4
a reader,4
involved,4
bisexual,4
in an honors 8 math class,0
going to [school name] for highshool,4
love to sing,0
love to sing,0
funny,4
[first & last name],4
confident,4
a reader,4
crafter,4
friendly,4
hopefully pretty,4
a hopeless romantic,4
the girl on [a youtube channel],4
the girl on [a youtube channel],4
want to be a writer,4
brown short hair,4
a polar bear in a past life,4
"very uncultured, but i am trying to get better",4
in my best life,4
missing,4
friendly,4
son,4
son,4
silly,4
i am [first & last name],4
student,2
myself,4
unhappy,4
popular (alot of my close friends say this),4
unstable,4
bisexual,4
stupid,4
talkative,4
happy,4
male,4
crazy,4
smart,4
awake,4
interesting,4
courages,4
i am a latino,4
intellegente,4
i have too many uncles to count,4
strong,4
i am a 15 years old,4
my only grandparent lives in mexico,4
i am lazy,4
i have 5 family members,4
my favorite show is dragon ball,4
i am an a student,2
i am the best at math in my family,4
i am the tallest in my family,4
i love video games,0
i love video games,0
funny,4
i teach my older brother math,4
hard working,4
tall,4
i am the youngest son,4
i am the youngest son,4
i am for the most part joyful,4
singing is awesome!!!,4
i love volleyball!!!!!??,0
i love volleyball!!!!!??,0
i am a volleyball player.,4
i hate snakes and cats (first name & another first name).,4
i am an actress.,4
mathia is better then iready.,4
i am a singer.,4
volleyball is awesome!!!!!,4
i love songwriting.,0
i love songwriting.,0
i am in 8th grade.,4
i am in 8th grade.,4
i am in 8th grade.,4
i am 14.,4
i love music.,0
drawing funny things is fun.,4
i am a star wars fan.,4
i like writing poems.,0
i like writing poems.,0
i like writing poems.,0
i like using staedtler erasers.,0
i like using staedtler erasers.,0
i am a marvel fan.,4
i am a ukulele player.,4
i love my friends.,0
i love my friends.,0
i am a piano player.,4
a hopeless romantic,4
a singer,4
a comedian,4
a poet,4
a dog lover,4
a romance novel lover,4
a romance novel lover,4
someone who loves their hair curlers,4
someone who loves their hair curlers,4
a mushroom lover,4
an emotional person,1
an artistic mind,4
an old soul,4
a swiftie,4
[a popular tv show website] member,4
a swimmer,4
a passionate athlete,4
a music lover,4
a music lover,4
a pisces,4
a stresser,4
a shoe collector,4
someone who is allergic to pollen,4
ur great grandma,4
a straight person,1
[friend's first name] father,4
treee,4
they hating,4
ur grandpa,4
told me to try to catch them dirty,4
[famous baseball player],4
a table,4
ur great grandpa,4
helicopter helicopter,4
ur uncle,4
ur mother,4
i don't know you tell me,4
ur grandma,4
pokemon gotta catch them all,4
ur aunt,4
ur father,4
[first & last name],4
they see me rolling,4
a female.,4
someone that is failing my classes.,4
water polo player.,4
i am white/european and armenian.  like the kardashians :).,0
i am white/european and armenian.  like the kardashians :).,0
someone with adhd.,4
sister.,4
sister.,4
friend.,4
someone with anxiety.,4
i am very privileged money wise and very grateful for it.,4
atheist.,4
supporter of the lgbtq+ community and blm.,4
pansexual.,4
someone that was depressed over covid.,4
a child,4
a child,4
a human,4
a middle schooler,4
a person,1
a human,4
a person filling out this survey.,1
a nintendo fan in general,4
a nintendo fan in general,4
a dc hater kind of,4
a proud armenian,4
a mr. [teacher name] hater,4
a minor,4
a kid who is good at math,4
a kid who is good at math,4
a person,1
a marvel and star wars fan,4
a very nonathletic person,1
a pokemon fan,4
a pokemon fan,4
a zelda fan,4
a zelda fan,4
a dude,4
a person,1
a mathia user,4
i am a female,4
i am one who can get overwhelmed and stressed at times,4
"i am someone who really likes dinosaurs and dragons, and art",4
"i am someone who really likes dinosaurs and dragons, and art",4
"i am an extrovert, and do not like being alone for extended periods of time",0
"i am an extrovert, and do not like being alone for extended periods of time",0
i am someone who can get stressed if i answer a question wrong,4
"i am one who likes talking, a lot",4
"i am one who likes talking, a lot",4
i am someone who can get un-motivated by a topic if i find it too boring,4
i am someone who has adhd,4
i am someone who can have trouble sleeping from anxiety,4
i am someone who tries to keep my grades up,4
i am someone who enjoys math and science,4
i am someone who enjoys math and science,4
i am someone who can get stressed over deadlines,4
i am someone who can get nervous for asking for help,4
i am someone who likes to animate,4
i am someone who likes to animate,4
i am someone who can sometimes get distracted,4
"i am someone who is trusting, unless you break it",4
i am someone who can forget simple things often,4
"i am someone who likes being active, if its nice out and i'm in the mood",4
"i am someone who likes being active, if its nice out and i'm in the mood",4
i am someone who likes to listen to music and daydream at the same time,4
i am someone who likes to listen to music and daydream at the same time,4
"i am myself, unique, and me.",4
a girl,0
kind,4
eager to learn,4
dancer,4
actress,4
vocalist,4
scientist-to-be,4
scientist-to-be,4
a dream pharmacist,4
people person,1
energetic,4
helpful,4
artist,4
thinker,4
friendly,4
interesting,4
welcoming,4
tired,4
water-drinker,4
influenced person,1
funny,4
i am a girl.,0
i am a 7th grader,4
i am a 7th grader,4
i am a 7th grader,4
i am haitian.,4
i am next to [first name].,4
i am a person on the [school name] track team.,1
i am an older sister.,4
i am an older sister.,4
i am a person whos always near a friend.,1
i am always hungry.,4
i am trying to become a nurse.,4
i am trying to get into a good college.,4
i am a person who gets mad over small things.,1
i am who loves hygiene.,4
i am good friend.,4
i am good friend.,4
i am a person who likes trying to new things.,1
i am a person who loves anything oreo.,1
i am a person who trys hard.,1
i am a person who trys hard.,1
i am mean to my classmates.,4
i am a person who is mean to [first name].,1
i am a calm person.,1
i am a calm person.,1
i am a person who needs a pencil all the time.,1
im a good listener,4
im kind,4
im respectful,4
im nice,4
i like donuts,3
i like food,0
i like being on my phone,0
i like being on my phone,0
i like to be in my bed,0
i like to be in my bed,0
i like doing my mathia with my math teacher,0
i like doing my mathia with my math teacher,0
my favorite class to be in is my math class,0
my favorite class to be in is my math class,0
i love wearing sweaters,0
my birthday is in [date],4
i got 2 dogs,4
i got 1 bird,4
im [student first + middle + last name],2
i love traveling,0
i love wearing comfy clothes,0
i like doodling on my paper,3
i like doodling on my paper,3
i like playing soccer,0
i like playing soccer,0
i like takis,0
i am a 7th grade student,2
i am a 7th grade student,2
i am a girl,0
i am the oldest,4
i am kind,4
"i am vietnamese, chinese, and american",4
"i am vietnamese, chinese, and american",4
i am a bookworm,4
i am tired,4
i am artistic,4
i am quiet.....most times,4
i am an honors student,2
i am an honors student,2
i am an older sister to two brothers,4
i am an older sister to two brothers,4
i am sleepy,4
i am unsure of what to write next,4
i am not tall or short,4
i am prepared,4
i am forgetful,4
i am typing hurridly,4
i am smart,4
i am an animal lover,4
i am not a person who curses frequently,1
i am from africa,4
i am a soccer and basketball player,4
i am the oldest sibling,4
i am originally from [country] (north africa),4
i am a youtuber with 180+ subs,4
i am a youtuber with 180+ subs,4
i am muslim,4
i am 12,4
i am a fortnite kid,4
i am almost done with mathia,4
i am almost done with the whole lexia grammar,4
i am that guy,4
i am a true friend,4
i am better than [initials] at basketball,4
i am a pro gamer,4
i am a math star,4
i am a math star,4
i am looking at [first name],4
i am about to leave math class,0
i am a fighter,4
i am skinny,4
i am not fat,4
i am a child,4
i am a child,4
i am a seventh grader,4
i am a seventh grader,4
i am a girl,0
i am a human,4
i am haitian,4
i am the youngest of the family,4
i am a christian,4
i am someone who wants better grades,4
i am someone who wants better grades,4
i am someone who likes to take care of babies,4
i am someone who likes to take care of babies,4
i am someone who likes to help others,4
i am someone who likes pink.,4
i am someone who thinks module 5 is better than the rest,4
i am someone who thinks the mathia robot is a boy,4
i am someone who likes to swim,4
i am someone who likes oversized clothing,4
i am someone who is turning into a responsible big kid.,4
i am someone who is turning into a responsible big kid.,4
i am someone who is turning into a responsible big kid.,4
i am someone who likes cats,4
i am someone who likes volleyball,4
i am someone who likes volleyball,4
i am someone who likes water,4
i am someone who got 3rd place in a spelling bee at elementary.,4
11 years old,4
6th grader,4
6th grader,4
a person who likes drama club,1
a person who likes drama club,1
someone who enjoy's singing,4
someone who enjoy's singing,4
i like helping out,0
i like helping out,0
someone whose favorite color is pink,4
someone who enjoys watching shows,4
someone who enjoys watching shows,4
someone who who enjoys movies,4
someone who who enjoys movies,4
someone who enjoys books,4
someone who enjoys books,4
i like doing art,0
i like doing art,0
someone who enjoys doing nail art for fun,4
my hobby is crocheting,4
i'm going to be 12 later on this year,4
i like having fun with my friends,0
i like having fun with my friends,0
i like having fun with my friends,0
i like having fun with my family,0
i like having fun with my family,0
i have a pretty large family,4
i love going on vacation,0
i am someone who enjoys going shopping,4
i am someone who enjoys going shopping,4
i like having fun with my cousins,0
i like having fun with my cousins,0
i like having fun with my cousins,0
i enjoy going to places with family and friends.,4
i enjoy going to places with family and friends.,4
i enjoy going to places with family and friends.,4
i enjoy going to places with family and friends.,4
i am a seventh grade student.,2
i am a seventh grade student.,2
i am a seventh grade student.,2
i love to play basketball.,0
i love to play basketball.,0
my favorite color would be red.,4
i am haitian.,4
i am also dominican.,4
my favorite subject would have to be ela or math.,4
my favorite subject would have to be ela or math.,4
i would say i am pretty athletic.,4
i have big goals/dreams.,4
i am next to [first name].,4
i go by she/her,4
i would say i'm smart i just get confused.,4
my all time food would be black rice.,4
i hope to achieve my goals when i'm older.,4
i am 13 years old.,4
i am a big sister and a little sister.,4
i am a big sister and a little sister.,4
i have 4 other siblings.,4
i love cooking.,0
people say i don't look my age.,4
i'm tall.,4
i am confident sometimes.,4
[student first name],2
student,2
baskeball player,4
a child,4
a child,4
i am a 6 grade student,2
i am a 6 grade student,2
i am a 6 grade student,2
i am mw2 player,4
i enjoy playing games.,4
i enjoy playing games.,4
i enjoy buying shoes.,4
i am 11.,4
i like playing basketball.,0
i like playing basketball.,0
i like riding my electric scooter.,0
i like playing games with my friends.,0
i like playing games with my friends.,0
i like playing games with my friends.,0
i like talking to my friends.,0
i like talking to my friends.,0
i like shoes.,0
"i enjoy riding on my bike,",4
"i enjoy riding on my bike,",4
i like eating pizza.,0
i like swimming.,0
i like swimming.,0
im healthy.,4
i like drinking water.,0
i like to go in my trampoline.,0
i like to go in my trampoline.,0
i'm a 7th grade student,2
i'm a 7th grade student,2
i go to [school name] middle school,4
i go to [school name] middle school,4
i am in the band and jazz band.,4
i am an the oldest in my family.,4
i'm a gamer,4
i own two dogs,4
i'm catholic,4
i'm not a fan of school,4
i'm someone who sleeps rather late,4
i'm quite smart,4
i'm part irish with a little bit of portuguese blood.,4
i'm myself,4
i'm someone who enjoys a lot of sports.,4
i'm no one else,4
i'm apart of the nation juniors honor society,4
i'm apart of the nation juniors honor society,4
i'm in a large group of people that i can truly call friends,4
i'm someone who has manners,4
i'm someone who jokes around sometimes,4
i am unsure what to write next.,4
i am someone who can get distracted easily.,4
i am a student in the [school name] middle school.,2
i am a student in the [school name] middle school.,2
i am kind to a lot of people.,4
i am very caring to everyone.,4
i am very thoughtful.,4
i am nice to everyone.,4
i put my needs before everyone's elses.,4
i put my needs before everyone's elses.,4
i am respectful.,4
i am intelligent.,4
i am nice to the teachers.,4
i am very smart.,4
i am happy.,4
i am where i belong.,4
i am protected.,4
i am happy.,4
i am loved.,4
i am responsible.,4
i am creative.,4
i am artistic.,4
i am loyal.,4
i am very excited for this test.,4
a student,2
[student first name],2
[student first name],2
[student first name],2
[student first name],2
[student first name],2
[student first name],2
[student first name],2
[student first name],2
[student first name],2
a student,2
[student first name],2
[student first name],2
[student first name],2
[student first name],2
[student first name],2
[student first name],2
[student first name],2
[student first name],2
[student first name],2
a daydreamer.,4
a very creative person.,1
a very creative person.,1
lost in thought often.,4
very pretty!,4
a forgetful girl.,0
a forgetful girl.,0
a flower lover,4
the sun of somebody's day,4
sometimes one thing sometimes another.,4
tired all the time.,4
"someone i dont know yet,",4
a lover of horror games.,4
[first name].,4
a person with interest in psychology.,1
an author.,4
someone who wants an older sister.,4
someone who wants an older sister.,4
colorful.,4
saved.,4
"a person whos sometimes confident,",1
a book reader.,4
a person i don't want to be.,1
[student first name],2
skincare ambassador,4
a 12 year old,4
a baker,4
am a biker,4
i am a gta player,4
i am walker,4
i am a smart person,1
i am a sibling,4
i am a hard worker,4
i am a person,1
i am a math person,1
i am a math person,1
i am a science person,1
i am a science person,1
i am a ela person,1
a person that draws,1
i am a person that like to write,1
i am a person that like to write,1
i am a sketch,4
i am a person that like shoes,1
i am a person that like shoes,1
i am a person that does not like school,1
i am a person that like to play basket ball,0
i am a person that like to play basket ball,0
an athlete,4
a trustworthy person,1
a respectful student,2
a respectful student,2
a son,4
a son,4
a brother,4
a brother,4
a role model,4
a soccer player,4
a captain,4
i am competitive,4
i am easily angered,4
i am forever loved,4
i am buff,4
i am masculine,4
i am amazing,4
i am wonderful,4
i am the best me,4
i am the best me,4
i am special,4
i am able to do anything if i try,4
i am capable,4
i am me,4
him,4
cool,4
nice,4
friendly,4
black,4
fun,4
child,4
child,4
kid,4
kid,4
fine,4
boy,4
i love math,0
i love math,0
so,4
word,4
smart,4
basketball,4
football,4
tall,4
taken,4
i like dogs,0
i like cats,0
smart,4
kind,4
believer,4
pretty,4
respectful,4
fashionist,4
short,4
singer,4
dancer,4
generous,4
young,4
talkative,4
thinker,4
helpful,4
uncalm,4
funny,4
fun loving,4
sassy,4
actress,4
actress,4
translating,4
i am a 7th grader,4
i am a 7th grader,4
i play softball for the [team name],4
i play softball for the [team name],4
i am 13years old,4
i am an only child,4
i am a bestfriend,4
i am funny,4
i am good with kids,4
i love mint chocolate chip ice cream,0
i am a daughter,4
i am a daughter,4
i am always sleepy,4
i am philopena and puerto rican,4
i like to draw,0
i like to draw,0
my favorite subject is history,4
my favorite subject is history,4
my favorite subject is history,4
i am like .5% hawaiian,3
i have two cats,4
i love to go on walks,0
i love to go on walks,0
i love shopping,0
i love shopping,0
i love eating,0
i love eating,0
i am cool,4
i am a sweet and salty person,1
a child,4
a girl,0
a baker,4
a student,2
a best friend,4
a sister,4
a sister,4
a dog owner,4
a friend,4
a sneaker head,4
a stylest,4
a latio,4
a helper,4
a fan,4
a typer,4
a book worm,4
a 12 yearold,4
a smartie,4
my favorite color is pink almost everything i own is pink.,4
i'm brazilian.,4
i am an overthinker at times.,4
i do dance.,4
i am a girl.,0
i workout every week.,4
my favorite food is rice.,4
i have glasses.,4
my hair is dyed to be pink but now is blonde.,4
i speak portuguese.,4
i'm not athletic,4
i like writing.,0
i like writing.,0
i'm not strong in math,4
i am more strong in english.,4
i am more strong in english.,4
pronouns are she/her.,4
i'm straight.,4
i stress a lot over little things.,4
i'm hard on myself.,4
i get nervous.,4
i was stressed about answering these questions.,4
human,4
grown kid,4
someone,4
person,1
somebody,4
kid,4
kid,4
someone you don't know,4
girl,0
lady,4
somebody you don't know,4
woman,4
student,2
someone you will or not meet,4
not a monster,4
not an animal,4
somebody you will or not meet,4
not an alien,4
normal kid,4
normal kid,4
normal kid,4
little kid,4
little kid,4
normal human,4
normal human,4
smart,4
strong,4
confident,4
brave,4
kindly,4
tall,4
confident,4
respectful,4
young,4
handsome,4
playful,4
anoying sometimes,4
patient,4
participater,4
sportful,4
focus,4
courage,4
anime watcher,4
motivator,4
i love every class,0
i am a video game developer,4
i am a 6th grader in [school name],4
i am a 6th grader in [school name],4
i am a 6th grader in [school name],4
i am a person that plays video games,1
i am somebody who completed lexia early.,4
i am somebody that finished mathia early,4
i am brave,4
i am somebody that is in [honor society name],4
i am somebody that is frustrated with mathstream.,4
i am somebody that enjoys math.,4
i am somebody that enjoys math.,4
i am someone that loves reading.,4
i am someone that loves reading.,4
i am somebody that loves speaking my mind about problems.,4
i am somebody that loves speaking my mind about problems.,4
i am somebody that won an eversource challenge,4
i am somebody that finished cub scouts,4
i am somebody that got [ranking] place in the pinewood derby,4
i am somebody who has an amazing family,4
i am funny.,4
i am someone that is distracted easily,4
i am someone that has awesome friends.,4
i am somebody that is extremely curious in science.,4
i am somebody that loves lots of music.,4
i am somebody that loves lots of music.,4
i 'am smart,4
i' am calm,4
i 'am tall,4
i'am funny,4
i'am like sports,0
i'am like gril,3
i 'dont like to listen,0
i like  play soccer,0
i like  play soccer,0
"i, like shoes",0
i love my sicience class,0
i love my sicience class,0
i'm pretty,4
i'm beliver,4
"i,m like phone",0
"i,m like eat",0
"""i'm like music",0
"i,m like christiano ronaldo",3
"i,m like cardi b",3
"i,m like hati foods",0
"i,m like wachtings movies",0
"i,m like wachtings movies",0
"i,m like gentil",3
a boy,4
a base ball player,4
a kid,4
a kid,4
i want to be a author,4
i think i am funny,4
happy,4
a person,1
a math guy,4
a math guy,4
a ela guy,4
i like to draw,0
i like to draw,0
i to play video games,0
i like to play with my friends,0
i like to play with my friends,0
i like to play with my family,0
i like to play with my family,0
i only drink water,4
i really like fries,0
i really like bacon,0
i really like breakfast food,0
i really like brunch,0
i like amusement parks,0
i like super hero's (spider man,0
i am young black girl.,4
i am young black girl.,4
i am young black girl.,4
i am a student at [school name] middle school.,2
i am a student at [school name] middle school.,2
i am cape verden.,4
i'm someone who loves to dance.,4
i'm someone who loves to dance.,4
i'm someone who wants [city name of school] to be a better place.,4
i am someone who loves my family,4
i am someone who loves my family,4
i am a hardworking young girl,4
i am a hardworking young girl,4
i am a hardworking young girl,4
i am someone who has good grades,4
i am someone who would love to be a better person and just have a good life with being me.,4
i am someone who would love to be a better person and just have a good life with being me.,4
i am someone who is emotional.,4
i am someone who likes basketball.,4
i am someone who likes being alone.,4
i am someone who would do anything to save the people important in my life.,4
i am someone who would do anything to save the people important in my life.,4
i am someone who is a big sister maybe not the best but i am a sister.,4
i am someone who is a big sister maybe not the best but i am a sister.,4
i am someone who likes to help people,4
i am someone who wants everyone to be peaceful.,4
"i am a daughter, cousin, sister.",4
"i am a daughter, cousin, sister.",4
i am someone who wants to have fame,4
"i am someone who is active, and energetic.",4
"i am someone who loves people, clothes, shoes, and once i heard the question who am i, i didn't know but i finally found my true self.",4
"i am someone who loves people, clothes, shoes, and once i heard the question who am i, i didn't know but i finally found my true self.",4
student,2
kind,4
respectful,4
responsible,4
loyal,4
cv,4
hardworking,4
smart,4
caring,4
creative,4
a kid,4
a friend,4
a daughter,4
a daughter,4
nice,4
brave,4
achiever,4
listener,4
leader,4
awesome,4
intelligent,4
artistic,4
kind,4
funny,4
nice,4
friendly,4
boring,4
short,4
smart,4
a person,1
not tall,4
white,4
american,4
germen,4
irish,4
british,4
portuguese,4
ukrainian,4
blind,4
i like the dallas mavericks,3
i like luka doncic,3
gymnast,4
i am a student at the [school name] middle school in [city name].,4
i am a student at the [school name] middle school in [city name].,4
dancer,4
flexible with my back.,4
kind,4
i am an honors student.,2
i am an honors student.,2
i love the warm weather and summer.,0
honest,4
responsible,4
i am a hard worker.,4
i love swimming.,0
i love swimming.,0
i love the beach,0
i am exided for the interview.,4
i love doing dance and gymnastics.,0
i love doing dance and gymnastics.,0
i love doing dance and gymnastics.,0
loyal,4
i love cookie dough.,0
i love coking.,0
i love coking.,0
i love baking.,0
my favorite color is purple.,4
my favorite drink is water.,4
i am a athlete,4
i am a guy,4
i am a middle schooler,4
i am a middle schooler,4
i am a child,4
i am a gamer,4
i am a wrestler,4
i am a singer,4
i am a theater person,1
i am a candy person,1
i am a kind guy,4
i am a kind guy,4
i am a artist,4
i am a reader,4
i am a talker,4
i am caring,4
i am active,4
i am a yard work guy,4
i am a yard work guy,4
i am a summer guy,4
i am a summer guy,4
i am a pool guy,4
i am a pool guy,4
i am a band guy,4
i am a band guy,4
i am a gym guy,4
i am a gym guy,4
i like fortnite,0
i like fortnite,0
i play warzone,4
i play soccer,4
my favorite player is ronaldo,4
i'm black,4
im from haiti,4
my name is [first name] people call me [nickname/first name],4
i like girl not boy,0
nobody love me,0
i like baskettball,3
i think lebron james is good,4
i have a lot of hair,4
my favorite color is red and black,4
im 13,4
im nice sometime,4
i like school,0
i like school,0
i have a ps4,4
i like math,0
i like math,0
im good at math,4
im good at math,4
i like fufu,3
i am a male,4
i am white,4
i am 12,4
i am a student at [middle school name],2
i am a sixth grader,4
i am a sixth grader,4
i am a sixth grader,4
i am a only child,4
i like to cook,0
i like to cook,0
i like to ride dirt bikes,0
i like to ride dirt bikes,0
i am working on a old car that i own,4
i am working on a old car that i own,4
i like watching movies,0
i like watching movies,0
i love listening to music,0
my favorite artist is eminem,4
i like cars,0
my favorite drink is a shirley temple,4
i like to go to my house in florida,0
i like to go to my house in florida,0
i love animals,0
i own a bearded dragon,4
i love reptiles,0
i want a snake,4
i am looking for a new dirt bike,4
i am a 7th grade student,2
i am a 7th grade student,2
i play softball,4
i like to shop,3
i shop online a lot,4
i am a girl,0
i play on a top softball club team,4
i am a older sister,4
i am a older sister,4
i am tried,4
i am a volleyball player,4
i am a not a boy,4
i am baptized,4
i am not tall,4
i am a leader,4
i am obsessed with scary things,4
i am interested in being a nurse,4
i am stress at answering these,4
i am not a cat person,1
i am catcher,4
i am a dog person,1
i am a third basemen,4
a kind person,1
a basketball player,4
a nice person,1
a nice person,1
a smart person,1
a respectful person,1
i'm a 7th grade student.,2
i'm a 7th grade student.,2
i'm a 7th grade student.,2
i do competitive ice skating.,4
i do musical theater.,4
i do tap dancing.,4
i like to sing.,0
i like to sing.,0
i knew how to sew.,4
i like harry potter,3
i am the younger sibling.,4
i am the younger sibling.,4
i have 1 sister. her name is [first name],4
i am 12 years old.,4
my dream is to be an actress.,4
my dream is to be an actress.,4
i am a young female.,4
i am a young female.,4
i am a part in my schools [club name] club.,4
i hope to go to [school name] for high school.,4
i would like to go to [college name] collage.,3
i have long brown hair.,4
i am in 2 musicals at the moment.,4
i am very friendly and alert.,4
i am 50% porto rican.,4
i try my best in all classes.,4
i try my best in all classes.,4
i am a 7th grader,4
i am a 7th grader,4
i am a 7th grader,4
i am a soccer player,4
i am the oldest brother,4
i am the oldest brother,4
i am a gamer,4
i am creative,4
i am a christian,4
i believe in god,4
i am tired of school,4
i am who i wanna be.,4
i am african american,4
i am nigerian,4
i am the person that will make it pro in a sport,1
i am a person that plays football,1
i am a person that plays football,1
i am good at every sport.,4
i am good at every sport.,4
i am the guy who owns a mansion in nigeria,4
i am the guy who owns a mansion in nigeria,4
i am a guy who is very good pvp player on mobile.,4
i am a guy who is very good pvp player on mobile.,4
i am fighter,4
i am a guy who promotes grading teachers.,4
i am a guy who promotes grading teachers.,4
i am a swimmer.,4
i play midfielder in soccer.,4
i am a 7th grade student.,2
i am a 7th grade student.,2
i am a 7th grade student.,2
i am a girl.,0
i am hardworking.,4
i am next to [first name + last initial].,4
i am a person that loves animal.,1
i am stressed about figuring out what to put for an answer.,4
i am looking forward to summer.,4
i am excited for a $5 giftcard.,4
i am hungry.,4
i am trying to become a vet.,4
i am am trying hard to achieve my goals.,4
i am trying my best in school.,4
i am trying my best in school.,4
i am an only child.,4
i am fun to hang out with.,4
i am trustworthy.,4
i am trustworthy.,4
i am loyal.,4
i am a good friend.,4
i am a good friend.,4
i am short.,4
i am always wearing crocs.,4
"i am in love with the color green, black, and beige.",0
i am a 7th grade honors student.,2
i am a 7th grade honors student.,2
i am a 7th grade honors student.,2
i am a catcher on my softball team.,4
i am a finalist in eventing on horses.,4
i am a finalist in eventing on horses.,4
i am a young female who loves to read.,4
i am a young female who loves to read.,4
i am a young female who loves to read.,4
i am a young female who loves to read.,4
i am allergic to everything.,4
i am the oldest child.,4
i am a bestfriend.,4
i am good at math.,4
i am good at math.,4
i come from an italian/english speaking hous.,4
i am good with kids.,4
i am funny.,4
i am a good speller.,4
i am not fond of computer work.,4
i am not fond of computer work.,4
i am more fond of work on paper.,4
i am excited for summer.,4
i am in love with the color yellow.,0
i am asthmatic.,4
i am looking forward to this study.,4
i am [student first name].,2
smart,4
people,4
nice,4
kind,4
kids,4
short,4
cool,4
respect,4
boy,4
little,4
focus,4
talking,4
sleep,4
money,4
math,0
good,4
eating,4
love dog,0
love my life,0
love art,0
i am a boy,4
i am a student,2
i am a human,4
i am [school name] middle school student,2
i am [school name] middle school student,2
i am [school name] middle school student,2
i am a friend,4
i am a kid who likes pokemon,4
i am a kid who likes pokemon,4
i am a kid who likes pokemon,4
i am a kid who likes  dinosaurs,4
i am a kid who likes  dinosaurs,4
i am a kid who likes  dinosaurs,4
i am a kid who likes star wars,4
i am a kid who likes star wars,4
i am a kid who likes star wars,4
i am a kid who likes a lot of stuff,4
i am a kid who likes a lot of stuff,4
i am a kid who likes ela,4
i am a kid who likes ela,4
i am a kid who likes ela,4
i am a 6th grade student,2
i am a 6th grade student,2
i am a girl,0
i am a 12 year old,4
i am african american,4
i am a law abiding citizen,4
i am a atheist,4
i am a honor role student,4
i am a honor role student,4
i am a student at [school name] middle school,2
i am a kind person,1
i am a kind person,1
i am a respectful person,1
i am a cartoon enjoyer,4
i am a good friend,4
i am an artist,4
i am a creative person,1
i am smart person,1
i am a happy person,1
i am strong person,1
i am a resilient person,1
i am a intelligent person,1
i am a brave person,1
am cute,4
am sleepy,4
am smart,4
am fonny,4
i love art,0
i love art,0
i love cat,0
am friendsy,4
i love my friends,0
i love my friends,0
i love to rende,0
am lovely,4
am smort,4
i love to elepe,0
i like to renne,3
am sleepy,4
ilove to play,4
ilove to play,4
i like to chopigne,3
i like pizza,0
and ilove haiti foude,4
i love my frends,0
i love my frends,0
i love smart cat,0
im a soccer player,4
im a pround catholic-christian,4
im a pround catholic-christian,4
im a bascketball player,4
im from haiti,4
im good at math,4
im good at math,4
im a fortnite player,4
im a gamer,4
im the greatest at physical activities,4
im the greatest at physical activities,4
im bilangual,4
"im a french, creol, and english speaker",4
im learning spanish,4
im fast,4
im a blue color lover,4
im a blue color lover,4
im  92 pounds,4
im black,4
im a brown eyes person,1
im 13 years old,4
im [student first name],2
im a orange lover,4
im a history lover,4
[student first name],2
a boy,4
haitian,4
kind,4
loving,4
smart,4
caring,4
loyal,4
a human,4
i like to paly basketball,0
i like to paly basketball,0
i like video games,0
i like video games,0
i like ice cream,0
i like fried chicken,0
i like cars,0
i like to play with friend,0
i like to play with friend,0
i like to play with friend,0
i have 26 friends,4
i am from hati,4
i like to play soccer,0
i like to play soccer,0
i like to play football,0
i like to play football,0
i like to play with frisbes,0
i like to play with frisbes,0
i am a 11 year old girl,4
i am a 11 year old girl,4
i am a black african and amrican,4
i am a black african and amrican,4
i am cape verdean,4
my name is [student first name],2
i am a student at [school name] middle school,2
i am a student at [school name] middle school,2
i am a girl that loves to do sports,4
i am a girl that loves to do sports,4
i am a girl that loves to do sports,4
i am a girl that loves english class,4
i am a girl that loves english class,4
i am a girl that loves english class,4
i am a girl that loves soccer,4
i am a girl that loves soccer,4
i am a girl that's bad at math,0
i am a girl that's bad at math,0
i am a girl that's bad at math,0
i am a girl that has 2 sibilings,0
i am a girl that has 2 sibilings,0
i am a girl that has an annoying cousin named [first name] in my class,4
i am a girl that has an annoying cousin named [first name] in my class,4
i am a girl that loves new born babys,4
i am a girl that loves new born babys,4
i am a girl that lloves to babysit,0
i am a girl that lloves to babysit,0
i am a girl that has a crush,0
i am a girl that has a crush,0
i am a girl that struggles in class sometimes,0
i am a girl that struggles in class sometimes,0
i am a girl that struggles in class sometimes,0
i am a girl that loves drawing,4
i am a girl that loves drawing,4
i am a girl that loves drawing,4
i am a girl that has 3 bestfriends,0
i am a girl that has 3 bestfriends,0
i am a girl that hates doing laps,4
i am a girl that hates doing laps,4
i am a girl that hates doing laps,4
i am a girl that loves jordens,4
i am a girl that loves jordens,4
i am a girl that loves dressing nice.,4
i am a girl that loves dressing nice.,4
nice,4
emo,4
cute,4
queen,4
queen,4
helper,4
fighter,4
shy,4
lovely,4
dandy,4
i love spider,0
i love money,0
am i'm,4
emo,4
i want a big boy,4
"i""m a show off",4
kind,4
i love to play with my friends [first name] and [first name],0
i love to play with my friends [first name] and [first name],0
sometime i'm mean,4
i love to do drama,0
i love to do drama,0
i love to fight,0
[student first name],2
cool,4
silly,4
funny,4
smart,4
chill,4
tired,4
happy,4
someone who plays videogames,4
good sport,4
intelligent,4
goofy,4
someone who is ready to learn,4
someone who likes laugh,4
someone who likes laugh,4
someone who likes to play outside,4
someone who likes to play outside,4
someone who enjoys being around friends.,4
someone who enjoys being around friends.,4
a dog person,1
someone who likes to try new things,4
someone who likes to try new things,4
optimist,4
someone who enjoys mathia.,4
someone who enjoys mathia.,4
an eighth grader.,4
an eighth grader.,4
an eighth grader.,4
a book lover.,4
a book lover.,4
someone who isn't that great at math.,4
a person whose favorite subject is english.,1
a person whose favorite subject is english.,1
a movie lover.,4
a horrible artist.,4
someone who hates state testing.,4
someone who hates state testing.,4
a question asker.,4
someone who is very interested in baking.,4
someone who is very interested in baking.,4
an honor roll student.,2
an honor roll student.,2
someone who hates dresscode.,4
a person who is confused by mathia.,1
writer.,4
dancer.,4
rainy day hater.,4
sunny day lover.,4
fall lover.,4
winter hater.,4
a person who hates questions.,1
someone who just answered twenty questions.,4
i am a football player.,4
i am an africain/amaricain.,4
i am cave verdian.,4
i am a male.,4
i am a brother.,4
i am a brother.,4
i am a student.,2
i am a friend.,4
i am a son.,4
i am a son.,4
i am a nice person.,1
i am helpful,4
i am careful.,4
i am a funny guy.,4
i am a funny guy.,4
i am a middle schooler.,4
i am a middle schooler.,4
i am a middle schooler.,4
i am clean.,4
i am a helper.,4
i am african.,4
i am a gamer.,4
i am a bike rider.,4
i am a shoe lover.,4
i am all about fashion.,4
i'm tupac lover,4
i'm fried chicken eater,4
i'm a kobe bryant fan,4
i have 2 siblings,4
i love basketball,0
i am black,4
my favorite movie rugrats in paris,4
i have 5 best friends,4
i'm a great swimmer,4
i have a pool cleaning,4
i'm a master at 2k23 nba,4
i love jayson tatum,0
i've never been to a celtics game,4
i have swalload a screw,4
my favorite drink is kool aid on a nice hot summer day,4
my middle name is [name] like the painting,0
my middle name is [name] like the painting,0
my middle name is [name] like the painting,0
i'm a wilderness person,1
i love playing video games,0
i love playing video games,0
i think mj is the g.o.a.t,4
i'm a future wnba player,4
i'm a future wnba player,4
a girl,0
a 7th grade student,2
a 7th grade student,2
a 7th grade student,2
tall,4
black hair,4
volleyball player,4
dancer,4
nice,4
mean,4
smart,4
pretty,4
middle class,4
short hair,4
funny,4
grateful,4
5'6,4
trustworthy,4
determined,4
clumsy,4
haitian,4
libra,4
i am a 7th grade student at [school name] middle school,2
i am a 7th grade student at [school name] middle school,2
i am a 7th grade student at [school name] middle school,2
a human,4
a 13 year old,4
a kid with brown hair,4
a kid with brown hair,4
a kid who finished mathia mid january,4
a kid who finished mathia mid january,4
a kid who finished mathia mid january,4
a stressed child figuring out whoelse i can be,4
a stressed child figuring out whoelse i can be,4
a stressed child figuring out whoelse i can be,4
a slacker,4
determined boy,4
determined boy,4
a kid who get oushed out of bed when they wake up from a 8 hour nap,4
a kid who get oushed out of bed when they wake up from a 8 hour nap,4
a kid who get oushed out of bed when they wake up from a 8 hour nap,4
a kid who gets headaches way to much,4
a kid who gets headaches way to much,4
a kid who gets headaches way to much,4
a kid who helps everyone else understand math,4
a kid who helps everyone else understand math,4
i boy who signed up for the survey,4
i boy who signed up for the survey,4
a guy who has a mathia addiction,4
a guy who has a mathia addiction,4
a boy who is eager to lean more math,4
a boy who is eager to lean more math,4
a boy who is eager to lean more math,4
the middle child of a family,4
the middle child of a family,4
a guy who gets allergies easily,4
a guy who gets allergies easily,4
a boy who plays videogames on an ipad because the screen is big,4
a boy who plays videogames on an ipad because the screen is big,4
a guy who gives money to parents when needed,4
a guy who gives money to parents when needed,4
a guy who gives money to parents when needed,4
a short person,1
i positive person that always has a smile unless sick or annoyed,1
i am a 7th grade student,2
i am a 7th grade student,2
i am a 7th grade student,2
i am a baseball player,4
i am a boy,4
i am 13 years old,4
i am good at just about any sport i play,4
i am good at just about any sport i play,4
i am a very nice and kind person,1
i am a very nice and kind person,1
i am smart,4
i am good at school academics,4
i am good at school academics,4
i am good at school academics,4
i am the oldest child,4
i am the oldest child,4
i am loved by a bunch of people,4
i am [student first name + last name],2
i am a good kid,4
i am a good kid,4
i am a good kid,4
i am a fun guy,4
i am a fun guy,4
i am not a quitter,4
i am black,4
i am white,4
"i am asian, cape virden, mexican, irish, light-skin, scottish, polish, indian, portuguese",4
i am a lover,4
i am a believer,4
i am done with this test and i am 5'4ft,4
i am done with this test and i am 5'4ft,4
[student first name],2
a kid who like cat's,0
a kid who like cat's,0
a kid who like brid's,0
a kid who like brid's,0
a kid who like math,0
a kid who like math,0
a kid who like math,0
a kid who like to clime tree's,0
a kid who like to clime tree's,0
a kid who like to clime tree's,0
a kid who like to clime tree's,0
a kid who like baseball,0
a kid who like baseball,0
a kid who like baseball,0
a kid who does not like basketball,0
a kid who does not like basketball,0
a kid who does not like basketball,0
a kid who has 5 siblings,4
a kid who has 5 siblings,4
a kid who like to sleep,0
a kid who like to sleep,0
a kid who like to sleep,0
a kid who like to sleep,0
i like to eat,0
ammaracen,4
a student,2
try,4
i am a seventh grade student,2
i am a seventh grade student,2
i am 12 years old,4
i am a girl,0
i am a soccer player,4
i am the oldest child,4
i am the oldest child,4
i go by she/her,4
i am a sister,4
i am a sister,4
i am american,4
i am a hard-working person,1
i am helpful,4
i am able to cook,4
i like working in groups,0
i like working in groups,0
i am interested in making jewelry,4
i am good at writing,4
i am good at dancing,4
i was born in december,4
i am in honors classes,4
i am in honors classes,4
i am pretty good at drawing,4
i like to read,0
i like to read,0
i enjoy chatting with my friends,4
i enjoy chatting with my friends,4
i am going to 7grade,4
i am going to 7grade,4
i am going to 7grade,4
i like going outside.,0
i like going outside.,0
i am the person that goes to my brothers dad's house,4
i have a lot of friends,4
i am a fellow citizen for united states.,4
i am [first name] a african and indian,4
i am [first name] a african and indian,4
i like playing games,0
i like playing games,0
i like to paint and draw,0
i like to paint and draw,0
i'm a friendly person,1
i am pretty,4
like music,0
i am someone that want to go to cape verde.,4
i enjoy math (sometimes),4
i enjoy math (sometimes),4
i have a snake,4
i like to talk to my friends,0
i like to talk to my friends,0
i like to talk to my friends,0
i am someone who loves water,4
i am a honor student.,2
a friend,4
i am the person that loves to go outside,1
i am the person that loves to go outside,1
i have 9 siblings,4
i have 2 brothers,4
i like doing group work.,0
i complete 13 assignment on math stream.,4
i am short compared to others,4
i want a fish,4
i am someone who loves math.,4
i am someone who loves math.,4
i am a student,2
i am [first name] a student,2
i am [first name] a student,2
i am a moms girl,4
i am a moms girl,4
i am an honors student.,2
i like going out with my parents,0
i like going out with my parents,0
english student,2
im a only child,4
im a only child,4
call of duty player,4
i like my mom,0
i'm a 11 year old,4
my favorite food is rice and chiken,4
[date possible birthday],4
i like to do something when i'm bored,0
i like to do something when i'm bored,0
i like popcorn,3
a [city] resident,4
l like butterflies,3
i am someone who likes to run.,4
i am someone who likes to run.,4
girlfriend,4
i am truthful,4
i am [first name] a antisocial,4
i am [first name] a antisocial,4
i am a students from 6 grades,4
i am a students from 6 grades,4
i am a students from 6 grades,4
i am christian,4
my favortie holiday is christmas,4
i like to go to dunkin' donuts,3
i like to go to dunkin' donuts,3
i have long hair,4
i like hang out with my friends,0
i like hang out with my friends,0
i like hang out with my friends,0
i speak 2 different languages,4
i speak 2 different languages,4
i am quiet,4
i am a person who likes to play games.,1
i am a person who likes to play games.,1
my older brother is in military-basic training,4
i am half brazilian,4
im a sports player,4
i like strawberry cheesecake.,3
i like homemade food,0
i like tv,0
i don't like spanish class,0
i don't like spanish class,0
i like to wear sweaters.,0
i am done with this test and i am 5'4ft,4
i am done with this test and i am 5'4ft,4
im black,4
i like to dance.,0
i like to dance.,0
a 7th grade student,2
a 7th grade student,2
a 7th grade student,2
i have cornrows,4
i like babies,3
i like to sleep,0
i like to sleep,0
i am cape verdean,4
i am a person with a dog,1
i was born in april,4
i can't do my hair,4
i like jordans,0
i like jordans,0
i am a singer.,4
i hang out with my friends,4
i hang out with my friends,4
im white,4
[first last name],4
i love music,0
i like to eat.,0
i like to eat.,0
i am 12 years old,4
i'm a good sister,4
i'm a good sister,4
i have a baby brother i love alot,0
a person who loves science,1
a person who loves science,1
i'm a good writer,4
artist,4
[first name],4
i'm vietnamese and chinese,4
i am [last name].,4
i'm an outside kid,4
i'm an outside kid,4
a english speaker,4
a english speaker,4
a coder,4
"i,m good at srose.",4
i am a thankful person,1
i am a spiderman enjoyer,4
i'm someone who's birthday is january,4
i like hanging out with family,0
i like hanging out with family,0
i like hanging out with family,0
i like spring,0
im me,4
i am a baseball player,4
i like the mall,3
i love mac n cheese,0
a nice guy,4
a nice guy,4
"i'm a student at the [school name] i love dancing, singing, gym class, art class, eating food",0
"i'm a student at the [school name] i love dancing, singing, gym class, art class, eating food",0
"i'm a student at the [school name] i love dancing, singing, gym class, art class, eating food",0
"i'm a student at the [school name] i love dancing, singing, gym class, art class, eating food",0
"i'm a student at the [school name] i love dancing, singing, gym class, art class, eating food",0
im 11,4
i am a girl.,0
i also like money,0
i also like money,0
i love the park.,0
i am a volleyball player.,4
i'm a student,2
i like art,0
i like art,0
i was born in [city],4
i like the weekends,3
i'm the oldest,4
i am a person who likes hoodies.,1
i am a person who likes hoodies.,1
i am excited for spring,4
im funny,4
i like to listen to music.,0
i like to listen to music.,0
a family member,4
[first name],4
i like cute outfit.,0
i like cute outfit.,0
i have fun with friends,4
i have fun with friends,4
i'm basketball player,4
"i am black,",4
i have two older brothers and two younger sisters,4
i don't like to do all of my homework,0
i don't like to do all of my homework,0
i'm nice,4
not like warm up,3
i'm a writer.,4
i am a person that to spend time with my brothers,1
i am a girl who loves her morning coffe.,4
i am a girl who loves her morning coffe.,4
i am the oldest sibling,4
i am cape verdean,4
i like cats and small dogs,0
the moon is cool,4
i like to sing.,0
i like to sing.,0
i am mature,4
i love fruit,0
i am [first name],4
resident of [city],4
i am reponsible,4
i dont like play station,0
i am a person who loves the ocean,1
[first name],4
i have short hair,4
i am a very nice and kind person,1
i am a very nice and kind person,1
my favorite season is summer,4
[letter of name],4
i like jollyranchers,3
i can be helpful,4
i would like to be in honors for math at 1 and 2 period at my school.,0
i would like to be in honors for math at 1 and 2 period at my school.,0
a student,2
i other favorite song is selfish by pnb rock.,4
i am [first name],4
l'm smart,4
l'm smart,4
i like my house and my room that's who i'm,0
i am a gamer,4
i am a brother,4
i am a brother,4
i dont like shurbert,0
i am smart!,4
i am smart!,4
i was a student ambassador.,2
i am a good kid,4
i am a good kid,4
i am a good kid,4
i am a person that finds normal math too easy a lot.,1
im a boy,4
mixed,4
i like math.,0
i like math.,0
i loved to sleep,4
i loved to sleep,4
i' m in 6th grade,4
i' m in 6th grade,4
i' m in 6th grade,4
i kinda like soccer,0
i kinda like soccer,0
i like tv,0
i am a person with two immigrant parents,1
i am a person with two immigrant parents,1
i'm the middle child,4
i'm the middle child,4
i like cheerleading.,3
i like cheerleading.,3
1/2 kids.,4
i am acheiving,4
i wanna be an  civil engineer,4
i am a cristgin,4
i have a boyfriend,4
i was is marching band,4
i'm a student.,2
i am somebody that loves to learn new things.,4
i am somebody that loves to learn new things.,4
i am a person with curly hair,1
apart of the [last name] family,4
i play for boxers,4
i want to be a rich person,1
i like to watch youtube,0
i like to watch youtube,0
i like to walk my dog,0
i like to walk my dog,0
i am [last name] .,4
i am funny.,4
i like to collect nike and jordan sneakers,0
i like to collect nike and jordan sneakers,0
[first last name],4
i don't like to wake up early,0
i don't like to wake up early,0
i'm in grade 6,4
i'm in grade 6,4
i'm in grade 6,4
"i'm a student at the [school name], i love dancing, singing, gym class, art class, eating food",0
"i'm a student at the [school name], i love dancing, singing, gym class, art class, eating food",0
"i'm a student at the [school name], i love dancing, singing, gym class, art class, eating food",0
"i'm a student at the [school name], i love dancing, singing, gym class, art class, eating food",0
"i'm a student at the [school name], i love dancing, singing, gym class, art class, eating food",0
i am a bit of a trouble maker.,4
i am christian,4
my favorite color is pink almost everything i own is pink.,4
love listen to music.,0
love listen to music.,0
im good at math,4
i am in sixth grade.,4
i am in sixth grade.,4
i am in sixth grade.,4
im a dather,4
i like to draw portraits of people,0
i like to draw portraits of people,0
i'm an artist.,4
i am a volleyball lover,4
i am a volleyball lover,4
i am a math hater,4
i have a dog,4
i m a rude,4
catholic,4
doesnt play sports,4
my favorite color is black,4
love music,0
i am sleepy all the time,4
i am him,4
i like to party,0
i like to party,0
vf bnj,4
i am a boy,4
my favorite football team is the ravens,4
my favorite football team is the ravens,4
12 year old,4
i like going out,0
i like going out,0
i like rock and pop music,0
a person who loves their science and english teachers,1
a person who loves their science and english teachers,1
i misbehave in class,0
im a diabetic,4
i am a person who likes to sleep.,1
i am a person who likes to sleep.,1
i'm black,4
a mathematics person,1
i like to go outside and touch grass.,0
i like to go outside and touch grass.,0
im cruios,4
i like football,0
i like football,0
i am a chines learner,4
i am a 8th grader,4
i am a 8th grader,4
i am a 8th grader,4
i love sleeping,0
i love sleeping,0
i like chicken,0
a nerf gun expert,4
i hate multiplying,4
i hate multiplying,4
i am a student,2
i am respectful,4
im someone who trys hard,4
i like games,0
i like games,0
i have five pets,4
i am an only child,4
i am an only child,4
im in tutoring,4
i like hanging out with my friends,0
i like hanging out with my friends,0
i like hanging out with my friends,0
im quiet,4
i am the youngest sibling,4
im a chicken lover,4
a fortnite player,4
i am myself,4
my favorite movie is jump in,4
i like math,0
i like math,0
i like using pemdas in math work,0
i like using pemdas in math work,0
i like cats,0
i am responsible,4
i am black and proud.,4
somebody who likes purple,4
doing lexia was intense for doing word study,4
i like when i drink water.,0
i like when i drink water.,0
i love my family,0
i love my family,0
i like football,0
i like football,0
i am a 6 foot asian kid,4
i am a 6 foot asian kid,4
i am a 6 foot asian kid,4
i am a person who likes to run,1
i am a person who likes to run,1
my favorite animal are dogs,4
i play video games,0
i have 10 fingers.,4
i like to be in school,0
i like to be in school,0
i love animals.,0
i am a 6th grader,4
i am a 6th grader,4
i am a 6th grader,4
i can speak 4 languages,4
i can speak 4 languages,4
i hate going out,4
i hate going out,4
i have glasses,4
i speak another language,4
i speak another language,4
i am a story lover,4
i love xbox,0
i love xbox,0
i like to see my friand,3
i like to see my friand,3
i like to see my friand,3
i have a dog,4
i love math.,0
i love math.,0
i'm afraid of being buried alive,4
a soon to be saxophonist,4
i am a fortnite sweat,4
im a black girl,4
im a black girl,4
half spainard and cabo verde and american,4
i am somewhat rude,4
i'm a student,2
honest,4
i wanna travel the world,4
i am 11 years old,4
i am someone who likes to hangout with my friends,4
i am someone who likes to hangout with my friends,4
i am someone who likes to hangout with my friends,4
i am [first name],4
i like when they have multiple examples.,3
i am a student,2
i like cheese pizza,0
im cape verden,4
i like music.,0
i am a nice person,1
i am a nice person,1
my fav color is blue,4
i love being alone,0
i love being alone,0
i love to listen to my type of music.,0
i love to listen to my type of music.,0
i speak creole.,4
i speak creole.,4
i like hazbin hotel,3
i am happy,4
i am someone who goes out with family,4
i am someone who goes out with family,4
i mostly do space games,4
i like nike shoes,0
i like nike shoes,0
i am someone who likes soccer,4
i am someone who likes soccer,4
"i'm a student at the [school name], i love dancing, singing, gym class, art class, eating food",0
"i'm a student at the [school name], i love dancing, singing, gym class, art class, eating food",0
"i'm a student at the [school name], i love dancing, singing, gym class, art class, eating food",0
"i'm a student at the [school name], i love dancing, singing, gym class, art class, eating food",0
"i'm a student at the [school name], i love dancing, singing, gym class, art class, eating food",0
best madden player,4
"i am talented,",4
i am a kind person,1
i am a kind person,1
i am someone that loves my mom,4
i like school,0
i like school,0
i am someone who likes going to the pool,4
i am someone who likes going to the pool,4
i play football.,4
i like playing roblox with my friends,0
i like playing roblox with my friends,0
i like playing roblox with my friends,0
i tend to get uncomfortable around certain boys at my school.,4
i tend to get uncomfortable around certain boys at my school.,4
i have parents,4
i like to dance,0
i like to dance,0
i play an instrument,4
pet owner,4
a third oldest,4
l'm tall,4
male,4
i love shoes,0
i love shoes,0
i am excited for summer.,4
i am a pizza lover,4
i am a 7th grade honors student.,2
i am a 7th grade honors student.,2
i am a 7th grade honors student.,2
[letter of name],4
i am african-american.,4
i am someone who loves taking care of little kids,4
i am someone who loves taking care of little kids,4
i am someone who loves taking care of little kids,4
i like sports.,0
i like sports.,0
im a boy,4
i am a role model to my youngest cousins,4
i am a role model to my youngest cousins,4
i speak two languages; english and haitian creole.,4
i speak two languages; english and haitian creole.,4
l like five guys milkshakes the oreo ones,3
i like teacher,0
i like teacher,0
student,2
nice,4
i like sleeping,0
i like sleeping,0
i am in pain most of the time. (physical),4
i am a homebody.,4
i'm kind,4
i enjoy watching tv,4
i enjoy watching tv,4
im the best dressed,4
not like math,0
not like math,0
i like to go outside.,0
i like to go outside.,0
funny,4
i try my hardest,4
i hate fish,4
i am brazilian,4
i speak english,4
i speak english,4
my favorite colors are red and black.,4
i do swmming,4
i like to know what i am doing at school,0
i like to know what i am doing at school,0
i am someone who's birthday that is at [date],4
i like to netflix nd chill,0
i like to netflix nd chill,0
presentable,4
i am a person that likes the nba,1
i am a music-lover,4
i am a music-lover,4
a hyperactive kid,4
a hyperactive kid,4
a hyperactive kid,4
a good friend,4
i like gym,0
i like gym,0
i like money,0
i like money,0
i like to play sports,0
i like to play sports,0
i love my old sckool,0
i love my old sckool,0
i'm sometimes friendly,4
a band student,2
a band student,2
i also enjoy to play video games,0
i also enjoy to play video games,0
i am learning math,4
i like pokemon,0
libra,4
i am accidentprone,4
i am always trying to get good grades,4
i have straight hair.,4
i am a human.,4
i am smart,4
i am smart,4
a confident person,1
a confident person,1
i am [first last name] the child of my father and mother,4
i am [first last name] the child of my father and mother,4
i am a six grader,4
i am a six grader,4
i am a six grader,4
born in america meant to be born in spain,4
i am a girl,0
i like food,0
i love afflicton style,0
i'm [first name],4
my favorite movie is friday,4
i like boly boll,3
i like boly boll,3
i am a dancer,4
i like ela,0
i like ela,0
im cool,4
i like gaming,0
i like gaming,0
i love amazon,0
i love fries,0
i play fortnite.,4
i am from hati,4
i am a chines food lover,4
love my mom,0
i am a cool peronn and im a dinasour,4
i am a cool peronn and im a dinasour,4
i am a cool peronn and im a dinasour,4
i am someone who likes cheesecake.,4
i am a feem for roblox,4
i don't really like math.,0
i don't really like math.,0
i am a student,2
i like games,0
i like games,0
i am someone how likes track.,4
i am someone how likes track.,4
and i make everyone feel nice inside,4
i believe duke dennis was born when abraham lincon died.,4
i like to sleep.,0
i like to sleep.,0
i am friendly,4
i am nice,4
i am cool,4
i am good at school academics,4
i am someone who likes summer.,4
i am a runner.,4
a aunties girl,0
a aunties girl,0
i'm brave,4
i like drawing.,0
i like drawing.,0
"i like when they tell me the quantity of time i was in it,",0
"i like when they tell me the quantity of time i was in it,",0
i like to wear leggings.,0
i like to wear leggings.,0
i wanna do track,4
im a male,4
i love mac n cheese,0
i love my african family.,0
i love my african family.,0
i want to go back to new york,4
i play football for [school],4
i love my parents,0
i love my parents,0
i like popsicles,3
i am an artist,4
im shy,4
i am a son,4
i am a son,4
i like anything math related,0
i like anything math related,0
im the youngest child,4
im the youngest child,4
student,2
i speak cape verdan creole.,4
i speak cape verdan creole.,4
im black,4
i am a strait a student,2
i like math,0
i like math,0
lazy,4
i make money.,4
i make money.,4
[first last name],4
i like to swim,0
i like to swim,0
am smart,4
am smart,4
best 2k player,4
"i am from a huge family, on both sides.",4
i love my mom,0
i love my mom,0
i'm from an immigrant family.,4
i'm from an immigrant family.,4
i am someone who is kind.,4
i like takis,0
i have 1 cat,4
sisters sister,4
sisters sister,4
i am a writer,4
my favorite subject is math,4
i like tv,0
i am a person who likes to where crocs,1
i am a person who likes to where crocs,1
i am a student,2
i like spicy food,0
my birthday is [date],4
i am balck,4
i am a man,4
i like playing games,0
i like playing games,0
i like funky socks....,3
i like funky socks....,3
im ecuadorian,4
i am [first name],4
a band kid,4
a band kid,4
a band kid,4
i am a hufflepuff,4
im the worst sister ever,4
im the worst sister ever,4
i am the middle child,4
i am the middle child,4
im 4'11,4
i like haitian stew chicken.,0
i dont like ice cream,0
i am a girl,0
i want to go d1.,4
i am someone who loves the country brazil,4
i wish they didn't give us school on friday.,4
i love baby dog,0
im in the art club,4
i am someone who likes dogs .,4
hungry man,4
hungry man,4
my birth day is [date],4
im a mess person,1
i am a athlete,4
i like to have fun,0
i like to have fun,0
i like music,0
a brother,4
a brother,4
i like soccer,0
i like soccer,0
my favorite color is pink,4
i'm a genius,4
i'm a genius,4
a gamer,4
student,2
they get on my last nerves,4
nice,4
i am the funniest person i know.,1
i don't like school,0
i like pizza,0
i am strong,4
i am an adventoures person,1
i am an athlete,4
a baker,4
i also enjoy english class. (sometimes),4
a friend,4
i am a good cook,4
i'm loving,4
i like my school,0
i am a sister.,4
i am a sister.,4
i like gym,0
i like gym,0
i'm darkskin,4
i used to have a ipad,4
i'm southeastern asian,4
i like mathia,0
i like mathia,0
i am someone who likes my friends,4
i am someone who likes my friends,4
i like boys,3
creative,4
i like to stake football more than hockey,0
i like to stake football more than hockey,0
i'm portuguese and cape verdean,4
i love chocolate n ice cream,0
i am someone's best friend.,4
i am easily annoyed,4
i am creative,4
i want to be a senior software enginer,4
i am a mamas girl,0
i am a mamas girl,0
who is nice,4
i am someone who loves math,4
i am someone who loves math,4
i love seafood,0
i enjoy listening to music,4
i enjoy listening to music,4
i like mango,3
i am kind,4
im outside most of the day,4
i like games.,0
i like games.,0
i love watching movie.,0
i love watching movie.,0
i play basketball,4
i'm from benin,4
i am a cousion.,4
i like pasta.,3
i am a gemini,4
i would like to get award for completing all math stream assignments.,0
i would like to get award for completing all math stream assignments.,0
i am kind,4
i am a dog owner,4
i am a dog lover,4
i have brown eyes,4
i like to make up languages.,0
i like to make up languages.,0
i like go to the gym to lift weight,0
i like go to the gym to lift weight,0
i am in a band,4
i like the boston celtics,0
i love go out to eat but only when i'm going out to eat nothing else,0
i love go out to eat but only when i'm going out to eat nothing else,0
i like taking naps,0
i like taking naps,0
i love listening to music when im down.,0
i love listening to music when im down.,0
i like tyo play w makeup,0
i like tyo play w makeup,0
i love dodgeball.,0
i love dodgeball.,0
good student,2
i am a pikmin fan,4
i am a pikmin fan,4
im a dad,4
i love dogs,0
i dont know,4
i am someone who is nice,4
i am considerate.,4
i am a chearleader on summer,4
i am not a morning person,1
im 11 years old,4
i am someone who likes boston celtics,4
i am someone who likes boston celtics,4
im a students,4
im a students,4
i like taking to my friends,0
i like taking to my friends,0
i like taking to my friends,0
i am a wing stop lover,4
i'm from cape verde,4
i like to travel,0
i like to travel,0
i am a boy,4
i don't like people,0
a human,4
i like my sisters,0
i am a student,2
niece of [first last name],4
niece of [first last name],4
i love my mom,0
i love my mom,0
a honest person,1
i like watching boxing and basketball,0
i like watching boxing and basketball,0
i am a person who prefers basketball over soccer,1
my fav color is black,4
i like listening to horror storys,0
i like listening to horror storys,0
i am a girl that loves the color blue.,4
i am a girl that loves the color blue.,4
i am an 11-year-old girl.,4
i am an 11-year-old girl.,4
i am asian american,4
i am someone who likes to spend time with my family.,4
i am someone who likes to spend time with my family.,4
i am someone who likes to spend time with my family.,4
"my favorite cousin is my little cousin [first name], i call him money.",4
i am someone who loves sprite,4
straight a student,2
i like writing,0
i like writing,0
i am a person who likes science,1
i am a person who likes science,1
i have no pets.,4
i am cape verdean,4
i like to gossip with my friend,0
i like to gossip with my friend,0
i like to gossip with my friend,0
i know how to play basket ball,4
i know how to play basket ball,4
i dont like school,0
christian,4
i was born in cabo verde,4
i am the oldest of 2 children,4
i am the oldest of 2 children,4
i'm smart,4
i'm smart,4
i have two siblings,4
i love my frends,0
i love my frends,0
my birthday is in june,4
i want to be at home,4
i love english,0
i love english,0
i am a sweat at fortnite,4
my favorite subjects are math and science,4
i am a defensive basketball player,4
i am a kind person.,1
i am a kind person.,1
a calm leader,4
a calm leader,4
a calm leader,4
i'm a fighter for my rights.,4
another favorite game i like is call of duty,0
another favorite game i like is call of duty,0
i need a phone.,4
i am vietnamese and chinese,4
i'm a pet owner.,4
i ma,4
im a good person,1
i am someone who likes cape verde,4
i like going out,0
i like going out,0
i'm black,4
i like money.,0
i like money.,0
i am someone who likes to go to waterparks,4
i am someone who likes to go to waterparks,4
i am someone who loves shoes,4
i am someone who loves shoes,4
i like learning new things,0
i like learning new things,0
i am a volleyball player,4
i'm a woman.,4
i am a very smart student,2
i am a very smart student,2
i am a very smart student,2
i am a cousin,4
i like joe bartalozzi,3
im 12 years old,4
im mixed ( puerto rican & black),4
i like wingstop.,0
im nice,4
i am someone who loves eating my moms cooking,4
i am someone who loves eating my moms cooking,4
i am someone who loves eating my moms cooking,4
i like acrylics,3
i like acrylics,3
my favorite food is alfredo,4
i love shrimp alfredo,0
i have blond hair,4
smart,4
smart,4
i'm the favorite child,4
i wish i was smart,4
i wish i was smart,4
i have a bape hoodie,4
i like food,0
i am someone who does not want to do this,4
i like movies,0
i am a student.,2
"5,10",4
i am a good person,1
i like school,0
i like school,0
others say i have a very uniquie personality.,4
i am in middle schools,4
im nice,4
i like cookies,3
i have a's but not in math that can show you that i don't like math,0
i have a's but not in math that can show you that i don't like math,0
i have blonde hair,4
i am someone who likes basketball,4
i am someone who likes basketball,4
a band kid,4
a band kid,4
a band kid,4
i am [first name].,4
seeks education,4
i am a person that likes to travel the world,1
i am a person that likes to travel the world,1
l'm from cape verde,4
i am a person who likes to swim,1
i am a person who likes to swim,1
i am someone who is a good friend,4
my favorite subject is math,4
i'm 6ft,4
i am a student,2
an 11 year old child,4
an 11 year old child,4
i love my nike tech,0
i love my nike tech,0
i'm great with kids.,4
my favorite soccer player is messi,4
a male,4
i like games,0
i like games,0
i love being comfy,0
i dislike rude people.,4
i dislike rude people.,4
my favorite subject is p.e,4
i am short,4
i am a great person,1
i video games,4
i like wendy's,3
i am a person who shows respect,1
i like school,0
i like school,0
i am 12,4
classmate,4
i am confident,4
i am confident,4
i like playing with my little brother,0
i like playing with my little brother,0
i like playing with my little brother,0
my favorite ice cream is cotton candy.,4
i am funny,4
i like to push myself,3
i am a good students,4
im nonchalent,4
my favorite color is blue,4
i am someone how loves apples.,4
i like yelling,3
i like yelling,3
i am someone who wants to speak spanish and chinsese,4
i don't like waking up early,0
i don't like waking up early,0
i don't like division,0
i don't like division,0
i have braids,4
i like school.,0
i like school.,0
my favorite teachers of all time is my 5th grade 4th and 3rd,4
my favorite teachers of all time is my 5th grade 4th and 3rd,4
[first last name],4
cfrvgbthyju,4
im german,4
i like shoes,0
i like shoes,0
[first last name],4
i like cleaning,3
i like cleaning,3
i am a math learner,0
i am a person who loves food.,1
i like traveling,0
i like traveling,0
i have 2 sister and 1 brother,4
i have 2 brothers,4
i dislike homework,4
i am a student.,2
who used to live in ecuaodor,4
i am a peroson,4
cook (practically gordan ramsey),4
my favorite is social studies,4
i am in honors ela,4
i am a brother,4
i am a brother,4
i play soccer,4
i am a leader,4
i am a leader,4
a student,2
"i am 5'1"".",4
i like my group in english,0
i like my group in english,0
a girl,0
i speak french,4
i speak french,4
my favorite number is 5,4
im more of a pedro pascal fan,4
im in a jazz band,4
i am kind,4
i'm hatian,4
i am a person who likes to sleep,1
i am a person who likes to sleep,1
a cousin,4
dancer,4
i am a math lover,4
i am a math lover,4
a smart teen,4
a smart teen,4
a smart teen,4
a smart teen,4
i am a person who like to play basketball,1
i am a person who like to play basketball,1
i am someone who likes to meet new people,4
i am someone who likes to meet new people,4
i have to sister.,4
i am awesome,4
i am i kid,4
i am i kid,4
i am a son,4
i am a son,4
im an 8th grader,4
im an 8th grader,4
im an 8th grader,4
i'm very tired,4
i like going outside,0
i like going outside,0
i like christmas,3
i like to go outside.,0
i like to go outside.,0
i am athletic,4
a class clown,0
a class clown,0
im an basketball player,4
[teacher] student,2
i try my best.,4
i like music,0
i like hoodies,0
i like hoodies,0
my mom taught me how to cook.,4
my mom taught me how to cook.,4
i like a girl in this school,0
i like a girl in this school,0
i am female,4
i like spicy food,0
i love the show the rookie,0
yes,4
i learned my five one,4
a person who gets addicted to fun side activities in a learning game.,4
a person who gets addicted to fun side activities in a learning game.,4
i like roblox,0
i like roblox,0
i like watching  movies,0
i like watching  movies,0
i am a bundle joy,4
i have 1 brother,4
i want to travel to japan when i am older,4
and ilove haiti foude,4
i like small games you can just take a break on,0
i like small games you can just take a break on,0
i like coryxkenshin.,3
i like coryxkenshin.,3
i am friendly,4
student,2
i love my family,0
i love my family,0
i like roblox,0
i like roblox,0
i like shorts,3
i like shorts,3
i like music,0
i like light skin people,0
i like hanging out wit family and friends,0
i like hanging out wit family and friends,0
i like hanging out wit family and friends,0
i like hanging out wit family and friends,0
i am a person who loves to read.,1
i am a person who loves to read.,1
i like marigold and roses,3
im britsh,4
artist,4
i am a potential body builder,4
i am someone who likes ice cream,4
i am cape verdan.,4
i am the oldest sibling,4
my favorite food is crab rangoon,4
im a catlover,4
i not like science,0
i not like science,0
[teacher] student,2
i am a finalist in eventing on horses.,4
i am someone who is kind,4
im a brother,4
im a brother,4
i am a student,2
i love track,0
i love track,0
i like walk cat,0
i like walk cat,0
science student,2
i am light skin,4
tom clancy rainbow six siege player,4
my favorite food is corn,4
i like to party.,0
i like to party.,0
i'm kind,4
i practice basketball,4
l' m a student at [school name],2
i am an 11 year old girl,4
i am an 11 year old girl,4
yes i like gym,0
yes i like gym,0
i like chicken,0
i know how to drive,4
i know how to drive,4
i am loyal,4
i am [first name] a baker,4
i am [first name] a baker,4
i like to play,0
i like to play,0
i am a boy,4
i am in love with chinese food,0
blue,4
i am a sister.,4
i am a sister.,4
i'm an athlete,4
i dislike football,4
i dislike football,4
i am shy,4
i love my hair,0
my favorite color is blue and pearl white,4
i am who i am.,4
i'm from cabo verde,4
i dont like being a bother.,0
i am a person who is good at math,1
like kids,0
i'm white,4
"i have black,brown hair",4
i love water,0
i like to put gloss on my lips,0
i like to put gloss on my lips,0
a swimmer,4
i have good grades,4
i am a 11 year old girl.,4
i am a 11 year old girl.,4
i am helpful,4
my favorite year was 2016 summer,4
im a funny person,1
im a funny person,1
i speak portuguese.,4
i speak portuguese.,4
i'm straight a student,2
i like too do my hair,0
i like too do my hair,0
i am a chicken lover,4
i don't like test,0
i don't like test,0
i have a nike tech,4
business owner,4
i play softball,4
i am ecuadorian,4
i'm a nice person,1
i'm a nice person,1
trump supporter.,4
im a sports lover,4
im a sports lover,4
i dont like math,0
i dont like math,0
[letter of name],4
i am a girl,0
a soccer player,4
i like volleyball,0
i like volleyball,0
my favorite subject in school is math,0
i dont like math,0
i dont like math,0
i am short,4
i am someone that learn quick,4
i play soccer,4
i am a person who loves baby blue,1
i don't like school.,0
i am a [school name mascot],4
i like to sleep.,0
i like to sleep.,0
i babysit my neice's,4
i babysit my neice's,4
i love drawing,0
i love drawing,0
kind,4
my skin color is brown,4
i am the person that likes to go to places,1
i am the person that likes to go to places,1
i like volleyball,0
i like volleyball,0
i am a independent child,4
i am a independent child,4
i like doing my nails.,0
i like doing my nails.,0
i have 3 sisters and 1 brother,4
i am african,4
i am honors academy student,2
i am [first last name],4
i am a person who loves cooking,1
i am a person who loves cooking,1
im a gamer,4
girl,0
im going to bahams in may,4
i am the middle child on my dad side,4
i am the middle child on my dad side,4
someone who needs glasses,4
im smart,4
im smart,4
"i like art, music, food, reading books, and i love an hate math",0
"i like art, music, food, reading books, and i love an hate math",0
"i like art, music, food, reading books, and i love an hate math",0
"i like art, music, food, reading books, and i love an hate math",0
i play volleyball,4
i am someone who loves my parents,4
i am someone who loves my parents,4
im good looking,4
im a clean person,1
funny,4
i have no pets,4
i want a pet dog,4
"i have bad hearing and always say ""huh""",4
i am a person who enjoys making art,1
i am a person who enjoys making art,1
i'm good at math,4
i am in the honors academy.,4
i am someone who likes to eat chiken,4
i am someone who likes to eat chiken,4
i am the oldest child.,4
i am the oldest child.,4
my favorite subject is math,4
tall,4
i am [first name].,4
i am smart.,4
i am smart.,4
i am a girl who doesnt like math but understands and somewhat good at it.,0
i am a girl who doesnt like math but understands and somewhat good at it.,0
i'm one of 10 kids in my family,4
im a students,4
i am a introvert.,4
i like basketball,0
i like basketball,0
i almost like starawberry,3
i'm [first name].,4
female,4
i am a fortnite player,4
i like snapchat,3
i from haiti,4
black,4
i am obsessed with bracelets,4
i like to go to the beach,0
i like to go to the beach,0
music,4
i am a sibling,4
i play sports,4
i am someone who likes cars,4
sister,4
sister,4
i like to go to the park,0
i like to go to the park,0
daughter,4
daughter,4
my favorite color is red,4
a girl,0
trinidadian,4
i play dark souls games (a lot),0
i love shoes,0
i love shoes,0
scholar,4
i absolutely love wingstop,0
i want more friends,4
i want more friends,4
i am a students from 6 grades,4
i am a students from 6 grades,4
i am a students from 6 grades,4
i love macarons and lasagna,0
i don't like science,0
i don't like science,0
i like dogs,0
my second favorite color is blue,4
my fav animal is a cat,4
i am [first name] a music lover,4
i am [first name] a music lover,4
i am [first name] a music lover,4
i'm not athletic,4
i like science,0
i like science,0
caring,4
i'm stylish,4
i'm a video gamer,4
i like chicken,0
i like to get things,0
i like to get things,0
a pakistani american,4
l'm 12 years old,4
i'm a tik toker,4
i play football,4
i am someone who loves shopping,4
i am someone who loves shopping,4
i am a 6th grade student,2
i am a 6th grade student,2
i am a 6th grade student,2
student,2
lauryn hill fan,4
lauryn hill fan,4
i love water.,0
a [district name] student,2
i hate reading,4
i hate reading,4
l help people with work,4
l help people with work,4
im brazilan and cape verdean,4
i love skincare,0
i love skincare,0
i like numbers,3
i like all the people at my school,0
i am a person who takes accountability for their actions,1
my first languages are french and haitian creole,4
my first languages are french and haitian creole,4
i like shopping,0
i like shopping,0
i help my mom with stuff,4
i help my mom with stuff,4
i'm a 11-year-old male,4
i'm a 11-year-old male,4
i like watching ginny&gerioga on netflix,0
i like watching ginny&gerioga on netflix,0
"i speak four languages such as french, haitian creole, english and spanish.",4
"i speak four languages such as french, haitian creole, english and spanish.",4
i am someone who likes talking,4
i am someone who likes talking,4
i don't like exercise,0
i don't like exercise,0
i have 6 shoes,4
i hate games,4
i hate games,4
i like to eat,0
i like to eat,0
i like soccer.,0
i like soccer.,0
i am a sigma,4
brothers sister,4
brothers sister,4
i am an honors academy student,2
math is my favorite,0
i am an honors student,2
a entrupreuner,4
im a 6th grade student,2
im a 6th grade student,2
im a 6th grade student,2
i hate school,4
i hate school,4
i play alto sax,4
"i am 5,2",4
6th grader,4
6th grader,4
6th grader,4
i like basketball player,0
i like basketball player,0
i like to play sports,0
i like to play sports,0
i am someone who is a sister,4
i am someone who is a sister,4
i like haitian rice,0
i love to make lists about special events.,0
i love to make lists about special events.,0
i play volleyball,4
i play ball,4
[first last name],4
im dominican and venezuelan,4
traveler,4
i am good at math,4
i have good friends,4
i am a student,2
i play football,4
i am someone who loves to travel,4
i am someone who loves to travel,4
i am a [school name] student,2
i am a cat owner,4
a little boy,4
a little boy,4
i am scared of horror movies,4
i love bryson tiller,0
i like hanging out with my cousins.,0
i like hanging out with my cousins.,0
i like hanging out with my cousins.,0
i am confident,4
i am confident,4
i like to sleep,0
i like to sleep,0
i am someone who likes singimg,4
i am someone who likes singimg,4
i am sweet,4
a nice person,1
a nice person,1
a an amine,4
im 11 years old,4
i like flowers,3
i have 2 parents,4
im kinda short,4
i like science,0
i like science,0
i like friend,0
i like friend,0
i am a black short girl.,4
i am a black short girl.,4
i am a black short girl.,4
i am a believer,4
i am somebody who enjoys being rewarded for hard work.,4
[letter of name],4
i am looking forward to this study.,4
i like spending time with family,0
i like spending time with family,0
i like spending time with family,0
i'm a friend,4
i am a person who is in honors classes,1
i am a funny person,1
i am a funny person,1
i like five nights at freddy's,3
i am someone who loves to talk,4
i am someone who loves to talk,4
i am cool,4
im a students,4
i play sports,4
broken up parents,4
i like game,0
i like game,0
i am a athlete,4
i am someone who got friends,4
my favorite color is yellow,4
my first language was creole,4
my first language was creole,4
i am the person that plays with dogs every time i see them,1
im 5 foot 4,4
i like phone,0
i like phone,0
i like going to the party,0
i like going to the party,0
like christmas,3
i am someone who loves their family,4
i am someone who loves their family,4
i like churros,3
calm,4
i am a picky eater........,4
who is one youngest in my class,4
who is one youngest in my class,4
i like to run,0
i like to run,0
i don't like math,0
i don't like math,0
ecuadorian,4
math student,2
im always tired,4
i am 12,4
i am a sneaker head,4
my favorite song is marvins room by drake.,4
[first name],4
i dont like waking up at 6,0
i dont like waking up at 6,0
i like sports like volleyball and soccer.,0
i like sports like volleyball and soccer.,0
i like sleeping,0
i like sleeping,0
i am nice,4
i am a tiktok lover,4
i am a tiktok lover,4
i like food.,0
i am good at reading,4
i am a person who has long wavy hair,1
a person who wants to be an engineer,1
i am independent,4
an african american,4
i am a tik tok user,4
i am the oldest of 4 kids,4
i am a bit of a gamer.,4
i like my family,0
i like my family,0
i am from nigera,4
i am [first name],4
i am a person who loves phisical touch like huging,1
i am a person who loves phisical touch like huging,1
i am a students from 6 grades,4
i am a students from 6 grades,4
i am a students from 6 grades,4
my favorite animal is foxes.,4
i like the health teacher,0
i like the health teacher,0
i have 2 sisters and 2 brothers,4
i am english,4
i like backek,3
i am good at soccer tennis.,4
i like football.,0
i like football.,0
i love dodge chargers and durangos,0
i speak 2 languages,4
i speak 2 languages,4
i like when they have step by step.,4
i like when they have step by step.,4
i have three guinee pigs,4
short hair,4
hard worker,4
i like money,0
i like money,0
i am most times an a student,2
i like watching videos,0
i like watching videos,0
least favorite subject is ela/gym,4
my favorite movie is friday night lights and the last of last,4
i love peaches,0
i am a sixth grader,4
i am a sixth grader,4
i am a sixth grader,4
i am someone who likes swimming,4
i am someone who likes swimming,4
i am a boy,4
math is my favorite subject.,4
i like gym,0
i like gym,0
i am [first name] a dancer,4
i am [first name] a dancer,4
i am a person who likes colorful nails.,1
i am a person who likes colorful nails.,1
i am a student,2
i like ponytails in my hair,0
i like ponytails in my hair,0
i like chocolate,0
i like to watch youtube,0
i like to watch youtube,0
i am a honor student,2
i have a half brother,4
a student,2
[letter of name],4
i am a boy,4
someone who likes cookies,4
i am someone who can speak 3 languages.,4
i am someone who can speak 3 languages.,4
i have 1 older brother and 3 sisters,4
i love food,0
im an honors student,2
i m the future goat,4
"i'm a student at the [school name], i love dancing, singing, gym class, art class, eating food",0
"i'm a student at the [school name], i love dancing, singing, gym class, art class, eating food",0
"i'm a student at the [school name], i love dancing, singing, gym class, art class, eating food",0
"i'm a student at the [school name], i love dancing, singing, gym class, art class, eating food",0
"i'm a student at the [school name], i love dancing, singing, gym class, art class, eating food",0
i am a girl who dose home work,4
i am a girl who dose home work,4
fortnite player ( im the best },4
kid,4
kid,4
i like chips,0
i like to eat,0
i like to eat,0
i like going out sometimes,0
i like going out sometimes,0
i've been in the 6th grade for 117 days.,4
i've been in the 6th grade for 117 days.,4
i've been in the 6th grade for 117 days.,4
i love my family,0
i love my family,0
i'm loyal,4
i am a student,2
apex player,4
i dont like school,0
i dont like waiting for lunch,0
i dont like waiting for lunch,0
i am a sweater lover,4
i am a sweater lover,4
i like cats,0
i am a brother,4
i am a brother,4
i speak english and spanish and a little bit of hatian,4
i speak english and spanish and a little bit of hatian,4
i like ela,0
i like ela,0
a singer (practically alicia keys.),4
i like to go to florida.,3
i like to go to florida.,3
im a good friend,4
im a good friend,4
like to draw,0
like to draw,0
i wanna be a orthodontist when i grow up,4
i've passed every class so far,4
i like swimming,0
i like swimming,0
i am a leader,4
i am a leader,4
im on a aau team,4
i am a volleyball player,4
i speak portuguese,4
i speak portuguese,4
i like food,0
a dominican girl,4
a dominican girl,4
i am a girl who hates to share out loud.,4
i am a girl who hates to share out loud.,4
i like to learn what i did wrong.,0
my favorite color is purple,4
i love mc donalds,0
and i like many other games,0
and i like many other games,0
i'm a black person,1
i like shoes,0
i like shoes,0
i am someone who loves the color red,4
i am in 6th grades,4
i am in 6th grades,4
i am in 6th grades,4
i am a student at [school name],2
i am nosy,4
im a students,4
i like cats,0
i am a students from 6 grades,4
i am a students from 6 grades,4
i am a students from 6 grades,4
i love basketball.,0
i love basketball.,0
i dont have my intrest,4
im a shoe person,1
a middle schooler,4
a middle schooler,4
a middle schooler,4
i am a honors stundent.,4
nice person,1
nice person,1
i am from cape verde.,4
nice,4
i want to be a vet,4
i am a student.,2
im a coach,4
im ginger,4
i am a 8th grader,4
i am a 8th grader,4
i am a 8th grader,4
i like to be alone because no one gets me,0
i like to be alone because no one gets me,0
i like to be alone because no one gets me,0
i am brown,4
i play video games,0
im a basketball player,4
i am lqbtq+,4
my favorite subject in school is math,0
my favorite brand is nike.,4
i am black,4
i like fall,3
i like being a good brother,0
i like being a good brother,0
i am someone who likes the outdoors.,4
my favorite brand is jordan,4
[letter of name],4
i like video games,0
i like video games,0
i dont like my uncle,0
i dont like my uncle,0
portuguese,4
good at basketball,4
i am the smartest out of all my cousins,4
i am the smartest out of all my cousins,4
i am the smartest out of all my cousins,4
a cook i work for golden ramsey,4
i know a little of soccer,4
i am someone who likes gym activities,4
i am someone who likes gym activities,4
i play football,4
i am someone who loves toys,4
good at writing,4
i am someone who likes to cook.,4
i am someone who likes to cook.,4
im 14,4
i love my house,0
i have a lot of friends,4
i am in a youtube video,4
i dont have a byc,4
i am a students from 6 grades,4
i am a students from 6 grades,4
i am a students from 6 grades,4
i am the youngest.,4
i'm a role model to my brothers.,4
i'm a role model to my brothers.,4
i like jordan,0
i like jordan,0
a 12yo girl,0
a 12yo girl,0
a student,2
i am a soccer player,4
i have a cat,4
i like my friends,0
i like my friends,0
i'm mix,4
i love math and gym,0
i love math and gym,0
i have black hair,4
i am not the best on math,4
i like health,3
i like trying new foods,0
i like trying new foods,0
i like fun,0
i like fun,0
it's always hard to make a decision for myself,4
it's always hard to make a decision for myself,4
i learned my five one,4
i am a really athletic  person.,1
non-atheltic man,4
non-atheltic man,4
i wear glasses,4
i'v been to florida,4
i am ther person that like to watch the view from high places,1
i am ther person that like to watch the view from high places,1
i like to talk to people,0
i like to talk to people,0
capeverdean,4
i am someone who loves go to paris,4
i am someone who loves go to paris,4
my birthday month is june,4
i like to play roblox,0
i like to play roblox,0
i am [first last name].,4
i am someone that loves my aunt.,4
i am [first name] friend,4
i am [first name] a honor student,2
i am [first name] a honor student,2
my friends are crazy,4
i am a [school name] student,2
i am a hair lover,4
i am a hair lover,4
i am a girl who has four sisters.,4
i am a girl who has four sisters.,4
i like going to the park,0
i like going to the park,0
im good at goegraphy,4
i love to do rely race,0
i love to do rely race,0
im into sports,4
im into sports,4
i like to hang out with my friends.,0
i like to hang out with my friends.,0
i like to hang out with my friends.,0
i like ela,0
i like ela,0
tired,4
im kind,4
i love watch tiktok,0
i love watch tiktok,0
i am a great person,1
im a students,4
l have siblings.,4
i am cape verdean.,4
i speak chinese.,4
i speak chinese.,4
im 14,4
i play basketball,4
im a students,4
i am someone who birthday is the same as my friend,4
im some one who works out,4
i am a student,2
a smart person,1
a smart person,1
a smart person,1
i love to sleep,0
i love to sleep,0
i am a good kid,4
i am a good kid,4
i am a good kid,4
i am kind,4
listener,4
"i'm a student at the [school name], i love dancing, singing, gym class, art class, eating food",0
"i'm a student at the [school name], i love dancing, singing, gym class, art class, eating food",0
"i'm a student at the [school name], i love dancing, singing, gym class, art class, eating food",0
"i'm a student at the [school name], i love dancing, singing, gym class, art class, eating food",0
"i'm a student at the [school name], i love dancing, singing, gym class, art class, eating food",0
i am funny,4
i am someone who loves being warm,4
a good person,1
i like the school lunch,0
im rspectpul,4
"a stupid,anoying,cheater and sore loser",4
"a stupid,anoying,cheater and sore loser",4
"a stupid,anoying,cheater and sore loser",4
i like to eat food.,0
i like to eat food.,0
pretty,4
i love basketball,0
i love basketball,0
i like my sister,0
i like takis,0
i like movies,0
i'm a leader,4
i'm a leader,4
[letter of name],4
i want glasses,4
i like the color black,0
[teacher] student,2
i am the oldest out of 3.,4
i am a student,2
i am a fan a of football,4
i am a fan a of football,4
i have a 1 brother,4
i love to watch tv for fun.,0
i love to watch tv for fun.,0
i love my life,0
i love my life,0
i am someone who is 12 years old,4
i relly like drawing,0
i relly like drawing,0
entrepuer,4
i am a student,2
i love my parents,0
i love my parents,0
i am kind,4
i am kind.,4
i like school,0
i like school,0
i prefer reading than having things read to me.,4
soccer enjoyer,4
soccer enjoyer,4
i am from ecuador,4
i have long hair.,4
i am loyal,4
i am a football player,4
i like basketball,0
i like basketball,0
i like mcdonald's but they call it wcdonald's,3
i have a pc,4
i am hardworking,4
"i'm a student at the [school name], i love dancing, singing, gym class, art class, eating food",0
"i'm a student at the [school name], i love dancing, singing, gym class, art class, eating food",0
"i'm a student at the [school name], i love dancing, singing, gym class, art class, eating food",0
"i'm a student at the [school name], i love dancing, singing, gym class, art class, eating food",0
"i'm a student at the [school name], i love dancing, singing, gym class, art class, eating food",0
i am a good sibling,4
i am a good sibling,4
im cape verdean,4
i am a genuis,4
i am a genuis,4
im a [school name - mascot],4
i am a fellow mcdonald lover.,4
i love playing wiht my dog,0
i love playing wiht my dog,0
i am a student,2
i am someone who loves to travel.,4
i am someone who loves to travel.,4
i am in honors math,4
hardworking,4
i'm african-american,4
i am cape verdian,4
i love ice cream,0
i like school,0
i like school,0
sometimes i have a favorite parent,4
i am a brazillian,4
i am someone who likes going to water parks.,4
i am someone who likes going to water parks.,4
i have 1 pet,4
i am a takis lover,4
i am good at just about any sport i play,4
i like archery.,3
i like archery.,3
i am a shy person.,1
i like ice-cream,0
i am smart,4
i am smart,4
i like calling my friends,0
i like calling my friends,0
i like calling my friends,0
i would like to get games before getting right into the point.,0
i am a person who likes green apples,1
i am someone who has dark skin,4
i like going shopping,0
i like going shopping,0
i love my 20 year old cousin,0
i love my 20 year old cousin,0
i am from cape verde,4
i am in honors,4
i am a respectful persone,4
i live in a two-story house,4
i am 11 years old.,4
my hair is brownish black,4
i work hard in school,4
i work hard in school,4
l was not born in america,4
i have two sisters,4
i'm short,4
i'm a 6th grade student,2
i'm a 6th grade student,2
i'm a 6th grade student,2
i like winning,3
a talented person,1
i do not like math at all.,0
i do not like math at all.,0
i like going on vaction,0
i like going on vaction,0
student,2
i am a youtube lover,4
i am a youtube lover,4
i am a kind person,1
i am a kind person,1
i am strong,4
i like kitten posts.,3
i like tiktock,3
i like tiktock,3
i am in love with animals,0
i like dancing,0
i like dancing,0
i have a cat,4
i am good at game,4
plays roblox,4
i like watching movies,0
i like watching movies,0
i am a smart person,1
i am a smart person,1
i am a smart person,1
i like to chopigne,3
i like to chopigne,3
happy,4
i am a son,4
i am a son,4
i am beautiful.,4
i like money,0
i like money,0
i play softball,4
my favorite color is green,4
i am a student,2
i love sports.,0
i love sports.,0
i dont like school,0
i like taco bell,3
i like diamonds.,3
im a students,4
a tall person,1
`i like to use my phone,0
`i like to use my phone,0
i love math,0
i love math,0
i'm a friend.,4
and i like my family,0
and i like my family,0
"my fav color is blue,black",4
i like babysitting my 3 year old brother,0
i like babysitting my 3 year old brother,0
i like babysitting my 3 year old brother,0
loud,4
loud,4
i am 12 years of age,4
i like sketching in the sketchbook,3
i like sketching in the sketchbook,3
a cook,4
i am a playful person,1
"i'm a student at the [school name] i love dancing, singing, gym class, art class, eating food",0
"i'm a student at the [school name] i love dancing, singing, gym class, art class, eating food",0
"i'm a student at the [school name] i love dancing, singing, gym class, art class, eating food",0
"i'm a student at the [school name] i love dancing, singing, gym class, art class, eating food",0
"i'm a student at the [school name] i love dancing, singing, gym class, art class, eating food",0
i like helping my mom on certain stuff.,0
i like helping my mom on certain stuff.,0
i like helping my mom on certain stuff.,0
i love eating food,0
i am someone who likes pancakes.,4
im a funny person,1
im a funny person,1
i love the game,0
i am a person that likes cats,1
i am the youngest child,4
i am the youngest child,4
im an only child,4
im an only child,4
a person who plays videogames,1
i play a lot of sports.,4
i am a runner.,4
i live with both of my parents,4
i like mathia,0
i like mathia,0
i am a [school name mascot],4
i like math,0
i like math,0
i sit next to [first name],4
i am someone who likes soccer,4
i am someone who likes soccer,4
i like video games,0
i like video games,0
i love kids.,0
i am a person who likes pizza.,1
i am someone's son,4
i am someone's son,4
i am an 8th grader,4
i am an 8th grader,4
i am an 8th grader,4
i like doing nails,0
i like doing nails,0
a fortnite lover,4
a fortnite lover,4
student,2
a gamer,4
rocket league player,4
"i'm a student at the [school name] i love dancing, singing, gym class, art class, eating food",0
"i'm a student at the [school name] i love dancing, singing, gym class, art class, eating food",0
"i'm a student at the [school name] i love dancing, singing, gym class, art class, eating food",0
"i'm a student at the [school name] i love dancing, singing, gym class, art class, eating food",0
"i'm a student at the [school name] i love dancing, singing, gym class, art class, eating food",0
a girl,0
i am math lover,4
i am math lover,4
i like dragons,3
a 6th grader,4
a 6th grader,4
a 6th grader,4
i dont like 1 hour and a half of math,0
i dont like 1 hour and a half of math,0
i'm a girl,0
i am heterosexual (i like males).,3
i want to be a nurse,4
i like cars,0
a boy,4
i am a very smart student,2
i am a very smart student,2
i am a very smart student,2
i am smart,4
i am smart,4
i like blue,0
i am someone that has been playing soccer for 3 and half years,4
i am someone that has been playing soccer for 3 and half years,4
i am very honest.,4
a twin,4
a movie person,1
i do karate (jiujitsu),4
i am my fathers son,4
i am my fathers son,4
i am someone who likes to watch soccer games,4
i am someone who likes to watch soccer games,4
i'm trustworthy,4
i'm trustworthy,4
i like ice cream,0
life is very boring right now.,4
i am a girl who wants to go horseback riding.,4
i am a girl who wants to go horseback riding.,4
good at math,4
im a kid,4
im a kid,4
i love cars,0
i am someone who loves perfume,4
i am someone who loves perfume,4
i am a person who does not like homework,1
black hair,4
i am someone who tries their hardest.,4
im a fortnite skibidi toilet brrrrrr,4
i hate feeling stupid or dumb.,4
i hate feeling stupid or dumb.,4
i am a dog owner,4
i like english,0
i like english,0
i am a person that likes to game,1
i am a person that likes to game,1
bye bye,4
saturn has rings and i like to see it,3
saturn has rings and i like to see it,3
goffy,4
i am black,4
i can't speak vietnamese but i understand it,4
i can't speak vietnamese but i understand it,4
i am a students from 6 grades,4
i am a students from 6 grades,4
i am a students from 6 grades,4
i speak english.,4
i speak english.,4
i am cool,4
i consider myself athletic.,4
i am a ex- amabasodor,4
and i am someone who loves the color blue,4
i like jjk,3
i'm a older sister.,4
i'm a older sister.,4
i like writing.,0
i like writing.,0
i don't like to be stressful.,0
i like my bestie because a have 2,3
i like my bestie because a have 2,3
food eater,4
i am hard working,4
i can speak 2 languages,4
i can speak 2 languages,4
i like to bake,0
i like to bake,0
i am somebody that likes games.,4
i am somebody that likes games.,4
im a nice person,1
im a nice person,1
i am kind,4
i'm short,4
i like my friend,0
i like my friend,0
i am black.,4
[first last name],4
i am indpendent,4
i like to help my friends with homework,0
i like to help my friends with homework,0
i like to help my friends with homework,0
i like to help my friends with homework,0
love my brothers,0
my fav supject is math,4
i am [first name] a food lover,4
i am [first name] a food lover,4
i have a dog,4
im a gamer,4
my favorite color is pink,4
i love watching television,0
i love watching television,0
i am 5'5,4
i like pizza,0
[first name],4
my favorite ice cream is vanilla,4
i'm a straight a student,2
i'm the youngest person in my class,1
i'm the youngest person in my class,1
i'm a brown haired person,1
i am my grandma's first granddaughter.,4
i am my grandma's first granddaughter.,4
i am smart,4
i am smart,4
a quick tempered person if i barely fail a mathstream because i can't skip the video if i already know how to do it,1
i am a micky mouse lover,4
an older brother,4
an older brother,4
"my favorite artist is bruno mars, and drake",4
i have a lot of friends,4
i love my friends,0
i love my friends,0
i love cat,0
i am a blm supporter,4
5'6,4
i kinda like school,0
i kinda like school,0
i'm black kid with braids,4
i'm black kid with braids,4
i'm black kid with braids,4
i'm black kid with braids,4
i can sing,4
i like school teachers,0
i like school teachers,0
i love chocolate,0
im a soccer player,4
i have 6 siblings,4
i'm a plant lover,4
i'm good with kids,4
i like games,0
i like games,0
i like baseball and soccer,0
i like baseball and soccer,0
i like styling hair.,0
i like styling hair.,0
i like math if its fun,0
i like math if its fun,0
i am a older sibling,4
i am someone who is 12 years old.,4
i have a dog,4
i am very good at math.,4
i like frut,3
i like going to restaurants,0
i like going to restaurants,0
i am good at volleyball.,4
i like to sleep.,0
i like to sleep.,0
i like to play alone sometimes,0
i like to play alone sometimes,0
i'm a family person.,1
i'm a family person.,1
im leader not follower,4
im leader not follower,4
african-american,4
a younger brother,4
a younger brother,4
i'm the oldest child of 3,4
i'm the oldest child of 3,4
i like going outside,0
i like going outside,0
i love sleeping,0
i love sleeping,0
im from west africa,4
i am [city] boxer,4
i am [city] boxer,4
i lke sour candy,4
i like spending time with family and friends,0
i like spending time with family and friends,0
i like spending time with family and friends,0
i like spending time with family and friends,0
i am a basketball player,4
i am a person who loves music.,1
i am a person who loves music.,1
i like tv,0
i have curly hair.,4
i like read books,0
i like read books,0
i like read books,0
i like to watch baseball.,0
i like to watch baseball.,0
i am a singer type person not rapper,1
i am black,4
i love music,0
i use to do kung fu with my sibling,4
i use to do kung fu with my sibling,4
i like to go t o the water park,0
i like to go t o the water park,0
i was born in [city],4
i like watching moives.,0
i like watching moives.,0
i care about my family,4
i speak two language,4
i speak two language,4
i am a nike lover,4
i am a nike lover,4
a 8th grader,4
a 8th grader,4
a 8th grader,4
im a students,4
i have blue eyes,4
i am a good person,1
i am a girl who loves to swim,4
i am a girl who loves to swim,4
i am a girl who loves to swim,4
i am a soccer player,4
a student,2
im pizza lover,4
i am a boy,4
i am someone who loves fruits,4
[first name] friend,4
[first name] friend,4
i am [first name].,4
grandson of [first last name],4
grandson of [first last name],4
"i like my mother's cooking, but suppose sometimes my fathers",0
"i like my mother's cooking, but suppose sometimes my fathers",0
my favorite color is purple,4
i'm a student,2
i am empathetic,4
a student,2
a fan of horror movies.,4
a fan of horror movies.,4
i like learning,0
i like learning,0
i like red,0
i love tag.,0
i love tag.,0
i like riding my bike,0
i like riding my bike,0
uim a students,4
very ambitious person,1
i'm a girl.,0
i am the favorite child,4
i play soccer,4
cool,4
i don't when people talk about you,4
i like music class,0
i like music class,0
i am someone who likes ice cream cake.,4
i am a volleyball player,4
i am not a quitter,4
i am someone who loves writing.,4
i am someone who loves writing.,4
i am the oldest of 2 children.,4
i am the oldest of 2 children.,4
i like soccer,0
i like soccer,0
a man,4
i like science.,0
i like science.,0
student,2
i have a late birthday,4
my favorite sea animal is a dolphin,4
i like to go to the beach.,0
i like to go to the beach.,0
im a boy,4
i like watching tv.,0
i like watching tv.,0
creative,4
my favorite candy is butter finger,4
i have a yonger brother,4
a annoying person,1
a good boy,4
a good boy,4
i speak spanish,4
i speak spanish,4
i am 5'0,4
i like hanging out with people,0
i like hanging out with people,0
l am nice,4
i like water.,0
plays fortnite,4
i'd pefer being at school the at home.,4
in chase money,4
i like going to the play ground.,0
i like going to the play ground.,0
i love when i can use hint like they tell me what to do .,0
i love when i can use hint like they tell me what to do .,0
i am a girl,0
im a student a [school name],2
i'm in chorus and band at my school.,4
i'm in chorus and band at my school.,4
i like to wear short thing,0
i like to wear short thing,0
i am [first name] a gamer,4
i am [first name] a gamer,4
i have two older borthers a younger sister and a younger borthers,4
i am straight,4
i have 1 series badges unlocked on math stream.,4
i am a person with brown hair,1
i like too sing,0
i like too sing,0
i am a person who loves animals.,1
im a mommas boy,4
im a mommas boy,4
my favoret candy are jolly ranchers,4
daughter,4
daughter,4
i like burgers,3
bye,4
i love going to party and eat.,0
i love going to party and eat.,0
i like watching funny things,0
i like watching funny things,0
dogs are my favorite animals out of cats,4
i am [last name] .,4
my favorite song is i will wait for you by future.,4
i love school.,0
i love school.,0
erthnyu,4
i am athletic,4
a girl who plays video games.,0
a girl who plays video games.,0
im 5'2,4
i have brown eyes.,4
i like being at school because school is like my home because all my friend and my teachers.,0
i like being at school because school is like my home because all my friend and my teachers.,0
i speak english and portuguies,4
i speak english and portuguies,4
l am good at volleyball,4
i am girl.,0
i like talking to people,0
i like talking to people,0
i speak vietnamese.,4
i speak vietnamese.,4
i like math,0
i like math,0
i like me,3
i like me,3
somewhat resposible,4
a student,2
i like my room,3
i like games,0
i like games,0
i am from cape verde,4
i enjoy school.,4
i like to go to arcade,3
i like to go to arcade,3
i am a kid that goes to [school name],4
i am a kid that goes to [school name],4
i am a kid that goes to [school name],4
i like to speak in english,0
i like to speak in english,0
i speak english.,4
i speak english.,4
i am a stranger things lover,4
i like to bake,0
i like to bake,0
i wanna be an nba player,4
i am a basketball player,4
afletic,4
i like roblox,0
i like roblox,0
i am [name].,4
i'm creative,4
my fast food is wingstop,4
"i'm nice, great, and good bestfriend/friend/family member",4
"i'm nice, great, and good bestfriend/friend/family member",4
"i'm nice, great, and good bestfriend/friend/family member",4
"i'm nice, great, and good bestfriend/friend/family member",4
my favorite subject is history,4
musician,4
i am a student,2
i am beautiful.,4
i am [first name] a 12 year old boy,4
i am [first name] a 12 year old boy,4
i am [first name] a 12 year old boy,4
i'm [first name],4
im 5'2,4
[first last name],4
i am cape verdian.,4
i am from cape verde,4
i play basket ball fun,4
i like when they tell me what i did wrong.,0
i like when they tell me what i did wrong.,0
cat lover,4
i am a 13 year old female,4
i am a 13 year old female,4
student,2
my last name is german,4
my last name is german,4
i am [first last name],4
i am the youngest sibling,4
a non physical sport person,1
i am a good baker,4
kind person,1
kind person,1
i am sensitive,4
i love jordans,0
i love jordans,0
i believe in god and that jesus died for us,4
i am a student.,2
i like gym.,0
i like gym.,0
i like anime,0
i have a vr,4
i'm a video gamer,4
i'm kind,4
im a quite person,1
i am me.,4
i am a volunteer.,4
i am someone who likes to cook,4
i am someone who likes to cook,4
i like to make frinds,0
i like to make frinds,0
i like to make frinds,0
i'm not strong in math,4
i am a pizza lover,4
i love my family,0
i love my family,0
i am someone who likes to travel,4
i am someone who likes to travel,4
i have 5-6 cousins,4
i have a cat,4
i am someone who's birthday is on [day].,4
a nerd,4
a nerd,4
i am [first last name],4
i wear jordans,4
i play basketball,4
i am a gamer,4
i am 14 years old.,4
i love my little sister.,0
i love my little sister.,0
i am the person that my brithday is on decmber,1
i love my family,0
i love my family,0
i am 13,4
an animal lover,4
i like to draw,0
i like to draw,0
i never tried india food but if i can then i would,4
i am kind,4
i am the youngest child,4
i am the youngest child,4
i am a person who likes to swim,1
i am a person who likes to swim,1
my favorite sports team is the celtics,4
i am a middle school student,2
i am a middle school student,2
i am a middle school student,2
i am a students from 6 grades,4
i am a students from 6 grades,4
i am a students from 6 grades,4
i really like to watch anime,0
i really like to watch anime,0
i am a gamer,4
my favorite month is february,4
a son,4
a son,4
i like basketball,0
i like basketball,0
i play a lot of video games,0
smart,4
smart,4
i am [first name].,4
i am pretty good at math,4
i love volleyball.,0
i love volleyball.,0
im a 6th grade student,2
im a 6th grade student,2
im a 6th grade student,2
i dont like school,0
good at doing hair,4
a brother,4
a brother,4
i love cats,0
i am someone who likes games,4
i am someone who likes games,4
i like action movies,0
i like hot cheetos n doritos,3
im a pet person,1
i like sports,0
i like sports,0
i like kai cenat,0
my favorite show is deathnote,4
my fav food is pasta,4
im funny,4
an artist,4
i like all my friends.,0
i like all my friends.,0
i am a respectful young woman.,4
i am a respectful young woman.,4
i am a respectful young woman.,4
i am more strong in english.,4
i am passionate,4
i am someone who likes going outside,4
i am someone who likes going outside,4
my favorite food is ox tail,4
middle child,4
middle child,4
i like roblox,0
i like roblox,0
i am [first last name],4
i have a ginger cat,4
i like football and basketball.,0
i like football and basketball.,0
a gamer,4
i like to watch new shows,0
i like to watch new shows,0
i like moneyyyy$$$$!!!!!!!!,3
i like moneyyyy$$$$!!!!!!!!,3
i am [teacher] student,2
i have 2 older brothers.,4
i like skin care,0
i like skin care,0
a cape verdean girl,4
a cape verdean girl,4
babytron defender,4
i like shoes,0
i like shoes,0
i'm a female,4
i am someone who has a sister,4
i am the youngest,4
i am in love with the color yellow.,0
i played soccer,4
i like to talk,0
i like to talk,0
i spend time with my family,4
i spend time with my family,4
i am a basketball player,4
i am respectful,4
i like sleeping,0
i like sleeping,0
i am from massachusetts,4
i like cars,0
i like to read,0
i like to read,0
i am an english speaking person,1
i am an english speaking person,1
a 12yo girl,0
a 12yo girl,0
i like to listen to music,0
i like to listen to music,0
i am a students from 6 grades,4
i am a students from 6 grades,4
i am a students from 6 grades,4
im a rabbit,4
i am someone who is respectful.,4
i am a short person,1
a volleyball player,4
honest,4
i dont like the teachers here,0
i dont like the teachers here,0
i am a sneaker lover,4
i am a sneaker lover,4
i am honest,4
i am someone who likes to watch,4
i am someone who likes to watch,4
i like going outside,0
i like going outside,0
roblox n fortnite lover.,4
roblox n fortnite lover.,4
l'm a girl,0
i ilike lexia,4
i ilike lexia,4
i am a student,2
i am a soccer player and i play for [team name],4
13 year old,4
i am a althle,4
i love candy,0
i am a student,2
basketball player,4
i am a singer,4
i am a nice person i think,1
i am a nice person i think,1
i like rewards.,3
i am a mathia superstar,4
im mostly bored,4
my favorite color is blue,4
i am someone who can speak chinese.,4
i am someone who can speak chinese.,4
i love shoes.,0
i love shoes.,0
"i'm a student at the [school name], i love dancing, singing, gym class, art class, eating food",0
"i'm a student at the [school name], i love dancing, singing, gym class, art class, eating food",0
"i'm a student at the [school name], i love dancing, singing, gym class, art class, eating food",0
"i'm a student at the [school name], i love dancing, singing, gym class, art class, eating food",0
"i'm a student at the [school name], i love dancing, singing, gym class, art class, eating food",0
i am someone that loves to be the want to be the funny one in the family.,4
i'm smert,4
i'm smert,4
i am shy with certain people,4
dnd mean do not dasturd,4
i am a students from 6 grades,4
i am a students from 6 grades,4
i am a students from 6 grades,4
i speak four language .,4
i speak four language .,4
i like to play basketball,0
i like to play basketball,0
i go to a school in [school district],0
i like physical education,0
i like physical education,0
i am a only child,4
i am a only child,4
i'm really smart,4
i'm really smart,4
i am loyal. thats it.,4
i am a cashapp user,4
i love jesus.,0
i love jesus.,0
i like games,0
i like games,0
i like candy,0
i like art,0
i like art,0
i am a game lover,4
i am a game lover,4
am lovely,4
i'm a student.,2
a love for pizza,0
i am a reader,4
i play soccer,4
dumb,4
dumb,4
cousin of [first last name],4
i hate math and english.,4
i hate math and english.,4
a christan,4
i am a good freand,4
i am a good freand,4
i am artistic,4
i like pizza,0
i like iced tea.,3
student,2
i am a shoe lover,4
i am a shoe lover,4
my best firend is my little brother,4
my best firend is my little brother,4
i am a owner of a cat,4
i am good school.,4
i am a student ambassador,2
i am learning chinese,4
im a cool person,1
im a cool person,1
i play on playstation,4
i am a good booy,4
i am a good booy,4
i have adhd,4
i can speed-walk really fast,4
i am a person who likes food,1
i'm shy,4
i love my friends.,0
i love my friends.,0
i like going out,0
i like going out,0
i like going to pools and the beach,0
i like going to pools and the beach,0
i have short hear,4
i like cartoons,3
i love my dad,0
i like to go to the pool,0
i like to go to the pool,0
i am the oldest child,4
i am the oldest child,4
i like dogs,0
sometimes i like to watch a move,0
sometimes i like to watch a move,0
i am an aunt,4
i am an aunt,4
math is my least favorite subject,4
i like math.,0
i like math.,0
i like pcs6,3
i love being in school,0
i love being in school,0
i'm an english speaker.,4
i'm an english speaker.,4
honor student,2
yes i like icecream,0
i am a boy,4
my favirote color is red,4
i am european and cape verdean.,4
i am someone who likes to swim.,4
i am someone who likes to swim.,4
i have a lot of friends,4
i like red,0
do something like make practice we can make at home.,0
somebody who likes sour stuff,4
african,4
i like mcdonalds,3
i love my school,0
i love my school,0
i dont really like math,0
i dont really like math,0
i am a fan of money!!! yea!,4
i am a fan of money!!! yea!,4
my favorite subject is ela,4
i am a soccer player,4
i am a good kid,4
i am a good kid,4
i am a good kid,4
i like math,0
i like math,0
i like to play soccer,0
i like to play soccer,0
i like more food,0
i am someone who likes the color orange,4
i am dominican and haitian,4
i'm a cape verdean.,4
pronouns are she/her.,4
i am a straight a student,2
capeverdean,4
man,4
im am a food lover,4
i like clash royale,3
i like clash royale,3
i am an honors in english and math.,4
skibidi watcher i love to fanum taxer trump 2024,0
i like giving people gifts,0
i am 14 year old singer,4
i am 14 year old singer,4
i am a student,2
i love my family,0
i love my family,0
i am a girl,0
i like cats,0
i am a designer enjoyer,4
i like footboll,3
i like footboll,3
i am a girl who doesnt like to do her mathia,0
i am a girl who doesnt like to do her mathia,0
i am someone who likes food,4
i am someone who loves art,4
i am someone who loves art,4
im german,4
i am good at swimming.,4
i like math.,0
i like math.,0
i am fun,4
i'm a game lover.,4
i am [first name].,4
my favorite meal of the day is breakfast,4
and half angolan,4
i like play basket ball,0
i like play basket ball,0
i am funny,4
im a students,4
i like instagram,3
i like instagram,3
i don't like math,0
i don't like math,0
i am a neat person,1
i love basketball shoes,0
i love basketball shoes,0
i'm 12 year old,4
i have one friend from my past school,4
i like 2k,3
i like 2k,3
a cousin,4
i am dominican,4
i like playing games,0
i like playing games,0
i am someone that loves math.,4
i am someone that loves math.,4
i am someone who dose karate,4
[teacher] student,2
i like to talk to my friends,0
i like to talk to my friends,0
i like to talk to my friends,0
i hev good vision,4
im cape verdean.,4
i like school because i can see my friend,0
i like school because i can see my friend,0
i like school because i can see my friend,0
i am 5'1 and 1/2.,4
i'm good at math,4
i enjoy wearing oversized shirts/hoodies,4
i am a son,4
i am a son,4
i am a person who finished there facts quiz,1
i like playing games,0
i like playing games,0
i am a football player,4
i like games,0
i like games,0
i like my math teacher,0
i like my math teacher,0
i like to play basketball,0
i like to play basketball,0
i am a advisor,4
kind,4
i am [first last name],4
i am a girl who has never built an iglo.,0
i am a girl who has never built an iglo.,0
i wear glasses,4
im 13 years old,4
i am a taco,4
i like dogs,0
i play games,0
i am someone how loves soccer,4
i am someone how loves soccer,4
gym is my favorite specialist,4
i like gym.,0
i like gym.,0
i like hanging out with my friends,0
i like hanging out with my friends,0
i like hanging out with my friends,0
cyberpunk 2077 player,4
i want a hamster,4
a artist,4
i like to play games,0
i like to play games,0
i am a person with most drip,1
i like school,0
i like school,0
i like youtube,0
i like youtube,0
band student,2
band student,2
i am mostly good at solving math equations,4
i like games,0
i like games,0
i love smart cat,0
i am a athlete who play soccer and does track,4
i am a confident person,1
i am a confident person,1
band kid,4
band kid,4
band kid,4
i love jordens,0
i love jordens,0
i am good with kids.,4
i am a person who favorite color is sky blue,1
funny,4
i come from an italian/english speaking hous.,4
i come from an italian/english speaking hous.,4
a person who memorized 61 digits of pi,1
i like stocks and money,0
i like stocks and money,0
i am a videogame player,4
"i am somebody whose fav math teachers are [teacher], [teacher]",4
i am a student,2
i can cook rise,4
i do gymnastics,4
i like pink,0
i like converse sneakers,0
i like converse sneakers,0
i like to play board games.,0
i like to play board games.,0
i am a fan of math.,4
i am a fan of math.,4
i am a chiled,4
i am a chiled,4
one of the smartest people in my math class,0
one of the smartest people in my math class,0
one of the smartest people in my math class,0
i like lunch,0
i like lunch,0
i am black,4
i am someone that want to go to college.,4
i am someone who likes to party,4
i am someone who likes to party,4
i used to play baseball,4
i am [first name],4
i like amusement parks,0
i am a person with many interest,1
i like racing games,0
i like racing games,0
i love grandma,0
i love grandma,0
dog lover,4
i am a cool person,1
i am a cool person,1
i like you tube,3
i like you tube,3
i have a ps5,4
im a candy lover,4
i'm a colorful clothe lover,4
i'm a colorful clothe lover,4
"a person who likes collectables like coins, (should add collectable items with rarity to collect in an inventory.",1
my parents are from africa,4
my parents are from africa,4
a punchmade dev listener,4
i like patriots,3
i dont like math,0
i dont like math,0
i am a student,2
i am a lacrosse player,4
i love math,0
i love math,0
i am kind,4
i love sunsets,0
i go to school:(,0
i am someone who has a god-daughter,4
i like to read.,0
i like to read.,0
i like mac n' cheese,3
i am someone who loves art,4
i am someone who loves art,4
in in 6th grade,4
in in 6th grade,4
in in 6th grade,4
i like my friends ( sometimes),0
i like my friends ( sometimes),0
i like video games,0
i like video games,0
i hate math.,0
i hate math.,0
i am a student,2
i have about 3 befriends.,4
i am confident,4
i am confident,4
i play fortnite and im level 33,4
i am a person who likes math,1
i like math classe,0
i like math classe,0
i am scholarly,4
[first last name],4
i'm straight.,4
i like math,0
i like math,0
i like music,0
i am athletic,4
i have 4 sisters and 3 brothers,4
i am more fond of work on paper.,4
i like to roller skate,0
i like to roller skate,0
i wish mathia was more understanding.,4
i wish mathia was more understanding.,4
i am a non-binary,4
i like visiting family members,0
i like visiting family members,0
i like visiting family members,0
i am in 6th grade,4
i am in 6th grade,4
i am in 6th grade,4
i love roblox.,0
i love roblox.,0
i'm cape verdean,4
i like lunch time,0
i like lunch time,0
i am a pretty chill person,1
histroin,4
i'm a student,2
[letter of name],4
daughter,4
daughter,4
i would like it to be more fun but it is fun.,0
i speak english,4
i speak english,4
i love leaning,0
i love leaning,0
i am a uncle,4
i am a uncle,4
i don't like qizes,0
tender defender,4
i play football and hockey,4
i like to play game,0
i like to play game,0
i like steph curry,3
i like steph curry,3
i am short.,4
i like water.,0
i am cape verdean,4
i eat a lot,4
i like having my nails done,0
i like having my nails done,0
i'm in 6 grade,4
i'm in 6 grade,4
i'm in 6 grade,4
i'm tale,4
a basketball player in training,4
i am a middle child of 5 kids.,4
i am a middle child of 5 kids.,4
i love to learn,0
i love to learn,0
i am a person who speaks 2 languages,1
i am a person who speaks 2 languages,1
i am from cape verde,4
i like scary movies,0
i am a student,2
i am cape verean,4
im english speaking,4
im english speaking,4
a good listener,4
i'm fun,4
i don't like school,0
i play on my ps5,4
i have an litle sister,4
i am a 6th grader,4
i am a 6th grader,4
i am a 6th grader,4
i like to play horror games,0
i like to play horror games,0
i am apart of mock appeal.,4
i am caring.,4
i need a job for help myself,4
[first last name],4
"i love haitian, jamaican  that's it",0
i am kind,4
i like facetiming my friends and cousin,0
i like facetiming my friends and cousin,0
i like facetiming my friends and cousin,0
i like facetiming my friends and cousin,0
i'm 11-12 yrs old,4
my favorite food is haitian food.,4
i have 5 sibling only one is blood.,4
i am someone who likes the color green,4
i like play fortnite,0
i like play fortnite,0
i am amazing.,4
i like sports.,0
i like sports.,0
i am a gamer,4
i like the color baby green.,0
i am an english speaking person,1
i am an english speaking person,1
i love the sunriz,0
i am [first name],4
i like to read.,0
i like to read.,0
i dont like math,0
i dont like math,0
straight,4
i am a peer leader,4
i am a peer leader,4
i am someone who likes to draw,4
i am someone who likes to draw,4
i am a girl who loves mcds.,4
i am a girl who loves mcds.,4
i am someone loves lip gloss,4
i am someone loves lip gloss,4
i like coryxkinshen,3
i like coryxkinshen,3
i love all my teacher.,0
i love all my teacher.,0
i help people with there work,4
i help people with there work,4
i am a person who plays a lot of games,1
i like to do my makeup.,0
i like to do my makeup.,0
i like gym,0
i like gym,0
i am a money maker,4
i am a money maker,4
i am someone who wears glasses,4
my favorite candy is freeze dried skittles,4
i like sneakers,0
i like sneakers,0
i have curly hair,4
i am someone who loves to talk sometimes,4
i am someone who loves to talk sometimes,4
i want to be a writer when i'm older.,4
"6,2",4
i love my nana and aunt yaya,0
i love my nana and aunt yaya,0
i like gym class.,0
i like gym class.,0
i'm a cat lover,4
i am accomplished,4
i go to church,4
i am a good-behaving person,1
i am white,4
i am a watermelon lover,4
i dislike summer more than winter,4
i like nails,0
i like nails,0
i like cat,0
i love eating,0
i collect rocks and gems,4
i love writing books.,0
i love writing books.,0
i like sports,0
i like sports,0
i hate school,4
i hate school,4
i like dairy queen,3
i'm in 6th grade,4
i'm in 6th grade,4
i'm in 6th grade,4
im a student,2
i like to play nintendo with my sister,0
i like to play nintendo with my sister,0
i like to play nintendo with my sister,0
trumpent player,4
soccer player,4
i am an afercain amarican,4
i like flowers,3
a mixed girl,4
a mixed girl,4
i'm a student,2
i like to hang out with my friends,0
i like to hang out with my friends,0
i like to hang out with my friends,0
i am a student.,2
i love chicken,0
i like games,0
i like games,0
i am trying to find the right people to hang out with,4
i am trying to find the right people to hang out with,4
[teacher] student,2
i like math,0
i like math,0
im  haitian,4
saxophone player,4
i am someone who loves the beach,4
smart,4
i am a person that wants to sky dive when am older,1
i am a person that wants to sky dive when am older,1
my favorite candy is air heads.,4
i like sprite,3
my favorite subject is english.,4
my favorite subject is english.,4
my favorite subject is english.,4
i have 8 pairs of shoes,4
grandaughter,4
grandaughter,4
i love work,0
i love work,0
i hope to be fluent in spanish when i am older.,4
i am a genuis,4
im bajan,4
i am a person that has a cat,1
i am a person that has a cat,1
my favorite color is blue and red,4
i am a person that likes basketball,1
i am a person that likes basketball,1
i am a person that likes basketball,1
i'm an animal lover,4
i like to spend time with my family,0
i like to spend time with my family,0
i like traveling,0
i like traveling,0
i am a person who likes ice cream.,1
i am a person who likes ice cream.,1
i am a girl who loves to bake,4
i am a girl who loves to bake,4
i am a girl who loves to bake,4
i like foot ball,0
i like foot ball,0
i have 14 siblings,4
i am scholarly,4
babysitter,4
funny,4
i am someone who loves being clean,4
my favorite show is spongebob,4
hate halloween,4
im a shy person,1
im a shy person,1
i am someone who likes laughing,4
i am someone who likes laughing,4
i love cachpu,0
iamm,4
i like art,0
i like art,0
i like cars,0
l speak cape verdean creole,4
l speak cape verdean creole,4
i am someone who has dark brown hair,4
i am a proud capeverdean.,4
student,2
i am a volleyball player.,4
i'm a cape verde,4
i'm good at singing,4
i am hard working,4
i like cars,0
i like the music from the weekend,0
i like the music from the weekend,0
i love roblox,0
i love roblox,0
i stress a lot over little things.,4
i speak english,4
i speak english,4
i like play stuff outside of school,0
i am the last kids,4
i am in 6 grade,4
i am in 6 grade,4
i am in 6 grade,4
i am the person that want it to snow every day,1
i love suhi.,0
i love pizza,0
i like moving and doing things like traveling.,0
i like moving and doing things like traveling.,0
i am [first name],4
i am someone who is from [location].,4
i have a twin sister,4
i'm also an older sister of one,4
i'm also an older sister of one,4
i am a person whos nice and never cruel,1
i am a person whos nice and never cruel,1
i have three sisters and i'm the oldest.,4
i am [first name],4
i am a student,2
i like money,0
i am black african american.,4
i don't like vegetables (except for cute-cumbers),0
i'm lactose intolerant.,4
i like shows,0
my favorite color is light purple.,4
i am a christian,4
i speak both english and cape verdean creole,4
i speak both english and cape verdean creole,4
i like math,0
i like math,0
i like playing games,0
i like playing games,0
i'm hard on myself.,4
i like my mom,0
i like my mom,0
i am a jugedmental person sometimes,1
i am a jugedmental person sometimes,1
i like to do puzzles.,0
i like to do puzzles.,0
my favorite color is baby pink,4
not like exit ticket,3
i am loving,4
i want money,4
am smort,4
i am a person with straight hair.,1
i am a person with straight hair.,1
i play bari sax,4
i have nothing else to say,4
i am a students,4
friend of [first last name],4
"the things that i don't about school is the academic part but i only like talking to friends and science, ela and math sometimes.",0
"the things that i don't about school is the academic part but i only like talking to friends and science, ela and math sometimes.",0
i am someone who thinks the mathia robot is a boy,4
i like talking to my friends,0
i like talking to my friends,0
i have social anxiety.,4
i am a person who is neat and tidy.,1
i am a person who is neat and tidy.,1
i can dress good,4
i love to clean. i like things clean.,0
i am smart,4
i play basketball,4
i am 5'3.,4
i like crocs,0
i am someone how loves the color black,4
i can dress good,4
i am a person who like to stay in the pool,1
i am a person who like to stay in the pool,1
i like my 7th grade reading teacher.,0
i like my 7th grade reading teacher.,0
i like purple jeans.,0
i like music,0
i'm a big sister,4
i'm a big sister,4
i am someone that loves my brother.,4
i am someone that loves my brother.,4
i love to go shopping.,0
i love to go shopping.,0
i have 2 cats.,4
i am a romance lover,4
i am 13,4
i like riding bikes,0
i like riding bikes,0
ilove to play,4
i am a big brother,4
i am a big brother,4
i like being dominican american,0
i like being dominican american,0
i like cooking,0
i like cooking,0
i am somebody that likes english class.,4
i am somebody that likes english class.,4
i am somebody that likes english class.,4
i am someone who loves games,4
i am someone who loves games,4
i have a black iphone 11,4
i have 1 sibbling,4
don't and do like math but here we are and i have to do this so why not do good i guess,0
don't and do like math but here we are and i have to do this so why not do good i guess,0
i like cook,0
i like cook,0
i am cape verden,4
i am loveable,4
im cool,4
i like pineapple,3
cook,4
i am good at cross country,4
i am good at cross country,4
i have brown hair.,4
i am jealous,4
im a loveable person,1
im a loveable person,1
i not like english,0
i not like english,0
i speak english. my native language was luganda.,4
i have 4 sisters,4
i am a student,2
im a movie watcher,4
generous,4
i am someone that has a brother.,4
i am a brother,4
i am a brother,4
i am [first name] a fisherman,4
i am [first name] a fisherman,4
i am a person who loves my family.,1
i am a person who loves my family.,1
i would like to have more example before getting to the point.,0
"i am 5,4",4
im short,4
i'm a money kid,4
i'm a money kid,4
im a students,4
i like soccer,0
i like soccer,0
i am sensitive,4
i'm a 6 grader,4
i'm a 6 grader,4
i'm a 6 grader,4
a person in honors classes,1
a person in honors classes,1
i used to play the clarinet,4
i speak a lot language,4
i'm alergic to pineaple,4
i like math and science,0
i like math and science,0
i like to watch marvel movies.,0
i like to watch marvel movies.,0
i am kind,4
i am a student,2
i love art,0
i love art,0
i love clothing,0
i love clothing,0
a jokester,4
my best friend is my best friend,4
im good at math (sometimes),4
a enemy to some people,4
i like to sleep,0
i like to sleep,0
my favorite color is purple,4
i like slushies.,3
i like video games,0
i like video games,0
i'm a girl,0
i like to paint my nails,0
i like to paint my nails,0
i like drawing and reading sometimes,0
i like drawing and reading sometimes,0
i like drawing and reading sometimes,0
i'm leter,4
i am a fan of ronaldo,4
i am a fan of ronaldo,4
mean,4
a talkitave person,1
i am a feem for roblox.,4
i am a feem for roblox.,4
i am a girl,0
i like [teacher],0
i like [teacher],0
i like cheteo puffs,3
i have curly hair,4
i'm blond,4
i am a sixth grader,4
i am a sixth grader,4
i am a sixth grader,4
i like animals,0
i have good grades,4
i have good grades,4
i have good grades,4
i love chicken,0
i have 3 siblings,4
i am 11 years old,4
i am a food lover,4
i love to sleep,0
i love to sleep,0
i love sweaters,0
i am haitian.,4
i like to play on my trampoline,0
i like to play on my trampoline,0
i dont like dogs,0
i am [first name],4
i have 1 sister and 1 half brother,4
i'm short,4
i like my friend's,0
i like my friend's,0
i like a soccer,0
i like a soccer,0
someone who wears the same sweater every day,4
i like no school,0
i like no school,0
i have lot of family,4
i'm a animal lover.,4
i am human,4
im in honors academy,4
im in honors academy,4
i like blue,0
i love sports,0
i love sports,0
i am a track and field runner,4
i am jamacian,4
i have 4 siblings,4
i am a girl,0
i am a person who likes to draw.,1
i am a person who likes to draw.,1
i am a person who likes to draw.,1
patient,4
i am a person who plays games,1
i am a person who plays games,1
i like cat's,0
bye,4
i like movies,0
i have a lot of cousins,4
i like to learn math,0
i like to learn math,0
i like to play games,0
i like to play games,0
i am an nba fan,4
i am an nba fan,4
i like doughnuts,3
a creative person,1
i have one brother,4
i'm inpatient,4
a fortnite player,4
i am him,4
i'm a boy,4
i like space,0
i like space,0
my favorite holiday is christmas,4
friendly,4
fortnite player,4
i like to renne,3
i like money,0
other planets look unique,4
i am someone who lives in a house,4
i am the only daughter of 4 kids,4
i am the only daughter of 4 kids,4
i am the only daughter of 4 kids,4
i am mostly tired,4
im older than a country by a month an 5 days,4
basketball enjoyer,4
basketball enjoyer,4
i have 2 sisters.,4
i am someone who likes to go swimming.,4
i am someone who likes to go swimming.,4
i am a good guy,4
i am a good guy,4
i go to the gym,4
i like my dad,0
i like my dad,0
i love my family.,0
i love my family.,0
i don't have glasses,4
i play soccer,4
im in middle school,4
im in middle school,4
im in middle school,4
i am someone who loves math .,4
i am someone who loves math .,4
i am the middle child,4
i am the middle child,4
i love going on vacations,0
i love going on vacations,0
i am person that want a dog,1
i am person that want a dog,1
i am a funny person,1
i am a funny person,1
i love jewelery,0
i love jewelery,0
i am a young female who loves to read.,4
i am a young female who loves to read.,4
i am a young female who loves to read.,4
i love cats,0
i like fashions,3
i like fashions,3
im a good sister,4
im a good sister,4
im a good sister,4
i'm an english speaking person,1
i'm an english speaking person,1
a boy,4
my birthday is in june,4
i like new clothes and new shoes.,0
i like new clothes and new shoes.,0
i get nervous.,4
youtube watcher,4
i am in 6 grade.,4
i am in 6 grade.,4
i am in 6 grade.,4
i am the oldest sister,4
student,2
cars like testla are cool,0
i am passionate,4
i am friendly.,4
i am a student,2
i am somebody who does good in math.,4
vacation is fun,4
i am a person who is looked down upon,1
i am a person who is looked down upon,1
i am a person that likes games,1
i am a person that likes games,1
i am a person that likes games,1
i like to dance,0
i like to dance,0
i love chicken,0
im smart,4
i have siblings,4
i am [first name] and i love the color pink.,0
i am [first name] and i love the color pink.,0
i like games,0
i like games,0
i have a pet,4
i like art class,0
i like art class,0
i like art class,0
i love going to funz with my friends,0
i love going to funz with my friends,0
i love going to funz with my friends,0
i like basketball,0
i like basketball,0
good at reading,4
i am a nice studant,4
i am a gymnast.,4
i am smart,4
i like,3
i am african american,4
i have blue eyes,4
i like sports,0
i like sports,0
i like looking a schools,0
i like to drink water,0
i participate in chorus.,4
i am a soccer player,4
i like school only because of my friends.,0
i like school only because of my friends.,0
i like school only because of my friends.,0
i' sudit lore,4
im a food lover,4
"i am a cheerleader,",4
"i am a cheerleader,",4
i like chips,0
i am 5 feet 6 inches tall.,4
i like madden,3
i like madden,3
i am tall.,4
i like making money,0
i am a student,2
someone who likes sour patch kids,4
i love my old kittens and puppies and miss them,0
i love my old kittens and puppies and miss them,0
i am a students from 6 grades,4
i am a students from 6 grades,4
i am a students from 6 grades,4
i am african american (ugandan),4
im a hard worker,4
i'm 13,4
i am a english speaking person.,1
i am a english speaking person.,1
i am a english speaking person.,1
[first name] friend,4
l have a twin sister,4
ii love to sleep,0
ii love to sleep,0
i am from massachusetts,4
somebody who is a big sister,4
somebody who is a big sister,4
someone who plays games freqently,4
determined,4
i like snakes,3
i am a dog mom,4
i am a dog mom,4
i'm a gamer.,4
i like certain sports,0
i like certain sports,0
i am a spiderman fan,4
person,1
i watch animae.,4
i am 6th grader .,4
i am 6th grader .,4
i am 6th grader .,4
i like water,0
i dont like writing a lot.,0
i dont like writing a lot.,0
i dont like to talk if i feel your not listening.,0
i dont like to talk if i feel your not listening.,0
im a 8th grader,4
im a 8th grader,4
im a 8th grader,4
i'm a girl,0
i'm a middle child,4
i'm a middle child,4
"i'm a student at the [school name], i love dancing, singing, gym class, art class, eating food",0
"i'm a student at the [school name], i love dancing, singing, gym class, art class, eating food",0
"i'm a student at the [school name], i love dancing, singing, gym class, art class, eating food",0
"i'm a student at the [school name], i love dancing, singing, gym class, art class, eating food",0
"i'm a student at the [school name], i love dancing, singing, gym class, art class, eating food",0
i want to be as smart as a sciecntic.,4
air,4
a am a middile school student,2
a am a middile school student,2
a am a middile school student,2
i like to play fights with my sisters,0
i like to play fights with my sisters,0
i like history class,0
i like history class,0
[letter of name],4
[special characters unintelligble] a scammer,4
i am a student,2
im funny,4
i have good grades in english and social studies,4
i have good grades in english and social studies,4
i have good grades in english and social studies,4
i am the youngest child on my mom side,4
i am the youngest child on my mom side,4
and i love waching vidos,0
and i love waching vidos,0
im drake,4
i am a student,2
i am a students from 6 grades,4
i am a students from 6 grades,4
i am a students from 6 grades,4
i am self-suffient.,4
i talk alot,4
i'm half spanish and half brazilian,4
i am sicence guy,4
i am sicence guy,4
im a girl,4
i'm somebody who likes to use roblox,4
i'm somebody who likes to use roblox,4
i am a [school name + mascot].,4
l have brown eyes.,4
i like to hang out with my friends,0
i like to hang out with my friends,0
i like summer,0
i like box,3
i am a girl,0
i like basketball,0
i like basketball,0
best fortnite player,4
i am a person that likes math.,1
i am a person that likes math.,1
i am a person that likes math.,1
i am good at cheer,4
i am the middle child.,4
i am the middle child.,4
daughter of [first last name],4
daughter of [first last name],4
i am [first middle last name],4
my favorite artist is pure o juice.,4
little sister of [first last name],4
little sister of [first last name],4
i am an athlete.,4
i play soccer,4
i am me,4
from [city],4
im short,4
respectful,4
i am someone who is play full when i get to know you,4
i am cape verdean.,4
i'm mix black and whit,4
i'm a daughter,4
i find math challenging sometimes,0
i like food,0
cape verdean,4
bye,4
i like to participate in musicals/plays.,0
i like to participate in musicals/plays.,0
my favorite hoodie brand is essentials,4
i like watermelon,3
i like talkies,3
i like to get awards for being a good student,2
i like to get awards for being a good student,2
i am boy,4
i am a summer/spring person,1
i am a summer/spring person,1
i am level 5000 in fortnite.,4
i am a 6th grader.,4
i am a 6th grader.,4
i am a 6th grader.,4
i like to play volleyball,0
i like to play volleyball,0
i like the beaches,3
my name is [first name] but my nickname is [nickname].,4
i will be 6 feet or taller,4
my favorite shoes is jordans,4
i speak english,4
i speak english,4
my favorite season is summer,4
i like hanging out with friends,0
i like hanging out with friends,0
i like soda,3
i am a student and a soccer player,2
i am a student and a soccer player,2
my favorite color is pink,4
i hate everyone but my mom and sisters and bothers,4
i hate everyone but my mom and sisters and bothers,4
i love school,0
i love school,0
i play basket ball for fun,4
i am someone who loves watermelon and mango,4
i love fried rice,0
i'm smart,4
i understand vietnamese,4
i understand vietnamese,4
i like ja morent and lebron james,3
i am [last name].,4
i am a fighting type game liker,4
i am a fighting type game liker,4
i am [first name].,4
i like makeup.,0
i like makeup.,0
i am someone who likes milkshakes.,4
i am kind,4
i am not fond of computer work.,4
i am not fond of computer work.,4
i am a brother,4
i am a brother,4
a website creator,4
i am a sister,4
i am a sister,4
i am 11,4
i am a human,4
i love my family,0
i love my family,0
i am from [city],4
i like to do beach ball,0
i like to do beach ball,0
i like cares,3
i am somebody that has trouble paying attention.,4
i am size 4 in shoes,4
i am [last name] .,4
i run track,4
i like drawing,0
i like drawing,0
i am haitian and russian.,4
italian,4
i like my sis,3
i like my sis,3
i like science,0
i like science,0
i like birds,3
i like to watch horror and thriller movies,0
i like to watch horror and thriller movies,0
i am motivated,4
i am someone loves walking with my friends,4
i am someone loves walking with my friends,4
"i love my best friend, shes half of my cousin",0
"i love my best friend, shes half of my cousin",0
"i love my best friend, shes half of my cousin",0
i like cheetahs,3
i am haitian,4
i have black hair,4
i like to be explained why i am wrong.,0
i like to be explained why i am wrong.,0
i am a person who kind of likes work,1
i am a person who kind of likes work,1
i am 12 years old.,4
i am tall,4
i like to watch miraculous ladybug.,0
i like to watch miraculous ladybug.,0
i am fast,4
i'm not a supporter of lgtbq.,4
i am [first name].,4
i am someone who sometimes speaks another language at home but is not fluent at it,4
i am someone who sometimes speaks another language at home but is not fluent at it,4
loyal,4
im a soccer player,4
i am a nike merchant,4
im european,4
i am a risktaker,4
i not like social studie,0
i not like social studie,0
i like to swim,0
i like to swim,0
i like reading,0
i like reading,0
i like to be cozy,3
i am someone who likes to play jepordy,4
i am someone who likes to play jepordy,4
i am a haitian american,4
i am a haitian american,4
an artist,4
i can write in other langues,4
i wanna be a docter,4
i like pink,0
i'm a neat looking person,1
i like the waterslides,3
i speak fluent yapanness.,4
i like doing matha,0
i like doing matha,0
i'm a brown eyed person,1
i'm a brown eyed person,1
a student,2
i have brown eyes,4
i try to have good grades,4
i try to have good grades,4
i try to have good grades,4
i am babysitter,4
i love my phone and being on it.,0
i love my phone and being on it.,0
i like the color pink.,0
cape verdan,4
i am myself.,4
i like gym,0
i like gym,0
i am a student,2
i have 9555 coins on math stream,4
i have 2 step brothers,4
i play softball,4
im am male,4
i am a helping person,1
i am a helping person,1
im an only child,4
im an only child,4
i am the youngest child,4
i am a respectfully person,1
i am a respectfully person,1
im a 12 year old north student,4
im a 12 year old north student,4
i like when they give rewards,3
i like to listen to music when i'm sad,0
i like to listen to music when i'm sad,0
i like to listen to music when i'm sad,0
im responsible,4
i am someone that want to go to waterwizz.,4
i am a gamer.,4
i like doritoes,3
i dont like school.,0
i dont like school.,0
i love jewlery,0
i love jewlery,0
i like basketball,0
i like basketball,0
my middle name is [middle name],4
my favorite vegetable is cucumber with salt,4
i like food,0
i like to travel,0
i like to travel,0
i am asthmatic.,4
i am someone with perseverance.,4
i like space,0
i like space,0
i play basketball,4
i am the oldest child,4
i'm short,4
i want to be a professional basketball player,4
i want to be a professional basketball player,4
i am someone who likes to read,4
i am someone who likes to read,4
l'm kind to my friends,4
l'm kind to my friends,4
i like wingstop,0
i like carnegie learning,0
i like carnegie learning,0
i am kind,4
last but not least i am a tall person,1
i am a taki's lover,4
aia also like english.,0
aia also like english.,0
bye,4
bad at math,4
i am in the [city] all city honors chorus.,4
a respectful person,1
a respectful person,1
i am a person that like to do road trip,1
i am a person that like to do road trip,1
i am a person that like to do road trip,1
i am funny,4
i'm a soccer player,4
i like to go to the pool,0
i like to go to the pool,0
i'm in the sixth grade.,4
i'm in the sixth grade.,4
i'm in the sixth grade.,4
i am good at math,4
i am a cousin,4
nice,4
a skibidi,4
i like physical education,0
i like physical education,0
i like to write essay,0
i like to write essay,0
i like learning,0
i like learning,0
i am a student,2
i play volleyball for fun,4
i used to do ballet,4
i am a nwe soccer players,4
i am 11 years old girl.,4
i am 11 years old girl.,4
i been to cape verde,4
i like math,0
i like math,0
i like to read,0
i like to read,0
i like ice cream,0
i like dogs,0
i am a teen.,4
i have five cousin,4
i am a female. i was born a female.,4
i am bad at math.,4
im 12 yrs old,4
i walk to school,4
"i don't like math, but i don't dislike it either.",0
"i don't like math, but i don't dislike it either.",0
i am romantic,4
i'm a football player,4
i like carnegie,3
i like carnegie,3
im a sister,4
im a sister,4
im a sister,4
if i understand something i will do the best that i can to do it right.,4
i like to fanum tax.,3
i like to fanum tax.,3
a basketball,4
i have 3 sister's,4
a emotional person,1
a emotional person,1
i am [first name],4
[first last name],4
i am a student.,2
i have really good grades,4
i have really good grades,4
i have really good grades,4
i am a student,2
i am a 6th,4
i am someone who likes swimming,4
i am someone who likes swimming,4
i like to sleep,0
i like to sleep,0
tik tok user,4
"math, and everything else",0
i like to read and listen to music,0
i like to read and listen to music,0
i speak creole.,4
i speak creole.,4
my favorite candy is recces candy,4
i am a student,2
i am a big brother,4
i am a big brother,4
i like my friends,0
i like my friends,0
fornite player (sometimes),4
i am someone who has not gotten a write-up this year.,4
middle class,4
i am a sweet person,1
i am a sweet person,1
i am nice,4
i love tiktok,0
i love tiktok,0
i am in 8th grade. i am a student at a middle school.,2
i am in 8th grade. i am a student at a middle school.,2
i am in 8th grade. i am a student at a middle school.,2
i like leanard divince,3
i am a person who likes sports,1
i am a person who likes sports,1
my idol is lamar jackson,4
i have straight hair,4
4.8 feed,4
i look like my mom,0
i look like my mom,0
caring,4
[first name],4
i have long hair,4
i only speak english,4
i am helpful,4
"i like to be quiet, but talk if i have a friend",0
"i like to be quiet, but talk if i have a friend",0
"i like to be quiet, but talk if i have a friend",0
bestfriend,4
i am a students from 6 grades,4
i am a students from 6 grades,4
i am a students from 6 grades,4
i play volleyball,4
i am a tall,4
i love drawing,0
i love drawing,0
i like the color pink,0
grateful,4
i'm somebody who loves there family,4
i'm somebody who loves there family,4
i am sweet,4
i am a dancer,4
i am extremely scared of the ocean and rivers,4
i hang out with friends,4
i hang out with friends,4
eenglish,4
i like watching spooky scary sunday,0
i like watching spooky scary sunday,0
i have trobule focusing and understanding certain things.,4
bye,4
i'm 12,4
i'm brazilian.,4
"a nickname i am called is [nickname], but do not call me [nickname] if we are not very close!!",4
i am someone with 20/20 vision,4
i am kind,4
i love money,0
an wip a+ student,2
an wip a+ student,2
i have good grades,4
i have good grades,4
i have good grades,4
im a supportive friend,4
im a supportive friend,4
i like to cook and bake.,0
i like to cook and bake.,0
i am a person who loves my two brothers.,1
i am a person who loves my two brothers.,1
i am a person who loves my two brothers.,1
i am a student,2
frank ocean fan,4
im not good at math,4
i like walking,0
learn spanish sense my family speak it,4
learn spanish sense my family speak it,4
learn spanish sense my family speak it,4
i love the color purple,0
i an a 6th grader,4
i an a 6th grader,4
i have curly hair.,4
i love sports,0
i'm jamaican,4
i love math.,0
i love math.,0
i like rocks,3
i am 12 years old.,4
i like summer,0
im in 6th grade,4
im in 6th grade,4
i am a 6th grader.,4
i am a 6th grader.,4
kind,4
i like field trips.,3
i like money,0
i live in [city],4
i'm good at writing,4
my favorite anime is jujutsu kisen,4
respectful,4
im in band,4
i'm a food lover.,4
i love running,0
i love running,0
i'm friendly,4
[first name],4
i not like my grades,0
i not like my grades,0
i am a boy,4
i like to write,0
i like to write,0
i love money,0
my favorite color is black and green,4
i am someone that loves dogs.,4
i am a smart person,1
i am a smart person,1
im chief keef,4
i like shoes,0
i am from africa,4
i am a catcher on my softball team.,4
take a chinese class,4
i like to have parties.,3
i like alfrado,3
i like learning about pemdas,0
i like learning about pemdas,0
i love rihanna,0
i am a soccer lover,4
i am a soccer player.,4
steudent,4
my type hair is 4c hair,4
i am smart,4
i like to silly draw,0
i like to silly draw,0
athlete,4
i like football,0
i like football,0
im a,4
my favorite pet is a dog,4
i am smart,4
i know how to cook spaghetti,4
i dance,4
im a dreadhead,4
"i'm a student at the [school name], i love dancing, singing, gym class, art class, eating food",0
"i'm a student at the [school name], i love dancing, singing, gym class, art class, eating food",0
"i'm a student at the [school name], i love dancing, singing, gym class, art class, eating food",0
"i'm a student at the [school name], i love dancing, singing, gym class, art class, eating food",0
"i'm a student at the [school name], i love dancing, singing, gym class, art class, eating food",0
i love mcdonalds and wendys and dairy queen and sonics,0
idiot,4
i like to got to funz,0
i like to got to funz,0
i am someone who loves cape verde,4
[first last name],4
i like recesses,3
i'm nonchalant,4
i am portuguese and cape verden,4
i have a cat,4
i am a happy guy,4
i am a happy guy,4
i like shool,3
my favorite drink is a mango smoothy,4
i am a girl.,0
trustworthy,4
i like to make stories about culture and research things about that culture.,0
i like to make stories about culture and research things about that culture.,0
i am a lovely,4
i am a students from 6 grades,4
i am a students from 6 grades,4
i am a students from 6 grades,4
i like games,0
i like games,0
i love music,0
i have a very strict mother,4
i am someone who works very hard,4
im caribbean,4
respects,4
i love soccer.,0
i love soccer.,0
im 12,4
i am [first name] a writer,4
i am [first name] a writer,4
i am nice,4
i like music,0
i'm somebody who likes to use tiktok,4
i'm somebody who likes to use tiktok,4
i wear glasses,4
my favorite food is chick fil a,4
i am a person who likes r&b music,1
i am a person who likes r&b music,1
i love reading,0
i love reading,0
i like to play sports,0
i like to play sports,0
"i like when you can choose your music while doing it,",0
i'm an english speaker,4
i'm an english speaker,4
i made up my own language called acrian.,4
i am a student,2
i have a lot of cards,4
i like playing sports.,0
i like playing sports.,0
i show ownership,4
i like led pencils,3
i like my teacher,0
i like my teacher,0
i am hungry,4
i like red,0
i like regelar show.,3
i am a competitive cheerleader,4
i like writting poems,3
i like writting poems,3
i am a cook,4
i like my friends,0
i like my friends,0
i dont like a lot of attention,0
i dont like a lot of attention,0
thoughtful,4
am sleepy,4
i am a student,2
i am a girl who dose mathia,4
i am a girl who dose mathia,4
a mathematician,4
grinder,4
i speak french too.,4
i speak french too.,4
im haitian,4
i am 13,4
i am a girl.,0
a niece,4
a niece,4
i like my bed,0
i love cats,0
i like nothing else,3
my favorite animal is a lion,4
14,4
i like my phone.,0
i like my phone.,0
i like jordans,0
brown,4
i hate writing,4
i hate writing,4
i am someone that want to finish high school,4
i'm a girl.,0
i like clothing,0
i like clothing,0
i like turtles.,3
i'm a hard workings student?,2
i'm a hard workings student?,2
i am helpful,4
i like playing inside,0
i like playing inside,0
doesn't like math much,0
doesn't like math much,0
"my fav shoes are jordans,nike",4
my favorite things is staying after school,4
my favorite things is staying after school,4
i like computers,3
i like computers,3
i like nike,0
i am someone who likes to hang out with friends.,4
i am someone who likes to hang out with friends.,4
my birthday is on [date],4
i'm a pretty young woman,4
i am a person with brown eyes,1
i am a person with brown eyes,1
a person who like a sports team,1
a person who like a sports team,1
i have green eyes.,4
my favorite show is stranger things,4
i like candy.,0
a basketball player,4
i am someone who likes to be home a lot,4
i am someone who likes to be home a lot,4
i love my family,0
i love my family,0
best the finals player,4
bye,4
i have a pet lizard,4
im a kind person,1
im a kind person,1
love matia,0
love matia,0
i dont like outside,0
i am smart at math,4
i'm her,4
i love my family,0
i love my family,0
i like being nice,0
i like being nice,0
a sleeper,4
i am haitian,4
i like watching tv,0
i like watching tv,0
i am a sigma,4
i like the color black,0
i am the oldest child,4
i like to give back to my community,3
i like to give back to my community,3
i am a all a student,2
i am a all a student,2
i like to do math,0
i like to do math,0
i am indisisive person,1
i am indisisive person,1
i am someone that there birthday is in june.,4
i was stressed about answering these questions.,4
im a cancer,4
i am christan.,4
im 12 years old,4
i am short i wis i was tall,4
i like playing bored game,0
i like playing bored game,0
i like bugatti.,3
i'm a loud person,1
i'm a loud person,1
i am beautiful,4
i am a child,4
i have 1 sister,4
i'm a girl,0
i like games,0
i like games,0
i am apart of equity counsil.,4
i like to ride my scooter,0
am sleepy,4
i am someone who likes the color red,4
i have 3 brothers,4
i play soccer,4
i love basketball,0
i hate sundays,4
i'm an adventurer.,4
i am a boy,4
im a football player,4
i love animals,0
i like to color,0
i like to color,0
i dont like [first name],0
im smart,4
i like koi fishes,3
student,2
im a students,4
i like wearing glasses for fashion.,0
i like wearing glasses for fashion.,0
i like social study's,0
i like social study's,0
im a boy,4
i am independent,4
i enjoy athletic stuff,4
i enjoy athletic stuff,4
i am good,4
im a honors student,2
im a honors student,2
i'm a mixed cape verden boy.,4
i'm a mixed cape verden boy.,4
i want more game,4
i want more game,4
[letter of name],4
i am a good writer,4
i'm catholic and i also go to church.,4
i'm catholic and i also go to church.,4
i am an overthinker at times.,4
i wear glasses,4
i like listening to traditional music,0
i like to learn new things,0
i like to learn new things,0
i hate bugs.,4
a gamer,4
i am a person that is smart,1
i am a person that is smart,1
i have many friends,4
i like mathia.,0
i like mathia.,0
clarinet player,4
i like to hang out with friends,0
i like to hang out with friends,0
i like to hang out with friends,0
i like shoping with my mom,0
i like shoping with my mom,0
i like soccer,0
i am friends with a lot of people,4
im a grandahter,4
im a grandahter,4
i am my mothers child,4
i am my mothers child,4
a sister,4
a sister,4
i am the middle child,4
i am the middle child,4
i like shopping,0
i like shopping,0
im a coisn,4
[first name] friend,4
i wanna travel around the world,4
i like math,0
i like math,0
i am an athlete,4
[letter of name],4
i am a happy person.,1
i am a happy person.,1
i'm not a good runner,4
i'm cape verdan,4
i like to relax,3
i like to relax,3
i am 11 years old,4
i like the color bule,0
i love the baltimore ravens.,0
i like helping people,0
i like helping people,0
i'm the favorite child,4
i'm the favorite child,4
i like doing homwork,0
i like doing homwork,0
i like to have sleepovers,0
i like to have sleepovers,0
the best,4
gamer,4
i'm a soccer player..,4
i am 12 years old.,4
i am a good student,2
althete,4
i bilingual,4
i bilingual,4
i am [first name].,4
i always do my school work,4
i always do my school work,4
i am a rich person,1
i am a rich person,1
i have 1 fish.,4
a person who hates acedemic enrichment,1
a person who hates acedemic enrichment,1
a person who hates acedemic enrichment,1
i am a rice lover,4
i am a schoolar,4
i am someone who is not a fan of math,4
i am someone who is not a fan of math,4
my favorite season is summer,4
im nice,4
i am someone that loves my sister.,4
i am someone that loves my sister.,4
i am in honors math and english.,4
i am in honors math and english.,4
i am a student of [district],2
i'm not the best at dancing,4
i love fortnite.,0
i love fortnite.,0
i like technology,3
i like technology,3
a slacker,4
i am a may baby,4
i am a very energetic person,1
i am a very energetic person,1
i have a sister,4
i have and older brother,4
i'm a older sister,4
i like to hangout with freinds,0
i like to hangout with freinds,0
i like to hangout with freinds,0
i love to stay comfy,0
i am in 6 grade,4
i am in 6 grade,4
i have brown eyes,4
i live in [city],4
i am a person who wants to go to sleep a lot,1
i am a person who wants to go to sleep a lot,1
i am a tv watcher.,4
i am muslim,4
i like to run,0
i like to run,0
i go to [school name],0
i am the youngest child,4
i am the youngest child,4
i am a mathia hater 4l,4
i am a mathia hater 4l,4
i have braces,4
i can speak creole,4
i can speak creole,4
i contribute in class,0
im shy,4
i am someone who likes to play outside.,4
i am someone who likes to play outside.,4
i am haitian,4
i like to eat chicken wings,0
i love food,0
i am from cape verd,4
i like to wear glasses,0
i like to wear glasses,0
i like candy,0
i am a lot of peoples best friends.,4
a twin,4
i have a mom and a dad,4
i'm me,4
i like math.,0
i like math.,0
i am a person who likes to talk,1
i am a person who likes to talk,1
i am a person who likes to talk,1
im a little brother,4
im a little brother,4
i like to play outside with my friends,0
i like to play outside with my friends,0
i like to play outside with my friends,0
i like bothering my friends,0
i like bothering my friends,0
volunteer of teen center,4
i am a person who loves to sing,1
i am a person who loves to sing,1
i am a person who loves to sing,1
i have friends,4
i like to draw,0
i like to draw,0
i am a student,2
i like chips,0
i am amazing,4
nervos,4
i love helping people.,0
i love helping people.,0
haitian,4
i don't like mathia,0
i don't like mathia,0
i like dressing up.,3
i like dressing up.,3
everything in the school,0
i have a taper fade,4
i like school,0
i like school,0
i like school,0
am cute,4
i have two eye,4
dancer,4
roblox player.,4
my favrote show is spy x family,4
i love videogames.,0
my favorite show is home alone.,4
i love my frends,0
i love my frends,0
i dont like school,0
i dont like school,0
i dont like school,0
i like tesla,3
i am a girl who doesnt really like art,0
i am a girl who doesnt really like art,0
i am a girl who doesnt really like art,0
i like to text more than call,3
i like to text more than call,3
im white,4
i like the sunset,3
i am [first name] a basketball player,4
i am [first name] a basketball player,4
math is fun but not my favorite,4
math is fun but not my favorite,4
i like when i can dress my character..,0
i like when i can dress my character..,0
i like when i can dress my character..,0
im a gamer,4
i'm cape verdean,4
trustworthy,4
im partynextdoor,4
i am quiet,4
i like tik tok,3
i like tik tok,3
im a students,4
i habe glasses,4
i have 2 sisters. one is 10 and the other is 4.,4
i am a good friend,4
i am someone who loves stuff animals,4
i am a person who gets good grades,1
i am a person who gets good grades,1
i am a person who gets good grades,1
i am someone who loves to sleep,4
i am someone who loves to sleep,4
i like water.,0
i am a person who has not yet been absent in this grade.,1
i am a person who has not yet been absent in this grade.,1
l'm 11 years old,4
i am a honors student,2
i am a honors student,2
cook,4
i'm black,4
i am a person that enjoys rewards.,1
i am a person that enjoys rewards.,1
i love nike,0
i am someone who lives in a different place,4
i am nice,4
"i'm a student at the [school name], i love dancing, singing, gym class, art class, eating food",0
"i'm a student at the [school name], i love dancing, singing, gym class, art class, eating food",0
"i'm a student at the [school name], i love dancing, singing, gym class, art class, eating food",0
"i'm a student at the [school name], i love dancing, singing, gym class, art class, eating food",0
"i'm a student at the [school name], i love dancing, singing, gym class, art class, eating food",0
my school name is [school name],0
i love to rende,0
i like focusing on myself,3
i like focusing on myself,3
i dont like this anymore,0
i dont like this anymore,0
i like tv,0
i like tv,0
i am [first name] a runner,4
i am [first name] a runner,4
bye,4
i'm a brand owner,4
i do dance.,4
i love my bed.,0
i like having friend,0
i like having friend,0
i am a girl.,0
i like cars,0
im a boy,4
i am a person,1
i am a very good person.,1
i am a very good person.,1
a friendly person,1
a friendly person,1
who is good at math,4
who is good at math,4
my favorite food is seafood,4
i love playing video games,0
i love playing video games,0
i like doing games,0
i like doing games,0
i like taylor swift.,3
i love cooking.,0
i love cooking.,0
i am a good speller.,4
i like cookies,3
im the favorite child,4
im the favorite child,4
i like eating,0
i like eating,0
i am a good artist,4
i do all my school work,4
i do all my school work,4
i am a soccer player,4
i am someone who loves the color pink,4
i am a person who is playful.,1
i am a person who is playful.,1
i have two sister,4
i am person that likes [teacher],1
i am person that likes [teacher],1
i like to watch movies,0
a role model,4
"i'm haitian, india, and  jamaican",4
i really have a good score on my mathia,4
i really have a good score on my mathia,4
i'm a girl,0
i am hardworking,4
i am a very talented person,1
i am a very talented person,1
[first name] friend,4
honest,4
i speak english,4
i speak english,4
im a friend,4
i like singing,0
i like singing,0
i am obsessed with food,4
i'm somebody who wears braids,4
my favorite color is blue,4
i like to do flips and tricks on the trampoline.,0
i like to do flips and tricks on the trampoline.,0
i am a person who likes shows,1
i am a person who likes shows,1
i like to to spend time wit people,0
i am the youngest sibling,4
i like drawing.,0
i like drawing.,0
"i love my teachers, friends, and family and all pets",0
"i love my teachers, friends, and family and all pets",0
"i love my teachers, friends, and family and all pets",0
"i love my teachers, friends, and family and all pets",0
social studies student,4
i am a guy,4
my favorite place is my room.,4
im am good at english,4
i dont like mathia,0
i dont like mathia,0
i am smart,4
i love nike,0
i'm caring,4
i like to play video games,0
i like to play video games,0
i am the youngest child,4
i am the youngest child,4
i like to sing,0
i like to sing,0
i like kids,0
i am someone who adores my family,4
i am someone who adores my family,4
i am in 7th grade,4
i am in 7th grade,4
i am in 7th grade,4
i am a 7th grade student,2
i am a 7th grade student,2
i am a 7th grade student,2
i am a person who loves nike,1
i am a person who loves nike,1
i am the middle child of three children,4
i am the middle child of three children,4
i am someone who loves to laugh,4
i am someone who loves to laugh,4
i am a girl,0
i like to play outside,0
i like to play outside,0
my favorite book is number the stars.,4
i play soccer,4
i have a dog,4
i'm sneaker head,4
im nice,4
i play more than three sport,4
a therapist friend,4
i want to go to college,4
13 turning 14,4
i am someone who loves drinking cold water,4
i am smart,4
a girl with broken up parents.,4
a girl with broken up parents.,4
i like math,0
i like math,0
i believe 95% of the school is self centered and only cares for themselve,4
i like vollyball,3
i like vollyball,3
i like to open my yap.,3
i like to open my yap.,3
i like guns,3
i like my baby sibling,0
i like my baby sibling,0
i am the middle child,4
i am the middle child,4
a person who loves p.e,1
a person who loves p.e,1
i'm tall,4
i like social studies,0
i like social studies,0
i kinda like mathia,0
i kinda like mathia,0
i'm play soccer.,4
i'm not a kids lover but i love kids.,4
i really want to have ap classes because i deserve it.,4
i am funny,4
i am a [school name - mascot].,4
i like the weekends,3
i like to still home and go on my phone,0
i like to still home and go on my phone,0
"my favorite ice cream flavors are chocolate, mint, and vanilla",4
i am a kid is a bit anxious,4
i am a kid is a bit anxious,4
i wish i had a gaming pc.,4
i wish i had a gaming pc.,4
i'm a women,4
am friendsy,4
im a students,4
i am 5'1,4
i love playing roblox,0
i love playing roblox,0
i love staying in bed,0
i am a person of color,1
i am a person of color,1
i am a kid,4
i am [first name],4
the best r6 player,4
i am a gamer,4
i am someone who likes fries.,4
i like my family.,0
i like my family.,0
a person who sleeps early but somehow feels like they got no sleep,1
i am afraid of getting robed,4
i like to be outside and play,0
smart,4
a softball player,4
i like mathia sometimes.,0
i like mathia sometimes.,0
i have a laptop,4
watching youtube,4
watching youtube,4
i am nice,4
i am fast runner,4
i like to talk lound,0
i like toys,3
i am good at math.,4
i am good at math.,4
i like boys that are asian with curly hair,0
i'm a good runner,4
i am a person who doesn't like math,1
i am a person who doesn't like math,1
i like oreos:),3
i like customizing things.,0
i like customizing things.,0
a kind person,1
a kind person,1
i'm a swimmer.,4
i like the color purple.,0
i like dogs,0
i am good student,2
i like book,0
i am a christian,4
i am someone who likes playing basketball.,4
i am someone who likes playing basketball.,4
i like spicy chips,0
i don't like homework,0
i don't like homework,0
i like vr,3
i like vr,3
i am someone who likes vollyball,4
i am someone who likes vollyball,4
i'm kind,4
i have fun in math,0
i have fun in math,0
im an honors student,2
im an honors student,2
i am a musical person.,1
i am a musical person.,1
i am a person who loves the beach.,1
i am a person who loves the beach.,1
i am a person who likes sweets.,1
i am a person who likes sweets.,1
i am a boy,4
i'm in 6th grade,4
i'm in 6th grade,4
[first name],4
i like gym,0
i like gym,0
i am rude,4
a student athlete,2
a student athlete,2
i have a phone,4
"i love sports including basketball, volleyball, and soccer.",0
"i love sports including basketball, volleyball, and soccer.",0
i like when they give trophy.,3
im kinda tall/short cause im 5'3.,4
i like to sleep,0
i like to sleep,0
i like fashion,0
i like fashion,0
i like to do arts and crafts,3
i like to do arts and crafts,3
i am fast,4
1/4 kids.,4
my favorite thing to do is to do my hair,4
my favorite thing to do is to do my hair,4
youngest slibling,4
a daughter,4
a daughter,4
i am a person who have high hopes,1
i am a person who have high hopes,1
i am someone that likes video games,4
i am someone that likes video games,4
i am someone that likes video games,4
i am someone who loves salmon,4
i like food,0
i am a basketball lover,4
i am a basketball lover,4
i am a person who likes disney.,1
i am a person who likes disney.,1
i m a future billionaire,4
i am a students from 6 grades,4
i am a students from 6 grades,4
i am a students from 6 grades,4
i like to cook,0
i like to cook,0
bye,4
i like to eat food,0
i am good with kids,4
i like food,0
i like to play outside,0
i like nerf stuff,0
i love young sheldon,0
i am someone who loves shoes,4
i like to spooky scary sunday,0
i like to spooky scary sunday,0
i love soccer.,0
i love soccer.,0
i am a chess player,4
my favorite song is recgonize by pnd,4
a manga reader,4
i am short,4
i ware glasses,4
i like makeup,0
i like makeup,0
volleyball player,4
i am a boy,4
i am someone who is creative,4
i like playground,3
i would like a really similar program like mathstream like using the coins.,3
i would like a really similar program like mathstream like using the coins.,3
i like helluva boss,3
i like helluva boss,3
i like soccor,3
i like soccor,3
i have a sweet tooth,4
i am a leader,4
i'm the oldest,4
i don't like reading,0
i like to sleep,0
i like to sleep,0
i love doing hair,0
i love doing hair,0
i'm chill,4
a leader,4
im respectful,4
im in 6th grade,4
im in 6th grade,4
i am a girl who loves braids but hates getting her hair done.,4
i am a girl who loves braids but hates getting her hair done.,4
i am a girl who loves braids but hates getting her hair done.,4
i like helping my friend on mathia,0
i like helping my friend on mathia,0
i like lasagna,3
someone who likes pizza,4
my favorite season is autumn,4
i love pizza,0
i am a reader,4
i got 12 years old,4
i have curly hair,4
i like listening music,0
i love jordans and nike,0
i am someone who loves perfume,4
i am someone who loves perfume,4
i am an english speaking person,1
i am an english speaking person,1
i'm a high honor role student,4
i'm a high honor role student,4
i am a boy,4
i am puerto rican and portuguese.,4
i am funny,4
i am an all a student,2
i am an all a student,2
i like having sleepovers,0
i like having sleepovers,0
human,4
i am a honors student,2
i am a honors student,2
i'm confindent,4
i have brown hair,4
im fast,4
i like movies,0
my favorite food is peaches,4
i like playing outside,0
i like water,0
i am a person who likes to play video games,1
i am a person who likes to play video games,1
i am a person who likes to play video games,1
i am a girl.,0
i like gym class,0
i like gym class,0
i like gym class,0
i like to do the right things and do good deeds.,0
i like to do the right things and do good deeds.,0
i like to be nice,0
i like to be nice,0
i am a older brother,4
i am a older brother,4
im a boy,4
i like playing games,0
i like playing games,0
[letter of name],4
i'm a good writer,4
i am from hati,4
i like wendys,3
i like to hang out with my friends,0
i like to hang out with my friends,0
i like to hang out with my friends,0
im a boy,4
i am smart.,4
i like trying new things,0
i'm not very flexible,4
i am a dog lover.,4
my favorite food is lobster and the other is wingstop,4
i like sports.,0
i like sports.,0
i am a entrepreneur,4
im african american,4
i am someone who love music,0
im a momschild,4
im a momschild,4
i like to make jokes,0
"i am a girl,",0
i am a friend,4
a baseball player and,4
a girl,0
i have 2 siblings,4
volunteer of youth group,4
i am someone that has a sister.,4
i like my type of songs,0
i have beaufitual curly hair,4
i am couins,4
i'm 4'10 or 4'11,4
i am an animal person,1
i am an animal person,1
i am in 6th grade,4
i am in 6th grade,4
i am in 6th grade,4
i am funny,4
i am a swimmer,4
i am 13 years old.,4
i was born on [date],4
i like water,0
ecdfvrgth,4
hatitan,4
i like water,0
i am helpful,4
i am a student,2
i am in grade 6,4
i am in grade 6,4
i am in grade 6,4
i work with my dad,4
i work with my dad,4
i am a boy,4
i am intelligent,4
i like games,0
i like games,0
lightskin,4
i am a caverde,4
kind person,1
kind person,1
a good kid,4
a good kid,4
i love pupies.,0
i am the middle child,4
i am the middle child,4
i am smart,4
i ama warrior for food,4
i am a person with patieonce,1
i am a person with patieonce,1
i am over 4 ft tall,4
i hate makeup,4
im a person,1
i'm learning eaglish.,4
i'm learning eaglish.,4
i am respectful,4
lucky to be alive,4
i play football,4
"my favorite fruits are raspberry, orange, and pineapple",4
i am athletic,4
i'm a student,2
[first name],4
i'm good at reading,4
i am an only child,4
"i'm a student at the [school name], i love dancing, singing, gym class, art class, eating food",0
"i'm a student at the [school name], i love dancing, singing, gym class, art class, eating food",0
"i'm a student at the [school name], i love dancing, singing, gym class, art class, eating food",0
"i'm a student at the [school name], i love dancing, singing, gym class, art class, eating food",0
"i'm a student at the [school name], i love dancing, singing, gym class, art class, eating food",0
reserved,4
i love helping people when they need help.,0
i love helping people when they need help.,0
i have 2 brothers,4
i dislike math,4
i dislike math,4
[teacher] student,2
i like math,0
i like math,0
i love school,0
i love school,0
i love school,0
i am a girl,0
i am someone who likes comic's,4
somebody who is named after my dad,4
i am currently learning chinese,4
i am currently learning chinese,4
i like fortnite.,0
i like fortnite.,0
i am [first name] a artist,4
i am [first name] a artist,4
i like on my block,3
i don't like school,0
i don't like school,0
i play games,0
i play games,0
i want to go to new york city,4
i don't want to be a teacher.,4
i am focused on things i like,0
i am a student,2
i love planning my future,0
i love planning my future,0
i like to have sleepovers.,0
i like to have sleepovers.,0
i like to talk queit to people,0
i like to talk queit to people,0
ive never bullied,4
l love to travel,0
l love to travel,0
"my lucky number is 5 or 6, or 56",4
i like to do art.,0
i like to do art.,0
i like music,0
i don't like lunch,0
i am a kind person,1
i am a kind person,1
an anime nerd,4
i am asian.,4
im a sagittarius,4
i am kind,4
i love animals.,0
my second fav color is green,4
i am someone who likes watermelon,4
i have a couple friends.,4
i'm a sister to a younger brother and sister,4
i'm a sister to a younger brother and sister,4
i am a person who likes pastel colors.,1
i have a cat and 3 beta fish,4
i like my playstation,3
i like my playstation,3
i'm a person who likes talking with my friends.,1
i'm a person who likes talking with my friends.,1
i'm a person who likes talking with my friends.,1
cook,4
i am a student,2
i am a person of color.,1
i am a person of color.,1
art,4
i play golf,4
i am someone who loves hot chips,4
i am someone who has pesos,4
i want to be a doctor,4
i am a person whose parents are from another country,1
i am a person whose parents are from another country,1
i like kai cerat.,0
i like kai cerat.,0
i am about to be in 8th grade,4
i am about to be in 8th grade,4
i am about to be in 8th grade,4
i hate 95% of my school,4
i hate 95% of my school,4
i hate 95% of my school,4
i love to dance .,0
i love to dance .,0
i enjoy gym.,4
i enjoy gym.,4
i am a student,2
a skinny person,1
a skinny person,1
i'm 11 years old,4
i love doing work,0
i love doing work,0
i like mcdonalds,3
im the oldest,4
i play tennis,4
i like the baltimore ravens,3
i am respectful,4
a student,2
i love gift cards.,0
i been to puert rico,4
i am a hard-worker.,4
i am the person that like soda,1
i am the person that like soda,1
i like to get help at school,0
i like to get help at school,0
i like to get help at school,0
a boy who has a nice brother,4
a boy who has a nice brother,4
a prankster,4
i live in a house,4
i love to elepe,0
i speaking three languages,4
i speaking three languages,4
jamaican/trinidad,4
i like myself,3
i like myself,3
i am a lover,4
i dont like chores,0
i'm a kid,4
my favorite color is purple.,4
i am my grandmothers grandson,4
i am my grandmothers grandson,4
i am someone who loves playing with my family,4
i am someone who loves playing with my family,4
i don't like math,0
i don't like math,0
im a fun poerson,4
im a fun poerson,4
i;m the youngest sister,4
i;m the youngest sister,4
a minor,4
i like roblox,0
i like roblox,0
i'm 12 years old,4
efrtgyju7,4
i speak two langueges,4
i speak two langueges,4
i'm a girl,0
i am the person that like going to my friends house,1
i am the person that like going to my friends house,1
i am the person that like going to my friends house,1
im a students,4
i'm a kid who wants this amazon card.,4
i'm a kid who wants this amazon card.,4
i am [last name] .,4
i play outside,4
i am a 7th grader,4
i am a 7th grader,4
i am a 7th grader,4
i have curly hair..,4
i have 1 sibling,4
i'm against lgbtq i hate. them,4
i like to go to the beach,0
i speak cape verde creole,4
i speak cape verde creole,4
i like too cook,0
i like too cook,0
im a person who wants to live in a different country,4
i dislike loud noises and being the center of attention,4
i dislike loud noises and being the center of attention,4
i am someone who like math,0
i am someone who like math,0
im a student,2
im african,4
i am supportive,4
i like student,2
i love my dad,0
i love my dad,0
i'm 5'5,4
i used to do cheer im going to do it again this year,4
i like math,0
i like math,0
im speak eneglish,4
im speak eneglish,4
i love my family,0
i love my family,0
i like horro movies,0
i am a fellow citizen,4
i love to play video games,0
i love to play video games,0
l am someone who loves dogs,4
i'm 5'1 and a half,4
i like help people,0
i like help people,0
i like to drink water,0
i like travelling,3
i like travelling,3
i am the middle child.,4
i am the middle child.,4
i have a phone,4
i am a person who doesn't like school,1
i am a person who doesn't like school,1
i am a person who doesn't like school,1
math is one my favorite subject in school.,0
math is one my favorite subject in school.,0
math is one my favorite subject in school.,0
my favorite sports teams men city,4
"i'm a student at the [school name], i love dancing, singing, gym class, art class, eating food",0
"i'm a student at the [school name], i love dancing, singing, gym class, art class, eating food",0
"i'm a student at the [school name], i love dancing, singing, gym class, art class, eating food",0
"i'm a student at the [school name], i love dancing, singing, gym class, art class, eating food",0
"i'm a student at the [school name], i love dancing, singing, gym class, art class, eating food",0
american,4
"my middle name is [middle name], yep just [middle name].",4
i am smart,4
i have 1 brother,4
i love night walks,0
i am a girl.,0
i love animals,0
i love fish,0
i am a good person,1
i am a good person,1
i'm a human,4
i like snacks,3
i am caring,4
i like yapping,3
i like yapping,3
i like spring.,0
"i am 5,9",4
i am [first name],4
i like to speak creole,0
i like to speak creole,0
i am an organized person.,1
i am an organized person.,1
clumsy,4
i am a 11 year old boy.,4
i am a 11 year old boy.,4
i am a students from 6 grades,4
i am a students from 6 grades,4
i am a students from 6 grades,4
i love lobster,0
i am a girl who doesnt like to present infront of people.,0
i am a girl who doesnt like to present infront of people.,0
i am a girl who doesnt like to present infront of people.,0
im a students,4
i am [first name] .,4
i live in [city].,4
a 11-year-old boy,4
a 11-year-old boy,4
"i'm a student at the [school name] i love dancing, singing, gym class, art class, eating food",0
"i'm a student at the [school name] i love dancing, singing, gym class, art class, eating food",0
"i'm a student at the [school name] i love dancing, singing, gym class, art class, eating food",0
"i'm a student at the [school name] i love dancing, singing, gym class, art class, eating food",0
"i'm a student at the [school name] i love dancing, singing, gym class, art class, eating food",0
i am a nice person,1
i am a nice person,1
i am football player,4
my favorite streamer is kai cenat speed,4
my favorite streamer is kai cenat speed,4
i like pizza,0
a girl,0
i am sleepy person,1
i am sleepy person,1
i like to sleep,0
i like to sleep,0
i have a big ego,4
i like to hangout with my mom and my dad,0
i like to hangout with my mom and my dad,0
i hate school,4
i hate school,4
actor,4
i like to go to the beach,0
i am a students from 6 grades,4
i am a students from 6 grades,4
i am a students from 6 grades,4
i have 10 uncles in my family,4
im a students,4
i workout every week.,4
i like pink,0
i love my family,0
i love my family,0
i play basketball.,4
i am a wingstop lover,4
im smart,4
i like walking,0
i'm a student.,2
"i'm a student at the [school name] i love dancing, singing, gym class, art class, eating food",0
"i'm a student at the [school name] i love dancing, singing, gym class, art class, eating food",0
"i'm a student at the [school name] i love dancing, singing, gym class, art class, eating food",0
"i'm a student at the [school name] i love dancing, singing, gym class, art class, eating food",0
"i'm a student at the [school name] i love dancing, singing, gym class, art class, eating food",0
wanna be a dentist,4
a dog lover.,4
i like playing with my friends,0
i like playing with my friends,0
i am a water drinker.,4
i am a really busy person on the weekends,1
i am a really busy person on the weekends,1
i am a student,2
i used to play football,4
i like funny things.,0
i have brown hair,4
i love to play volleyball,0
i love to play volleyball,0
i am a student.,2
i like to do crafts,3
i like to do crafts,3
i speak english.,4
i speak english.,4
someone who stands up for myself,4
"i'm a student at the [school name], i love dancing, singing, gym class, art class, eating food",0
"i'm a student at the [school name], i love dancing, singing, gym class, art class, eating food",0
"i'm a student at the [school name], i love dancing, singing, gym class, art class, eating food",0
"i'm a student at the [school name], i love dancing, singing, gym class, art class, eating food",0
"i'm a student at the [school name], i love dancing, singing, gym class, art class, eating food",0
i want too go to the dr,4
im a music lover,4
l kinda have curly hair.,4
i am a sister,4
i am a sister,4
i love the summer,0
i am a 6th grader.,4
i am a 6th grader.,4
i went to [scool name].,4
i have crocs,4
i am a spring baby,4
i am a skinny person.,1
i am a skinny person.,1
a man,4
student,2
i am very nice and funny,4
"i like the soccer players, benzama and vini jr",0
"i'm a student at the [school name] i love dancing, singing, gym class, art class, eating food",0
"i'm a student at the [school name] i love dancing, singing, gym class, art class, eating food",0
"i'm a student at the [school name] i love dancing, singing, gym class, art class, eating food",0
"i'm a student at the [school name] i love dancing, singing, gym class, art class, eating food",0
"i'm a student at the [school name] i love dancing, singing, gym class, art class, eating food",0
i am a students from 6 grades,4
i am a students from 6 grades,4
i am a students from 6 grades,4
i'm a friend,4
i'm a student at [school name],2
i like to eat,0
my favorite color is black,4
i am 14 years-old.,4
my favorite colors are pastel blue and purple,4
a daughter of [first last name],4
a daughter of [first last name],4
i like flowers,3
i love food,0
i like seafood,3
a person,1
i am a student.,2
i have 6 sibilings,4
im a poet,4
im a poet,4
i love my kids,0
i like dogs,0
"my favorite book is dear mr. henshaw, and its sequel, strider.",4
"my favorite book is dear mr. henshaw, and its sequel, strider.",4
i like flowers n roses,3
i love pizza,0
i am a insperation to my younger peirse,4
i like celtics,0
my favorite sport is soccer,4
my favorite sport is soccer,4
my favorite food is rice.,4
i like to listen to pink.,0
i like games,0
i like games,0
i am a person that likes to go swimming,1
i am a person that likes to go swimming,1
i am a person that likes to go swimming,1
i like band,0
i am [first name].,4
i'm respectful,4
i like when they give second and third chances to answer.,0
i like when they give second and third chances to answer.,0
i am a male.,4
a chorus student,2
a chorus student,2
i am loved,4
i am [first name] a person,1
i am [first name] a person,1
i talk alot,4
i am a bean lover,4
fegtyju7i,4
i dont like playing sports.,0
i dont like playing sports.,0
i am a aunt.,4
i am a aunt.,4
i am black.,4
i like to put my phone on dnd,0
i like to put my phone on dnd,0
i'm a students,4
a great-grandaughter,4
a great-grandaughter,4
i like cookies.,3
i like waering pjs,3
i like to read,0
i like to read,0
iam in honor,4
iam in honor,4
i am someone who's favorite color is red.,4
i am someone who love the outdoors,0
my favorite color is blue or cyan,4
i'm a 12 year old girl,4
i'm a 12 year old girl,4
i'm [first name],4
i am person that want to be great at math,1
i am person that want to be great at math,1
i like to go to the mall,3
i like to go to the mall,3
"i'm a student at the [school name], i love dancing, singing, gym class, art class, eating food",0
"i'm a student at the [school name], i love dancing, singing, gym class, art class, eating food",0
"i'm a student at the [school name], i love dancing, singing, gym class, art class, eating food",0
"i'm a student at the [school name], i love dancing, singing, gym class, art class, eating food",0
"i'm a student at the [school name], i love dancing, singing, gym class, art class, eating food",0
my fav food griyo. fried pork.,4
i never traveled before,4
i am a students from 6 grades,4
i am a students from 6 grades,4
i am a students from 6 grades,4
i love jewelry.,0
i love jewelry.,0
im a music listener,4
i am a student,2
i am a mixed person,1
i like my friends,0
i like my friends,0
i don't like school,0
i don't like school,0
an ipad kid,4
an ipad kid,4
i'm cape verdean,4
i am love running.,0
i am love running.,0
i am a girl,0
i don't like headphones,0
i like math.,0
i like math.,0
i like english esl,0
i like english esl,0
i like xbox,3
i like xbox,3
phone,4
i am someone who likes food,4
i'm 13 with alot of money,4
i'm 13 with alot of money,4
i have long curly hair,4
i am a loving kid,4
i am a loving kid,4
"my favorite color is lilac, blue, and purple",4
i like talking to my friends.,0
i like talking to my friends.,0
i have glasses.,4
i love my step brother.,0
i love my step brother.,0
i am a clarinetist.,4
i am someone that plays video games,4
bye,4
i like napz,3
i am a girl.,0
i have friends,4
i am a curious person,1
i am a curious person,1
i am a person who likes perfume,1
i am a person who likes perfume,1
im a students,4
i feel like i only have a good support system sometimes.,0
nonchalant,4
i am a person that likes to talk,1
i am a person that likes to talk,1
i am a person that likes to talk,1
i am talented,4
i have 3 brothers n 4 sisters .,4
a smart person sometimes,1
a smart person sometimes,1
i sit next to [first name].,4
l'm a girl,0
8th grader,4
8th grader,4
8th grader,4
i am a basketball player,4
i love god.,0
i love god.,0
i'm the smartest person in my family,1
i'm the smartest person in my family,1
i'm the smartest person in my family,1
i went to [school],0
i am trustworthy,4
i like bracelets,0
i like bracelets,0
someone responsible,4
student,2
i am a good daughter,4
i am a good daughter,4
i am a good daughter,4
[school name mascot],4
african american/white,4
i am [first name].,4
i like to try new foods,0
i am 13 years old,4
i am someone a person who like flag football,1
i am someone a person who like flag football,1
i am someone a person who like flag football,1
i like money,0
i like social studies,0
i like social studies,0
i like volleyball,0
i like volleyball,0
i do things on my own time,4
i like your mom.,0
i am a good person,1
i am a good person,1
im funny,4
i am cape verdean,4
i have braces,4
i am a boy,4
im puerto rican,4
i like to play video games,0
i like to play video games,0
i am someone who funny,4
i like to watch sss,0
i like to watch sss,0
i am a trilingual person.,1
i am a trilingual person.,1
i speak english.,4
i speak english.,4
i likie play dough,4
i am someone who likes the color cherry red,4
i like gym class.,0
i like gym class.,0
i like gym class.,0
nice friend,4
nice friend,4
i am good at track,4
i'm like game,0
i'm like game,0
my birthday is [date],4
i like going outside,0
i like going outside,0
in like eating takis,0
i am a mothers son.,4
i am a mothers son.,4
i like to travel,0
i like to travel,0
i love my phone,0
i love my phone,0
my favorite number is 1,4
i am someone who loves being annoying to my sister,4
i am someone who loves being annoying to my sister,4
i like the color grey and rose,0
my favorite animal is a snake.,4
im a hardworker,4
my fav subject in skl is gym,4
my fav subject in skl is gym,4
my fav subject in skl is gym,4
a girl,0
i am 12 year old,4
i am 12,4
i like coloring,3
i like coloring,3
i don't like when someone is being mean to me,0
i don't like when someone is being mean to me,0
i am someone who loves to learn german,4
i am someone who loves to learn german,4
i am a kind person,1
i am a kind person,1
i am someone who likes real madrid the team in soccer.,4
i am loved by a bunch of people,4
i like singing,0
i like singing,0
i sturggle with math,0
i am cool,4
tall,4
i like starwars,3
i have black hair.,4
a teeneger,4
i am a boy,4
i play fortnite,4
i love nice views,0
i'm straight,4
i have a sister and twin,4
i am a student at [school name].,2
i like strawberry ice cream,0
i am bilingual.,4
i am bilingual.,4
i like braid in my hair but with only my natural hair.,0
i like braid in my hair but with only my natural hair.,0
i am in [school name] junior honors society,4
i am in [school name] junior honors society,4
i dont really like school,0
i dont really like school,0
i like,3
i like track,0
i like track,0
i am a athlete,4
i am short,4
i was in bachwe,4
i like walk,0
[first last name],4
i like math games,0
i like math games,0
i am someone who likes lasagna,4
i really like to eat sweets,0
"i was born in brasil, sao paulo",4
i like to play video games,0
i like to play video games,0
i like to do team work,0
and i was born at [date],4
i wear glasses,4
i am someone who likes steak.,4
i'm an organized person,1
i'm an organized person,1
my favorite subject is english,4
my favorite subject is english,4
my favorite subject is english,4
my favorite color is pink n gold,4
somebody who is a younger sister,4
somebody who is a younger sister,4
i'm really tired,4
i challenge my self,4
i like the taco bell mountain dew baja blast,3
i'm in 6th. grade,4
i'm in 6th. grade,4
i'm in 6th. grade,4
i am kind,4
i like playing stuff in school,0
i like playing stuff in school,0
i like playing stuff in school,0
i like going to the store,0
i like going to the store,0
i like the school bus,0
i try my hard in every thing,4
i love dogs,0
i only like some of my teachers.,0
i only like some of my teachers.,0
i like to draw,0
i like to draw,0
i like to play games,0
i like to play games,0
i like to do flips,3
i like to do flips,3
i am the middle child,4
i am the middle child,4
trustworthy,4
my favorite color is blue,4
i love getting new hairstyle,0
i love getting new hairstyle,0
i have 3 sisters,4
i can make my friend laugh,4
i can make my friend laugh,4
i'm the youngest out of my siblings,4
i like red,0
i am a hardworking student,2
i am a hardworking student,2
i am a good person,1
i am a good person,1
i'm 11 years old,4
i am a person who prefers summer.,1
i am a person who prefers summer.,1
i love volleyball.,0
i love volleyball.,0
im smart,4
black,4
i am a person who is shy,1
i am a person who is shy,1
i love my family,0
i love my family,0
a good observer,4
i am someone who will be successful,4
i'm somebody who likes to use pintrest,4
i'm somebody who likes to use pintrest,4
i don't like to write,0
i don't like to write,0
i love clothes,0
i love clothes,0
i love to travel.,0
i love to travel.,0
my favorite color is red,4
i love puzzles,0
i play video games,0
[first last name],4
i am tan.,4
i have a b in math,0
i like [teacher]'s class,0
i like [teacher]'s class,0
i have blonde hair,4
i speak creole,4
i speak creole,4
kind,4
i like book,0
i like book,0
i got a lot a lot of friends,4
i am someone that loves the color red and blue.,4
i get mad easily,4
i like sherbet.,3
i am good at soccer.,4
i am a strong person,1
i am a strong person,1
i am [first name].,4
i'm good a dancing,4
i am a cat lover,4
i like doing my hair.,0
i like doing my hair.,0
i like cats,0
i like nature,3
i like rocks,3
i like cod,3
i am [last name] .,4
i like video games,0
i like video games,0
my fav food is french fry.,4
i am someone who loves fanta,4
i am a mathematician,4
i am [first name].,4
i like to do my hair,0
i like to do my hair,0
someone who likes ice cream,4
i have good grades.,4
i have good grades.,4
i have good grades.,4
i like the color green.,0
don't care about anything but me,4
i am the third oldest kid.,4
i am the third oldest kid.,4
i get very stressed when i am confused.,4
i like science,0
i like science,0
a child,4
i am a person who likes to were bracelets sometimes,1
i am a person who likes to were bracelets sometimes,1
i am a students from 6 gradesom,4
i am a students from 6 gradesom,4
i am a students from 6 gradesom,4
i like hanging out with my friends,0
i like hanging out with my friends,0
i like hanging out with my friends,0
i am the best person i know.,1
i like nike.,0
no,4
i am someone who like roller skating,0
i am someone who like roller skating,0
am fonny,4
a puerto rican girl.,4
a puerto rican girl.,4
i like my school,0
i like my school,0
[first last name],4
i have a cat and kittins,4
i am a writer,4
i like eat icream,0
i love anime very much,0
i love celtics games,0
i suck at basketball,4
my favorite color is blue,4
a student,2
i like school filtrips,0
i like school filtrips,0
i love asian drinks and water,0
i'm part greek and italian.,4
i have brown. eyes,4
rvfgth,4
i am a student,2
i am smart,4
i am smart,4
i sometimes like math.,0
i sometimes like math.,0
i'm a youtuber @[username],4
i'm a youtuber @[username],4
im the youngest child,4
i like cod,3
i am student.,2
add nme on fortnite [username],4
add nme on fortnite [username],4
i like games,0
i like games,0
i am funny,4
l like to do cartwheels sometimes,3
l like to do cartwheels sometimes,3
i am someone who loves lip gloss,4
i am someone who loves lip gloss,4
i like to eat,0
i like playing with my brothers hair,0
i like playing with my brothers hair,0
i like my phone,0
i like my phone,0
i am in 6th grade,4
i am in 6th grade,4
i like the beach,0
i am a person that likes to eat,1
i am a person that likes to eat,1
a speedstar,4
i am cool,4
i'm haitian,4
i like to play games.,0
i like to play games.,0
im 5'1 in a half,4
i love staying up late,0
i am short,4
my favorite candy is reese's,4
i like to go to theme parks in summer,0
i like to go to theme parks in summer,0
a sixth grader,4
a sixth grader,4
a sixth grader,4
my hair is dyed to be pink but now is blonde.,4
i love the color pink,0
i am a middle child,4
i am a middle child,4
im a 6th grade student,2
im a 6th grade student,2
i love basketballl,0
i love basketballl,0
i like to get straight to the point in things.,0
i like to get straight to the point in things.,0
i like games,0
i like games,0
i play basketball,4
i have 3 cats and a chinchilla,4
i am a girl who has a cat,4
i am a girl who has a cat,4
i love soccer tennis.,0
i love soccer tennis.,0
im from dorchester,4
i play video games,0
i am a person who likes to play soccer.,1
i am a person who likes to play soccer.,1
i am a person who likes to play soccer.,1
i used to play soccer,4
i am an all honors student =),2
i am an all honors student =),2
love my dad,0
love my dad,0
i like to stay at home,0
i like to stay at home,0
i am soccer players,4
i like having my hair done,0
i like having my hair done,0
i played soccer/ cross-country,4
i'm a girl how loves jewlery,4
i'm a girl how loves jewlery,4
i'm a girl how loves jewlery,4
i am allergic to everything.,4
i play games like space flight simulator,0
i am smart,4
i am a boy,4
i like golf,3
i like golf,3
i am a ronilson lover,4
i went to cape verde on [date],4
i am the middle child,4
i am the middle child,4
i love to play games,0
i love to play games,0
my favorite actor is garrett hedlund and pedro pascal,4
i like my phone,0
i like my phone,0
my favorite show is greys anatomy,4
"i like the soccer team, real marid",0
my favorite color is blue,4
l'm 5'4,4
i like having vacations,0
i like bike riding,0
i like bike riding,0
i dont like homework,0
i dont like homework,0
i like english class,0
i like english class,0
i want be a nfl player,4
8th grade student,2
8th grade student,2
8th grade student,2
i like colors,3
"i like food, but certain kinds.",0
i like playing outside,0
i love shoes,0
"i am a chick-fla-a lover, and mcdonalds lover",4
i like to collect new things.,0
i like to collect new things.,0
i am smart,4
i like light pink.,0
i am a person who likes food.,1
i am a person who likes food.,1
sister,4
sister,4
i love my parents,0
i love my parents,0
i only speak english,4
i only speak english,4
i love eating.,0
i love eating.,0
i am a person who has a crush on someone.,1
i am a person who has a crush on someone.,1
i like the summer,0
i have a dog,4
im black,4
i am a math hater,4
i am a math hater,4
i am in art club.,4
i am someone that loves my dad,4
i have black hair,4
im funny,4
i like to swim,0
i like to swim,0
i like motorcycles,3
"i'm a student at the [school name], i love dancing, singing, gym class, art class, eating food",0
"i'm a student at the [school name], i love dancing, singing, gym class, art class, eating food",0
"i'm a student at the [school name], i love dancing, singing, gym class, art class, eating food",0
"i'm a student at the [school name], i love dancing, singing, gym class, art class, eating food",0
"i'm a student at the [school name], i love dancing, singing, gym class, art class, eating food",0
i wear jordans,4
i work in comstrution with my father,4
i work in comstrution with my father,4
i am a person that wants to do cosmetology,1
i am a person that wants to do cosmetology,1
i have curly hair,4
sleep is my best friend.,4
i am a person who runs fast,1
chill,4
i like taking brakes,0
i like taking brakes,0
i like to hang out with my family,0
i like to hang out with my family,0
i love how the valentino perfume smells like .,0
i am haitian =),4
i am dominican,4
i eat food,4
i am a bestfriend.,4
i'm bilingual,4
i'm bilingual,4
i am the youngest child of my family,4
i am the youngest child of my family,4
i like gaming setup's,0
i like gaming setup's,0
i play soccer,4
a sophisticated person,1
a sophisticated person,1
fornite is my favorite game,4
fornite is my favorite game,4
i am a person who has a birthday twim,1
my favorite food is tacos.,4
"i am asian, cape virden, mexican, irish, light-skin, scottish, polish, indian, portuguese",4
i'm black.,4
i am black,4
human,4
im 14 years old,4
i don't when people yell at me,4
i am adaptable,4
i like my toys,3
i like to go out and hang out,0
i like to go out and hang out,0
i like strawberry cake,3
i am someone is born in september,4
a emotional person,1
a emotional person,1
[[first last name]],4
i am a 4 year basketball player,4
i like money,0
i am someone who likes to sleepover at my cousins house,4
i am someone who likes to sleepover at my cousins house,4
i am someone who likes to sleepover at my cousins house,4
i'm 11 years old,4
im in to track,4
im in to track,4
i and cape verde,4
i am a person who likes dogs,1
i am a person who likes dogs,1
i am [first name] a professional sibling,4
i am [first name] a professional sibling,4
i like eating cape verdean food,0
i like to have fun,0
i like to have fun,0
a 3d modeler,4
i love sza.,0
my pronouns are.  male,4
black,4
i am a girl,0
i like to ride my bike,0
i like to ride my bike,0
i like running,0
i like running,0
i like drama,0
i am a striaght a student,2
i am a striaght a student,2
i'm confident.,4
i am 12 years old,4
someone who can be forgetful,4
i like to hang out with my friends,0
i like to hang out with my friends,0
i like to hang out with my friends,0
i am a [school name mascot],4
i am a girl who loves the color black and grey and white,4
i am a girl who loves the color black and grey and white,4
i am a person who eats alot,1
i am a person who eats alot,1
i am a person who likes to eat.,1
i am a person who likes to eat.,1
i am a person who likes to eat.,1
i am a smart purson,4
i am a smart purson,4
i sit next [first name],4
i have 2 dogs,4
my favorite colors are red and black.,4
i love tiktok,0
i love tiktok,0
i am cool :>,4
i am a person that likes to sleep at my friends,1
i am a person that likes to sleep at my friends,1
i am a person that likes to sleep at my friends,1
i am a person that likes to sleep at my friends,1
i can whistle,4
i learned how to cook at the age of 8-9,4
i loved to sleep,4
i loved to sleep,4
i like using calculators for math,0
i like using calculators for math,0
i am a boy,4
i am the oldest sibling,4
i like to listen to music,0
i am black,4
i get good grades,4
i get good grades,4
i get good grades,4
i am someone who will call you every day,4
i love haitian food .,0
i am [first name].,4
i like to play soccer,0
i like to play soccer,0
im a athelte,4
i am a boy,4
a student.,2
i am someone who likes parties.,4
i am someone who likes parties.,4
i love my family,0
i love my family,0
im a honors student,2
im a honors student,2
i am a cook,4
i like going to stores,0
i like going to stores,0
i like to study,0
i like to study,0
i am [first name] a reader,4
i am [first name] a reader,4
[letter of name],4
i like tropical places,0
a great defender in soccer,4
i'm 11 years old,4
i like the school activities,0
i like the school activities,0
i like to play basketball.,0
i like to play basketball.,0
im a students,4
i am a female,4
force to go to school but born to a water bender,4
im kind,4
i am trustworthy,4
my favorite subject is math,4
my favorite subject is math,4
my favorite subject is math,4
im an english speaker,4
im an english speaker,4
i have a black backpack,4
im in sixth grade,4
im in sixth grade,4
im in sixth grade,4
my fav teacher is my science teacher,4
my fav teacher is my science teacher,4
bye,4
i am trustworthy,4
i am quite,4
i am [first name].,4
im in honors math,4
im in honors math,4
13 turn 14,4
my favorite subject is math,4
my favorite subject is math,4
my favorite subject is math,4
i speak a little spanish.,4
i play volleyball,4
i am respectfull,4
i love swimming.,0
i love swimming.,0
i am someone who likes slushies.,4
i am 11,4
i am [last name] .,4
i am the last born out of my brothers,4
i like football,0
i like football,0
i like having fun,0
i like hatian foods,0
i like watching youtube,0
i like watching youtube,0
im [first name],4
i am someone who is respectful,4
i am 13 almost 14,4
a happy person generally,1
a happy person generally,1
i have a ps5,4
i like the consulse  at my school,0
i like the consulse  at my school,0
i like to sing,0
i like to sing,0
i love spicy food.,0
i want a dog so bad.,4
i'm a shoe lover,4
i like playing video game,0
i like playing video game,0
my favorite color is pink,4
a twin,4
i like my me,3
i like my me,3
yes my parent have a car,4
a student,2
i like icecream,3
i like to walk home with friends,0
i like to walk home with friends,0
im a nice person,1
im a nice person,1
i am good,4
i am a soccer player,4
love gym,0
love gym,0
i'm opened mined,4
my favorite color is purple,4
i like school,0
i like school,0
i like school,0
i like r&b music,0
i am who i am,4
i am a [city] citizen,4
i am a cat person,1
i am a cat person,1
i like to laugh,0
i like to laugh,0
i am haitian.,4
in drama club,4
i am a night person,1
i have glasses,4
i like playing sports,0
i like playing sports,0
i like to sleep,0
i like to sleep,0
go to [school name],0
i hate school.,4
i hate school.,4
i speak english,4
i speak english,4
i have 5 pets,4
i don't play sports much,4
i am hmong,4
i'm pretty,4
i'm highly educated about the world and the way it is,4
spanish student,2
spanish student,2
i am nice,4
i am a hardworking student.,2
i am a hardworking student.,2
cooker,4
a good student,2
i like movies aswell,0
i like movies aswell,0
i am a students from 6 grades,4
i am a students from 6 grades,4
i am a students from 6 grades,4
i like to ride my bike,0
i like to ride my bike,0
jordan poole fan,4
i like to paint,0
i like to paint,0
i love pets,0
[first last name],4
i am a 11 year old girl,4
i am a 11 year old girl,4
i'm a science lover.,4
i'm a science lover.,4
i am beautiful,4
"i like to recycle, reuse and reduce",3
i like spring and summer,0
i'm drippy,4
im in 6th grade,4
im in 6th grade,4
i dont like the people at my school,0
i dont like the people at my school,0
i like me,3
i like me,3
i am determined,4
[first last name],4
i'm turning. 13,4
i am a football player,4
i'm very clingy,4
my favorite song i thank you by dido,4
im trinidadian,4
a boy,4
i love chips,0
i like when they have options,3
i love my family,0
i love my family,0
i love green,0
a girl,0
i am [first name] a friend of [first name],4
i am [first name] a friend of [first name],4
cousin,4
a good student,2
i'm kind,4
i'm a dancer,4
i like track,0
i like track,0
fortnite pro player,4
i am a student.,2
"born to be a outside hitter, forced to be a libero .",4
i'm very smart,4
my teachers are short.,4
i am someone who likes burgers.,4
i like to sleep,0
i like to sleep,0
i have 1 streaks on math stream,4
i am a fun guy,4
i am a fun guy,4
i am the middle child,4
i am the middle child,4
i watch anime,4
i like mathia (not a lot),0
i like mathia (not a lot),0
i am a person with no bad mindset,1
i am a person with no bad mindset,1
i like to go to place's,0
i like to go to place's,0
i am cape verdean,4
creole,4
im in 6th grade,4
im in 6th grade,4
im in 6th grade,4
i really need a job during the summer.,4
i'm pansexual,4
i play track,4
i speak haitian creole,4
i speak haitian creole,4
i'm a talkative person,1
i like video games,0
i like video games,0
an honors student,2
an honors student,2
i have 3 little sisters,4
i am respectful,4
