stu_id,answer_rank,who_am_i,code,valence,year
stu_AJMSL3816R,3,a person,21.0,none,2021-2022
stu_AJMSL3816R,16,A hater,44.0,negative,2021-2022
stu_AJMSL3816R,12,not everyones favriote,46.0,negative,2021-2022
stu_AJMSL3816R,19,A niece,12.0,neutral,2021-2022
stu_AJMSL3816R,19,A niece,2.0,girl,2021-2022
stu_AJMSL3816R,7,A student,14.0,neutral,2021-2022
stu_AJMSL3816R,20,i have too many aunties to count,12.0,neutral,2021-2022
stu_AJMSL3816R,2,9th grader,22.0,9thgrade,2021-2022
stu_AJMSL3816R,2,9th grader,4.0,9thgrade,2021-2022
stu_AJMSL3816R,2,9th grader,14.0,neutral,2021-2022
stu_AJMSL3816R,13,A introvert,44.0,neutral,2021-2022
stu_AJMSL3816R,14,A Simp,46.0,negative,2021-2022
stu_AJMSL3816R,18,A aunt,12.0,neutral,2021-2022
stu_AJMSL3816R,6,A Friend,10.0,neutral,2021-2022
stu_AJMSL3816R,4,indapendent,44.0,neutral,2021-2022
stu_AJMSL3816R,15,A lover,44.0,neutral,2021-2022
stu_AJMSL3816R,5,A sister,12.0,neutral,2021-2022
stu_AJMSL3816R,5,A sister,2.0,girl,2021-2022
stu_AJMSL3816R,17,bad grade student,25.0,negative,2021-2022
stu_AJMSL3816R,17,bad grade student,14.0,neutral,2021-2022
stu_AJMSL3816R,11,[SCHOOL NAME] student,14.0,neutral,2021-2022
stu_AJMSL3816R,9,A Cousin,12.0,neutral,2021-2022
stu_AJMSL3816R,1,A Girl,2.0,girl,2021-2022
stu_AJMSL3816R,8,A Daughter,12.0,neutral,2021-2022
stu_AJMSL3816R,8,A Daughter,2.0,girl,2021-2022
stu_AJMSL3816R,10,mommys baby,12.0,neutral,2021-2022
stu_AUQLX2144H,19,I am a pilot in [POPULAR VIDEO GAME],28.0,neutral,2021-2022
stu_AUQLX2144H,20,"I am the top driver in the [YEAR, POPULAR F1 CHAMPIONSHIP]",28.0,positive,2021-2022
stu_AUQLX2144H,9,I am 14,4.0,14,2021-2022
stu_AUQLX2144H,5,I am done with the toll,47.0,neutral,2021-2022
stu_AUQLX2144H,8,I am in math class,47.0,neutral,2021-2022
stu_AUQLX2144H,13,I am related to no one in vermont,48.0,none,2021-2022
stu_AUQLX2144H,6,I am going to not do ib,14.0,negative,2021-2022
stu_AUQLX2144H,3,I am tall,35.0,neutral,2021-2022
stu_AUQLX2144H,2,I am filling out a survey,47.0,neutral,2021-2022
stu_AUQLX2144H,11,I am a citizen,8.0,citizen,2021-2022
stu_AUQLX2144H,1,[FIRST & LAST NAME],5.0,none,2021-2022
stu_AUQLX2144H,16,I am a son,12.0,neutral,2021-2022
stu_AUQLX2144H,16,I am a son,2.0,boy,2021-2022
stu_AUQLX2144H,17,I am having trouble coming up with more answers,47.0,neutral,2021-2022
stu_AUQLX2144H,10,I am a corner infielder,29.0,neutral,2021-2022
stu_AUQLX2144H,15,I am a student,14.0,neutral,2021-2022
stu_AUQLX2144H,18,I am good at graphic design,27.0,neutral,2021-2022
stu_AUQLX2144H,18,I am good at graphic design,26.0,neutral,2021-2022
stu_AUQLX2144H,7,I am level 12 in Pokemon Go,28.0,neutral,2021-2022
stu_AUQLX2144H,12,I am never using an iphone,27.0,negative,2021-2022
stu_AUQLX2144H,14,I am in [CITY],9.0,not sure,2021-2022
stu_AUQLX2144H,4,I am 19% done with mathia,47.0,neutral,2021-2022
stu_BUYXD2520P,6,I have a brother.,12.0,neutral,2021-2022
stu_BUYXD2520P,7,I'm learning to drive in a year.,31.0,neutral,2021-2022
stu_BUYXD2520P,2,I'm learning how to play guitar.,26.0,neutral,2021-2022
stu_BUYXD2520P,12,My birthday is [DATE],48.0,neutral,2021-2022
stu_BUYXD2520P,11,My favorite animal is a frog.,24.0,positive,2021-2022
stu_BUYXD2520P,13,,48.0,none,2021-2022
stu_BUYXD2520P,10,My favorite color is green.,24.0,positive,2021-2022
stu_BUYXD2520P,15,,48.0,none,2021-2022
stu_BUYXD2520P,8,I'm an artist.,26.0,neutral,2021-2022
stu_BUYXD2520P,5,I like rock/indie music.,26.0,neutral,2021-2022
stu_BUYXD2520P,5,I like rock/indie music.,24.0,positive,2021-2022
stu_BUYXD2520P,1,I'm 14 years old.,4.0,14 year old,2021-2022
stu_BUYXD2520P,9,I'm a writer.,25.0,neutral,2021-2022
stu_BUYXD2520P,14,,48.0,none,2021-2022
stu_BUYXD2520P,4,I can skateboard.,29.0,neutral,2021-2022
stu_BUYXD2520P,3,I have a dog.,32.0,none,2021-2022
stu_CDQME8338E,2,[FIRST & LAST NAME],5.0,none,2021-2022
stu_CDQME8338E,20,likes plain clothes,24.0,positive,2021-2022
stu_CDQME8338E,10,a kid,22.0,kid,2021-2022
stu_CDQME8338E,10,a kid,4.0,kid,2021-2022
stu_CDQME8338E,8,has brown eyes,35.0,neutral,2021-2022
stu_CDQME8338E,18,funny sometimes,44.0,positive,2021-2022
stu_CDQME8338E,18,simple,45.0,neutral,2021-2022
stu_CDQME8338E,6,straight,3.0,straight,2021-2022
stu_CDQME8338E,16,short,35.0,neutral,2021-2022
stu_CDQME8338E,4,has brown hair,35.0,neutral,2021-2022
stu_CDQME8338E,12,a quiet person sometimes,44.0,neutral,2021-2022
stu_CDQME8338E,10,a person with find grades,14.0,neutral,2021-2022
stu_CDQME8338E,12,Chinese,7.0,chinese,2021-2022
stu_CDQME8338E,20,boring sometimes,44.0,negative,2021-2022
stu_CDQME8338E,4,A girl,2.0,girl,2021-2022
stu_CDQME8338E,16,an introvert,44.0,neutral,2021-2022
stu_CDQME8338E,14,A person who likes art,26.0,neutral,2021-2022
stu_CDQME8338E,14,A person who likes art,24.0,positive,2021-2022
stu_CDQME8338E,8,Not studious,41.0,neutral,2021-2022
stu_CDQME8338E,14,an extrovert,44.0,neutral,2021-2022
stu_CDQME8338E,2,likes drawing,26.0,neutral,2021-2022
stu_CDQME8338E,2,likes drawing,24.0,positive,2021-2022
stu_CDQME8338E,6,13 years old,4.0,13 year old,2021-2022
stu_DYWGH4533N,12,I am a black girl,6.0,black,2021-2022
stu_DYWGH4533N,12,I am a black girl,2.0,girl,2021-2022
stu_DYWGH4533N,6,I am a black girl,6.0,black,2021-2022
stu_DYWGH4533N,6,I am a black girl,2.0,girl,2021-2022
stu_DYWGH4533N,17,I am a black girl,6.0,black,2021-2022
stu_DYWGH4533N,17,I am a black girl,2.0,girl,2021-2022
stu_DYWGH4533N,18,I am a black girl,6.0,black,2021-2022
stu_DYWGH4533N,18,I am a black girl,2.0,girl,2021-2022
stu_DYWGH4533N,20,I am a black girl,6.0,black,2021-2022
stu_DYWGH4533N,20,I am a black girl,2.0,girl,2021-2022
stu_DYWGH4533N,14,I am a black girl,6.0,black,2021-2022
stu_DYWGH4533N,14,I am a black girl,2.0,girl,2021-2022
stu_DYWGH4533N,11,I am a black girl,6.0,black,2021-2022
stu_DYWGH4533N,11,I am a black girl,2.0,girl,2021-2022
stu_DYWGH4533N,19,I am a black girl,6.0,black,2021-2022
stu_DYWGH4533N,19,I am a black girl,2.0,girl,2021-2022
stu_DYWGH4533N,4,I am a black girl,6.0,black,2021-2022
stu_DYWGH4533N,4,I am a black girl,2.0,girl,2021-2022
stu_DYWGH4533N,13,I am a black girl,6.0,black,2021-2022
stu_DYWGH4533N,13,I am a black girl,2.0,girl,2021-2022
stu_DYWGH4533N,3,I am a black girl,6.0,black,2021-2022
stu_DYWGH4533N,3,I am a black girl,2.0,girl,2021-2022
stu_DYWGH4533N,8,I am a black girl,6.0,black,2021-2022
stu_DYWGH4533N,8,I am a black girl,2.0,girl,2021-2022
stu_DYWGH4533N,16,I am a black girl,6.0,black,2021-2022
stu_DYWGH4533N,16,I am a black girl,2.0,girl,2021-2022
stu_DYWGH4533N,9,I am a black girl,6.0,black,2021-2022
stu_DYWGH4533N,9,I am a black girl,2.0,girl,2021-2022
stu_DYWGH4533N,5,I am a black girl,6.0,black,2021-2022
stu_DYWGH4533N,5,I am a black girl,2.0,girl,2021-2022
stu_DYWGH4533N,15,I am a black girl,6.0,black,2021-2022
stu_DYWGH4533N,15,I am a black girl,2.0,girl,2021-2022
stu_DYWGH4533N,7,I am a black girl,6.0,black,2021-2022
stu_DYWGH4533N,7,I am a black girl,2.0,girl,2021-2022
stu_DYWGH4533N,2,I am a black girl,6.0,black,2021-2022
stu_DYWGH4533N,2,I am a black girl,2.0,girl,2021-2022
stu_DYWGH4533N,1,I am a black girl,6.0,black,2021-2022
stu_DYWGH4533N,1,I am a black girl,2.0,girl,2021-2022
stu_DYWGH4533N,10,I am a black girl,6.0,black,2021-2022
stu_DYWGH4533N,10,I am a black girl,2.0,girl,2021-2022
stu_EPPBQ3873F,5,I am quater Japanese,7.0,japanese,2021-2022
stu_EPPBQ3873F,20,Im am man,2.0,man,2021-2022
stu_EPPBQ3873F,13,I am trying to learn a new language,31.0,neutral,2021-2022
stu_EPPBQ3873F,6,I am Greman,7.0,german,2021-2022
stu_EPPBQ3873F,19,I am goodish at drawing,26.0,positive,2021-2022
stu_EPPBQ3873F,3,A star wars nerd,22.0,nerd,2021-2022
stu_EPPBQ3873F,10,I am someone with long hair I am someone who likes to cosplay,35.0,neutral,2021-2022
stu_EPPBQ3873F,10,I am someone with long hair I am someone who likes to cosplay,24.0,positive,2021-2022
stu_EPPBQ3873F,10,I am someone with long hair I am someone who likes to cosplay,31.0,positive,2021-2022
stu_EPPBQ3873F,11,I am not good with social interactions,45.0,negative,2021-2022
stu_EPPBQ3873F,8,I am somone that dosent like to read,25.0,negative,2021-2022
stu_EPPBQ3873F,8,I am somone that dosent like to read,24.0,negative,2021-2022
stu_EPPBQ3873F,16,I am an anime fan,24.0,positive,2021-2022
stu_EPPBQ3873F,14,I am not good at fashion,30.0,negative,2021-2022
stu_EPPBQ3873F,9,I am a theme park nerd,22.0,nerd,2021-2022
stu_EPPBQ3873F,18,I am a bad at talking to new people,44.0,negative,2021-2022
stu_EPPBQ3873F,4,a mostly A grade student,25.0,neutral,2021-2022
stu_EPPBQ3873F,4,a mostly A grade student,14.0,neutral,2021-2022
stu_EPPBQ3873F,17,I am an ok cook,31.0,neutral,2021-2022
stu_EPPBQ3873F,12,I am not very good at sports,29.0,neutral,2021-2022
stu_EPPBQ3873F,7,i am somtimes smart,43.0,positive,2021-2022
stu_EPPBQ3873F,15,I am a Marvel fan,24.0,positive,2021-2022
stu_EPPBQ3873F,2,funny sometimes,44.0,positive,2021-2022
stu_EPPBQ3873F,1,[FIRST & LAST NAME],5.0,none,2021-2022
stu_FRYMF1735S,12,I like tennis,24.0,positive,2021-2022
stu_FRYMF1735S,15,I like going on vacations.,31.0,positive,2021-2022
stu_FRYMF1735S,15,I like going on vacations.,24.0,positive,2021-2022
stu_FRYMF1735S,17,I love listening to classical music,26.0,positive,2021-2022
stu_FRYMF1735S,17,I love listening to classical music,24.0,positive,2021-2022
stu_FRYMF1735S,14,I like swimming,29.0,positive,2021-2022
stu_FRYMF1735S,14,I like swimming,24.0,positive,2021-2022
stu_FRYMF1735S,16,I am a triliguist.,22.0,trilingual,2021-2022
stu_FRYMF1735S,13,I hate running,29.0,negative,2021-2022
stu_FRYMF1735S,13,I hate running,24.0,negative,2021-2022
stu_FRYMF1735S,6,I am extroverted.,44.0,neutral,2021-2022
stu_FRYMF1735S,19,"I like consider myself smart, although I'm not sure.",43.0,positive,2021-2022
stu_FRYMF1735S,10,I enjoy eating food.,24.0,positive,2021-2022
stu_FRYMF1735S,7,I am a lover of the arts.,25.0,positive,2021-2022
stu_FRYMF1735S,7,I am a lover of the arts.,24.0,positive,2021-2022
stu_FRYMF1735S,5,I identify as a heterosexual female.,3.0,female,2021-2022
stu_FRYMF1735S,5,I identify as a heterosexual female.,1.0,heterosexual,2021-2022
stu_FRYMF1735S,8,I am a writer.,26.0,neutral,2021-2022
stu_FRYMF1735S,3,I am Moroccan-Italian.,7.0,moroccan-italian,2021-2022
stu_FRYMF1735S,1,I identify as female.,1.0,female,2021-2022
stu_FRYMF1735S,20,I am young,4.0,young,2021-2022
stu_FRYMF1735S,2,I identify as North African-American.,7.0,north african-american,2021-2022
stu_FRYMF1735S,4,I am funny.,46.0,positive,2021-2022
stu_FRYMF1735S,11,I enjoy doing mathematics.,25.0,neutral,2021-2022
stu_FRYMF1735S,11,I enjoy doing mathematics.,24.0,positive,2021-2022
stu_FRYMF1735S,18,I like watching television.,27.0,neutral,2021-2022
stu_FRYMF1735S,18,I like watching television.,24.0,positive,2021-2022
stu_FRYMF1735S,9,I am a student.,14.0,neutral,2021-2022
stu_HDDFY3165H,14,I am all out of pencils. Please lend me some.,47.0,negative,2021-2022
stu_HDDFY3165H,5,I am a blonde.,35.0,neutral,2021-2022
stu_HDDFY3165H,3,I'm a 13 year old,4.0,13,2021-2022
stu_HDDFY3165H,17,I am [CHARACTER NAME] in the play.,26.0,neutral,2021-2022
stu_HDDFY3165H,16,I am a student.,14.0,neutral,2021-2022
stu_HDDFY3165H,7,I am a great volleyball player and softball player.,29.0,positive,2021-2022
stu_HDDFY3165H,19,I am person who was not prepared to explore their identity for a 5$ amazon giftcard.,47.0,negative,2021-2022
stu_HDDFY3165H,12,I am a trail runner.,29.0,neutral,2021-2022
stu_HDDFY3165H,18,"I am a gemini, therefor I have an amazing personality.",45.0,positive,2021-2022
stu_HDDFY3165H,18,"I am a gemini, therefor I have an amazing personality.",22.0,gemini,2021-2022
stu_HDDFY3165H,1,I am an athlete?,29.0,neutral,2021-2022
stu_HDDFY3165H,11,I am a girl.,2.0,girl,2021-2022
stu_HDDFY3165H,9,I am a person scared about moving.,47.0,negative,2021-2022
stu_HDDFY3165H,4,I am a person confused about this survey.,47.0,neutral,2021-2022
stu_HDDFY3165H,8,I am broke.,34.0,poor,2021-2022
stu_HDDFY3165H,13,I am happy.,45.0,positive,2021-2022
stu_HDDFY3165H,6,I am an artist and performer.,26.0,neutral,2021-2022
stu_HDDFY3165H,15,I am a walking dad joke dispenser.,45.0,neutral,2021-2022
stu_HDDFY3165H,2,I'm [FIRST NAME],5.0,none,2021-2022
stu_HDDFY3165H,10,I am a member of my community.,22.0,not sure,2021-2022
stu_HDDFY3165H,20,I am feeling very accomplished for finishing this survey.,47.0,positive,2021-2022
stu_HSPMF9210Q,7,Cool kid,46.0,positive,2021-2022
stu_HSPMF9210Q,7,Cool kid,4.0,kid,2021-2022
stu_HSPMF9210Q,7,Cool kid,22.0,kid,2021-2022
stu_HSPMF9210Q,2,[CLASSMATE'S FIRST & LAST NAME]'s plug,10.0,positive,2021-2022
stu_HSPMF9210Q,6,[FIRST NAME INITIAL]-W69,5.0,none,2021-2022
stu_HSPMF9210Q,4,[FIRST NAME INITIAL & LAST NAME],5.0,none,2021-2022
stu_HSPMF9210Q,13,[FIRST NAME & LAST INITAL],5.0,none,2021-2022
stu_HSPMF9210Q,17,[VARIATION OF NAME],5.0,none,2021-2022
stu_HSPMF9210Q,3,NBA Lil [NAME INITIAL],5.0,none,2021-2022
stu_HSPMF9210Q,10,[FIRST & LAST NAME],5.0,none,2021-2022
stu_HSPMF9210Q,20,[VARIATION OF NAME],5.0,none,2021-2022
stu_HSPMF9210Q,8,[POPULAR VIDEO GAME],48.0,none,2021-2022
stu_HSPMF9210Q,19,[VARIATION OF NAME],5.0,none,2021-2022
stu_HSPMF9210Q,9,[FIRST NAME],5.0,none,2021-2022
stu_HSPMF9210Q,15,[POPULAR VIDEO GAME],28.0,neutral,2021-2022
stu_HSPMF9210Q,14,[FIRST INITIAL & LAST NAME],5.0,none,2021-2022
stu_HSPMF9210Q,18,[VARIATION OF NAME],5.0,none,2021-2022
stu_HSPMF9210Q,1,[CLASSMATE'S FIRST & LAST NAME]'s mom,48.0,none,2021-2022
stu_HSPMF9210Q,5,The Big [FIRST NAME INITIAL],5.0,none,2021-2022
stu_HSPMF9210Q,16,[INTERNET USERNAME],27.0,neutral,2021-2022
stu_HSPMF9210Q,16,[INTERNET USERNAME],5.0,none,2021-2022
stu_HSPMF9210Q,11,[FIRST & LAST NAME],5.0,none,2021-2022
stu_HSPMF9210Q,12,[FIRST NAME],5.0,none,2021-2022
stu_IJDRZ1838Q,2,I am [FIRST & LAST NAME],5.0,none,2021-2022
stu_IJDRZ1838Q,17,I am [FIRST & LAST NAME],5.0,none,2021-2022
stu_IJDRZ1838Q,15,I am [FIRST & LAST NAME],5.0,none,2021-2022
stu_IJDRZ1838Q,5,I am [FIRST & LAST NAME],5.0,none,2021-2022
stu_IJDRZ1838Q,3,I am [FIRST & LAST NAME],5.0,none,2021-2022
stu_IJDRZ1838Q,6,I am [FIRST & LAST NAME],5.0,none,2021-2022
stu_IJDRZ1838Q,14,I am [FIRST & LAST NAME],5.0,none,2021-2022
stu_IJDRZ1838Q,19,I am [FIRST & LAST NAME],5.0,none,2021-2022
stu_IJDRZ1838Q,4,I am [FIRST & LAST NAME],5.0,none,2021-2022
stu_IJDRZ1838Q,8,I am [FIRST & LAST NAME],5.0,none,2021-2022
stu_IJDRZ1838Q,9,I am [FIRST & LAST NAME],5.0,none,2021-2022
stu_IJDRZ1838Q,7,I am [FIRST & LAST NAME],5.0,none,2021-2022
stu_IJDRZ1838Q,11,I am [FIRST & LAST NAME],5.0,none,2021-2022
stu_IJDRZ1838Q,10,I am [FIRST & LAST NAME],5.0,none,2021-2022
stu_IJDRZ1838Q,16,I am [FIRST & LAST NAME],5.0,none,2021-2022
stu_IJDRZ1838Q,12,I am [FIRST & LAST NAME],5.0,none,2021-2022
stu_IJDRZ1838Q,13,I am [FIRST & LAST NAME],5.0,none,2021-2022
stu_IJDRZ1838Q,18,I am [FIRST & LAST NAME],5.0,none,2021-2022
stu_IJDRZ1838Q,1,I am [FIRST & LAST NAME],5.0,none,2021-2022
stu_IJDRZ1838Q,20,I am [FIRST & LAST NAME],5.0,none,2021-2022
stu_ISMGM5117Q,7,I am not mean,44.0,positive,2021-2022
stu_ISMGM5117Q,16,....,48.0,none,2021-2022
stu_ISMGM5117Q,2,I like science,25.0,positive,2021-2022
stu_ISMGM5117Q,2,I like science,24.0,positive,2021-2022
stu_ISMGM5117Q,1,I am a human,21.0,none,2021-2022
stu_ISMGM5117Q,20,....,48.0,none,2021-2022
stu_ISMGM5117Q,19,....,48.0,none,2021-2022
stu_ISMGM5117Q,10,I don't know,20.0,none,2021-2022
stu_ISMGM5117Q,8,I like being human,24.0,positive,2021-2022
stu_ISMGM5117Q,8,I like being human,21.0,human,2021-2022
stu_ISMGM5117Q,12,...,48.0,none,2021-2022
stu_ISMGM5117Q,9,I am a kid,4.0,child,2021-2022
stu_ISMGM5117Q,17,....,48.0,none,2021-2022
stu_ISMGM5117Q,18,....,48.0,none,2021-2022
stu_ISMGM5117Q,4,I am a soccer player,29.0,neutral,2021-2022
stu_ISMGM5117Q,5,I am considered athletic,29.0,neutral,2021-2022
stu_ISMGM5117Q,11,I don't know,20.0,none,2021-2022
stu_ISMGM5117Q,3,I was in math academy,25.0,neutral,2021-2022
stu_ISMGM5117Q,14,......,48.0,none,2021-2022
stu_ISMGM5117Q,6,I am in middle school,22.0,middleschooler,2021-2022
stu_ISMGM5117Q,6,I am in middle school,14.0,neutral,2021-2022
stu_ISMGM5117Q,13,.....,48.0,none,2021-2022
stu_JYAJW1106C,12,a fisherman,31.0,neutral,2021-2022
stu_JYAJW1106C,8,a kid,22.0,kid,2021-2022
stu_JYAJW1106C,8,a kid,4.0,kid,2021-2022
stu_JYAJW1106C,5,an aisian,6.0,asian,2021-2022
stu_JYAJW1106C,11,a [POPULAR VIDEO GAME] player,28.0,neutral,2021-2022
stu_JYAJW1106C,10,a football kid,29.0,neutral,2021-2022
stu_JYAJW1106C,10,a football kid,4.0,kid,2021-2022
stu_JYAJW1106C,3,a human,21.0,none,2021-2022
stu_JYAJW1106C,4,a friend,10.0,neutral,2021-2022
stu_JYAJW1106C,16,,48.0,none,2021-2022
stu_JYAJW1106C,2,at [SCHOOL NAME],14.0,neutral,2021-2022
stu_JYAJW1106C,1,an 8th grader,14.0,neutral,2021-2022
stu_JYAJW1106C,6,a gamer,28.0,neutral,2021-2022
stu_JYAJW1106C,19,,48.0,none,2021-2022
stu_JYAJW1106C,17,,48.0,none,2021-2022
stu_JYAJW1106C,14,,48.0,none,2021-2022
stu_JYAJW1106C,9,a teen,22.0,teenager,2021-2022
stu_JYAJW1106C,7,a playa,44.0,neutral,2021-2022
stu_JYAJW1106C,15,,48.0,none,2021-2022
stu_KGGVG8695W,6,I'm Korean,7.0,korean,2021-2022
stu_KGGVG8695W,9,I'm a cracked fortnite gamer,28.0,positive,2021-2022
stu_KGGVG8695W,3,I'm a friend of [FIRST NAME],10.0,neutral,2021-2022
stu_KGGVG8695W,8,I'm [FIRST NAME],5.0,none,2021-2022
stu_KGGVG8695W,1,I'm human,21.0,none,2021-2022
stu_KGGVG8695W,7,I'm Asian,6.0,asian,2021-2022
stu_KGGVG8695W,4,I'm [NAME INITIALS]'s friend,10.0,neutral,2021-2022
stu_KGGVG8695W,11,Im a mathematician,25.0,neutral,2021-2022
stu_KGGVG8695W,12,Im an architectural designer,26.0,neutral,2021-2022
stu_KGGVG8695W,12,Im an architectural designer,25.0,neutral,2021-2022
stu_KGGVG8695W,20,,48.0,none,2021-2022
stu_KGGVG8695W,5,I'm a playa,44.0,neutral,2021-2022
stu_KGGVG8695W,2,I'm in [SCHOOL NAME],14.0,neutral,2021-2022
stu_KGGVG8695W,18,,48.0,none,2021-2022
stu_KGGVG8695W,10,Im a duck,48.0,none,2021-2022
stu_MMPEO7609Y,6,outside and inside guy,44.0,neutral,2021-2022
stu_MMPEO7609Y,9,computer science/coding,27.0,neutral,2021-2022
stu_MMPEO7609Y,8,2 languages,22.0,bilingual,2021-2022
stu_MMPEO7609Y,11,love to try foods from other cultures,31.0,positive,2021-2022
stu_MMPEO7609Y,11,love to try foods from other cultures,24.0,positive,2021-2022
stu_MMPEO7609Y,18,watching basketball,47.0,neutral,2021-2022
stu_MMPEO7609Y,2,A athlete,29.0,neutral,2021-2022
stu_MMPEO7609Y,16,watching hockey,47.0,neutral,2021-2022
stu_MMPEO7609Y,7,early to everything,43.0,none,2021-2022
stu_MMPEO7609Y,20,[POPULAR SKIING MOUNTAIN] :),29.0,neutral,2021-2022
stu_MMPEO7609Y,1,A friend/happy/caring,10.0,positive,2021-2022
stu_MMPEO7609Y,10,films/editing,27.0,neural,2021-2022
stu_MMPEO7609Y,3,a hard worker,41.0,positive,2021-2022
stu_MMPEO7609Y,19,watching baeball,47.0,neutralneutral,2021-2022
stu_MMPEO7609Y,19,watching baeball,29.0,neutralneutral,2021-2022
stu_MMPEO7609Y,14,going on very fast/big roller coasters,47.0,neutral,2021-2022
stu_MMPEO7609Y,12,going to new places,31.0,neutral,2021-2022
stu_MMPEO7609Y,13,seeing live sporting events,29.0,neutral,2021-2022
stu_MMPEO7609Y,17,watching soccer,47.0,neutral,2021-2022
stu_MMPEO7609Y,17,watching soccer,29.0,neutral,2021-2022
stu_MMPEO7609Y,4,"skier, snowboarder, and a surfer sometimes",29.0,neutral,2021-2022
stu_MMPEO7609Y,5,A math person,25.0,positive,2021-2022
stu_MMPEO7609Y,15,watching football,47.0,neutral,2021-2022
stu_MPFAT1157P,10,[FIRST & LAST NAME],5.0,none,2021-2022
stu_MPFAT1157P,13,[FIRST & LAST NAME],5.0,none,2021-2022
stu_MPFAT1157P,20,[FIRST & LAST NAME],5.0,none,2021-2022
stu_MPFAT1157P,18,[FIRST & LAST NAME],5.0,none,2021-2022
stu_MPFAT1157P,9,[FIRST & LAST NAME],5.0,none,2021-2022
stu_MPFAT1157P,6,[FIRST & LAST NAME],5.0,none,2021-2022
stu_MPFAT1157P,15,[FIRST & LAST NAME],5.0,none,2021-2022
stu_MPFAT1157P,2,Student,14.0,neutral,2021-2022
stu_MPFAT1157P,5,[FIRST & LAST NAME],5.0,none,2021-2022
stu_MPFAT1157P,14,[FIRST & LAST NAME],5.0,none,2021-2022
stu_MPFAT1157P,11,[FIRST & LAST NAME],5.0,none,2021-2022
stu_MPFAT1157P,4,[FIRST & LAST NAME],5.0,none,2021-2022
stu_MPFAT1157P,17,[FIRST & LAST NAME],5.0,none,2021-2022
stu_MPFAT1157P,1,[FIRST & LAST NAME],5.0,none,2021-2022
stu_MPFAT1157P,16,[FIRST & LAST NAME],5.0,none,2021-2022
stu_MPFAT1157P,8,[FIRST & LAST NAME],5.0,none,2021-2022
stu_MPFAT1157P,3,Teenage girl,22.0,teenager,2021-2022
stu_MPFAT1157P,3,Teenage girl,2.0,girl,2021-2022
stu_MPFAT1157P,3,Teenage girl,4.0,teenager,2021-2022
stu_MPFAT1157P,7,[FIRST & LAST NAME],5.0,none,2021-2022
stu_MPFAT1157P,12,[FIRST & LAST NAME],5.0,none,2021-2022
stu_MPFAT1157P,19,[FIRST & LAST NAME],5.0,none,2021-2022
stu_MYPPF5696O,1,I love Soccer,29.0,positive,2021-2022
stu_MYPPF5696O,1,I love Soccer,24.0,positive,2021-2022
stu_MYPPF5696O,14,I love soccer,29.0,positive,2021-2022
stu_MYPPF5696O,14,I love soccer,24.0,positive,2021-2022
stu_MYPPF5696O,10,I love my best friend [FIRST NAME],10.0,positive,2021-2022
stu_MYPPF5696O,9,I love my best friend [FIRST NAME],10.0,positive,2021-2022
stu_MYPPF5696O,16,I love playing wing-back in soccer,29.0,positive,2021-2022
stu_MYPPF5696O,16,I love playing wing-back in soccer,24.0,positive,2021-2022
stu_MYPPF5696O,5,I love music,26.0,positive,2021-2022
stu_MYPPF5696O,5,I love music,24.0,positive,2021-2022
stu_MYPPF5696O,18,I have good grades and work hard,41.0,positive,2021-2022
stu_MYPPF5696O,18,I have good grades and work hard,14.0,positive,2021-2022
stu_MYPPF5696O,2,I love dogs,24.0,positive,2021-2022
stu_MYPPF5696O,6,Soccer is my life,29.0,positive,2021-2022
stu_MYPPF5696O,19,I strongly dislike math,25.0,negative,2021-2022
stu_MYPPF5696O,19,I strongly dislike math,24.0,negative,2021-2022
stu_MYPPF5696O,11,I love my best friend [FIRST NAME],10.0,positive,2021-2022
stu_MYPPF5696O,4,I love my sister,12.0,positive,2021-2022
stu_MYPPF5696O,8,I love La Jolla/Ventura,24.0,positive,2021-2022
stu_MYPPF5696O,15,I love soccer,29.0,positive,2021-2022
stu_MYPPF5696O,15,I love soccer,24.0,positive,2021-2022
stu_MYPPF5696O,13,I love acting,26.0,positive,2021-2022
stu_MYPPF5696O,13,I love acting,24.0,positive,2021-2022
stu_MYPPF5696O,20,I love soccer,29.0,neutral,2021-2022
stu_MYPPF5696O,20,I love soccer,24.0,positive,2021-2022
stu_MYPPF5696O,12,I love Soccer,29.0,neutral,2021-2022
stu_MYPPF5696O,12,I love Soccer,24.0,positive,2021-2022
stu_MYPPF5696O,7,I care about my grades,25.0,neutral,2021-2022
stu_MYPPF5696O,3,I love my parents,24.0,positive,2021-2022
stu_MYPPF5696O,3,I love my parents,12.0,neutral,2021-2022
stu_MYPPF5696O,17,I love talk to my friends,31.0,neutral,2021-2022
stu_MYPPF5696O,17,I love talk to my friends,10.0,neutral,2021-2022
stu_MYPPF5696O,17,I love talk to my friends,24.0,positive,2021-2022
stu_PTDFD3837B,18,I like listening to documentaries,31.0,positive,2021-2022
stu_PTDFD3837B,18,I like listening to documentaries,24.0,positive,2021-2022
stu_PTDFD3837B,15,I like playing baseball,29.0,positive,2021-2022
stu_PTDFD3837B,15,I like playing baseball,24.0,positive,2021-2022
stu_PTDFD3837B,5,I am 15 years old,4.0,15,2021-2022
stu_PTDFD3837B,8,I like reading books,25.0,positive,2021-2022
stu_PTDFD3837B,8,I like reading books,24.0,positive,2021-2022
stu_PTDFD3837B,10,I am friendly,44.0,positive,2021-2022
stu_PTDFD3837B,6,I live in [CITY],9.0,neutral,2021-2022
stu_PTDFD3837B,20,I love my family,12.0,positive,2021-2022
stu_PTDFD3837B,14,I like watching action movies or science fiction movies,31.0,neutral,2021-2022
stu_PTDFD3837B,14,I like watching action movies or science fiction movies,24.0,positive,2021-2022
stu_PTDFD3837B,13,I like learning about anything medical,25.0,neutral,2021-2022
stu_PTDFD3837B,13,I like learning about anything medical,24.0,positive,2021-2022
stu_PTDFD3837B,11,I like playing games,28.0,neutral,2021-2022
stu_PTDFD3837B,11,I like playing games,24.0,positive,2021-2022
stu_PTDFD3837B,7,I excel in Mathematics,25.0,positive,2021-2022
stu_PTDFD3837B,17,I like observing things like animal behavior,31.0,neutral,2021-2022
stu_PTDFD3837B,17,I like observing things like animal behavior,24.0,positive,2021-2022
stu_PTDFD3837B,16,I like solving puzzles,31.0,neutral,2021-2022
stu_PTDFD3837B,16,I like solving puzzles,24.0,positive,2021-2022
stu_PTDFD3837B,3,I am FIlipino,7.0,filipino,2021-2022
stu_PTDFD3837B,12,I like biology,25.0,neutral,2021-2022
stu_PTDFD3837B,12,I like biology,24.0,positive,2021-2022
stu_PTDFD3837B,2,I'm a second child,12.0,neutral,2021-2022
stu_PTDFD3837B,19,I like talking with my sister,24.0,positive,2021-2022
stu_PTDFD3837B,19,I like talking with my sister,12.0,neutral,2021-2022
stu_PTDFD3837B,9,I like playing badminton,29.0,neutral,2021-2022
stu_PTDFD3837B,9,I like playing badminton,24.0,positive,2021-2022
stu_PTDFD3837B,4,I was born at [BIRTHDATE],4.0,not sure,2021-2022
stu_PTDFD3837B,1,"I am [FIRST, MIDDLE & LAST NAME]",5.0,none,2021-2022
stu_QBTFP2812O,11,I am big,35.0,neutral,2021-2022
stu_QBTFP2812O,20,I like spring,24.0,positive,2021-2022
stu_QBTFP2812O,12,I LOVE math,25.0,positive,2021-2022
stu_QBTFP2812O,12,I LOVE math,24.0,positive,2021-2022
stu_QBTFP2812O,2,I like water,24.0,positive,2021-2022
stu_QBTFP2812O,1,I'm a boy,2.0,boy,2021-2022
stu_QBTFP2812O,6,In 8th grade,22.0,8thgrade,2021-2022
stu_QBTFP2812O,6,In 8th grade,4.0,8thgrade,2021-2022
stu_QBTFP2812O,6,In 8th grade,14.0,neutral,2021-2022
stu_QBTFP2812O,8,I play baseball,29.0,neutral,2021-2022
stu_QBTFP2812O,18,I don't like soccer,29.0,negative,2021-2022
stu_QBTFP2812O,18,I don't like soccer,24.0,negative,2021-2022
stu_QBTFP2812O,14,I'm not short,35.0,neutral,2021-2022
stu_QBTFP2812O,7,Going to high school next year,14.0,middleschooler,2021-2022
stu_QBTFP2812O,7,Going to high school next year,4.0,teenager,2021-2022
stu_QBTFP2812O,17,I like baseball,29.0,neutral,2021-2022
stu_QBTFP2812O,17,I like baseball,24.0,positive,2021-2022
stu_QBTFP2812O,16,I like computers,27.0,neutral,2021-2022
stu_QBTFP2812O,16,I like computers,24.0,positive,2021-2022
stu_QBTFP2812O,3,Food is enjoyable,24.0,positive,2021-2022
stu_QBTFP2812O,19,I don't like winter,24.0,negative,2021-2022
stu_QBTFP2812O,5,I am an Aquarius,22.0,aquarius,2021-2022
stu_QBTFP2812O,4,Air is pretty nice,48.0,none,2021-2022
stu_QBTFP2812O,15,I think I'm smart,43.0,positive,2021-2022
stu_QBTFP2812O,10,I am tall,35.0,neutral,2021-2022
stu_QBTFP2812O,13,School is okay,14.0,neutral,2021-2022
stu_QBTFP2812O,9,I'm good at baseball,29.0,positive,2021-2022
stu_QVQAC5837Q,16,a reader,25.0,positive,2021-2022
stu_QVQAC5837Q,4,involved,43.0,positive,2021-2022
stu_QVQAC5837Q,2,bisexual,3.0,bisexual,2021-2022
stu_QVQAC5837Q,1,In an honors 8 math class,14.0,positive,2021-2022
stu_QVQAC5837Q,8,Going to [SCHOOL NAME] for highshool,14.0,neutral,2021-2022
stu_QVQAC5837Q,17,love to sing,26.0,positive,2021-2022
stu_QVQAC5837Q,17,love to sing,24.0,positive,2021-2022
stu_QVQAC5837Q,3,Funny,44.0,positive,2021-2022
stu_QVQAC5837Q,9,[FIRST & LAST NAME],5.0,none,2021-2022
stu_QVQAC5837Q,6,confident,45.0,positive,2021-2022
stu_QVQAC5837Q,7,A reader,25.0,positive,2021-2022
stu_QVQAC5837Q,19,crafter,26.0,neutral,2021-2022
stu_QVQAC5837Q,12,Friendly,44.0,positive,2021-2022
stu_QVQAC5837Q,5,hopefully pretty,35.0,positive,2021-2022
stu_QVQAC5837Q,11,A hopeless romantic,44.0,neutral,2021-2022
stu_QVQAC5837Q,20,The girl on [A YOUTUBE CHANNEL],27.0,neutral,2021-2022
stu_QVQAC5837Q,20,The girl on [A YOUTUBE CHANNEL],2.0,girl,2021-2022
stu_QVQAC5837Q,15,Want to be a writer,25.0,neutral,2021-2022
stu_QVQAC5837Q,10,Brown short hair,35.0,neutral,2021-2022
stu_QVQAC5837Q,14,A polar bear in a past life,48.0,none,2021-2022
stu_QVQAC5837Q,18,"very uncultured, but I am trying to get better",44.0,neutral,2021-2022
stu_QVQAC5837Q,13,In my best life,42.0,positive,2021-2022
stu_TBLLD7751R,17,missing,48.0,none,2021-2022
stu_TBLLD7751R,3,Friendly,44.0,positive,2021-2022
stu_TBLLD7751R,1,Son,12.0,neutral,2021-2022
stu_TBLLD7751R,1,Son,2.0,boy,2021-2022
stu_TBLLD7751R,19,silly,45.0,neutral,2021-2022
stu_TBLLD7751R,20,I am [FIRST & LAST NAME],5.0,none,2021-2022
stu_TBLLD7751R,2,Student,14.0,neutral,2021-2022
stu_TBLLD7751R,4,myself,19.0,none,2021-2022
stu_TBLLD7751R,16,unhappy,45.0,negative,2021-2022
stu_TBLLD7751R,12,popular (Alot of my close friends say this),46.0,positive,2021-2022
stu_TBLLD7751R,15,unstable,42.0,negative,2021-2022
stu_TBLLD7751R,6,Bisexual,3.0,bisexual,2021-2022
stu_TBLLD7751R,10,stupid,43.0,negative,2021-2022
stu_TBLLD7751R,18,talkative,44.0,neutral,2021-2022
stu_TBLLD7751R,7,happy,45.0,positive,2021-2022
stu_TBLLD7751R,14,male,1.0,m,2021-2022
stu_TBLLD7751R,8,crazy,45.0,neutral,2021-2022
stu_TBLLD7751R,9,smart,43.0,positive,2021-2022
stu_TBLLD7751R,5,awake,47.0,neutral,2021-2022
stu_TBLLD7751R,11,interesting,40.0,positive,2021-2022
stu_TZHMJ7937V,18,courages,41.0,positive,2021-2022
stu_TZHMJ7937V,1,i am a latino,7.0,latino,2021-2022
stu_TZHMJ7937V,17,intellegente,,,2021-2022
stu_TZHMJ7937V,5,i have too many uncles to count,12.0,neutral,2021-2022
stu_TZHMJ7937V,19,strong,43.0,positive,2021-2022
stu_TZHMJ7937V,2,i am a 15 years old,4.0,15,2021-2022
stu_TZHMJ7937V,6,my only grandparent lives in mexico,12.0,neutral,2021-2022
stu_TZHMJ7937V,13,i am lazy,41.0,negative,2021-2022
stu_TZHMJ7937V,12,i have 5 family members,12.0,neutral,2021-2022
stu_TZHMJ7937V,11,my favorite show is dragon ball,24.0,positive,2021-2022
stu_TZHMJ7937V,3,i am an A student,14.0,positive,2021-2022
stu_TZHMJ7937V,8,i am the best at math in my family,25.0,positive,2021-2022
stu_TZHMJ7937V,7,i am the tallest in my family,35.0,neutral,2021-2022
stu_TZHMJ7937V,10,i love video games,28.0,positive,2021-2022
stu_TZHMJ7937V,10,i love video games,24.0,positive,2021-2022
stu_TZHMJ7937V,16,funny,44.0,positive,2021-2022
stu_TZHMJ7937V,9,i teach my older brother math,12.0,neutral,2021-2022
stu_TZHMJ7937V,20,hard working,41.0,positive,2021-2022
stu_TZHMJ7937V,15,tall,35.0,neutral,2021-2022
stu_TZHMJ7937V,4,i am the youngest son,12.0,neutral,2021-2022
stu_TZHMJ7937V,4,i am the youngest son,2.0,boy,2021-2022
stu_TZHMJ7937V,14,i am for the most part joyful,45.0,positive,2021-2022
stu_UGGVA3982I,17,SINGING IS AWESOME!!!,26.0,positive,2021-2022
stu_UGGVA3982I,20,I LOVE VOLLEYBALL!!!!!??,29.0,positive,2021-2022
stu_UGGVA3982I,20,I LOVE VOLLEYBALL!!!!!??,24.0,positive,2021-2022
stu_UGGVA3982I,1,I am a volleyball player.,29.0,neutral,2021-2022
stu_UGGVA3982I,19,I hate snakes and cats (FIRST NAME & ANOTHER FIRST NAME).,24.0,negative,2021-2022
stu_UGGVA3982I,3,I am an actress.,26.0,neutral,2021-2022
stu_UGGVA3982I,12,Mathia is better then iready.,47.0,positive,2021-2022
stu_UGGVA3982I,2,I am a singer.,26.0,neutral,2021-2022
stu_UGGVA3982I,13,VOLLEYBALL IS AWESOME!!!!!,29.0,positive,2021-2022
stu_UGGVA3982I,9,I love songwriting.,26.0,positive,2021-2022
stu_UGGVA3982I,9,I love songwriting.,24.0,positive,2021-2022
stu_UGGVA3982I,14,I am in 8th grade.,22.0,8thgrade,2021-2022
stu_UGGVA3982I,14,I am in 8th grade.,4.0,8thgrade,2021-2022
stu_UGGVA3982I,14,I am in 8th grade.,14.0,neutral,2021-2022
stu_UGGVA3982I,15,I am 14.,4.0,14,2021-2022
stu_UGGVA3982I,8,I love music.,24.0,positive,2021-2022
stu_UGGVA3982I,18,Drawing funny things is fun.,26.0,positive,2021-2022
stu_UGGVA3982I,6,I am a Star Wars fan.,24.0,positive,2021-2022
stu_UGGVA3982I,16,I like writing poems.,26.0,neutral,2021-2022
stu_UGGVA3982I,16,I like writing poems.,24.0,positive,2021-2022
stu_UGGVA3982I,16,I like writing poems.,25.0,neutral,2021-2022
stu_UGGVA3982I,11,I like using Staedtler erasers.,31.0,neutral,2021-2022
stu_UGGVA3982I,11,I like using Staedtler erasers.,24.0,positive,2021-2022
stu_UGGVA3982I,7,I am a Marvel fan.,24.0,positive,2021-2022
stu_UGGVA3982I,5,I am a ukulele player.,26.0,neutral,2021-2022
stu_UGGVA3982I,10,I love my friends.,24.0,positive,2021-2022
stu_UGGVA3982I,10,I love my friends.,10.0,neutral,2021-2022
stu_UGGVA3982I,4,I am a piano player.,26.0,neutral,2021-2022
stu_VVZZF7786I,3,a hopeless romantic,45.0,positive,2021-2022
stu_VVZZF7786I,4,a singer,26.0,neutral,2021-2022
stu_VVZZF7786I,15,a comedian,45.0,positive,2021-2022
stu_VVZZF7786I,2,a poet,26.0,neutral,2021-2022
stu_VVZZF7786I,17,a dog lover,24.0,positive,2021-2022
stu_VVZZF7786I,5,a romance novel lover,25.0,positive,2021-2022
stu_VVZZF7786I,5,a romance novel lover,24.0,positive,2021-2022
stu_VVZZF7786I,16,someone who loves their hair curlers,31.0,positive,2021-2022
stu_VVZZF7786I,16,someone who loves their hair curlers,24.0,positive,2021-2022
stu_VVZZF7786I,8,a mushroom lover,24.0,positive,2021-2022
stu_VVZZF7786I,6,an emotional person,45.0,neutral,2021-2022
stu_VVZZF7786I,9,an artistic mind,26.0,positive,2021-2022
stu_VVZZF7786I,13,an old soul,19.0,none,2021-2022
stu_VVZZF7786I,19,a swiftie,24.0,positive,2021-2022
stu_VVZZF7786I,18,[A POPULAR TV SHOW WEBSITE] member,27.0,neutral,2021-2022
stu_VVZZF7786I,1,A swimmer,29.0,neutral,2021-2022
stu_VVZZF7786I,14,a passionate athlete,29.0,positive,2021-2022
stu_VVZZF7786I,12,a music lover,26.0,neutral,2021-2022
stu_VVZZF7786I,12,a music lover,24.0,positive,2021-2022
stu_VVZZF7786I,7,a pisces,22.0,pisces,2021-2022
stu_VVZZF7786I,20,a stresser,45.0,neutral,2021-2022
stu_VVZZF7786I,10,a shoe collector,30.0,neutral,2021-2022
stu_VVZZF7786I,11,someone who is allergic to pollen,36.0,neutral,2021-2022
stu_XDOLV9291L,7,ur great grandma,48.0,none,2021-2022
stu_XDOLV9291L,9,a straight person,3.0,straight,2021-2022
stu_XDOLV9291L,19,[FRIEND'S FIRST NAME] father,10.0,neutral,2021-2022
stu_XDOLV9291L,17,TREEE,48.0,none,2021-2022
stu_XDOLV9291L,15,They hating,48.0,none,2021-2022
stu_XDOLV9291L,6,ur grandpa,48.0,none,2021-2022
stu_XDOLV9291L,16,told me to try to catch them dirty,48.0,none,2021-2022
stu_XDOLV9291L,18,[FAMOUS BASEBALL PLAYER],48.0,none,2021-2022
stu_XDOLV9291L,12,A Table,48.0,none,2021-2022
stu_XDOLV9291L,8,ur great grandpa,48.0,none,2021-2022
stu_XDOLV9291L,13,Helicopter Helicopter,48.0,none,2021-2022
stu_XDOLV9291L,3,ur uncle,48.0,none,2021-2022
stu_XDOLV9291L,1,ur mother,48.0,none,2021-2022
stu_XDOLV9291L,11,I don't know you tell me,20.0,none,2021-2022
stu_XDOLV9291L,5,ur grandma,48.0,none,2021-2022
stu_XDOLV9291L,20,POKEMON GOTTA CATCH THEM ALL,28.0,neutral,2021-2022
stu_XDOLV9291L,4,ur aunt,48.0,none,2021-2022
stu_XDOLV9291L,2,ur father,48.0,none,2021-2022
stu_XDOLV9291L,10,[FIRST & LAST NAME],5.0,none,2021-2022
stu_XDOLV9291L,14,They see me rolling,48.0,none,2021-2022
stu_ZCTSK2718U,1,A female.,1.0,female,2021-2022
stu_ZCTSK2718U,6,Someone that is failing my classes.,14.0,negative,2021-2022
stu_ZCTSK2718U,13,Water polo player.,29.0,neutral,2021-2022
stu_ZCTSK2718U,2,I am white/European and Armenian.  Like the Kardashians :).,7.0,armenian,2021-2022
stu_ZCTSK2718U,2,I am white/European and Armenian.  Like the Kardashians :).,6.0,white,2021-2022
stu_ZCTSK2718U,4,Someone with adhd.,38.0,none,2021-2022
stu_ZCTSK2718U,11,Sister.,12.0,positive,2021-2022
stu_ZCTSK2718U,11,Sister.,2.0,girl,2021-2022
stu_ZCTSK2718U,18,,48.0,none,2021-2022
stu_ZCTSK2718U,12,Friend.,10.0,neutral,2021-2022
stu_ZCTSK2718U,16,,48.0,none,2021-2022
stu_ZCTSK2718U,5,Someone with anxiety.,37.0,neutral,2021-2022
stu_ZCTSK2718U,10,I am very privileged money wise and very grateful for it.,34.0,rich,2021-2022
stu_ZCTSK2718U,8,Atheist.,16.0,atheist,2021-2022
stu_ZCTSK2718U,9,Supporter of the lgbtq+ community and blm.,23.0,"lgbtq,blm supporter",2021-2022
stu_ZCTSK2718U,7,Pansexual.,3.0,pansexual,2021-2022
stu_ZCTSK2718U,19,,48.0,none,2021-2022
stu_ZCTSK2718U,3,Someone that was depressed over Covid.,37.0,neutral,2021-2022
stu_ZCTSK2718U,17,,48.0,none,2021-2022
stu_ZWGAX6637V,16,A child,22.0,child,2021-2022
stu_ZWGAX6637V,16,A child,4.0,child,2021-2022
stu_ZWGAX6637V,10,A human,21.0,none,2021-2022
stu_ZWGAX6637V,1,A middle schooler,22.0,middle schooler,2021-2022
stu_ZWGAX6637V,18,A person,21.0,none,2021-2022
stu_ZWGAX6637V,6,A human,21.0,none,2021-2022
stu_ZWGAX6637V,13,A person filling out this survey.,47.0,neutral,2021-2022
stu_ZWGAX6637V,5,A nintendo fan in general,28.0,positive,2021-2022
stu_ZWGAX6637V,5,A nintendo fan in general,24.0,positive,2021-2022
stu_ZWGAX6637V,20,A DC hater kind of,24.0,negative,2021-2022
stu_ZWGAX6637V,7,A proud Armenian,7.0,armenian,2021-2022
stu_ZWGAX6637V,14,A Mr. [TEACHER NAME] hater,24.0,negative,2021-2022
stu_ZWGAX6637V,15,A minor,4.0,child,2021-2022
stu_ZWGAX6637V,2,A kid who is good at math,25.0,positive,2021-2022
stu_ZWGAX6637V,2,A kid who is good at math,4.0,child,2021-2022
stu_ZWGAX6637V,17,A person,21.0,none,2021-2022
stu_ZWGAX6637V,19,A Marvel and Star Wars fan,24.0,positive,2021-2022
stu_ZWGAX6637V,8,A very nonathletic person,29.0,neutral,2021-2022
stu_ZWGAX6637V,3,A pokemon fan,27.0,neutral,2021-2022
stu_ZWGAX6637V,3,A pokemon fan,24.0,positive,2021-2022
stu_ZWGAX6637V,4,A zelda fan,29.0,neutral,2021-2022
stu_ZWGAX6637V,4,A zelda fan,24.0,positive,2021-2022
stu_ZWGAX6637V,11,A dude,2.0,boy,2021-2022
stu_ZWGAX6637V,9,A person,19.0,none,2021-2022
stu_ZWGAX6637V,12,A Mathia user,22.0,mathia user,2021-2022
stu_AGZKP8305N,1,I am a female,1.0,female,2022-2023
stu_AGZKP8305N,2,I am one who can get overwhelmed and stressed at times,45.0,negative,2022-2023
stu_AGZKP8305N,3,"I am someone who really likes dinosaurs and dragons, and art",26.0,positive,2022-2023
stu_AGZKP8305N,3,"I am someone who really likes dinosaurs and dragons, and art",24.0,positive,2022-2023
stu_AGZKP8305N,4,"I am an extrovert, and do not like being alone for extended periods of time",45.0,negative,2022-2023
stu_AGZKP8305N,4,"I am an extrovert, and do not like being alone for extended periods of time",44.0,neutral,2022-2023
stu_AGZKP8305N,5,I am someone who can get stressed if I answer a question wrong,45.0,negative,2022-2023
stu_AGZKP8305N,6,"I am one who likes talking, a lot",44.0,positive,2022-2023
stu_AGZKP8305N,6,"I am one who likes talking, a lot",24.0,positive,2022-2023
stu_AGZKP8305N,7,I am someone who can get un-motivated by a topic if I find it too boring,41.0,negative,2022-2023
stu_AGZKP8305N,8,I am someone who has ADHD,38.0,none,2022-2023
stu_AGZKP8305N,9,I am someone who can have trouble sleeping from anxiety,37.0,negative,2022-2023
stu_AGZKP8305N,10,I am someone who tries to keep my grades up,25.0,neutral,2022-2023
stu_AGZKP8305N,11,I am someone who enjoys math and science,25.0,positive,2022-2023
stu_AGZKP8305N,11,I am someone who enjoys math and science,24.0,positive,2022-2023
stu_AGZKP8305N,12,I am someone who can get stressed over deadlines,43.0,negative,2022-2023
stu_AGZKP8305N,13,I am someone who can get nervous for asking for help,45.0,negative,2022-2023
stu_AGZKP8305N,14,I am someone who likes to animate,26.0,positive,2022-2023
stu_AGZKP8305N,14,I am someone who likes to animate,24.0,positive,2022-2023
stu_AGZKP8305N,15,I am someone who can sometimes get distracted,45.0,neutral,2022-2023
stu_AGZKP8305N,16,"I am someone who is trusting, unless you break it",44.0,neutral,2022-2023
stu_AGZKP8305N,17,I am someone who can forget simple things often,45.0,neutral,2022-2023
stu_AGZKP8305N,18,"I am someone who likes being active, if its nice out and I'm in the mood",29.0,positive,2022-2023
stu_AGZKP8305N,18,"I am someone who likes being active, if its nice out and I'm in the mood",24.0,positive,2022-2023
stu_AGZKP8305N,19,I am someone who likes to listen to music and daydream at the same time,31.0,positive,2022-2023
stu_AGZKP8305N,19,I am someone who likes to listen to music and daydream at the same time,24.0,positive,2022-2023
stu_AGZKP8305N,20,"I am myself, unique, and me.",19.0,none,2022-2023
stu_APHPM7796P,1,A girl,2.0,girl,2022-2023
stu_APHPM7796P,2,Kind,44.0,positive,2022-2023
stu_APHPM7796P,3,Eager to learn,25.0,positive,2022-2023
stu_APHPM7796P,4,Dancer,26.0,neutral,2022-2023
stu_APHPM7796P,5,Actress,26.0,neutral,2022-2023
stu_APHPM7796P,6,Vocalist,26.0,neutral,2022-2023
stu_APHPM7796P,7,Scientist-to-be,25.0,neutral,2022-2023
stu_APHPM7796P,7,Scientist-to-be,13.0,neutral,2022-2023
stu_APHPM7796P,8,A dream pharmacist,13.0,positive,2022-2023
stu_APHPM7796P,9,People person,44.0,positive,2022-2023
stu_APHPM7796P,10,Energetic,45.0,neutral,2022-2023
stu_APHPM7796P,11,Helpful,46.0,positive,2022-2023
stu_APHPM7796P,12,Artist,26.0,neutral,2022-2023
stu_APHPM7796P,13,Thinker,25.0,neutral,2022-2023
stu_APHPM7796P,14,Friendly,44.0,positive,2022-2023
stu_APHPM7796P,15,Interesting,46.0,positive,2022-2023
stu_APHPM7796P,16,Welcoming,44.0,positive,2022-2023
stu_APHPM7796P,17,Tired,47.0,negative,2022-2023
stu_APHPM7796P,18,Water-drinker,31.0,neutral,2022-2023
stu_APHPM7796P,19,Influenced person,45.0,neutral,2022-2023
stu_APHPM7796P,20,Funny,46.0,positive,2022-2023
stu_AUZQS7805M,1,I am a girl.,2.0,girl,2022-2023
stu_AUZQS7805M,2,I am a 7th grader,22.0,7thgrade,2022-2023
stu_AUZQS7805M,2,I am a 7th grader,4.0,7thgrade,2022-2023
stu_AUZQS7805M,2,I am a 7th grader,14.0,neutral,2022-2023
stu_AUZQS7805M,3,I am Haitian.,7.0,haitian,2022-2023
stu_AUZQS7805M,4,I am next to [first name].,47.0,neutral,2022-2023
stu_AUZQS7805M,5,I am a person on the [school name] track team.,29.0,neutral,2022-2023
stu_AUZQS7805M,6,I am an older sister.,12.0,neutral,2022-2023
stu_AUZQS7805M,6,I am an older sister.,2.0,girl,2022-2023
stu_AUZQS7805M,7,I am a person whos always near a friend.,44.0,positive,2022-2023
stu_AUZQS7805M,8,I am always hungry.,45.0,negative,2022-2023
stu_AUZQS7805M,9,I am trying to become a nurse.,13.0,positive,2022-2023
stu_AUZQS7805M,10,I am trying to get into a good college.,14.0,positive,2022-2023
stu_AUZQS7805M,11,I am a person who gets mad over small things.,45.0,negative,2022-2023
stu_AUZQS7805M,12,I am who loves hygiene.,24.0,positive,2022-2023
stu_AUZQS7805M,13,I am good friend.,40.0,positive,2022-2023
stu_AUZQS7805M,13,I am good friend.,10.0,positive,2022-2023
stu_AUZQS7805M,14,I am a person who likes trying to new things.,24.0,positive,2022-2023
stu_AUZQS7805M,15,I am a person who loves anything oreo.,24.0,positive,2022-2023
stu_AUZQS7805M,16,I am a person who trys hard.,41.0,positive,2022-2023
stu_AUZQS7805M,16,I am a person who trys hard.,21.0,none,2022-2023
stu_AUZQS7805M,17,I am mean to my classmates.,44.0,negative,2022-2023
stu_AUZQS7805M,18,I am a person who is mean to [first name].,44.0,negative,2022-2023
stu_AUZQS7805M,19,I am a calm person.,45.0,positive,2022-2023
stu_AUZQS7805M,19,I am a calm person.,21.0,none,2022-2023
stu_AUZQS7805M,20,I am a person who needs a pencil all the time.,33.0,none,2022-2023
stu_AZSAJ4875U,1,Im a good listener,43.0,positive,2022-2023
stu_AZSAJ4875U,2,Im kind,44.0,positive,2022-2023
stu_AZSAJ4875U,3,Im respectful,44.0,positive,2022-2023
stu_AZSAJ4875U,4,Im nice,44.0,positive,2022-2023
stu_AZSAJ4875U,5,I like donuts,24.0,positive,2022-2023
stu_AZSAJ4875U,6,i like food,24.0,positive,2022-2023
stu_AZSAJ4875U,7,I like being on my phone,27.0,positive,2022-2023
stu_AZSAJ4875U,7,I like being on my phone,24.0,positive,2022-2023
stu_AZSAJ4875U,8,I like to be in my bed,31.0,positive,2022-2023
stu_AZSAJ4875U,8,I like to be in my bed,24.0,positive,2022-2023
stu_AZSAJ4875U,9,I like doing my mathia with my math teacher,25.0,positive,2022-2023
stu_AZSAJ4875U,9,I like doing my mathia with my math teacher,24.0,positive,2022-2023
stu_AZSAJ4875U,10,My favorite class to be in is my math class,25.0,positive,2022-2023
stu_AZSAJ4875U,10,My favorite class to be in is my math class,24.0,positive,2022-2023
stu_AZSAJ4875U,11,I love wearing sweaters,24.0,positive,2022-2023
stu_AZSAJ4875U,12,My birthday is in [date],48.0,none,2022-2023
stu_AZSAJ4875U,13,i got 2 dogs,32.0,none,2022-2023
stu_AZSAJ4875U,14,i got 1 bird,32.0,neutral,2022-2023
stu_AZSAJ4875U,15,Im [student first + middle + last name],5.0,none,2022-2023
stu_AZSAJ4875U,16,i love traveling,24.0,positive,2022-2023
stu_AZSAJ4875U,17,i love wearing comfy clothes,24.0,positive,2022-2023
stu_AZSAJ4875U,18,I like doodling on my paper,26.0,positive,2022-2023
stu_AZSAJ4875U,18,I like doodling on my paper,24.0,positive,2022-2023
stu_AZSAJ4875U,19,i like playing soccer,29.0,positive,2022-2023
stu_AZSAJ4875U,19,i like playing soccer,24.0,positive,2022-2023
stu_AZSAJ4875U,20,i like takis,24.0,positive,2022-2023
stu_BKDWS8011M,1,I am a 7th grade student,22.0,seventhgrader,2022-2023
stu_BKDWS8011M,1,I am a 7th grade student,14.0,neutral,2022-2023
stu_BKDWS8011M,2,I am a girl,2.0,girl,2022-2023
stu_BKDWS8011M,3,I am the oldest,12.0,neutral,2022-2023
stu_BKDWS8011M,4,I am kind,44.0,positive,2022-2023
stu_BKDWS8011M,5,"I am Vietnamese, Chinese, and American",8.0,american,2022-2023
stu_BKDWS8011M,5,"I am Vietnamese, Chinese, and American",7.0,vietnameseandchinese,2022-2023
stu_BKDWS8011M,6,I am a bookworm,25.0,neutral,2022-2023
stu_BKDWS8011M,7,I am tired,47.0,negative,2022-2023
stu_BKDWS8011M,8,I am artistic,26.0,neutral,2022-2023
stu_BKDWS8011M,9,I am quiet.....most times,44.0,neutral,2022-2023
stu_BKDWS8011M,10,I am an Honors student,25.0,positive,2022-2023
stu_BKDWS8011M,10,I am an Honors student,22.0,honorsstudent,2022-2023
stu_BKDWS8011M,11,I am an older sister to two brothers,12.0,neutral,2022-2023
stu_BKDWS8011M,11,I am an older sister to two brothers,2.0,girl,2022-2023
stu_BKDWS8011M,12,I am sleepy,47.0,neutral,2022-2023
stu_BKDWS8011M,13,I am unsure of what to write next,47.0,neutral,2022-2023
stu_BKDWS8011M,14,I am not tall or short,35.0,neutral,2022-2023
stu_BKDWS8011M,15,I am prepared,43.0,positive,2022-2023
stu_BKDWS8011M,16,I am forgetful,45.0,negative,2022-2023
stu_BKDWS8011M,17,I am typing hurridly,47.0,neutral,2022-2023
stu_BKDWS8011M,18,I am smart,43.0,positive,2022-2023
stu_BKDWS8011M,19,I am an animal lover,24.0,positive,2022-2023
stu_BKDWS8011M,20,I am not a person who curses frequently,44.0,neutral,2022-2023
stu_BTOKM4244J,1,I am from Africa,7.0,from african,2022-2023
stu_BTOKM4244J,2,I am a Soccer and Basketball player,29.0,neutral,2022-2023
stu_BTOKM4244J,3,I am the oldest sibling,12.0,neutral,2022-2023
stu_BTOKM4244J,4,I am Originally from [country] (North Africa),7.0,north african,2022-2023
stu_BTOKM4244J,5,I am a YouTuber with 180+ subs,27.0,neutral,2022-2023
stu_BTOKM4244J,5,I am a YouTuber with 180+ subs,13.0,neutral,2022-2023
stu_BTOKM4244J,6,I am Muslim,16.0,muslim,2022-2023
stu_BTOKM4244J,7,I am 12,4.0,12,2022-2023
stu_BTOKM4244J,8,I am a Fortnite Kid,28.0,neutral,2022-2023
stu_BTOKM4244J,9,I am almost done with Mathia,47.0,neutral,2022-2023
stu_BTOKM4244J,10,I am Almost done with the whole lexia Grammar,47.0,neutral,2022-2023
stu_BTOKM4244J,11,I am That Guy,43.0,positive,2022-2023
stu_BTOKM4244J,12,I am A True friend,12.0,neutral,2022-2023
stu_BTOKM4244J,13,I am better than [initials] at basketball,29.0,positive,2022-2023
stu_BTOKM4244J,14,I am A PRO GAMER,28.0,positive,2022-2023
stu_BTOKM4244J,15,I am a Math star,43.0,positive,2022-2023
stu_BTOKM4244J,15,I am a Math star,25.0,positive,2022-2023
stu_BTOKM4244J,16,I am looking at [first name],47.0,neutral,2022-2023
stu_BTOKM4244J,17,I am about to leave math class,47.0,neutral,2022-2023
stu_BTOKM4244J,18,I am a fighter,41.0,positive,2022-2023
stu_BTOKM4244J,19,I am Skinny,35.0,neutral,2022-2023
stu_BTOKM4244J,20,I am Not Fat,35.0,neutral,2022-2023
stu_CKFZF0338R,1,I am a child,22.0,child,2022-2023
stu_CKFZF0338R,1,I am a child,4.0,child,2022-2023
stu_CKFZF0338R,2,I am a seventh grader,22.0,seventhgrader,2022-2023
stu_CKFZF0338R,2,I am a seventh grader,14.0,neutral,2022-2023
stu_CKFZF0338R,3,I am a girl,2.0,girl,2022-2023
stu_CKFZF0338R,4,I am a human,21.0,none,2022-2023
stu_CKFZF0338R,5,I am haitian,7.0,haitian,2022-2023
stu_CKFZF0338R,6,I am the youngest of the family,12.0,neutral,2022-2023
stu_CKFZF0338R,7,I am a Christian,16.0,christian,2022-2023
stu_CKFZF0338R,8,I am someone who wants better grades,25.0,neutral,2022-2023
stu_CKFZF0338R,8,I am someone who wants better grades,14.0,neutral,2022-2023
stu_CKFZF0338R,9,I am someone who likes to take care of babies,44.0,positive,2022-2023
stu_CKFZF0338R,9,I am someone who likes to take care of babies,24.0,positive,2022-2023
stu_CKFZF0338R,10,I am someone who likes to help others,44.0,positive,2022-2023
stu_CKFZF0338R,11,I am someone who likes pink.,24.0,positive,2022-2023
stu_CKFZF0338R,12,I am someone who thinks module 5 is better than the rest,25.0,positive,2022-2023
stu_CKFZF0338R,13,I am someone who thinks the mathia robot is a boy,48.0,none,2022-2023
stu_CKFZF0338R,14,I am someone who likes to swim,29.0,positive,2022-2023
stu_CKFZF0338R,15,I am someone who likes oversized clothing,24.0,positive,2022-2023
stu_CKFZF0338R,16,I am someone who is turning into a responsible big kid.,43.0,positive,2022-2023
stu_CKFZF0338R,16,I am someone who is turning into a responsible big kid.,4.0,child,2022-2023
stu_CKFZF0338R,16,I am someone who is turning into a responsible big kid.,22.0,child,2022-2023
stu_CKFZF0338R,17,I am someone who likes cats,24.0,positive,2022-2023
stu_CKFZF0338R,18,I am someone who likes volleyball,29.0,positive,2022-2023
stu_CKFZF0338R,18,I am someone who likes volleyball,24.0,positive,2022-2023
stu_CKFZF0338R,19,I am someone who likes water,24.0,positive,2022-2023
stu_CKFZF0338R,20,I am someone who got 3rd place in a spelling bee at elementary.,31.0,neutral,2022-2023
stu_COGEG8137Y,1,11 years old,4.0,11,2022-2023
stu_COGEG8137Y,2,6th grader,22.0,sixthgrader,2022-2023
stu_COGEG8137Y,2,6th grader,14.0,neutral,2022-2023
stu_COGEG8137Y,3,a person who likes drama club,26.0,positive,2022-2023
stu_COGEG8137Y,3,a person who likes drama club,24.0,positive,2022-2023
stu_COGEG8137Y,4,someone who enjoy's singing,26.0,positive,2022-2023
stu_COGEG8137Y,4,someone who enjoy's singing,24.0,positive,2022-2023
stu_COGEG8137Y,5,I like helping out,44.0,positive,2022-2023
stu_COGEG8137Y,5,I like helping out,24.0,positive,2022-2023
stu_COGEG8137Y,6,someone whose favorite color is pink,24.0,positive,2022-2023
stu_COGEG8137Y,7,someone who enjoys watching shows,31.0,positive,2022-2023
stu_COGEG8137Y,7,someone who enjoys watching shows,24.0,positive,2022-2023
stu_COGEG8137Y,8,someone who who enjoys movies,31.0,positive,2022-2023
stu_COGEG8137Y,8,someone who who enjoys movies,24.0,positive,2022-2023
stu_COGEG8137Y,9,someone who enjoys books,25.0,positive,2022-2023
stu_COGEG8137Y,9,someone who enjoys books,24.0,positive,2022-2023
stu_COGEG8137Y,10,I like doing art,26.0,positive,2022-2023
stu_COGEG8137Y,10,I like doing art,24.0,positive,2022-2023
stu_COGEG8137Y,11,someone who enjoys doing nail art for fun,30.0,positive,2022-2023
stu_COGEG8137Y,12,my hobby is crocheting,26.0,neutral,2022-2023
stu_COGEG8137Y,13,I'm going to be 12 later on this year,4.0,11,2022-2023
stu_COGEG8137Y,14,I like having fun with my friends,31.0,positive,2022-2023
stu_COGEG8137Y,14,I like having fun with my friends,10.0,positive,2022-2023
stu_COGEG8137Y,14,I like having fun with my friends,24.0,positive,2022-2023
stu_COGEG8137Y,15,I like having fun with my family,24.0,positive,2022-2023
stu_COGEG8137Y,15,I like having fun with my family,12.0,positive,2022-2023
stu_COGEG8137Y,16,I have a pretty large family,12.0,neutral,2022-2023
stu_COGEG8137Y,17,I love going on vacation,24.0,positive,2022-2023
stu_COGEG8137Y,18,I am someone who enjoys going shopping,31.0,positive,2022-2023
stu_COGEG8137Y,18,I am someone who enjoys going shopping,24.0,positive,2022-2023
stu_COGEG8137Y,19,I like having fun with my cousins,31.0,positive,2022-2023
stu_COGEG8137Y,19,I like having fun with my cousins,12.0,neutral,2022-2023
stu_COGEG8137Y,19,I like having fun with my cousins,24.0,positive,2022-2023
stu_COGEG8137Y,20,I enjoy going to places with family and friends.,31.0,positive,2022-2023
stu_COGEG8137Y,20,I enjoy going to places with family and friends.,10.0,neutral,2022-2023
stu_COGEG8137Y,20,I enjoy going to places with family and friends.,12.0,neutral,2022-2023
stu_COGEG8137Y,20,I enjoy going to places with family and friends.,24.0,positive,2022-2023
stu_DLGAU8137C,1,I am a seventh grade student.,22.0,7thgrade,2022-2023
stu_DLGAU8137C,1,I am a seventh grade student.,4.0,7thgrade,2022-2023
stu_DLGAU8137C,1,I am a seventh grade student.,14.0,neutral,2022-2023
stu_DLGAU8137C,2,I love to play basketball.,29.0,positive,2022-2023
stu_DLGAU8137C,2,I love to play basketball.,24.0,positive,2022-2023
stu_DLGAU8137C,3,My favorite color would be red.,24.0,positive,2022-2023
stu_DLGAU8137C,4,I am Haitian.,7.0,haitian,2022-2023
stu_DLGAU8137C,5,I am also Dominican.,7.0,dominican,2022-2023
stu_DLGAU8137C,6,My favorite subject would have to be ELA or math.,25.0,positive,2022-2023
stu_DLGAU8137C,6,My favorite subject would have to be ELA or math.,24.0,positive,2022-2023
stu_DLGAU8137C,7,I would say I am pretty athletic.,29.0,neutral,2022-2023
stu_DLGAU8137C,8,I have big goals/dreams.,41.0,positive,2022-2023
stu_DLGAU8137C,9,I am next to [first name].,47.0,neutral,2022-2023
stu_DLGAU8137C,10,I go by she/her,2.0,she/her,2022-2023
stu_DLGAU8137C,11,I would say I'm smart I just get confused.,43.0,positive,2022-2023
stu_DLGAU8137C,12,My all time food would be black rice.,24.0,positive,2022-2023
stu_DLGAU8137C,13,I hope to achieve my goals when I'm older.,41.0,positive,2022-2023
stu_DLGAU8137C,14,I am 13 years old.,4.0,13,2022-2023
stu_DLGAU8137C,15,I am a big sister and a little sister.,12.0,neutral,2022-2023
stu_DLGAU8137C,15,I am a big sister and a little sister.,2.0,girl,2022-2023
stu_DLGAU8137C,16,I have 4 other siblings.,12.0,neutral,2022-2023
stu_DLGAU8137C,17,I love cooking.,24.0,positive,2022-2023
stu_DLGAU8137C,18,People say I don't look my age.,46.0,neutral,2022-2023
stu_DLGAU8137C,19,I'm tall.,35.0,neutral,2022-2023
stu_DLGAU8137C,20,I am confident sometimes.,43.0,neutral,2022-2023
stu_DQGFA2151C,1,[student first name],5.0,none,2022-2023
stu_DQGFA2151C,2,student,14.0,neutral,2022-2023
stu_DQGFA2151C,3,baskeball player,29.0,neutral,2022-2023
stu_DQGFA2151C,4,a child,22.0,child,2022-2023
stu_DQGFA2151C,4,a child,4.0,child,2022-2023
stu_DQGFA2151C,5,I am a 6 grade student,22.0,6thgrade,2022-2023
stu_DQGFA2151C,5,I am a 6 grade student,4.0,6thgrade,2022-2023
stu_DQGFA2151C,5,I am a 6 grade student,14.0,neutral,2022-2023
stu_DQGFA2151C,6,I am MW2 player,28.0,neutral,2022-2023
stu_DQGFA2151C,7,I enjoy playing games.,31.0,positive,2022-2023
stu_DQGFA2151C,7,I enjoy playing games.,24.0,positive,2022-2023
stu_DQGFA2151C,8,I enjoy buying shoes.,47.0,neutral,2022-2023
stu_DQGFA2151C,9,I am 11.,4.0,11 years old,2022-2023
stu_DQGFA2151C,10,I like playing basketball.,29.0,positive,2022-2023
stu_DQGFA2151C,10,I like playing basketball.,24.0,positive,2022-2023
stu_DQGFA2151C,11,I like riding my electric scooter.,24.0,positive,2022-2023
stu_DQGFA2151C,12,I like playing games with my friends.,31.0,positive,2022-2023
stu_DQGFA2151C,12,I like playing games with my friends.,10.0,positive,2022-2023
stu_DQGFA2151C,12,I like playing games with my friends.,24.0,positive,2022-2023
stu_DQGFA2151C,13,I like talking to my friends.,24.0,positive,2022-2023
stu_DQGFA2151C,13,I like talking to my friends.,10.0,positive,2022-2023
stu_DQGFA2151C,14,I like shoes.,24.0,positive,2022-2023
stu_DQGFA2151C,15,"I enjoy riding on my bike,",29.0,positive,2022-2023
stu_DQGFA2151C,15,"I enjoy riding on my bike,",24.0,positive,2022-2023
stu_DQGFA2151C,16,I like eating pizza.,24.0,positive,2022-2023
stu_DQGFA2151C,17,I like swimming.,29.0,positive,2022-2023
stu_DQGFA2151C,17,I like swimming.,24.0,positive,2022-2023
stu_DQGFA2151C,18,Im healthy.,36.0,positive,2022-2023
stu_DQGFA2151C,19,I like drinking water.,24.0,positive,2022-2023
stu_DQGFA2151C,20,I like to go in my trampoline.,31.0,positive,2022-2023
stu_DQGFA2151C,20,I like to go in my trampoline.,24.0,positive,2022-2023
stu_EJTTZ5380Q,1,I'm a 7th grade student,22.0,seventhgrader,2022-2023
stu_EJTTZ5380Q,1,I'm a 7th grade student,14.0,neutral,2022-2023
stu_EJTTZ5380Q,2,I go to [school name] Middle School,22.0,middleschooler,2022-2023
stu_EJTTZ5380Q,2,I go to [school name] Middle School,14.0,neutral,2022-2023
stu_EJTTZ5380Q,3,I am in the band and jazz band.,26.0,neutral,2022-2023
stu_EJTTZ5380Q,4,I am an the oldest in my family.,12.0,neutral,2022-2023
stu_EJTTZ5380Q,5,I'm a gamer,28.0,neutral,2022-2023
stu_EJTTZ5380Q,6,I own two dogs,32.0,neutral,2022-2023
stu_EJTTZ5380Q,7,I'm Catholic,16.0,catholic,2022-2023
stu_EJTTZ5380Q,8,I'm not a fan of school,24.0,negative,2022-2023
stu_EJTTZ5380Q,9,I'm someone who sleeps rather late,35.0,neutral,2022-2023
stu_EJTTZ5380Q,10,I'm quite smart,43.0,positive,2022-2023
stu_EJTTZ5380Q,11,I'm part Irish with a little bit of Portuguese blood.,7.0,irish and portugueuse,2022-2023
stu_EJTTZ5380Q,12,I'm myself,19.0,none,2022-2023
stu_EJTTZ5380Q,13,I'm someone who enjoys a lot of sports.,24.0,positive,2022-2023
stu_EJTTZ5380Q,14,I'm no one else,19.0,none,2022-2023
stu_EJTTZ5380Q,15,I'm apart of the Nation Juniors Honor Society,25.0,nationalhonorssociety,2022-2023
stu_EJTTZ5380Q,15,I'm apart of the Nation Juniors Honor Society,18.0,neutral,2022-2023
stu_EJTTZ5380Q,16,I'm in a large group of people that I can truly call friends,10.0,positive,2022-2023
stu_EJTTZ5380Q,17,I'm someone who has manners,44.0,positive,2022-2023
stu_EJTTZ5380Q,18,I'm someone who jokes around sometimes,44.0,neutral,2022-2023
stu_EJTTZ5380Q,19,I am unsure what to write next.,47.0,none,2022-2023
stu_EJTTZ5380Q,20,I am someone who can get distracted easily.,41.0,negative,2022-2023
stu_EVJGP1336O,1,I am a student in the [school name] Middle School.,22.0,middleschooler,2022-2023
stu_EVJGP1336O,1,I am a student in the [school name] Middle School.,14.0,neutral,2022-2023
stu_EVJGP1336O,2,I am kind to a lot of people.,44.0,positive,2022-2023
stu_EVJGP1336O,3,I am very caring to everyone.,44.0,positive,2022-2023
stu_EVJGP1336O,4,I am very thoughtful.,45.0,positive,2022-2023
stu_EVJGP1336O,5,I am nice to everyone.,44.0,positive,2022-2023
stu_EVJGP1336O,6,I put my needs before everyone's elses.,44.0,neutral,2022-2023
stu_EVJGP1336O,6,I put my needs before everyone's elses.,40.0,neutral,2022-2023
stu_EVJGP1336O,7,I am respectful.,44.0,positive,2022-2023
stu_EVJGP1336O,8,I am intelligent.,43.0,positive,2022-2023
stu_EVJGP1336O,9,I am nice to the teachers.,44.0,positive,2022-2023
stu_EVJGP1336O,10,I am very smart.,43.0,positive,2022-2023
stu_EVJGP1336O,11,I am happy.,45.0,positive,2022-2023
stu_EVJGP1336O,12,I am where I belong.,42.0,positive,2022-2023
stu_EVJGP1336O,13,I am protected.,42.0,positive,2022-2023
stu_EVJGP1336O,14,I am happy.,45.0,positive,2022-2023
stu_EVJGP1336O,15,I am loved.,42.0,positive,2022-2023
stu_EVJGP1336O,16,I am responsible.,43.0,positive,2022-2023
stu_EVJGP1336O,17,I am creative.,43.0,positive,2022-2023
stu_EVJGP1336O,18,I am artistic.,43.0,positive,2022-2023
stu_EVJGP1336O,19,I am loyal.,40.0,positive,2022-2023
stu_EVJGP1336O,20,I am very excited for this test.,47.0,positive,2022-2023
stu_FSPWJ4873F,1,A student,14.0,neutral,2022-2023
stu_FSPWJ4873F,2,[student first name],5.0,none,2022-2023
stu_FSPWJ4873F,3,[student first name],5.0,none,2022-2023
stu_FSPWJ4873F,4,[student first name],5.0,none,2022-2023
stu_FSPWJ4873F,5,[student first name],5.0,none,2022-2023
stu_FSPWJ4873F,6,[student first name],5.0,none,2022-2023
stu_FSPWJ4873F,7,[student first name],5.0,none,2022-2023
stu_FSPWJ4873F,8,[student first name],5.0,none,2022-2023
stu_FSPWJ4873F,9,[student first name],5.0,none,2022-2023
stu_FSPWJ4873F,10,[student first name],5.0,none,2022-2023
stu_FSPWJ4873F,11,a student,48.0,none,2022-2023
stu_FSPWJ4873F,12,[student first name],5.0,none,2022-2023
stu_FSPWJ4873F,13,[student first name],24.0,positive,2022-2023
stu_FSPWJ4873F,14,[student first name],5.0,none,2022-2023
stu_FSPWJ4873F,15,[student first name],5.0,none,2022-2023
stu_FSPWJ4873F,16,[student first name],5.0,none,2022-2023
stu_FSPWJ4873F,17,[student first name],5.0,none,2022-2023
stu_FSPWJ4873F,18,[student first name],5.0,none,2022-2023
stu_FSPWJ4873F,19,[student first name],5.0,none,2022-2023
stu_FSPWJ4873F,20,[student first name],5.0,none,2022-2023
stu_GFFKY6093O,1,A daydreamer.,45.0,neutral,2022-2023
stu_GFFKY6093O,2,a very creative person.,43.0,positive,2022-2023
stu_GFFKY6093O,2,a very creative person.,21.0,none,2022-2023
stu_GFFKY6093O,3,lost in thought often.,45.0,neutral,2022-2023
stu_GFFKY6093O,4,very pretty!,35.0,positive,2022-2023
stu_GFFKY6093O,5,a forgetful girl.,45.0,negative,2022-2023
stu_GFFKY6093O,5,a forgetful girl.,2.0,girl,2022-2023
stu_GFFKY6093O,6,a flower lover,24.0,positive,2022-2023
stu_GFFKY6093O,7,the sun of somebody's day,44.0,positive,2022-2023
stu_GFFKY6093O,8,sometimes one thing sometimes another.,42.0,neutral,2022-2023
stu_GFFKY6093O,9,tired all the time.,45.0,neutral,2022-2023
stu_GFFKY6093O,10,"someone i dont know yet,",42.0,neutral,2022-2023
stu_GFFKY6093O,11,a lover of horror games.,24.0,positive,2022-2023
stu_GFFKY6093O,12,[first name].,5.0,none,2022-2023
stu_GFFKY6093O,13,a person with interest in psychology.,25.0,positive,2022-2023
stu_GFFKY6093O,14,An author.,26.0,neutral,2022-2023
stu_GFFKY6093O,15,Someone who wants an older sister.,33.0,neutral,2022-2023
stu_GFFKY6093O,15,Someone who wants an older sister.,12.0,neutral,2022-2023
stu_GFFKY6093O,16,colorful.,45.0,positive,2022-2023
stu_GFFKY6093O,17,Saved.,16.0,saved,2022-2023
stu_GFFKY6093O,18,"a person whos sometimes confident,",41.0,neutral,2022-2023
stu_GFFKY6093O,19,A book reader.,25.0,neutral,2022-2023
stu_GFFKY6093O,20,A person I don't want to be.,42.0,negative,2022-2023
stu_HIOQV7845M,1,[student first name],5.0,none,2022-2023
stu_HIOQV7845M,2,skincare ambassador,13.0,neutral,2022-2023
stu_HIOQV7845M,3,A 12 year old,4.0,12,2022-2023
stu_HIOQV7845M,4,A baker,31.0,neutral,2022-2023
stu_HIOQV7845M,5,Am a biker,31.0,neutral,2022-2023
stu_HIOQV7845M,6,I am a gta player,28.0,neutral,2022-2023
stu_HIOQV7845M,7,I am walker,31.0,neutral,2022-2023
stu_HIOQV7845M,8,I am a smart person,43.0,positive,2022-2023
stu_HIOQV7845M,9,I am a sibling,12.0,neutral,2022-2023
stu_HIOQV7845M,10,I am a hard worker,41.0,positive,2022-2023
stu_HIOQV7845M,11,I am a person,21.0,none,2022-2023
stu_HIOQV7845M,12,I am a math person,25.0,neutral,2022-2023
stu_HIOQV7845M,12,I am a math person,22.0,mathperson,2022-2023
stu_HIOQV7845M,13,I am a science person,25.0,positive,2022-2023
stu_HIOQV7845M,13,I am a science person,22.0,scienceperson,2022-2023
stu_HIOQV7845M,14,I am a ela person,25.0,neutral,2022-2023
stu_HIOQV7845M,15,A person that draws,26.0,neutral,2022-2023
stu_HIOQV7845M,16,I am a person that like to write,25.0,positive,2022-2023
stu_HIOQV7845M,16,I am a person that like to write,24.0,positive,2022-2023
stu_HIOQV7845M,17,I am a sketch,48.0,none,2022-2023
stu_HIOQV7845M,18,I am a person that like shoes,24.0,positive,2022-2023
stu_HIOQV7845M,18,I am a person that like shoes,21.0,none,2022-2023
stu_HIOQV7845M,19,I am a person that does not like school,14.0,negative,2022-2023
stu_HIOQV7845M,20,I am a person that like to play basket ball,29.0,positive,2022-2023
stu_HIOQV7845M,20,I am a person that like to play basket ball,24.0,positive,2022-2023
stu_HQLEQ8686E,1,An Athlete,29.0,neutral,2022-2023
stu_HQLEQ8686E,2,A trustworthy person,46.0,positive,2022-2023
stu_HQLEQ8686E,3,A respectful student,44.0,positive,2022-2023
stu_HQLEQ8686E,3,A respectful student,14.0,positive,2022-2023
stu_HQLEQ8686E,4,A son,12.0,neutral,2022-2023
stu_HQLEQ8686E,4,A son,2.0,boy,2022-2023
stu_HQLEQ8686E,5,A brother,12.0,neutral,2022-2023
stu_HQLEQ8686E,5,A brother,2.0,boy,2022-2023
stu_HQLEQ8686E,6,A role Model,40.0,positive,2022-2023
stu_HQLEQ8686E,7,A soccer player,29.0,neutral,2022-2023
stu_HQLEQ8686E,8,A captain,22.0,captain,2022-2023
stu_HQLEQ8686E,9,I am competitive,44.0,neutral,2022-2023
stu_HQLEQ8686E,10,I am easily angered,44.0,negative,2022-2023
stu_HQLEQ8686E,11,I am forever loved,42.0,positive,2022-2023
stu_HQLEQ8686E,12,I am buff,35.0,neutral,2022-2023
stu_HQLEQ8686E,13,I am masculine,2.0,masculine,2022-2023
stu_HQLEQ8686E,14,I am amazing,43.0,positive,2022-2023
stu_HQLEQ8686E,15,I am wonderful,43.0,positive,2022-2023
stu_HQLEQ8686E,16,I am the best me,42.0,positive,2022-2023
stu_HQLEQ8686E,16,I am the best me,19.0,none,2022-2023
stu_HQLEQ8686E,17,I am special,46.0,positive,2022-2023
stu_HQLEQ8686E,18,I am able to do anything if I try,43.0,positive,2022-2023
stu_HQLEQ8686E,19,I am capable,43.0,positive,2022-2023
stu_HQLEQ8686E,20,I am ME,19.0,none,2022-2023
stu_ISGJY3101F,1,him,48.0,none,2022-2023
stu_ISGJY3101F,2,cool,46.0,positive,2022-2023
stu_ISGJY3101F,3,nice,44.0,positive,2022-2023
stu_ISGJY3101F,4,friendly,44.0,positive,2022-2023
stu_ISGJY3101F,5,black,6.0,black,2022-2023
stu_ISGJY3101F,6,fun,45.0,positive,2022-2023
stu_ISGJY3101F,7,child,22.0,child,2022-2023
stu_ISGJY3101F,7,child,4.0,child,2022-2023
stu_ISGJY3101F,8,kid,22.0,child,2022-2023
stu_ISGJY3101F,8,kid,4.0,child,2022-2023
stu_ISGJY3101F,9,fine,47.0,neutral,2022-2023
stu_ISGJY3101F,10,boy,2.0,boy,2022-2023
stu_ISGJY3101F,11,i love math,25.0,positive,2022-2023
stu_ISGJY3101F,11,i love math,24.0,positive,2022-2023
stu_ISGJY3101F,12,so,48.0,none,2022-2023
stu_ISGJY3101F,13,word,48.0,none,2022-2023
stu_ISGJY3101F,14,smart,43.0,positive,2022-2023
stu_ISGJY3101F,15,basketball,29.0,neutral,2022-2023
stu_ISGJY3101F,16,football,48.0,none,2022-2023
stu_ISGJY3101F,17,tall,35.0,neutral,2022-2023
stu_ISGJY3101F,18,taken,48.0,none,2022-2023
stu_ISGJY3101F,19,i like dogs,24.0,positive,2022-2023
stu_ISGJY3101F,20,i like cats,24.0,postitive,2022-2023
stu_JDLQP0371P,1,smart,43.0,positive,2022-2023
stu_JDLQP0371P,2,kind,44.0,positive,2022-2023
stu_JDLQP0371P,3,believer,16.0,believer,2022-2023
stu_JDLQP0371P,4,pretty,35.0,positive,2022-2023
stu_JDLQP0371P,5,respectful,44.0,positive,2022-2023
stu_JDLQP0371P,6,fashionist,26.0,neutral,2022-2023
stu_JDLQP0371P,7,short,35.0,neutral,2022-2023
stu_JDLQP0371P,8,singer,26.0,neutral,2022-2023
stu_JDLQP0371P,9,dancer,26.0,neutral,2022-2023
stu_JDLQP0371P,10,generous,44.0,positive,2022-2023
stu_JDLQP0371P,11,young,4.0,child,2022-2023
stu_JDLQP0371P,12,talkative,44.0,neutral,2022-2023
stu_JDLQP0371P,13,thinker,25.0,neutral,2022-2023
stu_JDLQP0371P,14,helpful,46.0,positive,2022-2023
stu_JDLQP0371P,15,uncalm,45.0,negative,2022-2023
stu_JDLQP0371P,16,funny,46.0,positive,2022-2023
stu_JDLQP0371P,17,fun loving,44.0,postive,2022-2023
stu_JDLQP0371P,18,sassy,44.0,neutral,2022-2023
stu_JDLQP0371P,19,actress,26.0,neutral,2022-2023
stu_JDLQP0371P,19,actress,2.0,girl,2022-2023
stu_JDLQP0371P,20,translating,47.0,neutral,2022-2023
stu_KCGJR0046I,1,I am a 7th grader,22.0,seventhgrader,2022-2023
stu_KCGJR0046I,1,I am a 7th grader,14.0,neutral,2022-2023
stu_KCGJR0046I,2,I play softball for the [team name],29.0,softballplayer,2022-2023
stu_KCGJR0046I,2,I play softball for the [team name],18.0,softballplayer,2022-2023
stu_KCGJR0046I,3,i am 13years old,4.0,13,2022-2023
stu_KCGJR0046I,4,I am an only child,12.0,neutral,2022-2023
stu_KCGJR0046I,5,i am a bestfriend,10.0,positive,2022-2023
stu_KCGJR0046I,6,I am funny,45.0,positive,2022-2023
stu_KCGJR0046I,7,I am good with kids,44.0,positive,2022-2023
stu_KCGJR0046I,8,I love mint chocolate chip ice cream,24.0,positive,2022-2023
stu_KCGJR0046I,9,I am a daughter,12.0,neutral,2022-2023
stu_KCGJR0046I,9,I am a daughter,2.0,girl,2022-2023
stu_KCGJR0046I,10,I am always sleepy,45.0,neutral,2022-2023
stu_KCGJR0046I,11,I am Philopena and Puerto Rican,7.0,filipina and puerto rican,2022-2023
stu_KCGJR0046I,12,I like to draw,26.0,positive,2022-2023
stu_KCGJR0046I,12,I like to draw,24.0,positive,2022-2023
stu_KCGJR0046I,13,My favorite subject is history,25.0,positive,2022-2023
stu_KCGJR0046I,13,My favorite subject is history,14.0,positive,2022-2023
stu_KCGJR0046I,13,My favorite subject is history,24.0,positive,2022-2023
stu_KCGJR0046I,14,I am like .5% Hawaiian,7.0,hawaiian,2022-2023
stu_KCGJR0046I,15,I have two cats,32.0,none,2022-2023
stu_KCGJR0046I,16,I love to go on walks,29.0,positive,2022-2023
stu_KCGJR0046I,16,I love to go on walks,24.0,positive,2022-2023
stu_KCGJR0046I,17,I love shopping,30.0,positive,2022-2023
stu_KCGJR0046I,17,I love shopping,24.0,positive,2022-2023
stu_KCGJR0046I,18,I love eating,31.0,positive,2022-2023
stu_KCGJR0046I,18,I love eating,24.0,positive,2022-2023
stu_KCGJR0046I,19,I am cool,46.0,positive,2022-2023
stu_KCGJR0046I,20,I am a sweet and salty person,44.0,neutral,2022-2023
stu_KHMHV6549P,1,a child,4.0,child,2022-2023
stu_KHMHV6549P,2,a girl,2.0,girl,2022-2023
stu_KHMHV6549P,3,a baker,31.0,neutral,2022-2023
stu_KHMHV6549P,4,a student,14.0,neutral,2022-2023
stu_KHMHV6549P,5,a best friend,10.0,positive,2022-2023
stu_KHMHV6549P,6,a sister,12.0,neutral,2022-2023
stu_KHMHV6549P,6,a sister,2.0,girl,2022-2023
stu_KHMHV6549P,7,a dog owner,32.0,none,2022-2023
stu_KHMHV6549P,8,a friend,10.0,neutral,2022-2023
stu_KHMHV6549P,9,a sneaker head,30.0,neutral,2022-2023
stu_KHMHV6549P,10,a stylest,30.0,neutral,2022-2023
stu_KHMHV6549P,11,a latio,7.0,latino,2022-2023
stu_KHMHV6549P,12,a helper,44.0,positive,2022-2023
stu_KHMHV6549P,13,a fan,48.0,none,2022-2023
stu_KHMHV6549P,14,a typer,27.0,neutral,2022-2023
stu_KHMHV6549P,15,a book worm,25.0,neutral,2022-2023
stu_KHMHV6549P,16,a 12 yearold,4.0,12,2022-2023
stu_KHMHV6549P,17,a smartie,43.0,positive,2022-2023
stu_KZEBH3470C,1,my favorite color is pink almost everything I own is pink.,24.0,positive,2022-2023
stu_KZEBH3470C,2,I'm Brazilian.,7.0,brazilian,2022-2023
stu_KZEBH3470C,3,I am an overthinker at times.,45.0,negative,2022-2023
stu_KZEBH3470C,4,I do dance.,26.0,neutral,2022-2023
stu_KZEBH3470C,5,I am a girl.,2.0,girl,2022-2023
stu_KZEBH3470C,6,I workout every week.,29.0,neutral,2022-2023
stu_KZEBH3470C,7,My favorite food is rice.,24.0,positive,2022-2023
stu_KZEBH3470C,8,I have glasses.,35.0,neutral,2022-2023
stu_KZEBH3470C,9,My hair is dyed to be pink but now is blonde.,35.0,neutral,2022-2023
stu_KZEBH3470C,10,I speak Portuguese.,31.0,neutral,2022-2023
stu_KZEBH3470C,11,I'm not athletic,43.0,neutral,2022-2023
stu_KZEBH3470C,12,I like writing.,25.0,positive,2022-2023
stu_KZEBH3470C,12,I like writing.,24.0,positive,2022-2023
stu_KZEBH3470C,13,I'm not strong in math,25.0,negative,2022-2023
stu_KZEBH3470C,14,I am more strong in English.,25.0,positive,2022-2023
stu_KZEBH3470C,14,I am more strong in English.,14.0,positive,2022-2023
stu_KZEBH3470C,15,Pronouns are she/her.,2.0,she/her,2022-2023
stu_KZEBH3470C,16,I'm straight.,3.0,straight,2022-2023
stu_KZEBH3470C,17,I stress a lot over little things.,45.0,negative,2022-2023
stu_KZEBH3470C,18,I'm hard on myself.,45.0,neutal,2022-2023
stu_KZEBH3470C,19,I get nervous.,45.0,neutral,2022-2023
stu_KZEBH3470C,20,I was stressed about answering these questions.,47.0,negative,2022-2023
stu_LLHUT8775H,2,human,21.0,none,2022-2023
stu_LLHUT8775H,2,grown kid,4.0,child,2022-2023
stu_LLHUT8775H,4,someone,21.0,none,2022-2023
stu_LLHUT8775H,4,person,21.0,none,2022-2023
stu_LLHUT8775H,6,somebody,19.0,none,2022-2023
stu_LLHUT8775H,6,kid,22.0,child,2022-2023
stu_LLHUT8775H,6,kid,4.0,child,2022-2023
stu_LLHUT8775H,8,someone you don't know,48.0,none,2022-2023
stu_LLHUT8775H,8,girl,2.0,girl,2022-2023
stu_LLHUT8775H,10,lady,2.0,girl,2022-2023
stu_LLHUT8775H,10,somebody you don't know,20.0,none,2022-2023
stu_LLHUT8775H,12,woman,2.0,woman,2022-2023
stu_LLHUT8775H,12,student,14.0,neutral,2022-2023
stu_LLHUT8775H,14,someone you will or not meet,48.0,none,2022-2023
stu_LLHUT8775H,14,not a monster,40.0,positive,2022-2023
stu_LLHUT8775H,16,not an animal,48.0,none,2022-2023
stu_LLHUT8775H,16,somebody you will or not meet,20.0,none,2022-2023
stu_LLHUT8775H,18,not an alien,21.0,none,2022-2023
stu_LLHUT8775H,18,normal kid,46.0,neutral,2022-2023
stu_LLHUT8775H,18,normal kid,4.0,child,2022-2023
stu_LLHUT8775H,18,normal kid,22.0,child,2022-2023
stu_LLHUT8775H,20,little kid,22.0,child,2022-2023
stu_LLHUT8775H,20,little kid,4.0,child,2022-2023
stu_LLHUT8775H,20,normal human,46.0,neutral,2022-2023
stu_LLHUT8775H,20,normal human,21.0,none,2022-2023
stu_LMIGF8560S,1,smart,43.0,positive,2022-2023
stu_LMIGF8560S,2,strong,35.0,positive,2022-2023
stu_LMIGF8560S,3,confident,43.0,positive,2022-2023
stu_LMIGF8560S,4,brave,43.0,positive,2022-2023
stu_LMIGF8560S,5,kindly,44.0,positive,2022-2023
stu_LMIGF8560S,6,tall,35.0,neutral,2022-2023
stu_LMIGF8560S,7,confident,45.0,positive,2022-2023
stu_LMIGF8560S,8,respectful,40.0,positive,2022-2023
stu_LMIGF8560S,9,young,4.0,child,2022-2023
stu_LMIGF8560S,10,handsome,35.0,positive,2022-2023
stu_LMIGF8560S,11,playful,44.0,positive,2022-2023
stu_LMIGF8560S,12,anoying sometimes,46.0,negative,2022-2023
stu_LMIGF8560S,13,patient,45.0,positive,2022-2023
stu_LMIGF8560S,14,participater,31.0,neutral,2022-2023
stu_LMIGF8560S,15,sportful,29.0,neutral,2022-2023
stu_LMIGF8560S,16,focus,48.0,none,2022-2023
stu_LMIGF8560S,17,courage,48.0,none,2022-2023
stu_LMIGF8560S,18,anime watcher,31.0,neutral,2022-2023
stu_LMIGF8560S,19,motivator,44.0,positive,2022-2023
stu_LMIGF8560S,20,I love every class,14.0,positive,2022-2023
stu_LOGLA0073Z,1,I am a video game developer,28.0,neutral,2022-2023
stu_LOGLA0073Z,2,I am a 6th grader in [school name],22.0,6thgrade,2022-2023
stu_LOGLA0073Z,2,I am a 6th grader in [school name],4.0,6thgrade,2022-2023
stu_LOGLA0073Z,2,I am a 6th grader in [school name],14.0,neutral,2022-2023
stu_LOGLA0073Z,3,I am a person that plays video games,28.0,neutral,2022-2023
stu_LOGLA0073Z,4,I am somebody who completed Lexia early.,14.0,positive,2022-2023
stu_LOGLA0073Z,5,I am somebody that finished Mathia early,47.0,neutral,2022-2023
stu_LOGLA0073Z,6,I am brave,43.0,positive,2022-2023
stu_LOGLA0073Z,7,I am somebody that is in [honor society name],25.0,neutral,2022-2023
stu_LOGLA0073Z,8,I am somebody that is frustrated with Mathstream.,47.0,negative,2022-2023
stu_LOGLA0073Z,9,I am somebody that enjoys math.,25.0,positive,2022-2023
stu_LOGLA0073Z,9,I am somebody that enjoys math.,24.0,positive,2022-2023
stu_LOGLA0073Z,10,I am someone that loves reading.,25.0,positive,2022-2023
stu_LOGLA0073Z,10,I am someone that loves reading.,24.0,positive,2022-2023
stu_LOGLA0073Z,11,I am somebody that loves speaking my mind about problems.,41.0,positive,2022-2023
stu_LOGLA0073Z,11,I am somebody that loves speaking my mind about problems.,24.0,positive,2022-2023
stu_LOGLA0073Z,12,I am somebody that won an eversource challenge,43.0,positive,2022-2023
stu_LOGLA0073Z,13,I am somebody that finished cub scouts,43.0,positive,2022-2023
stu_LOGLA0073Z,14,I am somebody that got [ranking] place in the pinewood derby,29.0,neutral,2022-2023
stu_LOGLA0073Z,15,I am somebody who has an amazing family,12.0,positive,2022-2023
stu_LOGLA0073Z,16,I am funny.,46.0,positive,2022-2023
stu_LOGLA0073Z,17,I am someone that is distracted easily,41.0,negative,2022-2023
stu_LOGLA0073Z,18,I am someone that has awesome friends.,10.0,positive,2022-2023
stu_LOGLA0073Z,19,I am somebody that is extremely curious in science.,25.0,positive,2022-2023
stu_LOGLA0073Z,20,I am somebody that loves lots of music.,26.0,positive,2022-2023
stu_LOGLA0073Z,20,I am somebody that loves lots of music.,24.0,positive,2022-2023
stu_LZYOJ9601W,1,I 'am smart,43.0,positive,2022-2023
stu_LZYOJ9601W,2,I' am calm,45.0,neutral,2022-2023
stu_LZYOJ9601W,3,I 'am tall,35.0,neutral,2022-2023
stu_LZYOJ9601W,4,I'am funny,45.0,positive,2022-2023
stu_LZYOJ9601W,5,I'am like sports,24.0,positive,2022-2023
stu_LZYOJ9601W,6,I'am like gril,48.0,none,2022-2023
stu_LZYOJ9601W,7,I 'dont like to listen,45.0,negative,2022-2023
stu_LZYOJ9601W,8,I like  play soccer,29.0,positive,2022-2023
stu_LZYOJ9601W,8,I like  play soccer,24.0,positive,2022-2023
stu_LZYOJ9601W,9,"I, like shoes",24.0,positive,2022-2023
stu_LZYOJ9601W,10,I love my sicience class,25.0,positive,2022-2023
stu_LZYOJ9601W,10,I love my sicience class,24.0,positive,2022-2023
stu_LZYOJ9601W,11,I'm pretty,35.0,positive,2022-2023
stu_LZYOJ9601W,12,I'm beliver,5.0,none,2022-2023
stu_LZYOJ9601W,13,"I,m like phone",24.0,positive,2022-2023
stu_LZYOJ9601W,14,"I,m like eat",48.0,none,2022-2023
stu_LZYOJ9601W,15,"""I'm like music",24.0,positive,2022-2023
stu_LZYOJ9601W,16,"I,m like christiano ronaldo",24.0,positive,2022-2023
stu_LZYOJ9601W,17,"I,m like cardi b",45.0,neutral,2022-2023
stu_LZYOJ9601W,18,"I,m like hati foods",24.0,positive,2022-2023
stu_LZYOJ9601W,19,"i,m like wachtings movies",31.0,positive,2022-2023
stu_LZYOJ9601W,19,"i,m like wachtings movies",24.0,positive,2022-2023
stu_LZYOJ9601W,20,"I,m like gentil",48.0,none,2022-2023
stu_MHVWW3327H,1,a boy,2.0,boy,2022-2023
stu_MHVWW3327H,2,a base ball player,29.0,neutral,2022-2023
stu_MHVWW3327H,3,a kid,22.0,child,2022-2023
stu_MHVWW3327H,3,a kid,4.0,child,2022-2023
stu_MHVWW3327H,4,I want to be a author,13.0,neutral,2022-2023
stu_MHVWW3327H,5,I think I am funny,45.0,positive,2022-2023
stu_MHVWW3327H,6,happy,45.0,positive,2022-2023
stu_MHVWW3327H,7,a person,21.0,none,2022-2023
stu_MHVWW3327H,8,a math guy,25.0,neutral,2022-2023
stu_MHVWW3327H,8,a math guy,2.0,boy,2022-2023
stu_MHVWW3327H,9,a ELA guy,14.0,neutral,2022-2023
stu_MHVWW3327H,10,I like to draw,26.0,positive,2022-2023
stu_MHVWW3327H,10,I like to draw,24.0,positive,2022-2023
stu_MHVWW3327H,11,I to play video games,28.0,neutral,2022-2023
stu_MHVWW3327H,12,I like to play with my friends,14.0,positive,2022-2023
stu_MHVWW3327H,12,I like to play with my friends,10.0,positive,2022-2023
stu_MHVWW3327H,13,I like to play with my family,24.0,positive,2022-2023
stu_MHVWW3327H,13,I like to play with my family,12.0,positive,2022-2023
stu_MHVWW3327H,14,I only drink water,31.0,neutral,2022-2023
stu_MHVWW3327H,15,I really like fries,24.0,positive,2022-2023
stu_MHVWW3327H,16,I really like bacon,24.0,positive,2022-2023
stu_MHVWW3327H,17,I really like breakfast food,24.0,positive,2022-2023
stu_MHVWW3327H,18,I really like brunch,24.0,positive,2022-2023
stu_MHVWW3327H,19,I like amusement parks,24.0,positive,2022-2023
stu_MHVWW3327H,20,I like super hero's (Spider man,24.0,positive,2022-2023
stu_MXXDK3270V,1,I am young black girl.,6.0,black,2022-2023
stu_MXXDK3270V,1,I am young black girl.,2.0,girl,2022-2023
stu_MXXDK3270V,1,I am young black girl.,4.0,young,2022-2023
stu_MXXDK3270V,2,I am a student at [school name] Middle School.,22.0,middleschooler,2022-2023
stu_MXXDK3270V,2,I am a student at [school name] Middle School.,14.0,neutral,2022-2023
stu_MXXDK3270V,3,I am cape verden.,7.0,cape verdean,2022-2023
stu_MXXDK3270V,4,I'm someone who loves to dance.,26.0,positive,2022-2023
stu_MXXDK3270V,4,I'm someone who loves to dance.,24.0,positive,2022-2023
stu_MXXDK3270V,5,I'm someone who wants [city name of school] to be a better place.,47.0,neutral,2022-2023
stu_MXXDK3270V,6,I am someone who loves my family,24.0,positive,2022-2023
stu_MXXDK3270V,6,I am someone who loves my family,12.0,positive,2022-2023
stu_MXXDK3270V,7,I am a hardworking young girl,41.0,positive,2022-2023
stu_MXXDK3270V,7,I am a hardworking young girl,2.0,girl,2022-2023
stu_MXXDK3270V,7,I am a hardworking young girl,4.0,young,2022-2023
stu_MXXDK3270V,8,I am someone who has good grades,14.0,positive,2022-2023
stu_MXXDK3270V,9,I am someone who would love to be a better person and just have a good life with being me.,41.0,positive,2022-2023
stu_MXXDK3270V,9,I am someone who would love to be a better person and just have a good life with being me.,19.0,none,2022-2023
stu_MXXDK3270V,10,I am someone who is emotional.,45.0,neutral,2022-2023
stu_MXXDK3270V,11,I am someone who likes basketball.,24.0,positive,2022-2023
stu_MXXDK3270V,12,I am someone who likes being alone.,44.0,neutral,2022-2023
stu_MXXDK3270V,13,I am someone who would do anything to save the people important in my life.,44.0,positive,2022-2023
stu_MXXDK3270V,13,I am someone who would do anything to save the people important in my life.,41.0,positive,2022-2023
stu_MXXDK3270V,14,I am someone who is a big sister maybe not the best but I am a sister.,12.0,negative,2022-2023
stu_MXXDK3270V,14,I am someone who is a big sister maybe not the best but I am a sister.,2.0,girl,2022-2023
stu_MXXDK3270V,15,I am someone who likes to help people,44.0,positive,2022-2023
stu_MXXDK3270V,16,I am someone who wants everyone to be peaceful.,42.0,none,2022-2023
stu_MXXDK3270V,17,"I am a daughter, cousin, sister.",12.0,neutral,2022-2023
stu_MXXDK3270V,17,"I am a daughter, cousin, sister.",2.0,girl,2022-2023
stu_MXXDK3270V,18,I am someone who wants to have fame,41.0,positive,2022-2023
stu_MXXDK3270V,19,"I am someone who is active, and energetic.",44.0,positive,2022-2023
stu_MXXDK3270V,20,"I am someone who loves people, clothes, shoes, and once I heard the question who am I, I didn't know but I finally found my true self.",24.0,positive,2022-2023
stu_MXXDK3270V,20,"I am someone who loves people, clothes, shoes, and once I heard the question who am I, I didn't know but I finally found my true self.",19.0,none,2022-2023
stu_NEKRF5472J,1,student,14.0,neutral,2022-2023
stu_NEKRF5472J,2,kind,44.0,positive,2022-2023
stu_NEKRF5472J,3,respectful,44.0,positive,2022-2023
stu_NEKRF5472J,4,responsible,43.0,positive,2022-2023
stu_NEKRF5472J,5,loyal,40.0,positive,2022-2023
stu_NEKRF5472J,6,CV,48.0,none,2022-2023
stu_NEKRF5472J,7,hardworking,41.0,positive,2022-2023
stu_NEKRF5472J,8,smart,43.0,positive,2022-2023
stu_NEKRF5472J,9,caring,44.0,positive,2022-2023
stu_NEKRF5472J,10,creative,43.0,positive,2022-2023
stu_NEKRF5472J,11,A kid,4.0,child,2022-2023
stu_NEKRF5472J,12,a friend,10.0,neutral,2022-2023
stu_NEKRF5472J,13,a daughter,12.0,neutral,2022-2023
stu_NEKRF5472J,13,a daughter,2.0,girl,2022-2023
stu_NEKRF5472J,14,nice,44.0,positive,2022-2023
stu_NEKRF5472J,15,brave,41.0,positive,2022-2023
stu_NEKRF5472J,16,achiever,41.0,positive,2022-2023
stu_NEKRF5472J,17,listener,44.0,positive,2022-2023
stu_NEKRF5472J,18,leader,44.0,positive,2022-2023
stu_NEKRF5472J,19,awesome,43.0,positive,2022-2023
stu_NEKRF5472J,20,intelligent,43.0,positive,2022-2023
stu_NOZOJ9789V,1,artistic,43.0,positive,2022-2023
stu_NOZOJ9789V,2,kind,44.0,positive,2022-2023
stu_NOZOJ9789V,3,funny,45.0,positive,2022-2023
stu_NOZOJ9789V,4,nice,44.0,positive,2022-2023
stu_NOZOJ9789V,5,friendly,44.0,positive,2022-2023
stu_NOZOJ9789V,6,boring,46.0,negative,2022-2023
stu_NOZOJ9789V,7,short,35.0,neutral,2022-2023
stu_NOZOJ9789V,8,smart,43.0,positive,2022-2023
stu_NOZOJ9789V,9,a person,21.0,none,2022-2023
stu_NOZOJ9789V,10,not tall,35.0,neutral,2022-2023
stu_NOZOJ9789V,11,white,6.0,white,2022-2023
stu_NOZOJ9789V,12,American,8.0,american,2022-2023
stu_NOZOJ9789V,13,Germen,7.0,german,2022-2023
stu_NOZOJ9789V,14,Irish,7.0,irish,2022-2023
stu_NOZOJ9789V,15,British,8.0,british,2022-2023
stu_NOZOJ9789V,16,Portuguese,7.0,portuguese,2022-2023
stu_NOZOJ9789V,17,Ukrainian,7.0,ukrainian,2022-2023
stu_NOZOJ9789V,18,Blind,36.0,neutral,2022-2023
stu_NOZOJ9789V,19,I like the Dallas Mavericks,24.0,positive,2022-2023
stu_NOZOJ9789V,20,I like Luka Doncic,24.0,positive,2022-2023
stu_OOZVD2952W,1,Gymnast,29.0,neutral,2022-2023
stu_OOZVD2952W,2,I am a student at the [school name] middle school in [city name].,14.0,neutral,2022-2023
stu_OOZVD2952W,2,I am a student at the [school name] middle school in [city name].,9.0,[cityname],2022-2023
stu_OOZVD2952W,3,Dancer,26.0,neutral,2022-2023
stu_OOZVD2952W,4,Flexible with my back.,35.0,neutral,2022-2023
stu_OOZVD2952W,5,Kind,44.0,positive,2022-2023
stu_OOZVD2952W,6,I am an honors student.,25.0,positive,2022-2023
stu_OOZVD2952W,6,I am an honors student.,14.0,neutral,2022-2023
stu_OOZVD2952W,7,I love the warm weather and summer.,24.0,positive,2022-2023
stu_OOZVD2952W,8,Honest,40.0,positive,2022-2023
stu_OOZVD2952W,9,Responsible,40.0,positive,2022-2023
stu_OOZVD2952W,10,I am a hard worker.,41.0,positive,2022-2023
stu_OOZVD2952W,11,I love swimming.,29.0,positive,2022-2023
stu_OOZVD2952W,11,I love swimming.,24.0,positive,2022-2023
stu_OOZVD2952W,12,I love the beach,24.0,positive,2022-2023
stu_OOZVD2952W,13,I am exided for the interview.,47.0,positive,2022-2023
stu_OOZVD2952W,14,I love doing dance and gymnastics.,29.0,positive,2022-2023
stu_OOZVD2952W,14,I love doing dance and gymnastics.,24.0,positive,2022-2023
stu_OOZVD2952W,14,I love doing dance and gymnastics.,26.0,positive,2022-2023
stu_OOZVD2952W,15,Loyal,44.0,positive,2022-2023
stu_OOZVD2952W,16,I love cookie dough.,24.0,positive,2022-2023
stu_OOZVD2952W,17,I love coking.,31.0,positive,2022-2023
stu_OOZVD2952W,17,I love coking.,24.0,positive,2022-2023
stu_OOZVD2952W,18,I love baking.,24.0,positive,2022-2023
stu_OOZVD2952W,19,My favorite color is purple.,24.0,positive,2022-2023
stu_OOZVD2952W,20,My favorite drink is water.,24.0,positive,2022-2023
stu_PJBLR5239H,1,I am a athlete,29.0,neutral,2022-2023
stu_PJBLR5239H,2,I am a guy,2.0,boy,2022-2023
stu_PJBLR5239H,3,I am a middle schooler,22.0,middleschooler,2022-2023
stu_PJBLR5239H,3,I am a middle schooler,14.0,neutral,2022-2023
stu_PJBLR5239H,4,I am a child,4.0,child,2022-2023
stu_PJBLR5239H,5,I am a gamer,28.0,neutral,2022-2023
stu_PJBLR5239H,6,I am a wrestler,29.0,neutral,2022-2023
stu_PJBLR5239H,7,I am a singer,26.0,neutral,2022-2023
stu_PJBLR5239H,8,I am a theater person,26.0,neutral,2022-2023
stu_PJBLR5239H,9,I am a candy person,22.0,candy person,2022-2023
stu_PJBLR5239H,10,I am a kind guy,44.0,positive,2022-2023
stu_PJBLR5239H,10,I am a kind guy,2.0,boy,2022-2023
stu_PJBLR5239H,11,I am a artist,26.0,neutral,2022-2023
stu_PJBLR5239H,12,I am a reader,25.0,neutral,2022-2023
stu_PJBLR5239H,13,I am a talker,44.0,neutral,2022-2023
stu_PJBLR5239H,14,I am caring,44.0,positive,2022-2023
stu_PJBLR5239H,15,I am active,44.0,neutral,2022-2023
stu_PJBLR5239H,16,I am a yard work guy,31.0,neutral,2022-2023
stu_PJBLR5239H,16,I am a yard work guy,2.0,boy,2022-2023
stu_PJBLR5239H,17,I am a summer guy,24.0,positive,2022-2023
stu_PJBLR5239H,17,I am a summer guy,2.0,boy,2022-2023
stu_PJBLR5239H,18,I am a pool guy,31.0,neutral,2022-2023
stu_PJBLR5239H,18,I am a pool guy,2.0,boy,2022-2023
stu_PJBLR5239H,19,I am a band guy,26.0,positive,2022-2023
stu_PJBLR5239H,19,I am a band guy,2.0,boy,2022-2023
stu_PJBLR5239H,20,I am a gym guy,29.0,neutral,2022-2023
stu_PJBLR5239H,20,I am a gym guy,2.0,boy,2022-2023
stu_PMXEL5291N,1,i like fortnite,28.0,positive,2022-2023
stu_PMXEL5291N,1,i like fortnite,24.0,positive,2022-2023
stu_PMXEL5291N,2,i play warzone,28.0,neutral,2022-2023
stu_PMXEL5291N,3,i play soccer,29.0,neutral,2022-2023
stu_PMXEL5291N,4,my favorite player is RONALDO,24.0,positive,2022-2023
stu_PMXEL5291N,5,i'm black,6.0,black,2022-2023
stu_PMXEL5291N,6,im from haiti,7.0,haitian,2022-2023
stu_PMXEL5291N,7,my name is [first name] people call me [nickname/first name],5.0,none,2022-2023
stu_PMXEL5291N,8,i like girl not boy,3.0,like girls,2022-2023
stu_PMXEL5291N,9,nobody love me,46.0,negative,2022-2023
stu_PMXEL5291N,10,i like baskettball,24.0,postive,2022-2023
stu_PMXEL5291N,11,i think lebron james is good,24.0,positive,2022-2023
stu_PMXEL5291N,12,i have a lot of hair,35.0,neutral,2022-2023
stu_PMXEL5291N,13,my favorite color is red and black,24.0,positive,2022-2023
stu_PMXEL5291N,14,im 13,4.0,13 years old,2022-2023
stu_PMXEL5291N,15,im nice sometime,44.0,positive,2022-2023
stu_PMXEL5291N,16,i like school,24.0,positive,2022-2023
stu_PMXEL5291N,16,i like school,14.0,positive,2022-2023
stu_PMXEL5291N,17,i have a ps4,32.0,none,2022-2023
stu_PMXEL5291N,18,i like math,25.0,positive,2022-2023
stu_PMXEL5291N,18,i like math,24.0,positive,2022-2023
stu_PMXEL5291N,19,im good at math,25.0,positive,2022-2023
stu_PMXEL5291N,19,im good at math,14.0,positive,2022-2023
stu_PMXEL5291N,20,i like fufu,24.0,positive,2022-2023
stu_PPZYX6964Q,1,I am a male,1.0,male,2022-2023
stu_PPZYX6964Q,2,I am white,6.0,white,2022-2023
stu_PPZYX6964Q,3,I am 12,4.0,12 years old,2022-2023
stu_PPZYX6964Q,4,I am a student at [middle school name],14.0,neutral,2022-2023
stu_PPZYX6964Q,5,I am a sixth grader,22.0,6thgrade,2022-2023
stu_PPZYX6964Q,5,I am a sixth grader,4.0,6thgrade,2022-2023
stu_PPZYX6964Q,5,I am a sixth grader,14.0,neutral,2022-2023
stu_PPZYX6964Q,6,I am a only child,12.0,neutral,2022-2023
stu_PPZYX6964Q,7,I like to cook,31.0,positive,2022-2023
stu_PPZYX6964Q,7,I like to cook,24.0,positive,2022-2023
stu_PPZYX6964Q,8,I like to ride dirt bikes,31.0,positive,2022-2023
stu_PPZYX6964Q,8,I like to ride dirt bikes,24.0,positive,2022-2023
stu_PPZYX6964Q,9,I am working on a old car that I own,32.0,neutral,2022-2023
stu_PPZYX6964Q,9,I am working on a old car that I own,31.0,neutral,2022-2023
stu_PPZYX6964Q,10,I like watching movies,31.0,positive,2022-2023
stu_PPZYX6964Q,10,I like watching movies,24.0,positive,2022-2023
stu_PPZYX6964Q,11,I love listening to music,24.0,positive,2022-2023
stu_PPZYX6964Q,12,My favorite artist is Eminem,24.0,positive,2022-2023
stu_PPZYX6964Q,13,I like cars,24.0,positive,2022-2023
stu_PPZYX6964Q,14,my favorite drink is a Shirley temple,24.0,positive,2022-2023
stu_PPZYX6964Q,15,I like to go to my house in Florida,31.0,positive,2022-2023
stu_PPZYX6964Q,15,I like to go to my house in Florida,24.0,positive,2022-2023
stu_PPZYX6964Q,16,I love animals,24.0,positive,2022-2023
stu_PPZYX6964Q,17,I own a bearded dragon,32.0,neutral,2022-2023
stu_PPZYX6964Q,18,I love reptiles,24.0,positive,2022-2023
stu_PPZYX6964Q,19,I want a snake,33.0,none,2022-2023
stu_PPZYX6964Q,20,I am looking for a new dirt bike,33.0,none,2022-2023
stu_RCLUW4235R,1,I am a 7th grade student,22.0,seventhgrader,2022-2023
stu_RCLUW4235R,1,I am a 7th grade student,14.0,neutral,2022-2023
stu_RCLUW4235R,2,I play softball,29.0,neutral,2022-2023
stu_RCLUW4235R,3,I like to shop,24.0,positive,2022-2023
stu_RCLUW4235R,4,I shop online a lot,27.0,neutral,2022-2023
stu_RCLUW4235R,5,I am a girl,2.0,girl,2022-2023
stu_RCLUW4235R,6,I play on a top softball club team,29.0,positive,2022-2023
stu_RCLUW4235R,7,I am a older sister,12.0,neutral,2022-2023
stu_RCLUW4235R,7,I am a older sister,2.0,girl,2022-2023
stu_RCLUW4235R,8,I am tried,47.0,neutral,2022-2023
stu_RCLUW4235R,9,I am a volleyball player,29.0,neutral,2022-2023
stu_RCLUW4235R,10,I am a not a boy,2.0,not a boy,2022-2023
stu_RCLUW4235R,11,I am baptized,16.0,religious,2022-2023
stu_RCLUW4235R,12,I am not tall,35.0,neutral,2022-2023
stu_RCLUW4235R,13,I am a leader,46.0,positive,2022-2023
stu_RCLUW4235R,14,I am obsessed with scary things,24.0,neutral,2022-2023
stu_RCLUW4235R,15,I am interested in being a nurse,13.0,positive,2022-2023
stu_RCLUW4235R,16,I am stress at answering these,47.0,negative,2022-2023
stu_RCLUW4235R,17,I am not a cat person,24.0,negative,2022-2023
stu_RCLUW4235R,18,I am catcher,29.0,neutral,2022-2023
stu_RCLUW4235R,19,I am a dog person,22.0,dog person,2022-2023
stu_RCLUW4235R,20,I am a third basemen,29.0,neutral,2022-2023
stu_RFYCX7752L,1,A kind person,44.0,positive,2022-2023
stu_RFYCX7752L,2,A basketball player,29.0,positive,2022-2023
stu_RFYCX7752L,3,A nice person,44.0,nonepositive,2022-2023
stu_RFYCX7752L,3,A nice person,21.0,nonepositive,2022-2023
stu_RFYCX7752L,4,A smart person,43.0,positive,2022-2023
stu_RFYCX7752L,5,A respectful person,40.0,positive,2022-2023
stu_RKOSD6492Q,1,I'm a 7th grade student.,22.0,7thgrade,2022-2023
stu_RKOSD6492Q,1,I'm a 7th grade student.,4.0,7thgrade,2022-2023
stu_RKOSD6492Q,1,I'm a 7th grade student.,14.0,neutral,2022-2023
stu_RKOSD6492Q,2,I do competitive ice skating.,29.0,neutral,2022-2023
stu_RKOSD6492Q,3,I do musical theater.,26.0,neutral,2022-2023
stu_RKOSD6492Q,4,I do tap dancing.,26.0,neutral,2022-2023
stu_RKOSD6492Q,5,I like to sing.,26.0,positive,2022-2023
stu_RKOSD6492Q,5,I like to sing.,24.0,positive,2022-2023
stu_RKOSD6492Q,6,I knew how to sew.,30.0,neutral,2022-2023
stu_RKOSD6492Q,7,I like harry potter,24.0,positive,2022-2023
stu_RKOSD6492Q,8,I am the younger sibling.,12.0,neutral,2022-2023
stu_RKOSD6492Q,8,I am the younger sibling.,4.0,child,2022-2023
stu_RKOSD6492Q,9,I have 1 sister. Her name is [first name],12.0,neutral,2022-2023
stu_RKOSD6492Q,10,I am 12 years old.,4.0,12,2022-2023
stu_RKOSD6492Q,11,My dream is to be an actress.,26.0,neutral,2022-2023
stu_RKOSD6492Q,11,My dream is to be an actress.,13.0,positive,2022-2023
stu_RKOSD6492Q,12,I am a young female.,4.0,young,2022-2023
stu_RKOSD6492Q,12,I am a young female.,1.0,female,2022-2023
stu_RKOSD6492Q,13,I am a part in my schools [club name] club.,14.0,neutral,2022-2023
stu_RKOSD6492Q,14,I hope to go to [school name] for high school.,14.0,positive,2022-2023
stu_RKOSD6492Q,15,I would like to go to [college name] collage.,14.0,positive,2022-2023
stu_RKOSD6492Q,16,I have long brown hair.,35.0,neutral,2022-2023
stu_RKOSD6492Q,17,I am in 2 musicals at the moment.,26.0,neutral,2022-2023
stu_RKOSD6492Q,18,I am very friendly and alert.,44.0,positive,2022-2023
stu_RKOSD6492Q,19,I am 50% Porto Rican.,7.0,puerto rican,2022-2023
stu_RKOSD6492Q,20,I try my best in all classes.,41.0,positive,2022-2023
stu_RKOSD6492Q,20,I try my best in all classes.,14.0,positive,2022-2023
stu_RWMXK6270S,1,I am a 7th grader,22.0,7thgrade,2022-2023
stu_RWMXK6270S,1,I am a 7th grader,4.0,7thgrade,2022-2023
stu_RWMXK6270S,1,I am a 7th grader,14.0,neutral,2022-2023
stu_RWMXK6270S,2,I am a soccer player,29.0,neutral,2022-2023
stu_RWMXK6270S,3,I am the oldest brother,12.0,neutral,2022-2023
stu_RWMXK6270S,3,I am the oldest brother,2.0,boy,2022-2023
stu_RWMXK6270S,4,I am a gamer,28.0,neutral,2022-2023
stu_RWMXK6270S,5,I am creative,43.0,positive,2022-2023
stu_RWMXK6270S,6,I am a christian,16.0,christian,2022-2023
stu_RWMXK6270S,7,I believe in god,15.0,religious,2022-2023
stu_RWMXK6270S,8,I am tired of school,47.0,negative,2022-2023
stu_RWMXK6270S,9,I am who I wanna be.,42.0,positive,2022-2023
stu_RWMXK6270S,10,I am african american,8.0,african american,2022-2023
stu_RWMXK6270S,11,I am nigerian,7.0,nigerian,2022-2023
stu_RWMXK6270S,12,I am the person that will make it pro in a sport,41.0,positive,2022-2023
stu_RWMXK6270S,13,I am a person that plays football,29.0,neutral,2022-2023
stu_RWMXK6270S,13,I am a person that plays football,21.0,none,2022-2023
stu_RWMXK6270S,14,I am good at every sport.,43.0,positive,2022-2023
stu_RWMXK6270S,14,I am good at every sport.,29.0,positive,2022-2023
stu_RWMXK6270S,15,I am the guy who owns a mansion in nigeria,32.0,none,2022-2023
stu_RWMXK6270S,15,I am the guy who owns a mansion in nigeria,2.0,boy,2022-2023
stu_RWMXK6270S,16,I am a guy who is very good pvp player on mobile.,28.0,positive,2022-2023
stu_RWMXK6270S,16,I am a guy who is very good pvp player on mobile.,2.0,boy,2022-2023
stu_RWMXK6270S,17,I am fighter,41.0,positive,2022-2023
stu_RWMXK6270S,18,I am a guy who promotes grading teachers.,48.0,none,2022-2023
stu_RWMXK6270S,18,I am a guy who promotes grading teachers.,2.0,boy,2022-2023
stu_RWMXK6270S,19,I am a swimmer.,29.0,neutral,2022-2023
stu_RWMXK6270S,20,I play midfielder in soccer.,29.0,neutral,2022-2023
stu_RYJDD8400B,1,I am a 7th grade student.,22.0,7thgrade,2022-2023
stu_RYJDD8400B,1,I am a 7th grade student.,4.0,7thgrade,2022-2023
stu_RYJDD8400B,1,I am a 7th grade student.,14.0,neutral,2022-2023
stu_RYJDD8400B,2,I am a girl.,2.0,girl,2022-2023
stu_RYJDD8400B,3,I am hardworking.,41.0,positive,2022-2023
stu_RYJDD8400B,4,I am next to [first name + last initial].,47.0,neutral,2022-2023
stu_RYJDD8400B,5,I am a person that loves animal.,24.0,positive,2022-2023
stu_RYJDD8400B,6,I am stressed about figuring out what to put for an answer.,47.0,negative,2022-2023
stu_RYJDD8400B,7,I am looking forward to summer.,47.0,positive,2022-2023
stu_RYJDD8400B,8,I am excited for a $5 giftcard.,47.0,positive,2022-2023
stu_RYJDD8400B,9,I am hungry.,47.0,neutral,2022-2023
stu_RYJDD8400B,10,I am trying to become a vet.,13.0,neutral,2022-2023
stu_RYJDD8400B,11,I am am trying hard to achieve my goals.,41.0,positive,2022-2023
stu_RYJDD8400B,12,I am trying my best in school.,41.0,positive,2022-2023
stu_RYJDD8400B,12,I am trying my best in school.,14.0,positive,2022-2023
stu_RYJDD8400B,13,I am an only child.,12.0,neutral,2022-2023
stu_RYJDD8400B,14,I am fun to hang out with.,46.0,positive,2022-2023
stu_RYJDD8400B,15,I am trustworthy.,46.0,positive,2022-2023
stu_RYJDD8400B,15,I am trustworthy.,40.0,positive,2022-2023
stu_RYJDD8400B,16,I am loyal.,40.0,positive,2022-2023
stu_RYJDD8400B,17,I am a good friend.,40.0,positive,2022-2023
stu_RYJDD8400B,17,I am a good friend.,10.0,positive,2022-2023
stu_RYJDD8400B,18,I am short.,35.0,neutral,2022-2023
stu_RYJDD8400B,19,I am always wearing crocs.,47.0,neutral,2022-2023
stu_RYJDD8400B,20,"I am in love with the color green, black, and beige.",24.0,positive,2022-2023
stu_SJVEV0642E,1,I am a 7th grade Honors student.,22.0,7thgrade,2022-2023
stu_SJVEV0642E,1,I am a 7th grade Honors student.,4.0,7thgrade,2022-2023
stu_SJVEV0642E,1,I am a 7th grade Honors student.,14.0,positive,2022-2023
stu_SJVEV0642E,2,I am a catcher on my softball team.,29.0,neutral,2022-2023
stu_SJVEV0642E,3,I am a finalist in eventing on horses.,43.0,neutral,2022-2023
stu_SJVEV0642E,3,I am a finalist in eventing on horses.,29.0,neutral,2022-2023
stu_SJVEV0642E,4,I am a young female who loves to read.,25.0,positive,2022-2023
stu_SJVEV0642E,4,I am a young female who loves to read.,2.0,child,2022-2023
stu_SJVEV0642E,4,I am a young female who loves to read.,4.0,girl,2022-2023
stu_SJVEV0642E,4,I am a young female who loves to read.,24.0,positive,2022-2023
stu_SJVEV0642E,5,I am allergic to everything.,36.0,neutral,2022-2023
stu_SJVEV0642E,6,I am the oldest child.,12.0,neutral,2022-2023
stu_SJVEV0642E,7,I am a bestfriend.,10.0,neutral,2022-2023
stu_SJVEV0642E,8,I am good at math.,43.0,positive,2022-2023
stu_SJVEV0642E,8,I am good at math.,25.0,positive,2022-2023
stu_SJVEV0642E,9,I come from an italian/english speaking hous.,12.0,neutral,2022-2023
stu_SJVEV0642E,10,I am good with kids.,44.0,positive,2022-2023
stu_SJVEV0642E,11,I am funny.,45.0,positive,2022-2023
stu_SJVEV0642E,12,I am a good speller.,14.0,positive,2022-2023
stu_SJVEV0642E,13,I am not fond of computer work.,27.0,negative,2022-2023
stu_SJVEV0642E,13,I am not fond of computer work.,24.0,negative,2022-2023
stu_SJVEV0642E,14,I am more fond of work on paper.,24.0,positive,2022-2023
stu_SJVEV0642E,16,I am excited for summer.,24.0,positive,2022-2023
stu_SJVEV0642E,17,I am in love with the color yellow.,24.0,positive,2022-2023
stu_SJVEV0642E,18,I am asthmatic.,37.0,neutral,2022-2023
stu_SJVEV0642E,19,I am looking forward to this study.,14.0,neutral,2022-2023
stu_SJVEV0642E,20,I am [student first name].,5.0,none,2022-2023
stu_SSTKI8334K,1,smart,43.0,positive,2022-2023
stu_SSTKI8334K,2,people,48.0,none,2022-2023
stu_SSTKI8334K,3,nice,44.0,positive,2022-2023
stu_SSTKI8334K,4,kind,44.0,positive,2022-2023
stu_SSTKI8334K,5,kids,48.0,none,2022-2023
stu_SSTKI8334K,6,short,35.0,neutral,2022-2023
stu_SSTKI8334K,7,cool,46.0,positive,2022-2023
stu_SSTKI8334K,8,respect,44.0,positive,2022-2023
stu_SSTKI8334K,9,Boy,2.0,boy,2022-2023
stu_SSTKI8334K,10,little,35.0,neutral,2022-2023
stu_SSTKI8334K,11,Focus,47.0,positive,2022-2023
stu_SSTKI8334K,12,talking,47.0,neutral,2022-2023
stu_SSTKI8334K,13,sleep,48.0,none,2022-2023
stu_SSTKI8334K,14,money,48.0,none,2022-2023
stu_SSTKI8334K,15,Math,48.0,none,2022-2023
stu_SSTKI8334K,16,good,40.0,positive,2022-2023
stu_SSTKI8334K,17,eating,47.0,neutral,2022-2023
stu_SSTKI8334K,18,love Dog,24.0,positive,2022-2023
stu_SSTKI8334K,19,Love my life,24.0,positive,2022-2023
stu_SSTKI8334K,20,Love art,24.0,positive,2022-2023
stu_STBWH2237D,1,I am a boy,2.0,boy,2022-2023
stu_STBWH2237D,2,I am a student,14.0,neutral,2022-2023
stu_STBWH2237D,3,I am a human,21.0,none,2022-2023
stu_STBWH2237D,4,I am [school name] middle school student,22.0,middleschool,2022-2023
stu_STBWH2237D,4,I am [school name] middle school student,4.0,middleschool,2022-2023
stu_STBWH2237D,4,I am [school name] middle school student,14.0,neutral,2022-2023
stu_STBWH2237D,5,I am a friend,12.0,neutral,2022-2023
stu_STBWH2237D,6,I am a kid who likes Pokemon,28.0,positive,2022-2023
stu_STBWH2237D,6,I am a kid who likes Pokemon,4.0,child,2022-2023
stu_STBWH2237D,6,I am a kid who likes Pokemon,24.0,positive,2022-2023
stu_STBWH2237D,7,I am a kid who likes  Dinosaurs,24.0,positive,2022-2023
stu_STBWH2237D,7,I am a kid who likes  Dinosaurs,4.0,child,2022-2023
stu_STBWH2237D,7,I am a kid who likes  Dinosaurs,22.0,child,2022-2023
stu_STBWH2237D,8,I am a kid who likes Star Wars,24.0,positive,2022-2023
stu_STBWH2237D,8,I am a kid who likes Star Wars,4.0,childchild,2022-2023
stu_STBWH2237D,8,I am a kid who likes Star Wars,22.0,positive,2022-2023
stu_STBWH2237D,9,I am a kid who likes a lot of stuff,24.0,positive,2022-2023
stu_STBWH2237D,9,I am a kid who likes a lot of stuff,4.0,child,2022-2023
stu_STBWH2237D,10,I am a kid who likes ELA,25.0,positive,2022-2023
stu_STBWH2237D,10,I am a kid who likes ELA,4.0,child,2022-2023
stu_STBWH2237D,10,I am a kid who likes ELA,24.0,positive,2022-2023
stu_TMCTU7971Z,1,I am a 6th grade student,22.0,sixthgrader,2022-2023
stu_TMCTU7971Z,1,I am a 6th grade student,14.0,neutral,2022-2023
stu_TMCTU7971Z,2,I am a girl,2.0,girl,2022-2023
stu_TMCTU7971Z,3,I am a 12 year old,4.0,12 years old,2022-2023
stu_TMCTU7971Z,4,I am african american,6.0,black,2022-2023
stu_TMCTU7971Z,5,I am a law abiding citizen,40.0,positive,2022-2023
stu_TMCTU7971Z,6,I am a atheist,16.0,atheist,2022-2023
stu_TMCTU7971Z,7,I am a honor role student,25.0,neutral,2022-2023
stu_TMCTU7971Z,7,I am a honor role student,14.0,neutral,2022-2023
stu_TMCTU7971Z,8,I am a student at [school name] middle school,14.0,neutral,2022-2023
stu_TMCTU7971Z,9,I am a kind person,44.0,positive,2022-2023
stu_TMCTU7971Z,9,I am a kind person,21.0,none,2022-2023
stu_TMCTU7971Z,10,I am a respectful person,44.0,positive,2022-2023
stu_TMCTU7971Z,11,I am a cartoon enjoyer,24.0,positive,2022-2023
stu_TMCTU7971Z,12,I am a good friend,10.0,positive,2022-2023
stu_TMCTU7971Z,13,I am an artist,26.0,neutral,2022-2023
stu_TMCTU7971Z,14,I am a creative person,43.0,positive,2022-2023
stu_TMCTU7971Z,15,I am smart person,43.0,positive,2022-2023
stu_TMCTU7971Z,16,I am a happy person,45.0,positive,2022-2023
stu_TMCTU7971Z,17,I am strong person,41.0,positive,2022-2023
stu_TMCTU7971Z,18,I am a resilient person,41.0,positive,2022-2023
stu_TMCTU7971Z,19,I am a intelligent person,43.0,positive,2022-2023
stu_TMCTU7971Z,20,I am a brave person,41.0,positive,2022-2023
stu_UGQWV7532K,1,am cute,35.0,positive,2022-2023
stu_UGQWV7532K,2,am sleepy,47.0,negative,2022-2023
stu_UGQWV7532K,3,am smart,43.0,positive,2022-2023
stu_UGQWV7532K,4,am fonny,46.0,positive,2022-2023
stu_UGQWV7532K,5,i love art,26.0,positive,2022-2023
stu_UGQWV7532K,5,i love art,24.0,positive,2022-2023
stu_UGQWV7532K,6,i love cat,24.0,positive,2022-2023
stu_UGQWV7532K,7,am friendsy,44.0,positive,2022-2023
stu_UGQWV7532K,8,i love my friends,24.0,positive,2022-2023
stu_UGQWV7532K,8,i love my friends,10.0,positive,2022-2023
stu_UGQWV7532K,9,i love to rende,24.0,positive,2022-2023
stu_UGQWV7532K,10,am lovely,44.0,positive,2022-2023
stu_UGQWV7532K,11,am smort,43.0,positive,2022-2023
stu_UGQWV7532K,12,i love to elepe,48.0,none,2022-2023
stu_UGQWV7532K,13,i like to renne,24.0,positive,2022-2023
stu_UGQWV7532K,14,am sleepy,47.0,neutral,2022-2023
stu_UGQWV7532K,15,ilove to play,31.0,positive,2022-2023
stu_UGQWV7532K,15,ilove to play,24.0,positive,2022-2023
stu_UGQWV7532K,16,i like to chopigne,48.0,none,2022-2023
stu_UGQWV7532K,17,i like pizza,24.0,positive,2022-2023
stu_UGQWV7532K,18,and ilove haiti foude,24.0,positive,2022-2023
stu_UGQWV7532K,19,i love my frends,10.0,positive,2022-2023
stu_UGQWV7532K,19,i love my frends,24.0,positive,2022-2023
stu_UGQWV7532K,20,i love smart cat,24.0,positive,2022-2023
stu_UQFAD1981W,1,Im a soccer player,29.0,neutral,2022-2023
stu_UQFAD1981W,2,Im a pround Catholic-Christian,24.0,positive,2022-2023
stu_UQFAD1981W,2,Im a pround Catholic-Christian,16.0,catholic,2022-2023
stu_UQFAD1981W,3,Im a bascketball player,29.0,neutral,2022-2023
stu_UQFAD1981W,4,Im from HAiti,7.0,haitian,2022-2023
stu_UQFAD1981W,5,Im good at math,25.0,positive,2022-2023
stu_UQFAD1981W,5,Im good at math,14.0,positive,2022-2023
stu_UQFAD1981W,6,Im a fortnite player,28.0,neutral,2022-2023
stu_UQFAD1981W,7,Im a gamer,28.0,neutral,2022-2023
stu_UQFAD1981W,8,Im the greatest at physical activities,43.0,positive,2022-2023
stu_UQFAD1981W,8,Im the greatest at physical activities,29.0,positive,2022-2023
stu_UQFAD1981W,9,Im Bilangual,43.0,neutral,2022-2023
stu_UQFAD1981W,10,"Im a French, Creol, and English speaker",,,2022-2023
stu_UQFAD1981W,11,Im learning spanish,47.0,neutral,2022-2023
stu_UQFAD1981W,12,Im fast,43.0,positive,2022-2023
stu_UQFAD1981W,13,Im a blue color lover,24.0,positive,2022-2023
stu_UQFAD1981W,13,Im a blue color lover,22.0,bluecolorlover,2022-2023
stu_UQFAD1981W,14,Im  92 pounds,35.0,neutral,2022-2023
stu_UQFAD1981W,15,Im black,6.0,black,2022-2023
stu_UQFAD1981W,16,Im a brown eyes person,35.0,neutral,2022-2023
stu_UQFAD1981W,17,Im 13 years old,3.0,13 years old,2022-2023
stu_UQFAD1981W,18,Im [student first name],5.0,none,2022-2023
stu_UQFAD1981W,19,Im a orange lover,24.0,positive,2022-2023
stu_UQFAD1981W,20,Im a history lover,25.0,positive,2022-2023
stu_UZEQK9449D,1,[student first name],5.0,none,2022-2023
stu_UZEQK9449D,2,A boy,2.0,boy,2022-2023
stu_UZEQK9449D,3,Haitian,7.0,haitian,2022-2023
stu_UZEQK9449D,4,kind,44.0,positive,2022-2023
stu_UZEQK9449D,5,loving,44.0,positive,2022-2023
stu_UZEQK9449D,6,smart,43.0,positive,2022-2023
stu_UZEQK9449D,7,caring,44.0,positive,2022-2023
stu_UZEQK9449D,8,loyal,40.0,positive,2022-2023
stu_UZEQK9449D,9,A human,21.0,none,2022-2023
stu_UZEQK9449D,10,I like to paly basketball,29.0,positive,2022-2023
stu_UZEQK9449D,10,I like to paly basketball,24.0,positive,2022-2023
stu_UZEQK9449D,11,I like video games,28.0,positive,2022-2023
stu_UZEQK9449D,11,I like video games,24.0,positive,2022-2023
stu_UZEQK9449D,12,I like Ice cream,24.0,positive,2022-2023
stu_UZEQK9449D,13,I like fried chicken,24.0,positive,2022-2023
stu_UZEQK9449D,14,I like cars,24.0,positive,2022-2023
stu_UZEQK9449D,15,I like to play with friend,31.0,positive,2022-2023
stu_UZEQK9449D,15,I like to play with friend,10.0,positive,2022-2023
stu_UZEQK9449D,15,I like to play with friend,24.0,positive,2022-2023
stu_UZEQK9449D,16,I have 26 friends,10.0,neutral,2022-2023
stu_UZEQK9449D,17,I am from Hati,7.0,haitian,2022-2023
stu_UZEQK9449D,18,I like to play soccer,29.0,positive,2022-2023
stu_UZEQK9449D,18,I like to play soccer,24.0,positive,2022-2023
stu_UZEQK9449D,19,I like to play football,29.0,positive,2022-2023
stu_UZEQK9449D,19,I like to play football,24.0,positive,2022-2023
stu_UZEQK9449D,20,I like to play with frisbes,29.0,positive,2022-2023
stu_UZEQK9449D,20,I like to play with frisbes,24.0,positive,2022-2023
stu_UZPVQ3560H,1,i am a 11 year old girl,4.0,11,2022-2023
stu_UZPVQ3560H,1,i am a 11 year old girl,2.0,girl,2022-2023
stu_UZPVQ3560H,2,i am a black african and amrican,7.0,africanandamerican,2022-2023
stu_UZPVQ3560H,2,i am a black african and amrican,6.0,black,2022-2023
stu_UZPVQ3560H,3,i am cape verdean,7.0,cape verdean,2022-2023
stu_UZPVQ3560H,4,my name is [student first name],5.0,none,2022-2023
stu_UZPVQ3560H,5,i am a student at [school name] middle school,22.0,middleschooler,2022-2023
stu_UZPVQ3560H,5,i am a student at [school name] middle school,14.0,neutral,2022-2023
stu_UZPVQ3560H,6,i am a girl that loves to do sports,29.0,positive,2022-2023
stu_UZPVQ3560H,6,i am a girl that loves to do sports,2.0,girl,2022-2023
stu_UZPVQ3560H,6,i am a girl that loves to do sports,24.0,positive,2022-2023
stu_UZPVQ3560H,7,i am a girl that loves english class,25.0,positive,2022-2023
stu_UZPVQ3560H,7,i am a girl that loves english class,2.0,girl,2022-2023
stu_UZPVQ3560H,7,i am a girl that loves english class,24.0,positive,2022-2023
stu_UZPVQ3560H,8,i am a girl that loves soccer,24.0,positive,2022-2023
stu_UZPVQ3560H,8,i am a girl that loves soccer,2.0,girl,2022-2023
stu_UZPVQ3560H,9,i am a girl that's bad at math,25.0,negative,2022-2023
stu_UZPVQ3560H,9,i am a girl that's bad at math,2.0,girl,2022-2023
stu_UZPVQ3560H,9,i am a girl that's bad at math,14.0,negative,2022-2023
stu_UZPVQ3560H,10,i am a girl that has 2 sibilings,12.0,neutral,2022-2023
stu_UZPVQ3560H,10,i am a girl that has 2 sibilings,2.0,girl,2022-2023
stu_UZPVQ3560H,11,i am a girl that has an annoying cousin named [first name] in my class,12.0,negative,2022-2023
stu_UZPVQ3560H,11,i am a girl that has an annoying cousin named [first name] in my class,2.0,girl,2022-2023
stu_UZPVQ3560H,12,i am a girl that loves new born babys,24.0,positive,2022-2023
stu_UZPVQ3560H,12,i am a girl that loves new born babys,2.0,girl,2022-2023
stu_UZPVQ3560H,13,i am a girl that lloves to babysit,24.0,positive,2022-2023
stu_UZPVQ3560H,13,i am a girl that lloves to babysit,2.0,girl,2022-2023
stu_UZPVQ3560H,14,i am a girl that has a crush,47.0,neutral,2022-2023
stu_UZPVQ3560H,14,i am a girl that has a crush,2.0,girl,2022-2023
stu_UZPVQ3560H,15,i am a girl that struggles in class sometimes,25.0,negative,2022-2023
stu_UZPVQ3560H,15,i am a girl that struggles in class sometimes,2.0,girl,2022-2023
stu_UZPVQ3560H,15,i am a girl that struggles in class sometimes,14.0,negative,2022-2023
stu_UZPVQ3560H,16,i am a girl that loves drawing,26.0,positive,2022-2023
stu_UZPVQ3560H,16,i am a girl that loves drawing,2.0,girl,2022-2023
stu_UZPVQ3560H,16,i am a girl that loves drawing,24.0,positive,2022-2023
stu_UZPVQ3560H,17,i am a girl that has 3 bestfriends,10.0,positive,2022-2023
stu_UZPVQ3560H,17,i am a girl that has 3 bestfriends,2.0,girl,2022-2023
stu_UZPVQ3560H,18,i am a girl that hates doing laps,29.0,negative,2022-2023
stu_UZPVQ3560H,18,i am a girl that hates doing laps,2.0,girl,2022-2023
stu_UZPVQ3560H,18,i am a girl that hates doing laps,24.0,negative,2022-2023
stu_UZPVQ3560H,19,i am a girl that loves jordens,24.0,positive,2022-2023
stu_UZPVQ3560H,19,i am a girl that loves jordens,2.0,girl,2022-2023
stu_UZPVQ3560H,20,i am a girl that loves dressing nice.,24.0,positive,2022-2023
stu_UZPVQ3560H,20,i am a girl that loves dressing nice.,2.0,girl,2022-2023
stu_VNILP4467H,1,nice,44.0,positive,2022-2023
stu_VNILP4467H,2,emo,22.0,emo,2022-2023
stu_VNILP4467H,3,cute,35.0,positive,2022-2023
stu_VNILP4467H,4,queen,40.0,positive,2022-2023
stu_VNILP4467H,4,queen,2.0,girl,2022-2023
stu_VNILP4467H,5,helper,46.0,positive,2022-2023
stu_VNILP4467H,6,Fighter,41.0,positive,2022-2023
stu_VNILP4467H,7,shy,44.0,neutral,2022-2023
stu_VNILP4467H,8,lovely,45.0,positive,2022-2023
stu_VNILP4467H,9,dandy,47.0,positive,2022-2023
stu_VNILP4467H,10,I love spider,24.0,positive,2022-2023
stu_VNILP4467H,11,I love money,24.0,positive,2022-2023
stu_VNILP4467H,12,am i'm,48.0,none,2022-2023
stu_VNILP4467H,13,emo,45.0,neutral,2022-2023
stu_VNILP4467H,14,i want a big boy,48.0,none,2022-2023
stu_VNILP4467H,15,"I""m a show off",44.0,neutral,2022-2023
stu_VNILP4467H,16,kind,44.0,positive,2022-2023
stu_VNILP4467H,17,i love to play with my friends [first name] and [first name],24.0,positive,2022-2023
stu_VNILP4467H,17,i love to play with my friends [first name] and [first name],10.0,positive,2022-2023
stu_VNILP4467H,18,sometime i'm mean,44.0,negative,2022-2023
stu_VNILP4467H,19,i love to do drama,26.0,positive,2022-2023
stu_VNILP4467H,19,i love to do drama,24.0,positive,2022-2023
stu_VNILP4467H,20,i love to fight,24.0,positive,2022-2023
stu_WFOJG2118N,1,[student first name],5.0,none,2022-2023
stu_WFOJG2118N,2,Cool,46.0,positive,2022-2023
stu_WFOJG2118N,3,Silly,45.0,neutral,2022-2023
stu_WFOJG2118N,4,Funny,46.0,positive,2022-2023
stu_WFOJG2118N,5,Smart,43.0,positive,2022-2023
stu_WFOJG2118N,6,Chill,45.0,neutral,2022-2023
stu_WFOJG2118N,7,Tired,47.0,negative,2022-2023
stu_WFOJG2118N,8,Happy,45.0,positive,2022-2023
stu_WFOJG2118N,9,someone who plays videogames,28.0,neutral,2022-2023
stu_WFOJG2118N,10,Good sport,44.0,positive,2022-2023
stu_WFOJG2118N,11,Intelligent,43.0,positive,2022-2023
stu_WFOJG2118N,12,goofy,45.0,neutral,2022-2023
stu_WFOJG2118N,13,Someone who is ready to learn,25.0,positive,2022-2023
stu_WFOJG2118N,14,Someone who likes laugh,45.0,positive,2022-2023
stu_WFOJG2118N,14,Someone who likes laugh,24.0,positive,2022-2023
stu_WFOJG2118N,15,Someone who likes to play outside,31.0,positive,2022-2023
stu_WFOJG2118N,15,Someone who likes to play outside,24.0,positive,2022-2023
stu_WFOJG2118N,16,Someone who enjoys being around friends.,24.0,positive,2022-2023
stu_WFOJG2118N,16,Someone who enjoys being around friends.,10.0,positive,2022-2023
stu_WFOJG2118N,17,A dog person,24.0,positive,2022-2023
stu_WFOJG2118N,18,Someone who likes to try new things,45.0,positive,2022-2023
stu_WFOJG2118N,18,Someone who likes to try new things,24.0,positive,2022-2023
stu_WFOJG2118N,19,Optimist,45.0,positive,2022-2023
stu_WFOJG2118N,20,Someone who enjoys mathia.,47.0,positive,2022-2023
stu_WFOJG2118N,20,Someone who enjoys mathia.,25.0,positive,2022-2023
stu_WMIXO5420V,1,An eighth grader.,22.0,8thgrade,2022-2023
stu_WMIXO5420V,1,An eighth grader.,4.0,8thgrade,2022-2023
stu_WMIXO5420V,1,An eighth grader.,14.0,neutral,2022-2023
stu_WMIXO5420V,2,A book lover.,25.0,positive,2022-2023
stu_WMIXO5420V,2,A book lover.,24.0,positive,2022-2023
stu_WMIXO5420V,3,Someone who isn't that great at math.,25.0,negative,2022-2023
stu_WMIXO5420V,4,A person whose favorite subject is English.,25.0,positive,2022-2023
stu_WMIXO5420V,4,A person whose favorite subject is English.,14.0,positive,2022-2023
stu_WMIXO5420V,5,A movie lover.,24.0,positive,2022-2023
stu_WMIXO5420V,6,A horrible artist.,26.0,negative,2022-2023
stu_WMIXO5420V,7,Someone who hates state testing.,24.0,negative,2022-2023
stu_WMIXO5420V,7,Someone who hates state testing.,14.0,neutral,2022-2023
stu_WMIXO5420V,8,A question asker.,25.0,positive,2022-2023
stu_WMIXO5420V,9,Someone who is very interested in baking.,31.0,positive,2022-2023
stu_WMIXO5420V,9,Someone who is very interested in baking.,24.0,positive,2022-2023
stu_WMIXO5420V,10,An honor roll student.,25.0,positive,2022-2023
stu_WMIXO5420V,10,An honor roll student.,14.0,positive,2022-2023
stu_WMIXO5420V,11,Someone who hates dresscode.,24.0,negative,2022-2023
stu_WMIXO5420V,12,A person who is confused by Mathia.,47.0,negative,2022-2023
stu_WMIXO5420V,13,Writer.,25.0,neutral,2022-2023
stu_WMIXO5420V,14,Dancer.,26.0,neutral,2022-2023
stu_WMIXO5420V,15,Rainy day hater.,24.0,negative,2022-2023
stu_WMIXO5420V,16,Sunny day lover.,24.0,positive,2022-2023
stu_WMIXO5420V,17,Fall lover.,24.0,positive,2022-2023
stu_WMIXO5420V,18,Winter hater.,24.0,negative,2022-2023
stu_WMIXO5420V,19,A person who hates questions.,45.0,negative,2022-2023
stu_WMIXO5420V,20,Someone who just answered twenty questions.,47.0,neutral,2022-2023
stu_WTVEM3699W,1,I am a football player.,29.0,neutral,2022-2023
stu_WTVEM3699W,2,I am an Africain/Amaricain.,7.0,african and american,2022-2023
stu_WTVEM3699W,3,I am Cave Verdian.,7.0,cape verdean,2022-2023
stu_WTVEM3699W,4,I am a male.,1.0,male,2022-2023
stu_WTVEM3699W,5,I am a brother.,12.0,neutral,2022-2023
stu_WTVEM3699W,5,I am a brother.,2.0,boy,2022-2023
stu_WTVEM3699W,6,I am a student.,14.0,neutral,2022-2023
stu_WTVEM3699W,7,I am a friend.,10.0,neutral,2022-2023
stu_WTVEM3699W,8,I am a son.,12.0,neutral,2022-2023
stu_WTVEM3699W,8,I am a son.,2.0,boy,2022-2023
stu_WTVEM3699W,9,I am a nice person.,44.0,positive,2022-2023
stu_WTVEM3699W,10,I am helpful,44.0,positive,2022-2023
stu_WTVEM3699W,11,I am careful.,43.0,positive,2022-2023
stu_WTVEM3699W,12,I am a funny guy.,46.0,positive,2022-2023
stu_WTVEM3699W,12,I am a funny guy.,2.0,boy,2022-2023
stu_WTVEM3699W,13,I am a middle schooler.,22.0,middleschool,2022-2023
stu_WTVEM3699W,13,I am a middle schooler.,4.0,middleschool,2022-2023
stu_WTVEM3699W,13,I am a middle schooler.,14.0,neutral,2022-2023
stu_WTVEM3699W,14,I am clean.,43.0,positive,2022-2023
stu_WTVEM3699W,15,I am a helper.,46.0,positive,2022-2023
stu_WTVEM3699W,16,I am African.,7.0,african,2022-2023
stu_WTVEM3699W,17,I am a gamer.,28.0,neutral,2022-2023
stu_WTVEM3699W,18,I am a Bike rider.,29.0,neutral,2022-2023
stu_WTVEM3699W,19,I am a shoe lover.,24.0,positive,2022-2023
stu_WTVEM3699W,20,I am all about fashion.,30.0,neutral,2022-2023
stu_WUDHR2640D,1,I'm Tupac lover,24.0,positive,2022-2023
stu_WUDHR2640D,2,I'm fried chicken eater,31.0,neutral,2022-2023
stu_WUDHR2640D,3,I'm a kobe bryant fan,24.0,positive,2022-2023
stu_WUDHR2640D,4,I have 2 siblings,12.0,neutral,2022-2023
stu_WUDHR2640D,5,I love basketball,24.0,positive,2022-2023
stu_WUDHR2640D,6,I am black,6.0,black,2022-2023
stu_WUDHR2640D,7,My favorite movie Rugrats in Paris,24.0,positive,2022-2023
stu_WUDHR2640D,8,I have 5 best friends,10.0,positive,2022-2023
stu_WUDHR2640D,9,I'm a great swimmer,29.0,positive,2022-2023
stu_WUDHR2640D,10,I have a pool cleaning,47.0,neutral,2022-2023
stu_WUDHR2640D,11,I'm a master at 2k23 nba,28.0,positive,2022-2023
stu_WUDHR2640D,12,I love Jayson Tatum,24.0,positive,2022-2023
stu_WUDHR2640D,13,I've never been to a Celtics game,47.0,neutral,2022-2023
stu_WUDHR2640D,14,I have swalload a screw,47.0,neutral,2022-2023
stu_WUDHR2640D,15,My favorite drink is Kool aid on a nice hot summer day,24.0,positive,2022-2023
stu_WUDHR2640D,16,My middle name is [name] like the painting,26.0,positive,2022-2023
stu_WUDHR2640D,16,My middle name is [name] like the painting,5.0,none,2022-2023
stu_WUDHR2640D,16,My middle name is [name] like the painting,24.0,positive,2022-2023
stu_WUDHR2640D,17,I'm a wilderness person,24.0,positive,2022-2023
stu_WUDHR2640D,18,I love playing video games,28.0,positive,2022-2023
stu_WUDHR2640D,18,I love playing video games,24.0,positive,2022-2023
stu_WUDHR2640D,19,I think MJ is the G.O.A.T,29.0,neutral,2022-2023
stu_WUDHR2640D,20,I'm a future wnba player,41.0,neutral,2022-2023
stu_WUDHR2640D,20,I'm a future wnba player,29.0,neutral,2022-2023
stu_WVHWF6332A,1,A girl,2.0,girl,2022-2023
stu_WVHWF6332A,2,A 7th grade student,22.0,7thgrade,2022-2023
stu_WVHWF6332A,2,A 7th grade student,4.0,7thgrade,2022-2023
stu_WVHWF6332A,2,A 7th grade student,14.0,neutral,2022-2023
stu_WVHWF6332A,3,tall,35.0,neutral,2022-2023
stu_WVHWF6332A,4,black hair,35.0,neutral,2022-2023
stu_WVHWF6332A,5,volleyball player,29.0,neutral,2022-2023
stu_WVHWF6332A,6,dancer,26.0,neutral,2022-2023
stu_WVHWF6332A,7,nice,44.0,positive,2022-2023
stu_WVHWF6332A,8,mean,44.0,negative,2022-2023
stu_WVHWF6332A,9,smart,43.0,positive,2022-2023
stu_WVHWF6332A,10,pretty,35.0,positive,2022-2023
stu_WVHWF6332A,11,middle class,17.0,neutral,2022-2023
stu_WVHWF6332A,12,short hair,35.0,neutral,2022-2023
stu_WVHWF6332A,13,funny,45.0,positive,2022-2023
stu_WVHWF6332A,14,grateful,45.0,positive,2022-2023
stu_WVHWF6332A,15,5'6,35.0,neutral,2022-2023
stu_WVHWF6332A,16,trustworthy,40.0,positive,2022-2023
stu_WVHWF6332A,17,determined,41.0,positive,2022-2023
stu_WVHWF6332A,18,clumsy,43.0,neutral,2022-2023
stu_WVHWF6332A,19,Haitian,7.0,haitian,2022-2023
stu_WVHWF6332A,20,Libra,22.0,libra,2022-2023
stu_WZSYO1566I,1,I am a 7th grade student at [school name] middle school,22.0,7thgrade,2022-2023
stu_WZSYO1566I,1,I am a 7th grade student at [school name] middle school,4.0,7thgrade,2022-2023
stu_WZSYO1566I,1,I am a 7th grade student at [school name] middle school,14.0,neutral,2022-2023
stu_WZSYO1566I,2,A human,21.0,none,2022-2023
stu_WZSYO1566I,3,A 13 year old,4.0,13,2022-2023
stu_WZSYO1566I,4,A kid with brown hair,35.0,neutral,2022-2023
stu_WZSYO1566I,4,A kid with brown hair,4.0,child,2022-2023
stu_WZSYO1566I,5,A kid who finished Mathia mid January,22.0,child,2022-2023
stu_WZSYO1566I,5,A kid who finished Mathia mid January,4.0,child,2022-2023
stu_WZSYO1566I,5,A kid who finished Mathia mid January,14.0,positive,2022-2023
stu_WZSYO1566I,6,A stressed child figuring out whoelse I can be,47.0,neutral,2022-2023
stu_WZSYO1566I,6,A stressed child figuring out whoelse I can be,4.0,child,2022-2023
stu_WZSYO1566I,6,A stressed child figuring out whoelse I can be,45.0,negative,2022-2023
stu_WZSYO1566I,7,A slacker,43.0,negative,2022-2023
stu_WZSYO1566I,8,Determined boy,41.0,positive,2022-2023
stu_WZSYO1566I,8,Determined boy,2.0,boy,2022-2023
stu_WZSYO1566I,9,A kid who get oushed out of bed when they wake up from a 8 hour nap,31.0,neutral,2022-2023
stu_WZSYO1566I,9,A kid who get oushed out of bed when they wake up from a 8 hour nap,4.0,child,2022-2023
stu_WZSYO1566I,9,A kid who get oushed out of bed when they wake up from a 8 hour nap,22.0,child,2022-2023
stu_WZSYO1566I,10,A kid who gets headaches way to much,36.0,negative,2022-2023
stu_WZSYO1566I,10,A kid who gets headaches way to much,4.0,child,2022-2023
stu_WZSYO1566I,10,A kid who gets headaches way to much,22.0,child,2022-2023
stu_WZSYO1566I,11,A kid who helps everyone else understand math,44.0,positive,2022-2023
stu_WZSYO1566I,11,A kid who helps everyone else understand math,4.0,child,2022-2023
stu_WZSYO1566I,12,I boy who signed up for the survey,47.0,neutral,2022-2023
stu_WZSYO1566I,12,I boy who signed up for the survey,2.0,boy,2022-2023
stu_WZSYO1566I,13,A guy who has a mathia addiction,14.0,positive,2022-2023
stu_WZSYO1566I,13,A guy who has a mathia addiction,2.0,boy,2022-2023
stu_WZSYO1566I,14,A boy who is eager to lean more math,25.0,positive,2022-2023
stu_WZSYO1566I,14,A boy who is eager to lean more math,2.0,boy,2022-2023
stu_WZSYO1566I,14,A boy who is eager to lean more math,14.0,positive,2022-2023
stu_WZSYO1566I,15,The middle child of a family,12.0,neutral,2022-2023
stu_WZSYO1566I,15,The middle child of a family,4.0,child,2022-2023
stu_WZSYO1566I,16,A guy who gets allergies easily,36.0,neutral,2022-2023
stu_WZSYO1566I,16,A guy who gets allergies easily,2.0,boy,2022-2023
stu_WZSYO1566I,17,A boy who plays videogames on an Ipad because the screen is big,28.0,neutral,2022-2023
stu_WZSYO1566I,17,A boy who plays videogames on an Ipad because the screen is big,2.0,boy,2022-2023
stu_WZSYO1566I,18,A guy who gives money to parents when needed,44.0,neutral,2022-2023
stu_WZSYO1566I,18,A guy who gives money to parents when needed,2.0,boy,2022-2023
stu_WZSYO1566I,18,A guy who gives money to parents when needed,12.0,neutral,2022-2023
stu_WZSYO1566I,19,A short person,35.0,neutral,2022-2023
stu_WZSYO1566I,20,I positive person that always has a smile unless sick or annoyed,45.0,positive,2022-2023
stu_XBVIF2629F,1,I am a 7th grade student,22.0,7thgrade,2022-2023
stu_XBVIF2629F,1,I am a 7th grade student,4.0,7thgrade,2022-2023
stu_XBVIF2629F,1,I am a 7th grade student,14.0,neutral,2022-2023
stu_XBVIF2629F,2,I am a baseball player,29.0,neutral,2022-2023
stu_XBVIF2629F,3,I am a boy,2.0,boy,2022-2023
stu_XBVIF2629F,4,I am 13 years old,4.0,13 years old,2022-2023
stu_XBVIF2629F,5,I am good at just about any sport I play,43.0,positive,2022-2023
stu_XBVIF2629F,5,I am good at just about any sport I play,29.0,positive,2022-2023
stu_XBVIF2629F,6,I am a very nice and kind person,44.0,positive,2022-2023
stu_XBVIF2629F,6,I am a very nice and kind person,21.0,none,2022-2023
stu_XBVIF2629F,7,I am smart,43.0,positive,2022-2023
stu_XBVIF2629F,8,I am good at school academics,43.0,positive,2022-2023
stu_XBVIF2629F,8,I am good at school academics,14.0,neutral,2022-2023
stu_XBVIF2629F,8,I am good at school academics,25.0,neutral,2022-2023
stu_XBVIF2629F,9,I am the oldest child,12.0,neutral,2022-2023
stu_XBVIF2629F,9,I am the oldest child,4.0,child,2022-2023
stu_XBVIF2629F,10,I am loved by a bunch of people,24.0,positive,2022-2023
stu_XBVIF2629F,11,I am [student first name + last name],5.0,none,2022-2023
stu_XBVIF2629F,12,I am a good kid,40.0,positive,2022-2023
stu_XBVIF2629F,12,I am a good kid,4.0,child,2022-2023
stu_XBVIF2629F,12,I am a good kid,22.0,child,2022-2023
stu_XBVIF2629F,13,I am a fun guy,46.0,positive,2022-2023
stu_XBVIF2629F,13,I am a fun guy,2.0,boy,2022-2023
stu_XBVIF2629F,14,I am not a quitter,41.0,positive,2022-2023
stu_XBVIF2629F,15,I am black,6.0,black,2022-2023
stu_XBVIF2629F,16,I am white,6.0,white,2022-2023
stu_XBVIF2629F,17,"I am Asian, Cape Virden, Mexican, Irish, light-skin, Scottish, Polish, Indian, Portuguese",7.0,"multiracial (asian, cape virden, mexican, irish, light-skin, scottish, polish, indian, portuguese)",2022-2023
stu_XBVIF2629F,18,I am a lover,45.0,positive,2022-2023
stu_XBVIF2629F,19,I am a believer,16.0,believer,2022-2023
stu_XBVIF2629F,20,I am done with this test and I am 5'4ft,47.0,neutral,2022-2023
stu_XBVIF2629F,20,I am done with this test and I am 5'4ft,35.0,neutral,2022-2023
stu_XTVLS2669A,1,[student first name],5.0,none,2022-2023
stu_XTVLS2669A,2,a kid who like cat's,24.0,positive,2022-2023
stu_XTVLS2669A,2,a kid who like cat's,4.0,child,2022-2023
stu_XTVLS2669A,3,a kid who like brid's,24.0,positive,2022-2023
stu_XTVLS2669A,3,a kid who like brid's,3.0,child,2022-2023
stu_XTVLS2669A,4,a kid who like math,25.0,positive,2022-2023
stu_XTVLS2669A,4,a kid who like math,4.0,child,2022-2023
stu_XTVLS2669A,4,a kid who like math,24.0,positive,2022-2023
stu_XTVLS2669A,5,a kid who like to clime tree's,29.0,positive,2022-2023
stu_XTVLS2669A,5,a kid who like to clime tree's,4.0,child,2022-2023
stu_XTVLS2669A,5,a kid who like to clime tree's,22.0,child,2022-2023
stu_XTVLS2669A,5,a kid who like to clime tree's,24.0,positive,2022-2023
stu_XTVLS2669A,6,a kid who like baseball,29.0,positive,2022-2023
stu_XTVLS2669A,6,a kid who like baseball,4.0,child,2022-2023
stu_XTVLS2669A,6,a kid who like baseball,24.0,positive,2022-2023
stu_XTVLS2669A,7,a kid who does not like basketball,24.0,negative,2022-2023
stu_XTVLS2669A,7,a kid who does not like basketball,4.0,child,2022-2023
stu_XTVLS2669A,7,a kid who does not like basketball,22.0,child,2022-2023
stu_XTVLS2669A,8,a kid who has 5 siblings,12.0,neutral,2022-2023
stu_XTVLS2669A,8,a kid who has 5 siblings,4.0,child,2022-2023
stu_XTVLS2669A,9,a kid who like to sleep,31.0,positive,2022-2023
stu_XTVLS2669A,9,a kid who like to sleep,4.0,child,2022-2023
stu_XTVLS2669A,9,a kid who like to sleep,22.0,child,2022-2023
stu_XTVLS2669A,9,a kid who like to sleep,24.0,positive,2022-2023
stu_XTVLS2669A,10,i like to eat,24.0,positive,2022-2023
stu_XTVLS2669A,11,ammaracen,8.0,american,2022-2023
stu_XTVLS2669A,12,a student,14.0,neutral,2022-2023
stu_XTVLS2669A,20,try,48.0,none,2022-2023
stu_ZMXXH2486L,1,I am a Seventh Grade student,22.0,seventhgrader,2022-2023
stu_ZMXXH2486L,1,I am a Seventh Grade student,14.0,neutral,2022-2023
stu_ZMXXH2486L,2,I am 12 years old,4.0,12 years old,2022-2023
stu_ZMXXH2486L,3,I am a girl,2.0,girl,2022-2023
stu_ZMXXH2486L,4,I am a soccer player,29.0,neutral,2022-2023
stu_ZMXXH2486L,5,I am the oldest child,12.0,neutral,2022-2023
stu_ZMXXH2486L,5,I am the oldest child,4.0,child,2022-2023
stu_ZMXXH2486L,6,I go by she/her,2.0,she/her,2022-2023
stu_ZMXXH2486L,7,I am a sister,12.0,neutral,2022-2023
stu_ZMXXH2486L,7,I am a sister,2.0,girl,2022-2023
stu_ZMXXH2486L,8,I am american,8.0,american,2022-2023
stu_ZMXXH2486L,9,I am a hard-working person,41.0,positive,2022-2023
stu_ZMXXH2486L,10,I am helpful,44.0,positive,2022-2023
stu_ZMXXH2486L,11,I am able to cook,43.0,neutral,2022-2023
stu_ZMXXH2486L,12,I like working in groups,44.0,positive,2022-2023
stu_ZMXXH2486L,12,I like working in groups,24.0,positive,2022-2023
stu_ZMXXH2486L,13,I am interested in making jewelry,30.0,positive,2022-2023
stu_ZMXXH2486L,14,I am good at writing,25.0,positive,2022-2023
stu_ZMXXH2486L,15,I am good at dancing,26.0,positive,2022-2023
stu_ZMXXH2486L,16,I was born in december,48.0,none,2022-2023
stu_ZMXXH2486L,17,I am in honors classes,25.0,neutral,2022-2023
stu_ZMXXH2486L,17,I am in honors classes,14.0,neutral,2022-2023
stu_ZMXXH2486L,18,I am pretty good at drawing,26.0,positive,2022-2023
stu_ZMXXH2486L,19,I like to read,25.0,positive,2022-2023
stu_ZMXXH2486L,19,I like to read,24.0,positive,2022-2023
stu_ZMXXH2486L,20,I enjoy chatting with my friends,24.0,positive,2022-2023
stu_ZMXXH2486L,20,I enjoy chatting with my friends,10.0,positive,2022-2023
stu_NZWIU92234,8,I am going to 7grade,22.0,6thgrade,2023-2024
stu_NZWIU92234,8,I am going to 7grade,4.0,6thgrade,2023-2024
stu_NZWIU92234,8,I am going to 7grade,14.0,neutral,2023-2024
stu_DJCZE13885,12,I like going outside.,31.0,positive,2023-2024
stu_DJCZE13885,12,I like going outside.,24.0,positive,2023-2024
stu_CDXSC86692,17,i am the person that goes to my brothers dad's house,12.0,neutral,2023-2024
stu_KWMWG76590,16,i have a lot of friends,10.0,positive,2023-2024
stu_RFRYE74718,8,I am a fellow citizen for united states.,8.0,american,2023-2024
stu_XSQUV53095,5,I AM [FIRST NAME] A AFRICAN AND INDIAN,7.0,africanandindian,2023-2024
stu_XSQUV53095,5,I AM [FIRST NAME] A AFRICAN AND INDIAN,5.0,none,2023-2024
stu_YXBHV58732,5,I like playing games,31.0,positive,2023-2024
stu_YXBHV58732,5,I like playing games,24.0,positive,2023-2024
stu_ZARRQ26344,7,i like to paint and draw,26.0,positive,2023-2024
stu_ZARRQ26344,7,i like to paint and draw,24.0,positive,2023-2024
stu_MKEGQ97127,15,I'm a friendly person,44.0,positive,2023-2024
stu_EXNUN73314,13,I am pretty,35.0,positive,2023-2024
stu_MKGYA55892,5,like music,24.0,positive,2023-2024
stu_OCRTY88035,17,I am someone that want to go to cape verde.,24.0,positive,2023-2024
stu_FBWGP41232,5,I enjoy math (sometimes),25.0,positive,2023-2024
stu_FBWGP41232,5,I enjoy math (sometimes),24.0,positive,2023-2024
stu_DERZZ01872,12,I have a snake,32.0,none,2023-2024
stu_BESSB35006,8,i like to talk to my friends,31.0,positive,2023-2024
stu_BESSB35006,8,i like to talk to my friends,10.0,positive,2023-2024
stu_BESSB35006,8,i like to talk to my friends,24.0,positive,2023-2024
stu_SOWGI28002,16,I am someone who loves water,24.0,positive,2023-2024
stu_EHXGF51692,1,I am a honor student.,14.0,positive,2023-2024
stu_QQMSX84242,16,a friend,10.0,neutral,2023-2024
stu_CDXSC86692,19,i am the person that loves to go outside,31.0,positive,2023-2024
stu_CDXSC86692,19,i am the person that loves to go outside,24.0,positive,2023-2024
stu_MXNSF14478,19,I have 9 siblings,12.0,neutral,2023-2024
stu_FQKSK24193,16,i have 2 brothers,12.0,neutral,2023-2024
stu_EJIML93711,16,I like doing group work.,14.0,positive,2023-2024
stu_NWRRN03456,5,I complete 13 assignment on MATH Stream.,14.0,neutral,2023-2024
stu_CWJCN88700,13,I am short compared to others,35.0,neutral,2023-2024
stu_ABSGH36082,13,I want a fish,33.0,none,2023-2024
stu_FASQN45304,4,I am someone who loves math.,25.0,positive,2023-2024
stu_FASQN45304,4,I am someone who loves math.,24.0,positive,2023-2024
stu_SBUBU63586,3,i am a student,14.0,neutral,2023-2024
stu_XSQUV53095,2,I AM [FIRST NAME] A STUDENT,14.0,neutral,2023-2024
stu_XSQUV53095,2,I AM [FIRST NAME] A STUDENT,5.0,none,2023-2024
stu_ZARRQ26344,14,I am a moms girl,12.0,neutral,2023-2024
stu_ZARRQ26344,14,I am a moms girl,2.0,girl,2023-2024
stu_WWNBY52737,15,I am an honors student.,14.0,positive,2023-2024
stu_WEADW20158,12,i like going out with my parents,24.0,positive,2023-2024
stu_WEADW20158,12,i like going out with my parents,12.0,positive,2023-2024
stu_JVLXZ63894,2,english student,14.0,neutral,2023-2024
stu_VKCWY07846,5,im a only child,22.0,onlychild,2023-2024
stu_VKCWY07846,5,im a only child,12.0,neutral,2023-2024
stu_HBPKA70291,12,call of duty player,28.0,neutral,2023-2024
stu_IGLSS89625,11,i like my mom,12.0,positive,2023-2024
stu_MXNSF14478,3,I'm a 11 year old,4.0,11,2023-2024
stu_VNSDU81090,10,my favorite food is rice and chiken,24.0,positive,2023-2024
stu_PUHUL75671,10,[DATE POSSIBLE BIRTHDAY],48.0,neutral,2023-2024
stu_IKUOQ66846,18,I like to do something when i'm bored,31.0,positive,2023-2024
stu_IKUOQ66846,18,I like to do something when i'm bored,24.0,positive,2023-2024
stu_HLKZL24322,19,i like popcorn,24.0,positive,2023-2024
stu_MTCIM85775,20,A [CITY] resident,9.0,neutral,2023-2024
stu_UHXBA77476,12,l like butterflies,24.0,positive,2023-2024
stu_FASQN45304,3,I am someone who likes to run.,29.0,positive,2023-2024
stu_FASQN45304,3,I am someone who likes to run.,24.0,positive,2023-2024
stu_FPTDO32773,3,Girlfriend,11.0,neutral,2023-2024
stu_RDPGG44681,12,I am truthful,40.0,positive,2023-2024
stu_XSQUV53095,6,I AM [FIRST NAME] A ANTISOCIAL,44.0,negative,2023-2024
stu_XSQUV53095,6,I AM [FIRST NAME] A ANTISOCIAL,5.0,neutral,2023-2024
stu_DHTXQ91573,7,I am a students from 6 grades,22.0,6thgrade,2023-2024
stu_DHTXQ91573,7,I am a students from 6 grades,4.0,6thgrade,2023-2024
stu_DHTXQ91573,7,I am a students from 6 grades,14.0,neutral,2023-2024
stu_CWQDV67579,1,I am Christian,16.0,christian,2023-2024
stu_UYUIH18635,14,my favortie holiday is christmas,24.0,positive,2023-2024
stu_PYEUW09959,12,I like to go to dunkin' donuts,31.0,positive,2023-2024
stu_PYEUW09959,12,I like to go to dunkin' donuts,24.0,positive,2023-2024
stu_MMZHT88458,20,i have long hair,35.0,neutral,2023-2024
stu_KWMWG76590,9,i like hang out with my friends,31.0,positive,2023-2024
stu_KWMWG76590,9,i like hang out with my friends,10.0,positive,2023-2024
stu_KWMWG76590,9,i like hang out with my friends,24.0,positive,2023-2024
stu_SJXEZ38047,13,I speak 2 different languages,25.0,neutral,2023-2024
stu_SJXEZ38047,13,I speak 2 different languages,22.0,bilingual,2023-2024
stu_TDURA35752,8,I am quiet,44.0,neutral,2023-2024
stu_CAGAM03126,14,I am a person who likes to play games.,31.0,positive,2023-2024
stu_CAGAM03126,14,I am a person who likes to play games.,24.0,positive,2023-2024
stu_ORUUL82324,9,My older brother is in military-basic training,12.0,neutral,2023-2024
stu_FVHVM49769,3,I am half brazilian,7.0,brazilian,2023-2024
stu_WZRKM29688,2,im a sports player,29.0,neutral,2023-2024
stu_XKMAG80800,16,I like strawberry cheesecake.,24.0,positive,2023-2024
stu_BJJXN95776,18,I like homemade food,24.0,positive,2023-2024
stu_IZQGI75719,1,i like tv,24.0,positive,2023-2024
stu_EHLZF06092,9,I don't like spanish class,24.0,negative,2023-2024
stu_EHLZF06092,9,I don't like spanish class,14.0,negative,2023-2024
stu_KFYJM61476,3,I like to wear sweaters.,24.0,positive,2023-2024
stu_QHOON52054,20,I am done with this test and I am 5'4ft,47.0,neutral,2023-2024
stu_QHOON52054,20,I am done with this test and I am 5'4ft,35.0,neutral,2023-2024
stu_XCKNQ66212,1,im black,6.0,black,2023-2024
stu_MMNSJ38829,1,I like to dance.,26.0,positive,2023-2024
stu_MMNSJ38829,1,I like to dance.,24.0,positive,2023-2024
stu_UAFAK64772,2,A 7th grade student,22.0,7thgrade,2023-2024
stu_UAFAK64772,2,A 7th grade student,4.0,7thgrade,2023-2024
stu_UAFAK64772,2,A 7th grade student,14.0,neutral,2023-2024
stu_IKUOQ66846,14,I have cornrows,35.0,neutral,2023-2024
stu_CPBCK00658,15,I like babies,24.0,positive,2023-2024
stu_FBWGP41232,11,I like to sleep,31.0,positive,2023-2024
stu_FBWGP41232,11,I like to sleep,24.0,positive,2023-2024
stu_CTAZU65504,9,I am Cape Verdean,7.0,cape verdean,2023-2024
stu_VQFBG95862,18,i am a person with a dog,32.0,none,2023-2024
stu_ABSGH36082,14,I was born in April,22.0,april birthday,2023-2024
stu_LJAAE92948,20,I can't do my hair,30.0,negative,2023-2024
stu_QACJQ31561,10,i like jordans,30.0,positive,2023-2024
stu_QACJQ31561,10,i like jordans,24.0,positive,2023-2024
stu_WWNBY52737,6,I am a singer.,26.0,neutral,2023-2024
stu_NWRRC44615,5,i hang out with my friends,31.0,neutral,2023-2024
stu_NWRRC44615,5,i hang out with my friends,10.0,neutral,2023-2024
stu_XHGVP79664,4,Im white,6.0,white,2023-2024
stu_SELBD60428,1,[FIRST LAST NAME],5.0,none,2023-2024
stu_PKXZK94759,5,I love music,24.0,positive,2023-2024
stu_NJZBY59884,8,i like to eat.,31.0,positive,2023-2024
stu_NJZBY59884,8,i like to eat.,24.0,positive,2023-2024
stu_WXAMH04104,2,i am 12 years old,4.0,12,2023-2024
stu_LJAAE92948,19,I'm a good sister,12.0,positive,2023-2024
stu_LJAAE92948,19,I'm a good sister,2.0,girl,2023-2024
stu_DKGHS98193,9,i have a baby brother i love alot,12.0,positive,2023-2024
stu_MRIWT64391,1,A person who loves science,25.0,positive,2023-2024
stu_MRIWT64391,1,A person who loves science,24.0,positive,2023-2024
stu_EHYTZ32137,4,I'm a good writer,25.0,positive,2023-2024
stu_JVLXZ63894,7,artist,26.0,neutral,2023-2024
stu_OAZKI17777,18,[FIRST NAME],5.0,none,2023-2024
stu_WQGUY90279,4,I'm Vietnamese and Chinese,7.0,vietnamese and chinese,2023-2024
stu_STIXI97047,7,I am [LAST NAME].,5.0,none,2023-2024
stu_THKBG93560,20,I'm an outside kid,22.0,outsidekid,2023-2024
stu_THKBG93560,20,I'm an outside kid,4.0,child,2023-2024
stu_MRIWT64391,4,A english speaker,25.0,neutral,2023-2024
stu_MRIWT64391,4,A english speaker,22.0,englishspeaker,2023-2024
stu_VENGZ10475,9,A coder,26.0,neutral,2023-2024
stu_BCRYB29652,13,"I,m good at srose.",48.0,positive,2023-2024
stu_FBOFA96484,9,i am a thankful person,45.0,positive,2023-2024
stu_PJCOJ15115,11,I am a spiderman enjoyer,24.0,positive,2023-2024
stu_CLLRZ76280,8,I'm someone who's birthday is january,22.0,january birthday,2023-2024
stu_OFAWH83528,18,i like hanging out with family,31.0,positive,2023-2024
stu_OFAWH83528,18,i like hanging out with family,12.0,positive,2023-2024
stu_OFAWH83528,18,i like hanging out with family,24.0,positive,2023-2024
stu_EHLZF06092,18,I like spring,24.0,positive,2023-2024
stu_CNIFN64507,4,im me,19.0,none,2023-2024
stu_QHOON52054,2,I am a baseball player,29.0,neutral,2023-2024
stu_IIOVZ06372,18,I like the mall,24.0,positive,2023-2024
stu_FHADA27602,9,i love mac n cheese,24.0,positive,2023-2024
stu_XKMAG80800,7,A nice guy,44.0,positive,2023-2024
stu_XKMAG80800,7,A nice guy,2.0,boy,2023-2024
stu_EUIXK95276,5,"I'm a student at the [SCHOOL NAME] I love dancing, singing, gym class, Art class, eating food",31.0,positive,2023-2024
stu_EUIXK95276,5,"I'm a student at the [SCHOOL NAME] I love dancing, singing, gym class, Art class, eating food",14.0,neutral,2023-2024
stu_EUIXK95276,5,"I'm a student at the [SCHOOL NAME] I love dancing, singing, gym class, Art class, eating food",24.0,positive,2023-2024
stu_EUIXK95276,5,"I'm a student at the [SCHOOL NAME] I love dancing, singing, gym class, Art class, eating food",26.0,positive,2023-2024
stu_EUIXK95276,5,"I'm a student at the [SCHOOL NAME] I love dancing, singing, gym class, Art class, eating food",29.0,positive,2023-2024
stu_QACJQ31561,2,im 11,4.0,11,2023-2024
stu_CPBCK00658,1,I am a girl.,2.0,girl,2023-2024
stu_QZOUO83023,7,I also like money,34.0,positive,2023-2024
stu_QZOUO83023,7,I also like money,24.0,positive,2023-2024
stu_FSPCV10901,13,I love the park.,24.0,positive,2023-2024
stu_EUWJA76858,3,I am a volleyball player.,29.0,neutral,2023-2024
stu_YXBHV58732,1,I'm a student,14.0,neutral,2023-2024
stu_SULZI60933,19,i like art,26.0,positive,2023-2024
stu_SULZI60933,19,i like art,24.0,positive,2023-2024
stu_DUOEM76163,13,I was born in [CITY],9.0,neutral,2023-2024
stu_IIOVZ06372,17,I like the weekends,24.0,positive,2023-2024
stu_EHYTZ32137,9,I'm the oldest,12.0,neutral,2023-2024
stu_CAGAM03126,17,I am a person who likes hoodies.,30.0,positive,2023-2024
stu_CAGAM03126,17,I am a person who likes hoodies.,24.0,positive,2023-2024
stu_NWVEW24693,16,i am excited for spring,47.0,positive,2023-2024
stu_UEVQJ25414,5,im funny,46.0,positive,2023-2024
stu_MMNSJ38829,7,I like to listen to music.,26.0,positive,2023-2024
stu_MMNSJ38829,7,I like to listen to music.,24.0,positive,2023-2024
stu_QQMSX84242,7,a family member,12.0,neutral,2023-2024
stu_OAZKI17777,17,[FIRST NAME],5.0,none,2023-2024
stu_KWLPL21630,16,I like cute outfit.,30.0,positive,2023-2024
stu_KWLPL21630,16,I like cute outfit.,24.0,positive,2023-2024
stu_WTRMC77187,6,I have fun with friends,31.0,positive,2023-2024
stu_WTRMC77187,6,I have fun with friends,10.0,positive,2023-2024
stu_CNIXS57234,3,I'm basketball player,29.0,neutral,2023-2024
stu_HEPWQ98561,4,"i am black,",6.0,black,2023-2024
stu_IGWBR81023,5,i have two older brothers and two younger sisters,12.0,neutral,2023-2024
stu_SQLXP95993,6,I don't like to do all of my homework,24.0,negative,2023-2024
stu_SQLXP95993,6,I don't like to do all of my homework,14.0,negative,2023-2024
stu_UEYTM01990,5,I'm nice,44.0,positive,2023-2024
stu_YBWGX96937,15,not like warm up,24.0,positive,2023-2024
stu_OQLOS45541,3,I'm a writer.,25.0,neutral,2023-2024
stu_CDXSC86692,8,I am a person that to spend time with my brothers,12.0,neutral,2023-2024
stu_ERQCY81201,9,I am a girl who loves her morning coffe.,24.0,positive,2023-2024
stu_ERQCY81201,9,I am a girl who loves her morning coffe.,2.0,girl,2023-2024
stu_OIYXZ27717,4,I am the oldest sibling,12.0,neutral,2023-2024
stu_CWJCN88700,2,I am Cape Verdean,7.0,cape verdean,2023-2024
stu_QQAHK93946,6,I like cats and small dogs,24.0,positive,2023-2024
stu_WTRMC77187,15,the moon is cool,48.0,none,2023-2024
stu_RSKDK68207,8,I like to sing.,26.0,positive,2023-2024
stu_RSKDK68207,8,I like to sing.,24.0,positive,2023-2024
stu_KCDEU07486,15,I am mature,45.0,"positive, positive",2023-2024
stu_BJJXN95776,7,I love fruit,24.0,positive,2023-2024
stu_SBUBU63586,1,i am [FIRST NAME],5.0,none,2023-2024
stu_NYHDW07721,15,Resident of [CITY],9.0,neutral,2023-2024
stu_GCHCS91000,10,i am reponsible,43.0,positive,2023-2024
stu_WPVZY01902,16,I dont like Play station,28.0,negative,2023-2024
stu_ECYEC76336,7,I am a person who loves the ocean,24.0,positive,2023-2024
stu_OAZKI17777,16,[FIRST NAME],5.0,none,2023-2024
stu_UEVQJ25414,9,i have short hair,35.0,neutral,2023-2024
stu_QHOON52054,6,I am a very nice and kind person,44.0,positive,2023-2024
stu_QHOON52054,6,I am a very nice and kind person,21.0,none,2023-2024
stu_ZUARE93356,13,My favorite season is summer,24.0,positive,2023-2024
stu_OAZKI17777,3,[LETTER OF NAME],5.0,none,2023-2024
stu_CNIFN64507,5,i like jollyranchers,24.0,positive,2023-2024
stu_KCDEU07486,13,I can be helpful,44.0,positive,2023-2024
stu_NWRRN03456,9,I would like to be in Honors for MATH at 1 and 2 period at my school.,24.0,positive,2023-2024
stu_NWRRN03456,9,I would like to be in Honors for MATH at 1 and 2 period at my school.,14.0,positive,2023-2024
stu_ZYUDW82089,1,a student,14.0,neutral,2023-2024
stu_VTRUH97046,11,I other favorite song is selfish by pnb rock.,24.0,positive,2023-2024
stu_TDURA35752,20,I am [FIRST NAME],5.0,none,2023-2024
stu_QOGPO20181,7,l'm smart,43.0,positive,2023-2024
stu_QOGPO20181,7,l'm smart,25.0,positive,2023-2024
stu_JTZYY08754,3,I like my house and my room that's who I'm,24.0,positive,2023-2024
stu_RNIHY62490,7,I am a gamer,28.0,neutral,2023-2024
stu_MTCIM85775,4,I am a brother,12.0,neutral,2023-2024
stu_MTCIM85775,4,I am a brother,2.0,boy,2023-2024
stu_NKHRJ04957,20,I dont like shurbert,24.0,negative,2023-2024
stu_EHXGF51692,7,I am smart!,43.0,positive,2023-2024
stu_EHXGF51692,7,I am smart!,25.0,positive,2023-2024
stu_LVOOZ80056,19,I was a student ambassador.,14.0,positive,2023-2024
stu_MIJEQ06664,7,I am a good kid,40.0,positive,2023-2024
stu_MIJEQ06664,7,I am a good kid,4.0,child,2023-2024
stu_MIJEQ06664,7,I am a good kid,22.0,child,2023-2024
stu_YGBLH44260,5,I am a person that finds normal math too easy a lot.,25.0,positive,2023-2024
stu_NKHRJ04957,1,Im a boy,2.0,boy,2023-2024
stu_UJNMI16598,14,Mixed,6.0,mixed,2023-2024
stu_PNNIR08301,5,I like math.,25.0,positive,2023-2024
stu_PNNIR08301,5,I like math.,24.0,positive,2023-2024
stu_ROULI02103,7,i loved to sleep,31.0,positive,2023-2024
stu_ROULI02103,7,i loved to sleep,24.0,positive,2023-2024
stu_FBWGP41232,12,I' m in 6th grade,22.0,6thgrade,2023-2024
stu_FBWGP41232,12,I' m in 6th grade,4.0,6thgrade,2023-2024
stu_FBWGP41232,12,I' m in 6th grade,14.0,neutral,2023-2024
stu_LDUML32113,15,i kinda like soccer,29.0,positive,2023-2024
stu_LDUML32113,15,i kinda like soccer,24.0,positive,2023-2024
stu_MIJEQ06664,12,I like tv,24.0,positive,2023-2024
stu_BDAZF88230,15,I am a person with two immigrant parents,12.0,neutral,2023-2024
stu_BDAZF88230,15,I am a person with two immigrant parents,7.0,immigrantparents,2023-2024
stu_ORUUL82324,7,I'm the middle child,22.0,middlechild,2023-2024
stu_ORUUL82324,7,I'm the middle child,12.0,neutral,2023-2024
stu_EUWJA76858,10,I like cheerleading.,29.0,positive,2023-2024
stu_EUWJA76858,10,I like cheerleading.,24.0,positive,2023-2024
stu_TFTDG28078,12,1/2 kids.,48.0,neutral,2023-2024
stu_MTCIM85775,14,I am acheiving,41.0,positive,2023-2024
stu_AQNHF52456,7,i wanna be an  civil engineer,13.0,neutral,2023-2024
stu_SBUBU63586,8,i am a cristgin,16.0,christian,2023-2024
stu_DKGHS98193,4,i have a boyfriend,11.0,neutral,2023-2024
stu_MZIVN56293,14,i was is marching band,26.0,neutral,2023-2024
stu_MKEGQ97127,7,I'm a student.,14.0,neutral,2023-2024
stu_YGBLH44260,6,I am somebody that loves to learn new things.,25.0,positive,2023-2024
stu_YGBLH44260,6,I am somebody that loves to learn new things.,24.0,positive,2023-2024
stu_EHLZF06092,8,I am a person with curly hair,35.0,neutral,2023-2024
stu_NYHDW07721,20,Apart of the [LAST NAME] family,12.0,neutral,2023-2024
stu_UEVQJ25414,15,i play for boxers,29.0,neutral,2023-2024
stu_ROULI02103,17,i want to be a rich person,34.0,neutral,2023-2024
stu_OFAWH83528,4,i LIKE TO WATCH YOUTUBE,27.0,positive,2023-2024
stu_OFAWH83528,4,i LIKE TO WATCH YOUTUBE,24.0,positive,2023-2024
stu_CNIXS57234,20,I like to walk my dog,31.0,positive,2023-2024
stu_CNIXS57234,20,I like to walk my dog,24.0,positive,2023-2024
stu_STIXI97047,9,I am [LAST NAME] .,5.0,none,2023-2024
stu_JUQPD47363,11,I am funny.,46.0,positive,2023-2024
stu_YNVPH88845,13,I like to collect Nike and Jordan sneakers,30.0,positive,2023-2024
stu_YNVPH88845,13,I like to collect Nike and Jordan sneakers,24.0,positive,2023-2024
stu_FBWGP41232,1,[FIRST LAST NAME],5.0,none,2023-2024
stu_SQLXP95993,20,I don't like to wake up early,31.0,negative,2023-2024
stu_SQLXP95993,20,I don't like to wake up early,24.0,negative,2023-2024
stu_PKXZK94759,13,I'm in grade 6,22.0,6thgrade,2023-2024
stu_PKXZK94759,13,I'm in grade 6,4.0,6thgrade,2023-2024
stu_PKXZK94759,13,I'm in grade 6,14.0,neutral,2023-2024
stu_EUIXK95276,8,"I'm a student at the [SCHOOL NAME], I love dancing, singing, gym class, Art class, eating food",31.0,positive,2023-2024
stu_EUIXK95276,8,"I'm a student at the [SCHOOL NAME], I love dancing, singing, gym class, Art class, eating food",14.0,neutral,2023-2024
stu_EUIXK95276,8,"I'm a student at the [SCHOOL NAME], I love dancing, singing, gym class, Art class, eating food",24.0,positive,2023-2024
stu_EUIXK95276,8,"I'm a student at the [SCHOOL NAME], I love dancing, singing, gym class, Art class, eating food",26.0,positive,2023-2024
stu_EUIXK95276,8,"I'm a student at the [SCHOOL NAME], I love dancing, singing, gym class, Art class, eating food",29.0,positive,2023-2024
stu_EHXGF51692,14,I am a bit of a trouble maker.,44.0,negative,2023-2024
stu_EXNUN73314,5,I am Christian,16.0,christian,2023-2024
stu_KJOZZ30475,1,my favorite color is pink almost everything I own is pink.,24.0,positive,2023-2024
stu_CHVFQ54169,10,love listen to music.,26.0,positive,2023-2024
stu_CHVFQ54169,10,love listen to music.,24.0,positive,2023-2024
stu_ZQMQQ26810,5,im good at math,25.0,positive,2023-2024
stu_PNNIR08301,16,I am in sixth grade.,22.0,6thgrade,2023-2024
stu_PNNIR08301,16,I am in sixth grade.,4.0,6thgrade,2023-2024
stu_PNNIR08301,16,I am in sixth grade.,14.0,neutral,2023-2024
stu_VUNQZ79892,14,im a dather,48.0,none,2023-2024
stu_FBWGP41232,8,I like to draw portraits of people,26.0,positive,2023-2024
stu_FBWGP41232,8,I like to draw portraits of people,24.0,positive,2023-2024
stu_OQLOS45541,2,I'm an artist.,26.0,neutral,2023-2024
stu_YPZIM54297,12,I am a volleyball lover,29.0,positive,2023-2024
stu_YPZIM54297,12,I am a volleyball lover,24.0,positive,2023-2024
stu_GCHCS91000,14,i am a math hater,25.0,negative,2023-2024
stu_UHXBA77476,10,I have a dog,32.0,none,2023-2024
stu_HMQRZ27503,5,I m a rude,44.0,negative,2023-2024
stu_UJNMI16598,3,Catholic,16.0,catholic,2023-2024
stu_SJNFF34466,2,doesnt play sports,29.0,negative,2023-2024
stu_ZUARE93356,17,My favorite color is black,24.0,positive,2023-2024
stu_HBPKA70291,14,love music,24.0,positive,2023-2024
stu_MMZHT88458,2,i am sleepy all the time,45.0,negative,2023-2024
stu_XHPVX80161,8,I AM HIM,48.0,none,2023-2024
stu_PUNZK45438,18,i like to party,31.0,positive,2023-2024
stu_PUNZK45438,18,i like to party,24.0,positive,2023-2024
stu_IGLSS89625,14,vf bnj,48.0,none,2023-2024
stu_CQRFU18177,1,I am a boy,2.0,boy,2023-2024
stu_CJHBB29429,15,My favorite football team is the Ravens,29.0,positive,2023-2024
stu_CJHBB29429,15,My favorite football team is the Ravens,24.0,positive,2023-2024
stu_NYHDW07721,17,12 Year Old,4.0,12,2023-2024
stu_NJZBY59884,6,i like going out,31.0,positive,2023-2024
stu_NJZBY59884,6,i like going out,24.0,positive,2023-2024
stu_ZARRQ26344,16,i like rock and pop music,24.0,positive,2023-2024
stu_MRIWT64391,14,a person who loves their science and english teachers,24.0,positive,2023-2024
stu_MRIWT64391,14,a person who loves their science and english teachers,14.0,positive,2023-2024
stu_WHBZD81732,6,i misbehave in class,14.0,negative,2023-2024
stu_VKCWY07846,6,im a diabetic,36.0,none,2023-2024
stu_PNNIR08301,13,I am a person who likes to sleep.,31.0,positive,2023-2024
stu_PNNIR08301,13,I am a person who likes to sleep.,24.0,positive,2023-2024
stu_CNIFN64507,3,I'm black,6.0,black,2023-2024
stu_HLKZL24322,8,a mathematics person,25.0,neutral,2023-2024
stu_MXNSF14478,12,I like to go outside and touch grass.,31.0,positive,2023-2024
stu_MXNSF14478,12,I like to go outside and touch grass.,24.0,positive,2023-2024
stu_YSQPA55709,16,im cruios,25.0,positive,2023-2024
stu_CDGKD03653,20,i like football,29.0,positive,2023-2024
stu_CDGKD03653,20,i like football,24.0,positive,2023-2024
stu_VQFBG95862,12,i am a chines learner,25.0,neutral,2023-2024
stu_GXIYC47970,16,i am a 8th grader,22.0,8thgrade,2023-2024
stu_GXIYC47970,16,i am a 8th grader,4.0,8thgrade,2023-2024
stu_GXIYC47970,16,i am a 8th grader,14.0,neutral,2023-2024
stu_UYUIH18635,18,i love sleeping,31.0,positive,2023-2024
stu_UYUIH18635,18,i love sleeping,24.0,positive,2023-2024
stu_LTSJK02079,20,I like chicken,24.0,positive,2023-2024
stu_QQMSX84242,9,a nerf gun expert,31.0,positive,2023-2024
stu_EQSJM78476,11,I hate multiplying,25.0,negative,2023-2024
stu_EQSJM78476,11,I hate multiplying,24.0,negative,2023-2024
stu_XXEBH66449,17,I am a student,14.0,neutral,2023-2024
stu_UEYTM01990,7,I am respectful,40.0,positive,2023-2024
stu_CPVXX19825,13,Im someone who trys hard,41.0,positive,2023-2024
stu_WHBZD81732,7,i like games,31.0,positive,2023-2024
stu_WHBZD81732,7,i like games,24.0,positive,2023-2024
stu_DERZZ01872,11,I have five pets,32.0,none,2023-2024
stu_ZYUDW82089,5,i am an only child,22.0,onlychild,2023-2024
stu_ZYUDW82089,5,i am an only child,12.0,neutral,2023-2024
stu_XHGVP79664,9,Im in tutoring,14.0,neutral,2023-2024
stu_OFAWH83528,13,i like hanging out with my friends,31.0,positive,2023-2024
stu_OFAWH83528,13,i like hanging out with my friends,10.0,positive,2023-2024
stu_OFAWH83528,13,i like hanging out with my friends,24.0,positive,2023-2024
stu_MMZHT88458,12,im quiet,44.0,neutral,2023-2024
stu_AQNHF52456,16,i am the youngest sibling,12.0,neutral,2023-2024
stu_FTOYB42084,17,im a chicken lover,24.0,positive,2023-2024
stu_XKMAG80800,8,A fortnite player,28.0,neutral,2023-2024
stu_BDAZF88230,20,I am myself,19.0,none,2023-2024
stu_PKXZK94759,15,My favorite movie is jump in,24.0,positive,2023-2024
stu_MIJEQ06664,9,I like math,25.0,positive,2023-2024
stu_MIJEQ06664,9,I like math,24.0,positive,2023-2024
stu_DERZZ01872,20,I like using pemdas in math work,25.0,positive,2023-2024
stu_DERZZ01872,20,I like using pemdas in math work,24.0,positive,2023-2024
stu_WRQAA62017,5,I like cats,24.0,positive,2023-2024
stu_CULOH75877,10,I am responsible,40.0,positive,2023-2024
stu_TSQUQ54202,15,I am Black and proud.,6.0,black,2023-2024
stu_ANQAT24428,1,somebody who likes purple,24.0,positive,2023-2024
stu_WTRMC77187,19,doing lexia was intense for doing word study,47.0,neutral,2023-2024
stu_KWLPL21630,18,I like when I drink water.,31.0,positive,2023-2024
stu_KWLPL21630,18,I like when I drink water.,24.0,positive,2023-2024
stu_UYUIH18635,13,i love my family,24.0,positive,2023-2024
stu_UYUIH18635,13,i love my family,12.0,positive,2023-2024
stu_WRQAA62017,7,I like football,29.0,positive,2023-2024
stu_WRQAA62017,7,I like football,24.0,positive,2023-2024
stu_UYFTQ45542,12,I am a 6 foot asian kid,35.0,neutral,2023-2024
stu_UYFTQ45542,12,I am a 6 foot asian kid,4.0,child,2023-2024
stu_UYFTQ45542,12,I am a 6 foot asian kid,6.0,asian,2023-2024
stu_RFRYE74718,11,I am a person who likes to run,29.0,positive,2023-2024
stu_RFRYE74718,11,I am a person who likes to run,24.0,positive,2023-2024
stu_XHGVP79664,17,My favorite animal are dogs,24.0,positive,2023-2024
stu_ABSGH36082,2,I play video games,28.0,neutral,2023-2024
stu_KFYJM61476,5,I have 10 fingers.,35.0,neutral,2023-2024
stu_YXBHV58732,19,I like to be in school,24.0,positive,2023-2024
stu_YXBHV58732,19,I like to be in school,14.0,positive,2023-2024
stu_LVOOZ80056,5,I love animals.,24.0,positive,2023-2024
stu_ROXAU39801,1,I am a 6th grader,22.0,6thgrade,2023-2024
stu_ROXAU39801,1,I am a 6th grader,4.0,6thgrade,2023-2024
stu_ROXAU39801,1,I am a 6th grader,14.0,neutral,2023-2024
stu_JTZYY08754,12,i can speak 4 languages,25.0,neutral,2023-2024
stu_JTZYY08754,12,i can speak 4 languages,22.0,multilingual,2023-2024
stu_JTZYY08754,9,i hate going out,31.0,negative,2023-2024
stu_JTZYY08754,9,i hate going out,24.0,negative,2023-2024
stu_VNSDU81090,13,i have glasses,35.0,neutral,2023-2024
stu_ECYEC76336,6,I speak another language,25.0,neutral,2023-2024
stu_ECYEC76336,6,I speak another language,22.0,bilingual,2023-2024
stu_CPAQO78519,13,I am a story lover,24.0,positive,2023-2024
stu_ANAWT41929,7,I love xbox,28.0,positive,2023-2024
stu_ANAWT41929,7,I love xbox,24.0,positive,2023-2024
stu_YBWGX96937,13,i like to see my friand,31.0,positive,2023-2024
stu_YBWGX96937,13,i like to see my friand,10.0,positive,2023-2024
stu_YBWGX96937,13,i like to see my friand,24.0,positive,2023-2024
stu_XHGVP79664,11,I have a dog,32.0,none,2023-2024
stu_FSPCV10901,4,I love math.,25.0,positive,2023-2024
stu_FSPCV10901,4,I love math.,24.0,positive,2023-2024
stu_DUOEM76163,18,I'm afraid of being buried alive,24.0,negative,2023-2024
stu_QQMSX84242,8,a soon to be saxophonist,31.0,neutral,2023-2024
stu_XHPVX80161,6,i am a fortnite sweat,28.0,positive,2023-2024
stu_CNIFN64507,20,im a black girl,6.0,black,2023-2024
stu_CNIFN64507,20,im a black girl,2.0,girl,2023-2024
stu_SJNFF34466,4,half Spainard and Cabo Verde and American,7.0,spanish/cabo verdean/american,2023-2024
stu_QZOUO83023,6,i am somewhat rude,44.0,negative,2023-2024
stu_QACJQ31561,1,i'm a student,14.0,neutral,2023-2024
stu_IKUOQ66846,9,honest,40.0,positive,2023-2024
stu_EHYTZ32137,18,i wanna travel the world,33.0,positive,2023-2024
stu_NZWIU92234,2,i am 11 years old,4.0,11,2023-2024
stu_OIYXZ27717,9,I am someone who likes to hangout with my friends,31.0,positive,2023-2024
stu_OIYXZ27717,9,I am someone who likes to hangout with my friends,10.0,positive,2023-2024
stu_OIYXZ27717,9,I am someone who likes to hangout with my friends,24.0,positive,2023-2024
stu_FWPPR22255,11,i am [FIRST NAME],5.0,none,2023-2024
stu_TYPZX10676,12,i like when they have multiple examples.,47.0,positive,2023-2024
stu_WDDQQ92015,12,i am a student,14.0,neutral,2023-2024
stu_PUNZK45438,6,I like cheese pizza,24.0,positive,2023-2024
stu_QCKDZ64012,1,Im cape verden,7.0,cape verdean,2023-2024
stu_DJCZE13885,17,I like music.,24.0,positive,2023-2024
stu_PSHZT50501,12,I am a nice person,44.0,positive,2023-2024
stu_PSHZT50501,12,I am a nice person,21.0,none,2023-2024
stu_QZOUO83023,4,my fav color is blue,24.0,positive,2023-2024
stu_WQGUY90279,16,I love being alone,45.0,positive,2023-2024
stu_WQGUY90279,16,I love being alone,24.0,positive,2023-2024
stu_TYPZX10676,20,i love to listen to my type of music.,26.0,positive,2023-2024
stu_TYPZX10676,20,i love to listen to my type of music.,24.0,positive,2023-2024
stu_TSQUQ54202,13,I speak Creole.,25.0,neutral,2023-2024
stu_TSQUQ54202,13,I speak Creole.,22.0,creolespeaker,2023-2024
stu_WZRKM29688,14,i like hazbin hotel,24.0,positive,2023-2024
stu_SIWRL23181,12,i am happy,45.0,positive,2023-2024
stu_UTXBZ05806,11,i am someone who goes out with family,31.0,neutral,2023-2024
stu_UTXBZ05806,11,i am someone who goes out with family,12.0,neutral,2023-2024
stu_WTRMC77187,7,I mostly do space games,28.0,neutral,2023-2024
stu_CPVXX19825,8,I like Nike shoes,30.0,positive,2023-2024
stu_CPVXX19825,8,I like Nike shoes,24.0,positive,2023-2024
stu_KOIIB68446,2,I am someone who likes soccer,29.0,positive,2023-2024
stu_KOIIB68446,2,I am someone who likes soccer,24.0,positive,2023-2024
stu_EUIXK95276,7,"I'm a student at the [SCHOOL NAME], I love dancing, singing, gym class, Art class, eating food",31.0,positive,2023-2024
stu_EUIXK95276,7,"I'm a student at the [SCHOOL NAME], I love dancing, singing, gym class, Art class, eating food",14.0,neutral,2023-2024
stu_EUIXK95276,7,"I'm a student at the [SCHOOL NAME], I love dancing, singing, gym class, Art class, eating food",24.0,positive,2023-2024
stu_EUIXK95276,7,"I'm a student at the [SCHOOL NAME], I love dancing, singing, gym class, Art class, eating food",26.0,positive,2023-2024
stu_EUIXK95276,7,"I'm a student at the [SCHOOL NAME], I love dancing, singing, gym class, Art class, eating food",29.0,positive,2023-2024
stu_QPHPK12517,16,best madden player,28.0,positive,2023-2024
stu_HEPWQ98561,3,"i am talented,",43.0,positive,2023-2024
stu_RDOVU20570,13,I am a kind person,44.0,positive,2023-2024
stu_RDOVU20570,13,I am a kind person,21.0,none,2023-2024
stu_OCRTY88035,13,I am someone that loves my mom,12.0,positive,2023-2024
stu_IGLSS89625,1,i like school,24.0,positive,2023-2024
stu_IGLSS89625,1,i like school,14.0,positive,2023-2024
stu_AHWRN95528,16,I am someone who likes going to the pool,31.0,positive,2023-2024
stu_AHWRN95528,16,I am someone who likes going to the pool,24.0,positive,2023-2024
stu_MYCLF44200,1,I play football.,29.0,neutral,2023-2024
stu_WEADW20158,19,i like playing roblox with my friends,27.0,positive,2023-2024
stu_WEADW20158,19,i like playing roblox with my friends,10.0,positive,2023-2024
stu_WEADW20158,19,i like playing roblox with my friends,24.0,positive,2023-2024
stu_FNVBP19615,17,I tend to get uncomfortable around certain boys at my school.,45.0,negative,2023-2024
stu_FNVBP19615,17,I tend to get uncomfortable around certain boys at my school.,14.0,negative,2023-2024
stu_FWPPR22255,10,I have parents,12.0,neutral,2023-2024
stu_WYTLH51489,3,I like to dance,26.0,positive,2023-2024
stu_WYTLH51489,3,I like to dance,24.0,positive,2023-2024
stu_UYUIH18635,4,I play an instrument,26.0,neutral,2023-2024
stu_HBPKA70291,20,pet owner,32.0,none,2023-2024
stu_HLKZL24322,4,a third oldest,12.0,neutral,2023-2024
stu_QOGPO20181,4,l'm tall,35.0,neutral,2023-2024
stu_QPHPK12517,2,male,1.0,male,2023-2024
stu_ZQMQQ26810,16,i love shoes,30.0,positive,2023-2024
stu_ZQMQQ26810,16,i love shoes,24.0,positive,2023-2024
stu_JUQPD47363,16,I am excited for summer.,47.0,positive,2023-2024
stu_QEGJI54214,6,i am a pizza lover,24.0,positive,2023-2024
stu_JUQPD47363,1,I am a 7th grade Honors student.,22.0,7thgrade,2023-2024
stu_JUQPD47363,1,I am a 7th grade Honors student.,4.0,7thgrade,2023-2024
stu_JUQPD47363,1,I am a 7th grade Honors student.,14.0,positive,2023-2024
stu_OAZKI17777,10,[LETTER OF NAME],5.0,none,2023-2024
stu_NRKZA72454,3,I am African-American.,6.0,african-american,2023-2024
stu_JOKOV89559,9,I am someone who loves taking care of little kids,44.0,positive,2023-2024
stu_JOKOV89559,9,I am someone who loves taking care of little kids,24.0,positive,2023-2024
stu_JOKOV89559,9,I am someone who loves taking care of little kids,31.0,positive,2023-2024
stu_EUWJA76858,7,I like sports.,29.0,positive,2023-2024
stu_EUWJA76858,7,I like sports.,24.0,positive,2023-2024
stu_QCKDZ64012,20,im a boy,2.0,boy,2023-2024
stu_BDAZF88230,8,I am a role model to my youngest cousins,40.0,positive,2023-2024
stu_BDAZF88230,8,I am a role model to my youngest cousins,12.0,positive,2023-2024
stu_DJCZE13885,3,I speak two languages; English and Haitian Creole.,25.0,neutral,2023-2024
stu_DJCZE13885,3,I speak two languages; English and Haitian Creole.,22.0,englishspeakerandcreolespeaker,2023-2024
stu_WBAVA84528,19,l like five guys milkshakes the oreo ones,24.0,positive,2023-2024
stu_IGLSS89625,5,i like teacher,24.0,positive,2023-2024
stu_IGLSS89625,5,i like teacher,14.0,positive,2023-2024
stu_SELBD60428,12,student,14.0,neutral,2023-2024
stu_UAFAK64772,7,nice,44.0,positive,2023-2024
stu_NWRRC44615,12,i like sleeping,31.0,positive,2023-2024
stu_NWRRC44615,12,i like sleeping,24.0,positive,2023-2024
stu_FNVBP19615,9,I am in pain most of the time. (physical),36.0,negative,2023-2024
stu_RDOVU20570,20,i am a homebody.,45.0,neutral,2023-2024
stu_EHYTZ32137,7,i'm kind,44.0,positive,2023-2024
stu_PSHZT50501,19,I enjoy watching TV,31.0,positive,2023-2024
stu_PSHZT50501,19,I enjoy watching TV,24.0,positive,2023-2024
stu_UEVQJ25414,18,im the best dressed,46.0,positive,2023-2024
stu_YBWGX96937,14,not like math,25.0,negative,2023-2024
stu_YBWGX96937,14,not like math,24.0,negative,2023-2024
stu_FSPCV10901,14,I like to go outside.,31.0,positive,2023-2024
stu_FSPCV10901,14,I like to go outside.,24.0,positive,2023-2024
stu_LNFOE66635,1,funny,46.0,positive,2023-2024
stu_MXNSF14478,15,I try my hardest,41.0,positive,2023-2024
stu_HVWUJ52450,13,i hate fish,24.0,negative,2023-2024
stu_EXNUN73314,1,I am Brazilian,7.0,brazilian,2023-2024
stu_MMZHT88458,4,i speak english,25.0,neutral,2023-2024
stu_MMZHT88458,4,i speak english,22.0,englishspeaker,2023-2024
stu_VTRUH97046,20,My favorite colors are red and black.,24.0,positive,2023-2024
stu_WEADW20158,4,i do swmming,29.0,neutral,2023-2024
stu_KCRZD23226,12,I like to know what I am doing at school,24.0,positive,2023-2024
stu_KCRZD23226,12,I like to know what I am doing at school,14.0,positive,2023-2024
stu_UTXBZ05806,8,i am someone who's birthday that is at [DATE],22.0,[birth month],2023-2024
stu_DKGHS98193,18,i like to netflix nd chill,31.0,positive,2023-2024
stu_DKGHS98193,18,i like to netflix nd chill,24.0,positive,2023-2024
stu_AQNHF52456,19,presentable,43.0,positive,2023-2024
stu_CJHBB29429,7,i am a person that likes the NBA,24.0,positive,2023-2024
stu_PSHZT50501,17,I am a music-lover,26.0,positive,2023-2024
stu_PSHZT50501,17,I am a music-lover,24.0,positive,2023-2024
stu_MRIWT64391,5,a hyperactive kid,45.0,neutral,2023-2024
stu_MRIWT64391,5,a hyperactive kid,4.0,child,2023-2024
stu_MRIWT64391,5,a hyperactive kid,22.0,child,2023-2024
stu_ANQAT24428,5,a good friend,10.0,positive,2023-2024
stu_VSSOO37726,2,I like gym,24.0,positive,2023-2024
stu_VSSOO37726,2,I like gym,14.0,positive,2023-2024
stu_NJZBY59884,11,i like money,34.0,positive,2023-2024
stu_NJZBY59884,11,i like money,24.0,positive,2023-2024
stu_LJAAE92948,11,I like to play sports,29.0,positive,2023-2024
stu_LJAAE92948,11,I like to play sports,24.0,positive,2023-2024
stu_DKGHS98193,12,i love my old sckool,24.0,positive,2023-2024
stu_DKGHS98193,12,i love my old sckool,14.0,positive,2023-2024
stu_KCDEU07486,12,I'm sometimes friendly,44.0,positive,2023-2024
stu_XHGVP79664,2,A band student,26.0,neutral,2023-2024
stu_XHGVP79664,2,A band student,14.0,neutral,2023-2024
stu_OFWAG94272,9,I also enjoy to play video games,28.0,positive,2023-2024
stu_OFWAG94272,9,I also enjoy to play video games,24.0,positive,2023-2024
stu_CWJCN88700,18,I am learning math,25.0,neutral,2023-2024
stu_WZRKM29688,19,i like pokemon,24.0,positive,2023-2024
stu_UAFAK64772,20,Libra,22.0,libra,2023-2024
stu_QQAHK93946,17,I am accidentprone,43.0,negative,2023-2024
stu_RDPGG44681,14,I am always trying to get good grades,14.0,positive,2023-2024
stu_KFYJM61476,6,I have straight hair.,35.0,neutral,2023-2024
stu_WAWDW95831,12,I am a human.,21.0,none,2023-2024
stu_LTSJK02079,7,I am smart,43.0,positive,2023-2024
stu_LTSJK02079,7,I am smart,25.0,positive,2023-2024
stu_ANQAT24428,6,a confident person,45.0,positive,2023-2024
stu_ANQAT24428,6,a confident person,43.0,positive,2023-2024
stu_XSQUV53095,1,I AM [FIRST LAST NAME] THE CHILD OF MY FATHER AND MOTHER,12.0,neutral,2023-2024
stu_XSQUV53095,1,I AM [FIRST LAST NAME] THE CHILD OF MY FATHER AND MOTHER,5.0,none,2023-2024
stu_ZYUDW82089,15,i am a six grader,22.0,6thgrade,2023-2024
stu_ZYUDW82089,15,i am a six grader,4.0,6thgrade,2023-2024
stu_ZYUDW82089,15,i am a six grader,14.0,neutral,2023-2024
stu_SJNFF34466,6,born in America meant to be born in Spain,8.0,american,2023-2024
stu_EXNUN73314,10,I am a girl,2.0,girl,2023-2024
stu_IIOVZ06372,15,I like food,24.0,positive,2023-2024
stu_PKXZK94759,14,I love Afflicton style,24.0,positive,2023-2024
stu_MKEGQ97127,1,I'm [FIRST NAME],5.0,none,2023-2024
stu_ANAWT41929,12,My favorite movie is friday,24.0,positive,2023-2024
stu_SULZI60933,4,i like boly boll,29.0,positive,2023-2024
stu_SULZI60933,4,i like boly boll,24.0,positive,2023-2024
stu_RDOVU20570,6,I am a dancer,26.0,neutral,2023-2024
stu_NJZBY59884,9,i like ELA,25.0,positive,2023-2024
stu_NJZBY59884,9,i like ELA,24.0,positive,2023-2024
stu_SAOLH99639,15,im cool,46.0,positive,2023-2024
stu_TDURA35752,17,I like gaming,28.0,positive,2023-2024
stu_TDURA35752,17,I like gaming,24.0,positive,2023-2024
stu_NWVEW24693,7,i love amazon,24.0,positive,2023-2024
stu_QCKDZ64012,10,i love fries,24.0,positive,2023-2024
stu_MXNSB23169,13,I play fortnite.,28.0,neutral,2023-2024
stu_HMQRZ27503,14,I am from hati,7.0,haitian,2023-2024
stu_GXIYC47970,19,i am a chines food lover,24.0,positive,2023-2024
stu_HBPKA70291,16,love my mom,12.0,positive,2023-2024
stu_GCHCS91000,17,i am a cool peronn and im a dinasour,48.0,none,2023-2024
stu_GCHCS91000,17,i am a cool peronn and im a dinasour,21.0,none,2023-2024
stu_GCHCS91000,17,i am a cool peronn and im a dinasour,46.0,positive,2023-2024
stu_JOVOI38701,17,I am someone who likes cheesecake.,24.0,positive,2023-2024
stu_RUBQU39803,8,i am a feem for roblox,28.0,positive,2023-2024
stu_PFDTL78462,2,I don't really like math.,25.0,negative,2023-2024
stu_PFDTL78462,2,I don't really like math.,24.0,negative,2023-2024
stu_XXEBH66449,1,I am a student,14.0,neutral,2023-2024
stu_LTSJK02079,10,I like games,31.0,positive,2023-2024
stu_LTSJK02079,10,I like games,24.0,positive,2023-2024
stu_OCRTY88035,1,I am someone how likes track.,29.0,positive,2023-2024
stu_OCRTY88035,1,I am someone how likes track.,24.0,positive,2023-2024
stu_KWMWG76590,20,and i make everyone feel nice inside,44.0,positive,2023-2024
stu_MYCLF44200,15,I believe duke dennis was born when abraham lincon died.,48.0,none,2023-2024
stu_MMNSJ38829,5,I like to sleep.,31.0,positive,2023-2024
stu_MMNSJ38829,5,I like to sleep.,24.0,positive,2023-2024
stu_HMQRZ27503,17,I am friendly,44.0,positive,2023-2024
stu_CULOH75877,7,I am nice,44.0,positive,2023-2024
stu_ROXAU39801,20,I am cool,46.0,positive,2023-2024
stu_QHOON52054,8,I am good at school academics,14.0,positive,2023-2024
stu_JOVOI38701,5,I am someone who likes summer.,24.0,positive,2023-2024
stu_LVOOZ80056,14,I am a runner.,29.0,neutral,2023-2024
stu_FQEST23326,12,a aunties girl,12.0,neutral,2023-2024
stu_FQEST23326,12,a aunties girl,2.0,girl,2023-2024
stu_HXXCS05602,11,i'm brave,41.0,positive,2023-2024
stu_RSKDK68207,7,I like drawing.,26.0,positive,2023-2024
stu_RSKDK68207,7,I like drawing.,24.0,positive,2023-2024
stu_TYPZX10676,6,"I like when they tell me the quantity of time i was in it,",47.0,positive,2023-2024
stu_TYPZX10676,6,"I like when they tell me the quantity of time i was in it,",24.0,positive,2023-2024
stu_KFYJM61476,9,I like to wear leggings.,30.0,positive,2023-2024
stu_KFYJM61476,9,I like to wear leggings.,24.0,positive,2023-2024
stu_SJXEZ38047,3,I wanna do track,29.0,neutral,2023-2024
stu_YSQPA55709,8,im a male,1.0,male,2023-2024
stu_QCKDZ64012,9,i love mac n cheese,24.0,positive,2023-2024
stu_RSKDK68207,20,I love my African family.,24.0,positive,2023-2024
stu_RSKDK68207,20,I love my African family.,12.0,positive,2023-2024
stu_NJZBY59884,18,i want to go back to new york,33.0,none,2023-2024
stu_CPVXX19825,15,I play football for [SCHOOL],29.0,neutral,2023-2024
stu_FQEST23326,18,I love my parents,24.0,positive,2023-2024
stu_FQEST23326,18,I love my parents,12.0,positive,2023-2024
stu_WBAVA84528,5,i like Popsicles,24.0,positive,2023-2024
stu_GXMFA19655,12,i am an artist,26.0,neutral,2023-2024
stu_NWVEW24693,9,im shy,44.0,neutral,2023-2024
stu_ROXAU39801,4,I am a son,12.0,neutral,2023-2024
stu_ROXAU39801,4,I am a son,2.0,boy,2023-2024
stu_DERZZ01872,16,I like anything math related,25.0,positive,2023-2024
stu_DERZZ01872,16,I like anything math related,24.0,positive,2023-2024
stu_XCKNQ66212,20,im the youngest child,22.0,youngestchild,2023-2024
stu_XCKNQ66212,20,im the youngest child,12.0,neutral,2023-2024
stu_SELBD60428,14,student,14.0,neutral,2023-2024
stu_FHADA27602,16,i speak cape verdan creole.,25.0,neutral,2023-2024
stu_FHADA27602,16,i speak cape verdan creole.,22.0,capeverdeancreolespeaker,2023-2024
stu_CWJCN88700,6,Im black,6.0,black,2023-2024
stu_PNNIR08301,17,I am a strait A student,14.0,positive,2023-2024
stu_WXAMH04104,9,i like math,25.0,positive,2023-2024
stu_WXAMH04104,9,i like math,24.0,positive,2023-2024
stu_VENGZ10475,18,Lazy,41.0,negative,2023-2024
stu_PNNIR08301,19,I make money.,34.0,positive,2023-2024
stu_PNNIR08301,19,I make money.,13.0,positive,2023-2024
stu_SELBD60428,4,[FIRST LAST NAME],5.0,none,2023-2024
stu_SJXEZ38047,8,I like to swim,29.0,positive,2023-2024
stu_SJXEZ38047,8,I like to swim,24.0,positive,2023-2024
stu_IDHIE84911,3,am smart,43.0,positive,2023-2024
stu_IDHIE84911,3,am smart,25.0,positive,2023-2024
stu_QPHPK12517,15,best 2k player,28.0,positive,2023-2024
stu_PFDTL78462,9,"I am from a huge family, on both sides.",12.0,neutral,2023-2024
stu_CDGKD03653,7,i love my mom,24.0,positive,2023-2024
stu_CDGKD03653,7,i love my mom,12.0,positive,2023-2024
stu_OQLOS45541,11,I'm from an immigrant family.,12.0,neutral,2023-2024
stu_OQLOS45541,11,I'm from an immigrant family.,7.0,immigrant,2023-2024
stu_FASQN45304,20,I am someone who is kind.,44.0,positive,2023-2024
stu_KOUYR40301,16,i like takis,24.0,positive,2023-2024
stu_WEADW20158,5,i have 1 cat,32.0,none,2023-2024
stu_UJNMI16598,18,Sisters sister,12.0,neutral,2023-2024
stu_UJNMI16598,18,Sisters sister,2.0,girl,2023-2024
stu_EXNUN73314,7,I am a writer,25.0,neutral,2023-2024
stu_DUOEM76163,2,my favorite subject is math,14.0,positive,2023-2024
stu_FWPPR22255,14,I like tv,24.0,positive,2023-2024
stu_TRKWP48352,5,I am a person who likes to where crocs,30.0,positive,2023-2024
stu_TRKWP48352,5,I am a person who likes to where crocs,24.0,positive,2023-2024
stu_CWJCN88700,15,I am a student,14.0,neutral,2023-2024
stu_QQAHK93946,13,I like spicy food,24.0,positive,2023-2024
stu_ANQAT24428,15,my birthday is [DATE],22.0,[birth month],2023-2024
stu_RUBQU39803,10,i am balck,6.0,black,2023-2024
stu_PSHZT50501,2,I am a man,2.0,man,2023-2024
stu_WEADW20158,6,i like playing games,31.0,positive,2023-2024
stu_WEADW20158,6,i like playing games,24.0,positive,2023-2024
stu_KOIIB68446,9,I like funky socks....,30.0,positive,2023-2024
stu_KOIIB68446,9,I like funky socks....,24.0,positive,2023-2024
stu_VNSDU81090,6,im Ecuadorian,7.0,ecuadorian,2023-2024
stu_FWPPR22255,15,I am [FIRST NAME],5.0,none,2023-2024
stu_QQMSX84242,2,a band kid,26.0,neutral,2023-2024
stu_QQMSX84242,2,a band kid,4.0,child,2023-2024
stu_QQMSX84242,2,a band kid,22.0,bandkid,2023-2024
stu_VGJIS59600,14,I am a Hufflepuff,21.0,hufflepuff,2023-2024
stu_ZARRQ26344,20,im the worst sister ever,12.0,negative,2023-2024
stu_ZARRQ26344,20,im the worst sister ever,2.0,girl,2023-2024
stu_YPZIM54297,2,I am the middle child,22.0,middlechild,2023-2024
stu_YPZIM54297,2,I am the middle child,12.0,neutral,2023-2024
stu_VKCWY07846,18,im 4'11,35.0,neutral,2023-2024
stu_JPMJO86637,17,i like Haitian Stew Chicken.,24.0,positive,2023-2024
stu_NKHRJ04957,11,I dont like ice cream,24.0,negative,2023-2024
stu_IGWBR81023,1,i am a girl,2.0,girl,2023-2024
stu_MYCLF44200,16,I want to go d1.,13.0,positive,2023-2024
stu_CPAQO78519,8,I am someone who loves the Country Brazil,24.0,positive,2023-2024
stu_WCANG48942,12,I wish they didn't give us school on friday.,14.0,negative,2023-2024
stu_KCRZD23226,17,I love baby dog,24.0,positive,2023-2024
stu_UYUIH18635,7,Im in the Art Club,26.0,neutral,2023-2024
stu_JOVOI38701,14,I am someone who likes dogs .,24.0,positive,2023-2024
stu_CETOG17008,5,hungry man,47.0,neutral,2023-2024
stu_CETOG17008,5,hungry man,2.0,boy,2023-2024
stu_NWVEW24693,17,my birth day is [DATE],22.0,[birth month],2023-2024
stu_YSQPA55709,7,im a mess person,43.0,negative,2023-2024
stu_UYFTQ45542,3,I am a athlete,29.0,neutral,2023-2024
stu_MIJEQ06664,11,I like to have fun,31.0,positive,2023-2024
stu_MIJEQ06664,11,I like to have fun,24.0,positive,2023-2024
stu_VKCWY07846,13,i like music,24.0,positive,2023-2024
stu_MRIWT64391,11,a brother,12.0,neutral,2023-2024
stu_MRIWT64391,11,a brother,2.0,boy,2023-2024
stu_PUNZK45438,1,I like soccer,29.0,positive,2023-2024
stu_PUNZK45438,1,I like soccer,24.0,positive,2023-2024
stu_QOGPO20181,16,My favorite color is Pink,24.0,positive,2023-2024
stu_PXDPN73068,11,I'm a genius,43.0,positive,2023-2024
stu_PXDPN73068,11,I'm a genius,25.0,positive,2023-2024
stu_HLKZL24322,5,a gamer,28.0,neutral,2023-2024
stu_SELBD60428,19,student,14.0,neutral,2023-2024
stu_JTZYY08754,5,They get on my last nerves,48.0,none,2023-2024
stu_UEDQL23543,6,nice,44.0,positive,2023-2024
stu_WWNBY52737,19,I am the funniest person I know.,46.0,positive,2023-2024
stu_CQRFU18177,17,I don't like school,14.0,negative,2023-2024
stu_IDHIE84911,17,i like pizza,24.0,positive,2023-2024
stu_WAFQN21754,20,I am strong,35.0,positive,2023-2024
stu_MRIWT64391,19,I am an adventoures person,45.0,positive,2023-2024
stu_RNIHY62490,3,I am an athlete,29.0,neutral,2023-2024
stu_TFTDG28078,17,a baker,31.0,neutral,2023-2024
stu_FNVBP19615,7,I also enjoy english class. (sometimes),14.0,positive,2023-2024
stu_FQEST23326,16,a friend,10.0,neutral,2023-2024
stu_GXMFA19655,5,i am a good cook,43.0,positive,2023-2024
stu_HXXCS05602,8,i'm loving,44.0,positive,2023-2024
stu_IZQGI75719,20,i like my school,14.0,positive,2023-2024
stu_FASQN45304,2,I am a sister.,12.0,neutral,2023-2024
stu_FASQN45304,2,I am a sister.,2.0,girl,2023-2024
stu_LKAAV41369,15,I like gym,24.0,positive,2023-2024
stu_LKAAV41369,15,I like gym,14.0,positive,2023-2024
stu_XCKNQ66212,11,i'm darkskin,6.0,dark skin,2023-2024
stu_PXDPN73068,14,I used to have a Ipad,32.0,none,2023-2024
stu_MXNSF14478,6,I'm SouthEastern Asian,6.0,southeastern asian,2023-2024
stu_SULZI60933,7,i like Mathia,24.0,positive,2023-2024
stu_SULZI60933,7,i like Mathia,14.0,positive,2023-2024
stu_AHWRN95528,9,I am someone who likes my friends,24.0,positive,2023-2024
stu_AHWRN95528,9,I am someone who likes my friends,10.0,positive,2023-2024
stu_CPBCK00658,4,I like boys,3.0,likes boys,2023-2024
stu_MTCIM85775,3,Creative,43.0,positive,2023-2024
stu_ZARRQ26344,10,I like to stake football more than hockey,29.0,positive,2023-2024
stu_ZARRQ26344,10,I like to stake football more than hockey,24.0,positive,2023-2024
stu_KOUYR40301,11,i'm Portuguese and Cape Verdean,7.0,portuguese and cape verdean,2023-2024
stu_SJXEZ38047,17,I love chocolate n ice cream,24.0,positive,2023-2024
stu_WWNBY52737,14,I am someone's best friend.,10.0,positive,2023-2024
stu_CTAZU65504,15,I am easily annoyed,45.0,negative,2023-2024
stu_WAFQN21754,14,I am creative,43.0,positive,2023-2024
stu_BJJXN95776,20,I want to be a senior software enginer,13.0,positive,2023-2024
stu_YPZIM54297,20,i am a mamas girl,12.0,neutral,2023-2024
stu_YPZIM54297,20,i am a mamas girl,2.0,girl,2023-2024
stu_MKGYA55892,10,who is nice,44.0,positive,2023-2024
stu_JOKOV89559,8,I am someone who loves math,25.0,positive,2023-2024
stu_JOKOV89559,8,I am someone who loves math,24.0,positive,2023-2024
stu_NWVEW24693,15,i love seafood,24.0,positive,2023-2024
stu_OFWAG94272,7,I enjoy listening to music,26.0,positive,2023-2024
stu_OFWAG94272,7,I enjoy listening to music,24.0,positive,2023-2024
stu_NKHRJ04957,16,I like mango,24.0,positive,2023-2024
stu_WRQAA62017,4,I am kind,44.0,positive,2023-2024
stu_LNFOE66635,10,im outside most of the day,31.0,neutral,2023-2024
stu_PNNIR08301,12,I like games.,31.0,positive,2023-2024
stu_PNNIR08301,12,I like games.,24.0,positive,2023-2024
stu_TYPZX10676,17,i love watching movie.,31.0,positive,2023-2024
stu_TYPZX10676,17,i love watching movie.,24.0,positive,2023-2024
stu_ZUARE93356,7,I play basketball,29.0,neutral,2023-2024
stu_FUILC09238,5,i'm from benin,7.0,beninese,2023-2024
stu_LVOOZ80056,16,I am a cousion.,12.0,neutral,2023-2024
stu_FNVBP19615,13,I like pasta.,24.0,positive,2023-2024
stu_EXNUN73314,15,I am a Gemini,22.0,gemini,2023-2024
stu_NWRRN03456,6,I would like to get award for completing all MATH Stream assignments.,47.0,positive,2023-2024
stu_NWRRN03456,6,I would like to get award for completing all MATH Stream assignments.,24.0,positive,2023-2024
stu_PYEUW09959,2,I am kind,44.0,positive,2023-2024
stu_WAFQN21754,6,I am a dog owner,32.0,none,2023-2024
stu_QEGJI54214,7,i am a dog lover,24.0,positive,2023-2024
stu_FBWGP41232,10,I have brown eyes,35.0,neutral,2023-2024
stu_RSKDK68207,17,I like to make up languages.,25.0,positive,2023-2024
stu_RSKDK68207,17,I like to make up languages.,24.0,positive,2023-2024
stu_IKUOQ66846,16,I like go to the gym to lift weight,29.0,positive,2023-2024
stu_IKUOQ66846,16,I like go to the gym to lift weight,24.0,positive,2023-2024
stu_MZIVN56293,2,i am in a band,26.0,neutral,2023-2024
stu_CPVXX19825,17,I like the Boston Celtics,24.0,positive,2023-2024
stu_JTZYY08754,13,I love go out to eat but only when I'm going out to eat nothing else,31.0,positive,2023-2024
stu_JTZYY08754,13,I love go out to eat but only when I'm going out to eat nothing else,24.0,positive,2023-2024
stu_CTAZU65504,18,I like taking naps,31.0,positive,2023-2024
stu_CTAZU65504,18,I like taking naps,24.0,positive,2023-2024
stu_VTRUH97046,8,I love listening to music when im down.,26.0,positive,2023-2024
stu_VTRUH97046,8,I love listening to music when im down.,24.0,positive,2023-2024
stu_DKGHS98193,14,i like tyo play w makeup,30.0,positive,2023-2024
stu_DKGHS98193,14,i like tyo play w makeup,24.0,positive,2023-2024
stu_MXNSF14478,17,I love dodgeball.,29.0,positive,2023-2024
stu_MXNSF14478,17,I love dodgeball.,24.0,positive,2023-2024
stu_LNFOE66635,5,good student,14.0,positive,2023-2024
stu_ROXAU39801,17,I am a pikmin fan,28.0,positive,2023-2024
stu_ROXAU39801,17,I am a pikmin fan,24.0,positive,2023-2024
stu_GCHCS91000,20,im a dad,12.0,neutral,2023-2024
stu_ABSGH36082,6,I LOVE DOGS,24.0,positive,2023-2024
stu_FNVBP19615,20,I dont know,20.0,none,2023-2024
stu_JOKOV89559,1,I am someone who is nice,44.0,positive,2023-2024
stu_TSQUQ54202,3,I am considerate.,44.0,positive,2023-2024
stu_YPZIM54297,13,I am a chearleader on summer,29.0,neutral,2023-2024
stu_SQLXP95993,5,I am not a morning person,21.0,not a morning person,2023-2024
stu_LTSJK02079,1,Im 11 years old,4.0,11,2023-2024
stu_JOVOI38701,11,I am someone who likes Boston Celtics,29.0,positive,2023-2024
stu_JOVOI38701,11,I am someone who likes Boston Celtics,24.0,positive,2023-2024
stu_OMSFY97090,8,im a students,14.0,neutral,2023-2024
stu_OMSFY97090,6,im a students,14.0,neutral,2023-2024
stu_WQGUY90279,10,I like taking to my friends,31.0,positive,2023-2024
stu_WQGUY90279,10,I like taking to my friends,10.0,positive,2023-2024
stu_WQGUY90279,10,I like taking to my friends,24.0,positive,2023-2024
stu_RDOVU20570,15,I am a wing stop lover,24.0,positive,2023-2024
stu_SJXEZ38047,6,I'm from Cape Verde,7.0,cape verdean,2023-2024
stu_QFXDD68186,17,i like to travel,31.0,positive,2023-2024
stu_QFXDD68186,17,i like to travel,24.0,positive,2023-2024
stu_PXDPN73068,5,I am a boy,2.0,boy,2023-2024
stu_EHYTZ32137,5,I don't like people,45.0,negative,2023-2024
stu_OAZKI17777,1,A human,21.0,none,2023-2024
stu_WYTLH51489,18,I like my sisters,12.0,positive,2023-2024
stu_WDDQQ92015,2,i am a student,14.0,neutral,2023-2024
stu_NYHDW07721,8,Niece of [FIRST LAST NAME],12.0,neutral,2023-2024
stu_NYHDW07721,8,Niece of [FIRST LAST NAME],2.0,girl,2023-2024
stu_QCKDZ64012,13,i love my mom,24.0,positive,2023-2024
stu_QCKDZ64012,13,i love my mom,12.0,positive,2023-2024
stu_OFWAG94272,2,A honest person,40.0,positive,2023-2024
stu_CLLRZ76280,10,I like watching boxing and basketball,29.0,positive,2023-2024
stu_CLLRZ76280,10,I like watching boxing and basketball,24.0,positive,2023-2024
stu_UYFTQ45542,8,I am a person who prefers basketball over soccer,29.0,neutral,2023-2024
stu_SULZI60933,9,my fav color is black,24.0,positive,2023-2024
stu_QQAHK93946,14,I like listening to horror storys,31.0,positive,2023-2024
stu_QQAHK93946,14,I like listening to horror storys,24.0,positive,2023-2024
stu_ERQCY81201,12,I am a girl that loves the color blue.,24.0,positive,2023-2024
stu_ERQCY81201,12,I am a girl that loves the color blue.,2.0,girl,2023-2024
stu_RFRYE74718,1,I am an 11-year-old girl.,4.0,11,2023-2024
stu_RFRYE74718,1,I am an 11-year-old girl.,2.0,girl,2023-2024
stu_ECYEC76336,1,I am asian american,6.0,asian,2023-2024
stu_FASQN45304,11,I am someone who likes to spend time with my family.,31.0,positive,2023-2024
stu_FASQN45304,11,I am someone who likes to spend time with my family.,12.0,positive,2023-2024
stu_FASQN45304,11,I am someone who likes to spend time with my family.,24.0,positive,2023-2024
stu_PFDTL78462,15,"My favorite cousin is my little cousin [FIRST NAME], I call him money.",12.0,positive,2023-2024
stu_AHWRN95528,10,I am someone who loves sprite,24.0,positive,2023-2024
stu_AQNHF52456,8,straight A student,14.0,positive,2023-2024
stu_LJAAE92948,13,I like writing,25.0,positive,2023-2024
stu_LJAAE92948,13,I like writing,24.0,positive,2023-2024
stu_RUZUK44953,5,I am a person who likes science,25.0,positive,2023-2024
stu_RUZUK44953,5,I am a person who likes science,24.0,positive,2023-2024
stu_FHADA27602,17,i have no pets.,32.0,negative,2023-2024
stu_WXAMH04104,5,i am cape verdean,7.0,cape verdean,2023-2024
stu_CPBCK00658,8,I like to gossip with my friend,31.0,positive,2023-2024
stu_CPBCK00658,8,I like to gossip with my friend,10.0,positive,2023-2024
stu_CPBCK00658,8,I like to gossip with my friend,24.0,positive,2023-2024
stu_ABSGH36082,17,I know how to play basket ball,43.0,positive,2023-2024
stu_ABSGH36082,17,I know how to play basket ball,29.0,neutral,2023-2024
stu_WHBZD81732,2,i dont like school,14.0,negative,2023-2024
stu_XKMAG80800,6,Christian,16.0,christian,2023-2024
stu_PUNZK45438,10,i was born in cabo verde,7.0,cape verdean,2023-2024
stu_TRKWP48352,2,I am the oldest of 2 children,22.0,oldestchild,2023-2024
stu_TRKWP48352,2,I am the oldest of 2 children,12.0,neutral,2023-2024
stu_XCKNQ66212,5,i'm smart,43.0,positive,2023-2024
stu_XCKNQ66212,5,i'm smart,25.0,positive,2023-2024
stu_ZUARE93356,19,I have two siblings,12.0,neutral,2023-2024
stu_QZOUO83023,19,i love my frends,24.0,positive,2023-2024
stu_QZOUO83023,19,i love my frends,10.0,positive,2023-2024
stu_ZUARE93356,12,My birthday is in June,22.0,june birthday,2023-2024
stu_NWVEW24693,10,i want to be at home,47.0,neutral,2023-2024
stu_ANAWT41929,10,I love english,25.0,positive,2023-2024
stu_ANAWT41929,10,I love english,24.0,positive,2023-2024
stu_CDGKD03653,9,i am a sweat at fortnite,28.0,positive,2023-2024
stu_LKAAV41369,3,my favorite subjects are math and science,14.0,positive,2023-2024
stu_YXJEP22115,11,I am a defensive basketball player,29.0,neutral,2023-2024
stu_RFRYE74718,14,I am a kind person.,44.0,positive,2023-2024
stu_RFRYE74718,14,I am a kind person.,21.0,none,2023-2024
stu_OFWAG94272,3,A calm leader,46.0,positive,2023-2024
stu_OFWAG94272,3,A calm leader,43.0,positive,2023-2024
stu_OFWAG94272,3,A calm leader,45.0,positive,2023-2024
stu_OQLOS45541,15,I'm a fighter for my rights.,41.0,positive,2023-2024
stu_ANAWT41929,17,Another favorite game i like is call of duty,28.0,positive,2023-2024
stu_ANAWT41929,17,Another favorite game i like is call of duty,24.0,positive,2023-2024
stu_NWRRN03456,13,I need a phone.,33.0,none,2023-2024
stu_QQAHK93946,2,I am vietnamese and chinese,7.0,vietnamese and chinese,2023-2024
stu_OQLOS45541,17,I'm a pet owner.,32.0,none,2023-2024
stu_FWPPR22255,6,i ma,48.0,none,2023-2024
stu_VUNQZ79892,13,im a good person,40.0,positive,2023-2024
stu_OIYXZ27717,10,I am someone who likes cape verde,24.0,positive,2023-2024
stu_UYUIH18635,20,i like going out,31.0,positive,2023-2024
stu_UYUIH18635,20,i like going out,24.0,positive,2023-2024
stu_HXXCS05602,9,i'm black,6.0,black,2023-2024
stu_PFDTL78462,12,I like money.,34.0,positive,2023-2024
stu_PFDTL78462,12,I like money.,24.0,positive,2023-2024
stu_AHWRN95528,7,I am someone who likes to go to waterparks,31.0,positive,2023-2024
stu_AHWRN95528,7,I am someone who likes to go to waterparks,24.0,positive,2023-2024
stu_SOWGI28002,20,I am someone who loves shoes,30.0,positive,2023-2024
stu_SOWGI28002,20,I am someone who loves shoes,24.0,positive,2023-2024
stu_KWMWG76590,15,i like learning new things,25.0,positive,2023-2024
stu_KWMWG76590,15,i like learning new things,24.0,positive,2023-2024
stu_ECYEC76336,4,I am a volleyball player,29.0,neutral,2023-2024
stu_OQLOS45541,16,I'm a woman.,2.0,woman,2023-2024
stu_PSHZT50501,3,I am a very smart student,43.0,positive,2023-2024
stu_PSHZT50501,3,I am a very smart student,14.0,positive,2023-2024
stu_PSHZT50501,3,I am a very smart student,25.0,positive,2023-2024
stu_GCHCS91000,12,i am a cousin,12.0,neutral,2023-2024
stu_WZRKM29688,8,i like joe bartalozzi,24.0,positive,2023-2024
stu_VNSDU81090,2,im 12 years old,4.0,12,2023-2024
stu_FBWGP41232,17,Im mixed ( Puerto rican & black),6.0,mixed (puerto rican & black),2023-2024
stu_MYCLF44200,18,I like wingstop.,24.0,positive,2023-2024
stu_FTOYB42084,7,im nice,44.0,positive,2023-2024
stu_JOKOV89559,14,I am someone who loves eating my moms cooking,31.0,positive,2023-2024
stu_JOKOV89559,14,I am someone who loves eating my moms cooking,12.0,positive,2023-2024
stu_JOKOV89559,14,I am someone who loves eating my moms cooking,24.0,positive,2023-2024
stu_HEPWQ98561,13,i like acrylics,30.0,positive,2023-2024
stu_HEPWQ98561,13,i like acrylics,24.0,positive,2023-2024
stu_LKAAV41369,12,My favorite food is alfredo,24.0,positive,2023-2024
stu_YNVPH88845,5,I love shrimp Alfredo,24.0,positive,2023-2024
stu_WRQAA62017,18,I have blond hair,35.0,neutral,2023-2024
stu_IKUOQ66846,5,smart,43.0,positive,2023-2024
stu_IKUOQ66846,5,smart,25.0,positive,2023-2024
stu_NMWSA27732,13,I'm the favorite child,12.0,positive,2023-2024
stu_KWMWG76590,6,i wish i was smart,43.0,positive,2023-2024
stu_KWMWG76590,6,i wish i was smart,25.0,positive,2023-2024
stu_FVHVM49769,19,i have a bape hoodie,32.0,none,2023-2024
stu_QCKDZ64012,2,i like food,24.0,positive,2023-2024
stu_ZYUDW82089,13,i am someone who does not want to do this,47.0,negative,2023-2024
stu_FQKSK24193,19,i like movies,24.0,positive,2023-2024
stu_TSQUQ54202,1,I am a student.,14.0,neutral,2023-2024
stu_AQNHF52456,9,"5,10",35.0,neutral,2023-2024
stu_ROXAU39801,16,I am a good person,40.0,positive,2023-2024
stu_KCRZD23226,1,I like school,24.0,positive,2023-2024
stu_KCRZD23226,1,I like school,14.0,positive,2023-2024
stu_FNVBP19615,3,Others say i have a very uniquie personality.,46.0,positive,2023-2024
stu_ZYUDW82089,16,i am in middle schools,14.0,neutral,2023-2024
stu_SAOLH99639,14,im nice,44.0,positive,2023-2024
stu_WBAVA84528,3,i like cookies,24.0,positive,2023-2024
stu_JTZYY08754,2,I have A's but not in math that can show you that I don't like math,25.0,negative,2023-2024
stu_JTZYY08754,2,I have A's but not in math that can show you that I don't like math,14.0,positive,2023-2024
stu_KCDEU07486,3,I have blonde hair,35.0,neutral,2023-2024
stu_AHWRN95528,2,I am someone who likes basketball,29.0,positive,2023-2024
stu_AHWRN95528,2,I am someone who likes basketball,24.0,positive,2023-2024
stu_FPTDO32773,7,a band kid,26.0,neutral,2023-2024
stu_FPTDO32773,7,a band kid,4.0,child,2023-2024
stu_FPTDO32773,7,a band kid,22.0,bandkid,2023-2024
stu_STIXI97047,8,I am [FIRST NAME].,5.0,none,2023-2024
stu_VENGZ10475,20,Seeks education,25.0,positive,2023-2024
stu_CJHBB29429,4,I am a person that likes to travel the world,31.0,positive,2023-2024
stu_CJHBB29429,4,I am a person that likes to travel the world,24.0,positive,2023-2024
stu_QOGPO20181,13,l'm from cape verde,7.0,cape verdean,2023-2024
stu_RDOVU20570,10,I am a person who likes to swim,29.0,positive,2023-2024
stu_RDOVU20570,10,I am a person who likes to swim,24.0,positive,2023-2024
stu_OIYXZ27717,19,I am someone who is a good friend,10.0,positive,2023-2024
stu_NMWSA27732,8,my favorite subject is math,14.0,positive,2023-2024
stu_OFWAG94272,12,I'm 6ft,35.0,neutral,2023-2024
stu_XXEBH66449,16,I am a student,14.0,neutral,2023-2024
stu_XKMAG80800,3,An 11 year old child,22.0,child,2023-2024
stu_XKMAG80800,3,An 11 year old child,4.0,11,2023-2024
stu_CDGKD03653,14,i love my nike tech,30.0,positive,2023-2024
stu_CDGKD03653,14,i love my nike tech,24.0,positive,2023-2024
stu_OQLOS45541,7,I'm great with kids.,44.0,positive,2023-2024
stu_ABSGH36082,16,My favorite soccer player is messi,24.0,positive,2023-2024
stu_SAOLH99639,9,a male,1.0,male,2023-2024
stu_NWRRC44615,17,i like games,31.0,positive,2023-2024
stu_NWRRC44615,17,i like games,24.0,positive,2023-2024
stu_MMZHT88458,11,i love being comfy,24.0,positive,2023-2024
stu_DJCZE13885,19,I dislike rude people.,44.0,negative,2023-2024
stu_DJCZE13885,19,I dislike rude people.,24.0,negative,2023-2024
stu_CLLRZ76280,5,My favorite subject is P.E,14.0,positive,2023-2024
stu_EXNUN73314,3,I am short,35.0,neutral,2023-2024
stu_FBOFA96484,5,i am a great person,40.0,positive,2023-2024
stu_CNIXS57234,8,I video games,28.0,neutral,2023-2024
stu_TRKWP48352,20,I like wendy's,24.0,positive,2023-2024
stu_UYFTQ45542,18,I am a person who shows respect,40.0,positive,2023-2024
stu_IZQGI75719,17,i like school,24.0,positive,2023-2024
stu_IZQGI75719,17,i like school,14.0,positive,2023-2024
stu_ROXAU39801,19,I am 12,4.0,12,2023-2024
stu_JVLXZ63894,20,classmate,14.0,neutral,2023-2024
stu_YXJEP22115,9,I am confident,45.0,positive,2023-2024
stu_YXJEP22115,9,I am confident,43.0,positive,2023-2024
stu_WEADW20158,11,i like playing with my little brother,31.0,positive,2023-2024
stu_WEADW20158,11,i like playing with my little brother,12.0,positive,2023-2024
stu_WEADW20158,11,i like playing with my little brother,24.0,positive,2023-2024
stu_KFYJM61476,8,My favorite ice cream is cotton candy.,24.0,positive,2023-2024
stu_TDURA35752,10,I am funny,46.0,positive,2023-2024
stu_PYEUW09959,18,I like to push myself,41.0,positive,2023-2024
stu_FWPPR22255,1,I am a good students,14.0,positive,2023-2024
stu_UEVQJ25414,19,im nonchalent,44.0,neutral,2023-2024
stu_CJHBB29429,10,My favorite color is blue,24.0,positive,2023-2024
stu_OCRTY88035,9,I am someone how loves apples.,24.0,positive,2023-2024
stu_VSSOO37726,15,I like yelling,31.0,positive,2023-2024
stu_VSSOO37726,15,I like yelling,24.0,positive,2023-2024
stu_AHWRN95528,13,I am someone who wants to speak Spanish and chinsese,25.0,neutral,2023-2024
stu_CQRFU18177,12,I don't like waking up early,31.0,negative,2023-2024
stu_CQRFU18177,12,I don't like waking up early,24.0,negative,2023-2024
stu_EJIML93711,10,I don't like division,25.0,negative,2023-2024
stu_EJIML93711,10,I don't like division,24.0,negative,2023-2024
stu_HBPKA70291,7,i have braids,35.0,neutral,2023-2024
stu_EUWJA76858,6,I like school.,24.0,positive,2023-2024
stu_EUWJA76858,6,I like school.,14.0,positive,2023-2024
stu_SQLXP95993,19,My favorite teachers of all time is my 5th grade 4th and 3rd,24.0,positive,2023-2024
stu_SQLXP95993,19,My favorite teachers of all time is my 5th grade 4th and 3rd,14.0,positive,2023-2024
stu_VUNQZ79892,1,[FIRST LAST NAME],5.0,none,2023-2024
stu_IGLSS89625,19,cfrvgbthyju,48.0,none,2023-2024
stu_YSQPA55709,12,im german,7.0,german,2023-2024
stu_CWQDV67579,13,i like shoes,30.0,positive,2023-2024
stu_CWQDV67579,13,i like shoes,24.0,positive,2023-2024
stu_SELBD60428,7,[FIRST LAST NAME],5.0,none,2023-2024
stu_WYTLH51489,12,I like cleaning,31.0,positive,2023-2024
stu_WYTLH51489,12,I like cleaning,24.0,positive,2023-2024
stu_GCHCS91000,5,I am a math learner,25.0,neutral,2023-2024
stu_EHLZF06092,7,I am a person who loves food.,24.0,positive,2023-2024
stu_IIOVZ06372,11,I like traveling,31.0,positive,2023-2024
stu_IIOVZ06372,11,I like traveling,24.0,positive,2023-2024
stu_ANAWT41929,11,I have 2 sister and 1 brother,12.0,neutral,2023-2024
stu_DUOEM76163,8,i have 2 brothers,12.0,neutral,2023-2024
stu_ZQMQQ26810,4,i dislike homework,14.0,negative,2023-2024
stu_EUWJA76858,2,I am a Student.,14.0,neutral,2023-2024
stu_MKGYA55892,12,who used to live in ecuaodor,7.0,lived in ecuador,2023-2024
stu_MZIVN56293,10,i am a peroson,21.0,none,2023-2024
stu_TFTDG28078,16,cook (practically Gordan Ramsey),31.0,positive,2023-2024
stu_SQLXP95993,9,My favorite is social studies,14.0,positive,2023-2024
stu_EQSJM78476,5,i am in honors ela,14.0,positive,2023-2024
stu_FBOFA96484,1,I am a brother,12.0,neutral,2023-2024
stu_FBOFA96484,1,I am a brother,2.0,boy,2023-2024
stu_OFWAG94272,13,I play soccer,29.0,neutral,2023-2024
stu_RFRYE74718,13,I am a leader,46.0,positive,2023-2024
stu_RFRYE74718,13,I am a leader,43.0,positive,2023-2024
stu_QQMSX84242,6,a student,14.0,neutral,2023-2024
stu_WWNBY52737,8,"I am 5'1"".",35.0,neutral,2023-2024
stu_VSSOO37726,16,I like my group in english,24.0,positive,2023-2024
stu_VSSOO37726,16,I like my group in english,14.0,positive,2023-2024
stu_DZJHT48666,1,A girl,2.0,girl,2023-2024
stu_KCRZD23226,4,I speak french,25.0,neutral,2023-2024
stu_KCRZD23226,4,I speak french,22.0,frenchspeaker,2023-2024
stu_DUOEM76163,7,My favorite number is 5,24.0,positive,2023-2024
stu_ZARRQ26344,19,im more of a pedro pascal fan,24.0,positive,2023-2024
stu_MZIVN56293,15,im in a jazz band,26.0,neutral,2023-2024
stu_SIWRL23181,3,i am kind,44.0,positive,2023-2024
stu_PXDPN73068,7,I'm Hatian,7.0,haitian,2023-2024
stu_XXEBH66449,4,I am a person who likes to sleep,31.0,positive,2023-2024
stu_XXEBH66449,4,I am a person who likes to sleep,24.0,positive,2023-2024
stu_FPTDO32773,12,a cousin,12.0,neutral,2023-2024
stu_UAFAK64772,6,dancer,26.0,neutral,2023-2024
stu_EXNUN73314,6,I am a math lover,25.0,positive,2023-2024
stu_EXNUN73314,6,I am a math lover,24.0,positive,2023-2024
stu_VENGZ10475,3,A smart teen,43.0,positive,2023-2024
stu_VENGZ10475,3,A smart teen,4.0,teen,2023-2024
stu_VENGZ10475,3,A smart teen,22.0,teen,2023-2024
stu_VENGZ10475,3,A smart teen,25.0,positive,2023-2024
stu_TRKWP48352,9,I am a person who like to play basketball,29.0,positive,2023-2024
stu_TRKWP48352,9,I am a person who like to play basketball,24.0,positive,2023-2024
stu_CPAQO78519,14,I am someone who likes to meet new people,44.0,positive,2023-2024
stu_CPAQO78519,14,I am someone who likes to meet new people,24.0,positive,2023-2024
stu_CHVFQ54169,4,I Have to sister.,12.0,neutral,2023-2024
stu_WAFQN21754,9,I am awesome,43.0,positive,2023-2024
stu_SBUBU63586,2,i am i kid,22.0,child,2023-2024
stu_SBUBU63586,2,i am i kid,4.0,child,2023-2024
stu_PUNZK45438,14,i am a son,12.0,neutral,2023-2024
stu_PUNZK45438,14,i am a son,2.0,boy,2023-2024
stu_PYEUW09959,19,Im an 8th grader,22.0,8thgrade,2023-2024
stu_PYEUW09959,19,Im an 8th grader,4.0,8thgrade,2023-2024
stu_PYEUW09959,19,Im an 8th grader,14.0,neutral,2023-2024
stu_OFWAG94272,15,I'm very tired,47.0,negative,2023-2024
stu_LKAAV41369,11,I like going outside,31.0,positive,2023-2024
stu_LKAAV41369,11,I like going outside,24.0,positive,2023-2024
stu_IIOVZ06372,10,I like christmas,24.0,positive,2023-2024
stu_KFYJM61476,13,I like to go outside.,31.0,positive,2023-2024
stu_KFYJM61476,13,I like to go outside.,24.0,positive,2023-2024
stu_PJCOJ15115,17,I am athletic,29.0,neutral,2023-2024
stu_QQMSX84242,19,a class clown,44.0,neutral,2023-2024
stu_QQMSX84242,19,a class clown,22.0,classclown,2023-2024
stu_QPHPK12517,6,im an basketball player,29.0,neutral,2023-2024
stu_JVLXZ63894,10,[TEACHER] student,14.0,neutral,2023-2024
stu_TSQUQ54202,4,I try my best.,41.0,positive,2023-2024
stu_LJAAE92948,14,I like music,24.0,positive,2023-2024
stu_WPVZY01902,5,i like hoodies,30.0,positive,2023-2024
stu_WPVZY01902,5,i like hoodies,24.0,positive,2023-2024
stu_NZWIU92234,11,My mom taught me how to cook.,31.0,nuetral,2023-2024
stu_NZWIU92234,11,My mom taught me how to cook.,12.0,neutral,2023-2024
stu_CDGKD03653,11,i like a girl in this school,14.0,positive,2023-2024
stu_CDGKD03653,11,i like a girl in this school,11.0,likesagirl,2023-2024
stu_NZWIU92234,1,i am female,1.0,female,2023-2024
stu_TDURA35752,16,I like spicy food,24.0,positive,2023-2024
stu_YNVPH88845,10,I love the show the Rookie,24.0,positive,2023-2024
stu_WHBZD81732,10,yes,48.0,none,2023-2024
stu_HMQRZ27503,13,I learned my five one,48.0,neutral,2023-2024
stu_NXWSI70882,8,A person who gets addicted to fun side activities in a learning game.,45.0,nuetral,2023-2024
stu_NXWSI70882,8,A person who gets addicted to fun side activities in a learning game.,25.0,neutral,2023-2024
stu_CWQDV67579,17,I like roblox,27.0,positive,2023-2024
stu_CWQDV67579,17,I like roblox,24.0,positive,2023-2024
stu_KWMWG76590,11,i like watching  movies,31.0,positive,2023-2024
stu_KWMWG76590,11,i like watching  movies,24.0,positive,2023-2024
stu_EHLZF06092,2,I am a bundle joy,45.0,positive,2023-2024
stu_VNSDU81090,15,i have 1 brother,12.0,neutral,2023-2024
stu_QQAHK93946,16,I want to travel to Japan when I am older,33.0,none,2023-2024
stu_IDHIE84911,18,and ilove haiti foude,24.0,positive,2023-2024
stu_JERPG96865,7,i like small games you can just take a break on,31.0,positive,2023-2024
stu_JERPG96865,7,i like small games you can just take a break on,24.0,positive,2023-2024
stu_MYCLF44200,9,I like coryxkenshin.,27.0,positive,2023-2024
stu_MYCLF44200,9,I like coryxkenshin.,24.0,positive,2023-2024
stu_WRQAA62017,11,I am friendly,44.0,positive,2023-2024
stu_JVLXZ63894,19,student,14.0,neutral,2023-2024
stu_QQAHK93946,15,I love my family,24.0,positive,2023-2024
stu_QQAHK93946,15,I love my family,12.0,positive,2023-2024
stu_EJIML93711,12,I like roblox,27.0,positive,2023-2024
stu_EJIML93711,12,I like roblox,24.0,positive,2023-2024
stu_BCRYB29652,19,I like shorts,30.0,positive,2023-2024
stu_BCRYB29652,19,I like shorts,24.0,positive,2023-2024
stu_LKAAV41369,14,i like music,24.0,positive,2023-2024
stu_CPBCK00658,17,I like light skin people,24.0,positive,2023-2024
stu_NJZBY59884,10,i like hanging out wit family and friends,31.0,positive,2023-2024
stu_NJZBY59884,10,i like hanging out wit family and friends,10.0,positive,2023-2024
stu_NJZBY59884,10,i like hanging out wit family and friends,12.0,positive,2023-2024
stu_NJZBY59884,10,i like hanging out wit family and friends,24.0,positive,2023-2024
stu_CAGAM03126,2,I am a person who loves to read.,25.0,positive,2023-2024
stu_CAGAM03126,2,I am a person who loves to read.,24.0,positive,2023-2024
stu_VGJIS59600,15,I like Marigold and roses,24.0,positive,2023-2024
stu_CNIFN64507,14,im britsh,7.0,british,2023-2024
stu_XKMAG80800,2,Artist,26.0,neutral,2023-2024
stu_UYFTQ45542,6,I am a potential body builder,29.0,neutral,2023-2024
stu_OIYXZ27717,6,I am someone who likes ice cream,24.0,positive,2023-2024
stu_FHADA27602,15,i am cape verdan.,7.0,cape verdean,2023-2024
stu_PJCOJ15115,8,I am the oldest sibling,12.0,neutral,2023-2024
stu_PYEUW09959,9,my favorite food is crab rangoon,24.0,positive,2023-2024
stu_VUNQZ79892,4,im a catlover,24.0,positive,2023-2024
stu_YBWGX96937,6,i not like SCIENCE,25.0,negative,2023-2024
stu_YBWGX96937,6,i not like SCIENCE,24.0,negative,2023-2024
stu_JVLXZ63894,9,[TEACHER] student,14.0,neutral,2023-2024
stu_JUQPD47363,3,I am a finalist in eventing on horses.,29.0,positive,2023-2024
stu_CPAQO78519,17,I am someone who is kind,44.0,positive,2023-2024
stu_FVHVM49769,1,Im a brother,12.0,neutral,2023-2024
stu_FVHVM49769,1,Im a brother,2.0,boy,2023-2024
stu_XXEBH66449,8,I am a student,14.0,neutral,2023-2024
stu_KCDEU07486,4,I love track,29.0,positive,2023-2024
stu_KCDEU07486,4,I love track,24.0,positive,2023-2024
stu_WPVZY01902,12,I like walk cat,31.0,positive,2023-2024
stu_WPVZY01902,12,I like walk cat,24.0,positive,2023-2024
stu_JVLXZ63894,3,science student,14.0,neutral,2023-2024
stu_MZIVN56293,20,i am light skin,6.0,light skin,2023-2024
stu_CINVJ49388,9,tom clancy rainbow six siege player,28.0,neutral,2023-2024
stu_CLLRZ76280,16,My favorite food is corn,24.0,positive,2023-2024
stu_FNVBP19615,18,I like to party.,31.0,positive,2023-2024
stu_FNVBP19615,18,I like to party.,24.0,positive,2023-2024
stu_HXXCS05602,17,i'm kind,44.0,positive,2023-2024
stu_PXDPN73068,10,I practice basketball,29.0,neutral,2023-2024
stu_FBWGP41232,4,l' m a student at [SCHOOL NAME],14.0,neutral,2023-2024
stu_RUBQU39803,1,I am an 11 year old girl,4.0,11,2023-2024
stu_RUBQU39803,1,I am an 11 year old girl,2.0,girl,2023-2024
stu_WHBZD81732,18,yes i like gym,24.0,positive,2023-2024
stu_WHBZD81732,18,yes i like gym,14.0,positive,2023-2024
stu_ZYUDW82089,12,i like chicken,24.0,positive,2023-2024
stu_EQSJM78476,20,i know how to drive,43.0,positive,2023-2024
stu_EQSJM78476,20,i know how to drive,31.0,neutral,2023-2024
stu_PJCOJ15115,5,I am loyal,44.0,positive,2023-2024
stu_XSQUV53095,11,I AM [FIRST NAME] A BAKER,31.0,neutral,2023-2024
stu_XSQUV53095,11,I AM [FIRST NAME] A BAKER,5.0,neutral,2023-2024
stu_CPBCK00658,7,I like to play,31.0,positive,2023-2024
stu_CPBCK00658,7,I like to play,24.0,positive,2023-2024
stu_ROXAU39801,18,I am a boy,2.0,boy,2023-2024
stu_CWJCN88700,4,I am in love with chinese food,24.0,positive,2023-2024
stu_WHBZD81732,11,blue,48.0,neutral,2023-2024
stu_LVOOZ80056,15,I am a sister.,12.0,neutral,2023-2024
stu_LVOOZ80056,15,I am a sister.,2.0,girl,2023-2024
stu_LJAAE92948,4,I'm an athlete,29.0,neutral,2023-2024
stu_OFWAG94272,14,I dislike football,29.0,negative,2023-2024
stu_OFWAG94272,14,I dislike football,24.0,negative,2023-2024
stu_CTAZU65504,20,I am shy,44.0,neutral,2023-2024
stu_PKXZK94759,8,I love my hair,35.0,positive,2023-2024
stu_NWRRC44615,8,my favorite color is blue and pearl white,24.0,positive,2023-2024
stu_TSQUQ54202,20,I am who I am.,19.0,none,2023-2024
stu_SQLXP95993,2,I'm from Cabo Verde,7.0,cape verdean,2023-2024
stu_FNVBP19615,16,I dont like being a bother.,12.0,negative,2023-2024
stu_RUZUK44953,3,I am a person who is good at math,25.0,positive,2023-2024
stu_UEDQL23543,11,like kids,24.0,positive,2023-2024
stu_NMWSA27732,19,I'm white,6.0,white,2023-2024
stu_NJZBY59884,4,"i have black,brown hair",35.0,neutral,2023-2024
stu_LKAAV41369,6,I love water,24.0,positive,2023-2024
stu_CPBCK00658,12,I like to put gloss on my lips,30.0,positive,2023-2024
stu_CPBCK00658,12,I like to put gloss on my lips,24.0,positive,2023-2024
stu_HLKZL24322,9,a swimmer,29.0,neutral,2023-2024
stu_NZWIU92234,12,I have good grades,14.0,positive,2023-2024
stu_FSPCV10901,2,I am a 11 year old girl.,4.0,11,2023-2024
stu_FSPCV10901,2,I am a 11 year old girl.,2.0,girl,2023-2024
stu_CULOH75877,8,I am helpful,44.0,positive,2023-2024
stu_FQKSK24193,13,my favorite year was 2016 summer,24.0,positive,2023-2024
stu_FTOYB42084,20,im a funny person,46.0,positive,2023-2024
stu_FTOYB42084,20,im a funny person,21.0,none,2023-2024
stu_KJOZZ30475,10,I speak Portuguese.,25.0,neutral,2023-2024
stu_KJOZZ30475,10,I speak Portuguese.,22.0,speaksportuguese,2023-2024
stu_IKUOQ66846,8,I'm straight A student,14.0,positive,2023-2024
stu_QFXDD68186,13,I like too do my hair,30.0,positive,2023-2024
stu_QFXDD68186,13,I like too do my hair,24.0,positive,2023-2024
stu_QEGJI54214,3,i am a chicken lover,24.0,positive,2023-2024
stu_CNIXS57234,11,I don't like test,24.0,negative,2023-2024
stu_CNIXS57234,11,I don't like test,14.0,negative,2023-2024
stu_CDGKD03653,15,i have a nike tech,32.0,none,2023-2024
stu_AQNHF52456,4,business owner,13.0,neutral,2023-2024
stu_UEYTM01990,12,I play softball,29.0,neutral,2023-2024
stu_GXIYC47970,6,i am ecuadorian,7.0,ecuadorian,2023-2024
stu_CQRFU18177,7,I'm a nice person,44.0,positive,2023-2024
stu_CQRFU18177,7,I'm a nice person,21.0,none,2023-2024
stu_XKMAG80800,18,Trump supporter.,15.0,trump supporter,2023-2024
stu_FTOYB42084,8,im a sports lover,29.0,positive,2023-2024
stu_FTOYB42084,8,im a sports lover,24.0,positive,2023-2024
stu_WHBZD81732,1,i dont like math,25.0,negative,2023-2024
stu_WHBZD81732,1,i dont like math,24.0,negative,2023-2024
stu_OAZKI17777,6,[LETTER OF NAME],5.0,none,2023-2024
stu_KCDEU07486,1,I am a girl,2.0,girl,2023-2024
stu_HLKZL24322,7,a soccer player,29.0,neutral,2023-2024
stu_QACJQ31561,4,i like volleyball,29.0,positive,2023-2024
stu_QACJQ31561,4,i like volleyball,24.0,positive,2023-2024
stu_ZUARE93356,5,My favorite subject in school is math,14.0,positive,2023-2024
stu_QFXDD68186,9,I dont like math,25.0,negative,2023-2024
stu_QFXDD68186,9,I dont like math,24.0,negative,2023-2024
stu_YXJEP22115,18,I am short,35.0,neutral,2023-2024
stu_CPAQO78519,6,I am someone that learn quick,43.0,positive,2023-2024
stu_LJAAE92948,6,I play soccer,29.0,neutral,2023-2024
stu_CPAQO78519,2,I am a person who loves baby blue,24.0,positive,2023-2024
stu_MMNSJ38829,20,I don't like school.,14.0,negative,2023-2024
stu_ZYUDW82089,19,i am a [SCHOOL NAME MASCOT],14.0,neutral,2023-2024
stu_KWLPL21630,9,I like to sleep.,31.0,positive,2023-2024
stu_KWLPL21630,9,I like to sleep.,24.0,positive,2023-2024
stu_NZWIU92234,18,I babysit my neice's,31.0,neutral,2023-2024
stu_NZWIU92234,18,I babysit my neice's,12.0,neutral,2023-2024
stu_MMZHT88458,10,i love drawing,26.0,positive,2023-2024
stu_MMZHT88458,10,i love drawing,24.0,positive,2023-2024
stu_AQNHF52456,11,kind,44.0,positive,2023-2024
stu_BESSB35006,18,my skin color is brown,6.0,brown,2023-2024
stu_CDXSC86692,12,I am the person that likes to go to places,31.0,positive,2023-2024
stu_CDXSC86692,12,I am the person that likes to go to places,24.0,positive,2023-2024
stu_IZQGI75719,5,i like volleyball,29.0,positive,2023-2024
stu_IZQGI75719,5,i like volleyball,24.0,positive,2023-2024
stu_YPZIM54297,7,I am a independent child,41.0,positive,2023-2024
stu_YPZIM54297,7,I am a independent child,12.0,positive,2023-2024
stu_EUWJA76858,15,I like doing my nails.,30.0,positive,2023-2024
stu_EUWJA76858,15,I like doing my nails.,24.0,positive,2023-2024
stu_QQAHK93946,11,I have 3 sisters and 1 brother,12.0,neutral,2023-2024
stu_CDGKD03653,3,i am african,7.0,african,2023-2024
stu_ROXAU39801,10,I am honors academy student,14.0,positive,2023-2024
stu_EHXGF51692,13,I am [FIRST LAST NAME],5.0,none,2023-2024
stu_BDAZF88230,17,I am a person who loves cooking,31.0,positive,2023-2024
stu_BDAZF88230,17,I am a person who loves cooking,24.0,positive,2023-2024
stu_YSQPA55709,6,im a gamer,28.0,neutral,2023-2024
stu_NWVEW24693,1,Girl,2.0,girl,2023-2024
stu_IGWBR81023,13,im going to bahams in may,31.0,neutral,2023-2024
stu_CWJCN88700,17,I am the middle child on my dad side,22.0,middlechild,2023-2024
stu_CWJCN88700,17,I am the middle child on my dad side,12.0,neutral,2023-2024
stu_ZYUDW82089,7,someone who needs glasses,35.0,neutral,2023-2024
stu_WRQAA62017,8,Im smart,43.0,positive,2023-2024
stu_WRQAA62017,8,Im smart,25.0,positive,2023-2024
stu_JTZYY08754,20,"I like art, music, food, reading books, and I love an hate Math",31.0,positive,2023-2024
stu_JTZYY08754,20,"I like art, music, food, reading books, and I love an hate Math",24.0,positive,2023-2024
stu_JTZYY08754,20,"I like art, music, food, reading books, and I love an hate Math",25.0,positive,2023-2024
stu_JTZYY08754,20,"I like art, music, food, reading books, and I love an hate Math",26.0,positive,2023-2024
stu_CULOH75877,12,I play volleyball,29.0,neutral,2023-2024
stu_AHWRN95528,8,I am someone who loves my parents,24.0,positive,2023-2024
stu_AHWRN95528,8,I am someone who loves my parents,12.0,positive,2023-2024
stu_LNFOE66635,17,im good looking,35.0,positive,2023-2024
stu_FTOYB42084,13,im a clean person,44.0,positive,2023-2024
stu_HBPKA70291,3,funny,46.0,positive,2023-2024
stu_IZQGI75719,8,i have no pets,32.0,negative,2023-2024
stu_ZUARE93356,18,I want a pet dog,33.0,none,2023-2024
stu_MXNSF14478,10,"I have bad hearing and always say ""huh""",44.0,negative,2023-2024
stu_PSHZT50501,15,I am a person who enjoys making art,26.0,positive,2023-2024
stu_PSHZT50501,15,I am a person who enjoys making art,24.0,positive,2023-2024
stu_WQGUY90279,18,I'm good at math,25.0,positive,2023-2024
stu_FSPCV10901,5,I am in the Honors Academy.,14.0,positive,2023-2024
stu_GXIYC47970,4,I am someone who likes to eat chiken,31.0,positive,2023-2024
stu_GXIYC47970,4,I am someone who likes to eat chiken,24.0,positive,2023-2024
stu_JUQPD47363,6,I am the oldest child.,22.0,oldestchild,2023-2024
stu_JUQPD47363,6,I am the oldest child.,12.0,neutral,2023-2024
stu_WXAMH04104,18,my favorite subject is math,14.0,positive,2023-2024
stu_UJNMI16598,13,Tall,35.0,neutral,2023-2024
stu_TSQUQ54202,6,I am [FIRST NAME].,5.0,none,2023-2024
stu_LVOOZ80056,20,I am smart.,43.0,positive,2023-2024
stu_LVOOZ80056,20,I am smart.,25.0,positive,2023-2024
stu_ERQCY81201,11,I am a girl who doesnt like math but understands and somewhat good at it.,25.0,neutral,2023-2024
stu_ERQCY81201,11,I am a girl who doesnt like math but understands and somewhat good at it.,2.0,girl,2023-2024
stu_THKBG93560,10,I'm one of 10 kids in my family,12.0,neutral,2023-2024
stu_OMSFY97090,10,im a students,14.0,neutral,2023-2024
stu_NRKZA72454,10,I am a introvert.,44.0,neutral,2023-2024
stu_LDUML32113,14,i like basketball,29.0,positive,2023-2024
stu_LDUML32113,14,i like basketball,24.0,positive,2023-2024
stu_NKHRJ04957,18,I almost like starawberry,24.0,positive,2023-2024
stu_QFXDD68186,5,I'm [FIRST NAME].,5.0,none,2023-2024
stu_UEDQL23543,3,female,1.0,female,2023-2024
stu_GCHCS91000,7,i am a fortnite player,28.0,neutral,2023-2024
stu_HVWUJ52450,16,i like snapchat,24.0,positive,2023-2024
stu_KCRZD23226,20,I from Haiti,7.0,haitian,2023-2024
stu_FPTDO32773,10,Black,6.0,black,2023-2024
stu_CWJCN88700,19,I am obsessed with bracelets,30.0,positive,2023-2024
stu_CPVXX19825,19,I like to go to the beach,31.0,positive,2023-2024
stu_CPVXX19825,19,I like to go to the beach,24.0,positive,2023-2024
stu_MKGYA55892,7,music,48.0,none,2023-2024
stu_KCDEU07486,10,I am a sibling,12.0,neutral,2023-2024
stu_FUILC09238,7,i play sports,29.0,neutral,2023-2024
stu_UTXBZ05806,10,i am someone who likes cars,24.0,positive,2023-2024
stu_FPTDO32773,2,Sister,12.0,neutral,2023-2024
stu_FPTDO32773,2,Sister,2.0,girl,2023-2024
stu_ANQAT24428,19,i like to go to the park,31.0,positive,2023-2024
stu_ANQAT24428,19,i like to go to the park,24.0,positive,2023-2024
stu_FPTDO32773,1,Daughter,12.0,neutral,2023-2024
stu_FPTDO32773,1,Daughter,2.0,girl,2023-2024
stu_ABSGH36082,11,My favorite color is red,24.0,positive,2023-2024
stu_XHGVP79664,1,A girl,2.0,girl,2023-2024
stu_FPTDO32773,8,Trinidadian,7.0,trinidadian,2023-2024
stu_LDUML32113,10,i play dark souls games (a lot),28.0,neutral,2023-2024
stu_ANAWT41929,6,I love shoes,30.0,positive,2023-2024
stu_ANAWT41929,6,I love shoes,24.0,positive,2023-2024
stu_CETOG17008,19,scholar,25.0,positive,2023-2024
stu_KOUYR40301,13,I absolutely love Wingstop,24.0,positive,2023-2024
stu_DZJHT48666,18,I want more friends,33.0,neutral,2023-2024
stu_DZJHT48666,18,I want more friends,10.0,neutral,2023-2024
stu_DHTXQ91573,8,I am a students from 6 grades,22.0,6thgrade,2023-2024
stu_DHTXQ91573,8,I am a students from 6 grades,4.0,6thgrade,2023-2024
stu_DHTXQ91573,8,I am a students from 6 grades,14.0,neutral,2023-2024
stu_VGJIS59600,5,I love macarons and lasagna,24.0,positive,2023-2024
stu_FUILC09238,12,i don't like science,25.0,negative,2023-2024
stu_FUILC09238,12,i don't like science,24.0,negative,2023-2024
stu_NMWSA27732,15,I like dogs,24.0,positive,2023-2024
stu_WXAMH04104,19,my second favorite color is blue,24.0,positive,2023-2024
stu_QACJQ31561,5,my fav animal is a cat,24.0,positive,2023-2024
stu_XSQUV53095,14,I AM [FIRST NAME] A MUSIC LOVER,26.0,positive,2023-2024
stu_XSQUV53095,14,I AM [FIRST NAME] A MUSIC LOVER,5.0,none,2023-2024
stu_XSQUV53095,14,I AM [FIRST NAME] A MUSIC LOVER,24.0,positive,2023-2024
stu_KJOZZ30475,11,I'm not athletic,29.0,negative,2023-2024
stu_PSHPN85751,2,i like science,25.0,positive,2023-2024
stu_PSHPN85751,2,i like science,24.0,positive,2023-2024
stu_CINVJ49388,2,caring,45.0,positive,2023-2024
stu_JPMJO86637,8,i'm stylish,46.0,positive,2023-2024
stu_THKBG93560,7,I'm a Video gamer,28.0,neutral,2023-2024
stu_NKHRJ04957,15,I like chicken,24.0,positive,2023-2024
stu_QFXDD68186,19,I like to get things,32.0,positive,2023-2024
stu_QFXDD68186,19,I like to get things,24.0,positive,2023-2024
stu_ZYUDW82089,8,a Pakistani American,6.0,pakistani,2023-2024
stu_QOGPO20181,2,l'm 12 years old,4.0,12,2023-2024
stu_JPMJO86637,10,i'm a tik Toker,27.0,neutral,2023-2024
stu_PUNZK45438,2,i play football,29.0,neutral,2023-2024
stu_CPAQO78519,7,I am someone who loves shopping,30.0,positive,2023-2024
stu_CPAQO78519,7,I am someone who loves shopping,24.0,positive,2023-2024
stu_UHXBA77476,2,I am a 6th grade student,22.0,6thgrade,2023-2024
stu_UHXBA77476,2,I am a 6th grade student,4.0,6thgrade,2023-2024
stu_UHXBA77476,2,I am a 6th grade student,14.0,neutral,2023-2024
stu_PUHUL75671,1,student,14.0,neutral,2023-2024
stu_NYHDW07721,18,Lauryn Hill fan,26.0,positive,2023-2024
stu_NYHDW07721,18,Lauryn Hill fan,24.0,positive,2023-2024
stu_NRKZA72454,17,I love water.,24.0,positive,2023-2024
stu_NXWSI70882,12,A [DISTRICT NAME] student,14.0,neutral,2023-2024
stu_WQGUY90279,14,I hate reading,25.0,negative,2023-2024
stu_WQGUY90279,14,I hate reading,24.0,negative,2023-2024
stu_QOGPO20181,8,l help people with work,44.0,positive,2023-2024
stu_QOGPO20181,8,l help people with work,41.0,positive,2023-2024
stu_NWRRC44615,7,im brazilan and cape verdean,7.0,brazilian and cape verdean,2023-2024
stu_PKXZK94759,20,I love skincare,30.0,positive,2023-2024
stu_PKXZK94759,20,I love skincare,24.0,positive,2023-2024
stu_HVWUJ52450,12,i like numbers,24.0,positive,2023-2024
stu_VSSOO37726,6,I like all the people at my school,14.0,positive,2023-2024
stu_BDAZF88230,13,I am a person who takes accountability for their actions,41.0,positive,2023-2024
stu_VGJIS59600,2,My first languages are french and haitian creole,25.0,neutral,2023-2024
stu_VGJIS59600,2,My first languages are french and haitian creole,22.0,multilingual,2023-2024
stu_UYUIH18635,5,I like shopping,30.0,positive,2023-2024
stu_UYUIH18635,5,I like shopping,24.0,positive,2023-2024
stu_KWMWG76590,14,i help my mom with stuff,31.0,nuetral,2023-2024
stu_KWMWG76590,14,i help my mom with stuff,12.0,neutral,2023-2024
stu_THKBG93560,1,I'm a 11-year-old male,4.0,11,2023-2024
stu_THKBG93560,1,I'm a 11-year-old male,1.0,male,2023-2024
stu_NZWIU92234,6,i like watching ginny&gerioga on netflix,31.0,positive,2023-2024
stu_NZWIU92234,6,i like watching ginny&gerioga on netflix,24.0,positive,2023-2024
stu_NWRRN03456,14,"I speak four languages such as French, Haitian creole, English and Spanish.",25.0,neutral,2023-2024
stu_NWRRN03456,14,"I speak four languages such as French, Haitian creole, English and Spanish.",22.0,multilingual,2023-2024
stu_AHWRN95528,18,I am someone who likes talking,44.0,positive,2023-2024
stu_AHWRN95528,18,I am someone who likes talking,24.0,positive,2023-2024
stu_ORUUL82324,16,I don't like exercise,29.0,negative,2023-2024
stu_ORUUL82324,16,I don't like exercise,24.0,negative,2023-2024
stu_RNIHY62490,20,I have 6 shoes,32.0,none,2023-2024
stu_JTZYY08754,8,I hate games,31.0,negative,2023-2024
stu_JTZYY08754,8,I hate games,24.0,negative,2023-2024
stu_MIJEQ06664,10,I like to eat,31.0,positive,2023-2024
stu_MIJEQ06664,10,I like to eat,24.0,positive,2023-2024
stu_EUWJA76858,12,I like soccer.,29.0,positive,2023-2024
stu_EUWJA76858,12,I like soccer.,24.0,positive,2023-2024
stu_HMQRZ27503,18,I am a sigma,43.0,positive,2023-2024
stu_UJNMI16598,17,Brothers sister,12.0,neutral,2023-2024
stu_UJNMI16598,17,Brothers sister,2.0,girl,2023-2024
stu_MTCIM85775,7,I am an honors academy student,14.0,positive,2023-2024
stu_UEYTM01990,4,Math is my favorite,14.0,positive,2023-2024
stu_RNIHY62490,13,I am an honors student,14.0,positive,2023-2024
stu_UEVQJ25414,4,a entrupreuner,13.0,neutral,2023-2024
stu_NKHRJ04957,2,Im a 6th grade student,22.0,6thgrade,2023-2024
stu_NKHRJ04957,2,Im a 6th grade student,4.0,6thgrade,2023-2024
stu_NKHRJ04957,2,Im a 6th grade student,14.0,neutral,2023-2024
stu_ZQMQQ26810,3,i hate school,24.0,negative,2023-2024
stu_ZQMQQ26810,3,i hate school,14.0,negative,2023-2024
stu_MZIVN56293,12,i play alto sax,26.0,neutral,2023-2024
stu_CWJCN88700,12,"I am 5,2",35.0,neutral,2023-2024
stu_FPTDO32773,6,6th grader,22.0,6thgrade,2023-2024
stu_FPTDO32773,6,6th grader,4.0,6thgrade,2023-2024
stu_FPTDO32773,6,6th grader,14.0,neutral,2023-2024
stu_PUNZK45438,3,I like basketball player,29.0,positive,2023-2024
stu_PUNZK45438,3,I like basketball player,24.0,positive,2023-2024
stu_KGOWI06896,12,I like to play sports,29.0,positive,2023-2024
stu_KGOWI06896,12,I like to play sports,24.0,positive,2023-2024
stu_JOKOV89559,4,I am someone who is a sister,12.0,neutral,2023-2024
stu_JOKOV89559,4,I am someone who is a sister,2.0,girl,2023-2024
stu_ZUARE93356,3,I like Haitian rice,24.0,positive,2023-2024
stu_RSKDK68207,11,I love to make lists about special events.,31.0,positive,2023-2024
stu_RSKDK68207,11,I love to make lists about special events.,24.0,positive,2023-2024
stu_UEYTM01990,2,I play volleyball,29.0,neutral,2023-2024
stu_UEVQJ25414,12,i play ball,29.0,neutral,2023-2024
stu_SELBD60428,9,[FIRST LAST NAME],5.0,none,2023-2024
stu_DKGHS98193,7,im dominican and venezuelan,7.0,dominican and venezuelan,2023-2024
stu_TFTDG28078,15,traveler,31.0,neutral,2023-2024
stu_CWQDV67579,7,I am good at math,25.0,positive,2023-2024
stu_MXNSF14478,8,I have good friends,10.0,positive,2023-2024
stu_WDDQQ92015,14,i am a student,14.0,neutral,2023-2024
stu_CPVXX19825,2,I play football,29.0,neutral,2023-2024
stu_SOWGI28002,12,I am someone who loves to travel,31.0,positive,2023-2024
stu_SOWGI28002,12,I am someone who loves to travel,24.0,positive,2023-2024
stu_CPVXX19825,4,I am a [SCHOOL NAME] student,14.0,neutral,2023-2024
stu_TDURA35752,5,I am a cat owner,32.0,none,2023-2024
stu_SAOLH99639,1,a little boy,22.0,child,2023-2024
stu_SAOLH99639,1,a little boy,2.0,boy,2023-2024
stu_EXNUN73314,19,I am scared of horror movies,45.0,negative,2023-2024
stu_EHLZF06092,19,I love Bryson Tiller,24.0,positive,2023-2024
stu_EUWJA76858,9,I like hanging out with my cousins.,31.0,positive,2023-2024
stu_EUWJA76858,9,I like hanging out with my cousins.,12.0,positive,2023-2024
stu_EUWJA76858,9,I like hanging out with my cousins.,24.0,positive,2023-2024
stu_RDPGG44681,4,I am confident,45.0,positive,2023-2024
stu_RDPGG44681,4,I am confident,43.0,positive,2023-2024
stu_PUNZK45438,17,i like to sleep,31.0,positive,2023-2024
stu_PUNZK45438,17,i like to sleep,24.0,positive,2023-2024
stu_YPZIM54297,1,I am someone who likes singimg,26.0,positive,2023-2024
stu_YPZIM54297,1,I am someone who likes singimg,24.0,positive,2023-2024
stu_MIJEQ06664,2,I am sweet,44.0,positive,2023-2024
stu_LDUML32113,2,a nice person,44.0,positive,2023-2024
stu_LDUML32113,2,a nice person,21.0,none,2023-2024
stu_HLKZL24322,12,a an amine,48.0,none,2023-2024
stu_WEADW20158,2,im 11 years old,4.0,11,2023-2024
stu_UHXBA77476,19,I like flowers,24.0,positive,2023-2024
stu_FVHVM49769,7,i have 2 parents,12.0,neutral,2023-2024
stu_LNFOE66635,13,im kinda short,35.0,neutral,2023-2024
stu_HVWUJ52450,15,i like science,25.0,positive,2023-2024
stu_HVWUJ52450,15,i like science,24.0,positive,2023-2024
stu_IGLSS89625,12,i like friend,24.0,positive,2023-2024
stu_IGLSS89625,12,i like friend,10.0,positive,2023-2024
stu_LVOOZ80056,6,I am a black short girl.,35.0,neutral,2023-2024
stu_LVOOZ80056,6,I am a black short girl.,2.0,girl,2023-2024
stu_LVOOZ80056,6,I am a black short girl.,6.0,black,2023-2024
stu_QHOON52054,19,I am a believer,45.0,positive,2023-2024
stu_YGBLH44260,3,I am somebody who enjoys being rewarded for hard work.,41.0,positive,2023-2024
stu_OAZKI17777,11,[LETTER OF NAME],5.0,none,2023-2024
stu_JUQPD47363,19,I am looking forward to this study.,47.0,positive,2023-2024
stu_KWMWG76590,12,i like spending time with family,31.0,positive,2023-2024
stu_KWMWG76590,12,i like spending time with family,12.0,positive,2023-2024
stu_KWMWG76590,12,i like spending time with family,24.0,positive,2023-2024
stu_HXXCS05602,19,i'm a friend,10.0,neutral,2023-2024
stu_RUZUK44953,9,I am a person who is in Honors classes,14.0,positive,2023-2024
stu_VFKRH03938,14,i am a funny person,46.0,positive,2023-2024
stu_VFKRH03938,14,i am a funny person,21.0,none,2023-2024
stu_KGOWI06896,13,I like Five Nights at Freddy's,24.0,positive,2023-2024
stu_SOWGI28002,8,I am someone who loves to talk,45.0,positive,2023-2024
stu_SOWGI28002,8,I am someone who loves to talk,24.0,positive,2023-2024
stu_WAFQN21754,8,I am cool,46.0,positive,2023-2024
stu_OMSFY97090,11,im a students,14.0,neutral,2023-2024
stu_HVWUJ52450,6,i play sports,29.0,neutral,2023-2024
stu_SJNFF34466,5,broken up parents,12.0,neutral,2023-2024
stu_CQRFU18177,2,I like game,31.0,positive,2023-2024
stu_CQRFU18177,2,I like game,24.0,positive,2023-2024
stu_FBOFA96484,8,i am a athlete,29.0,neutral,2023-2024
stu_GXIYC47970,11,i am someone who got friends,10.0,positive,2023-2024
stu_LTSJK02079,5,My favorite color is yellow,24.0,positive,2023-2024
stu_QEGJI54214,20,my first language was creole,25.0,neutral,2023-2024
stu_QEGJI54214,20,my first language was creole,22.0,creolespeaker,2023-2024
stu_CDXSC86692,18,i am the person that plays with dogs every time i see them,44.0,positive,2023-2024
stu_UEVQJ25414,3,im 5 foot 4,35.0,neutral,2023-2024
stu_FWPPR22255,13,I like phone,27.0,positive,2023-2024
stu_FWPPR22255,13,I like phone,24.0,positive,2023-2024
stu_KCRZD23226,18,I like going to the party,31.0,positive,2023-2024
stu_KCRZD23226,18,I like going to the party,24.0,positive,2023-2024
stu_PUHUL75671,11,like christmas,24.0,positive,2023-2024
stu_SOWGI28002,10,I am someone who loves their family,24.0,positive,2023-2024
stu_SOWGI28002,10,I am someone who loves their family,12.0,positive,2023-2024
stu_CJHBB29429,19,I like churros,24.0,positive,2023-2024
stu_CINVJ49388,1,calm,45.0,positive,2023-2024
stu_EHXGF51692,15,I am a picky eater........,36.0,neutral,2023-2024
stu_ANQAT24428,7,who is one youngest in my class,14.0,neutral,2023-2024
stu_ANQAT24428,7,who is one youngest in my class,4.0,young,2023-2024
stu_QFXDD68186,12,I like to run,29.0,positive,2023-2024
stu_QFXDD68186,12,I like to run,24.0,positive,2023-2024
stu_FUILC09238,13,i don't like math,25.0,negative,2023-2024
stu_FUILC09238,13,i don't like math,24.0,negative,2023-2024
stu_MKGYA55892,1,ecuadorian,7.0,ecuadorian,2023-2024
stu_JVLXZ63894,1,math student,14.0,neutral,2023-2024
stu_VKCWY07846,15,im always tired,45.0,negative,2023-2024
stu_NKHRJ04957,13,I am 12,4.0,12,2023-2024
stu_VFKRH03938,17,i am a sneaker head,30.0,neutral,2023-2024
stu_VTRUH97046,10,My favorite song is marvins room by drake.,24.0,positive,2023-2024
stu_JPMJO86637,1,[FIRST NAME],5.0,none,2023-2024
stu_WPVZY01902,7,I dont like waking up at 6,31.0,negative,2023-2024
stu_WPVZY01902,7,I dont like waking up at 6,24.0,negative,2023-2024
stu_PFDTL78462,1,I like sports like Volleyball and Soccer.,29.0,positive,2023-2024
stu_PFDTL78462,1,I like sports like Volleyball and Soccer.,24.0,positive,2023-2024
stu_WYTLH51489,7,I like sleeping,31.0,positive,2023-2024
stu_WYTLH51489,7,I like sleeping,24.0,positive,2023-2024
stu_EXNUN73314,12,I am nice,44.0,positive,2023-2024
stu_QEGJI54214,13,i am a tiktok lover,27.0,positive,2023-2024
stu_QEGJI54214,13,i am a tiktok lover,24.0,positive,2023-2024
stu_EUWJA76858,13,I like food.,24.0,positive,2023-2024
stu_KCDEU07486,5,I am good at reading,25.0,positive,2023-2024
stu_ECYEC76336,9,I am a person who has long wavy hair,35.0,neutral,2023-2024
stu_NXWSI70882,9,A person who wants to be an engineer,13.0,positive,2023-2024
stu_CTAZU65504,12,I am independent,41.0,positive,2023-2024
stu_QQMSX84242,14,an african american,6.0,african-american,2023-2024
stu_PJCOJ15115,10,I am a tik tok user,27.0,neutral,2023-2024
stu_ECYEC76336,3,I am the oldest of 4 kids,12.0,neutral,2023-2024
stu_EHXGF51692,8,I am a bit of a gamer.,28.0,neutral,2023-2024
stu_KGOWI06896,14,I like my family,24.0,positive,2023-2024
stu_KGOWI06896,14,I like my family,12.0,positive,2023-2024
stu_RNIHY62490,8,I am from Nigera,7.0,nigerian,2023-2024
stu_WYTLH51489,1,I am [FIRST NAME],5.0,none,2023-2024
stu_YPZIM54297,19,I am a person who loves phisical touch like huging,45.0,positive,2023-2024
stu_YPZIM54297,19,I am a person who loves phisical touch like huging,24.0,positive,2023-2024
stu_DHTXQ91573,2,I am a students from 6 grades,22.0,6thgrade,2023-2024
stu_DHTXQ91573,2,I am a students from 6 grades,4.0,6thgrade,2023-2024
stu_DHTXQ91573,2,I am a students from 6 grades,14.0,neutral,2023-2024
stu_DJCZE13885,6,My favorite animal is foxes.,24.0,positive,2023-2024
stu_VSSOO37726,12,I like the health teacher,24.0,positive,2023-2024
stu_VSSOO37726,12,I like the health teacher,14.0,positive,2023-2024
stu_NJZBY59884,7,i have 2 sisters and 2 brothers,12.0,neutral,2023-2024
stu_WZRKM29688,13,i am english,7.0,english,2023-2024
stu_BCRYB29652,15,I like backek,24.0,positive,2023-2024
stu_WAWDW95831,8,I am good at soccer tennis.,29.0,positive,2023-2024
stu_MXNSB23169,18,I like football.,29.0,positive,2023-2024
stu_MXNSB23169,18,I like football.,24.0,positive,2023-2024
stu_EHLZF06092,13,I love dodge chargers and durangos,24.0,positive,2023-2024
stu_KOUYR40301,5,i speak 2 languages,25.0,neutral,2023-2024
stu_KOUYR40301,5,i speak 2 languages,22.0,bilingual,2023-2024
stu_TYPZX10676,8,i like when they have step by step.,47.0,positive,2023-2024
stu_TYPZX10676,8,i like when they have step by step.,24.0,positive,2023-2024
stu_DERZZ01872,13,I have three Guinee pigs,32.0,none,2023-2024
stu_UAFAK64772,12,short hair,35.0,neutral,2023-2024
stu_LNFOE66635,16,hard worker,41.0,positive,2023-2024
stu_QFXDD68186,18,I like money,34.0,positive,2023-2024
stu_QFXDD68186,18,I like money,24.0,positive,2023-2024
stu_KCDEU07486,14,I am most times an A student,14.0,positive,2023-2024
stu_UYUIH18635,10,I like watching videos,27.0,positive,2023-2024
stu_UYUIH18635,10,I like watching videos,24.0,positive,2023-2024
stu_DZJHT48666,11,Least favorite subject is ELA/gym,14.0,negative,2023-2024
stu_ZARRQ26344,5,My favorite movie is friday night lights and the last of last,24.0,positive,2023-2024
stu_SAOLH99639,7,i love peaches,24.0,positive,2023-2024
stu_ECYEC76336,5,I am a sixth grader,22.0,6thgrade,2023-2024
stu_ECYEC76336,5,I am a sixth grader,4.0,6thgrade,2023-2024
stu_ECYEC76336,5,I am a sixth grader,14.0,neutral,2023-2024
stu_OIYXZ27717,11,I am someone who likes swimming,29.0,positive,2023-2024
stu_OIYXZ27717,11,I am someone who likes swimming,24.0,positive,2023-2024
stu_WRQAA62017,17,I am a boy,2.0,boy,2023-2024
stu_FNVBP19615,6,Math is my favorite subject.,14.0,positive,2023-2024
stu_WRQAA62017,6,I like gym,24.0,positive,2023-2024
stu_WRQAA62017,6,I like gym,14.0,positive,2023-2024
stu_XSQUV53095,13,I AM [FIRST NAME] A DANCER,26.0,neutral,2023-2024
stu_XSQUV53095,13,I AM [FIRST NAME] A DANCER,5.0,neutral,2023-2024
stu_CAGAM03126,12,I am a person who likes colorful nails.,30.0,positive,2023-2024
stu_CAGAM03126,12,I am a person who likes colorful nails.,24.0,positive,2023-2024
stu_WDDQQ92015,18,i am a student,14.0,neutral,2023-2024
stu_CPBCK00658,9,I like ponytails in my hair,35.0,positive,2023-2024
stu_CPBCK00658,9,I like ponytails in my hair,24.0,positive,2023-2024
stu_LKAAV41369,7,I like chocolate,24.0,positive,2023-2024
stu_WYTLH51489,16,I like to watch youtube,27.0,positive,2023-2024
stu_WYTLH51489,16,I like to watch youtube,24.0,positive,2023-2024
stu_RUBQU39803,11,i am a honor student,14.0,positive,2023-2024
stu_QACJQ31561,17,i have a half brother,12.0,neutral,2023-2024
stu_IKUOQ66846,1,A student,14.0,neutral,2023-2024
stu_OAZKI17777,12,[LETTER OF NAME],5.0,none,2023-2024
stu_FQKSK24193,1,i am a boy,2.0,boy,2023-2024
stu_ANQAT24428,8,someone who likes cookies,24.0,positive,2023-2024
stu_FASQN45304,13,I am someone who can speak 3 languages.,25.0,neutral,2023-2024
stu_FASQN45304,13,I am someone who can speak 3 languages.,22.0,multilingual,2023-2024
stu_HVWUJ52450,9,i have 1 older brother and 3 sisters,12.0,neutral,2023-2024
stu_SAOLH99639,19,i love food,24.0,positive,2023-2024
stu_XHGVP79664,8,im an honors student,14.0,positive,2023-2024
stu_HMQRZ27503,7,I m the future goat,41.0,positive,2023-2024
stu_EUIXK95276,13,"I'm a student at the [SCHOOL NAME], I love dancing, singing, gym class, Art class, eating food",31.0,positive,2023-2024
stu_EUIXK95276,13,"I'm a student at the [SCHOOL NAME], I love dancing, singing, gym class, Art class, eating food",14.0,neutral,2023-2024
stu_EUIXK95276,13,"I'm a student at the [SCHOOL NAME], I love dancing, singing, gym class, Art class, eating food",24.0,positive,2023-2024
stu_EUIXK95276,13,"I'm a student at the [SCHOOL NAME], I love dancing, singing, gym class, Art class, eating food",26.0,positive,2023-2024
stu_EUIXK95276,13,"I'm a student at the [SCHOOL NAME], I love dancing, singing, gym class, Art class, eating food",29.0,positive,2023-2024
stu_SBUBU63586,17,i am a girl who dose home work,14.0,neutral,2023-2024
stu_SBUBU63586,17,i am a girl who dose home work,2.0,girl,2023-2024
stu_HVWUJ52450,7,Fortnite player ( im the best },28.0,positive,2023-2024
stu_JVLXZ63894,16,kid,22.0,child,2023-2024
stu_JVLXZ63894,16,kid,4.0,child,2023-2024
stu_WBAVA84528,4,i like chips,24.0,positive,2023-2024
stu_BESSB35006,2,I like to eat,31.0,positive,2023-2024
stu_BESSB35006,2,I like to eat,24.0,positive,2023-2024
stu_IIOVZ06372,7,I like going out sometimes,31.0,positive,2023-2024
stu_IIOVZ06372,7,I like going out sometimes,24.0,positive,2023-2024
stu_PXDPN73068,18,I've been in the 6th grade for 117 days.,22.0,6thgrade,2023-2024
stu_PXDPN73068,18,I've been in the 6th grade for 117 days.,4.0,6thgrade,2023-2024
stu_PXDPN73068,18,I've been in the 6th grade for 117 days.,14.0,neutral,2023-2024
stu_BJJXN95776,10,I love my family,24.0,positive,2023-2024
stu_BJJXN95776,10,I love my family,12.0,positive,2023-2024
stu_KGOWI06896,9,I'm loyal,44.0,positive,2023-2024
stu_XXEBH66449,13,I am a student,14.0,neutral,2023-2024
stu_HBPKA70291,13,apex player,28.0,neutral,2023-2024
stu_VKCWY07846,17,i dont like school,14.0,negative,2023-2024
stu_WPVZY01902,9,I dont like waiting for lunch,24.0,negative,2023-2024
stu_WPVZY01902,9,I dont like waiting for lunch,14.0,negative,2023-2024
stu_QEGJI54214,19,i am a sweater lover,30.0,positive,2023-2024
stu_QEGJI54214,19,i am a sweater lover,24.0,positive,2023-2024
stu_JERPG96865,12,i like cats,24.0,positive,2023-2024
stu_CDXSC86692,1,I am a brother,12.0,neutral,2023-2024
stu_CDXSC86692,1,I am a brother,2.0,boy,2023-2024
stu_PSHPN85751,5,i speak english and spanish and a little bit of hatian,25.0,neutral,2023-2024
stu_PSHPN85751,5,i speak english and spanish and a little bit of hatian,22.0,multilingual,2023-2024
stu_YNVPH88845,6,I like ELA,25.0,positive,2023-2024
stu_YNVPH88845,6,I like ELA,24.0,positive,2023-2024
stu_TFTDG28078,18,a singer (practically alicia keys.),26.0,positive,2023-2024
stu_FSPCV10901,19,I like to go to Florida.,31.0,positive,2023-2024
stu_FSPCV10901,19,I like to go to Florida.,24.0,positive,2023-2024
stu_UEYTM01990,17,Im a good friend,40.0,positive,2023-2024
stu_UEYTM01990,17,Im a good friend,10.0,positive,2023-2024
stu_MKGYA55892,6,like to draw,26.0,positive,2023-2024
stu_MKGYA55892,6,like to draw,24.0,positive,2023-2024
stu_KOIIB68446,17,i wanna be a orthodontist when i grow up,13.0,neutral,2023-2024
stu_PXDPN73068,19,I've passed every class so far,14.0,positive,2023-2024
stu_IIOVZ06372,20,I like swimming,29.0,positive,2023-2024
stu_IIOVZ06372,20,I like swimming,24.0,positive,2023-2024
stu_RUBQU39803,20,i am a leader,46.0,positive,2023-2024
stu_RUBQU39803,20,i am a leader,44.0,positive,2023-2024
stu_UEVQJ25414,14,im on a aau team,29.0,neutral,2023-2024
stu_YXJEP22115,12,I am a volleyball player,29.0,neutral,2023-2024
stu_FVHVM49769,5,i speak portuguese,25.0,neutral,2023-2024
stu_FVHVM49769,5,i speak portuguese,22.0,portuguesespeaker,2023-2024
stu_SAOLH99639,18,i like food,24.0,positive,2023-2024
stu_TFTDG28078,6,A dominican girl,7.0,dominican,2023-2024
stu_TFTDG28078,6,A dominican girl,2.0,girl,2023-2024
stu_ERQCY81201,4,I am a girl who hates to share out loud.,24.0,negative,2023-2024
stu_ERQCY81201,4,I am a girl who hates to share out loud.,2.0,girl,2023-2024
stu_YGBLH44260,4,I like to learn what I did wrong.,41.0,positive,2023-2024
stu_UHXBA77476,5,My favorite color is purple,24.0,positive,2023-2024
stu_QPHPK12517,19,i love mc donalds,24.0,positive,2023-2024
stu_WTRMC77187,20,and i like many other games,31.0,positive,2023-2024
stu_WTRMC77187,20,and i like many other games,24.0,positive,2023-2024
stu_MKEGQ97127,18,I'm a black person,6.0,black,2023-2024
stu_WRQAA62017,13,I like shoes,30.0,positive,2023-2024
stu_WRQAA62017,13,I like shoes,24.0,positive,2023-2024
stu_UTXBZ05806,16,i am someone who loves the color red,24.0,positive,2023-2024
stu_MIJEQ06664,6,I am in 6th grades,22.0,6thgrade,2023-2024
stu_MIJEQ06664,6,I am in 6th grades,4.0,6thgrade,2023-2024
stu_MIJEQ06664,6,I am in 6th grades,14.0,neutral,2023-2024
stu_XHPVX80161,4,I am a student at [SCHOOL NAME],14.0,neutral,2023-2024
stu_KCDEU07486,17,I am nosy,44.0,negative,2023-2024
stu_OMSFY97090,12,im a students,14.0,neutral,2023-2024
stu_HEPWQ98561,9,i like cats,24.0,positive,2023-2024
stu_DHTXQ91573,1,I am a students from 6 grades,22.0,6thgrade,2023-2024
stu_DHTXQ91573,1,I am a students from 6 grades,4.0,6thgrade,2023-2024
stu_DHTXQ91573,1,I am a students from 6 grades,14.0,neutral,2023-2024
stu_WAWDW95831,14,I love basketball.,29.0,positive,2023-2024
stu_WAWDW95831,14,I love basketball.,24.0,positive,2023-2024
stu_WHBZD81732,14,i dont have my intrest,45.0,negative,2023-2024
stu_FTOYB42084,4,im a shoe person,30.0,neutral,2023-2024
stu_MKGYA55892,4,a middle schooler,22.0,middleschooler,2023-2024
stu_MKGYA55892,4,a middle schooler,4.0,middleschooler,2023-2024
stu_MKGYA55892,4,a middle schooler,14.0,neutral,2023-2024
stu_LVOOZ80056,18,I am a honors stundent.,14.0,positive,2023-2024
stu_LNFOE66635,4,nice person,44.0,positive,2023-2024
stu_LNFOE66635,4,nice person,21.0,none,2023-2024
stu_TSQUQ54202,7,I am from Cape Verde.,7.0,cape verdean,2023-2024
stu_OFWAG94272,5,Nice,44.0,positive,2023-2024
stu_EHLZF06092,11,I want to be a vet,13.0,positive,2023-2024
stu_MXNSB23169,7,I am a student.,14.0,neutral,2023-2024
stu_UEVQJ25414,20,im a coach,43.0,positive,2023-2024
stu_MMZHT88458,13,im ginger,35.0,neutral,2023-2024
stu_RDOVU20570,1,I am a 8th grader,22.0,8thgrade,2023-2024
stu_RDOVU20570,1,I am a 8th grader,4.0,8thgrade,2023-2024
stu_RDOVU20570,1,I am a 8th grader,14.0,neutral,2023-2024
stu_DZJHT48666,12,I like to be alone because no one gets me,45.0,positive,2023-2024
stu_DZJHT48666,12,I like to be alone because no one gets me,24.0,positive,2023-2024
stu_DZJHT48666,12,I like to be alone because no one gets me,31.0,positive,2023-2024
stu_VENGZ10475,5,I am brown,6.0,brown,2023-2024
stu_FUILC09238,10,i play video games,28.0,neutral,2023-2024
stu_XCKNQ66212,3,Im a basketball player,29.0,neutral,2023-2024
stu_FQEST23326,3,I am lqbtq+,3.0,lgbtq+,2023-2024
stu_CJHBB29429,16,My favorite subject in school is math,14.0,positive,2023-2024
stu_VTRUH97046,18,My favorite brand is nike.,24.0,positive,2023-2024
stu_RFRYE74718,6,I am black,6.0,black,2023-2024
stu_IIOVZ06372,8,I like fall,24.0,positive,2023-2024
stu_QZOUO83023,18,I like being a good brother,40.0,positive,2023-2024
stu_QZOUO83023,18,I like being a good brother,12.0,positive,2023-2024
stu_FASQN45304,9,I am someone who likes the outdoors.,24.0,positive,2023-2024
stu_FUILC09238,15,my favorite brand is jordan,24.0,positive,2023-2024
stu_OAZKI17777,15,[LETTER OF NAME],5.0,none,2023-2024
stu_DERZZ01872,10,I like video games,28.0,positive,2023-2024
stu_DERZZ01872,10,I like video games,24.0,positive,2023-2024
stu_EQSJM78476,18,I dont like my uncle,24.0,negative,2023-2024
stu_EQSJM78476,18,I dont like my uncle,12.0,negative,2023-2024
stu_XKMAG80800,5,Portuguese,7.0,portuguese,2023-2024
stu_SAOLH99639,2,good at basketball,29.0,positive,2023-2024
stu_OIYXZ27717,5,I am the smartest out of all my cousins,43.0,positive,2023-2024
stu_OIYXZ27717,5,I am the smartest out of all my cousins,12.0,neutral,2023-2024
stu_OIYXZ27717,5,I am the smartest out of all my cousins,25.0,positive,2023-2024
stu_SJNFF34466,15,a cook i work for golden ramsey,31.0,neutral,2023-2024
stu_ABSGH36082,18,I know a little of soccer,29.0,neutral,2023-2024
stu_AHWRN95528,20,I am someone who likes gym activities,29.0,positive,2023-2024
stu_AHWRN95528,20,I am someone who likes gym activities,24.0,positive,2023-2024
stu_CULOH75877,13,I play football,29.0,neutral,2023-2024
stu_CPAQO78519,20,I am someone who loves toys,24.0,positive,2023-2024
stu_LDUML32113,16,good at writing,25.0,positive,2023-2024
stu_FASQN45304,14,I am someone who likes to cook.,31.0,positive,2023-2024
stu_FASQN45304,14,I am someone who likes to cook.,24.0,positive,2023-2024
stu_ZQMQQ26810,2,im 14,4.0,14,2023-2024
stu_ANAWT41929,15,I love my house,24.0,positive,2023-2024
stu_RNIHY62490,16,I have a lot of friends,10.0,positive,2023-2024
stu_CWJCN88700,20,I am in a youtube video,27.0,neutral,2023-2024
stu_WHBZD81732,19,i dont have a byc,48.0,none,2023-2024
stu_DHTXQ91573,19,I am a students from 6 grades,22.0,6thgrade,2023-2024
stu_DHTXQ91573,19,I am a students from 6 grades,4.0,6thgrade,2023-2024
stu_DHTXQ91573,19,I am a students from 6 grades,14.0,neutral,2023-2024
stu_WWNBY52737,9,I am the youngest.,12.0,neutral,2023-2024
stu_OQLOS45541,13,I'm a role model to my brothers.,40.0,positive,2023-2024
stu_OQLOS45541,13,I'm a role model to my brothers.,12.0,positive,2023-2024
stu_NWVEW24693,19,i like jordan,30.0,positive,2023-2024
stu_NWVEW24693,19,i like jordan,24.0,positive,2023-2024
stu_SJNFF34466,3,a 12yo girl,4.0,12,2023-2024
stu_SJNFF34466,3,a 12yo girl,2.0,girl,2023-2024
stu_BDAZF88230,1,A student,14.0,neutral,2023-2024
stu_QPHPK12517,8,i am a soccer player,29.0,neutral,2023-2024
stu_VKCWY07846,8,i have a cat,32.0,none,2023-2024
stu_CWQDV67579,14,i like my friends,24.0,positive,2023-2024
stu_CWQDV67579,14,i like my friends,10.0,positive,2023-2024
stu_JPMJO86637,6,i'm mix,48.0,none,2023-2024
stu_PUNZK45438,5,i love math and gym,24.0,positive,2023-2024
stu_PUNZK45438,5,i love math and gym,14.0,positive,2023-2024
stu_RNIHY62490,5,I have black hair,35.0,neutral,2023-2024
stu_CTAZU65504,16,I am not the best on math,25.0,negative,2023-2024
stu_VSSOO37726,11,I like health,24.0,positive,2023-2024
stu_CLLRZ76280,13,I like trying new foods,31.0,positive,2023-2024
stu_CLLRZ76280,13,I like trying new foods,24.0,positive,2023-2024
stu_BCRYB29652,12,I like fun,45.0,positive,2023-2024
stu_BCRYB29652,12,I like fun,24.0,positive,2023-2024
stu_VGJIS59600,11,It's always hard to make a decision for myself,45.0,negative,2023-2024
stu_VGJIS59600,11,It's always hard to make a decision for myself,42.0,negative,2023-2024
stu_HMQRZ27503,19,I learned my five one,48.0,neutral,2023-2024
stu_LVOOZ80056,4,I am a really athletic  person.,29.0,positive,2023-2024
stu_VENGZ10475,10,non-atheltic man,29.0,negative,2023-2024
stu_VENGZ10475,10,non-atheltic man,2.0,man,2023-2024
stu_UEYTM01990,3,I wear glasses,35.0,neutral,2023-2024
stu_VOXTG50835,12,i'v been to florida,48.0,none,2023-2024
stu_CDXSC86692,20,i am ther person that like to watch the view from high places,31.0,positive,2023-2024
stu_CDXSC86692,20,i am ther person that like to watch the view from high places,24.0,positive,2023-2024
stu_UTXBZ05806,7,i like to talk to people,31.0,positive,2023-2024
stu_UTXBZ05806,7,i like to talk to people,24.0,positive,2023-2024
stu_UJNMI16598,15,Capeverdean,7.0,cape verdean,2023-2024
stu_SOWGI28002,14,I am someone who loves go to Paris,31.0,positive,2023-2024
stu_SOWGI28002,14,I am someone who loves go to Paris,24.0,positive,2023-2024
stu_FBOFA96484,15,My birthday Month is June,22.0,june birthday,2023-2024
stu_KGOWI06896,16,I like to play roblox,31.0,positive,2023-2024
stu_KGOWI06896,16,I like to play roblox,24.0,positive,2023-2024
stu_PNNIR08301,1,I am [FIRST LAST NAME].,5.0,none,2023-2024
stu_OCRTY88035,20,I am someone that loves my aunt.,12.0,positive,2023-2024
stu_CINVJ49388,20,i am [FIRST NAME] friend,10.0,neutral,2023-2024
stu_XSQUV53095,10,I AM [FIRST NAME] A HONOR STUDENT,14.0,positive,2023-2024
stu_XSQUV53095,10,I AM [FIRST NAME] A HONOR STUDENT,5.0,none,2023-2024
stu_NRKZA72454,4,My friends are crazy,10.0,neutral,2023-2024
stu_GCHCS91000,6,i am a [SCHOOL NAME] student,14.0,neutral,2023-2024
stu_QEGJI54214,17,i am a hair lover,30.0,positive,2023-2024
stu_QEGJI54214,17,i am a hair lover,24.0,positive,2023-2024
stu_ERQCY81201,17,I am a girl who has four sisters.,12.0,neutral,2023-2024
stu_ERQCY81201,17,I am a girl who has four sisters.,2.0,girl,2023-2024
stu_CQRFU18177,10,I like going to the park,31.0,positive,2023-2024
stu_CQRFU18177,10,I like going to the park,24.0,positive,2023-2024
stu_VKCWY07846,14,im good at goegraphy,25.0,positive,2023-2024
stu_SQLXP95993,16,I love to do rely race,29.0,positive,2023-2024
stu_SQLXP95993,16,I love to do rely race,24.0,positive,2023-2024
stu_YSQPA55709,10,im into sports,29.0,positive,2023-2024
stu_YSQPA55709,10,im into sports,24.0,positive,2023-2024
stu_KFYJM61476,14,I like to hang out with my friends.,31.0,positive,2023-2024
stu_KFYJM61476,14,I like to hang out with my friends.,10.0,positive,2023-2024
stu_KFYJM61476,14,I like to hang out with my friends.,24.0,positive,2023-2024
stu_XUDYN03051,11,I like ELA,25.0,positive,2023-2024
stu_XUDYN03051,11,I like ELA,24.0,positive,2023-2024
stu_CETOG17008,17,tired,47.0,negative,2023-2024
stu_FTOYB42084,11,im kind,44.0,positive,2023-2024
stu_KCRZD23226,15,I love watch tiktok,27.0,positive,2023-2024
stu_KCRZD23226,15,I love watch tiktok,24.0,positive,2023-2024
stu_FBOFA96484,20,i am a great person,40.0,positive,2023-2024
stu_OMSFY97090,7,im a students,14.0,neutral,2023-2024
stu_QOGPO20181,10,l have siblings.,12.0,neutral,2023-2024
stu_VTRUH97046,2,I am Cape Verdean.,7.0,cape verdean,2023-2024
stu_TSQUQ54202,12,I speak Chinese.,25.0,neutral,2023-2024
stu_TSQUQ54202,12,I speak Chinese.,22.0,chinesespeaker,2023-2024
stu_FTOYB42084,2,im 14,4.0,14,2023-2024
stu_LJAAE92948,5,I play basketball,29.0,neutral,2023-2024
stu_OMSFY97090,13,im a students,14.0,neutral,2023-2024
stu_OIYXZ27717,13,I am someone who birthday is the same as my friend,10.0,neutral,2023-2024
stu_YSQPA55709,5,im some one who works out,29.0,neutral,2023-2024
stu_XXEBH66449,9,I am a student,14.0,neutral,2023-2024
stu_HBPKA70291,2,a smart person,43.0,positive,2023-2024
stu_HBPKA70291,2,a smart person,21.0,none,2023-2024
stu_HBPKA70291,2,a smart person,25.0,positive,2023-2024
stu_DZJHT48666,9,I love to sleep,31.0,positive,2023-2024
stu_DZJHT48666,9,I love to sleep,24.0,positive,2023-2024
stu_SBUBU63586,7,i am a good kid,40.0,positive,2023-2024
stu_SBUBU63586,7,i am a good kid,4.0,child,2023-2024
stu_SBUBU63586,7,i am a good kid,22.0,child,2023-2024
stu_EHXGF51692,20,I am kind,44.0,positive,2023-2024
stu_UJNMI16598,12,Listener,44.0,positive,2023-2024
stu_EUIXK95276,6,"I'm a student at the [SCHOOL NAME], I love dancing, singing, gym class, Art class, eating food",31.0,positive,2023-2024
stu_EUIXK95276,6,"I'm a student at the [SCHOOL NAME], I love dancing, singing, gym class, Art class, eating food",14.0,neutral,2023-2024
stu_EUIXK95276,6,"I'm a student at the [SCHOOL NAME], I love dancing, singing, gym class, Art class, eating food",24.0,positive,2023-2024
stu_EUIXK95276,6,"I'm a student at the [SCHOOL NAME], I love dancing, singing, gym class, Art class, eating food",26.0,positive,2023-2024
stu_EUIXK95276,6,"I'm a student at the [SCHOOL NAME], I love dancing, singing, gym class, Art class, eating food",29.0,positive,2023-2024
stu_WAFQN21754,3,I am funny,46.0,positive,2023-2024
stu_JOKOV89559,12,I am someone who loves being warm,24.0,positive,2023-2024
stu_UEDQL23543,8,a good person,40.0,positive,2023-2024
stu_YXBHV58732,12,I like the school lunch,24.0,positive,2023-2024
stu_UEVQJ25414,8,im rspectpul,40.0,positive,2023-2024
stu_MRIWT64391,20,"a stupid,anoying,cheater and sore loser",46.0,negative,2023-2024
stu_MRIWT64391,20,"a stupid,anoying,cheater and sore loser",25.0,negative,2023-2024
stu_MRIWT64391,20,"a stupid,anoying,cheater and sore loser",40.0,negative,2023-2024
stu_WCANG48942,4,I like to eat food.,31.0,positive,2023-2024
stu_WCANG48942,4,I like to eat food.,24.0,positive,2023-2024
stu_UAFAK64772,10,pretty,35.0,positive,2023-2024
stu_ANAWT41929,1,I love basketball,29.0,positive,2023-2024
stu_ANAWT41929,1,I love basketball,24.0,positive,2023-2024
stu_YBWGX96937,10,i like my sister,12.0,positive,2023-2024
stu_CDGKD03653,16,i like takis,24.0,positive,2023-2024
stu_WBAVA84528,10,i like movies,24.0,positive,2023-2024
stu_ABSGH36082,4,I'm a leader,46.0,positive,2023-2024
stu_ABSGH36082,4,I'm a leader,43.0,positive,2023-2024
stu_OAZKI17777,13,[LETTER OF NAME],5.0,none,2023-2024
stu_KOIIB68446,12,i want glasses,33.0,neutral,2023-2024
stu_CNIFN64507,8,i like the color black,24.0,positive,2023-2024
stu_JVLXZ63894,8,[TEACHER] student,14.0,neutral,2023-2024
stu_VTRUH97046,4,I am the oldest out of 3.,12.0,neutral,2023-2024
stu_XXEBH66449,14,I am a student,14.0,neutral,2023-2024
stu_VFKRH03938,4,i am a fan a of football,29.0,positive,2023-2024
stu_VFKRH03938,4,i am a fan a of football,24.0,positive,2023-2024
stu_FVHVM49769,15,i have a 1 brother,12.0,neutral,2023-2024
stu_CHVFQ54169,11,I love to watch tv for fun.,31.0,positive,2023-2024
stu_CHVFQ54169,11,I love to watch tv for fun.,24.0,positive,2023-2024
stu_QZOUO83023,20,i love my life,45.0,positive,2023-2024
stu_QZOUO83023,20,i love my life,24.0,positive,2023-2024
stu_OIYXZ27717,14,I am someone who is 12 years old,4.0,12,2023-2024
stu_QZOUO83023,9,I relly like drawing,26.0,positive,2023-2024
stu_QZOUO83023,9,I relly like drawing,24.0,positive,2023-2024
stu_AQNHF52456,5,entrepuer,13.0,neutral,2023-2024
stu_XXEBH66449,18,I am a student,14.0,neutral,2023-2024
stu_YNVPH88845,8,I love my parents,24.0,positive,2023-2024
stu_YNVPH88845,8,I love my parents,12.0,positive,2023-2024
stu_FBOFA96484,6,i am kind,44.0,positive,2023-2024
stu_LVOOZ80056,3,I am kind.,44.0,positive,2023-2024
stu_YXBHV58732,3,I like school,24.0,positive,2023-2024
stu_YXBHV58732,3,I like school,14.0,positive,2023-2024
stu_YGBLH44260,8,I prefer reading than having things read to me.,25.0,positive,2023-2024
stu_CETOG17008,10,soccer enjoyer,29.0,positive,2023-2024
stu_CETOG17008,10,soccer enjoyer,24.0,positive,2023-2024
stu_XUDYN03051,3,I am from ecuador,7.0,ecuadorian,2023-2024
stu_CHVFQ54169,17,I have long hair.,35.0,neutral,2023-2024
stu_TDURA35752,19,I am loyal,44.0,positive,2023-2024
stu_VQFBG95862,10,i am a football player,29.0,neutral,2023-2024
stu_WZRKM29688,6,i like basketball,29.0,positive,2023-2024
stu_WZRKM29688,6,i like basketball,24.0,positive,2023-2024
stu_WBAVA84528,16,i like McDonald's but they call it WcDonald's,24.0,positive,2023-2024
stu_PUNZK45438,16,i have a pc,32.0,none,2023-2024
stu_PJCOJ15115,15,I am hardworking,41.0,positive,2023-2024
stu_EUIXK95276,14,"I'm a student at the [SCHOOL NAME], I love dancing, singing, gym class, Art class, eating food",31.0,positive,2023-2024
stu_EUIXK95276,14,"I'm a student at the [SCHOOL NAME], I love dancing, singing, gym class, Art class, eating food",14.0,neutral,2023-2024
stu_EUIXK95276,14,"I'm a student at the [SCHOOL NAME], I love dancing, singing, gym class, Art class, eating food",24.0,positive,2023-2024
stu_EUIXK95276,14,"I'm a student at the [SCHOOL NAME], I love dancing, singing, gym class, Art class, eating food",26.0,positive,2023-2024
stu_EUIXK95276,14,"I'm a student at the [SCHOOL NAME], I love dancing, singing, gym class, Art class, eating food",29.0,positive,2023-2024
stu_SIWRL23181,6,i am a good sibling,40.0,positive,2023-2024
stu_SIWRL23181,6,i am a good sibling,12.0,positive,2023-2024
stu_KOIIB68446,6,im Cape verdean,7.0,cape verdean,2023-2024
stu_VQFBG95862,1,i am a genuis,43.0,positive,2023-2024
stu_VQFBG95862,1,i am a genuis,25.0,positive,2023-2024
stu_UYUIH18635,8,Im a [SCHOOL NAME - MASCOT],14.0,neutral,2023-2024
stu_RFRYE74718,9,I am a fellow McDonald lover.,24.0,positive,2023-2024
stu_VNSDU81090,17,i love playing wiht my dog,31.0,positive,2023-2024
stu_VNSDU81090,17,i love playing wiht my dog,24.0,positive,2023-2024
stu_WDDQQ92015,3,i am a student,14.0,neutral,2023-2024
stu_JOVOI38701,15,I am someone who loves to travel.,31.0,positive,2023-2024
stu_JOVOI38701,15,I am someone who loves to travel.,24.0,positive,2023-2024
stu_EQSJM78476,4,i am in honors math,14.0,positive,2023-2024
stu_PUHUL75671,9,hardworking,41.0,positive,2023-2024
stu_ORUUL82324,10,I'm African-American,6.0,african-american,2023-2024
stu_NKHRJ04957,3,I am cape verdian,7.0,cape verdean,2023-2024
stu_NZWIU92234,14,I love ice cream,24.0,positive,2023-2024
stu_DERZZ01872,5,I like school,24.0,positive,2023-2024
stu_DERZZ01872,5,I like school,14.0,positive,2023-2024
stu_NWRRC44615,16,sometimes i have a favorite parent,12.0,neutral,2023-2024
stu_SIWRL23181,8,i am a brazillian,7.0,brazilian,2023-2024
stu_JOVOI38701,6,I am someone who likes going to water parks.,31.0,positive,2023-2024
stu_JOVOI38701,6,I am someone who likes going to water parks.,24.0,positive,2023-2024
stu_NZWIU92234,5,i have 1 pet,32.0,none,2023-2024
stu_FVHVM49769,9,i am a takis lover,24.0,positive,2023-2024
stu_QHOON52054,5,I am good at just about any sport I play,29.0,positive,2023-2024
stu_JERPG96865,3,i like archery.,29.0,positive,2023-2024
stu_JERPG96865,3,i like archery.,24.0,positive,2023-2024
stu_CAGAM03126,4,I am a shy person.,44.0,neutral,2023-2024
stu_HLKZL24322,16,i like ice-cream,24.0,positive,2023-2024
stu_CULOH75877,4,I am smart,43.0,positive,2023-2024
stu_CULOH75877,4,I am smart,25.0,positive,2023-2024
stu_WEADW20158,13,i like calling my friends,31.0,positive,2023-2024
stu_WEADW20158,13,i like calling my friends,10.0,positive,2023-2024
stu_WEADW20158,13,i like calling my friends,24.0,positive,2023-2024
stu_STIXI97047,1,I would like to get games before getting right into the point.,24.0,positive,2023-2024
stu_TRKWP48352,8,I am a person who likes green apples,24.0,positive,2023-2024
stu_RUZUK44953,10,I am someone who has dark skin,6.0,dark skin,2023-2024
stu_IIOVZ06372,5,I like going shopping,30.0,positive,2023-2024
stu_IIOVZ06372,5,I like going shopping,24.0,positive,2023-2024
stu_HEPWQ98561,18,i love my 20 year old cousin,24.0,positive,2023-2024
stu_HEPWQ98561,18,i love my 20 year old cousin,12.0,positive,2023-2024
stu_ZUARE93356,20,I am from Cape Verde,7.0,cape verdean,2023-2024
stu_ZYUDW82089,14,i am in honors,14.0,positive,2023-2024
stu_YPZIM54297,3,I am a respectful persone,40.0,positive,2023-2024
stu_ORUUL82324,13,I live in a two-story house,32.0,neutral,2023-2024
stu_WWNBY52737,2,I am 11 years old.,4.0,11,2023-2024
stu_QACJQ31561,11,my hair is brownish black,35.0,neutral,2023-2024
stu_EHYTZ32137,2,I work hard in school,41.0,positive,2023-2024
stu_EHYTZ32137,2,I work hard in school,14.0,positive,2023-2024
stu_QOGPO20181,15,l was not born in America,8.0,not born in america,2023-2024
stu_UEYTM01990,11,I have two sisters,12.0,neutral,2023-2024
stu_JPMJO86637,2,i'm short,35.0,neutral,2023-2024
stu_SQLXP95993,1,I'm a 6th grade student,22.0,6thgrade,2023-2024
stu_SQLXP95993,1,I'm a 6th grade student,4.0,6thgrade,2023-2024
stu_SQLXP95993,1,I'm a 6th grade student,14.0,neutral,2023-2024
stu_BCRYB29652,16,I like winning,24.0,positive,2023-2024
stu_FPTDO32773,14,a talented person,43.0,positive,2023-2024
stu_EJIML93711,20,I do not like math at all.,25.0,negative,2023-2024
stu_EJIML93711,20,I do not like math at all.,24.0,negative,2023-2024
stu_EHYTZ32137,17,i like going on vaction,31.0,positive,2023-2024
stu_EHYTZ32137,17,i like going on vaction,24.0,positive,2023-2024
stu_SELBD60428,15,student,14.0,neutral,2023-2024
stu_QEGJI54214,14,i am a youtube lover,27.0,positive,2023-2024
stu_QEGJI54214,14,i am a youtube lover,24.0,positive,2023-2024
stu_VFKRH03938,12,i am a kind person,44.0,positive,2023-2024
stu_VFKRH03938,12,i am a kind person,21.0,none,2023-2024
stu_RNIHY62490,18,I am strong,35.0,positive,2023-2024
stu_NRKZA72454,19,I like kitten posts.,24.0,positive,2023-2024
stu_SAOLH99639,16,i like tiktock,27.0,positive,2023-2024
stu_SAOLH99639,16,i like tiktock,24.0,positive,2023-2024
stu_CWJCN88700,9,I am in love with animals,24.0,positive,2023-2024
stu_CTAZU65504,17,I like dancing,26.0,positive,2023-2024
stu_CTAZU65504,17,I like dancing,24.0,positive,2023-2024
stu_LTSJK02079,14,I have a cat,32.0,none,2023-2024
stu_FWPPR22255,12,I am good at game,31.0,positive,2023-2024
stu_SJNFF34466,13,plays roblox,28.0,neutral,2023-2024
stu_LNFOE66635,9,i like watching movies,31.0,positive,2023-2024
stu_LNFOE66635,9,i like watching movies,24.0,positive,2023-2024
stu_VFKRH03938,15,i am a smart person,43.0,positive,2023-2024
stu_VFKRH03938,15,i am a smart person,21.0,none,2023-2024
stu_VFKRH03938,15,i am a smart person,25.0,positive,2023-2024
stu_IDHIE84911,16,i like to chopigne,31.0,positive,2023-2024
stu_IDHIE84911,16,i like to chopigne,24.0,positive,2023-2024
stu_QPHPK12517,3,happy,45.0,positive,2023-2024
stu_MTCIM85775,5,I am a son,12.0,neutral,2023-2024
stu_MTCIM85775,5,I am a son,2.0,boy,2023-2024
stu_LVOOZ80056,11,I am beautiful.,35.0,positive,2023-2024
stu_WPVZY01902,19,I like Money,34.0,positive,2023-2024
stu_WPVZY01902,19,I like Money,24.0,positive,2023-2024
stu_UEYTM01990,8,I play softball,29.0,neutral,2023-2024
stu_CQRFU18177,14,my favorite color is green,24.0,positive,2023-2024
stu_XXEBH66449,19,I am a student,14.0,neutral,2023-2024
stu_WAWDW95831,3,I love sports.,29.0,positive,2023-2024
stu_WAWDW95831,3,I love sports.,24.0,positive,2023-2024
stu_HVWUJ52450,8,i dont like school,14.0,negative,2023-2024
stu_WBAVA84528,7,i like taco bell,24.0,positive,2023-2024
stu_MYCLF44200,13,I like diamonds.,24.0,positive,2023-2024
stu_OMSFY97090,18,im a students,14.0,neutral,2023-2024
stu_FUILC09238,1,a tall person,35.0,neutral,2023-2024
stu_BESSB35006,3,`I like to use my phone,27.0,positive,2023-2024
stu_BESSB35006,3,`I like to use my phone,24.0,positive,2023-2024
stu_VNSDU81090,19,i love math,25.0,positive,2023-2024
stu_VNSDU81090,19,i love math,24.0,positive,2023-2024
stu_OQLOS45541,19,I'm a friend.,10.0,neutral,2023-2024
stu_WBAVA84528,20,and i like my family,24.0,positive,2023-2024
stu_WBAVA84528,20,and i like my family,12.0,positive,2023-2024
stu_NJZBY59884,3,"my fav color is blue,black",24.0,positive,2023-2024
stu_CPVXX19825,20,I like babysitting my 3 year old brother,31.0,positive,2023-2024
stu_CPVXX19825,20,I like babysitting my 3 year old brother,12.0,positive,2023-2024
stu_CPVXX19825,20,I like babysitting my 3 year old brother,24.0,positive,2023-2024
stu_CETOG17008,16,loud,46.0,neutral,2023-2024
stu_CETOG17008,16,loud,44.0,neutral,2023-2024
stu_BJJXN95776,13,I am 12 years of age,4.0,12,2023-2024
stu_QQAHK93946,20,I like sketching in the sketchbook,26.0,positive,2023-2024
stu_QQAHK93946,20,I like sketching in the sketchbook,24.0,positive,2023-2024
stu_HBPKA70291,1,a cook,31.0,neutral,2023-2024
stu_RUBQU39803,19,i am a playful person,44.0,positive,2023-2024
stu_EUIXK95276,20,"I'm a student at the [SCHOOL NAME] I love dancing, singing, gym class, Art class, eating food",31.0,positive,2023-2024
stu_EUIXK95276,20,"I'm a student at the [SCHOOL NAME] I love dancing, singing, gym class, Art class, eating food",14.0,neutral,2023-2024
stu_EUIXK95276,20,"I'm a student at the [SCHOOL NAME] I love dancing, singing, gym class, Art class, eating food",24.0,positive,2023-2024
stu_EUIXK95276,20,"I'm a student at the [SCHOOL NAME] I love dancing, singing, gym class, Art class, eating food",26.0,positive,2023-2024
stu_EUIXK95276,20,"I'm a student at the [SCHOOL NAME] I love dancing, singing, gym class, Art class, eating food",29.0,positive,2023-2024
stu_HEPWQ98561,15,i like helping my mom on certain stuff.,31.0,positive,2023-2024
stu_HEPWQ98561,15,i like helping my mom on certain stuff.,12.0,positive,2023-2024
stu_HEPWQ98561,15,i like helping my mom on certain stuff.,24.0,positive,2023-2024
stu_QCKDZ64012,3,I love eating food,24.0,positive,2023-2024
stu_JOVOI38701,20,I am someone who likes pancakes.,24.0,positive,2023-2024
stu_WEADW20158,20,im a funny person,46.0,positive,2023-2024
stu_WEADW20158,20,im a funny person,21.0,none,2023-2024
stu_VFKRH03938,8,i love the game,28.0,positive,2023-2024
stu_RFRYE74718,15,I am a person that likes cats,24.0,positive,2023-2024
stu_LKAAV41369,2,I am the youngest child,22.0,youngestchild,2023-2024
stu_LKAAV41369,2,I am the youngest child,12.0,neutral,2023-2024
stu_XHGVP79664,10,im an only child,22.0,onlychild,2023-2024
stu_XHGVP79664,10,im an only child,12.0,neutral,2023-2024
stu_NXWSI70882,2,a person who plays videogames,28.0,neutral,2023-2024
stu_FNVBP19615,4,I play a lot of sports.,29.0,neutral,2023-2024
stu_WWNBY52737,13,I am a runner.,29.0,neutral,2023-2024
stu_FVHVM49769,14,i live with both of my parents,12.0,neutral,2023-2024
stu_KOUYR40301,18,I like Mathia,24.0,positive,2023-2024
stu_KOUYR40301,18,I like Mathia,14.0,positive,2023-2024
stu_ECYEC76336,16,I am a [SCHOOL NAME MASCOT],14.0,neutral,2023-2024
stu_WTRMC77187,1,I like math,25.0,positive,2023-2024
stu_WTRMC77187,1,I like math,24.0,positive,2023-2024
stu_SQLXP95993,12,I sit next to [FIRST NAME],47.0,neutral,2023-2024
stu_AHWRN95528,4,I am someone who likes soccer,29.0,positive,2023-2024
stu_AHWRN95528,4,I am someone who likes soccer,24.0,positive,2023-2024
stu_UYUIH18635,9,I like video games,28.0,positive,2023-2024
stu_UYUIH18635,9,I like video games,24.0,positive,2023-2024
stu_TSQUQ54202,8,I love kids.,44.0,positive,2023-2024
stu_JOVOI38701,8,I am a person who likes pizza.,24.0,positive,2023-2024
stu_VFKRH03938,10,i am someone's son,12.0,neutral,2023-2024
stu_VFKRH03938,10,i am someone's son,2.0,boy,2023-2024
stu_YXJEP22115,2,I am an 8th grader,22.0,8thgrade,2023-2024
stu_YXJEP22115,2,I am an 8th grader,4.0,8thgrade,2023-2024
stu_YXJEP22115,2,I am an 8th grader,14.0,neutral,2023-2024
stu_EJIML93711,17,I like doing nails,30.0,positive,2023-2024
stu_EJIML93711,17,I like doing nails,24.0,positive,2023-2024
stu_XHPVX80161,7,a fortnite lover,28.0,positive,2023-2024
stu_XHPVX80161,7,a fortnite lover,24.0,positive,2023-2024
stu_GXMFA19655,1,student,14.0,neutral,2023-2024
stu_ZYUDW82089,2,a gamer,28.0,neutral,2023-2024
stu_CINVJ49388,7,rocket league player,28.0,neutral,2023-2024
stu_EUIXK95276,16,"I'm a student at the [SCHOOL NAME] I love dancing, singing, gym class, Art class, eating food",31.0,positive,2023-2024
stu_EUIXK95276,16,"I'm a student at the [SCHOOL NAME] I love dancing, singing, gym class, Art class, eating food",14.0,neutral,2023-2024
stu_EUIXK95276,16,"I'm a student at the [SCHOOL NAME] I love dancing, singing, gym class, Art class, eating food",24.0,positive,2023-2024
stu_EUIXK95276,16,"I'm a student at the [SCHOOL NAME] I love dancing, singing, gym class, Art class, eating food",26.0,positive,2023-2024
stu_EUIXK95276,16,"I'm a student at the [SCHOOL NAME] I love dancing, singing, gym class, Art class, eating food",29.0,positive,2023-2024
stu_NYHDW07721,2,A girl,2.0,girl,2023-2024
stu_RDOVU20570,19,i am math lover,25.0,positive,2023-2024
stu_RDOVU20570,19,i am math lover,24.0,positive,2023-2024
stu_QZOUO83023,3,I like dragons,24.0,positive,2023-2024
stu_MTCIM85775,19,A 6th grader,22.0,6thgrade,2023-2024
stu_MTCIM85775,19,A 6th grader,4.0,6thgrade,2023-2024
stu_MTCIM85775,19,A 6th grader,14.0,neutral,2023-2024
stu_WPVZY01902,8,i dont like 1 hour and a half of math,24.0,negative,2023-2024
stu_WPVZY01902,8,i dont like 1 hour and a half of math,14.0,negative,2023-2024
stu_UHXBA77476,1,I'm a girl,2.0,girl,2023-2024
stu_RSKDK68207,14,I am heterosexual (I like males).,3.0,straight,2023-2024
stu_ABSGH36082,19,I want to be a nurse,13.0,positive,2023-2024
stu_WBAVA84528,14,i like cars,24.0,positive,2023-2024
stu_SAOLH99639,8,a boy,2.0,boy,2023-2024
stu_UYFTQ45542,5,I am a very smart student,43.0,positive,2023-2024
stu_UYFTQ45542,5,I am a very smart student,14.0,positive,2023-2024
stu_UYFTQ45542,5,I am a very smart student,25.0,positive,2023-2024
stu_QHOON52054,7,I am smart,43.0,positive,2023-2024
stu_QHOON52054,7,I am smart,25.0,positive,2023-2024
stu_NKHRJ04957,9,i like blue,24.0,positive,2023-2024
stu_UTXBZ05806,20,i am someone that has been playing soccer for 3 and half years,29.0,positive,2023-2024
stu_UTXBZ05806,20,i am someone that has been playing soccer for 3 and half years,24.0,positive,2023-2024
stu_PFDTL78462,19,I am very honest.,40.0,positive,2023-2024
stu_SJNFF34466,9,a twin,12.0,neutral,2023-2024
stu_HBPKA70291,5,a movie person,31.0,neutral,2023-2024
stu_ORUUL82324,3,I do karate (jiujitsu),29.0,neutral,2023-2024
stu_XHPVX80161,9,i am my fathers son,12.0,neutral,2023-2024
stu_XHPVX80161,9,i am my fathers son,2.0,boy,2023-2024
stu_UTXBZ05806,19,i am someone who likes to watch soccer games,31.0,positive,2023-2024
stu_UTXBZ05806,19,i am someone who likes to watch soccer games,24.0,positive,2023-2024
stu_XCKNQ66212,13,i'm trustworthy,46.0,positive,2023-2024
stu_XCKNQ66212,13,i'm trustworthy,40.0,positive,2023-2024
stu_HEPWQ98561,12,i like ice cream,24.0,positive,2023-2024
stu_NRKZA72454,16,Life is very boring right now.,47.0,negative,2023-2024
stu_ERQCY81201,16,I am a girl who wants to go horseback riding.,33.0,none,2023-2024
stu_ERQCY81201,16,I am a girl who wants to go horseback riding.,2.0,girl,2023-2024
stu_UEDQL23543,4,good at math,25.0,positive,2023-2024
stu_VUNQZ79892,17,im a kid,22.0,child,2023-2024
stu_VUNQZ79892,17,im a kid,4.0,child,2023-2024
stu_ANAWT41929,16,I love cars,24.0,positive,2023-2024
stu_JOKOV89559,19,I am someone who loves perfume,30.0,positive,2023-2024
stu_JOKOV89559,19,I am someone who loves perfume,24.0,positive,2023-2024
stu_EHLZF06092,5,I am a person who does not like homework,14.0,negative,2023-2024
stu_UAFAK64772,4,black hair,35.0,neutral,2023-2024
stu_FASQN45304,15,I am someone who tries their hardest.,41.0,positive,2023-2024
stu_PSHPN85751,3,im a fortnite skibidi toilet brrrrrr,48.0,none,2023-2024
stu_FNVBP19615,19,I hate feeling stupid or dumb.,43.0,negative,2023-2024
stu_FNVBP19615,19,I hate feeling stupid or dumb.,25.0,negative,2023-2024
stu_TDURA35752,4,I am a dog owner,32.0,none,2023-2024
stu_WRQAA62017,9,I like english,25.0,positive,2023-2024
stu_WRQAA62017,9,I like english,24.0,positive,2023-2024
stu_CJHBB29429,6,I am a person that likes to game,28.0,positive,2023-2024
stu_CJHBB29429,6,I am a person that likes to game,24.0,positive,2023-2024
stu_PSHPN85751,20,bye bye,48.0,none,2023-2024
stu_WTRMC77187,16,Saturn has rings and i like to see it,31.0,positive,2023-2024
stu_WTRMC77187,16,Saturn has rings and i like to see it,24.0,positive,2023-2024
stu_HBPKA70291,6,goffy,45.0,neutral,2023-2024
stu_EQSJM78476,10,I am black,6.0,black,2023-2024
stu_QQAHK93946,10,I can't speak vietnamese but i understand it,25.0,neutral,2023-2024
stu_QQAHK93946,10,I can't speak vietnamese but i understand it,22.0,vietnameseunderstanding,2023-2024
stu_DHTXQ91573,9,I am a students from 6 grades,22.0,6thgrade,2023-2024
stu_DHTXQ91573,9,I am a students from 6 grades,4.0,6thgrade,2023-2024
stu_DHTXQ91573,9,I am a students from 6 grades,14.0,neutral,2023-2024
stu_PFDTL78462,10,I speak English.,25.0,neutral,2023-2024
stu_PFDTL78462,10,I speak English.,22.0,englishspeaker,2023-2024
stu_CULOH75877,6,I am cool,46.0,positive,2023-2024
stu_FNVBP19615,2,I consider myself athletic.,29.0,neutral,2023-2024
stu_RUBQU39803,13,i am a ex- amabasodor,22.0,ex-ambassador,2023-2024
stu_UTXBZ05806,15,and i am someone who loves the color blue,24.0,positive,2023-2024
stu_WZRKM29688,20,i like jjk,24.0,positive,2023-2024
stu_OQLOS45541,12,I'm a older sister.,12.0,neutral,2023-2024
stu_OQLOS45541,12,I'm a older sister.,2.0,girl,2023-2024
stu_KJOZZ30475,12,I like writing.,25.0,positive,2023-2024
stu_KJOZZ30475,12,I like writing.,24.0,positive,2023-2024
stu_NWRRN03456,12,I don't like to be stressful.,45.0,negative,2023-2024
stu_IGLSS89625,7,i like my bestie because a have 2,24.0,positive,2023-2024
stu_IGLSS89625,7,i like my bestie because a have 2,10.0,positive,2023-2024
stu_SAOLH99639,5,food eater,31.0,neutral,2023-2024
stu_MTCIM85775,10,I am hard working,41.0,positive,2023-2024
stu_FVHVM49769,12,i can speak 2 languages,43.0,positive,2023-2024
stu_FVHVM49769,12,i can speak 2 languages,25.0,positive,2023-2024
stu_PYEUW09959,16,I like to bake,31.0,positive,2023-2024
stu_PYEUW09959,16,I like to bake,24.0,positive,2023-2024
stu_YGBLH44260,2,I am somebody that likes games.,31.0,positive,2023-2024
stu_YGBLH44260,2,I am somebody that likes games.,24.0,positive,2023-2024
stu_FTOYB42084,18,im a nice person,44.0,positive,2023-2024
stu_FTOYB42084,18,im a nice person,21.0,none,2023-2024
stu_CULOH75877,3,I am kind,44.0,positive,2023-2024
stu_HXXCS05602,20,i'm short,35.0,neutral,2023-2024
stu_IGLSS89625,3,i like my friend,24.0,positive,2023-2024
stu_IGLSS89625,3,i like my friend,10.0,positive,2023-2024
stu_MYCLF44200,3,I am black.,6.0,black,2023-2024
stu_FQEST23326,1,[FIRST LAST NAME],5.0,none,2023-2024
stu_CNIXS57234,17,I am indpendent,41.0,positive,2023-2024
stu_FBWGP41232,15,I like to help my friends with homework,31.0,positive,2023-2024
stu_FBWGP41232,15,I like to help my friends with homework,10.0,positive,2023-2024
stu_FBWGP41232,15,I like to help my friends with homework,14.0,positive,2023-2024
stu_FBWGP41232,15,I like to help my friends with homework,24.0,positive,2023-2024
stu_HBPKA70291,17,love my brothers,12.0,positive,2023-2024
stu_QACJQ31561,9,my fav supject is math,14.0,positive,2023-2024
stu_XSQUV53095,17,I AM [FIRST NAME] A FOOD LOVER,24.0,positive,2023-2024
stu_XSQUV53095,17,I AM [FIRST NAME] A FOOD LOVER,5.0,none,2023-2024
stu_SJNFF34466,10,i have a dog,32.0,none,2023-2024
stu_CNIFN64507,9,im a gamer,28.0,neutral,2023-2024
stu_SQLXP95993,3,My favorite color is pink,24.0,positive,2023-2024
stu_BJJXN95776,14,I love watching television,31.0,positive,2023-2024
stu_BJJXN95776,14,I love watching television,24.0,positive,2023-2024
stu_CULOH75877,5,I am 5'5,35.0,neutral,2023-2024
stu_BESSB35006,6,I like pizza,24.0,positive,2023-2024
stu_OAZKI17777,20,[FIRST NAME],5.0,none,2023-2024
stu_CJHBB29429,12,My favorite ice cream is vanilla,24.0,positive,2023-2024
stu_KOUYR40301,12,i'm a straight A student,14.0,positive,2023-2024
stu_DUOEM76163,19,I'm the youngest person in my class,14.0,neutral,2023-2024
stu_DUOEM76163,19,I'm the youngest person in my class,4.0,youngest,2023-2024
stu_MKEGQ97127,16,I'm a brown haired person,35.0,neutral,2023-2024
stu_FASQN45304,8,I am my grandma's first granddaughter.,12.0,neutral,2023-2024
stu_FASQN45304,8,I am my grandma's first granddaughter.,2.0,girl,2023-2024
stu_CWQDV67579,2,I am smart,43.0,positive,2023-2024
stu_CWQDV67579,2,I am smart,25.0,positive,2023-2024
stu_NXWSI70882,5,A quick tempered person if I barely fail a Mathstream because I can't skip the video if I already know how to do it,14.0,neutral,2023-2024
stu_YPZIM54297,16,I am a micky mouse lover,24.0,positive,2023-2024
stu_QQMSX84242,4,an older brother,12.0,neutral,2023-2024
stu_QQMSX84242,4,an older brother,2.0,boy,2023-2024
stu_LJAAE92948,18,"My favorite artist is Bruno mars, and drake",24.0,positive,2023-2024
stu_QCKDZ64012,15,i have a lot of friends,10.0,positive,2023-2024
stu_IDHIE84911,8,i love my friends,24.0,positive,2023-2024
stu_IDHIE84911,8,i love my friends,10.0,positive,2023-2024
stu_IDHIE84911,6,i love cat,24.0,positive,2023-2024
stu_GCHCS91000,19,i am a blm supporter,23.0,blm supporter,2023-2024
stu_UAFAK64772,15,5'6,35.0,neutral,2023-2024
stu_FHADA27602,7,i kinda like school,14.0,positive,2023-2024
stu_FHADA27602,7,i kinda like school,24.0,positive,2023-2024
stu_XCKNQ66212,9,i'm black kid with braids,35.0,neutral,2023-2024
stu_XCKNQ66212,9,i'm black kid with braids,4.0,child,2023-2024
stu_XCKNQ66212,9,i'm black kid with braids,6.0,black,2023-2024
stu_XCKNQ66212,9,i'm black kid with braids,22.0,child,2023-2024
stu_MMZHT88458,17,i can sing,26.0,neutral,2023-2024
stu_YXBHV58732,17,I like school teachers,24.0,positive,2023-2024
stu_YXBHV58732,17,I like school teachers,14.0,positive,2023-2024
stu_NKHRJ04957,12,I love chocolate,24.0,positive,2023-2024
stu_CNIFN64507,7,im a soccer player,29.0,neutral,2023-2024
stu_IZQGI75719,6,I have 6 siblings,12.0,neutral,2023-2024
stu_MKEGQ97127,6,I'm a plant lover,24.0,positive,2023-2024
stu_EHYTZ32137,8,I'm good with kids,44.0,positive,2023-2024
stu_WPVZY01902,2,I like games,31.0,positive,2023-2024
stu_WPVZY01902,2,I like games,24.0,positive,2023-2024
stu_DUOEM76163,10,I like baseball and soccer,29.0,positive,2023-2024
stu_DUOEM76163,10,I like baseball and soccer,24.0,positive,2023-2024
stu_HEPWQ98561,14,i like styling hair.,30.0,positive,2023-2024
stu_HEPWQ98561,14,i like styling hair.,24.0,positive,2023-2024
stu_NWVEW24693,8,i like math if its fun,25.0,positive,2023-2024
stu_NWVEW24693,8,i like math if its fun,24.0,positive,2023-2024
stu_YPZIM54297,15,I am a older sibling,12.0,neutral,2023-2024
stu_FASQN45304,17,I am someone who is 12 years old.,4.0,12,2023-2024
stu_NZWIU92234,13,I have a dog,32.0,none,2023-2024
stu_WAWDW95831,2,I am very good at math.,25.0,positive,2023-2024
stu_YSQPA55709,13,i like frut,24.0,positive,2023-2024
stu_IIOVZ06372,19,I like going to restaurants,31.0,positive,2023-2024
stu_IIOVZ06372,19,I like going to restaurants,24.0,positive,2023-2024
stu_WAWDW95831,7,I am good at volleyball.,29.0,positive,2023-2024
stu_MXNSB23169,12,I like to sleep.,31.0,positive,2023-2024
stu_MXNSB23169,12,I like to sleep.,24.0,positive,2023-2024
stu_LTSJK02079,12,I like to play alone sometimes,31.0,positive,2023-2024
stu_LTSJK02079,12,I like to play alone sometimes,24.0,positive,2023-2024
stu_OQLOS45541,8,I'm a family person.,44.0,neutral,2023-2024
stu_OQLOS45541,8,I'm a family person.,12.0,neutral,2023-2024
stu_LNFOE66635,20,im leader not follower,46.0,positive,2023-2024
stu_LNFOE66635,20,im leader not follower,43.0,positive,2023-2024
stu_NYHDW07721,5,African-American,6.0,african-american,2023-2024
stu_QQMSX84242,3,a younger brother,12.0,neutral,2023-2024
stu_QQMSX84242,3,a younger brother,2.0,boy,2023-2024
stu_OFWAG94272,8,I'm the oldest child of 3,22.0,oldestchild,2023-2024
stu_OFWAG94272,8,I'm the oldest child of 3,12.0,neutral,2023-2024
stu_IZQGI75719,18,i like going outside,31.0,positive,2023-2024
stu_IZQGI75719,18,i like going outside,24.0,positive,2023-2024
stu_CQRFU18177,13,I love sleeping,31.0,positive,2023-2024
stu_CQRFU18177,13,I love sleeping,24.0,positive,2023-2024
stu_FUILC09238,9,im from west africa,7.0,west african,2023-2024
stu_EHXGF51692,17,I am [CITY] boxer,29.0,neutral,2023-2024
stu_EHXGF51692,17,I am [CITY] boxer,9.0,neutral,2023-2024
stu_ANQAT24428,14,i lke sour candy,24.0,positive,2023-2024
stu_VNSDU81090,7,i like spending time with family and friends,31.0,positive,2023-2024
stu_VNSDU81090,7,i like spending time with family and friends,10.0,positive,2023-2024
stu_VNSDU81090,7,i like spending time with family and friends,12.0,positive,2023-2024
stu_VNSDU81090,7,i like spending time with family and friends,24.0,positive,2023-2024
stu_VFKRH03938,1,i am a basketball player,29.0,neutral,2023-2024
stu_CAGAM03126,11,I am a person who loves music.,26.0,positive,2023-2024
stu_CAGAM03126,11,I am a person who loves music.,24.0,positive,2023-2024
stu_ZYUDW82089,18,i like tv,24.0,positive,2023-2024
stu_SJXEZ38047,9,I have curly hair.,35.0,neutral,2023-2024
stu_KCRZD23226,19,I like read books,31.0,positive,2023-2024
stu_KCRZD23226,19,I like read books,24.0,positive,2023-2024
stu_KCRZD23226,19,I like read books,25.0,positive,2023-2024
stu_UEYTM01990,20,I like to watch baseball.,31.0,positive,2023-2024
stu_UEYTM01990,20,I like to watch baseball.,24.0,positive,2023-2024
stu_UYFTQ45542,7,I am a singer type person not rapper,26.0,neutral,2023-2024
stu_EHLZF06092,4,I am black,6.0,black,2023-2024
stu_DZJHT48666,14,I love music,24.0,positive,2023-2024
stu_QQAHK93946,9,I use to do Kung Fu with my sibling,29.0,neutral,2023-2024
stu_QQAHK93946,9,I use to do Kung Fu with my sibling,12.0,neutral,2023-2024
stu_ZUARE93356,15,I like to go t o the water park,31.0,positive,2023-2024
stu_ZUARE93356,15,I like to go t o the water park,24.0,positive,2023-2024
stu_MZIVN56293,9,i was born in [CITY],9.0,neutral,2023-2024
stu_EJIML93711,19,I like watching moives.,31.0,positive,2023-2024
stu_EJIML93711,19,I like watching moives.,24.0,positive,2023-2024
stu_CQRFU18177,9,I care about my family,12.0,positive,2023-2024
stu_NMWSA27732,17,I speak two language,25.0,neutral,2023-2024
stu_NMWSA27732,17,I speak two language,22.0,bilingual,2023-2024
stu_QEGJI54214,18,i am a nike lover,30.0,positive,2023-2024
stu_QEGJI54214,18,i am a nike lover,24.0,positive,2023-2024
stu_UEDQL23543,14,a 8th grader,22.0,8thgrade,2023-2024
stu_UEDQL23543,14,a 8th grader,4.0,8thgrade,2023-2024
stu_UEDQL23543,14,a 8th grader,14.0,neutral,2023-2024
stu_OMSFY97090,14,im a students,14.0,neutral,2023-2024
stu_NMWSA27732,16,I have blue eyes,35.0,neutral,2023-2024
stu_VQFBG95862,13,i am a good person,40.0,positive,2023-2024
stu_ERQCY81201,18,i am a girl who loves to swim,29.0,positive,2023-2024
stu_ERQCY81201,18,i am a girl who loves to swim,2.0,girl,2023-2024
stu_ERQCY81201,18,i am a girl who loves to swim,24.0,positive,2023-2024
stu_CWQDV67579,9,I am a soccer player,29.0,neutral,2023-2024
stu_MRIWT64391,2,a student,14.0,neutral,2023-2024
stu_VUNQZ79892,18,im pizza lover,24.0,positive,2023-2024
stu_XUDYN03051,1,I am a boy,2.0,boy,2023-2024
stu_CPAQO78519,5,I am someone who loves fruits,24.0,positive,2023-2024
stu_CINVJ49388,18,[FIRST NAME] friend,10.0,neutral,2023-2024
stu_CINVJ49388,18,[FIRST NAME] friend,5.0,none,2023-2024
stu_WCANG48942,20,I am [FIRST NAME].,5.0,none,2023-2024
stu_NYHDW07721,10,Grandson of [FIRST LAST NAME],12.0,neutral,2023-2024
stu_NYHDW07721,10,Grandson of [FIRST LAST NAME],2.0,boy,2023-2024
stu_MXNSF14478,7,"I like my mother's cooking, but suppose sometimes my fathers",24.0,positive,2023-2024
stu_MXNSF14478,7,"I like my mother's cooking, but suppose sometimes my fathers",12.0,positive,2023-2024
stu_LKAAV41369,10,my favorite color is purple,24.0,positive,2023-2024
stu_CNIXS57234,4,I'm a student,14.0,neutral,2023-2024
stu_WAFQN21754,17,I am empathetic,44.0,positive,2023-2024
stu_NYHDW07721,6,A Student,14.0,neutral,2023-2024
stu_FPTDO32773,19,A fan of horror movies.,31.0,positive,2023-2024
stu_FPTDO32773,19,A fan of horror movies.,24.0,positive,2023-2024
stu_KCRZD23226,2,I like learning,25.0,positive,2023-2024
stu_KCRZD23226,2,I like learning,24.0,positive,2023-2024
stu_CNIFN64507,10,i like red,24.0,positive,2023-2024
stu_WAWDW95831,18,I love tag.,29.0,positive,2023-2024
stu_WAWDW95831,18,I love tag.,24.0,positive,2023-2024
stu_UYUIH18635,15,i like riding my bike,29.0,positive,2023-2024
stu_UYUIH18635,15,i like riding my bike,24.0,positive,2023-2024
stu_OMSFY97090,15,uim a students,14.0,neutral,2023-2024
stu_VENGZ10475,17,Very ambitious person,41.0,positive,2023-2024
stu_DJCZE13885,1,I'm a girl.,2.0,girl,2023-2024
stu_EQSJM78476,6,i am the favorite child,12.0,positive,2023-2024
stu_IZQGI75719,4,i play soccer,29.0,neutral,2023-2024
stu_LNFOE66635,7,cool,46.0,positive,2023-2024
stu_VSSOO37726,19,I don't when people talk about you,48.0,none,2023-2024
stu_YXBHV58732,14,I like music class,24.0,positive,2023-2024
stu_YXBHV58732,14,I like music class,14.0,positive,2023-2024
stu_JOVOI38701,16,I am someone who likes ice cream cake.,24.0,positive,2023-2024
stu_PJCOJ15115,6,I am a volleyball player,29.0,neutral,2023-2024
stu_QHOON52054,14,I am not a quitter,41.0,positive,2023-2024
stu_JOKOV89559,18,I am someone who loves writing.,25.0,positive,2023-2024
stu_JOKOV89559,18,I am someone who loves writing.,24.0,positive,2023-2024
stu_FASQN45304,5,I am the oldest of 2 children.,22.0,oldestchild,2023-2024
stu_FASQN45304,5,I am the oldest of 2 children.,12.0,neutral,2023-2024
stu_XUDYN03051,16,I like soccer,29.0,positive,2023-2024
stu_XUDYN03051,16,I like soccer,24.0,positive,2023-2024
stu_SAOLH99639,10,a man,2.0,man,2023-2024
stu_DERZZ01872,6,I like science.,25.0,positive,2023-2024
stu_DERZZ01872,6,I like science.,24.0,positive,2023-2024
stu_SELBD60428,11,student,14.0,neutral,2023-2024
stu_EHYTZ32137,20,I have a late birthday,22.0,late birthday,2023-2024
stu_DUOEM76163,15,My favorite sea animal is a dolphin,24.0,positive,2023-2024
stu_FSPCV10901,17,I like to go to the beach.,31.0,positive,2023-2024
stu_FSPCV10901,17,I like to go to the beach.,24.0,positive,2023-2024
stu_VKCWY07846,1,im a boy,2.0,boy,2023-2024
stu_KWLPL21630,11,I like watching Tv.,31.0,positive,2023-2024
stu_KWLPL21630,11,I like watching Tv.,24.0,positive,2023-2024
stu_LNFOE66635,2,creative,43.0,positive,2023-2024
stu_ZARRQ26344,8,my favorite candy is butter finger,24.0,positive,2023-2024
stu_CDXSC86692,4,i have a yonger brother,12.0,neutral,2023-2024
stu_MRIWT64391,7,a annoying person,46.0,negative,2023-2024
stu_SAOLH99639,11,a good boy,40.0,positive,2023-2024
stu_SAOLH99639,11,a good boy,2.0,boy,2023-2024
stu_SULZI60933,16,i speak spanish,25.0,neutral,2023-2024
stu_SULZI60933,16,i speak spanish,22.0,spanishspeaker,2023-2024
stu_YXJEP22115,16,I am 5'0,35.0,neutral,2023-2024
stu_PSHZT50501,13,I like hanging out with people,31.0,positive,2023-2024
stu_PSHZT50501,13,I like hanging out with people,24.0,positive,2023-2024
stu_QOGPO20181,5,l am nice,44.0,positive,2023-2024
stu_DJCZE13885,18,I like water.,24.0,positive,2023-2024
stu_SJNFF34466,14,plays Fortnite,28.0,neutral,2023-2024
stu_FNVBP19615,11,I'd pefer being at school the at home.,14.0,positive,2023-2024
stu_UEVQJ25414,10,in chase money,48.0,none,2023-2024
stu_KWLPL21630,13,I like going to the play ground.,31.0,positive,2023-2024
stu_KWLPL21630,13,I like going to the play ground.,24.0,positive,2023-2024
stu_TYPZX10676,5,I love when i can use hint like they tell me what to do .,47.0,positive,2023-2024
stu_TYPZX10676,5,I love when i can use hint like they tell me what to do .,24.0,positive,2023-2024
stu_SJXEZ38047,1,I am a girl,2.0,girl,2023-2024
stu_XCKNQ66212,2,im a student a [SCHOOL NAME],14.0,neutral,2023-2024
stu_DJCZE13885,4,I'm in chorus and band at my school.,26.0,neutral,2023-2024
stu_DJCZE13885,4,I'm in chorus and band at my school.,14.0,neutral,2023-2024
stu_CPBCK00658,13,I like to wear short thing,30.0,positive,2023-2024
stu_CPBCK00658,13,I like to wear short thing,24.0,positive,2023-2024
stu_XSQUV53095,4,I AM [FIRST NAME] A GAMER,28.0,neutral,2023-2024
stu_XSQUV53095,4,I AM [FIRST NAME] A GAMER,5.0,none,2023-2024
stu_CNIXS57234,13,I have two older borthers a younger sister and a younger borthers,12.0,neutral,2023-2024
stu_QPHPK12517,12,I am straight,3.0,straight,2023-2024
stu_NWRRN03456,4,I have 1 series badges unlocked on MATH Stream.,14.0,positive,2023-2024
stu_CDXSC86692,2,I am a person with brown hair,35.0,neutral,2023-2024
stu_QFXDD68186,11,I like too sing,26.0,positive,2023-2024
stu_QFXDD68186,11,I like too sing,24.0,positive,2023-2024
stu_CAGAM03126,3,I am a person who loves animals.,24.0,positive,2023-2024
stu_HVWUJ52450,20,im a mommas boy,12.0,neutral,2023-2024
stu_HVWUJ52450,20,im a mommas boy,2.0,boy,2023-2024
stu_YSQPA55709,20,my favoret candy are jolly ranchers,24.0,positive,2023-2024
stu_JVLXZ63894,15,Daughter,12.0,neutral,2023-2024
stu_JVLXZ63894,15,Daughter,2.0,girl,2023-2024
stu_DUOEM76163,3,I like burgers,24.0,positive,2023-2024
stu_PSHPN85751,16,bye,48.0,none,2023-2024
stu_CHVFQ54169,19,I Love going to party and eat.,31.0,positive,2023-2024
stu_CHVFQ54169,19,I Love going to party and eat.,24.0,positive,2023-2024
stu_WEADW20158,15,i like watching funny things,31.0,positive,2023-2024
stu_WEADW20158,15,i like watching funny things,24.0,positive,2023-2024
stu_VGJIS59600,20,Dogs are my favorite animals out of cats,24.0,positive,2023-2024
stu_STIXI97047,10,I am [LAST NAME] .,5.0,none,2023-2024
stu_FHADA27602,10,my favorite song is i will wait for you by future.,24.0,positive,2023-2024
stu_NWRRN03456,10,I love school.,24.0,positive,2023-2024
stu_NWRRN03456,10,I love school.,14.0,positive,2023-2024
stu_IGLSS89625,15,erthnyu,48.0,none,2023-2024
stu_GXMFA19655,10,i am athletic,29.0,neutral,2023-2024
stu_TFTDG28078,19,A girl who plays video games.,28.0,positive,2023-2024
stu_TFTDG28078,19,A girl who plays video games.,2.0,girl,2023-2024
stu_HVWUJ52450,10,IM 5'2,35.0,neutral,2023-2024
stu_KFYJM61476,2,I have brown eyes.,35.0,neutral,2023-2024
stu_JPMJO86637,20,i like being at school because school is like my home because all my friend and my teachers.,14.0,positive,2023-2024
stu_JPMJO86637,20,i like being at school because school is like my home because all my friend and my teachers.,10.0,positive,2023-2024
stu_NKHRJ04957,4,I speak English and portuguies,25.0,neutral,2023-2024
stu_NKHRJ04957,4,I speak English and portuguies,22.0,englishspeakerandportuguesespeaker,2023-2024
stu_QOGPO20181,6,l am good at volleyball,29.0,positive,2023-2024
stu_CHVFQ54169,1,I am girl.,2.0,girl,2023-2024
stu_VOXTG50835,19,I like talking to people,44.0,positive,2023-2024
stu_VOXTG50835,19,I like talking to people,14.0,positive,2023-2024
stu_PNNIR08301,7,I speak Vietnamese.,25.0,neutral,2023-2024
stu_PNNIR08301,7,I speak Vietnamese.,22.0,vietnamesespeaker,2023-2024
stu_VSSOO37726,8,I like math,25.0,positive,2023-2024
stu_VSSOO37726,8,I like math,24.0,positive,2023-2024
stu_MIJEQ06664,13,I like me,24.0,positive,2023-2024
stu_MIJEQ06664,13,I like me,19.0,none,2023-2024
stu_PUHUL75671,8,somewhat resposible,40.0,positive,2023-2024
stu_LDUML32113,1,A student,14.0,neutral,2023-2024
stu_MIJEQ06664,17,I like my room,24.0,positive,2023-2024
stu_EJIML93711,3,I like games,31.0,positive,2023-2024
stu_EJIML93711,3,I like games,24.0,positive,2023-2024
stu_UTXBZ05806,13,i am from Cape Verde,7.0,cape verdean,2023-2024
stu_PNNIR08301,9,I enjoy school.,14.0,positive,2023-2024
stu_NJZBY59884,20,i like to go to arcade,31.0,positive,2023-2024
stu_NJZBY59884,20,i like to go to arcade,24.0,positive,2023-2024
stu_YXJEP22115,3,I am a kid that goes to [SCHOOL NAME],22.0,child,2023-2024
stu_YXJEP22115,3,I am a kid that goes to [SCHOOL NAME],4.0,child,2023-2024
stu_YXJEP22115,3,I am a kid that goes to [SCHOOL NAME],14.0,neutral,2023-2024
stu_VSSOO37726,17,I like to speak in english,31.0,positive,2023-2024
stu_VSSOO37726,17,I like to speak in english,24.0,positive,2023-2024
stu_MXNSB23169,4,I speak english.,25.0,neutral,2023-2024
stu_MXNSB23169,4,I speak english.,22.0,englishspeaker,2023-2024
stu_QEGJI54214,16,i am a stranger things lover,24.0,positive,2023-2024
stu_WYTLH51489,11,I like to bake,31.0,positive,2023-2024
stu_WYTLH51489,11,I like to bake,24.0,positive,2023-2024
stu_XCKNQ66212,7,i wanna be an nba player,29.0,positive,2023-2024
stu_GXMFA19655,18,i am a basketball player,29.0,neutral,2023-2024
stu_QPHPK12517,9,afletic,43.0,positive,2023-2024
stu_IZQGI75719,14,i like roblox,27.0,positive,2023-2024
stu_IZQGI75719,14,i like roblox,24.0,positive,2023-2024
stu_TSQUQ54202,5,I am [NAME].,5.0,none,2023-2024
stu_HXXCS05602,6,i'm creative,43.0,positive,2023-2024
stu_IGWBR81023,20,my fast food is wingstop,24.0,positive,2023-2024
stu_MXNSF14478,5,"I'm nice, great, and good bestfriend/friend/family member",44.0,positive,2023-2024
stu_MXNSF14478,5,"I'm nice, great, and good bestfriend/friend/family member",10.0,positive,2023-2024
stu_MXNSF14478,5,"I'm nice, great, and good bestfriend/friend/family member",12.0,positive,2023-2024
stu_MXNSF14478,5,"I'm nice, great, and good bestfriend/friend/family member",40.0,positive,2023-2024
stu_VGJIS59600,16,My favorite subject is history,14.0,positive,2023-2024
stu_UJNMI16598,8,Musician,26.0,neutral,2023-2024
stu_VQFBG95862,2,i am a student,14.0,neutral,2023-2024
stu_RFRYE74718,3,I am Beautiful.,35.0,positive,2023-2024
stu_XSQUV53095,12,I AM [FIRST NAME] A 12 YEAR OLD BOY,5.0,none,2023-2024
stu_XSQUV53095,12,I AM [FIRST NAME] A 12 YEAR OLD BOY,2.0,boy,2023-2024
stu_XSQUV53095,12,I AM [FIRST NAME] A 12 YEAR OLD BOY,4.0,12,2023-2024
stu_EJIML93711,1,I'm [FIRST NAME],5.0,none,2023-2024
stu_CNIFN64507,16,im 5'2,35.0,neutral,2023-2024
stu_PSHPN85751,1,[FIRST LAST NAME],5.0,none,2023-2024
stu_LVOOZ80056,10,I am Cape verdian.,7.0,cape verdean,2023-2024
stu_RUBQU39803,4,i am from cape verde,7.0,cape verdean,2023-2024
stu_HMQRZ27503,6,I play basket ball fun,29.0,positive,2023-2024
stu_TYPZX10676,3,I like when they tell me what i did wrong.,47.0,positive,2023-2024
stu_TYPZX10676,3,I like when they tell me what i did wrong.,24.0,positive,2023-2024
stu_SJNFF34466,12,cat lover,24.0,positive,2023-2024
stu_YXJEP22115,4,I am a 13 year old female,4.0,13,2023-2024
stu_YXJEP22115,4,I am a 13 year old female,1.0,female,2023-2024
stu_SELBD60428,16,student,14.0,neutral,2023-2024
stu_DUOEM76163,12,My last name is German,7.0,german,2023-2024
stu_DUOEM76163,12,My last name is German,5.0,none,2023-2024
stu_PSHZT50501,1,I am [FIRST LAST NAME],5.0,none,2023-2024
stu_IKUOQ66846,13,I am the youngest sibling,12.0,neutral,2023-2024
stu_SJNFF34466,1,a non physical sport person,29.0,negative,2023-2024
stu_SBUBU63586,11,i am a good baker,31.0,positive,2023-2024
stu_NYHDW07721,12,Kind person,44.0,positive,2023-2024
stu_NYHDW07721,12,Kind person,21.0,none,2023-2024
stu_RDPGG44681,11,I am sensitive,45.0,neutral,2023-2024
stu_ROULI02103,13,i love jordans,30.0,positive,2023-2024
stu_ROULI02103,13,i love jordans,24.0,positive,2023-2024
stu_RUZUK44953,17,I believe in God and that Jesus died for us,23.0,christian,2023-2024
stu_CAGAM03126,1,I am a student.,14.0,neutral,2023-2024
stu_MXNSB23169,16,I like gym.,24.0,positive,2023-2024
stu_MXNSB23169,16,I like gym.,14.0,positive,2023-2024
stu_VUNQZ79892,5,i like anime,24.0,positive,2023-2024
stu_KWMWG76590,3,i have a vr,32.0,none,2023-2024
stu_WBAVA84528,1,I'm a video gamer,28.0,neutral,2023-2024
stu_JPMJO86637,15,I'm kind,44.0,positive,2023-2024
stu_VUNQZ79892,8,im a quite person,44.0,neutral,2023-2024
stu_OQLOS45541,20,I am me.,19.0,none,2023-2024
stu_PNNIR08301,11,I am a volunteer.,31.0,neutral,2023-2024
stu_RDOVU20570,5,I am someone who likes to cook,31.0,positive,2023-2024
stu_RDOVU20570,5,I am someone who likes to cook,24.0,positive,2023-2024
stu_VOXTG50835,18,I like to make frinds,31.0,positive,2023-2024
stu_VOXTG50835,18,I like to make frinds,10.0,positive,2023-2024
stu_VOXTG50835,18,I like to make frinds,24.0,positive,2023-2024
stu_KJOZZ30475,13,I'm not strong in math,25.0,negative,2023-2024
stu_GCHCS91000,13,i am a pizza lover,24.0,positive,2023-2024
stu_ANAWT41929,20,I love my family,24.0,positive,2023-2024
stu_ANAWT41929,20,I love my family,12.0,positive,2023-2024
stu_OIYXZ27717,8,I am someone who likes to travel,31.0,positive,2023-2024
stu_OIYXZ27717,8,I am someone who likes to travel,24.0,positive,2023-2024
stu_SJNFF34466,8,i have 5-6 cousins,12.0,neutral,2023-2024
stu_XHGVP79664,12,I have a cat,32.0,none,2023-2024
stu_FASQN45304,16,I am someone who's birthday is on [DAY].,22.0,[birth month],2023-2024
stu_QQMSX84242,17,a nerd,25.0,neutral,2023-2024
stu_QQMSX84242,17,a nerd,22.0,nerd,2023-2024
stu_QHOON52054,11,I am [FIRST LAST NAME],5.0,none,2023-2024
stu_CDGKD03653,13,i wear jordans,30.0,neutral,2023-2024
stu_RNIHY62490,6,I play basketball,29.0,neutral,2023-2024
stu_GXIYC47970,8,I am a gamer,28.0,neutral,2023-2024
stu_RSKDK68207,3,I am 14 years old.,4.0,14,2023-2024
stu_FNVBP19615,14,I love my little sister.,24.0,positive,2023-2024
stu_FNVBP19615,14,I love my little sister.,12.0,positive,2023-2024
stu_CDXSC86692,14,I am the person that my brithday is on Decmber,22.0,december birthday,2023-2024
stu_ROULI02103,4,i love my family,24.0,positive,2023-2024
stu_ROULI02103,4,i love my family,12.0,positive,2023-2024
stu_RDOVU20570,14,I am 13,4.0,13,2023-2024
stu_FQEST23326,4,an animal lover,24.0,positive,2023-2024
stu_WEADW20158,17,i like to draw,26.0,positive,2023-2024
stu_WEADW20158,17,i like to draw,24.0,positive,2023-2024
stu_JTZYY08754,19,I never tried India food but if i can then I would,31.0,neutral,2023-2024
stu_CTAZU65504,1,I am kind,44.0,positive,2023-2024
stu_UHXBA77476,15,I am the youngest child,22.0,youngestchild,2023-2024
stu_UHXBA77476,15,I am the youngest child,12.0,neutral,2023-2024
stu_RUBQU39803,18,i am a person who likes to swim,29.0,positive,2023-2024
stu_RUBQU39803,18,i am a person who likes to swim,24.0,positive,2023-2024
stu_CJHBB29429,14,My favorite sports team is the Celtics,24.0,positive,2023-2024
stu_GXIYC47970,2,I am a middle school student,22.0,middleschooler,2023-2024
stu_GXIYC47970,2,I am a middle school student,4.0,middleschooler,2023-2024
stu_GXIYC47970,2,I am a middle school student,14.0,neutral,2023-2024
stu_DHTXQ91573,16,I am a students from 6 grades,22.0,6thgrade,2023-2024
stu_DHTXQ91573,16,I am a students from 6 grades,4.0,6thgrade,2023-2024
stu_DHTXQ91573,16,I am a students from 6 grades,14.0,neutral,2023-2024
stu_VGJIS59600,12,I really like to watch anime,31.0,positive,2023-2024
stu_VGJIS59600,12,I really like to watch anime,24.0,positive,2023-2024
stu_PJCOJ15115,1,I am a gamer,28.0,neutral,2023-2024
stu_CLLRZ76280,18,My favorite month is february,24.0,positive,2023-2024
stu_MRIWT64391,12,a son,12.0,neutral,2023-2024
stu_MRIWT64391,12,a son,2.0,boy,2023-2024
stu_CWQDV67579,11,i like basketball,29.0,positive,2023-2024
stu_CWQDV67579,11,i like basketball,24.0,positive,2023-2024
stu_MMZHT88458,9,i play a lot of video games,28.0,neutral,2023-2024
stu_CETOG17008,14,smart,43.0,positive,2023-2024
stu_CETOG17008,14,smart,25.0,positive,2023-2024
stu_JUQPD47363,20,I am [FIRST NAME].,5.0,none,2023-2024
stu_JERPG96865,18,i am pretty good at math,25.0,positive,2023-2024
stu_WAWDW95831,15,I love volleyball.,29.0,positive,2023-2024
stu_WAWDW95831,15,I love volleyball.,24.0,positive,2023-2024
stu_PXDPN73068,6,Im a 6th grade student,22.0,6thgrade,2023-2024
stu_PXDPN73068,6,Im a 6th grade student,4.0,6thgrade,2023-2024
stu_PXDPN73068,6,Im a 6th grade student,14.0,neutral,2023-2024
stu_JERPG96865,17,i dont like school,14.0,negative,2023-2024
stu_UEDQL23543,16,good at doing hair,30.0,positive,2023-2024
stu_HLKZL24322,1,a brother,12.0,neutral,2023-2024
stu_HLKZL24322,1,a brother,2.0,boy,2023-2024
stu_SAOLH99639,6,i love cats,24.0,positive,2023-2024
stu_AHWRN95528,1,I am someone who likes games,31.0,positive,2023-2024
stu_AHWRN95528,1,I am someone who likes games,24.0,positive,2023-2024
stu_XUDYN03051,19,I like action movies,24.0,positive,2023-2024
stu_SJXEZ38047,15,I like hot Cheetos n Doritos,24.0,positive,2023-2024
stu_FTOYB42084,5,im a pet person,21.0,pet person,2023-2024
stu_CWQDV67579,8,I like sports,29.0,positive,2023-2024
stu_CWQDV67579,8,I like sports,24.0,positive,2023-2024
stu_OFAWH83528,19,i like kai cenat,24.0,positive,2023-2024
stu_PKXZK94759,16,My favorite show is Deathnote,24.0,positive,2023-2024
stu_QACJQ31561,15,my fav food is pasta,24.0,positive,2023-2024
stu_FTOYB42084,6,im funny,46.0,positive,2023-2024
stu_MTCIM85775,2,An artist,26.0,neutral,2023-2024
stu_JPMJO86637,19,I like all my friends.,24.0,positive,2023-2024
stu_JPMJO86637,19,I like all my friends.,10.0,positive,2023-2024
stu_TSQUQ54202,10,I am a respectful young woman.,40.0,positive,2023-2024
stu_TSQUQ54202,10,I am a respectful young woman.,2.0,woman,2023-2024
stu_TSQUQ54202,10,I am a respectful young woman.,22.0,youngwoman,2023-2024
stu_KJOZZ30475,14,I am more strong in English.,25.0,neutral,2023-2024
stu_SIWRL23181,10,i am passionate,41.0,positive,2023-2024
stu_AHWRN95528,12,I am someone who likes going outside,31.0,positive,2023-2024
stu_AHWRN95528,12,I am someone who likes going outside,24.0,positive,2023-2024
stu_CJHBB29429,11,My favorite food is ox tail,24.0,positive,2023-2024
stu_CETOG17008,18,middle child,22.0,middlechild,2023-2024
stu_CETOG17008,18,middle child,12.0,neutral,2023-2024
stu_ZQMQQ26810,13,i like roblox,27.0,positive,2023-2024
stu_ZQMQQ26810,13,i like roblox,24.0,positive,2023-2024
stu_CWQDV67579,19,I am [FIRST LAST NAME],5.0,none,2023-2024
stu_XUDYN03051,7,I have a ginger cat,32.0,none,2023-2024
stu_NJZBY59884,1,i like football and basketball.,29.0,positive,2023-2024
stu_NJZBY59884,1,i like football and basketball.,24.0,positive,2023-2024
stu_MTCIM85775,15,A gamer,28.0,neutral,2023-2024
stu_KGOWI06896,20,I like to watch new shows,31.0,positive,2023-2024
stu_KGOWI06896,20,I like to watch new shows,24.0,positive,2023-2024
stu_MRIWT64391,17,i like MONEYYYY$$$$!!!!!!!!,34.0,positive,2023-2024
stu_MRIWT64391,17,i like MONEYYYY$$$$!!!!!!!!,24.0,positive,2023-2024
stu_XHPVX80161,11,i am [TEACHER] Student,14.0,neutral,2023-2024
stu_WWNBY52737,10,I have 2 older brothers.,12.0,neutral,2023-2024
stu_NWRRC44615,11,i like skin care,30.0,positive,2023-2024
stu_NWRRC44615,11,i like skin care,24.0,positive,2023-2024
stu_TFTDG28078,7,a cape verdean girl,7.0,capeverdean,2023-2024
stu_TFTDG28078,7,a cape verdean girl,2.0,girl,2023-2024
stu_XHPVX80161,17,babytron defender,26.0,neutral,2023-2024
stu_VOXTG50835,7,I like shoes,30.0,positive,2023-2024
stu_VOXTG50835,7,I like shoes,24.0,positive,2023-2024
stu_WQGUY90279,1,I'm a female,1.0,female,2023-2024
stu_SOWGI28002,2,I am someone who has a sister,12.0,neutral,2023-2024
stu_CULOH75877,2,I am the youngest,12.0,neutral,2023-2024
stu_JUQPD47363,17,I am in love with the color yellow.,24.0,positive,2023-2024
stu_NKHRJ04957,5,I played soccer,29.0,neutral,2023-2024
stu_EHYTZ32137,15,i like to talk,44.0,positive,2023-2024
stu_EHYTZ32137,15,i like to talk,24.0,positive,2023-2024
stu_NKHRJ04957,7,I spend time with my family,31.0,neutral,2023-2024
stu_NKHRJ04957,7,I spend time with my family,12.0,neutral,2023-2024
stu_ROXAU39801,6,I am a basketball player,29.0,neutral,2023-2024
stu_CULOH75877,9,I am respectful,40.0,positive,2023-2024
stu_WQGUY90279,3,I like sleeping,31.0,positive,2023-2024
stu_WQGUY90279,3,I like sleeping,24.0,positive,2023-2024
stu_VFKRH03938,5,i am from Massachusetts,9.0,from massachusetts,2023-2024
stu_YSQPA55709,14,i like cars,24.0,positive,2023-2024
stu_WYTLH51489,5,I like to read,25.0,positive,2023-2024
stu_WYTLH51489,5,I like to read,24.0,positive,2023-2024
stu_RUZUK44953,2,I am an English speaking person,25.0,neutral,2023-2024
stu_RUZUK44953,2,I am an English speaking person,22.0,englishspeaker,2023-2024
stu_TFTDG28078,3,a 12yo girl,4.0,12,2023-2024
stu_TFTDG28078,3,a 12yo girl,2.0,girl,2023-2024
stu_VSSOO37726,20,I like to listen to music,26.0,positive,2023-2024
stu_VSSOO37726,20,I like to listen to music,24.0,positive,2023-2024
stu_DHTXQ91573,11,I am a students from 6 grades,22.0,6thgrade,2023-2024
stu_DHTXQ91573,11,I am a students from 6 grades,4.0,6thgrade,2023-2024
stu_DHTXQ91573,11,I am a students from 6 grades,14.0,neutral,2023-2024
stu_CNIFN64507,19,im a rabbit,48.0,neutral,2023-2024
stu_FASQN45304,19,I am someone who is respectful.,40.0,positive,2023-2024
stu_GXIYC47970,5,I am a short person,35.0,neutral,2023-2024
stu_TFTDG28078,2,A volleyball player,29.0,neutral,2023-2024
stu_LDUML32113,4,honest,40.0,positive,2023-2024
stu_KGOWI06896,4,I dont like the teachers here,24.0,negative,2023-2024
stu_KGOWI06896,4,I dont like the teachers here,14.0,negative,2023-2024
stu_FVHVM49769,8,i am a sneaker lover,30.0,positive,2023-2024
stu_FVHVM49769,8,i am a sneaker lover,24.0,positive,2023-2024
stu_WYTLH51489,20,I am honest,40.0,positive,2023-2024
stu_UTXBZ05806,5,i am someone who likes to watch,31.0,positive,2023-2024
stu_UTXBZ05806,5,i am someone who likes to watch,24.0,positive,2023-2024
stu_OFWAG94272,17,I like going outside,31.0,positive,2023-2024
stu_OFWAG94272,17,I like going outside,24.0,positive,2023-2024
stu_TFTDG28078,20,roblox n fortnite lover.,28.0,positive,2023-2024
stu_TFTDG28078,20,roblox n fortnite lover.,24.0,positive,2023-2024
stu_FBWGP41232,2,l'm a girl,2.0,girl,2023-2024
stu_WTRMC77187,2,i Ilike lexia,24.0,positive,2023-2024
stu_WTRMC77187,2,i Ilike lexia,14.0,positive,2023-2024
stu_YXJEP22115,1,I am a student,14.0,neutral,2023-2024
stu_UTXBZ05806,1,i am a soccer player and i play for [TEAM NAME],29.0,neutral,2023-2024
stu_MKGYA55892,13,13 year old,4.0,13,2023-2024
stu_VQFBG95862,9,i am a althle,29.0,neutral,2023-2024
stu_QCKDZ64012,11,i love candy,24.0,positive,2023-2024
stu_XXEBH66449,15,I am a student,14.0,neutral,2023-2024
stu_CETOG17008,9,basketball player,29.0,neutral,2023-2024
stu_YXJEP22115,6,I am a singer,26.0,neutral,2023-2024
stu_MMZHT88458,18,i am a nice person i think,44.0,positive,2023-2024
stu_MMZHT88458,18,i am a nice person i think,21.0,none,2023-2024
stu_WPVZY01902,3,I like rewards.,24.0,positive,2023-2024
stu_ROXAU39801,7,I am a MATHia superstar,14.0,positive,2023-2024
stu_WTRMC77187,5,Im mostly bored,45.0,negative,2023-2024
stu_DUOEM76163,6,My favorite color is blue,24.0,positive,2023-2024
stu_FASQN45304,10,I am someone who can speak Chinese.,25.0,neutral,2023-2024
stu_FASQN45304,10,I am someone who can speak Chinese.,22.0,chinesespeaker,2023-2024
stu_MYCLF44200,7,I love shoes.,30.0,positive,2023-2024
stu_MYCLF44200,7,I love shoes.,24.0,positive,2023-2024
stu_EUIXK95276,18,"I'm a student at the [SCHOOL NAME], I love dancing, singing, gym class, Art class, eating food",31.0,positive,2023-2024
stu_EUIXK95276,18,"I'm a student at the [SCHOOL NAME], I love dancing, singing, gym class, Art class, eating food",14.0,neutral,2023-2024
stu_EUIXK95276,18,"I'm a student at the [SCHOOL NAME], I love dancing, singing, gym class, Art class, eating food",24.0,positive,2023-2024
stu_EUIXK95276,18,"I'm a student at the [SCHOOL NAME], I love dancing, singing, gym class, Art class, eating food",26.0,positive,2023-2024
stu_EUIXK95276,18,"I'm a student at the [SCHOOL NAME], I love dancing, singing, gym class, Art class, eating food",29.0,positive,2023-2024
stu_OCRTY88035,8,I am someone that loves to be the want to be the funny one in the family.,44.0,positive,2023-2024
stu_BCRYB29652,5,I'm smert,43.0,positive,2023-2024
stu_BCRYB29652,5,I'm smert,25.0,positive,2023-2024
stu_IGWBR81023,16,i am shy with certain people,44.0,neutral,2023-2024
stu_JTZYY08754,16,dnd mean do not dasturd,48.0,none,2023-2024
stu_DHTXQ91573,13,I am a students from 6 grades,22.0,6thgrade,2023-2024
stu_DHTXQ91573,13,I am a students from 6 grades,4.0,6thgrade,2023-2024
stu_DHTXQ91573,13,I am a students from 6 grades,14.0,neutral,2023-2024
stu_HMQRZ27503,12,i speak four language .,25.0,neutral,2023-2024
stu_HMQRZ27503,12,i speak four language .,22.0,multilingual,2023-2024
stu_VSSOO37726,4,I like to play basketball,29.0,positive,2023-2024
stu_VSSOO37726,4,I like to play basketball,24.0,positive,2023-2024
stu_MZIVN56293,17,i go to a school in [SCHOOL DISTRICT],14.0,neutral,2023-2024
stu_YBWGX96937,5,i like PHYSICAL EDUCATION,24.0,positive,2023-2024
stu_YBWGX96937,5,i like PHYSICAL EDUCATION,14.0,positive,2023-2024
stu_LTSJK02079,4,I am a only child,22.0,onlychild,2023-2024
stu_LTSJK02079,4,I am a only child,12.0,neutral,2023-2024
stu_FBWGP41232,19,I'm really smart,43.0,positive,2023-2024
stu_FBWGP41232,19,I'm really smart,25.0,positive,2023-2024
stu_PFDTL78462,20,I am loyal. Thats it.,44.0,positive,2023-2024
stu_PJCOJ15115,14,I am a cashapp user,27.0,neutral,2023-2024
stu_MYCLF44200,11,I love Jesus.,24.0,positive,2023-2024
stu_MYCLF44200,11,I love Jesus.,16.0,christian,2023-2024
stu_MMZHT88458,1,i like games,31.0,positive,2023-2024
stu_MMZHT88458,1,i like games,24.0,positive,2023-2024
stu_NWRRC44615,20,i like candy,24.0,positive,2023-2024
stu_YBWGX96937,9,i like art,26.0,positive,2023-2024
stu_YBWGX96937,9,i like art,24.0,positive,2023-2024
stu_QEGJI54214,10,i am a game lover,31.0,positive,2023-2024
stu_QEGJI54214,10,i am a game lover,24.0,positive,2023-2024
stu_IDHIE84911,10,am lovely,44.0,positive,2023-2024
stu_KWLPL21630,7,I'm a student.,14.0,neutral,2023-2024
stu_HLKZL24322,11,a love for pizza,24.0,positive,2023-2024
stu_EXNUN73314,2,I am a reader,25.0,neutral,2023-2024
stu_QCKDZ64012,5,i play soccer,29.0,neutral,2023-2024
stu_CETOG17008,15,dumb,43.0,negative,2023-2024
stu_CETOG17008,15,dumb,25.0,negative,2023-2024
stu_NYHDW07721,9,Cousin of [FIRST LAST NAME],12.0,neutral,2023-2024
stu_NWVEW24693,4,I hate Math and English.,25.0,negative,2023-2024
stu_NWVEW24693,4,I hate Math and English.,24.0,negative,2023-2024
stu_QQMSX84242,5,a christan,16.0,christian,2023-2024
stu_SBUBU63586,9,i am a good freand,40.0,positive,2023-2024
stu_SBUBU63586,9,i am a good freand,10.0,positive,2023-2024
stu_TDURA35752,7,I am artistic,26.0,neutral,2023-2024
stu_HLKZL24322,17,i like pizza,24.0,positive,2023-2024
stu_EUWJA76858,18,I like iced tea.,24.0,positive,2023-2024
stu_SELBD60428,17,student,14.0,neutral,2023-2024
stu_QEGJI54214,15,i am a shoe lover,30.0,positive,2023-2024
stu_QEGJI54214,15,i am a shoe lover,24.0,positive,2023-2024
stu_KOIIB68446,14,my best firend is my little brother,12.0,nuetral,2023-2024
stu_KOIIB68446,14,my best firend is my little brother,10.0,neutral,2023-2024
stu_CWJCN88700,5,I am a owner of a cat,32.0,none,2023-2024
stu_WAWDW95831,10,I am good school.,14.0,positive,2023-2024
stu_ECYEC76336,17,I am a student ambassador,14.0,positive,2023-2024
stu_CWJCN88700,7,I am learning chinese,25.0,neutral,2023-2024
stu_VUNQZ79892,19,im a cool person,46.0,positive,2023-2024
stu_VUNQZ79892,19,im a cool person,21.0,none,2023-2024
stu_PSHPN85751,6,i play on playstation,28.0,neutral,2023-2024
stu_VQFBG95862,19,i am a good booy,40.0,positive,2023-2024
stu_VQFBG95862,19,i am a good booy,2.0,boy,2023-2024
stu_VKCWY07846,10,i have adhd,38.0,none,2023-2024
stu_ORUUL82324,17,I can speed-walk REALLY fast,29.0,positive,2023-2024
stu_XXEBH66449,5,I am a person who likes food,24.0,positive,2023-2024
stu_FUILC09238,19,i'm shy,44.0,neutral,2023-2024
stu_FNVBP19615,10,I love my friends.,24.0,positive,2023-2024
stu_FNVBP19615,10,I love my friends.,10.0,positive,2023-2024
stu_HEPWQ98561,19,i like going out,31.0,positive,2023-2024
stu_HEPWQ98561,19,i like going out,24.0,positive,2023-2024
stu_OFAWH83528,20,I like going to pools and the beach,31.0,positive,2023-2024
stu_OFAWH83528,20,I like going to pools and the beach,24.0,positive,2023-2024
stu_CNIXS57234,16,I have short hear,35.0,neutral,2023-2024
stu_MMZHT88458,14,i like cartoons,24.0,positive,2023-2024
stu_CDGKD03653,8,i love my dad,12.0,positive,2023-2024
stu_PUNZK45438,7,i like to go to the pool,31.0,positive,2023-2024
stu_PUNZK45438,7,i like to go to the pool,24.0,positive,2023-2024
stu_QHOON52054,9,I am the oldest child,22.0,oldestchild,2023-2024
stu_QHOON52054,9,I am the oldest child,12.0,neutral,2023-2024
stu_JERPG96865,9,i like dogs,24.0,positive,2023-2024
stu_QZOUO83023,15,Sometimes i like to watch a move,31.0,positive,2023-2024
stu_QZOUO83023,15,Sometimes i like to watch a move,24.0,positive,2023-2024
stu_UHXBA77476,18,I am an aunt,12.0,neutral,2023-2024
stu_UHXBA77476,18,I am an aunt,2.0,girl,2023-2024
stu_EHYTZ32137,13,math is my least favorite subject,14.0,negative,2023-2024
stu_MYCLF44200,5,I like math.,25.0,positive,2023-2024
stu_MYCLF44200,5,I like math.,24.0,positive,2023-2024
stu_WPVZY01902,20,I like PCs6,24.0,positive,2023-2024
stu_NMWSA27732,11,I love being in school,24.0,positive,2023-2024
stu_NMWSA27732,11,I love being in school,14.0,positive,2023-2024
stu_QFXDD68186,3,I'm an English speaker.,25.0,neutral,2023-2024
stu_QFXDD68186,3,I'm an English speaker.,22.0,englishspeaker,2023-2024
stu_PUHUL75671,4,honor student,14.0,positive,2023-2024
stu_WHBZD81732,12,yes i like icecream,24.0,positive,2023-2024
stu_IZQGI75719,2,I am a boy,2.0,boy,2023-2024
stu_CPVXX19825,5,My favirote color is red,24.0,positive,2023-2024
stu_TSQUQ54202,16,I am European and Cape Verdean.,7.0,european and cape verdean,2023-2024
stu_JOVOI38701,3,I am someone who likes to swim.,29.0,positive,2023-2024
stu_JOVOI38701,3,I am someone who likes to swim.,24.0,positive,2023-2024
stu_OFWAG94272,18,i have a lot of friends,10.0,positive,2023-2024
stu_DKGHS98193,3,i like red,24.0,positive,2023-2024
stu_STIXI97047,5,do something like make practice we can make at home.,48.0,none,2023-2024
stu_ANQAT24428,13,somebody who likes sour stuff,24.0,positive,2023-2024
stu_CETOG17008,2,african,7.0,african,2023-2024
stu_MYCLF44200,19,I like mcdonalds,24.0,positive,2023-2024
stu_FWPPR22255,18,I love my school,24.0,positive,2023-2024
stu_FWPPR22255,18,I love my school,14.0,positive,2023-2024
stu_IIOVZ06372,16,I dont really like math,25.0,negative,2023-2024
stu_IIOVZ06372,16,I dont really like math,24.0,negative,2023-2024
stu_EHXGF51692,9,I am a fan of money!!! YEA!,34.0,positive,2023-2024
stu_EHXGF51692,9,I am a fan of money!!! YEA!,24.0,positive,2023-2024
stu_LJAAE92948,9,My favorite subject is ELA,14.0,positive,2023-2024
stu_FBOFA96484,2,I am a soccer player,29.0,neutral,2023-2024
stu_QHOON52054,12,I am a good kid,40.0,positive,2023-2024
stu_QHOON52054,12,I am a good kid,4.0,child,2023-2024
stu_QHOON52054,12,I am a good kid,22.0,child,2023-2024
stu_UHXBA77476,8,I like math,25.0,positive,2023-2024
stu_UHXBA77476,8,I like math,24.0,positive,2023-2024
stu_ZUARE93356,1,I like to play soccer,29.0,positive,2023-2024
stu_ZUARE93356,1,I like to play soccer,24.0,positive,2023-2024
stu_XKMAG80800,15,I like more food,24.0,positive,2023-2024
stu_JOVOI38701,4,i am someone who likes the color orange,24.0,positive,2023-2024
stu_ROULI02103,1,i am dominican and haitian,7.0,dominican and haitian,2023-2024
stu_OQLOS45541,5,I'm a Cape Verdean.,7.0,cape verdean,2023-2024
stu_KJOZZ30475,15,Pronouns are she/her.,2.0,she/her,2023-2024
stu_MTCIM85775,9,I am a straight A student,14.0,positive,2023-2024
stu_AQNHF52456,2,capeverdean,7.0,cape verdean,2023-2024
stu_CETOG17008,8,man,2.0,man,2023-2024
stu_VUNQZ79892,11,im am a food lover,24.0,positive,2023-2024
stu_FVHVM49769,11,i like clash royale,28.0,positive,2023-2024
stu_FVHVM49769,11,i like clash royale,24.0,positive,2023-2024
stu_VTRUH97046,16,I am an honors in English and Math.,14.0,positive,2023-2024
stu_XHPVX80161,20,skibidi watcher i love to fanum taxer trump 2024,48.0,none,2023-2024
stu_VOXTG50835,20,I like giving people gifts,44.0,positive,2023-2024
stu_GXMFA19655,16,i am 14 year old singer,26.0,neutral,2023-2024
stu_GXMFA19655,16,i am 14 year old singer,4.0,14,2023-2024
stu_WDDQQ92015,10,i am a student,14.0,neutral,2023-2024
stu_CULOH75877,20,I love my family,24.0,positive,2023-2024
stu_CULOH75877,20,I love my family,12.0,positive,2023-2024
stu_RDOVU20570,2,I am a girl,2.0,girl,2023-2024
stu_LKAAV41369,17,I like cats,24.0,positive,2023-2024
stu_PJCOJ15115,13,i am a designer enjoyer,30.0,positive,2023-2024
stu_BCRYB29652,14,I like footboll,29.0,positive,2023-2024
stu_BCRYB29652,14,I like footboll,24.0,positive,2023-2024
stu_ERQCY81201,7,I am a girl who doesnt like to do her mathia,14.0,negative,2023-2024
stu_ERQCY81201,7,I am a girl who doesnt like to do her mathia,2.0,girl,2023-2024
stu_RDOVU20570,3,I am someone who likes food,24.0,positive,2023-2024
stu_SOWGI28002,6,I am someone who loves art,26.0,positive,2023-2024
stu_SOWGI28002,6,I am someone who loves art,24.0,positive,2023-2024
stu_YSQPA55709,2,im german,7.0,german,2023-2024
stu_WAWDW95831,9,I am good at swimming.,29.0,positive,2023-2024
stu_MXNSB23169,3,I like math.,25.0,positive,2023-2024
stu_MXNSB23169,3,I like math.,24.0,positive,2023-2024
stu_RDPGG44681,3,I am fun,46.0,positive,2023-2024
stu_MKEGQ97127,3,I'm a game lover.,28.0,positive,2023-2024
stu_OQLOS45541,1,I am [FIRST NAME].,5.0,none,2023-2024
stu_CLLRZ76280,15,My favorite meal of the day is breakfast,24.0,positive,2023-2024
stu_FVHVM49769,4,And half angolan,7.0,angolan,2023-2024
stu_KCRZD23226,16,I like play basket ball,29.0,positive,2023-2024
stu_KCRZD23226,16,I like play basket ball,24.0,positive,2023-2024
stu_MTCIM85775,12,I am funny,46.0,positive,2023-2024
stu_OMSFY97090,9,im a students,14.0,neutral,2023-2024
stu_HVWUJ52450,17,i like instagram,27.0,positive,2023-2024
stu_HVWUJ52450,17,i like instagram,24.0,positive,2023-2024
stu_CNIXS57234,7,I don't like math,25.0,negative,2023-2024
stu_CNIXS57234,7,I don't like math,24.0,negative,2023-2024
stu_RFRYE74718,17,I am a neat person,43.0,positive,2023-2024
stu_ANAWT41929,9,I love basketball shoes,30.0,positive,2023-2024
stu_ANAWT41929,9,I love basketball shoes,24.0,positive,2023-2024
stu_DUOEM76163,16,I'm 12 year old,4.0,12,2023-2024
stu_ZARRQ26344,12,i have one friend from my past school,10.0,neutral,2023-2024
stu_WZRKM29688,3,i like 2k,28.0,positive,2023-2024
stu_WZRKM29688,3,i like 2k,24.0,positive,2023-2024
stu_FQEST23326,11,a cousin,12.0,neutral,2023-2024
stu_GXMFA19655,4,i am dominican,7.0,dominican,2023-2024
stu_DUOEM76163,11,I like playing games,31.0,positive,2023-2024
stu_DUOEM76163,11,I like playing games,24.0,positive,2023-2024
stu_OCRTY88035,7,I am someone that loves math.,25.0,positive,2023-2024
stu_OCRTY88035,7,I am someone that loves math.,24.0,positive,2023-2024
stu_UTXBZ05806,3,i am someone who dose karate,29.0,neutral,2023-2024
stu_JVLXZ63894,11,[TEACHER] student,14.0,neutral,2023-2024
stu_EJIML93711,15,I like to talk to my friends,31.0,positive,2023-2024
stu_EJIML93711,15,I like to talk to my friends,10.0,positive,2023-2024
stu_EJIML93711,15,I like to talk to my friends,24.0,positive,2023-2024
stu_HVWUJ52450,3,I hev good vision,36.0,positive,2023-2024
stu_VOXTG50835,6,Im cape verdean.,7.0,cape verdean,2023-2024
stu_CPBCK00658,10,I like school because I can see my friend,24.0,positive,2023-2024
stu_CPBCK00658,10,I like school because I can see my friend,10.0,positive,2023-2024
stu_CPBCK00658,10,I like school because I can see my friend,14.0,positive,2023-2024
stu_TSQUQ54202,19,I am 5'1 and 1/2.,35.0,neutral,2023-2024
stu_BCRYB29652,10,I'm good at math,25.0,positive,2023-2024
stu_VGJIS59600,9,I enjoy wearing oversized shirts/hoodies,30.0,neutral,2023-2024
stu_VQFBG95862,16,i am a son,12.0,neutral,2023-2024
stu_VQFBG95862,16,i am a son,2.0,boy,2023-2024
stu_TRKWP48352,14,I am a person who finished there facts quiz,47.0,neutral,2023-2024
stu_NKHRJ04957,6,I like playing games,31.0,positive,2023-2024
stu_NKHRJ04957,6,I like playing games,24.0,positive,2023-2024
stu_ROXAU39801,13,I am a football player,29.0,neutral,2023-2024
stu_KWMWG76590,4,i like games,31.0,positive,2023-2024
stu_KWMWG76590,4,i like games,24.0,positive,2023-2024
stu_VSSOO37726,7,I like my math teacher,24.0,positive,2023-2024
stu_VSSOO37726,7,I like my math teacher,14.0,positive,2023-2024
stu_YXBHV58732,4,I like to play basketball,29.0,positive,2023-2024
stu_YXBHV58732,4,I like to play basketball,24.0,positive,2023-2024
stu_SBUBU63586,6,i am a advisor,44.0,positive,2023-2024
stu_IKUOQ66846,20,kind,44.0,positive,2023-2024
stu_KCDEU07486,20,I am [FIRST LAST NAME],5.0,none,2023-2024
stu_ERQCY81201,15,I am a girl who has never built an iglo.,31.0,negative,2023-2024
stu_ERQCY81201,15,I am a girl who has never built an iglo.,2.0,girl,2023-2024
stu_NWRRC44615,3,i wear glasses,35.0,neutral,2023-2024
stu_MZIVN56293,5,im 13 years old,4.0,13,2023-2024
stu_QEGJI54214,2,i am a taco,48.0,neutral,2023-2024
stu_CLLRZ76280,12,I like dogs,24.0,positive,2023-2024
stu_CULOH75877,17,I play games,28.0,neutral,2023-2024
stu_CPAQO78519,1,I am someone how loves soccer,29.0,positive,2023-2024
stu_CPAQO78519,1,I am someone how loves soccer,24.0,positive,2023-2024
stu_DERZZ01872,9,Gym is my favorite specialist,14.0,positive,2023-2024
stu_WPVZY01902,4,I like gym.,24.0,positive,2023-2024
stu_WPVZY01902,4,I like gym.,14.0,positive,2023-2024
stu_WEADW20158,16,i like hanging out with my friends,31.0,positive,2023-2024
stu_WEADW20158,16,i like hanging out with my friends,10.0,positive,2023-2024
stu_WEADW20158,16,i like hanging out with my friends,24.0,positive,2023-2024
stu_CINVJ49388,8,cyberpunk 2077 player,28.0,neutral,2023-2024
stu_ABSGH36082,8,I want a hamster,33.0,none,2023-2024
stu_MKGYA55892,3,a artist,26.0,neutral,2023-2024
stu_MIJEQ06664,8,I like to play games,31.0,positive,2023-2024
stu_MIJEQ06664,8,I like to play games,24.0,positive,2023-2024
stu_UYFTQ45542,13,I am a person with most drip,46.0,positive,2023-2024
stu_WXAMH04104,12,i like school,24.0,positive,2023-2024
stu_WXAMH04104,12,i like school,14.0,positive,2023-2024
stu_HVWUJ52450,18,i like youtube,27.0,positive,2023-2024
stu_HVWUJ52450,18,i like youtube,24.0,positive,2023-2024
stu_JVLXZ63894,5,band student,26.0,neutral,2023-2024
stu_JVLXZ63894,5,band student,14.0,neutral,2023-2024
stu_WTRMC77187,13,i am mostly good at solving math equations,25.0,positive,2023-2024
stu_MRIWT64391,18,I like games,31.0,positive,2023-2024
stu_MRIWT64391,18,I like games,24.0,positive,2023-2024
stu_IDHIE84911,20,i love smart cat,24.0,positive,2023-2024
stu_RUBQU39803,2,i am a athlete who play soccer and does track,29.0,neutral,2023-2024
stu_BDAZF88230,11,I am a confident person,45.0,positive,2023-2024
stu_BDAZF88230,11,I am a confident person,43.0,positive,2023-2024
stu_CINVJ49388,3,band kid,26.0,neutral,2023-2024
stu_CINVJ49388,3,band kid,4.0,child,2023-2024
stu_CINVJ49388,3,band kid,22.0,bandkid,2023-2024
stu_ZQMQQ26810,15,i love jordens,30.0,positive,2023-2024
stu_ZQMQQ26810,15,i love jordens,24.0,positive,2023-2024
stu_JUQPD47363,10,I am good with kids.,44.0,positive,2023-2024
stu_TRKWP48352,3,I am a person who favorite color is sky blue,24.0,positive,2023-2024
stu_AQNHF52456,12,funny,46.0,positive,2023-2024
stu_JUQPD47363,9,I come from an italian/english speaking hous.,25.0,neutral,2023-2024
stu_JUQPD47363,9,I come from an italian/english speaking hous.,22.0,englishspeakeranditalianspeaker,2023-2024
stu_NXWSI70882,3,a person who memorized 61 digits of pi,25.0,positive,2023-2024
stu_JERPG96865,14,i like stocks and money,34.0,positive,2023-2024
stu_JERPG96865,14,i like stocks and money,24.0,positive,2023-2024
stu_ROXAU39801,8,I am a videogame player,28.0,neutral,2023-2024
stu_FBOFA96484,14,"i am somebody whose fav math teachers are [TEACHER], [TEACHER]",14.0,positive,2023-2024
stu_WDDQQ92015,4,i am a student,14.0,neutral,2023-2024
stu_NZWIU92234,10,I can cook rise,43.0,positive,2023-2024
stu_LKAAV41369,1,I do gymnastics,29.0,neutral,2023-2024
stu_NWVEW24693,3,I like pink,24.0,positive,2023-2024
stu_XHGVP79664,20,I like converse sneakers,30.0,positive,2023-2024
stu_XHGVP79664,20,I like converse sneakers,24.0,positive,2023-2024
stu_DJCZE13885,8,I like to play board games.,31.0,positive,2023-2024
stu_DJCZE13885,8,I like to play board games.,24.0,positive,2023-2024
stu_EHXGF51692,11,I am a fan of math.,25.0,positive,2023-2024
stu_EHXGF51692,11,I am a fan of math.,24.0,positive,2023-2024
stu_SBUBU63586,15,i am a chiled,22.0,child,2023-2024
stu_SBUBU63586,15,i am a chiled,4.0,child,2023-2024
stu_NXWSI70882,6,one of the smartest people in my math class,43.0,positive,2023-2024
stu_NXWSI70882,6,one of the smartest people in my math class,14.0,positive,2023-2024
stu_NXWSI70882,6,one of the smartest people in my math class,25.0,positive,2023-2024
stu_VSSOO37726,9,I like lunch,24.0,positive,2023-2024
stu_VSSOO37726,9,I like lunch,14.0,positive,2023-2024
stu_CDGKD03653,1,i am black,6.0,black,2023-2024
stu_OCRTY88035,15,I am someone that want to go to college.,14.0,positive,2023-2024
stu_CPAQO78519,11,I am someone who likes to party,31.0,positive,2023-2024
stu_CPAQO78519,11,I am someone who likes to party,24.0,positive,2023-2024
stu_WEADW20158,3,i used to play baseball,29.0,neutral,2023-2024
stu_KOUYR40301,1,I am [FIRST NAME],5.0,none,2023-2024
stu_CJHBB29429,13,I like amusement parks,24.0,positive,2023-2024
stu_BDAZF88230,18,I am a person with many interest,41.0,positive,2023-2024
stu_WTRMC77187,9,I like racing games,28.0,positive,2023-2024
stu_WTRMC77187,9,I like racing games,24.0,positive,2023-2024
stu_YNVPH88845,9,I love grandma,24.0,positive,2023-2024
stu_YNVPH88845,9,I love grandma,12.0,positive,2023-2024
stu_SJNFF34466,11,dog lover,24.0,positive,2023-2024
stu_ZQMQQ26810,19,i am a cool person,46.0,positive,2023-2024
stu_ZQMQQ26810,19,i am a cool person,21.0,none,2023-2024
stu_BCRYB29652,18,I like you tube,27.0,positive,2023-2024
stu_BCRYB29652,18,I like you tube,24.0,positive,2023-2024
stu_KWMWG76590,2,i have a ps5,32.0,none,2023-2024
stu_VUNQZ79892,20,im a candy lover,24.0,positive,2023-2024
stu_MKEGQ97127,14,I'm a colorful clothe lover,30.0,positive,2023-2024
stu_MKEGQ97127,14,I'm a colorful clothe lover,24.0,positive,2023-2024
stu_NXWSI70882,7,"A person who likes collectables like coins, (Should add collectable items with rarity to collect in an inventory.",24.0,positive,2023-2024
stu_RNIHY62490,19,My parents are from Africa,12.0,neutral,2023-2024
stu_RNIHY62490,19,My parents are from Africa,7.0,african,2023-2024
stu_XHPVX80161,16,a punchmade dev listener,26.0,neutral,2023-2024
stu_WZRKM29688,10,i like patriots,24.0,positive,2023-2024
stu_VKCWY07846,9,i dont like math,25.0,negative,2023-2024
stu_VKCWY07846,9,i dont like math,24.0,negative,2023-2024
stu_XXEBH66449,11,I am a student,14.0,neutral,2023-2024
stu_ROXAU39801,5,I am a lacrosse player,29.0,neutral,2023-2024
stu_ANAWT41929,5,I love math,25.0,positive,2023-2024
stu_ANAWT41929,5,I love math,24.0,positive,2023-2024
stu_UEYTM01990,15,I am kind,44.0,positive,2023-2024
stu_PKXZK94759,18,I love sunsets,24.0,positive,2023-2024
stu_MMZHT88458,16,i go to school:(,14.0,negative,2023-2024
stu_SOWGI28002,3,I am someone who has a god-daughter,12.0,neutral,2023-2024
stu_DJCZE13885,2,I like to read.,25.0,positive,2023-2024
stu_DJCZE13885,2,I like to read.,24.0,positive,2023-2024
stu_WXAMH04104,11,i like mac n' cheese,24.0,positive,2023-2024
stu_AHWRN95528,11,I am someone who loves art,26.0,positive,2023-2024
stu_AHWRN95528,11,I am someone who loves art,24.0,positive,2023-2024
stu_WEADW20158,8,in in 6th grade,22.0,6thgrade,2023-2024
stu_WEADW20158,8,in in 6th grade,4.0,6thgrade,2023-2024
stu_WEADW20158,8,in in 6th grade,14.0,neutral,2023-2024
stu_FBWGP41232,14,I like my friends ( sometimes),24.0,positive,2023-2024
stu_FBWGP41232,14,I like my friends ( sometimes),10.0,positive,2023-2024
stu_ZQMQQ26810,18,i like video games,28.0,positive,2023-2024
stu_ZQMQQ26810,18,i like video games,24.0,positive,2023-2024
stu_NRKZA72454,14,I hate math.,25.0,negative,2023-2024
stu_NRKZA72454,14,I hate math.,24.0,negative,2023-2024
stu_WDDQQ92015,17,i am a student,14.0,neutral,2023-2024
stu_PFDTL78462,16,I have about 3 befriends.,10.0,positive,2023-2024
stu_WAFQN21754,15,I am confident,45.0,positive,2023-2024
stu_WAFQN21754,15,I am confident,43.0,positive,2023-2024
stu_KOUYR40301,6,i play Fortnite and im level 33,28.0,neutral,2023-2024
stu_TRKWP48352,6,I am a person who likes math,25.0,positive,2023-2024
stu_IGLSS89625,2,i like math classe,24.0,positive,2023-2024
stu_IGLSS89625,2,i like math classe,14.0,positive,2023-2024
stu_WAFQN21754,11,I am scholarly,25.0,positive,2023-2024
stu_SELBD60428,8,[FIRST LAST NAME],5.0,none,2023-2024
stu_KJOZZ30475,16,I'm straight.,3.0,straight,2023-2024
stu_DERZZ01872,2,I like math,25.0,positive,2023-2024
stu_DERZZ01872,2,I like math,24.0,positive,2023-2024
stu_XHGVP79664,14,I like music,24.0,positive,2023-2024
stu_CPVXX19825,1,I am athletic,29.0,neutral,2023-2024
stu_ZARRQ26344,6,I have 4 sisters and 3 brothers,12.0,neutral,2023-2024
stu_JUQPD47363,14,I am more fond of work on paper.,14.0,positive,2023-2024
stu_DKGHS98193,10,i like to roller skate,29.0,positive,2023-2024
stu_DKGHS98193,10,i like to roller skate,24.0,positive,2023-2024
stu_WCANG48942,14,I wish mathia was more understanding.,47.0,neutral,2023-2024
stu_WCANG48942,14,I wish mathia was more understanding.,14.0,neutral,2023-2024
stu_VGJIS59600,1,I am a non-binary,2.0,nonbinary,2023-2024
stu_WBAVA84528,12,i like visiting family members,31.0,positive,2023-2024
stu_WBAVA84528,12,i like visiting family members,11.0,positive,2023-2024
stu_WBAVA84528,12,i like visiting family members,24.0,positive,2023-2024
stu_RNIHY62490,2,I am in 6th grade,22.0,6thgrade,2023-2024
stu_RNIHY62490,2,I am in 6th grade,4.0,6thgrade,2023-2024
stu_RNIHY62490,2,I am in 6th grade,14.0,neutral,2023-2024
stu_WCANG48942,7,I love roblox.,28.0,positive,2023-2024
stu_WCANG48942,7,I love roblox.,24.0,positive,2023-2024
stu_IZQGI75719,10,I'm cape verdean,7.0,cape verdean,2023-2024
stu_IIOVZ06372,2,i like lunch time,24.0,positive,2023-2024
stu_IIOVZ06372,2,i like lunch time,14.0,positive,2023-2024
stu_PSHZT50501,20,I am a pretty chill person,45.0,positive,2023-2024
stu_CINVJ49388,6,histroin,48.0,none,2023-2024
stu_LJAAE92948,8,I'm a student,14.0,neutral,2023-2024
stu_OAZKI17777,9,[LETTER OF NAME],5.0,none,2023-2024
stu_UJNMI16598,5,Daughter,12.0,neutral,2023-2024
stu_UJNMI16598,5,Daughter,2.0,girl,2023-2024
stu_STIXI97047,4,I would like it to be more fun but it is fun.,24.0,neutral,2023-2024
stu_FWPPR22255,2,i speak english,25.0,neutral,2023-2024
stu_FWPPR22255,2,i speak english,22.0,englishspeaker,2023-2024
stu_ANAWT41929,8,I love leaning,25.0,positive,2023-2024
stu_ANAWT41929,8,I love leaning,24.0,positive,2023-2024
stu_VFKRH03938,2,i am a uncle,12.0,neutral,2023-2024
stu_VFKRH03938,2,i am a uncle,2.0,boy,2023-2024
stu_CNIXS57234,10,I don't like qizes,14.0,negative,2023-2024
stu_XHPVX80161,18,tender defender,48.0,none,2023-2024
stu_ZARRQ26344,3,I play football and hockey,29.0,neutral,2023-2024
stu_YBWGX96937,19,i like to play game,31.0,positive,2023-2024
stu_YBWGX96937,19,i like to play game,24.0,positive,2023-2024
stu_BJJXN95776,15,I like Steph curry,29.0,positive,2023-2024
stu_BJJXN95776,15,I like Steph curry,24.0,positive,2023-2024
stu_WAWDW95831,1,I am short.,35.0,neutral,2023-2024
stu_WCANG48942,13,I like water.,24.0,positive,2023-2024
stu_WWNBY52737,3,I am Cape Verdean,7.0,cape verdean,2023-2024
stu_QCKDZ64012,16,i eat a lot,31.0,neutral,2023-2024
stu_DKGHS98193,5,i like having my nails done,30.0,positive,2023-2024
stu_DKGHS98193,5,i like having my nails done,24.0,positive,2023-2024
stu_SULZI60933,15,I'm in 6 grade,22.0,6thgrade,2023-2024
stu_SULZI60933,15,I'm in 6 grade,4.0,6thgrade,2023-2024
stu_SULZI60933,15,I'm in 6 grade,14.0,neutral,2023-2024
stu_BCRYB29652,11,I'm tale,48.0,neutral,2023-2024
stu_THKBG93560,9,A basketball player in training,29.0,neutral,2023-2024
stu_FHADA27602,11,i am a middle child of 5 kids.,22.0,middlechild,2023-2024
stu_FHADA27602,11,i am a middle child of 5 kids.,12.0,neutral,2023-2024
stu_PYEUW09959,4,I love to learn,25.0,positive,2023-2024
stu_PYEUW09959,4,I love to learn,24.0,positive,2023-2024
stu_GXIYC47970,7,i am a person who speaks 2 languages,43.0,positive,2023-2024
stu_GXIYC47970,7,i am a person who speaks 2 languages,25.0,positive,2023-2024
stu_CPVXX19825,6,I am from cape verde,7.0,cape verdean,2023-2024
stu_VOXTG50835,8,I like scary movies,24.0,positive,2023-2024
stu_WDDQQ92015,20,i am a student,14.0,neutral,2023-2024
stu_CDGKD03653,2,i am cape verean,7.0,cape verdean,2023-2024
stu_FUILC09238,6,im english speaking,25.0,neutral,2023-2024
stu_FUILC09238,6,im english speaking,22.0,englishspeaker,2023-2024
stu_MTCIM85775,17,A good listener,44.0,positive,2023-2024
stu_BCRYB29652,4,I'm fun,46.0,positive,2023-2024
stu_CNIXS57234,18,I don't like school,14.0,negative,2023-2024
stu_FBWGP41232,16,I play on my ps5,28.0,neutral,2023-2024
stu_XUDYN03051,8,I have an litle sister,12.0,neutral,2023-2024
stu_CPVXX19825,12,I am a 6th grader,22.0,6thgrade,2023-2024
stu_CPVXX19825,12,I am a 6th grader,4.0,6thgrade,2023-2024
stu_CPVXX19825,12,I am a 6th grader,14.0,neutral,2023-2024
stu_PYEUW09959,6,I like to play horror games,28.0,positive,2023-2024
stu_PYEUW09959,6,I like to play horror games,24.0,positive,2023-2024
stu_WWNBY52737,16,I am apart of mock appeal.,31.0,neutral,2023-2024
stu_RFRYE74718,7,I am caring.,45.0,positive,2023-2024
stu_KCRZD23226,10,I need a job for help myself,13.0,neutral,2023-2024
stu_SULZI60933,1,[FIRST LAST NAME],5.0,none,2023-2024
stu_JTZYY08754,18,"i love Haitian, Jamaican  that's it",24.0,positive,2023-2024
stu_TDURA35752,13,I am kind,44.0,positive,2023-2024
stu_IIOVZ06372,3,i like facetiming my friends and cousin,31.0,positive,2023-2024
stu_IIOVZ06372,3,i like facetiming my friends and cousin,10.0,positive,2023-2024
stu_IIOVZ06372,3,i like facetiming my friends and cousin,12.0,positive,2023-2024
stu_IIOVZ06372,3,i like facetiming my friends and cousin,24.0,positive,2023-2024
stu_WQGUY90279,2,I'm 11-12 yrs old,4.0,11,2023-2024
stu_KWLPL21630,10,My favorite food is Haitian food.,24.0,positive,2023-2024
stu_DKGHS98193,16,i have 5 sibling only one is blood.,12.0,neutral,2023-2024
stu_AHWRN95528,5,I am someone who likes the color green,24.0,positive,2023-2024
stu_PUNZK45438,11,i like play fortnite,27.0,positive,2023-2024
stu_PUNZK45438,11,i like play fortnite,24.0,positive,2023-2024
stu_DJCZE13885,20,I am amazing.,43.0,positive,2023-2024
stu_MXNSF14478,11,I like sports.,29.0,positive,2023-2024
stu_MXNSF14478,11,I like sports.,24.0,positive,2023-2024
stu_CWQDV67579,3,I am a gamer,28.0,neutral,2023-2024
stu_MMNSJ38829,18,I like the color baby green.,24.0,positive,2023-2024
stu_XXEBH66449,7,I am an English speaking person,25.0,neutral,2023-2024
stu_XXEBH66449,7,I am an English speaking person,22.0,englishspeaker,2023-2024
stu_CQRFU18177,18,I love the sunriz,24.0,positive,2023-2024
stu_VOXTG50835,1,I am [FIRST NAME],5.0,none,2023-2024
stu_FSPCV10901,16,I like to read.,25.0,positive,2023-2024
stu_FSPCV10901,16,I like to read.,24.0,positive,2023-2024
stu_PXDPN73068,2,I dont like math,25.0,negative,2023-2024
stu_PXDPN73068,2,I dont like math,24.0,negative,2023-2024
stu_UJNMI16598,19,Straight,3.0,straight,2023-2024
stu_WWNBY52737,17,I am a peer leader,43.0,positive,2023-2024
stu_WWNBY52737,17,I am a peer leader,14.0,positive,2023-2024
stu_OIYXZ27717,16,I am someone who likes to draw,26.0,positive,2023-2024
stu_OIYXZ27717,16,I am someone who likes to draw,24.0,positive,2023-2024
stu_ERQCY81201,10,I am a girl who loves mcds.,24.0,positive,2023-2024
stu_ERQCY81201,10,I am a girl who loves mcds.,2.0,girl,2023-2024
stu_JOKOV89559,16,I am someone loves lip gloss,30.0,positive,2023-2024
stu_JOKOV89559,16,I am someone loves lip gloss,24.0,positive,2023-2024
stu_FQKSK24193,11,i like coryxkinshen,27.0,positive,2023-2024
stu_FQKSK24193,11,i like coryxkinshen,24.0,positive,2023-2024
stu_JPMJO86637,12,I love all my teacher.,24.0,positive,2023-2024
stu_JPMJO86637,12,I love all my teacher.,14.0,positive,2023-2024
stu_KWMWG76590,17,i help people with there work,44.0,positive,2023-2024
stu_KWMWG76590,17,i help people with there work,41.0,positive,2023-2024
stu_PSHZT50501,8,I am a person who plays a lot of games,31.0,neutral,2023-2024
stu_QFXDD68186,14,I like to do my makeup.,30.0,positive,2023-2024
stu_QFXDD68186,14,I like to do my makeup.,24.0,positive,2023-2024
stu_CNIXS57234,5,I like gym,24.0,positive,2023-2024
stu_CNIXS57234,5,I like gym,14.0,positive,2023-2024
stu_PJCOJ15115,7,I am a money maker,34.0,positive,2023-2024
stu_PJCOJ15115,7,I am a money maker,13.0,positive,2023-2024
stu_RUZUK44953,8,I am someone who wears glasses,35.0,neutral,2023-2024
stu_ZUARE93356,16,My favorite candy is freeze dried skittles,24.0,positive,2023-2024
stu_WHBZD81732,9,i like sneakers,30.0,positive,2023-2024
stu_WHBZD81732,9,i like sneakers,24.0,positive,2023-2024
stu_IGWBR81023,9,i have curly hair,35.0,neutral,2023-2024
stu_YPZIM54297,10,I am someone who loves to talk sometimes,45.0,positive,2023-2024
stu_YPZIM54297,10,I am someone who loves to talk sometimes,24.0,positive,2023-2024
stu_PFDTL78462,4,I want to be a writer when I'm older.,13.0,positive,2023-2024
stu_IKUOQ66846,11,"6,2",35.0,neutral,2023-2024
stu_FQEST23326,19,I love my nana and aunt yaya,24.0,positive,2023-2024
stu_FQEST23326,19,I love my nana and aunt yaya,12.0,positive,2023-2024
stu_MMNSJ38829,17,I like gym class.,24.0,positive,2023-2024
stu_MMNSJ38829,17,I like gym class.,14.0,positive,2023-2024
stu_JPMJO86637,3,i'm a cat lover,24.0,positive,2023-2024
stu_WAFQN21754,16,I am accomplished,43.0,positive,2023-2024
stu_CULOH75877,18,I go to church,23.0,church-goer,2023-2024
stu_PSHZT50501,14,I am a good-behaving person,40.0,positive,2023-2024
stu_QHOON52054,16,I am white,6.0,white,2023-2024
stu_QEGJI54214,9,i am a watermelon lover,24.0,positive,2023-2024
stu_VGJIS59600,18,I dislike summer more than winter,24.0,negative,2023-2024
stu_DZJHT48666,15,I like nails,30.0,positive,2023-2024
stu_DZJHT48666,15,I like nails,24.0,positive,2023-2024
stu_WPVZY01902,11,I like cat,24.0,positive,2023-2024
stu_KCRZD23226,7,I love eating,24.0,positive,2023-2024
stu_LTSJK02079,13,I collect rocks and gems,31.0,neutral,2023-2024
stu_CHVFQ54169,14,I love writing books.,25.0,positive,2023-2024
stu_CHVFQ54169,14,I love writing books.,24.0,positive,2023-2024
stu_KOUYR40301,8,i like sports,29.0,positive,2023-2024
stu_KOUYR40301,8,i like sports,24.0,positive,2023-2024
stu_EHYTZ32137,6,I hate school,24.0,negative,2023-2024
stu_EHYTZ32137,6,I hate school,14.0,negative,2023-2024
stu_WBAVA84528,18,i like dairy queen,24.0,positive,2023-2024
stu_WQGUY90279,7,I'm in 6th grade,22.0,6thgrade,2023-2024
stu_WQGUY90279,7,I'm in 6th grade,4.0,6thgrade,2023-2024
stu_WQGUY90279,7,I'm in 6th grade,14.0,neutral,2023-2024
stu_VOXTG50835,2,Im a student,14.0,neutral,2023-2024
stu_PYEUW09959,15,I like to play Nintendo with my sister,28.0,positive,2023-2024
stu_PYEUW09959,15,I like to play Nintendo with my sister,11.0,positive,2023-2024
stu_PYEUW09959,15,I like to play Nintendo with my sister,24.0,positive,2023-2024
stu_CINVJ49388,4,trumpent player,26.0,neutral,2023-2024
stu_CETOG17008,4,soccer player,29.0,neutral,2023-2024
stu_YPZIM54297,5,I am an afercain Amarican,7.0,african american,2023-2024
stu_FBWGP41232,20,I like flowers,24.0,positive,2023-2024
stu_TFTDG28078,4,A mixed girl,6.0,mixed,2023-2024
stu_TFTDG28078,4,A mixed girl,2.0,girl,2023-2024
stu_EHYTZ32137,1,I'm a student,14.0,neutral,2023-2024
stu_PYEUW09959,11,I like to hang out with my friends,31.0,positive,2023-2024
stu_PYEUW09959,11,I like to hang out with my friends,10.0,positive,2023-2024
stu_PYEUW09959,11,I like to hang out with my friends,24.0,positive,2023-2024
stu_WCANG48942,11,I am a student.,14.0,neutral,2023-2024
stu_QPHPK12517,11,i love chicken,24.0,positive,2023-2024
stu_CWQDV67579,10,I like games,31.0,positive,2023-2024
stu_CWQDV67579,10,I like games,24.0,positive,2023-2024
stu_RDPGG44681,13,I am trying to find the right people to hang out with,45.0,neutral,2023-2024
stu_RDPGG44681,13,I am trying to find the right people to hang out with,10.0,positive,2023-2024
stu_JVLXZ63894,13,[TEACHER] student,14.0,neutral,2023-2024
stu_WRQAA62017,3,I like math,25.0,positive,2023-2024
stu_WRQAA62017,3,I like math,24.0,positive,2023-2024
stu_UEVQJ25414,11,im  haitian,7.0,haitian,2023-2024
stu_CINVJ49388,5,Saxophone player,26.0,neutral,2023-2024
stu_CPAQO78519,15,I am someone who loves the beach,24.0,positive,2023-2024
stu_AQNHF52456,3,smart,43.0,positive,2023-2024
stu_CDXSC86692,10,I am a person that wants to sky dive when am older,29.0,positive,2023-2024
stu_CDXSC86692,10,I am a person that wants to sky dive when am older,20.0,none,2023-2024
stu_FHADA27602,13,my favorite candy is air heads.,24.0,positive,2023-2024
stu_NWRRC44615,18,i like sprite,24.0,positive,2023-2024
stu_PFDTL78462,3,My favorite subject is English.,25.0,positive,2023-2024
stu_PFDTL78462,3,My favorite subject is English.,14.0,neutal,2023-2024
stu_PFDTL78462,3,My favorite subject is English.,24.0,positive,2023-2024
stu_FVHVM49769,13,i have 8 pairs of shoes,30.0,none,2023-2024
stu_UJNMI16598,6,Grandaughter,11.0,neutral,2023-2024
stu_UJNMI16598,6,Grandaughter,2.0,girl,2023-2024
stu_BJJXN95776,5,I love work,24.0,positive,2023-2024
stu_BJJXN95776,5,I love work,12.0,positive,2023-2024
stu_PFDTL78462,6,I hope to be fluent in Spanish when I am older.,25.0,positive,2023-2024
stu_VQFBG95862,17,i am a genuis,41.0,positive,2023-2024
stu_CNIFN64507,17,im bajan,7.0,bajan,2023-2024
stu_CDXSC86692,5,I am a person that has a cat,30.0,none,2023-2024
stu_CDXSC86692,5,I am a person that has a cat,20.0,none,2023-2024
stu_VNSDU81090,5,my favorite color is blue and red,24.0,positive,2023-2024
stu_CJHBB29429,1,I am a person that likes basketball,29.0,positive,2023-2024
stu_CJHBB29429,1,I am a person that likes basketball,20.0,none,2023-2024
stu_CJHBB29429,1,I am a person that likes basketball,23.0,positive,2023-2024
stu_MKEGQ97127,5,I'm an animal lover,24.0,positive,2023-2024
stu_FBOFA96484,12,i like to spend time with my family,24.0,positive,2023-2024
stu_FBOFA96484,12,i like to spend time with my family,11.0,positive,2023-2024
stu_CLLRZ76280,9,I like traveling,29.0,positive,2023-2024
stu_CLLRZ76280,9,I like traveling,24.0,positive,2023-2024
stu_JOVOI38701,7,I am a person who likes ice cream.,24.0,positive,2023-2024
stu_JOVOI38701,7,I am a person who likes ice cream.,20.0,none,2023-2024
stu_ERQCY81201,8,I am a girl who loves to bake,29.0,positive,2023-2024
stu_ERQCY81201,8,I am a girl who loves to bake,2.0,girl,2023-2024
stu_ERQCY81201,8,I am a girl who loves to bake,24.0,positive,2023-2024
stu_FQKSK24193,12,i like foot ball,29.0,positive,2023-2024
stu_FQKSK24193,12,i like foot ball,24.0,positive,2023-2024
stu_NZWIU92234,4,i have 14 siblings,11.0,neutral,2023-2024
stu_MTCIM85775,11,I am scholarly,25.0,positive,2023-2024
stu_CETOG17008,12,babysitter,12.0,neutral,2023-2024
stu_UAFAK64772,13,funny,44.0,positive,2023-2024
stu_JOKOV89559,17,I am someone who loves being clean,24.0,positive,2023-2024
stu_WEADW20158,7,my favorite show is spongebob,24.0,positive,2023-2024
stu_PUHUL75671,12,hate halloween,24.0,negative,2023-2024
stu_VUNQZ79892,10,im a shy person,42.0,neutral,2023-2024
stu_VUNQZ79892,10,im a shy person,20.0,none,2023-2024
stu_AHWRN95528,17,I am someone who likes laughing,43.0,positive,2023-2024
stu_AHWRN95528,17,I am someone who likes laughing,24.0,positive,2023-2024
stu_SJXEZ38047,16,I love cachpu,24.0,positive,2023-2024
stu_FWPPR22255,3,Iamm,48.0,none,2023-2024
stu_UYUIH18635,6,I like art,26.0,positive,2023-2024
stu_UYUIH18635,6,I like art,24.0,positive,2023-2024
stu_JERPG96865,4,i like cars,24.0,positive,2023-2024
stu_QOGPO20181,14,l speak cape verdean creole,25.0,neutral,2023-2024
stu_QOGPO20181,14,l speak cape verdean creole,22.0,speakscapeverdean,2023-2024
stu_ECYEC76336,11,I am someone who has dark brown hair,33.0,neutral,2023-2024
stu_ERQCY81201,13,I am a proud capeverdean.,7.0,cape verdean,2023-2024
stu_UEDQL23543,2,student,14.0,neutral,2023-2024
stu_LVOOZ80056,13,I am a volleyball player.,29.0,neutral,2023-2024
stu_IKUOQ66846,2,I'm a Cape Verde,7.0,cape verdean,2023-2024
stu_KCDEU07486,7,I'm good at singing,26.0,positive,2023-2024
stu_SIWRL23181,2,i am hard working,39.0,positive,2023-2024
stu_WRQAA62017,20,I like cars,24.0,positive,2023-2024
stu_EQSJM78476,9,i like the music from the weekend,26.0,positive,2023-2024
stu_EQSJM78476,9,i like the music from the weekend,24.0,positive,2023-2024
stu_NWVEW24693,13,i love roblox,28.0,positive,2023-2024
stu_NWVEW24693,13,i love roblox,24.0,positive,2023-2024
stu_KJOZZ30475,17,I stress a lot over little things.,44.0,negative,2023-2024
stu_DUOEM76163,4,I speak English,25.0,neutral,2023-2024
stu_DUOEM76163,4,I speak English,22.0,speaksenglish,2023-2024
stu_FQKSK24193,10,i like play stuff outside of school,29.0,neutral,2023-2024
stu_HMQRZ27503,10,I am the last kids,48.0,none,2023-2024
stu_CDGKD03653,10,i am in 6 grade,22.0,sixthgrader,2023-2024
stu_CDGKD03653,10,i am in 6 grade,4.0,child,2023-2024
stu_CDGKD03653,10,i am in 6 grade,14.0,neutral,2023-2024
stu_CDXSC86692,15,I am the person that want it to snow every day,21.0,none,2023-2024
stu_VTRUH97046,17,I love suhi.,24.0,positive,2023-2024
stu_MMZHT88458,5,i love pizza,24.0,positive,2023-2024
stu_DJCZE13885,7,I like moving and doing things like traveling.,31.0,positive,2023-2024
stu_DJCZE13885,7,I like moving and doing things like traveling.,24.0,positive,2023-2024
stu_GXMFA19655,11,i am [FIRST NAME],5.0,none,2023-2024
stu_FASQN45304,12,I am someone who is from [LOCATION].,9.0,none,2023-2024
stu_QACJQ31561,18,i have a twin sister,11.0,neutral,2023-2024
stu_VGJIS59600,3,I'm also an older sister of one,11.0,neutral,2023-2024
stu_VGJIS59600,3,I'm also an older sister of one,2.0,girl,2023-2024
stu_UYFTQ45542,14,i am a person whos nice and never cruel,42.0,positive,2023-2024
stu_UYFTQ45542,14,i am a person whos nice and never cruel,21.0,none,2023-2024
stu_NWVEW24693,5,i have three sisters and i'm the oldest.,11.0,neutral,2023-2024
stu_MZIVN56293,1,I am [FIRST NAME],5.0,none,2023-2024
stu_ECYEC76336,12,I am a student,14.0,neutral,2023-2024
stu_WRQAA62017,19,I like money,24.0,positive,2023-2024
stu_FHADA27602,14,i am black African American.,6.0,african american,2023-2024
stu_ORUUL82324,19,I don't like vegetables (except for cute-cumbers),24.0,negative,2023-2024
stu_DJCZE13885,15,I'm lactose intolerant.,36.0,negative,2023-2024
stu_FQKSK24193,20,i like shows,24.0,positive,2023-2024
stu_CHVFQ54169,5,My favorite color is light purple.,24.0,positive,2023-2024
stu_ROXAU39801,11,I am a Christian,16.0,christian,2023-2024
stu_WXAMH04104,6,i speak both english and cape verdean creole,25.0,neutral,2023-2024
stu_WXAMH04104,6,i speak both english and cape verdean creole,22.0,speaksenglishandcapeverdeanandcreole,2023-2024
stu_WEADW20158,18,i like math,25.0,positive,2023-2024
stu_WEADW20158,18,i like math,24.0,positive,2023-2024
stu_KOIIB68446,20,I like playing games,28.0,positive,2023-2024
stu_KOIIB68446,20,I like playing games,24.0,positive,2023-2024
stu_KJOZZ30475,18,I'm hard on myself.,41.0,neutral,2023-2024
stu_MIJEQ06664,14,I like my mom,24.0,positive,2023-2024
stu_MIJEQ06664,14,I like my mom,12.0,positive,2023-2024
stu_YPZIM54297,11,I am a jugedmental person sometimes,44.0,neutral,2023-2024
stu_YPZIM54297,11,I am a jugedmental person sometimes,21.0,none,2023-2024
stu_QFXDD68186,16,I like to do puzzles.,31.0,positive,2023-2024
stu_QFXDD68186,16,I like to do puzzles.,24.0,positive,2023-2024
stu_KOIIB68446,10,my favorite color is baby pink,24.0,positive,2023-2024
stu_YBWGX96937,16,not like exit ticket,24.0,negative,2023-2024
stu_RDPGG44681,2,I am loving,42.0,positive,2023-2024
stu_EHYTZ32137,10,i want money,32.0,none,2023-2024
stu_IDHIE84911,11,am smort,43.0,positive,2023-2024
stu_CAGAM03126,9,I am a person with straight hair.,35.0,neutral,2023-2024
stu_CAGAM03126,9,I am a person with straight hair.,21.0,none,2023-2024
stu_MZIVN56293,13,i play bari sax,26.0,neutral,2023-2024
stu_PSHPN85751,9,i have nothing else to say,47.0,neutral,2023-2024
stu_CTAZU65504,6,I am a students,14.0,neutral,2023-2024
stu_NYHDW07721,11,Friend of [FIRST LAST NAME],10.0,positive,2023-2024
stu_WCANG48942,6,"The things that I don't about school is the academic part but I only like talking to friends and science, ELA and math sometimes.",14.0,negative,2023-2024
stu_WCANG48942,6,"The things that I don't about school is the academic part but I only like talking to friends and science, ELA and math sometimes.",10.0,positive,2023-2024
stu_RUZUK44953,15,I am someone who thinks the mathia robot is a boy,47.0,none,2023-2024
stu_KGOWI06896,8,I like talking to my friends,24.0,positive,2023-2024
stu_KGOWI06896,8,I like talking to my friends,10.0,positive,2023-2024
stu_NRKZA72454,11,I have social anxiety.,44.0,neutral,2023-2024
stu_CAGAM03126,19,I am a person who is neat and tidy.,43.0,positive,2023-2024
stu_CAGAM03126,19,I am a person who is neat and tidy.,21.0,none,2023-2024
stu_VFKRH03938,16,i can dress good,43.0,positive,2023-2024
stu_RSKDK68207,12,I love to clean. I like things clean.,24.0,positive,2023-2024
stu_SBUBU63586,13,i am smart,43.0,positive,2023-2024
stu_FUILC09238,4,i play basketball,29.0,neutral,2023-2024
stu_FHADA27602,2,i am 5'3.,35.0,neutral,2023-2024
stu_DZJHT48666,17,I like crocs,24.0,positive,2023-2024
stu_UTXBZ05806,14,i am someone how loves the color black,24.0,positive,2023-2024
stu_ROULI02103,12,i can dress good,43.0,positive,2023-2024
stu_TRKWP48352,11,I am a person who like to stay in the pool,24.0,positive,2023-2024
stu_TRKWP48352,11,I am a person who like to stay in the pool,21.0,none,2023-2024
stu_RSKDK68207,9,I like my 7th grade reading teacher.,24.0,positive,2023-2024
stu_RSKDK68207,9,I like my 7th grade reading teacher.,14.0,positive,2023-2024
stu_MYCLF44200,10,I like purple jeans.,24.0,positive,2023-2024
stu_HLKZL24322,18,i like music,24.0,positive,2023-2024
stu_MKEGQ97127,8,I'm a big sister,12.0,neutral,2023-2024
stu_MKEGQ97127,8,I'm a big sister,2.0,girl,2023-2024
stu_OCRTY88035,14,I am someone that loves my brother.,24.0,positive,2023-2024
stu_OCRTY88035,14,I am someone that loves my brother.,12.0,positive,2023-2024
stu_MMNSJ38829,9,I love to go shopping.,31.0,positive,2023-2024
stu_MMNSJ38829,9,I love to go shopping.,24.0,positive,2023-2024
stu_KFYJM61476,15,I have 2 cats.,32.0,none,2023-2024
stu_EXNUN73314,14,I am a romance lover,24.0,positive,2023-2024
stu_SIWRL23181,1,i am 13,4.0,13,2023-2024
stu_JERPG96865,15,i like riding bikes,29.0,positive,2023-2024
stu_JERPG96865,15,i like riding bikes,24.0,positive,2023-2024
stu_IDHIE84911,15,ilove to play,24.0,positive,2023-2024
stu_QEGJI54214,1,i am a big brother,12.0,neutral,2023-2024
stu_QEGJI54214,1,i am a big brother,2.0,boy,2023-2024
stu_KGOWI06896,15,I like being Dominican American,24.0,dominicanamerican,2023-2024
stu_KGOWI06896,15,I like being Dominican American,7.0,dominicanamerican,2023-2024
stu_QZOUO83023,11,I like cooking,31.0,positive,2023-2024
stu_QZOUO83023,11,I like cooking,24.0,positive,2023-2024
stu_YGBLH44260,1,I am somebody that likes English class.,25.0,positive,2023-2024
stu_YGBLH44260,1,I am somebody that likes English class.,14.0,positive,2023-2024
stu_YGBLH44260,1,I am somebody that likes English class.,24.0,positive,2023-2024
stu_SOWGI28002,19,I am someone who loves games,28.0,positive,2023-2024
stu_SOWGI28002,19,I am someone who loves games,24.0,positive,2023-2024
stu_NZWIU92234,19,I have a black iphone 11,32.0,none,2023-2024
stu_UEVQJ25414,16,i have 1 sibbling,12.0,neutral,2023-2024
stu_JTZYY08754,1,Don't and do like math but here we are and I have to do this so why not do good I guess,47.0,neutral,2023-2024
stu_JTZYY08754,1,Don't and do like math but here we are and I have to do this so why not do good I guess,24.0,both,2023-2024
stu_XHPVX80161,13,i like cook,31.0,positive,2023-2024
stu_XHPVX80161,13,i like cook,24.0,positive,2023-2024
stu_NZWIU92234,7,i am cape Verden,7.0,cape verdean,2023-2024
stu_FQEST23326,7,i am loveable,43.0,positive,2023-2024
stu_UEVQJ25414,7,im cool,46.0,positive,2023-2024
stu_NKHRJ04957,17,I like pineapple,24.0,positive,2023-2024
stu_XKMAG80800,4,Cook,31.0,neutral,2023-2024
stu_YXJEP22115,15,I am good at cross country,43.0,positive,2023-2024
stu_YXJEP22115,15,I am good at cross country,29.0,positive,2023-2024
stu_KFYJM61476,1,I have brown hair.,35.0,neutral,2023-2024
stu_HMQRZ27503,16,I am jealous,44.0,negative,2023-2024
stu_ROULI02103,11,im a loveable person,43.0,positive,2023-2024
stu_ROULI02103,11,im a loveable person,21.0,none,2023-2024
stu_YBWGX96937,8,i not like english,25.0,negative,2023-2024
stu_YBWGX96937,8,i not like english,24.0,negative,2023-2024
stu_RSKDK68207,4,I speak English. My native language was Luganda.,7.0,baganda,2023-2024
stu_QCKDZ64012,7,i have 4 sisters,12.0,neutral,2023-2024
stu_KOIIB68446,4,I am a student,14.0,neutral,2023-2024
stu_LDUML32113,6,im a movie watcher,31.0,neutral,2023-2024
stu_FPTDO32773,18,Generous,44.0,positive,2023-2024
stu_OCRTY88035,4,I am someone that has a brother.,12.0,neutral,2023-2024
stu_ZUARE93356,9,I am a brother,12.0,neutral,2023-2024
stu_ZUARE93356,9,I am a brother,2.0,boy,2023-2024
stu_XSQUV53095,9,I AM [FIRST NAME] A FISHERMAN,13.0,neutral,2023-2024
stu_XSQUV53095,9,I AM [FIRST NAME] A FISHERMAN,5.0,none,2023-2024
stu_RFRYE74718,18,I am a person who loves my family.,21.0,none,2023-2024
stu_RFRYE74718,18,I am a person who loves my family.,12.0,positive,2023-2024
stu_STIXI97047,2,I would like to have more example before getting to the point.,45.0,neutral,2023-2024
stu_RNIHY62490,11,"I am 5,4",35.0,neutral,2023-2024
stu_FTOYB42084,3,im short,35.0,neutral,2023-2024
stu_XCKNQ66212,16,i'm a money kid,43.0,neutral,2023-2024
stu_XCKNQ66212,16,i'm a money kid,4.0,child,2023-2024
stu_OMSFY97090,16,im a students,14.0,neutral,2023-2024
stu_HVWUJ52450,5,I like soccer,29.0,positive,2023-2024
stu_HVWUJ52450,5,I like soccer,24.0,positive,2023-2024
stu_KCDEU07486,16,I am sensitive,45.0,neutral,2023-2024
stu_NMWSA27732,9,I'm a 6 grader,22.0,sixthgrader,2023-2024
stu_NMWSA27732,9,I'm a 6 grader,4.0,child,2023-2024
stu_NMWSA27732,9,I'm a 6 grader,14.0,neutral,2023-2024
stu_NXWSI70882,4,A person in honors classes,43.0,positive,2023-2024
stu_NXWSI70882,4,A person in honors classes,14.0,positive,2023-2024
stu_PKXZK94759,3,I used to play the clarinet,26.0,"none, neutral",2023-2024
stu_FWPPR22255,7,I speak a lot language,43.0,positive,2023-2024
stu_NMWSA27732,18,I'm alergic to pineaple,36.0,negative,2023-2024
stu_KOIIB68446,11,i like math and science,25.0,positive,2023-2024
stu_KOIIB68446,11,i like math and science,24.0,positive,2023-2024
stu_MMNSJ38829,4,I like to watch marvel movies.,31.0,positive,2023-2024
stu_MMNSJ38829,4,I like to watch marvel movies.,24.0,positive,2023-2024
stu_FSPCV10901,20,I am kind,44.0,positive,2023-2024
stu_WDDQQ92015,11,i am a student,14.0,neutral,2023-2024
stu_IDHIE84911,5,i love art,26.0,positive,2023-2024
stu_IDHIE84911,5,i love art,24.0,positive,2023-2024
stu_MXNSF14478,9,I love clothing,30.0,positive,2023-2024
stu_MXNSF14478,9,I love clothing,24.0,positive,2023-2024
stu_QQMSX84242,12,a jokester,44.0,positive,2023-2024
stu_PXDPN73068,17,My best friend is my best friend,10.0,positive,2023-2024
stu_QACJQ31561,8,im good at math (sometimes),25.0,positive,2023-2024
stu_FPTDO32773,13,a enemy to some people,44.0,neutral,2023-2024
stu_BESSB35006,1,I like to sleep,31.0,positive,2023-2024
stu_BESSB35006,1,I like to sleep,24.0,positive,2023-2024
stu_WXAMH04104,14,my favorite color is purple,24.0,positive,2023-2024
stu_DJCZE13885,10,I like slushies.,24.0,positive,2023-2024
stu_FVHVM49769,2,I like video games,28.0,positive,2023-2024
stu_FVHVM49769,2,I like video games,24.0,positive,2023-2024
stu_MKEGQ97127,4,I'm a girl,2.0,girl,2023-2024
stu_UHXBA77476,20,I like to paint my nails,31.0,positive,2023-2024
stu_UHXBA77476,20,I like to paint my nails,24.0,positive,2023-2024
stu_QQAHK93946,3,I like drawing and reading sometimes,26.0,positive,2023-2024
stu_QQAHK93946,3,I like drawing and reading sometimes,24.0,positive,2023-2024
stu_QQAHK93946,3,I like drawing and reading sometimes,25.0,positive,2023-2024
stu_BCRYB29652,6,I'm leter,48.0,none,2023-2024
stu_BCRYB29652,17,I am a fan of ronaldo,29.0,positive,2023-2024
stu_BCRYB29652,17,I am a fan of ronaldo,24.0,positive,2023-2024
stu_UAFAK64772,8,mean,44.0,negative,2023-2024
stu_MRIWT64391,6,a talkitave person,44.0,neutral,2023-2024
stu_RFRYE74718,5,I am a feem for roblox.,28.0,positive,2023-2024
stu_RFRYE74718,5,I am a feem for roblox.,24.0,positive,2023-2024
stu_ZARRQ26344,1,I am a girl,2.0,girl,2023-2024
stu_IGLSS89625,9,i like [TEACHER],24.0,positive,2023-2024
stu_IGLSS89625,9,i like [TEACHER],14.0,positive,2023-2024
stu_OFAWH83528,8,I like cheteo puffs,24.0,positive,2023-2024
stu_DZJHT48666,3,I have curly hair,35.0,neutral,2023-2024
stu_NMWSA27732,20,I'm blond,35.0,neutral,2023-2024
stu_CLLRZ76280,3,I am a sixth grader,21.0,sixthgrader,2023-2024
stu_CLLRZ76280,3,I am a sixth grader,4.0,child,2023-2024
stu_CLLRZ76280,3,I am a sixth grader,14.0,neutral,2023-2024
stu_JERPG96865,11,i like animals,24.0,positive,2023-2024
stu_PUNZK45438,9,i have good grades,43.0,positive,2023-2024
stu_PUNZK45438,9,i have good grades,14.0,positive,2023-2024
stu_PUNZK45438,9,i have good grades,25.0,positive,2023-2024
stu_XHPVX80161,19,i love chicken,24.0,positive,2023-2024
stu_NWRRC44615,2,i have 3 siblings,12.0,neutral,2023-2024
stu_CPVXX19825,11,i am 11 years old,4.0,11,2023-2024
stu_PJCOJ15115,19,I am a food lover,24.0,positive,2023-2024
stu_EHXGF51692,19,i love to sleep,31.0,positive,2023-2024
stu_EHXGF51692,19,i love to sleep,24.0,positive,2023-2024
stu_KOIIB68446,13,I love sweaters,24.0,positive,2023-2024
stu_CHVFQ54169,6,I am Haitian.,7.0,haitian,2023-2024
stu_PYEUW09959,10,I like to play on my trampoline,29.0,positive,2023-2024
stu_PYEUW09959,10,I like to play on my trampoline,24.0,positive,2023-2024
stu_LKAAV41369,19,I dont like dogs,24.0,negative,2023-2024
stu_XXEBH66449,2,I am [FIRST NAME],5.0,none,2023-2024
stu_DZJHT48666,5,I have 1 sister and 1 half brother,12.0,neutral,2023-2024
stu_EHYTZ32137,11,I'm short,35.0,neutral,2023-2024
stu_SULZI60933,20,i like my friend's,24.0,positive,2023-2024
stu_SULZI60933,20,i like my friend's,10.0,positive,2023-2024
stu_VNSDU81090,3,i like a soccer,29.0,positive,2023-2024
stu_VNSDU81090,3,i like a soccer,24.0,positive,2023-2024
stu_ZYUDW82089,9,someone who wears the same sweater every day,45.0,neutral,2023-2024
stu_YBWGX96937,12,i like no school,24.0,positive,2023-2024
stu_YBWGX96937,12,i like no school,14.0,negative,2023-2024
stu_ZQMQQ26810,8,i have lot of family,12.0,neutral,2023-2024
stu_OQLOS45541,4,I'm a animal lover.,24.0,positive,2023-2024
stu_FVHVM49769,10,i am human,21.0,none,2023-2024
stu_PSHPN85751,8,im in honors academy,43.0,positive,2023-2024
stu_PSHPN85751,8,im in honors academy,14.0,positive,2023-2024
stu_YSQPA55709,17,i like blue,24.0,positive,2023-2024
stu_IZQGI75719,13,i love sports,29.0,positive,2023-2024
stu_IZQGI75719,13,i love sports,24.0,positive,2023-2024
stu_GXMFA19655,19,i am a track and field runner,29.0,neutral,2023-2024
stu_TDURA35752,1,I am jamacian,7.0,jamaican,2023-2024
stu_WQGUY90279,12,I have 4 siblings,12.0,neutral,2023-2024
stu_QQAHK93946,1,I am a girl,2.0,girl,2023-2024
stu_EHXGF51692,3,I am a person who likes to draw.,26.0,positive,2023-2024
stu_EHXGF51692,3,I am a person who likes to draw.,21.0,none,2023-2024
stu_EHXGF51692,3,I am a person who likes to draw.,24.0,positive,2023-2024
stu_UJNMI16598,11,Patient,44.0,positive,2023-2024
stu_UYFTQ45542,4,I am a person who plays games,28.0,positive,2023-2024
stu_UYFTQ45542,4,I am a person who plays games,21.0,none,2023-2024
stu_CQRFU18177,3,I like cat's,24.0,positive,2023-2024
stu_PSHPN85751,11,bye,48.0,none,2023-2024
stu_MMZHT88458,3,i like movies,24.0,positive,2023-2024
stu_QCKDZ64012,18,i have a lot of cousins,12.0,neutral,2023-2024
stu_WYTLH51489,9,I like to learn math,25.0,positive,2023-2024
stu_WYTLH51489,9,I like to learn math,24.0,positive,2023-2024
stu_KGOWI06896,7,I like to play games,28.0,positive,2023-2024
stu_KGOWI06896,7,I like to play games,24.0,positive,2023-2024
stu_RNIHY62490,10,I am an NBA fan,31.0,positive,2023-2024
stu_RNIHY62490,10,I am an NBA fan,24.0,positive,2023-2024
stu_XKMAG80800,13,I like doughnuts,24.0,positive,2023-2024
stu_MRIWT64391,9,a creative person,43.0,positive,2023-2024
stu_QZOUO83023,5,I have one brother,12.0,neutral,2023-2024
stu_FUILC09238,20,i'm inpatient,44.0,negative,2023-2024
stu_VENGZ10475,13,A fortnite player,28.0,positive,2023-2024
stu_XHPVX80161,2,I am him,2.0,boy,2023-2024
stu_CNIXS57234,1,I'm a boy,2.0,boy,2023-2024
stu_WTRMC77187,14,i like space,44.0,positive,2023-2024
stu_WTRMC77187,14,i like space,24.0,positive,2023-2024
stu_CLLRZ76280,14,My favorite holiday is christmas,24.0,positive,2023-2024
stu_UEDQL23543,19,friendly,44.0,positive,2023-2024
stu_HBPKA70291,11,fortnite player,28.0,positive,2023-2024
stu_IDHIE84911,13,i like to renne,48.0,none,2023-2024
stu_IIOVZ06372,14,I like money,24.0,positive,2023-2024
stu_WTRMC77187,17,other planets look unique,47.0,neutral,2023-2024
stu_RUZUK44953,11,I am someone who lives in a house,47.0,neutral,2023-2024
stu_ECYEC76336,18,I am the only daughter of 4 kids,12.0,neutral,2023-2024
stu_ECYEC76336,18,I am the only daughter of 4 kids,2.0,girl,2023-2024
stu_ECYEC76336,18,I am the only daughter of 4 kids,4.0,child,2023-2024
stu_WTRMC77187,4,I am mostly tired,47.0,neutral,2023-2024
stu_VKCWY07846,7,im older than a country by a month an 5 days,48.0,none,2023-2024
stu_CETOG17008,7,basketball enjoyer,29.0,positive,2023-2024
stu_CETOG17008,7,basketball enjoyer,24.0,positive,2023-2024
stu_KFYJM61476,20,I have 2 sisters.,12.0,neutral,2023-2024
stu_FASQN45304,7,I am someone who likes to go swimming.,29.0,positivepositive,2023-2024
stu_FASQN45304,7,I am someone who likes to go swimming.,24.0,positivepositive,2023-2024
stu_GCHCS91000,4,I am a good guy,40.0,positive,2023-2024
stu_GCHCS91000,4,I am a good guy,2.0,boy,2023-2024
stu_KWMWG76590,13,i go to the gym,29.0,neutral,2023-2024
stu_MIJEQ06664,15,I like my dad,24.0,positive,2023-2024
stu_MIJEQ06664,15,I like my dad,12.0,positive,2023-2024
stu_DJCZE13885,13,I love my family.,24.0,positive,2023-2024
stu_DJCZE13885,13,I love my family.,12.0,positive,2023-2024
stu_DZJHT48666,13,I don't have glasses,35.0,neutral,2023-2024
stu_EQSJM78476,3,i play soccer,29.0,neutral,2023-2024
stu_LKAAV41369,4,im in middle school,22.0,middleschooler,2023-2024
stu_LKAAV41369,4,im in middle school,4.0,child,2023-2024
stu_LKAAV41369,4,im in middle school,14.0,neutral,2023-2024
stu_UTXBZ05806,18,i am someone who loves math .,25.0,positive,2023-2024
stu_UTXBZ05806,18,i am someone who loves math .,24.0,positive,2023-2024
stu_FBOFA96484,4,i am the middle child,12.0,neutral,2023-2024
stu_FBOFA96484,4,i am the middle child,4.0,child,2023-2024
stu_RDPGG44681,18,I love going on vacations,31.0,positive,2023-2024
stu_RDPGG44681,18,I love going on vacations,24.0,positive,2023-2024
stu_CDXSC86692,9,I am person that want a dog,33.0,neutral,2023-2024
stu_CDXSC86692,9,I am person that want a dog,21.0,none,2023-2024
stu_RDOVU20570,8,I am a funny person,44.0,positive,2023-2024
stu_RDOVU20570,8,I am a funny person,21.0,none,2023-2024
stu_IGWBR81023,7,i love jewelery,30.0,positive,2023-2024
stu_IGWBR81023,7,i love jewelery,24.0,positive,2023-2024
stu_JUQPD47363,4,I am a young female who loves to read.,25.0,positive,2023-2024
stu_JUQPD47363,4,I am a young female who loves to read.,1.0,f,2023-2024
stu_JUQPD47363,4,I am a young female who loves to read.,24.0,positive,2023-2024
stu_RDPGG44681,8,I love cats,24.0,positive,2023-2024
stu_TYPZX10676,1,I like fashions,30.0,positive,2023-2024
stu_TYPZX10676,1,I like fashions,24.0,positive,2023-2024
stu_VUNQZ79892,15,im a good sister,40.0,positive,2023-2024
stu_VUNQZ79892,15,im a good sister,2.0,girl,2023-2024
stu_VUNQZ79892,15,im a good sister,12.0,neutral,2023-2024
stu_WYTLH51489,8,I'm an English speaking person,25.0,neutral,2023-2024
stu_WYTLH51489,8,I'm an English speaking person,22.0,speaksenglish,2023-2024
stu_QQMSX84242,18,a boy,2.0,boy,2023-2024
stu_VKCWY07846,12,my birthday is in june,48.0,none,2023-2024
stu_KWLPL21630,15,I like new clothes and new shoes.,30.0,positive,2023-2024
stu_KWLPL21630,15,I like new clothes and new shoes.,24.0,positive,2023-2024
stu_KJOZZ30475,19,I get nervous.,45.0,neutral,2023-2024
stu_CINVJ49388,10,youtube watcher,27.0,positive,2023-2024
stu_WAWDW95831,5,I am in 6 grade.,22.0,sixthgrader,2023-2024
stu_WAWDW95831,5,I am in 6 grade.,4.0,child,2023-2024
stu_WAWDW95831,5,I am in 6 grade.,14.0,neutral,2023-2024
stu_ZARRQ26344,9,I am the oldest sister,12.0,neutral,2023-2024
stu_UJNMI16598,1,Student,14.0,neutral,2023-2024
stu_WTRMC77187,10,cars like testla are cool,24.0,positive,2023-2024
stu_WAFQN21754,18,I am passionate,41.0,positive,2023-2024
stu_TSQUQ54202,18,I am friendly.,44.0,positive,2023-2024
stu_WDDQQ92015,7,i am a student,14.0,neutral,2023-2024
stu_YGBLH44260,12,I am somebody who does good in math.,25.0,positive,2023-2024
stu_WTRMC77187,12,vacation is fun,24.0,positive,2023-2024
stu_BDAZF88230,16,I am a person who is looked down upon,46.0,negative,2023-2024
stu_BDAZF88230,16,I am a person who is looked down upon,21.0,none,2023-2024
stu_CDXSC86692,3,I am a person that likes games,28.0,positive,2023-2024
stu_CDXSC86692,3,I am a person that likes games,21.0,none,2023-2024
stu_CDXSC86692,3,I am a person that likes games,24.0,positive,2023-2024
stu_NWRRC44615,10,i like to dance,29.0,positive,2023-2024
stu_NWRRC44615,10,i like to dance,24.0,positive,2023-2024
stu_QCKDZ64012,8,i love chicken,24.0,positive,2023-2024
stu_ROULI02103,8,im smart,43.0,positive,2023-2024
stu_PKXZK94759,4,I have siblings,12.0,neutral,2023-2024
stu_FHADA27602,1,i am [FIRST NAME] and i love the color pink.,24.0,positive,2023-2024
stu_FHADA27602,1,i am [FIRST NAME] and i love the color pink.,5.0,none,2023-2024
stu_JERPG96865,2,i like games,28.0,positive,2023-2024
stu_JERPG96865,2,i like games,24.0,positive,2023-2024
stu_SULZI60933,5,i have a pet,32.0,neutral,2023-2024
stu_KCRZD23226,8,I like art class,26.0,positive,2023-2024
stu_KCRZD23226,8,I like art class,24.0,positive,2023-2024
stu_KCRZD23226,8,I like art class,25.0,positive,2023-2024
stu_SJXEZ38047,18,I love going to funz with my friends,31.0,positive,2023-2024
stu_SJXEZ38047,18,I love going to funz with my friends,10.0,positive,2023-2024
stu_SJXEZ38047,18,I love going to funz with my friends,24.0,positive,2023-2024
stu_YNVPH88845,18,I like basketball,29.0,positive,2023-2024
stu_YNVPH88845,18,I like basketball,24.0,positive,2023-2024
stu_LDUML32113,17,good at reading,25.0,positive,2023-2024
stu_SBUBU63586,10,i am a nice studant,14.0,positive,2023-2024
stu_VTRUH97046,6,I am a gymnast.,29.0,neutral,2023-2024
stu_RDOVU20570,9,I am smart,43.0,positive,2023-2024
stu_IGLSS89625,6,i like,48.0,none,2023-2024
stu_HEPWQ98561,5,i am african american,6.0,african american,2023-2024
stu_XHGVP79664,6,I have blue eyes,35.0,neutral,2023-2024
stu_ABSGH36082,5,I like sports,29.0,positive,2023-2024
stu_ABSGH36082,5,I like sports,24.0,positive,2023-2024
stu_VFKRH03938,19,i like looking a schools,24.0,positive,2023-2024
stu_QFXDD68186,20,I like to drink water,24.0,positive,2023-2024
stu_MMNSJ38829,15,I participate in chorus.,26.0,neutral,2023-2024
stu_GXIYC47970,3,I am a soccer player,29.0,neutral,2023-2024
stu_WCANG48942,5,I like school only because of my friends.,24.0,positive,2023-2024
stu_WCANG48942,5,I like school only because of my friends.,10.0,positive,2023-2024
stu_WCANG48942,5,I like school only because of my friends.,14.0,positive,2023-2024
stu_BCRYB29652,8,I' sudit lore,48.0,none,2023-2024
stu_FTOYB42084,12,im a food lover,24.0,positive,2023-2024
stu_HEPWQ98561,2,"i am a cheerleader,",29.0,neutal,2023-2024
stu_HEPWQ98561,2,"i am a cheerleader,",22.0,cheerleader,2023-2024
stu_OFAWH83528,15,I like chips,24.0,positive,2023-2024
stu_PSHZT50501,7,I am 5 feet 6 inches tall.,35.0,neutral,2023-2024
stu_WZRKM29688,4,i like madden,28.0,positive,2023-2024
stu_WZRKM29688,4,i like madden,24.0,positive,2023-2024
stu_KFYJM61476,4,I am tall.,35.0,neutral,2023-2024
stu_LDUML32113,18,i like making money,24.0,positive,2023-2024
stu_AHWRN95528,3,I am a student,14.0,neutral,2023-2024
stu_ANQAT24428,10,someone who likes sour patch kids,24.0,positive,2023-2024
stu_RDPGG44681,10,I love my old kittens and puppies and miss them,47.0,negative,2023-2024
stu_RDPGG44681,10,I love my old kittens and puppies and miss them,24.0,positive,2023-2024
stu_DHTXQ91573,5,I am a students from 6 grades,22.0,sixthgrader,2023-2024
stu_DHTXQ91573,5,I am a students from 6 grades,4.0,child,2023-2024
stu_DHTXQ91573,5,I am a students from 6 grades,14.0,neutral,2023-2024
stu_RSKDK68207,2,I am African American (Ugandan),7.0,ugandan,2023-2024
stu_LDUML32113,8,im a hard worker,41.0,positive,2023-2024
stu_XCKNQ66212,6,i'm 13,4.0,13,2023-2024
stu_EUWJA76858,4,I am a English speaking Person.,25.0,neutral,2023-2024
stu_EUWJA76858,4,I am a English speaking Person.,21.0,none,2023-2024
stu_EUWJA76858,4,I am a English speaking Person.,22.0,speaksenglish,2023-2024
stu_CINVJ49388,15,[FIRST NAME] friend,10.0,neutral,2023-2024
stu_QOGPO20181,11,l have a twin sister,12.0,neutral,2023-2024
stu_QZOUO83023,13,iI love to sleep,31.0,positive,2023-2024
stu_QZOUO83023,13,iI love to sleep,24.0,positive,2023-2024
stu_ROULI02103,2,i am from massachusetts,9.0,from massachusetts,2023-2024
stu_ANQAT24428,2,somebody who is a big sister,12.0,neutral,2023-2024
stu_ANQAT24428,2,somebody who is a big sister,2.0,girl,2023-2024
stu_VENGZ10475,14,Someone who plays games freqently,28.0,neutral,2023-2024
stu_UAFAK64772,17,determined,41.0,positive,2023-2024
stu_JERPG96865,10,i like snakes,24.0,positive,2023-2024
stu_SBUBU63586,14,i am a dog mom,24.0,positive,2023-2024
stu_SBUBU63586,14,i am a dog mom,2.0,positive,2023-2024
stu_BCRYB29652,3,I'm a gamer.,28.0,positive,2023-2024
stu_CLLRZ76280,2,I like certain sports,29.0,positive,2023-2024
stu_CLLRZ76280,2,I like certain sports,24.0,positive,2023-2024
stu_RNIHY62490,9,I am a spiderman fan,28.0,positive,2023-2024
stu_UJNMI16598,9,Person,21.0,none,2023-2024
stu_MXNSB23169,15,I watch animae.,31.0,neutral,2023-2024
stu_RFRYE74718,10,I am 6th grader .,22.0,sixthgrader,2023-2024
stu_RFRYE74718,10,I am 6th grader .,4.0,child,2023-2024
stu_RFRYE74718,10,I am 6th grader .,14.0,neutral,2023-2024
stu_WCANG48942,15,I like water,24.0,positive,2023-2024
stu_FNVBP19615,8,I dont like writing a lot.,25.0,negative,2023-2024
stu_FNVBP19615,8,I dont like writing a lot.,24.0,negative,2023-2024
stu_FNVBP19615,15,I dont like to talk if I feel your not listening.,44.0,negative,2023-2024
stu_FNVBP19615,15,I dont like to talk if I feel your not listening.,24.0,negative,2023-2024
stu_MZIVN56293,4,im a 8th grader,22.0,eighthgrader,2023-2024
stu_MZIVN56293,4,im a 8th grader,4.0,child,2023-2024
stu_MZIVN56293,4,im a 8th grader,14.0,neutral,2023-2024
stu_NMWSA27732,1,I'm a girl,2.0,girl,2023-2024
stu_THKBG93560,19,I'm a middle child,12.0,neutral,2023-2024
stu_THKBG93560,19,I'm a middle child,4.0,child,2023-2024
stu_EUIXK95276,11,"I'm a student at the [SCHOOL NAME], I love dancing, singing, gym class, Art class, eating food",31.0,positive,2023-2024
stu_EUIXK95276,11,"I'm a student at the [SCHOOL NAME], I love dancing, singing, gym class, Art class, eating food",14.0,neutral,2023-2024
stu_EUIXK95276,11,"I'm a student at the [SCHOOL NAME], I love dancing, singing, gym class, Art class, eating food",24.0,positive,2023-2024
stu_EUIXK95276,11,"I'm a student at the [SCHOOL NAME], I love dancing, singing, gym class, Art class, eating food",26.0,positive,2023-2024
stu_EUIXK95276,11,"I'm a student at the [SCHOOL NAME], I love dancing, singing, gym class, Art class, eating food",29.0,positive,2023-2024
stu_ABSGH36082,20,I want to be as smart as a sciecntic.,41.0,positive,2023-2024
stu_WQGUY90279,17,Air,48.0,none,2023-2024
stu_GCHCS91000,1,a am a middile school student,22.0,middleschooler,2023-2024
stu_GCHCS91000,1,a am a middile school student,4.0,child,2023-2024
stu_GCHCS91000,1,a am a middile school student,14.0,neutral,2023-2024
stu_BESSB35006,13,i like to play fights with my sisters,24.0,positive,2023-2024
stu_BESSB35006,13,i like to play fights with my sisters,12.0,positive,2023-2024
stu_SQLXP95993,10,I like history class,25.0,positive,2023-2024
stu_SQLXP95993,10,I like history class,24.0,positive,2023-2024
stu_OAZKI17777,5,[LETTER OF NAME],5.0,none,2023-2024
stu_XHPVX80161,15,[SPECIAL CHARACTERS UNINTELLIGBLE] a scammer,48.0,none,2023-2024
stu_WDDQQ92015,9,i am a student,14.0,neutral,2023-2024
stu_DKGHS98193,13,im funny,44.0,positive,2023-2024
stu_PXDPN73068,3,I have good grades in english and social studies,43.0,positive,2023-2024
stu_PXDPN73068,3,I have good grades in english and social studies,14.0,positive,2023-2024
stu_PXDPN73068,3,I have good grades in english and social studies,25.0,positive,2023-2024
stu_CWJCN88700,3,I am the youngest child on my mom side,12.0,neutral,2023-2024
stu_CWJCN88700,3,I am the youngest child on my mom side,4.0,child,2023-2024
stu_CQRFU18177,20,and i love waching vidos,31.0,positive,2023-2024
stu_CQRFU18177,20,and i love waching vidos,24.0,positive,2023-2024
stu_SJNFF34466,17,im drake,48.0,none,2023-2024
stu_XXEBH66449,10,I am a student,14.0,neutral,2023-2024
stu_DHTXQ91573,12,I am a students from 6 grades,22.0,sixthgrader,2023-2024
stu_DHTXQ91573,12,I am a students from 6 grades,4.0,child,2023-2024
stu_DHTXQ91573,12,I am a students from 6 grades,14.0,neutral,2023-2024
stu_NWRRN03456,17,I am self-suffient.,43.0,positive,2023-2024
stu_NJZBY59884,14,i talk alot,44.0,neutral,2023-2024
stu_NMWSA27732,6,I'm half Spanish and half Brazilian,7.0,spanish and brazilian,2023-2024
stu_HMQRZ27503,4,I am sicence guy,25.0,positive,2023-2024
stu_HMQRZ27503,4,I am sicence guy,2.0,boy,2023-2024
stu_CNIFN64507,11,im a girl,2.0,girl,2023-2024
stu_PKXZK94759,11,I'm somebody who likes to use Roblox,28.0,positive,2023-2024
stu_PKXZK94759,11,I'm somebody who likes to use Roblox,24.0,positive,2023-2024
stu_EHXGF51692,6,I am a [SCHOOL NAME + MASCOT].,13.0,neutral,2023-2024
stu_QOGPO20181,18,l have brown eyes.,34.0,neutral,2023-2024
stu_BESSB35006,7,I like to hang out with my friends,24.0,positive,2023-2024
stu_BESSB35006,7,I like to hang out with my friends,10.0,positive,2023-2024
stu_IIOVZ06372,9,I like summer,24.0,positive,2023-2024
stu_YBWGX96937,11,i like box,24.0,positive,2023-2024
stu_SQLXP95993,4,I am a girl,2.0,girl,2023-2024
stu_OFWAG94272,10,I like basketball,29.0,positive,2023-2024
stu_OFWAG94272,10,I like basketball,24.0,positive,2023-2024
stu_QPHPK12517,14,best fortnite player,28.0,positive,2023-2024
stu_FBOFA96484,17,i am a person that likes math.,25.0,positive,2023-2024
stu_FBOFA96484,17,i am a person that likes math.,21.0,none,2023-2024
stu_FBOFA96484,17,i am a person that likes math.,24.0,positive,2023-2024
stu_YXJEP22115,13,I am good at cheer,29.0,positive,2023-2024
stu_OCRTY88035,3,I am the middle child.,12.0,neutral,2023-2024
stu_OCRTY88035,3,I am the middle child.,4.0,child,2023-2024
stu_NYHDW07721,7,Daughter of [FIRST LAST NAME],12.0,neutral,2023-2024
stu_NYHDW07721,7,Daughter of [FIRST LAST NAME],2.0,girl,2023-2024
stu_ERQCY81201,20,I am [FIRST MIDDLE LAST NAME],5.0,none,2023-2024
stu_PXDPN73068,16,My favorite artist is Pure O Juice.,24.0,positive,2023-2024
stu_NYHDW07721,4,Little sister of [FIRST LAST NAME],12.0,neutral,2023-2024
stu_NYHDW07721,4,Little sister of [FIRST LAST NAME],2.0,girl,2023-2024
stu_RFRYE74718,4,I am an athlete.,29.0,neutral,2023-2024
stu_UEVQJ25414,13,i play soccer,29.0,neutral,2023-2024
stu_PUHUL75671,7,I am me,19.0,none,2023-2024
stu_DKGHS98193,2,from [CITY],9.0,city,2023-2024
stu_YSQPA55709,11,im short,35.0,neutral,2023-2024
stu_UEDQL23543,7,respectful,44.0,positive,2023-2024
stu_JOKOV89559,5,I am someone who is play full when I get to know you,44.0,neutral,2023-2024
stu_RFRYE74718,2,I am Cape Verdean.,7.0,cape verdean,2023-2024
stu_SULZI60933,10,I'm mix black and whit,6.0,black and white mixed,2023-2024
stu_HXXCS05602,18,i'm a daughter,2.0,girl,2023-2024
stu_IGWBR81023,15,i find math challenging sometimes,25.0,neutral,2023-2024
stu_DZJHT48666,8,I like food,24.0,positive,2023-2024
stu_UEDQL23543,10,cape verdean,7.0,cape verdean,2023-2024
stu_PSHPN85751,17,bye,48.0,none,2023-2024
stu_MMNSJ38829,11,I like to participate in Musicals/plays.,26.0,positive,2023-2024
stu_MMNSJ38829,11,I like to participate in Musicals/plays.,24.0,positive,2023-2024
stu_FUILC09238,16,my favorite hoodie brand is essentials,24.0,positive,2023-2024
stu_EQSJM78476,15,i like watermelon,24.0,positive,2023-2024
stu_NWRRC44615,13,i like talkies,24.0,positive,2023-2024
stu_YXBHV58732,10,I like to get awards for being a good student,24.0,positive,2023-2024
stu_YXBHV58732,10,I like to get awards for being a good student,14.0,positive,2023-2024
stu_YBWGX96937,20,i am boy,2.0,boy,2023-2024
stu_ECYEC76336,20,I am a summer/spring person,22.0,summer/springperson,2023-2024
stu_ECYEC76336,20,I am a summer/spring person,21.0,none,2023-2024
stu_MXNSB23169,14,I am level 5000 in fortnite.,28.0,neutral,2023-2024
stu_FASQN45304,6,I am a 6th grader.,22.0,sixthgrader,2023-2024
stu_FASQN45304,6,I am a 6th grader.,4.0,child,2023-2024
stu_FASQN45304,6,I am a 6th grader.,14.0,neutral,2023-2024
stu_PYEUW09959,3,I like to play volleyball,29.0,positive,2023-2024
stu_PYEUW09959,3,I like to play volleyball,24.0,positive,2023-2024
stu_RDOVU20570,7,I like the beaches,24.0,positive,2023-2024
stu_FSPCV10901,1,My name is [FIRST NAME] but my nickname is [NICKNAME].,5.0,none,2023-2024
stu_FQKSK24193,14,i will be 6 feet or taller,35.0,neutral,2023-2024
stu_QOGPO20181,19,My favorite Shoes is Jordans,24.0,positive,2023-2024
stu_EJIML93711,5,I speak English,25.0,neutral,2023-2024
stu_EJIML93711,5,I speak English,22.0,speaksenglish,2023-2024
stu_CLLRZ76280,19,my favorite season is summer,24.0,positive,2023-2024
stu_IIOVZ06372,1,I like hanging out with friends,24.0,positive,2023-2024
stu_IIOVZ06372,1,I like hanging out with friends,10.0,positive,2023-2024
stu_BJJXN95776,16,I like soda,24.0,positive,2023-2024
stu_GXIYC47970,1,I am a student and a soccer player,29.0,neutral,2023-2024
stu_GXIYC47970,1,I am a student and a soccer player,14.0,neutral,2023-2024
stu_PKXZK94759,7,My favorite color is pink,24.0,positive,2023-2024
stu_JTZYY08754,17,i hate everyone but my mom and sisters and bothers,24.0,negative,2023-2024
stu_JTZYY08754,17,i hate everyone but my mom and sisters and bothers,12.0,positive,2023-2024
stu_WEADW20158,10,i love school,24.0,positive,2023-2024
stu_WEADW20158,10,i love school,14.0,positive,2023-2024
stu_MZIVN56293,18,i play basket ball for fun,29.0,positive,2023-2024
stu_UTXBZ05806,17,i am someone who loves watermelon and mango,24.0,positive,2023-2024
stu_GXIYC47970,20,i love fried rice,24.0,positive,2023-2024
stu_HXXCS05602,14,i'm smart,43.0,positive,2023-2024
stu_QQAHK93946,8,I understand vietnamese,25.0,neutral,2023-2024
stu_QQAHK93946,8,I understand vietnamese,22.0,understandsvietnamese,2023-2024
stu_NJZBY59884,17,i like ja morent and lebron james,24.0,positive,2023-2024
stu_STIXI97047,16,I am [LAST NAME].,5.0,none,2023-2024
stu_UYFTQ45542,9,i am a fighting type game liker,28.0,positive,2023-2024
stu_UYFTQ45542,9,i am a fighting type game liker,24.0,positive,2023-2024
stu_STIXI97047,17,I am [FIRST NAME].,5.0,none,2023-2024
stu_EUWJA76858,17,I like makeup.,30.0,positive,2023-2024
stu_EUWJA76858,17,I like makeup.,24.0,positive,2023-2024
stu_JOVOI38701,12,I am someone who likes milkshakes.,24.0,positive,2023-2024
stu_GXMFA19655,13,i am kind,44.0,positive,2023-2024
stu_JUQPD47363,13,I am not fond of computer work.,27.0,negative,2023-2024
stu_JUQPD47363,13,I am not fond of computer work.,24.0,negative,2023-2024
stu_ROXAU39801,3,I am a brother,12.0,neutral,2023-2024
stu_ROXAU39801,3,I am a brother,2.0,boy,2023-2024
stu_FQEST23326,15,a website creator,27.0,neutral,2023-2024
stu_RDOVU20570,17,I am a sister,12.0,neutral,2023-2024
stu_RDOVU20570,17,I am a sister,2.0,girl,2023-2024
stu_PXDPN73068,8,I am 11,4.0,11,2023-2024
stu_SBUBU63586,19,i am a human,21.0,none,2023-2024
stu_VFKRH03938,7,i love my family,24.0,positive,2023-2024
stu_VFKRH03938,7,i love my family,12.0,positive,2023-2024
stu_PUHUL75671,6,I am from [CITY],9.0,city,2023-2024
stu_WTRMC77187,11,i like to do beach ball,29.0,positive,2023-2024
stu_WTRMC77187,11,i like to do beach ball,24.0,positive,2023-2024
stu_KWMWG76590,8,i like cares,48.0,none,2023-2024
stu_YGBLH44260,7,I am somebody that has trouble paying attention.,45.0,neutral,2023-2024
stu_IGWBR81023,12,i am size 4 in shoes,35.0,neutral,2023-2024
stu_STIXI97047,12,I am [LAST NAME] .,5.0,none,2023-2024
stu_CTAZU65504,13,I run track,29.0,neutral,2023-2024
stu_WXAMH04104,7,i like drawing,26.0,positive,2023-2024
stu_WXAMH04104,7,i like drawing,24.0,positive,2023-2024
stu_DJCZE13885,9,I am Haitian and Russian.,7.0,haitian and russian,2023-2024
stu_UJNMI16598,16,Italian,7.0,italian,2023-2024
stu_MIJEQ06664,16,I like my sis,24.0,positive,2023-2024
stu_MIJEQ06664,16,I like my sis,12.0,positive,2023-2024
stu_CWQDV67579,15,I like science,25.0,positive,2023-2024
stu_CWQDV67579,15,I like science,24.0,positive,2023-2024
stu_LKAAV41369,20,i like birds,24.0,positive,2023-2024
stu_PYEUW09959,7,I like to watch horror and thriller movies,31.0,positive,2023-2024
stu_PYEUW09959,7,I like to watch horror and thriller movies,24.0,positive,2023-2024
stu_SIWRL23181,11,i am motivated,41.0,positive,2023-2024
stu_SOWGI28002,11,I am someone loves walking with my friends,24.0,positive,2023-2024
stu_SOWGI28002,11,I am someone loves walking with my friends,10.0,positive,2023-2024
stu_HEPWQ98561,17,"i love my best friend, shes half of my cousin",24.0,positive,2023-2024
stu_HEPWQ98561,17,"i love my best friend, shes half of my cousin",10.0,positive,2023-2024
stu_HEPWQ98561,17,"i love my best friend, shes half of my cousin",12.0,positive,2023-2024
stu_LTSJK02079,9,I like cheetahs,24.0,positive,2023-2024
stu_CINVJ49388,19,i am haitian,7.0,haitian,2023-2024
stu_LKAAV41369,16,i have black hair,35.0,neutral,2023-2024
stu_MMNSJ38829,3,I like to be explained why I am wrong.,43.0,positive,2023-2024
stu_MMNSJ38829,3,I like to be explained why I am wrong.,24.0,positive,2023-2024
stu_RUZUK44953,4,I am a person who kind of likes work,24.0,positive,2023-2024
stu_RUZUK44953,4,I am a person who kind of likes work,21.0,positive,2023-2024
stu_VTRUH97046,5,I am 12 years old.,4.0,12,2023-2024
stu_QPHPK12517,10,i am tall,35.0,neutral,2023-2024
stu_MMNSJ38829,12,I like to watch Miraculous ladybug.,31.0,positive,2023-2024
stu_MMNSJ38829,12,I like to watch Miraculous ladybug.,24.0,positive,2023-2024
stu_PJCOJ15115,18,I am fast,43.0,positive,2023-2024
stu_THKBG93560,5,I'm not a supporter of LGTBQ.,23.0,anti-lgbtq,2023-2024
stu_EUWJA76858,1,I am [FIRST NAME].,5.0,none,2023-2024
stu_RUZUK44953,18,I am someone who sometimes speaks another language at home but is not fluent at it,25.0,neutral,2023-2024
stu_RUZUK44953,18,I am someone who sometimes speaks another language at home but is not fluent at it,22.0,speaksanotherlanguage,2023-2024
stu_FPTDO32773,16,Loyal,43.0,positive,2023-2024
stu_PSHPN85751,4,im a soccer player,29.0,neutral,2023-2024
stu_PJCOJ15115,12,I am a nike merchant,13.0,neutral,2023-2024
stu_XHGVP79664,5,Im european,8.0,european,2023-2024
stu_BDAZF88230,9,I am a risktaker,42.0,neutral,2023-2024
stu_YBWGX96937,7,i not like SOCIAL STUDIE,25.0,negative,2023-2024
stu_YBWGX96937,7,i not like SOCIAL STUDIE,24.0,negative,2023-2024
stu_FQKSK24193,3,i like to swim,29.0,positive,2023-2024
stu_FQKSK24193,3,i like to swim,24.0,positive,2023-2024
stu_YXBHV58732,6,I like reading,25.0,positive,2023-2024
stu_YXBHV58732,6,I like reading,24.0,positive,2023-2024
stu_KGOWI06896,18,I like to be cozy,24.0,positive,2023-2024
stu_CPAQO78519,18,I am someone who likes to play jepordy,28.0,positive,2023-2024
stu_CPAQO78519,18,I am someone who likes to play jepordy,24.0,positive,2023-2024
stu_ROXAU39801,12,I am a Haitian American,8.0,american,2023-2024
stu_ROXAU39801,12,I am a Haitian American,7.0,haitian,2023-2024
stu_OAZKI17777,2,An artist,26.0,neutral,2023-2024
stu_QQAHK93946,12,I can write in other langues,43.0,positive,2023-2024
stu_GXMFA19655,14,i wanna be a docter,13.0,neutral,2023-2024
stu_EJIML93711,2,I like pink,24.0,positive,2023-2024
stu_MKEGQ97127,11,I'm a neat looking person,35.0,positive,2023-2024
stu_WBAVA84528,9,i like the waterslides,24.0,positive,2023-2024
stu_MXNSB23169,9,I speak fluent yapanness.,44.0,neutral,2023-2024
stu_YXBHV58732,7,I like doing matha,25.0,positive,2023-2024
stu_YXBHV58732,7,I like doing matha,24.0,positive,2023-2024
stu_MKEGQ97127,12,I'm a brown eyed person,35.0,neutral,2023-2024
stu_MKEGQ97127,12,I'm a brown eyed person,21.0,none,2023-2024
stu_MTCIM85775,16,A student,14.0,neutral,2023-2024
stu_SULZI60933,13,i have brown eyes,35.0,neutral,2023-2024
stu_UEYTM01990,6,I try to have good grades,43.0,positive,2023-2024
stu_UEYTM01990,6,I try to have good grades,14.0,positive,2023-2024
stu_UEYTM01990,6,I try to have good grades,25.0,positive,2023-2024
stu_CTAZU65504,7,I am babysitter,13.0,neutral,2023-2024
stu_NRKZA72454,12,I love my phone and being on it.,27.0,positive,2023-2024
stu_NRKZA72454,12,I love my phone and being on it.,24.0,positive,2023-2024
stu_RSKDK68207,6,I like the color pink.,24.0,positive,2023-2024
stu_HBPKA70291,4,cape verdan,7.0,cape verdean,2023-2024
stu_TSQUQ54202,14,I am myself.,19.0,none,2023-2024
stu_CWQDV67579,6,I like gym,29.0,positive,2023-2024
stu_CWQDV67579,6,I like gym,24.0,positive,2023-2024
stu_WDDQQ92015,8,i am a student,14.0,neutral,2023-2024
stu_NWRRN03456,2,I have 9555 coins on MATH Stream,47.0,neutral,2023-2024
stu_LJAAE92948,16,I have 2 step brothers,12.0,neutral,2023-2024
stu_UEYTM01990,1,I play softball,29.0,neutral,2023-2024
stu_WXAMH04104,1,im am male,1.0,m,2023-2024
stu_VQFBG95862,8,i am a helping person,44.0,positive,2023-2024
stu_VQFBG95862,8,i am a helping person,21.0,none,2023-2024
stu_LDUML32113,5,im an only child,12.0,neutral,2023-2024
stu_LDUML32113,5,im an only child,4.0,child,2023-2024
stu_BDAZF88230,5,I am the youngest child,12.0,neutral,2023-2024
stu_VQFBG95862,6,i am a respectfully person,44.0,positive,2023-2024
stu_VQFBG95862,6,i am a respectfully person,21.0,none,2023-2024
stu_YSQPA55709,1,im a 12 year old north student,14.0,neutral,2023-2024
stu_YSQPA55709,1,im a 12 year old north student,4.0,12,2023-2024
stu_TYPZX10676,9,i like when they give rewards,24.0,positive,2023-2024
stu_ORUUL82324,11,I like to listen to music when i'm sad,45.0,neutral,2023-2024
stu_ORUUL82324,11,I like to listen to music when i'm sad,24.0,positive,2023-2024
stu_ORUUL82324,11,I like to listen to music when i'm sad,31.0,positive,2023-2024
stu_FTOYB42084,10,im responsible,43.0,positive,2023-2024
stu_OCRTY88035,16,I am someone that want to go to waterwizz.,47.0,neutral,2023-2024
stu_FSPCV10901,6,I am a gamer.,28.0,positive,2023-2024
stu_EQSJM78476,14,I like doritoes,24.0,positive,2023-2024
stu_MXNSB23169,11,I dont like school.,24.0,negative,2023-2024
stu_MXNSB23169,11,I dont like school.,14.0,negative,2023-2024
stu_PKXZK94759,17,I love jewlery,30.0,positive,2023-2024
stu_PKXZK94759,17,I love jewlery,24.0,positive,2023-2024
stu_CDGKD03653,18,i like basketball,29.0,positive,2023-2024
stu_CDGKD03653,18,i like basketball,24.0,positive,2023-2024
stu_NWVEW24693,20,my middle name is [MIDDLE NAME],5.0,none,2023-2024
stu_CJHBB29429,20,My favorite vegetable is cucumber with salt,24.0,positive,2023-2024
stu_XKMAG80800,14,I like food,24.0,positive,2023-2024
stu_UHXBA77476,6,I like to travel,31.0,positive,2023-2024
stu_UHXBA77476,6,I like to travel,24.0,positive,2023-2024
stu_JUQPD47363,18,I am asthmatic.,36.0,negative,2023-2024
stu_RUZUK44953,20,I am someone with perseverance.,41.0,positive,2023-2024
stu_XHGVP79664,18,I like space,44.0,positive,2023-2024
stu_XHGVP79664,18,I like space,24.0,positive,2023-2024
stu_CULOH75877,16,I play basketball,29.0,neutral,2023-2024
stu_CTAZU65504,8,I am the oldest child,4.0,child,2023-2024
stu_MKEGQ97127,2,I'm short,35.0,neutral,2023-2024
stu_CJHBB29429,18,I want to be a professional basketball player,29.0,neutral,2023-2024
stu_CJHBB29429,18,I want to be a professional basketball player,13.0,neutral,2023-2024
stu_RDOVU20570,4,I am someone who likes to read,25.0,positive,2023-2024
stu_RDOVU20570,4,I am someone who likes to read,24.0,positive,2023-2024
stu_QOGPO20181,9,l'm kind to my friends,44.0,positive,2023-2024
stu_QOGPO20181,9,l'm kind to my friends,10.0,positive,2023-2024
stu_VOXTG50835,4,I like wingstop,24.0,posirive,2023-2024
stu_DERZZ01872,15,I like Carnegie learning,25.0,positive,2023-2024
stu_DERZZ01872,15,I like Carnegie learning,24.0,positive,2023-2024
stu_EXNUN73314,9,I am kind,44.0,positive,2023-2024
stu_UYFTQ45542,20,Last but not least i am a tall person,35.0,neutral,2023-2024
stu_GXIYC47970,17,i am a taki's lover,24.0,positive,2023-2024
stu_MXNSB23169,6,aia also like english.,25.0,positive,2023-2024
stu_MXNSB23169,6,aia also like english.,24.0,positive,2023-2024
stu_PSHPN85751,10,bye,48.0,none,2023-2024
stu_LJAAE92948,12,Bad at math,25.0,negative,2023-2024
stu_FSPCV10901,9,I am in the [CITY] All City Honors Chorus.,26.0,neutral,2023-2024
stu_OFWAG94272,1,A respectful person,44.0,positive,2023-2024
stu_OFWAG94272,1,A respectful person,21.0,none,2023-2024
stu_CJHBB29429,3,I am a person that like to do road trip,31.0,positive,2023-2024
stu_CJHBB29429,3,I am a person that like to do road trip,21.0,none,2023-2024
stu_CJHBB29429,3,I am a person that like to do road trip,24.0,positive,2023-2024
stu_SIWRL23181,4,i am funny,44.0,positive,2023-2024
stu_ABSGH36082,1,I'm a soccer player,29.0,neutral,2023-2024
stu_BESSB35006,19,i like to go to the pool,29.0,positive,2023-2024
stu_BESSB35006,19,i like to go to the pool,24.0,positive,2023-2024
stu_FSPCV10901,10,I'm in the sixth grade.,22.0,sixthgrader,2023-2024
stu_FSPCV10901,10,I'm in the sixth grade.,4.0,child,2023-2024
stu_FSPCV10901,10,I'm in the sixth grade.,14.0,neutral,2023-2024
stu_FQKSK24193,17,i am good at math,25.0,positive,2023-2024
stu_ROXAU39801,14,I am a cousin,12.0,neutral,2023-2024
stu_QPHPK12517,4,nice,44.0,positive,2023-2024
stu_XKMAG80800,20,A skibidi,48.0,none,2023-2024
stu_UYUIH18635,11,I like physical education,29.0,positive,2023-2024
stu_UYUIH18635,11,I like physical education,24.0,positive,2023-2024
stu_SQLXP95993,13,I like to write essay,25.0,positive,2023-2024
stu_SQLXP95993,13,I like to write essay,24.0,positive,2023-2024
stu_DERZZ01872,18,I like learning,25.0,positivepositive,2023-2024
stu_DERZZ01872,18,I like learning,24.0,positivepositive,2023-2024
stu_WDDQQ92015,16,i am a student,14.0,neutral,2023-2024
stu_MZIVN56293,19,i play volleyball for fun,29.0,positive,2023-2024
stu_ORUUL82324,2,I used to do ballet,26.0,neutral,2023-2024
stu_HMQRZ27503,20,I am a nwe soccer players,29.0,neutral,2023-2024
stu_LVOOZ80056,1,I am 11 years old girl.,4.0,11,2023-2024
stu_LVOOZ80056,1,I am 11 years old girl.,2.0,girl,2023-2024
stu_VOXTG50835,11,i been to cape verde,22.0,been to cape verde,2023-2024
stu_YXBHV58732,2,I like math,25.0,positive,2023-2024
stu_YXBHV58732,2,I like math,24.0,positive,2023-2024
stu_UEYTM01990,13,I like to read,25.0,positive,2023-2024
stu_UEYTM01990,13,I like to read,24.0,positive,2023-2024
stu_WBAVA84528,2,i like ice cream,24.0,positive,2023-2024
stu_QZOUO83023,10,I like dogs,24.0,positive,2023-2024
stu_NRKZA72454,1,I am a teen.,22.0,teenager,2023-2024
stu_ZARRQ26344,13,i have five cousin,12.0,neutral,2023-2024
stu_RSKDK68207,13,I am a female. I was born a female.,1.0,f,2023-2024
stu_NRKZA72454,13,I am bad at math.,25.0,negative,2023-2024
stu_NWRRC44615,6,im 12 yrs old,4.0,12,2023-2024
stu_YSQPA55709,9,i walk to school,14.0,neutral,2023-2024
stu_KWLPL21630,6,"I don't like math, but I don't dislike it either.",25.0,neutral,2023-2024
stu_KWLPL21630,6,"I don't like math, but I don't dislike it either.",24.0,neutral,2023-2024
stu_EXNUN73314,17,I am romantic,44.0,positive,2023-2024
stu_IKUOQ66846,3,I'm a football player,29.0,neutral,2023-2024
stu_YBWGX96937,2,i like carnegie,25.0,positive,2023-2024
stu_YBWGX96937,2,i like carnegie,24.0,positive,2023-2024
stu_VUNQZ79892,2,im a sister,12.0,neutral,2023-2024
stu_VUNQZ79892,2,im a sister,2.0,girl,2023-2024
stu_VUNQZ79892,2,im a sister,,neutral,2023-2024
stu_KWLPL21630,4,If I understand something I will do the best that I can to do it right.,43.0,positive,2023-2024
stu_XKMAG80800,19,I like to fanum tax.,31.0,positive,2023-2024
stu_XKMAG80800,19,I like to fanum tax.,24.0,positive,2023-2024
stu_HLKZL24322,2,a basketball,48.0,none,2023-2024
stu_KWMWG76590,7,i have 3 sister's,12.0,neutral,2023-2024
stu_MRIWT64391,10,a emotional person,45.0,neutral,2023-2024
stu_MRIWT64391,10,a emotional person,21.0,none,2023-2024
stu_YXJEP22115,8,I am [FIRST NAME],5.0,none,2023-2024
stu_SELBD60428,5,[FIRST LAST NAME],5.0,none,2023-2024
stu_WWNBY52737,7,I am a student.,14.0,neutral,2023-2024
stu_MXNSF14478,4,I have really good grades,43.0,positive,2023-2024
stu_MXNSF14478,4,I have really good grades,14.0,neutral,2023-2024
stu_MXNSF14478,4,I have really good grades,25.0,positive,2023-2024
stu_TRKWP48352,1,I am a student,14.0,neutral,2023-2024
stu_FBOFA96484,3,I am a 6th,48.0,none,2023-2024
stu_OIYXZ27717,1,I am someone who likes swimming,29.0,positive,2023-2024
stu_OIYXZ27717,1,I am someone who likes swimming,24.0,positive,2023-2024
stu_KGOWI06896,19,I like to sleep,31.0,positive,2023-2024
stu_KGOWI06896,19,I like to sleep,24.0,positive,2023-2024
stu_CINVJ49388,14,tik tok user,27.0,neutral,2023-2024
stu_JTZYY08754,6,"Math, and everything else",48.0,none,2023-2024
stu_VGJIS59600,4,I like to read and listen to music,25.0,positive,2023-2024
stu_VGJIS59600,4,I like to read and listen to music,24.0,positive,2023-2024
stu_VTRUH97046,3,I speak creole.,25.0,neutral,2023-2024
stu_VTRUH97046,3,I speak creole.,22.0,speakscreole,2023-2024
stu_VNSDU81090,9,my favorite candy is recces candy,24.0,positive,2023-2024
stu_DERZZ01872,1,I am a student,14.0,neutral,2023-2024
stu_BJJXN95776,1,I am a big brother,12.0,neutral,2023-2024
stu_BJJXN95776,1,I am a big brother,2.0,boy,2023-2024
stu_LDUML32113,20,i like my friends,24.0,positive,2023-2024
stu_LDUML32113,20,i like my friends,10.0,positive,2023-2024
stu_UJNMI16598,20,Fornite player (sometimes),28.0,neutral,2023-2024
stu_RUZUK44953,19,I am someone who has not gotten a write-up this year.,47.0,positive,2023-2024
stu_UAFAK64772,11,middle class,17.0,middle,2023-2024
stu_VFKRH03938,13,i am a sweet person,44.0,positive,2023-2024
stu_VFKRH03938,13,i am a sweet person,21.0,none,2023-2024
stu_TDURA35752,9,I am nice,44.0,positive,2023-2024
stu_QPHPK12517,18,i love tiktok,27.0,positive,2023-2024
stu_QPHPK12517,18,i love tiktok,24.0,positive,2023-2024
stu_RSKDK68207,19,I am in 8th grade. I am a student at a Middle School.,22.0,eighthgrader,2023-2024
stu_RSKDK68207,19,I am in 8th grade. I am a student at a Middle School.,4.0,child,2023-2024
stu_RSKDK68207,19,I am in 8th grade. I am a student at a Middle School.,14.0,neutral,2023-2024
stu_NKHRJ04957,8,I like Leanard Divince,24.0,positive,2023-2024
stu_RUZUK44953,6,I am a person who likes sports,24.0,positive,2023-2024
stu_RUZUK44953,6,I am a person who likes sports,21.0,positive,2023-2024
stu_CPVXX19825,18,My idol is lamar jackson,24.0,positive,2023-2024
stu_XUDYN03051,17,I have straight hair,35.0,neutral,2023-2024
stu_YBWGX96937,18,4.8 feed,35.0,neutral,2023-2024
stu_DKGHS98193,20,i look like my mom,35.0,neutral,2023-2024
stu_DKGHS98193,20,i look like my mom,12.0,neutral,2023-2024
stu_UEDQL23543,9,caring,44.0,positive,2023-2024
stu_UEDQL23543,1,[FIRST NAME],5.0,none,2023-2024
stu_MMZHT88458,8,i have long hair,35.0,neutral,2023-2024
stu_WQGUY90279,11,I only speak english,35.0,neutral,2023-2024
stu_UEYTM01990,10,I am helpful,44.0,positive,2023-2024
stu_CLLRZ76280,6,"I like to be quiet, but talk if i have a friend",44.0,positive,2023-2024
stu_CLLRZ76280,6,"I like to be quiet, but talk if i have a friend",10.0,positive,2023-2024
stu_CLLRZ76280,6,"I like to be quiet, but talk if i have a friend",24.0,positive,2023-2024
stu_FPTDO32773,5,Bestfriend,10.0,positive,2023-2024
stu_DHTXQ91573,18,I am a students from 6 grades,22.0,sixthgrader,2023-2024
stu_DHTXQ91573,18,I am a students from 6 grades,4.0,child,2023-2024
stu_DHTXQ91573,18,I am a students from 6 grades,14.0,neutral,2023-2024
stu_QFXDD68186,7,I play volleyball,29.0,neutral,2023-2024
stu_ROXAU39801,2,I am a tall,35.0,neutral,2023-2024
stu_LKAAV41369,9,I love drawing,26.0,positive,2023-2024
stu_LKAAV41369,9,I love drawing,24.0,positive,2023-2024
stu_QACJQ31561,12,i like the color pink,25.0,positive,2023-2024
stu_UAFAK64772,14,grateful,47.0,positive,2023-2024
stu_PKXZK94759,12,I'm somebody who loves there family,24.0,positive,2023-2024
stu_PKXZK94759,12,I'm somebody who loves there family,12.0,positive,2023-2024
stu_RDPGG44681,16,I am sweet,44.0,positive,2023-2024
stu_YPZIM54297,6,I am a dancer,26.0,neutral,2023-2024
stu_VGJIS59600,13,I am extremely scared of the ocean and rivers,24.0,negative,2023-2024
stu_WXAMH04104,13,i hang out with friends,31.0,positive,2023-2024
stu_WXAMH04104,13,i hang out with friends,10.0,positive,2023-2024
stu_WHBZD81732,16,eenglish,7.0,english,2023-2024
stu_FQKSK24193,18,i like watching spooky scary Sunday,27.0,positive,2023-2024
stu_FQKSK24193,18,i like watching spooky scary Sunday,24.0,positive,2023-2024
stu_FNVBP19615,5,I have trobule focusing and understanding certain things.,43.0,neutral,2023-2024
stu_PSHPN85751,14,bye,48.0,none,2023-2024
stu_PKXZK94759,2,I'm 12,4.0,12,2023-2024
stu_KJOZZ30475,2,I'm Brazilian.,7.0,brazilian,2023-2024
stu_PFDTL78462,11,"A nickname I am called is [NICKNAME], but do not call me [NICKNAME] if we are not very close!!",5.0,none,2023-2024
stu_BDAZF88230,7,I am someone with 20/20 vision,36.0,positivee,2023-2024
stu_RDPGG44681,1,I am kind,44.0,positive,2023-2024
stu_KOUYR40301,9,i love money,24.0,positive,2023-2024
stu_QQMSX84242,13,an wip a+ STUDENT,41.0,positive,2023-2024
stu_QQMSX84242,13,an wip a+ STUDENT,14.0,positive,2023-2024
stu_XUDYN03051,12,I have good grades,43.0,positive,2023-2024
stu_XUDYN03051,12,I have good grades,14.0,positive,2023-2024
stu_XUDYN03051,12,I have good grades,25.0,positive,2023-2024
stu_GXIYC47970,18,im a supportive friend,44.0,positive,2023-2024
stu_GXIYC47970,18,im a supportive friend,10.0,positive,2023-2024
stu_KFYJM61476,10,I like to cook and bake.,31.0,positive,2023-2024
stu_KFYJM61476,10,I like to cook and bake.,24.0,positive,2023-2024
stu_CAGAM03126,18,I am a person who loves my two brothers.,24.0,positive,2023-2024
stu_CAGAM03126,18,I am a person who loves my two brothers.,12.0,positive,2023-2024
stu_CAGAM03126,18,I am a person who loves my two brothers.,21.0,none,2023-2024
stu_KCDEU07486,9,I am a student,14.0,neutral,2023-2024
stu_NYHDW07721,19,Frank Ocean fan,24.0,positive,2023-2024
stu_VKCWY07846,16,im not good at math,25.0,negative,2023-2024
stu_WQGUY90279,15,I like walking,24.0,positive,2023-2024
stu_NJZBY59884,13,learn spanish sense my family speak it,25.0,neutral,2023-2024
stu_NJZBY59884,13,learn spanish sense my family speak it,12.0,neutral,2023-2024
stu_NJZBY59884,13,learn spanish sense my family speak it,22.0,learningspanish,2023-2024
stu_YNVPH88845,12,I love the color Purple,24.0,positive,2023-2024
stu_YPZIM54297,4,i an a 6th grader,22.0,sixthgrader,2023-2024
stu_YPZIM54297,4,i an a 6th grader,14.0,neutral,2023-2024
stu_THKBG93560,12,I Have curly Hair.,35.0,neutral,2023-2024
stu_ROULI02103,20,i love sports,24.0,positive,2023-2024
stu_PKXZK94759,6,I'm Jamaican,7.0,jamaican,2023-2024
stu_CHVFQ54169,13,I Love Math.,25.0,positive,2023-2024
stu_CHVFQ54169,13,I Love Math.,24.0,positive,2023-2024
stu_XHGVP79664,19,I like rocks,24.0,positive,2023-2024
stu_FHADA27602,4,i am 12 years old.,4.0,12,2023-2024
stu_BCRYB29652,20,I like summer,24.0,positive,2023-2024
stu_IZQGI75719,12,im in 6th grade,22.0,sixthgrader,2023-2024
stu_IZQGI75719,12,im in 6th grade,14.0,neutral,2023-2024
stu_JOVOI38701,2,I am a 6th grader.,22.0,sixthgrader,2023-2024
stu_JOVOI38701,2,I am a 6th grader.,14.0,neutral,2023-2024
stu_UEDQL23543,13,kind,44.0,positive,2023-2024
stu_EUWJA76858,16,I like field trips.,24.0,positive,2023-2024
stu_HEPWQ98561,11,i like money,24.0,positive,2023-2024
stu_PYEUW09959,20,I live in [CITY],9.0,city,2023-2024
stu_KCDEU07486,6,I'm good at writing,25.0,positive,2023-2024
stu_ANAWT41929,19,My favorite anime is jujutsu kisen,24.0,positive,2023-2024
stu_AQNHF52456,15,respectful,44.0,positive,2023-2024
stu_WXAMH04104,3,im in band,26.0,neutral,2023-2024
stu_THKBG93560,17,I'm a food lover.,24.0,positive,2023-2024
stu_CQRFU18177,4,I love running,29.0,positive,2023-2024
stu_CQRFU18177,4,I love running,24.0,positive,2023-2024
stu_JPMJO86637,7,i'm friendly,44.0,positive,2023-2024
stu_MRIWT64391,3,[FIRST NAME],5.0,none,2023-2024
stu_YBWGX96937,1,i not like my grades,25.0,negative,2023-2024
stu_YBWGX96937,1,i not like my grades,24.0,negative,2023-2024
stu_VNSDU81090,1,i am a boy,2.0,boy,2023-2024
stu_WYTLH51489,14,I like to write,25.0,positive,2023-2024
stu_WYTLH51489,14,I like to write,24.0,positive,2023-2024
stu_ROULI02103,18,i love money,24.0,positive,2023-2024
stu_CLLRZ76280,1,My favorite color is black and green,24.0,positive,2023-2024
stu_OCRTY88035,6,I am someone that loves dogs.,24.0,positive,2023-2024
stu_ZQMQQ26810,9,i am a smart person,43.0,positive,2023-2024
stu_ZQMQQ26810,9,i am a smart person,21.0,none,2023-2024
stu_SJNFF34466,16,im chief keef,48.0,none,2023-2024
stu_UYUIH18635,16,i like shoes,24.0,positive,2023-2024
stu_RNIHY62490,4,I am from Africa,7.0,african,2023-2024
stu_JUQPD47363,2,I am a catcher on my softball team.,29.0,neutral,2023-2024
stu_UEDQL23543,17,take a Chinese class,25.0,neutral,2023-2024
stu_MMNSJ38829,14,I like to have parties.,24.0,positive,2023-2024
stu_FVHVM49769,18,i like alfrado,24.0,positive,2023-2024
stu_DERZZ01872,19,I like learning about pemdas,25.0,positive,2023-2024
stu_DERZZ01872,19,I like learning about pemdas,24.0,positive,2023-2024
stu_EHLZF06092,20,I love Rihanna,24.0,positive,2023-2024
stu_SIWRL23181,7,i am a soccer lover,29.0,neutral,2023-2024
stu_LVOOZ80056,12,I am a soccer player.,29.0,neutral,2023-2024
stu_SELBD60428,20,steudent,14.0,neutral,2023-2024
stu_QACJQ31561,13,my type hair is 4c hair,35.0,neutral,2023-2024
stu_ZYUDW82089,20,i am smart,43.0,positive,2023-2024
stu_FBWGP41232,9,I like to silly draw,26.0,positive,2023-2024
stu_FBWGP41232,9,I like to silly draw,24.0,positive,2023-2024
stu_GXMFA19655,2,athlete,29.0,neutral,2023-2024
stu_WZRKM29688,7,i like football,29.0,positive,2023-2024
stu_WZRKM29688,7,i like football,24.0,positive,2023-2024
stu_FTOYB42084,16,im a,48.0,none,2023-2024
stu_ABSGH36082,12,My favorite pet is a Dog,24.0,positive,2023-2024
stu_TDURA35752,11,I am smart,43.0,positive,2023-2024
stu_NZWIU92234,9,I know how to cook spaghetti,31.0,neutral,2023-2024
stu_UHXBA77476,4,I dance,26.0,neutral,2023-2024
stu_LDUML32113,19,im a dreadhead,35.0,neutral,2023-2024
stu_EUIXK95276,2,"I'm a student at the [SCHOOL NAME], I love dancing, singing, gym class, Art class, eating food",31.0,positive,2023-2024
stu_EUIXK95276,2,"I'm a student at the [SCHOOL NAME], I love dancing, singing, gym class, Art class, eating food",14.0,neutral,2023-2024
stu_EUIXK95276,2,"I'm a student at the [SCHOOL NAME], I love dancing, singing, gym class, Art class, eating food",24.0,positive,2023-2024
stu_EUIXK95276,2,"I'm a student at the [SCHOOL NAME], I love dancing, singing, gym class, Art class, eating food",26.0,positive,2023-2024
stu_EUIXK95276,2,"I'm a student at the [SCHOOL NAME], I love dancing, singing, gym class, Art class, eating food",29.0,positive,2023-2024
stu_EHLZF06092,17,I love mcdonalds and wendys and dairy queen and sonics,24.0,positive,2023-2024
stu_WHBZD81732,4,idiot,43.0,negative,2023-2024
stu_OFAWH83528,11,i like to got to funz,31.0,positive,2023-2024
stu_OFAWH83528,11,i like to got to funz,24.0,positive,2023-2024
stu_SOWGI28002,17,I am someone who loves Cape Verde,24.0,positive,2023-2024
stu_SELBD60428,6,[FIRST LAST NAME],5.0,none,2023-2024
stu_VSSOO37726,3,I like recesses,24.0,positive,2023-2024
stu_FUILC09238,18,I'm nonchalant,42.0,neutral,2023-2024
stu_VFKRH03938,3,i am Portuguese and Cape Verden,7.0,portuguese and cape verdean,2023-2024
stu_DERZZ01872,14,I have a cat,32.0,none,2023-2024
stu_VQFBG95862,7,i am a happy guy,45.0,positive,2023-2024
stu_VQFBG95862,7,i am a happy guy,2.0,boy,2023-2024
stu_IGLSS89625,10,i like shool,24.0,positive,2023-2024
stu_ZUARE93356,8,My favorite drink is a mango smoothy,24.0,positive,2023-2024
stu_FNVBP19615,1,I am a girl.,2.0,girl,2023-2024
stu_UAFAK64772,16,trustworthy,43.0,positive,2023-2024
stu_RSKDK68207,16,I like to make stories about culture and research things about that culture.,25.0,positive,2023-2024
stu_RSKDK68207,16,I like to make stories about culture and research things about that culture.,24.0,positive,2023-2024
stu_RUBQU39803,9,i am a lovely,48.0,none,2023-2024
stu_DHTXQ91573,17,I am a students from 6 grades,22.0,sixthgrader,2023-2024
stu_DHTXQ91573,17,I am a students from 6 grades,4.0,child,2023-2024
stu_DHTXQ91573,17,I am a students from 6 grades,14.0,neutral,2023-2024
stu_JERPG96865,20,i like games,28.0,positive,2023-2024
stu_JERPG96865,20,i like games,24.0,positive,2023-2024
stu_ROULI02103,19,i love music,24.0,positive,2023-2024
stu_ORUUL82324,14,I have a VERY strict mother,12.0,neutral,2023-2024
stu_JOKOV89559,3,I am someone who works very hard,41.0,positive,2023-2024
stu_CNIFN64507,12,im caribbean,7.0,caribbean,2023-2024
stu_IKUOQ66846,19,respects,48.0,none,2023-2024
stu_WAWDW95831,13,I love soccer.,29.0,positive,2023-2024
stu_WAWDW95831,13,I love soccer.,24.0,positive,2023-2024
stu_BESSB35006,14,im 12,4.0,12,2023-2024
stu_XSQUV53095,16,I AM [FIRST NAME] A WRITER,24.0,neutral,2023-2024
stu_XSQUV53095,16,I AM [FIRST NAME] A WRITER,5.0,none,2023-2024
stu_FQEST23326,2,I am nice,44.0,positive,2023-2024
stu_JERPG96865,19,i like music,24.0,positive,2023-2024
stu_PKXZK94759,9,I'm somebody who likes to use TikTok,27.0,positive,2023-2024
stu_PKXZK94759,9,I'm somebody who likes to use TikTok,24.0,positive,2023-2024
stu_IZQGI75719,7,i wear glasses,35.0,neutral,2023-2024
stu_QOGPO20181,20,My favorite food is Chick fil a,24.0,positive,2023-2024
stu_ECYEC76336,14,I am a person who likes R&B music,24.0,positive,2023-2024
stu_ECYEC76336,14,I am a person who likes R&B music,21.0,none,2023-2024
stu_TYPZX10676,16,i love reading,25.0,positive,2023-2024
stu_TYPZX10676,16,i love reading,24.0,positive,2023-2024
stu_WYTLH51489,4,I like to play sports,29.0,positive,2023-2024
stu_WYTLH51489,4,I like to play sports,24.0,positive,2023-2024
stu_TYPZX10676,13,"i like when you can choose your music while doing it,",24.0,positive,2023-2024
stu_NWRRN03456,1,I'm an English Speaker,25.0,neutral,2023-2024
stu_NWRRN03456,1,I'm an English Speaker,22.0,speaksenglish,2023-2024
stu_RSKDK68207,18,I made up my own language called Acrian.,31.0,neutral,2023-2024
stu_WDDQQ92015,15,i am a student,14.0,neutral,2023-2024
stu_VNSDU81090,18,i have a lot of cards,32.0,none,2023-2024
stu_LVOOZ80056,2,I like playing sports.,29.0,positive,2023-2024
stu_LVOOZ80056,2,I like playing sports.,24.0,positive,2023-2024
stu_WAFQN21754,13,I show ownership,43.0,positive,2023-2024
stu_OFAWH83528,14,i like led pencils,24.0,positive,2023-2024
stu_FWPPR22255,9,I like my teacher,24.0,positive,2023-2024
stu_FWPPR22255,9,I like my teacher,14.0,positive,2023-2024
stu_WRQAA62017,16,I am hungry,27.0,neutral,2023-2024
stu_JERPG96865,6,i like red,24.0,positive,2023-2024
stu_KWLPL21630,12,I like regelar show.,24.0,positive,2023-2024
stu_IGWBR81023,8,i am a competitive cheerleader,29.0,neutral,2023-2024
stu_VGJIS59600,19,I like writting poems,25.0,positive,2023-2024
stu_VGJIS59600,19,I like writting poems,24.0,positive,2023-2024
stu_SBUBU63586,4,i am a cook,31.0,neutral,2023-2024
stu_CPBCK00658,11,I like my friends,24.0,positive,2023-2024
stu_CPBCK00658,11,I like my friends,10.0,positive,2023-2024
stu_IGWBR81023,17,i dont like a lot of attention,44.0,negative,2023-2024
stu_IGWBR81023,17,i dont like a lot of attention,24.0,negative,2023-2024
stu_FPTDO32773,17,Thoughtful,45.0,positive,2023-2024
stu_IDHIE84911,14,am sleepy,47.0,neutral,2023-2024
stu_TDURA35752,3,I am a student,14.0,neutral,2023-2024
stu_SBUBU63586,18,i am a girl who dose mathia,47.0,neutral,2023-2024
stu_SBUBU63586,18,i am a girl who dose mathia,2.0,girl,2023-2024
stu_NXWSI70882,1,a mathematician,25.0,neutral,2023-2024
stu_CETOG17008,20,grinder,41.0,positive,2023-2024
stu_KWLPL21630,3,I speak French too.,25.0,neutral,2023-2024
stu_KWLPL21630,3,I speak French too.,22.0,speaksfrench,2023-2024
stu_QACJQ31561,3,im haitian,7.0,haitian,2023-2024
stu_TDURA35752,6,I am 13,4.0,13,2023-2024
stu_WWNBY52737,5,I am a girl.,2.0,girl,2023-2024
stu_FPTDO32773,11,a niece,12.0,neutral,2023-2024
stu_FPTDO32773,11,a niece,2.0,girl,2023-2024
stu_TRKWP48352,18,I like my bed,24.0,positive,2023-2024
stu_ABSGH36082,7,I LOVE CATS,24.0,positive,2023-2024
stu_WHBZD81732,13,i like nothing else,24.0,neutral,2023-2024
stu_DUOEM76163,14,My favorite animal is a lion,24.0,positive,2023-2024
stu_PUHUL75671,5,14,4.0,14,2023-2024
stu_PFDTL78462,17,I like my phone.,27.0,positive,2023-2024
stu_PFDTL78462,17,I like my phone.,24.0,positive,2023-2024
stu_KOUYR40301,10,i like jordans,24.0,positive,2023-2024
stu_WHBZD81732,3,brown,6.0,brown,2023-2024
stu_EQSJM78476,7,I hate writing,25.0,negative,2023-2024
stu_EQSJM78476,7,I hate writing,24.0,negative,2023-2024
stu_OCRTY88035,18,I am someone that want to finish high school,47.0,neutral,2023-2024
stu_KWLPL21630,5,I'm a girl.,2.0,girl,2023-2024
stu_VOXTG50835,9,I like clothing,30.0,positive,2023-2024
stu_VOXTG50835,9,I like clothing,24.0,positive,2023-2024
stu_NRKZA72454,9,I like turtles.,24.0,positive,2023-2024
stu_THKBG93560,3,I'm a Hard workings student?,41.0,positive,2023-2024
stu_THKBG93560,3,I'm a Hard workings student?,14.0,neutral,2023-2024
stu_CTAZU65504,5,I am helpful,44.0,positive,2023-2024
stu_OFAWH83528,17,I like playing inside,31.0,positive,2023-2024
stu_OFAWH83528,17,I like playing inside,24.0,positive,2023-2024
stu_VENGZ10475,19,Doesn't like math much,25.0,negative,2023-2024
stu_VENGZ10475,19,Doesn't like math much,24.0,negative,2023-2024
stu_NJZBY59884,5,"my fav shoes are jordans,nike",24.0,positive,2023-2024
stu_VNSDU81090,8,my favorite things is staying after school,31.0,positive,2023-2024
stu_VNSDU81090,8,my favorite things is staying after school,24.0,positive,2023-2024
stu_ZYUDW82089,11,i like computers,27.0,positive,2023-2024
stu_ZYUDW82089,11,i like computers,24.0,positive,2023-2024
stu_NWVEW24693,18,i like nike,24.0,positive,2023-2024
stu_FASQN45304,18,I am someone who likes to hang out with friends.,24.0,positive,2023-2024
stu_FASQN45304,18,I am someone who likes to hang out with friends.,10.0,positive,2023-2024
stu_NKHRJ04957,14,my birthday is on [DATE],22.0,birthday,2023-2024
stu_MKEGQ97127,19,I'm a pretty young woman,2.0,girl,2023-2024
stu_CDXSC86692,6,I am a person with brown eyes,35.0,neutral,2023-2024
stu_CDXSC86692,6,I am a person with brown eyes,21.0,none,2023-2024
stu_HLKZL24322,14,a person who like a sports team,24.0,positive,2023-2024
stu_HLKZL24322,14,a person who like a sports team,21.0,none,2023-2024
stu_VTRUH97046,14,I have green eyes.,35.0,neutral,2023-2024
stu_IZQGI75719,9,my favorite show is stranger things,24.0,positive,2023-2024
stu_PNNIR08301,20,I like candy.,24.0,positive,2023-2024
stu_LNFOE66635,3,a basketball player,29.0,neutral,2023-2024
stu_GXIYC47970,13,i am someone who likes to be home a lot,31.0,positive,2023-2024
stu_GXIYC47970,13,i am someone who likes to be home a lot,24.0,positive,2023-2024
stu_PUNZK45438,8,i love my family,24.0,positive,2023-2024
stu_PUNZK45438,8,i love my family,12.0,positive,2023-2024
stu_QPHPK12517,17,best The Finals player,28.0,positive,2023-2024
stu_PSHPN85751,13,bye,48.0,none,2023-2024
stu_UHXBA77476,17,I have a pet lizard,35.0,neutral,2023-2024
stu_FTOYB42084,19,im a kind person,44.0,positive,2023-2024
stu_FTOYB42084,19,im a kind person,21.0,none,2023-2024
stu_HBPKA70291,8,love matia,25.0,positive,2023-2024
stu_HBPKA70291,8,love matia,24.0,positive,2023-2024
stu_WHBZD81732,8,i dont like outside,24.0,negative,2023-2024
stu_PUNZK45438,4,I am smart at math,43.0,positive,2023-2024
stu_HXXCS05602,15,i'm her,2.0,girl,2023-2024
stu_MKEGQ97127,20,I love my family,24.0,positive,2023-2024
stu_MKEGQ97127,20,I love my family,12.0,positive,2023-2024
stu_WYTLH51489,19,I like being nice,44.0,positive,2023-2024
stu_WYTLH51489,19,I like being nice,23.0,positive,2023-2024
stu_HLKZL24322,10,a sleeper,31.0,neutral,2023-2024
stu_RUZUK44953,7,I am Haitian,7.0,haitian,2023-2024
stu_CLLRZ76280,11,I like watching tv,31.0,positive,2023-2024
stu_CLLRZ76280,11,I like watching tv,24.0,positive,2023-2024
stu_HMQRZ27503,8,I am a sigma,42.0,positive,2023-2024
stu_UYUIH18635,12,i like the color black,24.0,positive,2023-2024
stu_CPVXX19825,7,I am the oldest child,12.0,neutral,2023-2024
stu_PYEUW09959,17,I like to give back to my community,40.0,positive,2023-2024
stu_PYEUW09959,17,I like to give back to my community,24.0,positive,2023-2024
stu_VQFBG95862,20,i am a all a student,43.0,positive,2023-2024
stu_VQFBG95862,20,i am a all a student,14.0,positive,2023-2024
stu_UEYTM01990,16,I like to do math,25.0,positive,2023-2024
stu_UEYTM01990,16,I like to do math,24.0,positive,2023-2024
stu_YPZIM54297,8,I am indisisive person,42.0,neutral,2023-2024
stu_YPZIM54297,8,I am indisisive person,21.0,none,2023-2024
stu_OCRTY88035,5,I am someone that there birthday is in june.,22.0,june birthdays,2023-2024
stu_KJOZZ30475,20,I was stressed about answering these questions.,47.0,negative,2023-2024
stu_FTOYB42084,14,im a cancer,22.0,astrology,2023-2024
stu_PNNIR08301,10,I am Christan.,23.0,christian,2023-2024
stu_IZQGI75719,3,im 12 years old,4.0,12,2023-2024
stu_HMQRZ27503,1,I am short i wis I was tall,35.0,neutral,2023-2024
stu_CHVFQ54169,12,I Like playing bored game,28.0,positive,2023-2024
stu_CHVFQ54169,12,I Like playing bored game,24.0,positive,2023-2024
stu_MXNSB23169,19,I like bugatti.,24.0,positive,2023-2024
stu_EHYTZ32137,14,I'm a loud person,44.0,positive,2023-2024
stu_EHYTZ32137,14,I'm a loud person,21.0,none,2023-2024
stu_RUBQU39803,6,i am beautiful,35.0,positive,2023-2024
stu_FQEST23326,5,I am a Child,4.0,child,2023-2024
stu_VNSDU81090,16,i have 1 sister,12.0,neutral,2023-2024
stu_SULZI60933,2,I'm a girl,2.0,girl,2023-2024
stu_CWQDV67579,5,I like games,28.0,positive,2023-2024
stu_CWQDV67579,5,I like games,24.0,positive,2023-2024
stu_WWNBY52737,11,I am apart of equity Counsil.,18.0,equity council,2023-2024
stu_ANQAT24428,20,i like to ride my scooter,24.0,positive,2023-2024
stu_IDHIE84911,2,am sleepy,47.0,neutral,2023-2024
stu_OIYXZ27717,2,I am someone who likes the color red,24.0,positive,2023-2024
stu_FBWGP41232,7,I have 3 brothers,12.0,neutral,2023-2024
stu_CDGKD03653,5,i play soccer,29.0,neutral,2023-2024
stu_BJJXN95776,2,I love basketball,24.0,positive,2023-2024
stu_EQSJM78476,17,i hate sundays,24.0,negative,2023-2024
stu_OQLOS45541,9,I'm an adventurer.,45.0,positive,2023-2024
stu_CPVXX19825,10,I am a boy,2.0,boy,2023-2024
stu_UYUIH18635,2,Im a football player,29.0,neutral,2023-2024
stu_EHLZF06092,10,I love animals,24.0,positive,2023-2024
stu_EJIML93711,9,I like to color,26.0,positive,2023-2024
stu_EJIML93711,9,I like to color,24.0,positive,2023-2024
stu_EQSJM78476,19,i dont like [FIRST NAME],24.0,negative,2023-2024
stu_YSQPA55709,3,im smart,43.0,positive,2023-2024
stu_QQAHK93946,5,I like Koi fishes,24.0,positive,2023-2024
stu_FPTDO32773,4,Student,14.0,neutral,2023-2024
stu_OMSFY97090,19,im a students,14.0,neutral,2023-2024
stu_KWLPL21630,20,I like wearing glasses for fashion.,30.0,positive,2023-2024
stu_KWLPL21630,20,I like wearing glasses for fashion.,24.0,positive,2023-2024
stu_DERZZ01872,7,I like social study's,25.0,positive,2023-2024
stu_DERZZ01872,7,I like social study's,24.0,positive,2023-2024
stu_WEADW20158,1,Im a boy,2.0,boy,2023-2024
stu_GXMFA19655,20,i am independent,44.0,positive,2023-2024
stu_OFAWH83528,3,i enjoy athletic stuff,29.0,positive,2023-2024
stu_OFAWH83528,3,i enjoy athletic stuff,24.0,positive,2023-2024
stu_CWQDV67579,16,I am good,40.0,positive,2023-2024
stu_MZIVN56293,6,im a honors student,43.0,positive,2023-2024
stu_MZIVN56293,6,im a honors student,14.0,positive,2023-2024
stu_THKBG93560,4,I'm a mixed cape Verden boy.,7.0,mixedcapeverdean,2023-2024
stu_THKBG93560,4,I'm a mixed cape Verden boy.,2.0,boy,2023-2024
stu_FWPPR22255,19,I want more game,33.0,none,2023-2024
stu_FWPPR22255,19,I want more game,28.0,positive,2023-2024
stu_OAZKI17777,14,[LETTER OF NAME],5.0,none,2023-2024
stu_YXJEP22115,7,I am a good writer,25.0,positive,2023-2024
stu_NWRRN03456,20,I'm Catholic and I also go to church.,31.0,neutral,2023-2024
stu_NWRRN03456,20,I'm Catholic and I also go to church.,16.0,catholic,2023-2024
stu_KJOZZ30475,3,I am an overthinker at times.,44.0,negative,2023-2024
stu_UEYTM01990,14,I wear glasses,35.0,neutral,2023-2024
stu_QQAHK93946,19,I like Listening to traditional music,24.0,positive,2023-2024
stu_NMWSA27732,12,I like to learn new things,25.0,positive,2023-2024
stu_NMWSA27732,12,I like to learn new things,24.0,positive,2023-2024
stu_KFYJM61476,17,I hate bugs.,24.0,negative,2023-2024
stu_VENGZ10475,11,A gamer,28.0,neutral,2023-2024
stu_FBOFA96484,18,i am a person that is smart,43.0,positive,2023-2024
stu_FBOFA96484,18,i am a person that is smart,21.0,none,2023-2024
stu_XUDYN03051,15,I have many friends,10.0,neutral,2023-2024
stu_EUWJA76858,20,I like mathia.,25.0,positive,2023-2024
stu_EUWJA76858,20,I like mathia.,24.0,positive,2023-2024
stu_UJNMI16598,7,Clarinet player,26.0,neutral,2023-2024
stu_CTAZU65504,19,I like to hang out with friends,31.0,positive,2023-2024
stu_CTAZU65504,19,I like to hang out with friends,10.0,positive,2023-2024
stu_CTAZU65504,19,I like to hang out with friends,24.0,positive,2023-2024
stu_ZARRQ26344,15,i like shoping with my mom,24.0,positive,2023-2024
stu_ZARRQ26344,15,i like shoping with my mom,12.0,positive,2023-2024
stu_OFAWH83528,2,i like soccer,24.0,positive,2023-2024
stu_ZQMQQ26810,6,i am friends with a lot of people,10.0,positive,2023-2024
stu_VUNQZ79892,9,im a grandahter,12.0,neutral,2023-2024
stu_VUNQZ79892,9,im a grandahter,2.0,girl,2023-2024
stu_XHPVX80161,5,i am my mothers child,12.0,neutral,2023-2024
stu_XHPVX80161,5,i am my mothers child,4.0,child,2023-2024
stu_FQEST23326,10,a sister,12.0,neutral,2023-2024
stu_FQEST23326,10,a sister,2.0,girl,2023-2024
stu_XUDYN03051,6,I am the middle child,12.0,neutral,2023-2024
stu_XUDYN03051,6,I am the middle child,4.0,child,2023-2024
stu_EJIML93711,14,I like shopping,31.0,positive,2023-2024
stu_EJIML93711,14,I like shopping,24.0,positive,2023-2024
stu_VUNQZ79892,6,im a coisn,12.0,neutral,2023-2024
stu_CINVJ49388,11,[FIRST NAME] friend,10.0,positive,2023-2024
stu_KOIIB68446,7,I wanna travel around the world,31.0,neutral,2023-2024
stu_YNVPH88845,3,I like math,25.0,positive,2023-2024
stu_YNVPH88845,3,I like math,24.0,positive,2023-2024
stu_YXJEP22115,5,I am an athlete,29.0,neutral,2023-2024
stu_OAZKI17777,7,[LETTER OF NAME],5.0,none,2023-2024
stu_MXNSB23169,10,I am a happy person.,45.0,positive,2023-2024
stu_MXNSB23169,10,I am a happy person.,21.0,none,2023-2024
stu_ORUUL82324,15,I'm not a good runner,29.0,negative,2023-2024
stu_EHYTZ32137,16,i'm cape verdan,7.0,cape verdean,2023-2024
stu_FBWGP41232,13,I like to relax,31.0,positive,2023-2024
stu_FBWGP41232,13,I like to relax,24.0,positive,2023-2024
stu_RNIHY62490,1,I am 11 years old,4.0,11,2023-2024
stu_FBOFA96484,10,i like the color bule,24.0,positive,2023-2024
stu_MYCLF44200,6,I love the baltimore ravens.,24.0,positive,2023-2024
stu_SULZI60933,17,i like helping people,44.0,positive,2023-2024
stu_SULZI60933,17,i like helping people,24.0,positive,2023-2024
stu_PXDPN73068,15,I'm the favorite child,12.0,positive,2023-2024
stu_PXDPN73068,15,I'm the favorite child,4.0,child,2023-2024
stu_VNSDU81090,20,i like doing homwork,25.0,positive,2023-2024
stu_VNSDU81090,20,i like doing homwork,24.0,positive,2023-2024
stu_BESSB35006,12,i like to have sleepovers,31.0,positive,2023-2024
stu_BESSB35006,12,i like to have sleepovers,24.0,positive,2023-2024
stu_AQNHF52456,20,the best,40.0,positive,2023-2024
stu_CETOG17008,13,gamer,28.0,neutral,2023-2024
stu_THKBG93560,16,I'm a soccer player..,29.0,neutral,2023-2024
stu_MYCLF44200,4,I am 12 years old.,4.0,12,2023-2024
stu_GXMFA19655,7,i am a good student,14.0,positive,2023-2024
stu_AQNHF52456,1,althete,29.0,neutral,2023-2024
stu_YNVPH88845,4,I bilingual,25.0,neutral,2023-2024
stu_YNVPH88845,4,I bilingual,22.0,bilingual,2023-2024
stu_STIXI97047,19,I am [FIRST NAME].,5.0,none,2023-2024
stu_FWPPR22255,8,I always do my school work,25.0,neutral,2023-2024
stu_FWPPR22255,8,I always do my school work,14.0,neutral,2023-2024
stu_VQFBG95862,14,i am a rich person,34.0,rich,2023-2024
stu_VQFBG95862,14,i am a rich person,21.0,none,2023-2024
stu_KFYJM61476,16,I have 1 fish.,32.0,none,2023-2024
stu_MRIWT64391,8,A person who hates acedemic enrichment,25.0,negative,2023-2024
stu_MRIWT64391,8,A person who hates acedemic enrichment,21.0,none,2023-2024
stu_MRIWT64391,8,A person who hates acedemic enrichment,24.0,negative,2023-2024
stu_QEGJI54214,4,i am a rice lover,24.0,positive,2023-2024
stu_VQFBG95862,15,i am a schoolar,25.0,positive,2023-2024
stu_GXIYC47970,14,i am someone who is not a fan of math,25.0,negative,2023-2024
stu_GXIYC47970,14,i am someone who is not a fan of math,24.0,negative,2023-2024
stu_XHGVP79664,15,My favorite season is summer,24.0,positive,2023-2024
stu_VOXTG50835,16,im nice,44.0,positive,2023-2024
stu_OCRTY88035,11,I am someone that loves my sister.,24.0,positive,2023-2024
stu_OCRTY88035,11,I am someone that loves my sister.,12.0,positive,2023-2024
stu_FHADA27602,3,i am in honors math and english.,43.0,positive,2023-2024
stu_FHADA27602,3,i am in honors math and english.,14.0,positive,2023-2024
stu_UYFTQ45542,2,I am a student of [DISTRICT],14.0,neutral,2023-2024
stu_ORUUL82324,6,I'm not the best at dancing,26.0,negative,2023-2024
stu_WAWDW95831,20,I love Fortnite.,28.0,positive,2023-2024
stu_WAWDW95831,20,I love Fortnite.,24.0,positive,2023-2024
stu_WXAMH04104,10,i like technology,27.0,positive,2023-2024
stu_WXAMH04104,10,i like technology,24.0,positive,2023-2024
stu_VENGZ10475,7,A slacker,43.0,negative,2023-2024
stu_YPZIM54297,18,I am a may baby,22.0,born in may,2023-2024
stu_PSHZT50501,11,I am a very energetic person,45.0,neutral,2023-2024
stu_PSHZT50501,11,I am a very energetic person,21.0,none,2023-2024
stu_DKGHS98193,15,i have a sister,12.0,neutral,2023-2024
stu_XUDYN03051,9,I have and older brother,12.0,neutral,2023-2024
stu_LJAAE92948,7,I'm a older sister,12.0,neutral,2023-2024
stu_VSSOO37726,1,I like to hangout with freinds,31.0,positive,2023-2024
stu_VSSOO37726,1,I like to hangout with freinds,10.0,positive,2023-2024
stu_VSSOO37726,1,I like to hangout with freinds,24.0,positive,2023-2024
stu_IGWBR81023,19,i love to stay comfy,24.0,positive,2023-2024
stu_YNVPH88845,7,I am in 6 grade,22.0,sixthgrader,2023-2024
stu_YNVPH88845,7,I am in 6 grade,14.0,neutral,2023-2024
stu_BESSB35006,17,i have brown eyes,35.0,neutral,2023-2024
stu_QZOUO83023,8,i live in [CITY],9.0,city,2023-2024
stu_UYFTQ45542,19,i am a person who wants to go to sleep a lot,31.0,neutral,2023-2024
stu_UYFTQ45542,19,i am a person who wants to go to sleep a lot,21.0,none,2023-2024
stu_EHXGF51692,4,I am a tv watcher.,31.0,neutral,2023-2024
stu_ZYUDW82089,17,i am Muslim,16.0,muslim,2023-2024
stu_HLKZL24322,20,i like to run,29.0,positive,2023-2024
stu_HLKZL24322,20,i like to run,24.0,positive,2023-2024
stu_MZIVN56293,11,i go to [SCHOOL NAME],14.0,neutral,2023-2024
stu_EHXGF51692,10,I am the youngest child,12.0,neutral,2023-2024
stu_EHXGF51692,10,I am the youngest child,4.0,child,2023-2024
stu_GCHCS91000,18,i am a mathia hater 4L,25.0,negative,2023-2024
stu_GCHCS91000,18,i am a mathia hater 4L,24.0,negative,2023-2024
stu_IGWBR81023,2,i have braces,35.0,neutral,2023-2024
stu_QEGJI54214,12,i can speak creole,25.0,neutral,2023-2024
stu_QEGJI54214,12,i can speak creole,22.0,speakscreole,2023-2024
stu_LNFOE66635,15,I contribute in class,25.0,positive,2023-2024
stu_SULZI60933,8,im shy,44.0,neutral,2023-2024
stu_RUZUK44953,14,I am someone who likes to play outside.,31.0,positive,2023-2024
stu_RUZUK44953,14,I am someone who likes to play outside.,24.0,positive,2023-2024
stu_EQSJM78476,2,i am haitian,7.0,haitian,2023-2024
stu_CPBCK00658,18,I like to eat chicken wings,24.0,positive,2023-2024
stu_ROULI02103,3,i love food,24.0,positive,2023-2024
stu_CWQDV67579,18,I am from cape verd,7.0,cape verdean,2023-2024
stu_CPBCK00658,19,I like to wear glasses,30.0,positive,2023-2024
stu_CPBCK00658,19,I like to wear glasses,24.0,positive,2023-2024
stu_LKAAV41369,18,I like candy,24.0,positive,2023-2024
stu_LVOOZ80056,17,I am a lot of peoples best friends.,10.0,positive,2023-2024
stu_QQMSX84242,15,a twin,12.0,neutral,2023-2024
stu_RNIHY62490,15,I have a mom and a dad,12.0,neutral,2023-2024
stu_HXXCS05602,12,i'm me,19.0,none,2023-2024
stu_EUWJA76858,11,I like math.,25.0,positive,2023-2024
stu_EUWJA76858,11,I like math.,24.0,positive,2023-2024
stu_TRKWP48352,12,I am a person who likes to talk,44.0,positive,2023-2024
stu_TRKWP48352,12,I am a person who likes to talk,21.0,none,2023-2024
stu_TRKWP48352,12,I am a person who likes to talk,24.0,positive,2023-2024
stu_WRQAA62017,14,Im a little brother,12.0,neutral,2023-2024
stu_WRQAA62017,14,Im a little brother,2.0,boy,2023-2024
stu_RDOVU20570,16,I Like to play outside with my friends,31.0,positive,2023-2024
stu_RDOVU20570,16,I Like to play outside with my friends,10.0,positive,2023-2024
stu_RDOVU20570,16,I Like to play outside with my friends,24.0,positive,2023-2024
stu_WQGUY90279,19,I like bothering my friends,24.0,positive,2023-2024
stu_WQGUY90279,19,I like bothering my friends,10.0,positive,2023-2024
stu_NYHDW07721,14,Volunteer of Teen Center,13.0,neutral,2023-2024
stu_ERQCY81201,5,I am a person who loves to sing,26.0,positive,2023-2024
stu_ERQCY81201,5,I am a person who loves to sing,21.0,none,2023-2024
stu_ERQCY81201,5,I am a person who loves to sing,24.0,positive,2023-2024
stu_ZUARE93356,11,I have friends,10.0,neutral,2023-2024
stu_KGOWI06896,1,I like to draw,26.0,positive,2023-2024
stu_KGOWI06896,1,I like to draw,24.0,positive,2023-2024
stu_WDDQQ92015,6,i am a student,14.0,neutral,2023-2024
stu_CDGKD03653,17,i like chips,24.0,positive,2023-2024
stu_SIWRL23181,13,i am amazing,40.0,positive,2023-2024
stu_HBPKA70291,10,nervos,47.0,neutral,2023-2024
stu_NWRRN03456,7,I love helping people.,44.0,positive,2023-2024
stu_NWRRN03456,7,I love helping people.,24.0,positive,2023-2024
stu_UAFAK64772,19,Haitian,7.0,haitian,2023-2024
stu_CNIXS57234,6,I don't like mathia,25.0,negative,2023-2024
stu_CNIXS57234,6,I don't like mathia,24.0,negative,2023-2024
stu_DJCZE13885,11,I like dressing up.,30.0,positive,2023-2024
stu_DJCZE13885,11,I like dressing up.,24.0,positive,2023-2024
stu_IGLSS89625,20,everything in the school,48.0,none,2023-2024
stu_PJCOJ15115,20,I have a taper fade,35.0,neutral,2023-2024
stu_QFXDD68186,8,I like school,25.0,positive,2023-2024
stu_QFXDD68186,8,I like school,14.0,positive,2023-2024
stu_QFXDD68186,8,I like school,24.0,positive,2023-2024
stu_IDHIE84911,1,am cute,35.0,positive,2023-2024
stu_JPMJO86637,4,i have two eye,35.0,neutral,2023-2024
stu_HBPKA70291,18,dancer,26.0,neutral,2023-2024
stu_XKMAG80800,9,Roblox player.,28.0,positive,2023-2024
stu_YSQPA55709,18,my favrote show is spy x family,24.0,positive,2023-2024
stu_WAWDW95831,19,I love videogames.,28.0,positive,2023-2024
stu_FHADA27602,18,my favorite show is home alone.,24.0,positive,2023-2024
stu_IDHIE84911,19,i love my frends,24.0,positive,2023-2024
stu_IDHIE84911,19,i love my frends,10.0,positive,2023-2024
stu_WPVZY01902,6,i dont like school,25.0,negative,2023-2024
stu_WPVZY01902,6,i dont like school,14.0,negative,2023-2024
stu_WPVZY01902,6,i dont like school,24.0,negative,2023-2024
stu_CNIXS57234,9,I like tesla,24.0,positive,2023-2024
stu_ERQCY81201,2,I am a girl who doesnt really like art,26.0,negative,2023-2024
stu_ERQCY81201,2,I am a girl who doesnt really like art,2.0,girl,2023-2024
stu_ERQCY81201,2,I am a girl who doesnt really like art,24.0,negative,2023-2024
stu_DZJHT48666,19,I like to text more than call,27.0,positive,2023-2024
stu_DZJHT48666,19,I like to text more than call,24.0,positive,2023-2024
stu_LNFOE66635,14,im white,6.0,white,2023-2024
stu_ROULI02103,16,i like the sunset,24.0,positive,2023-2024
stu_XSQUV53095,7,I AM [FIRST NAME] A BASKETBALL PLAYER,29.0,neutral,2023-2024
stu_XSQUV53095,7,I AM [FIRST NAME] A BASKETBALL PLAYER,5.0,none,2023-2024
stu_SQLXP95993,8,Math is fun but not my favorite,25.0,positive,2023-2024
stu_SQLXP95993,8,Math is fun but not my favorite,24.0,positive,2023-2024
stu_TYPZX10676,4,I like when i can dress my character..,30.0,positive,2023-2024
stu_TYPZX10676,4,I like when i can dress my character..,24.0,positive,2023-2024
stu_TYPZX10676,4,I like when i can dress my character..,28.0,positive,2023-2024
stu_MZIVN56293,7,im a gamer,28.0,neutral,2023-2024
stu_HVWUJ52450,2,I'm Cape verdean,7.0,cape verdean,2023-2024
stu_AQNHF52456,14,trustworthy,43.0,positive,2023-2024
stu_SJNFF34466,18,im partynextdoor,48.0,none,2023-2024
stu_BJJXN95776,9,I am quiet,44.0,neutral,2023-2024
stu_FVHVM49769,6,i like tik tok,27.0,positive,2023-2024
stu_FVHVM49769,6,i like tik tok,24.0,positive,2023-2024
stu_OMSFY97090,5,im a students,14.0,neutral,2023-2024
stu_WQGUY90279,5,I habe glasses,35.0,neutral,2023-2024
stu_VTRUH97046,13,I have 2 sisters. One is 10 and the other is 4.,12.0,neutral,2023-2024
stu_SIWRL23181,5,i am a good friend,10.0,positive,2023-2024
stu_JOKOV89559,7,I am someone who loves stuff animals,24.0,positive,2023-2024
stu_RUZUK44953,16,I am a person who gets good grades,43.0,positive,2023-2024
stu_RUZUK44953,16,I am a person who gets good grades,14.0,positive,2023-2024
stu_RUZUK44953,16,I am a person who gets good grades,25.0,positive,2023-2024
stu_CPAQO78519,12,I am someone who loves to sleep,31.0,positive,2023-2024
stu_CPAQO78519,12,I am someone who loves to sleep,24.0,positive,2023-2024
stu_WCANG48942,17,I like water.,24.0,positive,2023-2024
stu_RUZUK44953,12,I am a person who has not yet been absent in this grade.,21.0,none,2023-2024
stu_RUZUK44953,12,I am a person who has not yet been absent in this grade.,14.0,positive,2023-2024
stu_FBWGP41232,3,l'm 11 years old,4.0,11,2023-2024
stu_PJCOJ15115,4,I am a honors student,43.0,positive,2023-2024
stu_PJCOJ15115,4,I am a honors student,14.0,positive,2023-2024
stu_XHPVX80161,12,cook,31.0,neutral,2023-2024
stu_OFWAG94272,11,I'm black,6.0,black,2023-2024
stu_YGBLH44260,11,I am a person that enjoys rewards.,24.0,positive,2023-2024
stu_YGBLH44260,11,I am a person that enjoys rewards.,21.0,none,2023-2024
stu_ROULI02103,14,i love nike,24.0,positive,2023-2024
stu_OIYXZ27717,12,I am someone who lives in a different place,47.0,neutral,2023-2024
stu_XXEBH66449,6,I am nice,44.0,positive,2023-2024
stu_EUIXK95276,10,"I'm a student at the [SCHOOL NAME], I love dancing, singing, gym class, Art class, eating food",31.0,positive,2023-2024
stu_EUIXK95276,10,"I'm a student at the [SCHOOL NAME], I love dancing, singing, gym class, Art class, eating food",14.0,neutral,2023-2024
stu_EUIXK95276,10,"I'm a student at the [SCHOOL NAME], I love dancing, singing, gym class, Art class, eating food",24.0,positive,2023-2024
stu_EUIXK95276,10,"I'm a student at the [SCHOOL NAME], I love dancing, singing, gym class, Art class, eating food",26.0,positive,2023-2024
stu_EUIXK95276,10,"I'm a student at the [SCHOOL NAME], I love dancing, singing, gym class, Art class, eating food",29.0,positive,2023-2024
stu_KWLPL21630,8,My school name is [SCHOOL NAME],14.0,neutral,2023-2024
stu_IDHIE84911,9,i love to rende,24.0,positive,2023-2024
stu_UYUIH18635,17,i like focusing on myself,44.0,positive,2023-2024
stu_UYUIH18635,17,i like focusing on myself,24.0,positive,2023-2024
stu_NKHRJ04957,19,I dont like This anymore,47.0,negative,2023-2024
stu_NKHRJ04957,19,I dont like This anymore,24.0,negative,2023-2024
stu_WZRKM29688,9,i like tv,31.0,positive,2023-2024
stu_WZRKM29688,9,i like tv,24.0,positive,2023-2024
stu_XSQUV53095,19,I AM [FIRST NAME] A RUNNER,29.0,neutral,2023-2024
stu_XSQUV53095,19,I AM [FIRST NAME] A RUNNER,5.0,none,2023-2024
stu_PSHPN85751,15,bye,48.0,none,2023-2024
stu_XCKNQ66212,4,i'm a brand owner,32.0,none,2023-2024
stu_KJOZZ30475,4,I do dance.,26.0,neutral,2023-2024
stu_NRKZA72454,8,I love my bed.,24.0,positive,2023-2024
stu_CQRFU18177,6,I like having friend,24.0,positive,2023-2024
stu_CQRFU18177,6,I like having friend,10.0,positive,2023-2024
stu_VTRUH97046,1,I am a girl.,2.0,girl,2023-2024
stu_YSQPA55709,15,i like cars,24.0,positive,2023-2024
stu_QZOUO83023,1,IM a boy,2.0,boy,2023-2024
stu_SBUBU63586,20,i am a person,21.0,none,2023-2024
stu_TSQUQ54202,2,I am a very good person.,40.0,positive,2023-2024
stu_TSQUQ54202,2,I am a very good person.,21.0,none,2023-2024
stu_VENGZ10475,12,A friendly person,44.0,positive,2023-2024
stu_VENGZ10475,12,A friendly person,21.0,none,2023-2024
stu_MKGYA55892,11,who is good at math,25.0,positive,2023-2024
stu_MKGYA55892,11,who is good at math,24.0,positive,2023-2024
stu_LJAAE92948,15,my favorite food is seafood,24.0,positive,2023-2024
stu_ANAWT41929,2,I love playing video games,28.0,positive,2023-2024
stu_ANAWT41929,2,I love playing video games,24.0,positive,2023-2024
stu_WTRMC77187,3,I like doing games,28.0,positive,2023-2024
stu_WTRMC77187,3,I like doing games,24.0,positive,2023-2024
stu_MMNSJ38829,8,I like Taylor Swift.,24.0,positive,2023-2024
stu_NWRRN03456,19,I love cooking.,31.0,positive,2023-2024
stu_NWRRN03456,19,I love cooking.,24.0,positive,2023-2024
stu_JUQPD47363,12,I am a good speller.,25.0,positive,2023-2024
stu_KCRZD23226,14,I like cookies,24.0,positive,2023-2024
stu_LKAAV41369,5,im the favorite child,12.0,positive,2023-2024
stu_LKAAV41369,5,im the favorite child,4.0,child,2023-2024
stu_VOXTG50835,13,I like eating,31.0,positive,2023-2024
stu_VOXTG50835,13,I like eating,24.0,positive,2023-2024
stu_GXMFA19655,15,i am a good artist,26.0,positive,2023-2024
stu_XUDYN03051,5,I do all my school work,25.0,positive,2023-2024
stu_XUDYN03051,5,I do all my school work,14.0,positive,2023-2024
stu_PJCOJ15115,2,I am a soccer player,29.0,neutral,2023-2024
stu_JOKOV89559,2,I am someone who loves the color pink,24.0,positive,2023-2024
stu_RFRYE74718,12,I am a person who is playful.,44.0,positive,2023-2024
stu_RFRYE74718,12,I am a person who is playful.,21.0,none,2023-2024
stu_CQRFU18177,5,I have two sister,12.0,neutral,2023-2024
stu_CJHBB29429,8,I AM person THAT LIKES [TEACHER],21.0,none,2023-2024
stu_CJHBB29429,8,I AM person THAT LIKES [TEACHER],14.0,positive,2023-2024
stu_BESSB35006,5,I like to watch movies,24.0,positive,2023-2024
stu_QQMSX84242,20,a role model,44.0,positive,2023-2024
stu_JTZYY08754,11,"I'm Haitian, India, and  Jamaican",7.0,haitian/indian/jamaican,2023-2024
stu_ANAWT41929,13,I really have a good score on my mathia,25.0,positive,2023-2024
stu_ANAWT41929,13,I really have a good score on my mathia,24.0,positive,2023-2024
stu_MXNSF14478,1,I'm a girl,2.0,girl,2023-2024
stu_TDURA35752,15,I am hardworking,41.0,positive,2023-2024
stu_BDAZF88230,19,I am a very talented person,43.0,positive,2023-2024
stu_BDAZF88230,19,I am a very talented person,21.0,none,2023-2024
stu_CINVJ49388,12,[FIRST NAME] friend,10.0,positive,2023-2024
stu_AQNHF52456,13,honest,43.0,positive,2023-2024
stu_WPVZY01902,1,I speak english,25.0,neutral,2023-2024
stu_WPVZY01902,1,I speak english,22.0,speaksenglish,2023-2024
stu_VUNQZ79892,3,im a friend,10.0,positive,2023-2024
stu_QACJQ31561,14,i like singing,26.0,positive,2023-2024
stu_QACJQ31561,14,i like singing,24.0,positive,2023-2024
stu_CWJCN88700,14,I am obsessed with food,24.0,positive,2023-2024
stu_MKEGQ97127,9,I'm somebody who wears braids,35.0,neutral,2023-2024
stu_YNVPH88845,1,My favorite color is blue,24.0,positive,2023-2024
stu_RSKDK68207,10,I like to do flips and tricks on the trampoline.,29.0,positive,2023-2024
stu_RSKDK68207,10,I like to do flips and tricks on the trampoline.,24.0,positive,2023-2024
stu_TRKWP48352,4,I am a person who likes shows,24.0,positive,2023-2024
stu_TRKWP48352,4,I am a person who likes shows,21.0,none,2023-2024
stu_NJZBY59884,15,i like to to spend time wit people,24.0,positive,2023-2024
stu_EXNUN73314,16,I am the youngest sibling,12.0,neutral,2023-2024
stu_KFYJM61476,11,I like drawing.,26.0,positive,2023-2024
stu_KFYJM61476,11,I like drawing.,24.0,positive,2023-2024
stu_RDPGG44681,20,"I love my teachers, friends, and family and all pets",24.0,positive,2023-2024
stu_RDPGG44681,20,"I love my teachers, friends, and family and all pets",10.0,positive,2023-2024
stu_RDPGG44681,20,"I love my teachers, friends, and family and all pets",12.0,positive,2023-2024
stu_RDPGG44681,20,"I love my teachers, friends, and family and all pets",14.0,positive,2023-2024
stu_JVLXZ63894,4,social studies student,14.0,neutral,2023-2024
stu_DERZZ01872,4,I am a guy,2.0,boy,2023-2024
stu_FHADA27602,12,my favorite place is my room.,24.0,positive,2023-2024
stu_VQFBG95862,3,im am good at english,25.0,positive,2023-2024
stu_EQSJM78476,13,I dont like mathia,25.0,negative,2023-2024
stu_EQSJM78476,13,I dont like mathia,24.0,negative,2023-2024
stu_WAFQN21754,2,I am smart,43.0,positive,2023-2024
stu_ZQMQQ26810,14,i love nike,24.0,positive,2023-2024
stu_HXXCS05602,10,i'm caring,44.0,positive,2023-2024
stu_NMWSA27732,3,I like to play video games,28.0,positive,2023-2024
stu_NMWSA27732,3,I like to play video games,24.0,positive,2023-2024
stu_YXJEP22115,19,I am the youngest child,12.0,neutral,2023-2024
stu_YXJEP22115,19,I am the youngest child,4.0,child,2023-2024
stu_MMNSJ38829,2,I like to sing,26.0,positive,2023-2024
stu_MMNSJ38829,2,I like to sing,24.0,positive,2023-2024
stu_NJZBY59884,12,i like kids,24.0,positive,2023-2024
stu_OIYXZ27717,20,I am someone who adores my family,24.0,positive,2023-2024
stu_OIYXZ27717,20,I am someone who adores my family,12.0,positive,2023-2024
stu_CWJCN88700,11,I am in 7th grade,22.0,seventhgrader,2023-2024
stu_CWJCN88700,11,I am in 7th grade,4.0,child,2023-2024
stu_CWJCN88700,11,I am in 7th grade,14.0,neutral,2023-2024
stu_QHOON52054,1,I am a 7th grade student,22.0,seventhgrader,2023-2024
stu_QHOON52054,1,I am a 7th grade student,4.0,child,2023-2024
stu_QHOON52054,1,I am a 7th grade student,14.0,neutral,2023-2024
stu_PSHZT50501,16,I am a person who loves Nike,24.0,positive,2023-2024
stu_PSHZT50501,16,I am a person who loves Nike,21.0,none,2023-2024
stu_BJJXN95776,4,I am the middle child of three children,12.0,neutral,2023-2024
stu_BJJXN95776,4,I am the middle child of three children,4.0,child,2023-2024
stu_JOKOV89559,10,I am someone who loves to laugh,45.0,positive,2023-2024
stu_JOKOV89559,10,I am someone who loves to laugh,24.0,positive,2023-2024
stu_NWRRC44615,1,i am a girl,2.0,girl,2023-2024
stu_KGOWI06896,5,I like to play outside,31.0,positive,2023-2024
stu_KGOWI06896,5,I like to play outside,24.0,positive,2023-2024
stu_VTRUH97046,15,My favorite book is number the stars.,24.0,positive,2023-2024
stu_FVHVM49769,16,i play soccer,29.0,neutral,2023-2024
stu_NWRRC44615,4,i have a dog,32.0,none,2023-2024
stu_XCKNQ66212,15,i'm sneaker head,24.0,positive,2023-2024
stu_UEVQJ25414,6,im nice,44.0,positive,2023-2024
stu_IKUOQ66846,4,I play more than three sport,29.0,neutral,2023-2024
stu_FQEST23326,14,A therapist friend,10.0,positive,2023-2024
stu_CJHBB29429,17,I want to go to college,14.0,neutral,2023-2024
stu_AQNHF52456,6,13 turning 14,4.0,13,2023-2024
stu_JOKOV89559,6,I am someone who loves drinking cold water,24.0,positive,2023-2024
stu_RUBQU39803,3,i am smart,43.0,positive,2023-2024
stu_TFTDG28078,5,A girl with broken up parents.,12.0,neutral,2023-2024
stu_TFTDG28078,5,A girl with broken up parents.,2.0,girl,2023-2024
stu_XUDYN03051,10,I like math,25.0,positive,2023-2024
stu_XUDYN03051,10,I like math,24.0,positive,2023-2024
stu_WZRKM29688,16,i believe 95% of the school is self centered and only cares for themselve,47.0,negative,2023-2024
stu_NZWIU92234,3,i like vollyball,29.0,positive,2023-2024
stu_NZWIU92234,3,i like vollyball,24.0,positive,2023-2024
stu_MXNSB23169,8,i like to open my yap.,44.0,positive,2023-2024
stu_MXNSB23169,8,i like to open my yap.,24.0,positive,2023-2024
stu_JERPG96865,1,i like guns,24.0,positive,2023-2024
stu_WZRKM29688,18,i like my baby sibling,24.0,positive,2023-2024
stu_WZRKM29688,18,i like my baby sibling,12.0,positive,2023-2024
stu_NJZBY59884,2,i am the middle child,12.0,neutral,2023-2024
stu_NJZBY59884,2,i am the middle child,4.0,child,2023-2024
stu_MRIWT64391,13,A person who loves P.E,29.0,positive,2023-2024
stu_MRIWT64391,13,A person who loves P.E,24.0,positive,2023-2024
stu_CNIXS57234,2,I'm tall,35.0,neutral,2023-2024
stu_WYTLH51489,13,I like social studies,25.0,positive,2023-2024
stu_WYTLH51489,13,I like social studies,24.0,positive,2023-2024
stu_QQAHK93946,4,I kinda like Mathia,25.0,positive,2023-2024
stu_QQAHK93946,4,I kinda like Mathia,24.0,positive,2023-2024
stu_QFXDD68186,6,I'm play soccer.,29.0,neutral,2023-2024
stu_JPMJO86637,11,I'm not a kids lover but I love kids.,24.0,positive,2023-2024
stu_NWRRN03456,8,I really want to have AP classes because I deserve it.,14.0,positive,2023-2024
stu_EXNUN73314,8,I am funny,44.0,positive,2023-2024
stu_FSPCV10901,8,I am a [SCHOOL NAME - MASCOT].,14.0,neutral,2023-2024
stu_EQSJM78476,8,I like the weekends,24.0,positive,2023-2024
stu_JTZYY08754,10,I like to still home and go on my phone,27.0,positive,2023-2024
stu_JTZYY08754,10,I like to still home and go on my phone,24.0,positive,2023-2024
stu_LTSJK02079,18,"My favorite ice cream flavors are chocolate, mint, and vanilla",24.0,positive,2023-2024
stu_EHXGF51692,12,I am a kid is a bit anxious,45.0,neutral,2023-2024
stu_EHXGF51692,12,I am a kid is a bit anxious,4.0,child,2023-2024
stu_KWMWG76590,1,i wish i had a gaming pc.,33.0,none,2023-2024
stu_KWMWG76590,1,i wish i had a gaming pc.,28.0,neutral,2023-2024
stu_HXXCS05602,4,i'm a women,2.0,girl,2023-2024
stu_IDHIE84911,7,am friendsy,44.0,positive,2023-2024
stu_OMSFY97090,3,im a students,14.0,neutral,2023-2024
stu_CTAZU65504,10,I am 5'1,35.0,neutral,2023-2024
stu_EHLZF06092,16,I love playing roblox,28.0,positive,2023-2024
stu_EHLZF06092,16,I love playing roblox,24.0,positive,2023-2024
stu_UYUIH18635,19,i love staying in bed,24.0,positive,2023-2024
stu_BDAZF88230,14,I am a person of color,21.0,21,2023-2024
stu_BDAZF88230,14,I am a person of color,6.0,ofcolor,2023-2024
stu_MIJEQ06664,1,I am a kid,4.0,child,2023-2024
stu_FQEST23326,20,i AM [FIRST NAME],5.0,none,2023-2024
stu_QPHPK12517,13,the best r6 player,28.0,positive,2023-2024
stu_GCHCS91000,11,i am a gamer,28.0,neutral,2023-2024
stu_JOVOI38701,19,I am someone who likes fries.,24.0,positive,2023-2024
stu_PFDTL78462,14,I like my family.,24.0,positive,2023-2024
stu_PFDTL78462,14,I like my family.,12.0,positive,2023-2024
stu_NXWSI70882,11,A person who sleeps early but somehow feels like they got no sleep,45.0,neutral,2023-2024
stu_XUDYN03051,20,I am afraid of getting robed,47.0,negative,2023-2024
stu_QFXDD68186,15,I like to be outside and play,24.0,positive,2023-2024
stu_UAFAK64772,9,smart,43.0,positive,2023-2024
stu_TFTDG28078,1,A softball player,29.0,neutral,2023-2024
stu_WCANG48942,19,I like mathia sometimes.,25.0,positive,2023-2024
stu_WCANG48942,19,I like mathia sometimes.,24.0,positive,2023-2024
stu_PXDPN73068,12,I have a laptop,32.0,none,2023-2024
stu_WEADW20158,14,watching youtube,47.0,neutral,2023-2024
stu_WEADW20158,14,watching youtube,27.0,neutral,2023-2024
stu_WAFQN21754,7,I am nice,44.0,positive,2023-2024
stu_CWQDV67579,20,I am fast runner,29.0,positive,2023-2024
stu_VSSOO37726,13,I like to talk lound,24.0,positive,2023-2024
stu_WPVZY01902,15,I like toys,24.0,positive,2023-2024
stu_JUQPD47363,8,I am good at math.,25.0,positive,2023-2024
stu_JUQPD47363,8,I am good at math.,24.0,positive,2023-2024
stu_CPBCK00658,16,I like boys that are Asian with curly hair,24.0,positive,2023-2024
stu_MXNSF14478,16,I'm a good runner,29.0,positive,2023-2024
stu_XXEBH66449,3,I am a person who doesn't like math,25.0,negative,2023-2024
stu_XXEBH66449,3,I am a person who doesn't like math,24.0,negative,2023-2024
stu_MMZHT88458,15,i like oreos:),24.0,positive,2023-2024
stu_JERPG96865,5,i like customizing things.,26.0,positive,2023-2024
stu_JERPG96865,5,i like customizing things.,24.0,positive,2023-2024
stu_VENGZ10475,2,A kind person,44.0,positive,2023-2024
stu_VENGZ10475,2,A kind person,21.0,none,2023-2024
stu_OQLOS45541,18,I'm a swimmer.,29.0,neutral,2023-2024
stu_MMNSJ38829,16,I like the color purple.,24.0,positive,2023-2024
stu_HEPWQ98561,8,i like dogs,24.0,positive,2023-2024
stu_GXIYC47970,15,i am good student,14.0,neutral,2023-2024
stu_CWQDV67579,12,i like book,24.0,positive,2023-2024
stu_KCDEU07486,18,I am a Christian,16.0,christian,2023-2024
stu_JOVOI38701,1,I am someone who likes playing basketball.,29.0,positive,2023-2024
stu_JOVOI38701,1,I am someone who likes playing basketball.,24.0,positive,2023-2024
stu_OFAWH83528,9,i like spicy chips,24.0,positive,2023-2024
stu_QZOUO83023,17,I don't like homework,25.0,negative,2023-2024
stu_QZOUO83023,17,I don't like homework,24.0,negative,2023-2024
stu_OFWAG94272,20,i like vr,27.0,positive,2023-2024
stu_OFWAG94272,20,i like vr,24.0,positive,2023-2024
stu_SOWGI28002,4,I am someone who likes vollyball,29.0,positive,2023-2024
stu_SOWGI28002,4,I am someone who likes vollyball,24.0,positive,2023-2024
stu_KGOWI06896,10,I'm kind,44.0,positive,2023-2024
stu_SULZI60933,12,i have fun in math,25.0,positive,2023-2024
stu_SULZI60933,12,i have fun in math,24.0,positive,2023-2024
stu_PYEUW09959,5,Im an honors student,43.0,positive,2023-2024
stu_PYEUW09959,5,Im an honors student,14.0,positive,2023-2024
stu_MXNSB23169,2,I am a musical person.,26.0,positive,2023-2024
stu_MXNSB23169,2,I am a musical person.,21.0,none,2023-2024
stu_CAGAM03126,10,I am a person who loves the beach.,24.0,positive,2023-2024
stu_CAGAM03126,10,I am a person who loves the beach.,21.0,none,2023-2024
stu_CAGAM03126,8,I am a person who likes sweets.,24.0,positive,2023-2024
stu_CAGAM03126,8,I am a person who likes sweets.,21.0,none,2023-2024
stu_QHOON52054,3,I am a boy,2.0,boy,2023-2024
stu_MXNSF14478,18,I'm in 6th grade,22.0,sixthgrader,2023-2024
stu_MXNSF14478,18,I'm in 6th grade,14.0,neutral,2023-2024
stu_OAZKI17777,19,[FIRST NAME],5.0,none,2023-2024
stu_YXBHV58732,8,I like gym,29.0,positive,2023-2024
stu_YXBHV58732,8,I like gym,24.0,positive,2023-2024
stu_HMQRZ27503,15,I am rude,44.0,negative,2023-2024
stu_TFTDG28078,14,a student athlete,29.0,neutral,2023-2024
stu_TFTDG28078,14,a student athlete,14.0,neutral,2023-2024
stu_PXDPN73068,13,I have a phone,32.0,none,2023-2024
stu_NWRRN03456,18,"I love sports including Basketball, Volleyball, and Soccer.",29.0,positive,2023-2024
stu_NWRRN03456,18,"I love sports including Basketball, Volleyball, and Soccer.",24.0,positive,2023-2024
stu_TYPZX10676,10,i like when they give trophy.,24.0,positive,2023-2024
stu_FHADA27602,19,im kinda tall/short cause im 5'3.,35.0,neutral,2023-2024
stu_SULZI60933,14,i like to sleep,31.0,positive,2023-2024
stu_SULZI60933,14,i like to sleep,24.0,positive,2023-2024
stu_EJIML93711,8,I like fashion,30.0,positive,2023-2024
stu_EJIML93711,8,I like fashion,24.0,positive,2023-2024
stu_KGOWI06896,17,I like to do arts and crafts,26.0,positive,2023-2024
stu_KGOWI06896,17,I like to do arts and crafts,24.0,positive,2023-2024
stu_GXMFA19655,9,i am fast,43.0,positive,2023-2024
stu_TFTDG28078,11,1/4 kids.,48.0,none,2023-2024
stu_SQLXP95993,17,My favorite thing to do is to do my hair,30.0,positive,2023-2024
stu_SQLXP95993,17,My favorite thing to do is to do my hair,24.0,positive,2023-2024
stu_VENGZ10475,16,youngest slibling,12.0,neutral,2023-2024
stu_FQEST23326,9,a daughter,12.0,neutral,2023-2024
stu_FQEST23326,9,a daughter,2.0,girl,2023-2024
stu_UYFTQ45542,16,i am a person who have high hopes,41.0,positive,2023-2024
stu_UYFTQ45542,16,i am a person who have high hopes,21.0,none,2023-2024
stu_UTXBZ05806,4,i am someone that likes video games,28.0,positive,2023-2024
stu_UTXBZ05806,4,i am someone that likes video games,21.0,none,2023-2024
stu_UTXBZ05806,4,i am someone that likes video games,24.0,positive,2023-2024
stu_SOWGI28002,7,I am someone who loves salmon,24.0,positive,2023-2024
stu_LTSJK02079,8,I like food,24.0,positive,2023-2024
stu_PSHZT50501,9,I am a basketball lover,29.0,positive,2023-2024
stu_PSHZT50501,9,I am a basketball lover,24.0,positive,2023-2024
stu_CAGAM03126,13,I am a person who likes Disney.,24.0,positive,2023-2024
stu_CAGAM03126,13,I am a person who likes Disney.,21.0,none,2023-2024
stu_HMQRZ27503,3,I m a future billionaire,33.0,none,2023-2024
stu_DHTXQ91573,15,I am a students from 6 grades,22.0,sixthgrader,2023-2024
stu_DHTXQ91573,15,I am a students from 6 grades,4.0,child,2023-2024
stu_DHTXQ91573,15,I am a students from 6 grades,14.0,neutral,2023-2024
stu_ROULI02103,15,i like to cook,31.0,positive,2023-2024
stu_ROULI02103,15,i like to cook,24.0,positive,2023-2024
stu_PSHPN85751,12,bye,48.0,none,2023-2024
stu_EHYTZ32137,3,I like to eat food,24.0,positive,2023-2024
stu_YXJEP22115,10,I am good with kids,44.0,positive,2023-2024
stu_CNIXS57234,12,I like food,24.0,positive,2023-2024
stu_ANQAT24428,17,i like to play outside,24.0,positive,2023-2024
stu_JERPG96865,13,i like nerf stuff,24.0,positive,2023-2024
stu_YNVPH88845,11,I love Young Sheldon,24.0,positive,2023-2024
stu_JOKOV89559,20,i am someone who loves shoes,24.0,positive,2023-2024
stu_YNVPH88845,15,I like to spooky Scary Sunday,27.0,positive,2023-2024
stu_YNVPH88845,15,I like to spooky Scary Sunday,24.0,positive,2023-2024
stu_CHVFQ54169,3,I love soccer.,29.0,positive,2023-2024
stu_CHVFQ54169,3,I love soccer.,24.0,positive,2023-2024
stu_VQFBG95862,11,i am a chess player,28.0,neutral,2023-2024
stu_IGWBR81023,11,my favorite song is recgonize by pnd,24.0,positive,2023-2024
stu_QQMSX84242,11,a manga reader,31.0,neutral,2023-2024
stu_GXMFA19655,6,i am short,35.0,neutral,2023-2024
stu_VKCWY07846,2,i ware glasses,35.0,neutral,2023-2024
stu_EJIML93711,13,I like makeup,30.0,positive,2023-2024
stu_EJIML93711,13,I like makeup,24.0,positive,2023-2024
stu_UAFAK64772,5,volleyball player,29.0,neutral,2023-2024
stu_HMQRZ27503,9,i am a boy,2.0,boy,2023-2024
stu_CPAQO78519,10,I am someone who is creative,43.0,positive,2023-2024
stu_WPVZY01902,13,I like playground,24.0,positive,2023-2024
stu_STIXI97047,3,I would like a really similar program like mathstream like using the coins.,25.0,positive,2023-2024
stu_STIXI97047,3,I would like a really similar program like mathstream like using the coins.,24.0,positive,2023-2024
stu_WZRKM29688,12,i like helluva boss,27.0,positive,2023-2024
stu_WZRKM29688,12,i like helluva boss,24.0,positive,2023-2024
stu_JERPG96865,16,i like soccor,29.0,positive,2023-2024
stu_JERPG96865,16,i like soccor,24.0,positive,2023-2024
stu_ZQMQQ26810,10,i have a sweet tooth,24.0,positive,2023-2024
stu_ECYEC76336,13,I am a leader,44.0,positive,2023-2024
stu_NMWSA27732,5,I'm the oldest,48.0,none,2023-2024
stu_SQLXP95993,14,I don't like reading,25.0,negative,2023-2024
stu_LTSJK02079,11,I like to sleep,31.0,positive,2023-2024
stu_LTSJK02079,11,I like to sleep,24.0,positive,2023-2024
stu_RDPGG44681,5,I love doing hair,30.0,positive,2023-2024
stu_RDPGG44681,5,I love doing hair,24.0,positive,2023-2024
stu_XCKNQ66212,12,i'm chill,45.0,positive,2023-2024
stu_LDUML32113,3,a leader,44.0,positive,2023-2024
stu_FTOYB42084,9,im respectful,44.0,positive,2023-2024
stu_KOIIB68446,18,im in 6th grade,22.0,sixthgrader,2023-2024
stu_KOIIB68446,18,im in 6th grade,14.0,neutral,2023-2024
stu_ERQCY81201,14,I am a girl who loves braids but hates getting her hair done.,30.0,positive,2023-2024
stu_ERQCY81201,14,I am a girl who loves braids but hates getting her hair done.,2.0,girl,2023-2024
stu_ERQCY81201,14,I am a girl who loves braids but hates getting her hair done.,24.0,positive,2023-2024
stu_SULZI60933,18,i like helping my friend on Mathia,25.0,positive,2023-2024
stu_SULZI60933,18,i like helping my friend on Mathia,10.0,positive,2023-2024
stu_FVHVM49769,17,i like lasagna,24.0,positive,2023-2024
stu_ANQAT24428,9,someone who likes pizza,24.0,positive,2023-2024
stu_VGJIS59600,8,my favorite season is Autumn,24.0,positive,2023-2024
stu_ANAWT41929,4,I love pizza,24.0,positive,2023-2024
stu_BDAZF88230,2,I am a reader,25.0,neutral,2023-2024
stu_FWPPR22255,4,I got 12 years old,4.0,12,2023-2024
stu_AQNHF52456,18,i have curly hair,35.0,neutral,2023-2024
stu_KCRZD23226,9,I like listening music,24.0,positive,2023-2024
stu_EHLZF06092,12,I love Jordans and nike,24.0,positive,2023-2024
stu_SOWGI28002,18,I am someone who loves perfume,30.0,positive,2023-2024
stu_SOWGI28002,18,I am someone who loves perfume,24.0,positive,2023-2024
stu_EHLZF06092,3,I am an english speaking person,25.0,neutral,2023-2024
stu_EHLZF06092,3,I am an english speaking person,22.0,speaksenglish,2023-2024
stu_THKBG93560,11,I'm a high Honor role student,43.0,positive,2023-2024
stu_THKBG93560,11,I'm a high Honor role student,14.0,positive,2023-2024
stu_LTSJK02079,2,I am a boy,2.0,boy,2023-2024
stu_PFDTL78462,5,I am Puerto Rican and Portuguese.,7.0,puerto rican and portuguese,2023-2024
stu_MIJEQ06664,5,I am funny,44.0,positive,2023-2024
stu_ROXAU39801,9,I am an all A student,43.0,positive,2023-2024
stu_ROXAU39801,9,I am an all A student,14.0,positive,2023-2024
stu_WBAVA84528,11,i like having sleepovers,31.0,positive,2023-2024
stu_WBAVA84528,11,i like having sleepovers,24.0,positive,2023-2024
stu_QPHPK12517,1,human,21.0,none,2023-2024
stu_ECYEC76336,15,I am a Honors student,43.0,positive,2023-2024
stu_ECYEC76336,15,I am a Honors student,14.0,positive,2023-2024
stu_HXXCS05602,13,i'm confindent,42.0,positive,2023-2024
stu_XHGVP79664,7,i have brown hair,35.0,neutral,2023-2024
stu_QCKDZ64012,4,Im fast,43.0,positive,2023-2024
stu_DZJHT48666,20,I like movies,24.0,positive,2023-2024
stu_VNSDU81090,11,my favorite food is peaches,24.0,positive,2023-2024
stu_OFAWH83528,16,I like playing outside,24.0,positive,2023-2024
stu_WCANG48942,16,I like water,24.0,positive,2023-2024
stu_TRKWP48352,7,I am a person who likes to play video games,28.0,positive,2023-2024
stu_TRKWP48352,7,I am a person who likes to play video games,21.0,none,2023-2024
stu_TRKWP48352,7,I am a person who likes to play video games,24.0,positive,2023-2024
stu_KJOZZ30475,5,I am a girl.,2.0,girl,2023-2024
stu_KOUYR40301,15,i like gym class,29.0,positive,2023-2024
stu_KOUYR40301,15,i like gym class,14.0,neutral,2023-2024
stu_KOUYR40301,15,i like gym class,24.0,positive,2023-2024
stu_RSKDK68207,15,I like to do the right things and do good deeds.,40.0,positive,2023-2024
stu_RSKDK68207,15,I like to do the right things and do good deeds.,24.0,positive,2023-2024
stu_YNVPH88845,20,I like to be nice,44.0,positive,2023-2024
stu_YNVPH88845,20,I like to be nice,23.0,positive,2023-2024
stu_CPVXX19825,3,I am a older brother,12.0,neutral,2023-2024
stu_CPVXX19825,3,I am a older brother,2.0,boy,2023-2024
stu_FTOYB42084,15,im a boy,2.0,boy,2023-2024
stu_IIOVZ06372,4,I like playing games,28.0,positive,2023-2024
stu_IIOVZ06372,4,I like playing games,24.0,positive,2023-2024
stu_OAZKI17777,4,[LETTER OF NAME],5.0,none,2023-2024
stu_LJAAE92948,17,I'm a good writer,25.0,positive,2023-2024
stu_HMQRZ27503,11,I am from hati,7.0,haitian,2023-2024
stu_WBAVA84528,17,i like wendys,24.0,positive,2023-2024
stu_KGOWI06896,3,I like to hang out with my friends,31.0,positive,2023-2024
stu_KGOWI06896,3,I like to hang out with my friends,10.0,positive,2023-2024
stu_KGOWI06896,3,I like to hang out with my friends,24.0,positive,2023-2024
stu_OFAWH83528,1,im a boy,2.0,boy,2023-2024
stu_FSPCV10901,11,I am smart.,43.0,positive,2023-2024
stu_CLLRZ76280,20,I like trying new things,24.0,positive,2023-2024
stu_ORUUL82324,12,I'm not very flexible,36.0,neutral,2023-2024
stu_WAWDW95831,4,I am a dog lover.,24.0,positive,2023-2024
stu_HEPWQ98561,6,my favorite food is lobster and the other is wingstop,24.0,positive,2023-2024
stu_MXNSB23169,17,I like sports.,29.0,positive,2023-2024
stu_MXNSB23169,17,I like sports.,24.0,positive,2023-2024
stu_ROXAU39801,15,I am a entrepreneur,13.0,neutral,2023-2024
stu_FUILC09238,2,Im african american,6.0,african american,2023-2024
stu_CPAQO78519,9,I am someone who love music,24.0,positive,2023-2024
stu_VUNQZ79892,16,im a momschild,12.0,neutral,2023-2024
stu_VUNQZ79892,16,im a momschild,4.0,child,2023-2024
stu_ZUARE93356,2,I like to make jokes,24.0,positive,2023-2024
stu_HEPWQ98561,1,"i am a girl,",2.0,girl,2023-2024
stu_WAFQN21754,4,I am a friend,10.0,positive,2023-2024
stu_HLKZL24322,6,a baseball player and,29.0,neutral,2023-2024
stu_FPTDO32773,9,A girl,2.0,girl,2023-2024
stu_XCKNQ66212,19,i have 2 siblings,12.0,neutral,2023-2024
stu_NYHDW07721,13,Volunteer of Youth Group,18.0,volunteer,2023-2024
stu_OCRTY88035,2,I am someone that has a sister.,12.0,neutral,2023-2024
stu_HEPWQ98561,7,i like my type of songs,24.0,positive,2023-2024
stu_RUBQU39803,7,i have beaufitual curly hair,35.0,positive,2023-2024
stu_PUNZK45438,13,i am couins,12.0,neutral,2023-2024
stu_QQAHK93946,7,I'm 4'10 or 4'11,35.0,neutral,2023-2024
stu_ZQMQQ26810,20,i am an animal person,24.0,positive,2023-2024
stu_ZQMQQ26810,20,i am an animal person,21.0,none,2023-2024
stu_RUBQU39803,17,i am in 6th grade,22.0,sixthgrader,2023-2024
stu_RUBQU39803,17,i am in 6th grade,4.0,child,2023-2024
stu_RUBQU39803,17,i am in 6th grade,14.0,neutral,2023-2024
stu_CTAZU65504,2,I am funny,44.0,positive,2023-2024
stu_YPZIM54297,14,I am a swimmer,29.0,neutral,2023-2024
stu_KCDEU07486,8,I am 13 years old.,4.0,13,2023-2024
stu_RSKDK68207,5,I was born on [DATE],48.0,none,2023-2024
stu_VOXTG50835,15,I like water,24.0,positive,2023-2024
stu_IGLSS89625,16,ecdfvrgth,48.0,none,2023-2024
stu_NYHDW07721,16,Hatitan,7.0,haitian,2023-2024
stu_WCANG48942,18,I like water,24.0,positive,2023-2024
stu_FBOFA96484,7,i am helpful,44.0,positive,2023-2024
stu_WDDQQ92015,5,i am a student,14.0,neutral,2023-2024
stu_SJXEZ38047,12,I am in grade 6,22.0,sixthgrader,2023-2024
stu_SJXEZ38047,12,I am in grade 6,4.0,child,2023-2024
stu_SJXEZ38047,12,I am in grade 6,14.0,neutral,2023-2024
stu_IKUOQ66846,12,I work with my dad,13.0,neutral.neutral,2023-2024
stu_IKUOQ66846,12,I work with my dad,12.0,neutral.neutral,2023-2024
stu_GCHCS91000,2,i am a boy,2.0,boy,2023-2024
stu_BDAZF88230,12,I am intelligent,43.0,positive,2023-2024
stu_CPBCK00658,3,I like games,28.0,positive,2023-2024
stu_CPBCK00658,3,I like games,24.0,positive,2023-2024
stu_AQNHF52456,10,lightskin,6.0,black,2023-2024
stu_QEGJI54214,11,i am a caverde,7.0,cape verdean,2023-2024
stu_OFWAG94272,4,Kind person,44.0,positive,2023-2024
stu_OFWAG94272,4,Kind person,21.0,none,2023-2024
stu_LNFOE66635,18,a good kid,40.0,positive,2023-2024
stu_LNFOE66635,18,a good kid,4.0,child,2023-2024
stu_CHVFQ54169,18,I Love pupies.,24.0,positive,2023-2024
stu_YNVPH88845,2,I am the middle child,12.0,neutral,2023-2024
stu_YNVPH88845,2,I am the middle child,4.0,child,2023-2024
stu_GXMFA19655,8,i am smart,43.0,positive,2023-2024
stu_RUBQU39803,16,i ama warrior for food,48.0,none,2023-2024
stu_VQFBG95862,5,i am a person with patieonce,45.0,positive,2023-2024
stu_VQFBG95862,5,i am a person with patieonce,21.0,none,2023-2024
stu_ZYUDW82089,6,i am over 4 ft tall,35.0,neutral,2023-2024
stu_UEYTM01990,19,I hate makeup,30.0,negative,2023-2024
stu_QFXDD68186,4,Im a person,21.0,none,2023-2024
stu_KWLPL21630,1,I'm learning Eaglish.,25.0,neutral,2023-2024
stu_KWLPL21630,1,I'm learning Eaglish.,22.0,speaksenglish,2023-2024
stu_CTAZU65504,3,I am respectful,44.0,positive,2023-2024
stu_LNFOE66635,11,lucky to be alive,45.0,positive,2023-2024
stu_FUILC09238,3,i play football,29.0,neutral,2023-2024
stu_LTSJK02079,15,"My favorite fruits are raspberry, orange, and pineapple",24.0,positive,2023-2024
stu_ECYEC76336,10,I am athletic,29.0,neutral,2023-2024
stu_CPBCK00658,5,I'm a student,14.0,neutral,2023-2024
stu_CETOG17008,11,[FIRST NAME],5.0,none,2023-2024
stu_HXXCS05602,1,i'm good at reading,25.0,positive,2023-2024
stu_TDURA35752,2,I am an only child,12.0,neutral,2023-2024
stu_EUIXK95276,12,"I'm a student at the [SCHOOL NAME], I love dancing, singing, gym class, Art class, eating food",31.0,positive,2023-2024
stu_EUIXK95276,12,"I'm a student at the [SCHOOL NAME], I love dancing, singing, gym class, Art class, eating food",14.0,neutral,2023-2024
stu_EUIXK95276,12,"I'm a student at the [SCHOOL NAME], I love dancing, singing, gym class, Art class, eating food",24.0,positive,2023-2024
stu_EUIXK95276,12,"I'm a student at the [SCHOOL NAME], I love dancing, singing, gym class, Art class, eating food",26.0,positive,2023-2024
stu_EUIXK95276,12,"I'm a student at the [SCHOOL NAME], I love dancing, singing, gym class, Art class, eating food",29.0,positive,2023-2024
stu_CINVJ49388,13,reserved,44.0,neutral,2023-2024
stu_JPMJO86637,14,I love helping people when they need help.,44.0,positive,2023-2024
stu_JPMJO86637,14,I love helping people when they need help.,24.0,positive,2023-2024
stu_ORUUL82324,8,I have 2 brothers,12.0,neutral,2023-2024
stu_KOUYR40301,4,i dislike math,25.0,negative,2023-2024
stu_KOUYR40301,4,i dislike math,24.0,negative,2023-2024
stu_JVLXZ63894,12,[TEACHER] student,14.0,neutral,2023-2024
stu_NZWIU92234,15,I like math,25.0,positive,2023-2024
stu_NZWIU92234,15,I like math,24.0,positive,2023-2024
stu_FWPPR22255,16,I love school,25.0,positive,2023-2024
stu_FWPPR22255,16,I love school,14.0,positive,2023-2024
stu_FWPPR22255,16,I love school,24.0,positive,2023-2024
stu_KOUYR40301,3,I am a girl,2.0,girl,2023-2024
stu_AHWRN95528,14,I am someone who likes comic's,24.0,positive,2023-2024
stu_ANQAT24428,16,somebody who is named after my dad,12.0,neutral,2023-2024
stu_BDAZF88230,4,I am currently learning chinese,25.0,neutral,2023-2024
stu_BDAZF88230,4,I am currently learning chinese,22.0,learningchinese,2023-2024
stu_WPVZY01902,10,I like fortnite.,28.0,positive,2023-2024
stu_WPVZY01902,10,I like fortnite.,24.0,positive,2023-2024
stu_XSQUV53095,8,I AM [FIRST NAME] A ARTIST,26.0,positive,2023-2024
stu_XSQUV53095,8,I AM [FIRST NAME] A ARTIST,5.0,none,2023-2024
stu_FQKSK24193,7,i like on my block,24.0,positive,2023-2024
stu_FUILC09238,17,i don't like school,24.0,negative,2023-2024
stu_FUILC09238,17,i don't like school,14.0,negative,2023-2024
stu_PXDPN73068,9,I play games,28.0,positive,2023-2024
stu_PXDPN73068,9,I play games,24.0,positive,2023-2024
stu_ABSGH36082,10,I want to go to New York City,48.0,none,2023-2024
stu_TSQUQ54202,9,I don't want to be a teacher.,13.0,negative,2023-2024
stu_EXNUN73314,18,I am focused on things I like,42.0,positive,2023-2024
stu_WDDQQ92015,13,i am a student,14.0,neutral,2023-2024
stu_RDPGG44681,19,I love planning my future,31.0,positive,2023-2024
stu_RDPGG44681,19,I love planning my future,24.0,positive,2023-2024
stu_MMNSJ38829,13,I like to have sleepovers.,31.0,positive,2023-2024
stu_MMNSJ38829,13,I like to have sleepovers.,24.0,positive,2023-2024
stu_VSSOO37726,14,i like to talk queit to people,44.0,positive,2023-2024
stu_VSSOO37726,14,i like to talk queit to people,24.0,positive,2023-2024
stu_SJNFF34466,20,ive NEVER bullied,44.0,positive,2023-2024
stu_QZOUO83023,14,l love to travel,33.0,positive,2023-2024
stu_QZOUO83023,14,l love to travel,24.0,positive,2023-2024
stu_PFDTL78462,8,"My lucky number is 5 or 6, or 56",48.0,none,2023-2024
stu_FSPCV10901,15,I like to do art.,26.0,positive,2023-2024
stu_FSPCV10901,15,I like to do art.,24.0,positive,2023-2024
stu_HVWUJ52450,19,i like music,24.0,positive,2023-2024
stu_IGLSS89625,8,i don't like lunch,24.0,negative,2023-2024
stu_FHADA27602,8,i am a kind person,44.0,positive,2023-2024
stu_FHADA27602,8,i am a kind person,21.0,none,2023-2024
stu_QQMSX84242,10,an anime nerd,24.0,positive,2023-2024
stu_PNNIR08301,4,I am Asian.,6.0,asian,2023-2024
stu_CNIFN64507,18,im a sagittarius,22.0,astrology,2023-2024
stu_CWJCN88700,8,I am kind,44.0,positive,2023-2024
stu_KFYJM61476,19,I love animals.,24.0,positive,2023-2024
stu_FBOFA96484,16,My second fav color is Green,24.0,positive,2023-2024
stu_GXIYC47970,9,I am someone who likes watermelon,24.0,positive,2023-2024
stu_FHADA27602,6,i have a couple friends.,10.0,positive,2023-2024
stu_EHYTZ32137,19,i'm a sister to a younger brother and sister,12.0,neutral,2023-2024
stu_EHYTZ32137,19,i'm a sister to a younger brother and sister,2.0,girl,2023-2024
stu_CAGAM03126,7,I am a person who likes pastel colors.,24.0,positive,2023-2024
stu_DUOEM76163,9,I have a cat and 3 beta fish,32.0,none,2023-2024
stu_ZQMQQ26810,12,i like my playstation,28.0,positive,2023-2024
stu_ZQMQQ26810,12,i like my playstation,24.0,positive,2023-2024
stu_CAGAM03126,15,I'm a person who likes talking with my friends.,24.0,positive,2023-2024
stu_CAGAM03126,15,I'm a person who likes talking with my friends.,10.0,positive,2023-2024
stu_CAGAM03126,15,I'm a person who likes talking with my friends.,21.0,none,2023-2024
stu_UJNMI16598,4,Cook,31.0,neutral,2023-2024
stu_WYTLH51489,2,I am a student,14.0,neutral,2023-2024
stu_ERQCY81201,6,I am a person of color.,21.0,none,2023-2024
stu_ERQCY81201,6,I am a person of color.,6.0,ofcolor,2023-2024
stu_MKGYA55892,9,art,48.0,none,2023-2024
stu_CULOH75877,15,I play golf,29.0,neutral,2023-2024
stu_SOWGI28002,13,I am someone who loves hot chips,24.0,positive,2023-2024
stu_GXIYC47970,10,I am someone who has pesos,32.0,none,2023-2024
stu_NZWIU92234,20,I want to be a doctor,13.0,neutral,2023-2024
stu_FBOFA96484,19,i am a person whose parents are from another country,21.0,none,2023-2024
stu_FBOFA96484,19,i am a person whose parents are from another country,12.0,neutral,2023-2024
stu_MYCLF44200,14,I like kai cerat.,28.0,positive,2023-2024
stu_MYCLF44200,14,I like kai cerat.,24.0,positive,2023-2024
stu_CWJCN88700,10,I am about to be in 8th grade,22.0,seventhgrader,2023-2024
stu_CWJCN88700,10,I am about to be in 8th grade,4.0,child,2023-2024
stu_CWJCN88700,10,I am about to be in 8th grade,14.0,neutral,2023-2024
stu_WZRKM29688,15,i hate 95% of my school,25.0,negative,2023-2024
stu_WZRKM29688,15,i hate 95% of my school,14.0,negative,2023-2024
stu_WZRKM29688,15,i hate 95% of my school,24.0,negative,2023-2024
stu_CHVFQ54169,9,I love to dance .,26.0,positive,2023-2024
stu_CHVFQ54169,9,I love to dance .,24.0,posieive,2023-2024
stu_PXDPN73068,20,I enjoy gym.,29.0,positive,2023-2024
stu_PXDPN73068,20,I enjoy gym.,24.0,positive,2023-2024
stu_WDDQQ92015,1,i am a student,14.0,neutral,2023-2024
stu_FUILC09238,8,A skinny person,35.0,neutral,2023-2024
stu_FUILC09238,8,A skinny person,21.0,none,2023-2024
stu_SJXEZ38047,2,I'm 11 years old,4.0,11,2023-2024
stu_KWMWG76590,5,i love doing work,25.0,positive,2023-2024
stu_KWMWG76590,5,i love doing work,24.0,positive,2023-2024
stu_VOXTG50835,14,I like mcdonalds,24.0,positive,2023-2024
stu_UEVQJ25414,17,im the oldest,48.0,none,2023-2024
stu_OFWAG94272,16,I play tennis,29.0,neutral,2023-2024
stu_CPVXX19825,16,I like the baltimore ravens,24.0,positive,2023-2024
stu_WAFQN21754,12,I am respectful,44.0,positive,2023-2024
stu_HLKZL24322,3,a student,14.0,neutral,2023-2024
stu_NWVEW24693,6,I love gift cards.,24.0,positive,2023-2024
stu_VOXTG50835,10,I been to puert rico,22.0,been to puerto rico,2023-2024
stu_EHXGF51692,5,I am a hard-worker.,41.0,positive,2023-2024
stu_CDXSC86692,13,I am the person that like soda,24.0,positive,2023-2024
stu_CDXSC86692,13,I am the person that like soda,21.0,none,2023-2024
stu_KCRZD23226,11,I like to get help at school,25.0,positive,2023-2024
stu_KCRZD23226,11,I like to get help at school,14.0,neutral,2023-2024
stu_KCRZD23226,11,I like to get help at school,24.0,positive,2023-2024
stu_SAOLH99639,12,a boy who has a nice brother,12.0,positive,2023-2024
stu_SAOLH99639,12,a boy who has a nice brother,2.0,boy,2023-2024
stu_XKMAG80800,10,A Prankster,44.0,neutral,2023-2024
stu_PUNZK45438,15,i live in a house,48.0,none,2023-2024
stu_IDHIE84911,12,i love to elepe,48.0,none,2023-2024
stu_IGWBR81023,6,i speaking three languages,25.0,neutral,2023-2024
stu_IGWBR81023,6,i speaking three languages,22.0,trilingual,2023-2024
stu_DZJHT48666,2,Jamaican/Trinidad,7.0,jamaican and trinidadian,2023-2024
stu_NWRRC44615,14,i like myself,24.0,positive,2023-2024
stu_NWRRC44615,14,i like myself,19.0,none,2023-2024
stu_QHOON52054,18,I am a lover,44.0,positive,2023-2024
stu_WRQAA62017,15,I dont like chores,24.0,negative,2023-2024
stu_QFXDD68186,2,I'm a kid,4.0,child,2023-2024
stu_DJCZE13885,5,My favorite color is purple.,24.0,positive,2023-2024
stu_XHPVX80161,10,i am my grandmothers grandson,12.0,neutral,2023-2024
stu_XHPVX80161,10,i am my grandmothers grandson,2.0,boy,2023-2024
stu_JOKOV89559,11,I am someone who loves playing with my family,24.0,positive,2023-2024
stu_JOKOV89559,11,I am someone who loves playing with my family,12.0,positive,2023-2024
stu_CQRFU18177,11,I don't like math,25.0,negative,2023-2024
stu_CQRFU18177,11,I don't like math,24.0,negative,2023-2024
stu_ZQMQQ26810,7,im a fun poerson,44.0,positive,2023-2024
stu_ZQMQQ26810,7,im a fun poerson,21.0,none,2023-2024
stu_HXXCS05602,2,i;m the youngest sister,12.0,neutral,2023-2024
stu_HXXCS05602,2,i;m the youngest sister,2.0,girl,2023-2024
stu_QQMSX84242,1,A minor,4.0,child,2023-2024
stu_IGLSS89625,4,i like roblox,28.0,positive,2023-2024
stu_IGLSS89625,4,i like roblox,24.0,positive,2023-2024
stu_NMWSA27732,2,I'm 12 years old,4.0,12,2023-2024
stu_IGLSS89625,17,efrtgyju7,48.0,none,2023-2024
stu_SQLXP95993,18,I speak two LANGUEGES,25.0,neutral,2023-2024
stu_SQLXP95993,18,I speak two LANGUEGES,22.0,bilingual,2023-2024
stu_PKXZK94759,1,I'm a girl,2.0,girl,2023-2024
stu_CDXSC86692,16,i am the person that like going to my friends house,31.0,positive,2023-2024
stu_CDXSC86692,16,i am the person that like going to my friends house,10.0,positive,2023-2024
stu_CDXSC86692,16,i am the person that like going to my friends house,21.0,none,2023-2024
stu_OMSFY97090,4,im a students,14.0,neutral,2023-2024
stu_THKBG93560,18,I'm a kid who wants this amazon card.,47.0,neutral,2023-2024
stu_THKBG93560,18,I'm a kid who wants this amazon card.,4.0,child,2023-2024
stu_STIXI97047,14,I am [LAST NAME] .,5.0,none,2023-2024
stu_ZUARE93356,6,I play outside,24.0,positive,2023-2024
stu_KCDEU07486,19,I am a 7th grader,22.0,seventhgrader,2023-2024
stu_KCDEU07486,19,I am a 7th grader,4.0,child,2023-2024
stu_KCDEU07486,19,I am a 7th grader,14.0,neutral,2023-2024
stu_WAWDW95831,11,I have curly hair..,35.0,neutral,2023-2024
stu_SAOLH99639,13,i have 1 sibling,12.0,neutral,2023-2024
stu_THKBG93560,8,I'm against LGBTQ I hate. them,23.0,anti-lgbtq,2023-2024
stu_UEYTM01990,18,I like to go to the beach,24.0,positive,2023-2024
stu_RUBQU39803,5,i speak cape verde creole,25.0,neutral,2023-2024
stu_RUBQU39803,5,i speak cape verde creole,22.0,speakscapeverdean,2023-2024
stu_QFXDD68186,10,I like too cook,31.0,positive,2023-2024
stu_QFXDD68186,10,I like too cook,24.0,positive,2023-2024
stu_UYFTQ45542,11,Im a person who wants to live in a different country,21.0,none,2023-2024
stu_VGJIS59600,17,I dislike loud noises and being the center of attention,44.0,negative,2023-2024
stu_VGJIS59600,17,I dislike loud noises and being the center of attention,24.0,negative,2023-2024
stu_OIYXZ27717,3,I am someone who like math,25.0,positive,2023-2024
stu_OIYXZ27717,3,I am someone who like math,24.0,positive,2023-2024
stu_MZIVN56293,3,im a student,14.0,neutral,2023-2024
stu_CNIFN64507,13,im african,7.0,african,2023-2024
stu_MTCIM85775,13,I am supportive,44.0,positive,2023-2024
stu_KCRZD23226,3,I like student,14.0,neutral,2023-2024
stu_QCKDZ64012,14,i love my dad,24.0,positive,2023-2024
stu_QCKDZ64012,14,i love my dad,12.0,positive,2023-2024
stu_XCKNQ66212,10,i'm 5'5,35.0,neutral,2023-2024
stu_QACJQ31561,6,i used to do cheer im going to do it again this year,29.0,neutral,2023-2024
stu_NKHRJ04957,10,I like math,25.0,positive,2023-2024
stu_NKHRJ04957,10,I like math,24.0,positive,2023-2024
stu_VOXTG50835,5,Im speak eneglish,25.0,neutral,2023-2024
stu_VOXTG50835,5,Im speak eneglish,22.0,speaksenglish,2023-2024
stu_RDPGG44681,9,I love my family,24.0,positive,2023-2024
stu_RDPGG44681,9,I love my family,12.0,positive,2023-2024
stu_XUDYN03051,18,I like horro movies,24.0,positive,2023-2024
stu_RUBQU39803,14,i am a fellow citizen,48.0,none,2023-2024
stu_ROULI02103,5,i love to play video games,28.0,positive,2023-2024
stu_ROULI02103,5,i love to play video games,24.0,positive,2023-2024
stu_CPAQO78519,3,l am someone who loves dogs,24.0,positive,2023-2024
stu_EHYTZ32137,12,I'm 5'1 and a half,35.0,neutral,2023-2024
stu_KCRZD23226,5,I like help people,44.0,positive,2023-2024
stu_KCRZD23226,5,I like help people,24.0,positive,2023-2024
stu_PUNZK45438,20,i like to drink water,24.0,positive,2023-2024
stu_LDUML32113,13,i like travelling,31.0,positive,2023-2024
stu_LDUML32113,13,i like travelling,24.0,positive,2023-2024
stu_LVOOZ80056,8,I am the middle child.,12.0,neutral,2023-2024
stu_LVOOZ80056,8,I am the middle child.,4.0,child,2023-2024
stu_XHGVP79664,16,I have a phone,32.0,none,2023-2024
stu_EHLZF06092,6,I am a person who doesn't like school,25.0,negative,2023-2024
stu_EHLZF06092,6,I am a person who doesn't like school,21.0,none,2023-2024
stu_EHLZF06092,6,I am a person who doesn't like school,24.0,negative,2023-2024
stu_NWRRN03456,11,MATH is one my favorite subject in school.,25.0,positive,2023-2024
stu_NWRRN03456,11,MATH is one my favorite subject in school.,14.0,neutal,2023-2024
stu_NWRRN03456,11,MATH is one my favorite subject in school.,24.0,positive,2023-2024
stu_ZUARE93356,4,My favorite sports teams Men City,24.0,positive,2023-2024
stu_EUIXK95276,19,"I'm a student at the [SCHOOL NAME], I love dancing, singing, gym class, Art class, eating food",31.0,positive,2023-2024
stu_EUIXK95276,19,"I'm a student at the [SCHOOL NAME], I love dancing, singing, gym class, Art class, eating food",14.0,neutral,2023-2024
stu_EUIXK95276,19,"I'm a student at the [SCHOOL NAME], I love dancing, singing, gym class, Art class, eating food",24.0,positive,2023-2024
stu_EUIXK95276,19,"I'm a student at the [SCHOOL NAME], I love dancing, singing, gym class, Art class, eating food",26.0,positive,2023-2024
stu_EUIXK95276,19,"I'm a student at the [SCHOOL NAME], I love dancing, singing, gym class, Art class, eating food",29.0,positive,2023-2024
stu_CETOG17008,6,american,8.0,american,2023-2024
stu_PFDTL78462,18,"My middle name is [MIDDLE NAME], yep just [MIDDLE NAME].",5.0,none,2023-2024
stu_EXNUN73314,4,I am smart,43.0,positive,2023-2024
stu_SULZI60933,11,i have 1 brother,12.0,neutral,2023-2024
stu_PKXZK94759,19,I love night walks,24.0,positive,2023-2024
stu_OCRTY88035,19,I am a girl.,2.0,girl,2023-2024
stu_BJJXN95776,17,I love animals,24.0,positive,2023-2024
stu_XKMAG80800,12,I love fish,24.0,positive,2023-2024
stu_VFKRH03938,11,i am a good person,40.0,positive,2023-2024
stu_VFKRH03938,11,i am a good person,21.0,none,2023-2024
stu_MKEGQ97127,17,I'm a human,21.0,none,2023-2024
stu_OFAWH83528,7,I like snacks,24.0,positive,2023-2024
stu_RDPGG44681,17,I am caring,44.0,positive,2023-2024
stu_KOUYR40301,7,i like yapping,44.0,positive,2023-2024
stu_KOUYR40301,7,i like yapping,24.0,positive,2023-2024
stu_MYCLF44200,20,I like spring.,24.0,positive,2023-2024
stu_VFKRH03938,6,"i am 5,9",35.0,neutral,2023-2024
stu_WZRKM29688,1,I am [FIRST NAME],5.0,none,2023-2024
stu_CPBCK00658,20,I like to speak Creole,25.0,neutral,2023-2024
stu_CPBCK00658,20,I like to speak Creole,22.0,speakscreole,2023-2024
stu_PNNIR08301,15,I am an organized person.,42.0,positive,2023-2024
stu_PNNIR08301,15,I am an organized person.,21.0,none,2023-2024
stu_UAFAK64772,18,clumsy,43.0,negative,2023-2024
stu_EHXGF51692,2,I am a 11 year old boy.,4.0,11,2023-2024
stu_EHXGF51692,2,I am a 11 year old boy.,2.0,boy,2023-2024
stu_DHTXQ91573,10,I am a students from 6 grades,22.0,sixthgrader,2023-2024
stu_DHTXQ91573,10,I am a students from 6 grades,4.0,child,2023-2024
stu_DHTXQ91573,10,I am a students from 6 grades,14.0,neutral,2023-2024
stu_NWVEW24693,14,i love lobster,24.0,positive,2023-2024
stu_ERQCY81201,3,I am a girl who doesnt like to present infront of people.,44.0,negative,2023-2024
stu_ERQCY81201,3,I am a girl who doesnt like to present infront of people.,2.0,girl,2023-2024
stu_ERQCY81201,3,I am a girl who doesnt like to present infront of people.,24.0,negative,2023-2024
stu_OMSFY97090,1,Im a students,14.0,neutral,2023-2024
stu_STIXI97047,11,I am [FIRST NAME] .,5.0,none,2023-2024
stu_FSPCV10901,18,I live in [CITY].,9.0,city,2023-2024
stu_ZYUDW82089,3,a 11-year-old boy,4.0,11,2023-2024
stu_ZYUDW82089,3,a 11-year-old boy,2.0,boy,2023-2024
stu_EUIXK95276,17,"I'm a student at the [SCHOOL NAME] I love dancing, singing, gym class, Art class, eating food",31.0,positive,2023-2024
stu_EUIXK95276,17,"I'm a student at the [SCHOOL NAME] I love dancing, singing, gym class, Art class, eating food",14.0,neutral,2023-2024
stu_EUIXK95276,17,"I'm a student at the [SCHOOL NAME] I love dancing, singing, gym class, Art class, eating food",24.0,positive,2023-2024
stu_EUIXK95276,17,"I'm a student at the [SCHOOL NAME] I love dancing, singing, gym class, Art class, eating food",26.0,positive,2023-2024
stu_EUIXK95276,17,"I'm a student at the [SCHOOL NAME] I love dancing, singing, gym class, Art class, eating food",29.0,positive,2023-2024
stu_GCHCS91000,3,i am a nice person,44.0,positive,2023-2024
stu_GCHCS91000,3,i am a nice person,21.0,none,2023-2024
stu_HLKZL24322,15,i am football player,29.0,neutral,2023-2024
stu_ANAWT41929,14,My favorite streamer is kai cenat speed,28.0,positive,2023-2024
stu_ANAWT41929,14,My favorite streamer is kai cenat speed,24.0,positive,2023-2024
stu_EHXGF51692,18,i like pizza,24.0,positive,2023-2024
stu_DKGHS98193,1,a girl,2.0,girl,2023-2024
stu_PSHZT50501,5,I am sleepy person,45.0,neutral,2023-2024
stu_PSHZT50501,5,I am sleepy person,21.0,none,2023-2024
stu_KOIIB68446,3,I like to sleep,31.0,positive,2023-2024
stu_KOIIB68446,3,I like to sleep,24.0,positive,2023-2024
stu_PXDPN73068,4,I have a big ego,45.0,neutral,2023-2024
stu_BESSB35006,11,I like to hangout with my mom and my dad,24.0,positive,2023-2024
stu_BESSB35006,11,I like to hangout with my mom and my dad,12.0,positive,2023-2024
stu_WQGUY90279,13,I hate school,25.0,negative,2023-2024
stu_WQGUY90279,13,I hate school,24.0,negative,2023-2024
stu_HBPKA70291,19,actor,26.0,neutral,2023-2024
stu_BESSB35006,20,i like to go to the beach,24.0,positive,2023-2024
stu_DHTXQ91573,6,I am a students from 6 grades,22.0,sixthgrader,2023-2024
stu_DHTXQ91573,6,I am a students from 6 grades,4.0,child,2023-2024
stu_DHTXQ91573,6,I am a students from 6 grades,14.0,neutral,2023-2024
stu_RNIHY62490,12,I have 10 uncles in my family,12.0,neutral,2023-2024
stu_OMSFY97090,17,im a students,14.0,neutral,2023-2024
stu_KJOZZ30475,6,I workout every week.,29.0,neutral,2023-2024
stu_SULZI60933,6,i like pink,24.0,positive,2023-2024
stu_KCRZD23226,6,I love my family,24.0,positive,2023-2024
stu_KCRZD23226,6,I love my family,12.0,positive,2023-2024
stu_MYCLF44200,2,I play basketball.,29.0,neutral,2023-2024
stu_ECYEC76336,19,I am a wingstop lover,24.0,positive,2023-2024
stu_FUILC09238,11,im smart,43.0,positive,2023-2024
stu_WXAMH04104,17,i like walking,24.0,positive,2023-2024
stu_QFXDD68186,1,I'm a student.,14.0,neutral,2023-2024
stu_EUIXK95276,4,"I'm a student at the [SCHOOL NAME] I love dancing, singing, gym class, Art class, eating food",31.0,positive,2023-2024
stu_EUIXK95276,4,"I'm a student at the [SCHOOL NAME] I love dancing, singing, gym class, Art class, eating food",14.0,neutral,2023-2024
stu_EUIXK95276,4,"I'm a student at the [SCHOOL NAME] I love dancing, singing, gym class, Art class, eating food",24.0,positive,2023-2024
stu_EUIXK95276,4,"I'm a student at the [SCHOOL NAME] I love dancing, singing, gym class, Art class, eating food",26.0,positive,2023-2024
stu_EUIXK95276,4,"I'm a student at the [SCHOOL NAME] I love dancing, singing, gym class, Art class, eating food",29.0,positive,2023-2024
stu_UEDQL23543,12,wanna be a dentist,13.0,neutral,2023-2024
stu_TFTDG28078,13,a dog lover.,24.0,positive,2023-2024
stu_WEADW20158,9,i like playing with my friends,24.0,positive,2023-2024
stu_WEADW20158,9,i like playing with my friends,10.0,positive,2023-2024
stu_EUWJA76858,5,I am a water drinker.,24.0,positive,2023-2024
stu_RDPGG44681,15,I am a really busy person on the weekends,43.0,neutral,2023-2024
stu_RDPGG44681,15,I am a really busy person on the weekends,21.0,none,2023-2024
stu_WDDQQ92015,19,i am a student,14.0,neutral,2023-2024
stu_CDGKD03653,19,i used to play football,29.0,neutral,2023-2024
stu_DJCZE13885,16,I like funny things.,24.0,positive,2023-2024
stu_BESSB35006,16,i have brown hair,35.0,neutral,2023-2024
stu_DKGHS98193,8,i love to play volleyball,29.0,positive,2023-2024
stu_DKGHS98193,8,i love to play volleyball,24.0,positive,2023-2024
stu_WCANG48942,2,I am a student.,14.0,neutral,2023-2024
stu_UHXBA77476,13,I like to do crafts,26.0,positive,2023-2024
stu_UHXBA77476,13,I like to do crafts,24.0,positive,2023-2024
stu_PNNIR08301,2,I speak English.,25.0,neutral,2023-2024
stu_PNNIR08301,2,I speak English.,22.0,speaksenglish,2023-2024
stu_ANQAT24428,12,someone who stands up for myself,44.0,neutral,2023-2024
stu_EUIXK95276,3,"I'm a student at the [SCHOOL NAME], I love dancing, singing, gym class, Art class, eating food",31.0,positive,2023-2024
stu_EUIXK95276,3,"I'm a student at the [SCHOOL NAME], I love dancing, singing, gym class, Art class, eating food",14.0,neutral,2023-2024
stu_EUIXK95276,3,"I'm a student at the [SCHOOL NAME], I love dancing, singing, gym class, Art class, eating food",24.0,positive,2023-2024
stu_EUIXK95276,3,"I'm a student at the [SCHOOL NAME], I love dancing, singing, gym class, Art class, eating food",26.0,positive,2023-2024
stu_EUIXK95276,3,"I'm a student at the [SCHOOL NAME], I love dancing, singing, gym class, Art class, eating food",29.0,positive,2023-2024
stu_NJZBY59884,16,i want too go to the Dr,47.0,neutral,2023-2024
stu_UYUIH18635,3,Im a Music Lover,24.0,positive,2023-2024
stu_QOGPO20181,17,l kinda have curly hair.,35.0,neutral,2023-2024
stu_CWJCN88700,16,I am a sister,12.0,neutral,2023-2024
stu_CWJCN88700,16,I am a sister,2.0,girl,2023-2024
stu_NWVEW24693,12,i love the summer,24.0,positive,2023-2024
stu_WWNBY52737,1,I am a 6th grader.,22.0,sixthgrader,2023-2024
stu_WWNBY52737,1,I am a 6th grader.,14.0,neutral,2023-2024
stu_MXNSF14478,20,I went to [SCOOL NAME].,14.0,neutral,2023-2024
stu_VKCWY07846,19,i have crocs,32.0,none,2023-2024
stu_YPZIM54297,17,I am a spring baby,22.0,born in spring,2023-2024
stu_RFRYE74718,20,I am a skinny person.,35.0,neutral,2023-2024
stu_RFRYE74718,20,I am a skinny person.,21.0,none,2023-2024
stu_VENGZ10475,8,A man,1.0,m,2023-2024
stu_SELBD60428,13,student,14.0,neutral,2023-2024
stu_PSHZT50501,4,I am very nice and funny,44.0,positive,2023-2024
stu_FBOFA96484,13,"i like the soccer players, Benzama and Vini Jr",24.0,positive,2023-2024
stu_EUIXK95276,15,"I'm a student at the [SCHOOL NAME] I love dancing, singing, gym class, Art class, eating food",31.0,positive,2023-2024
stu_EUIXK95276,15,"I'm a student at the [SCHOOL NAME] I love dancing, singing, gym class, Art class, eating food",14.0,neutral,2023-2024
stu_EUIXK95276,15,"I'm a student at the [SCHOOL NAME] I love dancing, singing, gym class, Art class, eating food",24.0,positive,2023-2024
stu_EUIXK95276,15,"I'm a student at the [SCHOOL NAME] I love dancing, singing, gym class, Art class, eating food",26.0,positive,2023-2024
stu_EUIXK95276,15,"I'm a student at the [SCHOOL NAME] I love dancing, singing, gym class, Art class, eating food",29.0,positive,2023-2024
stu_DHTXQ91573,14,I am a students from 6 grades,22.0,sixthgrader,2023-2024
stu_DHTXQ91573,14,I am a students from 6 grades,4.0,child,2023-2024
stu_DHTXQ91573,14,I am a students from 6 grades,14.0,neutral,2023-2024
stu_HXXCS05602,5,i'm a friend,10.0,positive,2023-2024
stu_KOUYR40301,19,I'm a student at [SCHOOL NAME],14.0,neutral,2023-2024
stu_CPVXX19825,9,I like to eat,24.0,positive,2023-2024
stu_ZARRQ26344,4,My favorite color is Black,24.0,positive,2023-2024
stu_NWRRN03456,16,I am 14 years-old.,4.0,14,2023-2024
stu_VGJIS59600,6,My favorite colors are pastel blue and purple,24.0,positive,2023-2024
stu_NYHDW07721,3,A daughter of [FIRST LAST NAME],12.0,neutral,2023-2024
stu_NYHDW07721,3,A daughter of [FIRST LAST NAME],2.0,girl,2023-2024
stu_NWRRC44615,19,i like flowers,24.0,positive,2023-2024
stu_ZQMQQ26810,11,i love food,24.0,positive,2023-2024
stu_TRKWP48352,19,I like seafood,24.0,positive,2023-2024
stu_WQGUY90279,20,A person,21.0,none,2023-2024
stu_PNNIR08301,3,I am a student.,14.0,neutral,2023-2024
stu_KOIIB68446,5,i have 6 Sibilings,12.0,neutral,2023-2024
stu_VKCWY07846,4,im a poet,26.0,neutral,2023-2024
stu_VKCWY07846,4,im a poet,25.0,neutral,2023-2024
stu_QPHPK12517,20,i love my kids,24.0,positive,2023-2024
stu_WRQAA62017,2,I like dogs,24.0,positive,2023-2024
stu_PFDTL78462,13,"My favorite book is Dear Mr. Henshaw, and its sequel, strider.",25.0,positive,2023-2024
stu_PFDTL78462,13,"My favorite book is Dear Mr. Henshaw, and its sequel, strider.",24.0,positive,2023-2024
stu_SJXEZ38047,19,I like flowers n roses,24.0,positive,2023-2024
stu_BJJXN95776,3,I love pizza,24.0,positive,2023-2024
stu_YPZIM54297,9,I am a insperation to my younger peirse,43.0,positive,2023-2024
stu_WZRKM29688,11,i like celtics,24.0,positive,2023-2024
stu_WXAMH04104,16,my favorite sport is soccer,29.0,positive,2023-2024
stu_WXAMH04104,16,my favorite sport is soccer,24.0,positive,2023-2024
stu_KJOZZ30475,7,My favorite food is rice.,24.0,positive,2023-2024
stu_MMNSJ38829,10,I like to listen to Pink.,24.0,positive,2023-2024
stu_VNSDU81090,14,i like games,28.0,positive,2023-2024
stu_VNSDU81090,14,i like games,24.0,positive,2023-2024
stu_CDXSC86692,7,I am a person that likes to go swimming,29.0,positive,2023-2024
stu_CDXSC86692,7,I am a person that likes to go swimming,21.0,none,2023-2024
stu_CDXSC86692,7,I am a person that likes to go swimming,24.0,positive,2023-2024
stu_YXBHV58732,15,I like band,24.0,positive,2023-2024
stu_STIXI97047,15,I am [FIRST NAME].,5.0,none,2023-2024
stu_XCKNQ66212,14,i'm respectful,44.0,positive,2023-2024
stu_TYPZX10676,7,i like when they give second and third chances to answer.,25.0,positive,2023-2024
stu_TYPZX10676,7,i like when they give second and third chances to answer.,24.0,positive,2023-2024
stu_PNNIR08301,18,I am a male.,1.0,m,2023-2024
stu_XHGVP79664,3,a chorus student,26.0,neutral,2023-2024
stu_XHGVP79664,3,a chorus student,14.0,neutral,2023-2024
stu_FQEST23326,17,i am loved,46.0,positive,2023-2024
stu_XSQUV53095,20,I AM [FIRST NAME] A PERSON,21.0,none,2023-2024
stu_XSQUV53095,20,I AM [FIRST NAME] A PERSON,5.0,none,2023-2024
stu_CPVXX19825,14,I talk alot,44.0,neutral,2023-2024
stu_QEGJI54214,5,i am a bean lover,24.0,positive,2023-2024
stu_IGLSS89625,18,fegtyju7i,48.0,none,2023-2024
stu_FHADA27602,20,i dont like playing sports.,29.0,negative,2023-2024
stu_FHADA27602,20,i dont like playing sports.,24.0,negative,2023-2024
stu_LVOOZ80056,9,I am a aunt.,12.0,neutral,2023-2024
stu_LVOOZ80056,9,I am a aunt.,2.0,girl,2023-2024
stu_CHVFQ54169,20,I am black.,6.0,black,2023-2024
stu_JTZYY08754,15,I like to put my phone on DnD,27.0,neutral,2023-2024
stu_JTZYY08754,15,I like to put my phone on DnD,24.0,positive,2023-2024
stu_TYPZX10676,15,i'm a students,14.0,neutral,2023-2024
stu_FQEST23326,13,a great-grandaughter,12.0,neutral,2023-2024
stu_FQEST23326,13,a great-grandaughter,2.0,girl,2023-2024
stu_NRKZA72454,7,I like cookies.,24.0,positive,2023-2024
stu_VOXTG50835,17,i like waering pjs,24.0,positive,2023-2024
stu_BESSB35006,15,i like to read,25.0,positive,2023-2024
stu_BESSB35006,15,i like to read,24.0,positive,2023-2024
stu_CINVJ49388,16,iam in honor,43.0,positive,2023-2024
stu_CINVJ49388,16,iam in honor,14.0,positive,2023-2024
stu_FASQN45304,1,I am someone who's favorite color is red.,24.0,positive,2023-2024
stu_CPAQO78519,16,I am someone who love the outdoors,24.0,positive,2023-2024
stu_CWJCN88700,1,my favorite color is blue or cyan,24.0,positive,2023-2024
stu_CNIFN64507,2,I'm a 12 year old girl,4.0,12,2023-2024
stu_CNIFN64507,2,I'm a 12 year old girl,2.0,girl,2023-2024
stu_EHLZF06092,1,I'm [FIRST NAME],5.0,none,2023-2024
stu_CDXSC86692,11,I am person that want to be great at math,25.0,positive,2023-2024
stu_CDXSC86692,11,I am person that want to be great at math,21.0,none,2023-2024
stu_NJZBY59884,19,i like to go to the mall,31.0,positive,2023-2024
stu_NJZBY59884,19,i like to go to the mall,24.0,positive,2023-2024
stu_EUIXK95276,9,"I'm a student at the [SCHOOL NAME], I love dancing, singing, gym class, Art class, eating food",31.0,positive,2023-2024
stu_EUIXK95276,9,"I'm a student at the [SCHOOL NAME], I love dancing, singing, gym class, Art class, eating food",14.0,neutral,2023-2024
stu_EUIXK95276,9,"I'm a student at the [SCHOOL NAME], I love dancing, singing, gym class, Art class, eating food",24.0,positive,2023-2024
stu_EUIXK95276,9,"I'm a student at the [SCHOOL NAME], I love dancing, singing, gym class, Art class, eating food",26.0,positive,2023-2024
stu_EUIXK95276,9,"I'm a student at the [SCHOOL NAME], I love dancing, singing, gym class, Art class, eating food",29.0,positive,2023-2024
stu_JPMJO86637,16,my fav food Griyo. Fried Pork.,24.0,positive,2023-2024
stu_ABSGH36082,9,I never traveled before,47.0,neutral,2023-2024
stu_DHTXQ91573,20,I am a students from 6 grades,22.0,sixthgrader,2023-2024
stu_DHTXQ91573,20,I am a students from 6 grades,4.0,child,2023-2024
stu_DHTXQ91573,20,I am a students from 6 grades,14.0,neutral,2023-2024
stu_KWLPL21630,17,I love jewelry.,30.0,positive,2023-2024
stu_KWLPL21630,17,I love jewelry.,24.0,positive,2023-2024
stu_LDUML32113,7,im a music listener,24.0,positive,2023-2024
stu_XXEBH66449,12,I am a student,14.0,neutral,2023-2024
stu_EHXGF51692,16,I am a mixed person,6.0,mixed,2023-2024
stu_KOUYR40301,20,I like my friends,24.0,positive,2023-2024
stu_KOUYR40301,20,I like my friends,10.0,positive,2023-2024
stu_JTZYY08754,4,I don't like school,25.0,negative,2023-2024
stu_JTZYY08754,4,I don't like school,24.0,negative,2023-2024
stu_FPTDO32773,20,An ipad kid,27.0,neutral,2023-2024
stu_FPTDO32773,20,An ipad kid,4.0,child,2023-2024
stu_LJAAE92948,3,I'm Cape Verdean,7.0,cape verdean,2023-2024
stu_CHVFQ54169,16,I am love running.,29.0,positive,2023-2024
stu_CHVFQ54169,16,I am love running.,24.0,positive,2023-2024
stu_KOIIB68446,1,I am a girl,2.0,girl,2023-2024
stu_EJIML93711,11,I don't like headphones,24.0,negative,2023-2024
stu_MXNSB23169,5,I like math.,25.0,positive,2023-2024
stu_MXNSB23169,5,I like math.,24.0,positive,2023-2024
stu_YBWGX96937,4,i like ENGLISH ESL,25.0,positive,2023-2024
stu_YBWGX96937,4,i like ENGLISH ESL,24.0,positive,2023-2024
stu_WPVZY01902,17,I like xbox,28.0,positive,2023-2024
stu_WPVZY01902,17,I like xbox,24.0,positive,2023-2024
stu_MKGYA55892,8,phone,48.0,none,2023-2024
stu_OIYXZ27717,15,I am someone who likes food,24.0,positive,2023-2024
stu_XCKNQ66212,17,i'm 13 with alot of money,34.0,rich,2023-2024
stu_XCKNQ66212,17,i'm 13 with alot of money,4.0,13,2023-2024
stu_CTAZU65504,11,I have long curly hair,35.0,neutral,2023-2024
stu_SBUBU63586,16,i am a loving kid,45.0,positive,2023-2024
stu_SBUBU63586,16,i am a loving kid,4.0,child,2023-2024
stu_FBWGP41232,6,"My favorite color is lilac, blue, and purple",24.0,positive,2023-2024
stu_EUWJA76858,8,I like talking to my friends.,24.0,positive,2023-2024
stu_EUWJA76858,8,I like talking to my friends.,10.0,positive,2023-2024
stu_KJOZZ30475,8,I have glasses.,35.0,neutral,2023-2024
stu_JPMJO86637,18,I love my step brother.,24.0,positive,2023-2024
stu_JPMJO86637,18,I love my step brother.,12.0,positive,2023-2024
stu_WWNBY52737,4,I am a clarinetist.,26.0,neutral,2023-2024
stu_CPAQO78519,19,I am someone that plays video games,28.0,neutral,2023-2024
stu_PSHPN85751,19,bye,48.0,none,2023-2024
stu_WBAVA84528,6,i like napz,24.0,positive,2023-2024
stu_CAGAM03126,20,I am a girl.,2.0,girl,2023-2024
stu_VNSDU81090,12,i have friends,10.0,positive,2023-2024
stu_BDAZF88230,10,I am a curious person,45.0,positive,2023-2024
stu_BDAZF88230,10,I am a curious person,21.0,none,2023-2024
stu_TRKWP48352,17,I am a person who likes perfume,30.0,positive,2023-2024
stu_TRKWP48352,17,I am a person who likes perfume,21.0,none,2023-2024
stu_OMSFY97090,20,im a students,14.0,neutral,2023-2024
stu_FNVBP19615,12,I feel like I only have a good support system sometimes.,47.0,neutral,2023-2024
stu_LDUML32113,11,nonchalant,42.0,neutral,2023-2024
stu_CJHBB29429,5,I AM a person that likes to talk,44.0,positive,2023-2024
stu_CJHBB29429,5,I AM a person that likes to talk,21.0,none,2023-2024
stu_CJHBB29429,5,I AM a person that likes to talk,24.0,positive,2023-2024
stu_MTCIM85775,8,I am talented,43.0,positive,2023-2024
stu_SJXEZ38047,11,I have 3 brothers n 4 sisters .,12.0,neutral,2023-2024
stu_FPTDO32773,15,a smart person sometimes,43.0,positive,2023-2024
stu_FPTDO32773,15,a smart person sometimes,21.0,none,2023-2024
stu_MYCLF44200,8,I sit next to [FIRST NAME].,47.0,neutral,2023-2024
stu_QOGPO20181,1,l'm a girl,2.0,girl,2023-2024
stu_PUHUL75671,2,8th grader,22.0,eighthgrader,2023-2024
stu_PUHUL75671,2,8th grader,4.0,child,2023-2024
stu_PUHUL75671,2,8th grader,14.0,neutral,2023-2024
stu_XHPVX80161,3,I am a basketball player,29.0,neutral,2023-2024
stu_MYCLF44200,12,I love God.,24.0,positive,2023-2024
stu_MYCLF44200,12,I love God.,23.0,god,2023-2024
stu_DUOEM76163,20,I'm the smartest person in my family,43.0,positive,2023-2024
stu_DUOEM76163,20,I'm the smartest person in my family,12.0,neutral,2023-2024
stu_DUOEM76163,20,I'm the smartest person in my family,21.0,none,2023-2024
stu_SAOLH99639,17,i went to [SCHOOL],14.0,neutral,2023-2024
stu_CULOH75877,11,I am trustworthy,43.0,positive,2023-2024
stu_QACJQ31561,20,i like bracelets,30.0,positive,2023-2024
stu_QACJQ31561,20,i like bracelets,24.0,positive,2023-2024
stu_TFTDG28078,10,someone responsible,43.0,positive,2023-2024
stu_SELBD60428,18,student,14.0,neutral,2023-2024
stu_SIWRL23181,9,i am a good daughter,40.0,positive,2023-2024
stu_SIWRL23181,9,i am a good daughter,2.0,girl,2023-2024
stu_SIWRL23181,9,i am a good daughter,12.0,neutral,2023-2024
stu_JVLXZ63894,17,[SCHOOL NAME MASCOT],14.0,neutral,2023-2024
stu_PUHUL75671,3,African American/White,6.0,white and african american,2023-2024
stu_STIXI97047,13,I am [FIRST NAME].,5.0,none,2023-2024
stu_PYEUW09959,13,I like to try new foods,24.0,positive,2023-2024
stu_QHOON52054,4,I am 13 years old,4.0,13,2023-2024
stu_TRKWP48352,10,I am someone a person who like flag football,29.0,positive,2023-2024
stu_TRKWP48352,10,I am someone a person who like flag football,21.0,none,2023-2024
stu_TRKWP48352,10,I am someone a person who like flag football,24.0,positive,2023-2024
stu_EJIML93711,6,I like money,24.0,positive,2023-2024
stu_FUILC09238,14,i like social studies,25.0,positive,2023-2024
stu_FUILC09238,14,i like social studies,24.0,positive,2023-2024
stu_YNVPH88845,17,I like volleyball,29.0,positive,2023-2024
stu_YNVPH88845,17,I like volleyball,24.0,positive,2023-2024
stu_SQLXP95993,7,I do things on my own time,48.0,none,2023-2024
stu_MXNSB23169,20,I like your mom.,24.0,positive,2023-2024
stu_TDURA35752,14,I am a good person,40.0,positive,2023-2024
stu_TDURA35752,14,I am a good person,21.0,none,2023-2024
stu_ROULI02103,9,im funny,44.0,positive,2023-2024
stu_IGWBR81023,3,i am cape verdean,7.0,cape verdean,2023-2024
stu_KOIIB68446,16,I have braces,35.0,neutral,2023-2024
stu_UTXBZ05806,12,i am a BOY,2.0,boy,2023-2024
stu_VKCWY07846,3,im Puerto Rican,7.0,puerto rican,2023-2024
stu_WYTLH51489,6,I like to play video games,28.0,positive,2023-2024
stu_WYTLH51489,6,I like to play video games,24.0,positive,2023-2024
stu_CPAQO78519,4,I am someone who funny,44.0,positive,2023-2024
stu_OFAWH83528,5,i like to watch sss,27.0,positive,2023-2024
stu_OFAWH83528,5,i like to watch sss,24.0,positive,2023-2024
stu_CAGAM03126,5,I am a trilingual person.,25.0,neutral,2023-2024
stu_CAGAM03126,5,I am a trilingual person.,22.0,trilingual,2023-2024
stu_TSQUQ54202,11,I speak English.,25.0,neutral,2023-2024
stu_TSQUQ54202,11,I speak English.,22.0,speaksenglish,2023-2024
stu_WPVZY01902,14,I likie play dough,24.0,positive,2023-2024
stu_SOWGI28002,1,I am someone who likes the color cherry red,24.0,positive,2023-2024
stu_EUWJA76858,19,I like gym class.,29.0,positive,2023-2024
stu_EUWJA76858,19,I like gym class.,14.0,neutral,2023-2024
stu_EUWJA76858,19,I like gym class.,24.0,positive,2023-2024
stu_LNFOE66635,12,nice friend,44.0,positive,2023-2024
stu_LNFOE66635,12,nice friend,10.0,positive,2023-2024
stu_YXJEP22115,14,I am good at track,29.0,positive,2023-2024
stu_BCRYB29652,9,I'm like game,28.0,positive,2023-2024
stu_BCRYB29652,9,I'm like game,24.0,positive,2023-2024
stu_VTRUH97046,12,My birthday is [DATE],22.0,birthday,2023-2024
stu_WQGUY90279,9,I like going outside,31.0,positive,2023-2024
stu_WQGUY90279,9,I like going outside,24.0,positive,2023-2024
stu_KOIIB68446,8,In like eating takis,24.0,positive,2023-2024
stu_XKMAG80800,17,I am a mothers son.,12.0,neutral,2023-2024
stu_XKMAG80800,17,I am a mothers son.,2.0,boy,2023-2024
stu_ZUARE93356,14,I like to travel,31.0,positive,2023-2024
stu_ZUARE93356,14,I like to travel,24.0,positive,2023-2024
stu_VFKRH03938,20,i love my phone,27.0,positive,2023-2024
stu_VFKRH03938,20,i love my phone,24.0,positive,2023-2024
stu_LTSJK02079,6,My favorite number is 1,24.0,positive,2023-2024
stu_JOKOV89559,13,I am someone who loves being annoying to my sister,24.0,positive,2023-2024
stu_JOKOV89559,13,I am someone who loves being annoying to my sister,12.0,positive,2023-2024
stu_MXNSF14478,2,I like the color grey and rose,24.0,positive,2023-2024
stu_KFYJM61476,18,My favorite animal is a snake.,24.0,positive,2023-2024
stu_VUNQZ79892,7,im a hardworker,41.0,positive,2023-2024
stu_DKGHS98193,17,my fav subject in skl is gym,29.0,positive,2023-2024
stu_DKGHS98193,17,my fav subject in skl is gym,14.0,neutral,2023-2024
stu_DKGHS98193,17,my fav subject in skl is gym,24.0,positive,2023-2024
stu_UAFAK64772,1,A girl,2.0,girl,2023-2024
stu_ZARRQ26344,2,i am 12 year old,4.0,12,2023-2024
stu_VKCWY07846,11,i am 12,4.0,12,2023-2024
stu_CQRFU18177,19,I like coloring,26.0,positive,2023-2024
stu_CQRFU18177,19,I like coloring,24.0,positive,2023-2024
stu_CQRFU18177,8,I don't like when someone is being mean to me,44.0,negative,2023-2024
stu_CQRFU18177,8,I don't like when someone is being mean to me,24.0,negative,2023-2024
stu_SOWGI28002,9,I am someone who loves to learn german,25.0,positive,2023-2024
stu_SOWGI28002,9,I am someone who loves to learn german,24.0,positive,2023-2024
stu_VQFBG95862,4,i am a kind person,44.0,positive,2023-2024
stu_VQFBG95862,4,i am a kind person,21.0,none,2023-2024
stu_UTXBZ05806,6,i am someone who likes real Madrid the team in soccer.,24.0,positive,2023-2024
stu_QHOON52054,10,I am loved by a bunch of people,46.0,positive,2023-2024
stu_LKAAV41369,8,I like singing,26.0,positive,2023-2024
stu_LKAAV41369,8,I like singing,24.0,positive,2023-2024
stu_VOXTG50835,3,I sturggle with math,25.0,negative,2023-2024
stu_SBUBU63586,12,i am cool,46.0,positive,2023-2024
stu_UAFAK64772,3,tall,35.0,neutral,2023-2024
stu_DUOEM76163,17,I like Starwars,24.0,positive,2023-2024
stu_FSPCV10901,12,I have black hair.,35.0,neutral,2023-2024
stu_MKGYA55892,2,a teeneger,22.0,teenager,2023-2024
stu_BCRYB29652,1,I am a boy,2.0,boy,2023-2024
stu_CDGKD03653,4,i play fortnite,28.0,neutral,2023-2024
stu_VFKRH03938,18,i love nice views,24.0,positive,2023-2024
stu_XCKNQ66212,8,i'm straight,3.0,straight,2023-2024
stu_SJNFF34466,7,i have a sister and twin,12.0,neutral,2023-2024
stu_FHADA27602,5,i am a student at [SCHOOL NAME].,14.0,neutral,2023-2024
stu_ZARRQ26344,18,I like strawberry ice cream,24.0,positive,2023-2024
stu_OQLOS45541,10,I am bilingual.,25.0,neutral,2023-2024
stu_OQLOS45541,10,I am bilingual.,22.0,bilingual,2023-2024
stu_KWLPL21630,14,I like braid in my hair but with only my natural hair.,30.0,positive,2023-2024
stu_KWLPL21630,14,I like braid in my hair but with only my natural hair.,24.0,positive,2023-2024
stu_BJJXN95776,12,I am in [SCHOOL NAME] junior honors society,43.0,positive,2023-2024
stu_BJJXN95776,12,I am in [SCHOOL NAME] junior honors society,14.0,positive,2023-2024
stu_IIOVZ06372,13,I dont really like school,25.0,negative,2023-2024
stu_IIOVZ06372,13,I dont really like school,24.0,negative,2023-2024
stu_YXBHV58732,16,I like,48.0,none,2023-2024
stu_SJXEZ38047,4,I like track,29.0,positive,2023-2024
stu_SJXEZ38047,4,I like track,24.0,positive,2023-2024
stu_PJCOJ15115,3,I am a athlete,29.0,neutral,2023-2024
stu_CWQDV67579,4,I am short,35.0,neutral,2023-2024
stu_MZIVN56293,16,i was in bachwe,48.0,none,2023-2024
stu_IKUOQ66846,17,I like walk,24.0,positive,2023-2024
stu_NYHDW07721,1,[FIRST LAST NAME],5.0,none,2023-2024
stu_DERZZ01872,17,I like math games,25.0,positive,2023-2024
stu_DERZZ01872,17,I like math games,24.0,positive,2023-2024
stu_AHWRN95528,6,I am someone who likes lasagna,24.0,positive,2023-2024
stu_VGJIS59600,10,I really like to eat sweets,24.0,positive,2023-2024
stu_NMWSA27732,4,"I was born in brasil, Sao paulo",7.0,brazilian,2023-2024
stu_XUDYN03051,4,I like to play video games,28.0,positive,2023-2024
stu_XUDYN03051,4,I like to play video games,24.0,positive,2023-2024
stu_PUNZK45438,19,i like to do team work,24.0,positive,2023-2024
stu_UTXBZ05806,9,and i was born at [DATE],48.0,none,2023-2024
stu_KCDEU07486,2,I wear glasses,35.0,neutral,2023-2024
stu_JOVOI38701,18,I am someone who likes steak.,24.0,positive,2023-2024
stu_WYTLH51489,10,I'm an organized person,42.0,positive,2023-2024
stu_WYTLH51489,10,I'm an organized person,21.0,none,2023-2024
stu_IGWBR81023,14,my favorite subject is english,25.0,positive,2023-2024
stu_IGWBR81023,14,my favorite subject is english,14.0,neutal,2023-2024
stu_IGWBR81023,14,my favorite subject is english,24.0,positive,2023-2024
stu_SJXEZ38047,5,My favorite color is pink n gold,24.0,positive,2023-2024
stu_ANQAT24428,3,somebody who is a younger sister,12.0,neutral,2023-2024
stu_ANQAT24428,3,somebody who is a younger sister,2.0,girl,2023-2024
stu_FBWGP41232,18,I'm really tired,47.0,negative,2023-2024
stu_LNFOE66635,19,i challenge my self,41.0,positive,2023-2024
stu_WBAVA84528,8,i like the taco bell mountain dew baja blast,24.0,positive,2023-2024
stu_THKBG93560,15,I'm in 6th. Grade,22.0,sixthgrader,2023-2024
stu_THKBG93560,15,I'm in 6th. Grade,4.0,child,2023-2024
stu_THKBG93560,15,I'm in 6th. Grade,14.0,neutral,2023-2024
stu_MIJEQ06664,3,I am kind,44.0,positive,2023-2024
stu_FQKSK24193,9,i like playing stuff in school,44.0,positive,2023-2024
stu_FQKSK24193,9,i like playing stuff in school,14.0,neutal,2023-2024
stu_FQKSK24193,9,i like playing stuff in school,24.0,positive,2023-2024
stu_WBAVA84528,15,i like going to the store,31.0,positive,2023-2024
stu_WBAVA84528,15,i like going to the store,24.0,positive,2023-2024
stu_YXBHV58732,18,I like the school bus,24.0,positive,2023-2024
stu_IKUOQ66846,15,I try my hard in every thing,41.0,positive,2023-2024
stu_RDPGG44681,7,I love dogs,24.0,positive,2023-2024
stu_NRKZA72454,15,I only like some of my teachers.,26.0,positive,2023-2024
stu_NRKZA72454,15,I only like some of my teachers.,24.0,positive,2023-2024
stu_DZJHT48666,6,I like to draw,26.0,positive,2023-2024
stu_DZJHT48666,6,I like to draw,24.0,positive,2023-2024
stu_TYPZX10676,2,I like to play games,28.0,positive,2023-2024
stu_TYPZX10676,2,I like to play games,24.0,positive,2023-2024
stu_OFAWH83528,10,i like to do flips,29.0,positive,2023-2024
stu_OFAWH83528,10,i like to do flips,24.0,positive,2023-2024
stu_KCDEU07486,11,I am the middle child,12.0,neutral,2023-2024
stu_KCDEU07486,11,I am the middle child,4.0,child,2023-2024
stu_IKUOQ66846,10,trustworthy,43.0,positive,2023-2024
stu_LJAAE92948,10,My favorite color is blue,24.0,positive,2023-2024
stu_ANAWT41929,18,I love getting new hairstyle,30.0,positive,2023-2024
stu_ANAWT41929,18,I love getting new hairstyle,24.0,positive,2023-2024
stu_WXAMH04104,15,i have 3 sisters,12.0,neutral,2023-2024
stu_CQRFU18177,16,I can make my friend laugh,47.0,positive,2023-2024
stu_CQRFU18177,16,I can make my friend laugh,10.0,positive,2023-2024
stu_DZJHT48666,7,I'm the youngest out of my siblings,12.0,neutral,2023-2024
stu_YBWGX96937,17,i like red,24.0,positive,2023-2024
stu_ERQCY81201,1,I am a hardworking student,41.0,positive,2023-2024
stu_ERQCY81201,1,I am a hardworking student,14.0,positive,2023-2024
stu_YXJEP22115,20,I am a good person,40.0,positive,2023-2024
stu_YXJEP22115,20,I am a good person,21.0,none,2023-2024
stu_ORUUL82324,1,I'm 11 years old,4.0,11,2023-2024
stu_RUZUK44953,13,I am a person who prefers summer.,24.0,positive,2023-2024
stu_RUZUK44953,13,I am a person who prefers summer.,21.0,none,2023-2024
stu_VTRUH97046,9,I love volleyball.,29.0,positive,2023-2024
stu_VTRUH97046,9,I love volleyball.,24.0,positive,2023-2024
stu_QCKDZ64012,19,im smart,43.0,positive,2023-2024
stu_CETOG17008,3,black,6.0,black,2023-2024
stu_RDOVU20570,18,I am a person who is shy,44.0,positive,2023-2024
stu_RDOVU20570,18,I am a person who is shy,21.0,none,2023-2024
stu_QZOUO83023,12,I love my family,24.0,positive,2023-2024
stu_QZOUO83023,12,I love my family,12.0,positive,2023-2024
stu_MTCIM85775,18,A good observer,44.0,positive,2023-2024
stu_BDAZF88230,6,I am someone who will be successful,41.0,positive,2023-2024
stu_PKXZK94759,10,I'm somebody who likes to use Pintrest,27.0,positive,2023-2024
stu_PKXZK94759,10,I'm somebody who likes to use Pintrest,24.0,positive,2023-2024
stu_EJIML93711,7,I don't like to write,25.0,negative,2023-2024
stu_EJIML93711,7,I don't like to write,24.0,negative,2023-2024
stu_ZQMQQ26810,17,i love clothes,30.0,positive,2023-2024
stu_ZQMQQ26810,17,i love clothes,24.0,positive,2023-2024
stu_TYPZX10676,18,i love to travel.,31.0,positive,2023-2024
stu_TYPZX10676,18,i love to travel.,24.0,positive,2023-2024
stu_WQGUY90279,8,My favorite color is red,24.0,positive,2023-2024
stu_BJJXN95776,19,I love puzzles,24.0,positive,2023-2024
stu_WQGUY90279,6,I play video games,28.0,neutral,2023-2024
stu_SELBD60428,2,[FIRST LAST NAME],5.0,none,2023-2024
stu_WWNBY52737,12,I am tan.,35.0,neutral,2023-2024
stu_FQKSK24193,6,i have a b in math,25.0,neutral,2023-2024
stu_KOUYR40301,2,i like [TEACHER]'s class,24.0,positive,2023-2024
stu_KOUYR40301,2,i like [TEACHER]'s class,14.0,positive,2023-2024
stu_YSQPA55709,19,i have blonde hair,35.0,neutral,2023-2024
stu_UEDQL23543,18,i speak creole,25.0,neutral,2023-2024
stu_UEDQL23543,18,i speak creole,22.0,speakscreole,2023-2024
stu_QPHPK12517,5,kind,44.0,positive,2023-2024
stu_YBWGX96937,3,i like book,25.0,positive,2023-2024
stu_YBWGX96937,3,i like book,24.0,positive,2023-2024
stu_FWPPR22255,17,I got a lot a lot of friends,10.0,positive,2023-2024
stu_OCRTY88035,10,I am someone that loves the color red and blue.,24.0,positive,2023-2024
stu_XUDYN03051,13,I get mad easily,45.0,neutral,2023-2024
stu_DJCZE13885,14,I like sherbet.,24.0,positive,2023-2024
stu_WAWDW95831,6,I am good at soccer.,29.0,positive,2023-2024
stu_PSHZT50501,18,I am a strong person,35.0,neutral,2023-2024
stu_PSHZT50501,18,I am a strong person,21.0,none,2023-2024
stu_STIXI97047,6,I am [FIRST NAME].,5.0,none,2023-2024
stu_HXXCS05602,16,i'm good a dancing,26.0,positive,2023-2024
stu_QEGJI54214,8,i am a cat lover,24.0,positive,2023-2024
stu_EUWJA76858,14,I like doing my hair.,30.0,positive,2023-2024
stu_EUWJA76858,14,I like doing my hair.,24.0,positive,2023-2024
stu_BCRYB29652,7,I like cats,24.0,positive,2023-2024
stu_LDUML32113,12,i like nature,24.0,positive,2023-2024
stu_LTSJK02079,3,I like rocks,24.0,positive,2023-2024
stu_WZRKM29688,5,i like cod,24.0,positive,2023-2024
stu_STIXI97047,18,I am [LAST NAME] .,5.0,none,2023-2024
stu_WXAMH04104,8,i like video games,28.0,positive,2023-2024
stu_WXAMH04104,8,i like video games,24.0,positive,2023-2024
stu_CHVFQ54169,8,My fav food is French fry.,24.0,positive,2023-2024
stu_SOWGI28002,5,I am someone who loves fanta,24.0,positive,2023-2024
stu_BDAZF88230,3,I am a mathematician,25.0,positive,2023-2024
stu_MXNSB23169,1,I am [FIRST NAME].,5.0,none,2023-2024
stu_SQLXP95993,11,I like to do my hair,30.0,positive,2023-2024
stu_SQLXP95993,11,I like to do my hair,24.0,positive,2023-2024
stu_ANQAT24428,11,someone who likes ice cream,24.0,positive,2023-2024
stu_DERZZ01872,8,I have good grades.,43.0,positive,2023-2024
stu_DERZZ01872,8,I have good grades.,14.0,positive,2023-2024
stu_DERZZ01872,8,I have good grades.,25.0,positive,2023-2024
stu_PNNIR08301,8,I like the color green.,24.0,positive,2023-2024
stu_JTZYY08754,7,don't care about anything but me,44.0,neutral,2023-2024
stu_TSQUQ54202,17,I am the third oldest kid.,12.0,neutral,2023-2024
stu_TSQUQ54202,17,I am the third oldest kid.,4.0,child,2023-2024
stu_YGBLH44260,10,I get very stressed when I am confused.,45.0,negative,2023-2024
stu_YXBHV58732,20,I like science,25.0,positive,2023-2024
stu_YXBHV58732,20,I like science,24.0,positive,2023-2024
stu_VENGZ10475,1,A child,4.0,child,2023-2024
stu_TRKWP48352,15,I am a person who likes to were bracelets sometimes,30.0,neutral,2023-2024
stu_TRKWP48352,15,I am a person who likes to were bracelets sometimes,21.0,none,2023-2024
stu_DHTXQ91573,4,I am a students from 6 gradesom,22.0,sixthgrader,2023-2024
stu_DHTXQ91573,4,I am a students from 6 gradesom,4.0,child,2023-2024
stu_DHTXQ91573,4,I am a students from 6 gradesom,14.0,neutral,2023-2024
stu_IZQGI75719,15,i like hanging out with my friends,31.0,positive,2023-2024
stu_IZQGI75719,15,i like hanging out with my friends,10.0,positive,2023-2024
stu_IZQGI75719,15,i like hanging out with my friends,24.0,positive,2023-2024
stu_WWNBY52737,20,I am the best person I know.,40.0,positive,2023-2024
stu_MYCLF44200,17,I like nike.,24.0,positive,2023-2024
stu_WHBZD81732,17,no,48.0,none,2023-2024
stu_OIYXZ27717,7,I am someone who like roller skating,29.0,positive,2023-2024
stu_OIYXZ27717,7,I am someone who like roller skating,24.0,positive,2023-2024
stu_IDHIE84911,4,am fonny,44.0,positive,2023-2024
stu_TFTDG28078,8,a puerto rican girl.,7.0,puertorican,2023-2024
stu_TFTDG28078,8,a puerto rican girl.,2.0,girl,2023-2024
stu_MIJEQ06664,18,I like my school,24.0,positive,2023-2024
stu_MIJEQ06664,18,I like my school,14.0,positive,2023-2024
stu_SELBD60428,3,[FIRST LAST NAME],5.0,none,2023-2024
stu_CNIXS57234,14,I have a cat and kittins,32.0,none,2023-2024
stu_RFRYE74718,19,I am a writer,25.0,neutral,2023-2024
stu_KCRZD23226,13,I like eat icream,24.0,positive,2023-2024
stu_MMZHT88458,6,i love anime very much,24.0,positive,2023-2024
stu_VFKRH03938,9,i love celtics games,24.0,positive,2023-2024
stu_NRKZA72454,20,I suck at basketball,29.0,negative,2023-2024
stu_NMWSA27732,7,my favorite color is blue,24.0,positive,2023-2024
stu_WAFQN21754,1,A student,14.0,neutral,2023-2024
stu_YXBHV58732,13,I like school filtrips,24.0,positive,2023-2024
stu_YXBHV58732,13,I like school filtrips,14.0,positive,2023-2024
stu_MXNSF14478,14,I love asian drinks and water,24.0,positive,2023-2024
stu_DUOEM76163,5,I'm part Greek and Italian.,7.0,greek and italian,2023-2024
stu_THKBG93560,13,I have Brown. Eyes,35.0,neutral,2023-2024
stu_IGLSS89625,13,rvfgth,48.0,none,2023-2024
stu_XXEBH66449,20,I am a student,14.0,neutral,2023-2024
stu_YXJEP22115,17,I am smart,43.0,positive,2023-2024
stu_PYEUW09959,1,I am smart,43.0,positive,2023-2024
stu_WCANG48942,3,I sometimes like Math.,25.0,positive,2023-2024
stu_WCANG48942,3,I sometimes like Math.,24.0,positive,2023-2024
stu_WBAVA84528,13,i'm a youtuber @[USERNAME],27.0,neutral,2023-2024
stu_WBAVA84528,13,i'm a youtuber @[USERNAME],5.0,none,2023-2024
stu_WXAMH04104,20,im the youngest child,4.0,child,2023-2024
stu_HVWUJ52450,11,i like cod,24.0,positive,2023-2024
stu_LVOOZ80056,7,I am student.,14.0,neutral,2023-2024
stu_PSHPN85751,7,add nme on fortnite [USERNAME],28.0,neutral,2023-2024
stu_PSHPN85751,7,add nme on fortnite [USERNAME],5.0,none,2023-2024
stu_MRIWT64391,16,i like games,28.0,positive,2023-2024
stu_MRIWT64391,16,i like games,24.0,positive,2023-2024
stu_WRQAA62017,10,I am funny,44.0,positive,2023-2024
stu_QOGPO20181,12,l like to do cartwheels sometimes,29.0,positive,2023-2024
stu_QOGPO20181,12,l like to do cartwheels sometimes,24.0,positive,2023-2024
stu_SOWGI28002,15,I am someone who loves lip gloss,30.0,positive,2023-2024
stu_SOWGI28002,15,I am someone who loves lip gloss,24.0,positive,2023-2024
stu_PYEUW09959,8,I like to eat,24.0,positive,2023-2024
stu_KOIIB68446,19,I like playing with my brothers hair,24.0,positive,2023-2024
stu_KOIIB68446,19,I like playing with my brothers hair,12.0,neutral,2023-2024
stu_EJIML93711,18,I like my phone,27.0,positive,2023-2024
stu_EJIML93711,18,I like my phone,24.0,positive,2023-2024
stu_NWRRC44615,9,i am in 6th grade,22.0,sixthgrader,2023-2024
stu_NWRRC44615,9,i am in 6th grade,14.0,neutral,2023-2024
stu_CULOH75877,19,I like the beach,24.0,positive,2023-2024
stu_CJHBB29429,2,i am a person that likes to eat,24.0,positive,2023-2024
stu_CJHBB29429,2,i am a person that likes to eat,21.0,none,2023-2024
stu_UYFTQ45542,1,A speedstar,48.0,none,2023-2024
stu_KWMWG76590,19,i am cool,46.0,positive,2023-2024
stu_TYPZX10676,14,i'm haitian,7.0,haitian,2023-2024
stu_KFYJM61476,12,I like to play games.,28.0,positive,2023-2024
stu_KFYJM61476,12,I like to play games.,24.0,positive,2023-2024
stu_QACJQ31561,16,im 5'1 in a half,35.0,neutral,2023-2024
stu_CHVFQ54169,2,I love staying up late,24.0,positive,2023-2024
stu_XUDYN03051,2,I am short,35.0,neutral,2023-2024
stu_LTSJK02079,16,my favorite candy is Reese's,24.0,positive,2023-2024
stu_CLLRZ76280,7,I like to go to theme parks in summer,31.0,positive,2023-2024
stu_CLLRZ76280,7,I like to go to theme parks in summer,24.0,positive,2023-2024
stu_HLKZL24322,13,a sixth grader,22.0,sixthgrader,2023-2024
stu_HLKZL24322,13,a sixth grader,4.0,child,2023-2024
stu_HLKZL24322,13,a sixth grader,14.0,neutral,2023-2024
stu_KJOZZ30475,9,My hair is dyed to be pink but now is blonde.,35.0,neutral,2023-2024
stu_NZWIU92234,17,I love the color pink,24.0,positive,2023-2024
stu_FQKSK24193,4,i am a middle child,12.0,neutral,2023-2024
stu_FQKSK24193,4,i am a middle child,4.0,child,2023-2024
stu_UYUIH18635,1,Im a 6th grade student,22.0,sixthgrader,2023-2024
stu_UYUIH18635,1,Im a 6th grade student,14.0,neutral,2023-2024
stu_EHLZF06092,14,I love basketballl,29.0,positive,2023-2024
stu_EHLZF06092,14,I love basketballl,24.0,positive,2023-2024
stu_YGBLH44260,9,I like to get straight to the point in things.,45.0,positive,2023-2024
stu_YGBLH44260,9,I like to get straight to the point in things.,24.0,positive,2023-2024
stu_WRQAA62017,12,I like games,28.0,positive,2023-2024
stu_WRQAA62017,12,I like games,24.0,positive,2023-2024
stu_QZOUO83023,2,i play basketball,29.0,neutral,2023-2024
stu_WZRKM29688,17,i have 3 cats and a chinchilla,32.0,none,2023-2024
stu_ERQCY81201,19,I am a girl who has a cat,32.0,none,2023-2024
stu_ERQCY81201,19,I am a girl who has a cat,2.0,girl,2023-2024
stu_WAWDW95831,16,I love soccer tennis.,29.0,positive,2023-2024
stu_WAWDW95831,16,I love soccer tennis.,24.0,positive,2023-2024
stu_DKGHS98193,19,im from dorchester,9.0,city,2023-2024
stu_OFAWH83528,6,i play video games,28.0,positive,2023-2024
stu_JOVOI38701,10,I am a person who likes to play soccer.,29.0,positive,2023-2024
stu_JOVOI38701,10,I am a person who likes to play soccer.,21.0,none,2023-2024
stu_JOVOI38701,10,I am a person who likes to play soccer.,24.0,positive,2023-2024
stu_UHXBA77476,16,I used to play soccer,29.0,neutral,2023-2024
stu_WCANG48942,10,I am an all honors student =),43.0,positive,2023-2024
stu_WCANG48942,10,I am an all honors student =),14.0,positive,2023-2024
stu_HBPKA70291,15,love my dad,24.0,positive,2023-2024
stu_HBPKA70291,15,love my dad,12.0,positive,2023-2024
stu_CPBCK00658,2,I like to stay at home,31.0,positive,2023-2024
stu_CPBCK00658,2,I like to stay at home,24.0,positive,2023-2024
stu_HMQRZ27503,2,I am soccer players,29.0,neutral,2023-2024
stu_DKGHS98193,6,i like having my hair done,30.0,positive,2023-2024
stu_DKGHS98193,6,i like having my hair done,24.0,positive,2023-2024
stu_UEDQL23543,5,i played soccer/ cross-country,29.0,neutral,2023-2024
stu_MKEGQ97127,10,I'm a girl how loves jewlery,30.0,positive,2023-2024
stu_MKEGQ97127,10,I'm a girl how loves jewlery,2.0,girl,2023-2024
stu_MKEGQ97127,10,I'm a girl how loves jewlery,24.0,positive,2023-2024
stu_JUQPD47363,5,I am allergic to everything.,36.0,negative,2023-2024
stu_WTRMC77187,8,I play games like space flight simulator,28.0,neutral,2023-2024
stu_MTCIM85775,6,I am smart,43.0,positive,2023-2024
stu_DUOEM76163,1,I am a boy,2.0,boy,2023-2024
stu_OFWAG94272,19,i like golf,29.0,positive,2023-2024
stu_OFWAG94272,19,i like golf,24.0,positive,2023-2024
stu_GCHCS91000,16,i am a ronilson lover,24.0,positive,2023-2024
stu_SJXEZ38047,10,I went to Cape Verde on [DATE],11.0,neutral,2023-2024
stu_UTXBZ05806,2,i am the middle child,12.0,neutral,2023-2024
stu_UTXBZ05806,2,i am the middle child,4.0,child,2023-2024
stu_QACJQ31561,7,i love to play games,28.0,positive,2023-2024
stu_QACJQ31561,7,i love to play games,24.0,positive,2023-2024
stu_ZARRQ26344,17,my favorite actor is Garrett Hedlund and Pedro pascal,24.0,positive,2023-2024
stu_JTZYY08754,14,I like my phone,27.0,positive,2023-2024
stu_JTZYY08754,14,I like my phone,24.0,positive,2023-2024
stu_IGWBR81023,10,my favorite show is greys anatomy,24.0,positive,2023-2024
stu_FBOFA96484,11,"i like the soccer team, Real marid",24.0,positive,2023-2024
stu_XHGVP79664,13,my favorite color is blue,24.0,positive,2023-2024
stu_QOGPO20181,3,l'm 5'4,35.0,neutral,2023-2024
stu_CLLRZ76280,17,I like having vacations,24.0,positive,2023-2024
stu_IZQGI75719,19,i like bike riding,29.0,positive,2023-2024
stu_IZQGI75719,19,i like bike riding,24.0,positive,2023-2024
stu_WHBZD81732,5,i dont like homework,25.0,negative,2023-2024
stu_WHBZD81732,5,i dont like homework,24.0,negative,2023-2024
stu_NZWIU92234,16,I like english class,25.0,positive,2023-2024
stu_NZWIU92234,16,I like english class,24.0,positive,2023-2024
stu_IKUOQ66846,7,I want be a NFL player,13.0,neutral,2023-2024
stu_FTOYB42084,1,8th grade student,22.0,eighthgrader,2023-2024
stu_FTOYB42084,1,8th grade student,4.0,child,2023-2024
stu_FTOYB42084,1,8th grade student,14.0,neutral,2023-2024
stu_HVWUJ52450,4,I like colors,24.0,positive,2023-2024
stu_NRKZA72454,5,"I like food, but certain kinds.",24.0,positive,2023-2024
stu_NWRRC44615,15,i like playing outside,24.0,positive,2023-2024
stu_KOIIB68446,15,i love shoes,24.0,positive,2023-2024
stu_RUBQU39803,15,"i am a chick-fla-a lover, and mcdonalds lover",24.0,positive,2023-2024
stu_KWLPL21630,19,I like to collect new things.,31.0,positive,2023-2024
stu_KWLPL21630,19,I like to collect new things.,24.0,positive,2023-2024
stu_FWPPR22255,5,I am smart,43.0,positive,2023-2024
stu_MMNSJ38829,19,I like light pink.,24.0,positive,2023-2024
stu_CAGAM03126,6,I am a person who likes food.,24.0,positive,2023-2024
stu_CAGAM03126,6,I am a person who likes food.,21.0,none,2023-2024
stu_UJNMI16598,2,Sister,12.0,neutral,2023-2024
stu_UJNMI16598,2,Sister,2.0,girl,2023-2024
stu_XUDYN03051,14,I love my parents,24.0,positive,2023-2024
stu_XUDYN03051,14,I love my parents,12.0,positive,2023-2024
stu_DERZZ01872,3,I only speak English,25.0,neutral,2023-2024
stu_DERZZ01872,3,I only speak English,22.0,speaksenglish,2023-2024
stu_CHVFQ54169,7,I love eating.,31.0,positive,2023-2024
stu_CHVFQ54169,7,I love eating.,24.0,positive,2023-2024
stu_CAGAM03126,16,I am a person who has a crush on someone.,21.0,none,2023-2024
stu_CAGAM03126,16,I am a person who has a crush on someone.,11.0,neutral,2023-2024
stu_HEPWQ98561,20,i like the summer,24.0,positive,2023-2024
stu_CNIXS57234,19,I have a dog,32.0,none,2023-2024
stu_UEVQJ25414,2,im black,6.0,black,2023-2024
stu_PJCOJ15115,9,I am a math hater,25.0,negative,2023-2024
stu_PJCOJ15115,9,I am a math hater,24.0,negative,2023-2024
stu_WWNBY52737,18,I am in art club.,18.0,art club,2023-2024
stu_OCRTY88035,12,I am someone that loves my dad,35.0,neutral,2023-2024
stu_MZIVN56293,8,i have black hair,35.0,neutral,2023-2024
stu_BESSB35006,9,Im funny,44.0,positive,2023-2024
stu_UHXBA77476,9,I like to swim,29.0,positive,2023-2024
stu_UHXBA77476,9,I like to swim,24.0,positive,2023-2024
stu_JERPG96865,8,i like motorcycles,24.0,positive,2023-2024
stu_EUIXK95276,1,"I'm a student at the [SCHOOL NAME], I love dancing, singing, gym class, Art class, eating food",31.0,positive,2023-2024
stu_EUIXK95276,1,"I'm a student at the [SCHOOL NAME], I love dancing, singing, gym class, Art class, eating food",14.0,neutral,2023-2024
stu_EUIXK95276,1,"I'm a student at the [SCHOOL NAME], I love dancing, singing, gym class, Art class, eating food",24.0,positive,2023-2024
stu_EUIXK95276,1,"I'm a student at the [SCHOOL NAME], I love dancing, singing, gym class, Art class, eating food",26.0,positive,2023-2024
stu_EUIXK95276,1,"I'm a student at the [SCHOOL NAME], I love dancing, singing, gym class, Art class, eating food",29.0,positive,2023-2024
stu_CDGKD03653,12,i wear jordans,32.0,none,2023-2024
stu_AQNHF52456,17,i work in comstrution with my father,13.0,neutral,2023-2024
stu_AQNHF52456,17,i work in comstrution with my father,12.0,neutral,2023-2024
stu_HEPWQ98561,10,i am a person that wants to do cosmetology,21.0,neutral,2023-2024
stu_HEPWQ98561,10,i am a person that wants to do cosmetology,13.0,neutral,2023-2024
stu_DKGHS98193,11,i have curly hair,35.0,neutral,2023-2024
stu_NRKZA72454,6,Sleep is my best friend.,24.0,positive,2023-2024
stu_TRKWP48352,16,I am a person who runs fast,29.0,positive,2023-2024
stu_LNFOE66635,6,chill,45.0,positive,2023-2024
stu_QZOUO83023,16,I like taking brakes,45.0,positive,2023-2024
stu_QZOUO83023,16,I like taking brakes,24.0,positive,2023-2024
stu_WYTLH51489,17,I like to hang out with my family,24.0,positive,2023-2024
stu_WYTLH51489,17,I like to hang out with my family,12.0,positive,2023-2024
stu_SJXEZ38047,20,I love how the valentino perfume smells like .,24.0,positive,2023-2024
stu_WCANG48942,8,I am Haitian =),7.0,haitian,2023-2024
stu_XHPVX80161,1,I am dominican,7.0,dominican,2023-2024
stu_SAOLH99639,20,i eat food,31.0,neutral,2023-2024
stu_JUQPD47363,7,I am a bestfriend.,10.0,positive,2023-2024
stu_HXXCS05602,3,i'm bilingual,12.0,neutral,2023-2024
stu_HXXCS05602,3,i'm bilingual,4.0,child,2023-2024
stu_PSHZT50501,6,I am the youngest child of my family,12.0,neutral,2023-2024
stu_PSHZT50501,6,I am the youngest child of my family,4.0,child,2023-2024
stu_CQRFU18177,15,I like gaming setup's,28.0,positive,2023-2024
stu_CQRFU18177,15,I like gaming setup's,24.0,positive,2023-2024
stu_CULOH75877,14,I play soccer,29.0,neutral,2023-2024
stu_VENGZ10475,4,A sophisticated person,44.0,positive,2023-2024
stu_VENGZ10475,4,A sophisticated person,21.0,none,2023-2024
stu_ANAWT41929,3,Fornite is my favorite game,28.0,positive,2023-2024
stu_ANAWT41929,3,Fornite is my favorite game,24.0,positive,2023-2024
stu_TRKWP48352,13,I am a person who has a birthday twim,21.0,none,2023-2024
stu_PFDTL78462,7,My favorite food is Tacos.,24.0,positive,2023-2024
stu_QHOON52054,17,"I am Asian, Cape Virden, Mexican, Irish, light-skin, Scottish, Polish, Indian, Portuguese",24.0,positive,2023-2024
stu_BCRYB29652,2,I'm black.,6.0,black,2023-2024
stu_QHOON52054,15,I am black,6.0,black,2023-2024
stu_SAOLH99639,3,human,21.0,none,2023-2024
stu_FVHVM49769,20,im 14 years old,4.0,14,2023-2024
stu_VSSOO37726,18,I don't when people yell at me,48.0,none,2023-2024
stu_WAFQN21754,10,I am adaptable,43.0,positive,2023-2024
stu_MIJEQ06664,19,I like my toys,24.0,positive,2023-2024
stu_BESSB35006,4,I like to go out and hang out,31.0,positive,2023-2024
stu_BESSB35006,4,I like to go out and hang out,24.0,positive,2023-2024
stu_QQAHK93946,18,I like strawberry cake,24.0,positive,2023-2024
stu_AHWRN95528,19,I am someone is born in september,22.0,born in september,2023-2024
stu_ANQAT24428,4,a emotional person,45.0,neutral,2023-2024
stu_ANQAT24428,4,a emotional person,21.0,none,2023-2024
stu_XKMAG80800,1,[[FIRST LAST NAME]],5.0,none,2023-2024
stu_RNIHY62490,17,I am a 4 year basketball player,29.0,neutral,2023-2024
stu_EQSJM78476,12,i like money,24.0,positive,2023-2024
stu_OIYXZ27717,17,I am someone who likes to sleepover at my cousins house,31.0,positive,2023-2024
stu_OIYXZ27717,17,I am someone who likes to sleepover at my cousins house,12.0,positive,2023-2024
stu_OIYXZ27717,17,I am someone who likes to sleepover at my cousins house,24.0,positive,2023-2024
stu_SULZI60933,3,i'm 11 years old,4.0,11,2023-2024
stu_YSQPA55709,4,im in to track,29.0,neutral,2023-2024
stu_YSQPA55709,4,im in to track,24.0,positive,2023-2024
stu_NWVEW24693,2,I and Cape Verde,7.0,cape verdean,2023-2024
stu_PSHZT50501,10,I am a person who likes dogs,35.0,positive,2023-2024
stu_PSHZT50501,10,I am a person who likes dogs,21.0,none,2023-2024
stu_XSQUV53095,15,I AM [FIRST NAME] A PROFESSIONAL SIBLING,12.0,neutral,2023-2024
stu_XSQUV53095,15,I AM [FIRST NAME] A PROFESSIONAL SIBLING,5.0,none,2023-2024
stu_SJXEZ38047,7,I like eating cape Verdean food,24.0,positive,2023-2024
stu_CDGKD03653,6,i like to have fun,45.0,positive,2023-2024
stu_CDGKD03653,6,i like to have fun,24.0,positive,2023-2024
stu_MTCIM85775,1,A 3D modeler,26.0,neutral,2023-2024
stu_VTRUH97046,7,I love Sza.,24.0,positive,2023-2024
stu_THKBG93560,2,My pronouns are.  MALE,1.0,m,2023-2024
stu_WHBZD81732,15,black,6.0,black,2023-2024
stu_RUZUK44953,1,I am a girl,2.0,girl,2023-2024
stu_ANQAT24428,18,i like to ride my bike,29.0,positive,2023-2024
stu_ANQAT24428,18,i like to ride my bike,24.0,positive,2023-2024
stu_BJJXN95776,11,I like running,29.0,positive,2023-2024
stu_BJJXN95776,11,I like running,24.0,positive,2023-2024
stu_BESSB35006,10,I like drama,24.0,positive,2023-2024
stu_GCHCS91000,8,i am a striaght a student,24.0,positive,2023-2024
stu_GCHCS91000,8,i am a striaght a student,14.0,positive,2023-2024
stu_OQLOS45541,14,I'm confident.,42.0,positive,2023-2024
stu_FQKSK24193,2,i am 12 years old,4.0,12,2023-2024
stu_ZYUDW82089,4,someone who can be forgetful,43.0,negative,2023-2024
stu_PUNZK45438,12,i like to hang out with my friends,31.0,positive,2023-2024
stu_PUNZK45438,12,i like to hang out with my friends,10.0,positive,2023-2024
stu_PUNZK45438,12,i like to hang out with my friends,24.0,positive,2023-2024
stu_RUBQU39803,12,i am a [SCHOOL NAME MASCOT],14.0,neutral,2023-2024
stu_EHLZF06092,15,I am a girl who loves the color black and grey and white,24.0,positive,2023-2024
stu_EHLZF06092,15,I am a girl who loves the color black and grey and white,2.0,girl,2023-2024
stu_UYFTQ45542,10,i am a person who eats alot,31.0,positive,2023-2024
stu_UYFTQ45542,10,i am a person who eats alot,21.0,none,2023-2024
stu_PNNIR08301,14,I am a person who likes to eat.,31.0,positive,2023-2024
stu_PNNIR08301,14,I am a person who likes to eat.,21.0,none,2023-2024
stu_PNNIR08301,14,I am a person who likes to eat.,24.0,positive,2023-2024
stu_SBUBU63586,5,i am a smart purson,43.0,positive,2023-2024
stu_SBUBU63586,5,i am a smart purson,21.0,none,2023-2024
stu_YNVPH88845,14,I sit next [FIRST NAME],47.0,neutral,2023-2024
stu_DZJHT48666,4,I have 2 dogs,32.0,none,2023-2024
stu_KFYJM61476,7,My favorite colors are red and black.,24.0,positive,2023-2024
stu_HVWUJ52450,14,i love tiktok,27.0,positive,2023-2024
stu_HVWUJ52450,14,i love tiktok,24.0,positive,2023-2024
stu_MMZHT88458,19,i am cool :>,46.0,positive,2023-2024
stu_CJHBB29429,9,I am a person that likes to sleep at my friends,31.0,positive,2023-2024
stu_CJHBB29429,9,I am a person that likes to sleep at my friends,10.0,positive,2023-2024
stu_CJHBB29429,9,I am a person that likes to sleep at my friends,21.0,none,2023-2024
stu_CJHBB29429,9,I am a person that likes to sleep at my friends,24.0,positive,2023-2024
stu_ORUUL82324,5,I can whistle,31.0,neutral,2023-2024
stu_VGJIS59600,7,I learned how to cook at the age of 8-9,31.0,neutral,2023-2024
stu_ROULI02103,6,i loved to sleep,31.0,positive,2023-2024
stu_ROULI02103,6,i loved to sleep,24.0,positive,2023-2024
stu_EJIML93711,4,I like using calculators for math,25.0,positive,2023-2024
stu_EJIML93711,4,I like using calculators for math,24.0,positive,2023-2024
stu_EQSJM78476,1,i am a boy,2.0,boy,2023-2024
stu_CINVJ49388,17,i am the oldest sibling,12.0,neutral,2023-2024
stu_CPBCK00658,14,I like to listen to music,24.0,positive,2023-2024
stu_CULOH75877,1,I am Black,6.0,black,2023-2024
stu_ZUARE93356,10,I get good grades,43.0,positive,2023-2024
stu_ZUARE93356,10,I get good grades,14.0,positive,2023-2024
stu_ZUARE93356,10,I get good grades,25.0,positive,2023-2024
stu_JOKOV89559,15,I am someone who will call you every day,44.0,neutral,2023-2024
stu_JPMJO86637,13,I love Haitian food .,24.0,positive,2023-2024
stu_EXNUN73314,20,I am [FIRST NAME].,5.0,none,2023-2024
stu_NMWSA27732,14,I like to play soccer,29.0,positive,2023-2024
stu_NMWSA27732,14,I like to play soccer,24.0,positive,2023-2024
stu_UEVQJ25414,1,im a athelte,29.0,neutral,2023-2024
stu_MMZHT88458,7,i am a boy,2.0,boy,2023-2024
stu_XKMAG80800,11,A student.,14.0,neutral,2023-2024
stu_AHWRN95528,15,I am someone who likes parties.,31.0,positive,2023-2024
stu_AHWRN95528,15,I am someone who likes parties.,24.0,positive,2023-2024
stu_SJXEZ38047,14,I love my family,24.0,positive,2023-2024
stu_SJXEZ38047,14,I love my family,12.0,positive,2023-2024
stu_CNIFN64507,6,im a honors student,43.0,positive,2023-2024
stu_CNIFN64507,6,im a honors student,14.0,positive,2023-2024
stu_WAFQN21754,5,I am a cook,31.0,neutral,2023-2024
stu_IIOVZ06372,6,i like going to stores,31.0,positive,2023-2024
stu_IIOVZ06372,6,i like going to stores,24.0,positive,2023-2024
stu_WYTLH51489,15,I like to study,25.0,positive,2023-2024
stu_WYTLH51489,15,I like to study,24.0,positive,2023-2024
stu_XSQUV53095,3,I AM [FIRST NAME] A READER,25.0,positive,2023-2024
stu_XSQUV53095,3,I AM [FIRST NAME] A READER,5.0,none,2023-2024
stu_OAZKI17777,8,[LETTER OF NAME],5.0,none,2023-2024
stu_IIOVZ06372,12,I like tropical places,24.0,positive,2023-2024
stu_MRIWT64391,15,a great defender in soccer,29.0,positive,2023-2024
stu_UHXBA77476,3,I'm 11 years old,4.0,11,2023-2024
stu_YXBHV58732,11,I like the school activities,24.0,positive,2023-2024
stu_YXBHV58732,11,I like the school activities,14.0,positive,2023-2024
stu_MMNSJ38829,6,I like to play basketball.,29.0,positive,2023-2024
stu_MMNSJ38829,6,I like to play basketball.,24.0,positive,2023-2024
stu_OMSFY97090,2,im a students,14.0,neutral,2023-2024
stu_ORUUL82324,20,I am a female,1.0,f,2023-2024
stu_CHVFQ54169,15,force to go to school but born to a water Bender,14.0,neutral,2023-2024
stu_ROULI02103,10,im kind,44.0,positive,2023-2024
stu_CTAZU65504,4,I am trustworthy,43.0,positive,2023-2024
stu_DZJHT48666,10,My favorite subject is math,25.0,positive,2023-2024
stu_DZJHT48666,10,My favorite subject is math,14.0,neutal,2023-2024
stu_DZJHT48666,10,My favorite subject is math,24.0,positive,2023-2024
stu_ZQMQQ26810,1,Im an English speaker,25.0,neutral,2023-2024
stu_ZQMQQ26810,1,Im an English speaker,22.0,speaksenglish,2023-2024
stu_VKCWY07846,20,i have a black backpack,32.0,none,2023-2024
stu_ZARRQ26344,11,im in sixth grade,22.0,sixthgrader,2023-2024
stu_ZARRQ26344,11,im in sixth grade,4.0,child,2023-2024
stu_ZARRQ26344,11,im in sixth grade,14.0,neutral,2023-2024
stu_QACJQ31561,19,my fav teacher is my science teacher,24.0,positive,2023-2024
stu_QACJQ31561,19,my fav teacher is my science teacher,14.0,positive,2023-2024
stu_PSHPN85751,18,bye,48.0,none,2023-2024
stu_TDURA35752,18,I am trustworthy,43.0,positive,2023-2024
stu_CTAZU65504,14,I am quite,48.0,none,2023-2024
stu_WCANG48942,1,I am [FIRST NAME].,5.0,none,2023-2024
stu_QCKDZ64012,17,im in honors math,43.0,positive,2023-2024
stu_QCKDZ64012,17,im in honors math,14.0,positive,2023-2024
stu_IKUOQ66846,6,13 turn 14,4.0,13,2023-2024
stu_LTSJK02079,17,My favorite subject is math,25.0,positive,2023-2024
stu_LTSJK02079,17,My favorite subject is math,14.0,neutal,2023-2024
stu_LTSJK02079,17,My favorite subject is math,24.0,positive,2023-2024
stu_WCANG48942,9,I speak a little Spanish.,43.0,positive,2023-2024
stu_UEYTM01990,9,I play volleyball,29.0,neutral,2023-2024
stu_GCHCS91000,9,i am respectfull,44.0,positive,2023-2024
stu_WAWDW95831,17,I love swimming.,29.0,positive,2023-2024
stu_WAWDW95831,17,I love swimming.,24.0,positive,2023-2024
stu_JOVOI38701,13,I am someone who likes slushies.,24.0,positive,2023-2024
stu_NWVEW24693,11,i am 11,4.0,11,2023-2024
stu_STIXI97047,20,I am [LAST NAME] .,5.0,none,2023-2024
stu_FQKSK24193,5,i am the last born out of my brothers,12.0,neutral,2023-2024
stu_VSSOO37726,5,I like football,29.0,positive,2023-2024
stu_VSSOO37726,5,I like football,24.0,positive,2023-2024
stu_OFAWH83528,12,i like having fun,24.0,positive,2023-2024
stu_CPBCK00658,6,I like hatian foods,24.0,positive,2023-2024
stu_IZQGI75719,11,I like watching youtube,27.0,positive,2023-2024
stu_IZQGI75719,11,I like watching youtube,24.0,positive,2023-2024
stu_WRQAA62017,1,Im [FIRST NAME],5.0,none,2023-2024
stu_OIYXZ27717,18,I am someone who is respectful,44.0,positive,2023-2024
stu_GXIYC47970,12,I am 13 almost 14,4.0,13,2023-2024
stu_NXWSI70882,10,A happy person generally,45.0,positive,2023-2024
stu_NXWSI70882,10,A happy person generally,21.0,none,2023-2024
stu_CNIXS57234,15,I have a ps5,32.0,none,2023-2024
stu_VSSOO37726,10,I like the consulse  at my school,24.0,positive,2023-2024
stu_VSSOO37726,10,I like the consulse  at my school,14.0,neutral,2023-2024
stu_ORUUL82324,4,I like to sing,26.0,positive,2023-2024
stu_ORUUL82324,4,I like to sing,24.0,positive,2023-2024
stu_RSKDK68207,1,I love spicy food.,24.0,positive,2023-2024
stu_VTRUH97046,19,I want a dog so bad.,33.0,none,2023-2024
stu_MKEGQ97127,13,I'm a shoe lover,24.0,positive,2023-2024
stu_FQKSK24193,8,i like playing video game,28.0,positive,2023-2024
stu_FQKSK24193,8,i like playing video game,24.0,positive,2023-2024
stu_IGWBR81023,18,my favorite color is pink,24.0,positive,2023-2024
stu_LJAAE92948,2,A twin,12.0,neutral,2023-2024
stu_MIJEQ06664,20,I like my me,24.0,positive,2023-2024
stu_MIJEQ06664,20,I like my me,19.0,none,2023-2024
stu_WHBZD81732,20,yes my parent have a car,12.0,neutral,2023-2024
stu_FQEST23326,8,a student,14.0,neutral,2023-2024
stu_LKAAV41369,13,I like icecream,24.0,positive,2023-2024
stu_UHXBA77476,11,I like to walk home with friends,24.0,positive,2023-2024
stu_UHXBA77476,11,I like to walk home with friends,10.0,positive,2023-2024
stu_VUNQZ79892,12,im a nice person,44.0,positive,2023-2024
stu_VUNQZ79892,12,im a nice person,21.0,none,2023-2024
stu_MIJEQ06664,4,I am good,40.0,positive,2023-2024
stu_GXMFA19655,17,i am a soccer player,29.0,neutral,2023-2024
stu_HBPKA70291,9,love gym,29.0,positive,2023-2024
stu_HBPKA70291,9,love gym,24.0,positive,2023-2024
stu_HXXCS05602,7,i'm opened mined,45.0,positive,2023-2024
stu_PXDPN73068,1,My favorite color is purple,24.0,positive,2023-2024
stu_RDOVU20570,12,I like school,25.0,positive,2023-2024
stu_RDOVU20570,12,I like school,14.0,positive,2023-2024
stu_RDOVU20570,12,I like school,24.0,positive,2023-2024
stu_KOUYR40301,17,i like r&b music,24.0,positive,2023-2024
stu_UEDQL23543,20,i am who i am,19.0,none,2023-2024
stu_RNIHY62490,14,I am a [CITY] citizen,9.0,city,2023-2024
stu_RFRYE74718,16,I am a cat person,24.0,positive,2023-2024
stu_RFRYE74718,16,I am a cat person,21.0,none,2023-2024
stu_YNVPH88845,16,I like to laugh,45.0,positive,2023-2024
stu_YNVPH88845,16,I like to laugh,24.0,positive,2023-2024
stu_FSPCV10901,3,I am Haitian.,7.0,haitian,2023-2024
stu_FQEST23326,6,in drama club,26.0,neutral,2023-2024
stu_EXNUN73314,11,I am a night person,21.0,none,2023-2024
stu_TDURA35752,12,I have glasses,35.0,neutral,2023-2024
stu_LNFOE66635,8,i like playing sports,29.0,positive,2023-2024
stu_LNFOE66635,8,i like playing sports,24.0,positive,2023-2024
stu_EQSJM78476,16,i like to sleep,31.0,positive,2023-2024
stu_EQSJM78476,16,i like to sleep,24.0,positive,2023-2024
stu_UEDQL23543,15,go to [SCHOOL NAME],14.0,neutral,2023-2024
stu_NRKZA72454,2,I hate school.,24.0,negative,2023-2024
stu_NRKZA72454,2,I hate school.,14.0,negative,2023-2024
stu_KGOWI06896,11,I speak english,25.0,neutral,2023-2024
stu_KGOWI06896,11,I speak english,22.0,speaksenglish,2023-2024
stu_VNSDU81090,4,i have 5 pets,32.0,none,2023-2024
stu_LTSJK02079,19,I don't play sports much,29.0,negative,2023-2024
stu_ECYEC76336,8,I am hmong,7.0,hmong,2023-2024
stu_JPMJO86637,5,i'm pretty,35.0,positive,2023-2024
stu_THKBG93560,6,I'm highly educated about the world and the way it is,43.0,positive,2023-2024
stu_JVLXZ63894,6,spanish student,14.0,neutral,2023-2024
stu_JVLXZ63894,6,spanish student,7.0,spanish,2023-2024
stu_KWMWG76590,18,i am nice,44.0,positive,2023-2024
stu_PNNIR08301,6,I am a hardworking student.,41.0,positive,2023-2024
stu_PNNIR08301,6,I am a hardworking student.,14.0,positive,2023-2024
stu_JVLXZ63894,14,cooker,31.0,neutral,2023-2024
stu_SJNFF34466,19,a good student,14.0,positive,2023-2024
stu_OFWAG94272,6,I like movies aswell,31.0,positive,2023-2024
stu_OFWAG94272,6,I like movies aswell,24.0,positive,2023-2024
stu_DHTXQ91573,3,I am a students from 6 grades,22.0,sixthgrader,2023-2024
stu_DHTXQ91573,3,I am a students from 6 grades,4.0,child,2023-2024
stu_DHTXQ91573,3,I am a students from 6 grades,14.0,neutral,2023-2024
stu_UHXBA77476,7,I like to ride my bike,29.0,positive,2023-2024
stu_UHXBA77476,7,I like to ride my bike,24.0,positive,2023-2024
stu_XHPVX80161,14,jordan poole fAn,24.0,positive,2023-2024
stu_YXBHV58732,9,I like to paint,26.0,positive,2023-2024
stu_YXBHV58732,9,I like to paint,24.0,positive,2023-2024
stu_RDPGG44681,6,I love pets,24.0,positive,2023-2024
stu_JVLXZ63894,18,[FIRST LAST NAME],5.0,none,2023-2024
stu_ECYEC76336,2,I am a 11 year old girl,4.0,11,2023-2024
stu_ECYEC76336,2,I am a 11 year old girl,2.0,girl,2023-2024
stu_OQLOS45541,6,I'm a science lover.,25.0,positive,2023-2024
stu_OQLOS45541,6,I'm a science lover.,24.0,positive,2023-2024
stu_RDOVU20570,11,I am beautiful,34.0,positive,2023-2024
stu_PYEUW09959,14,"I like to recycle, reuse and reduce",24.0,positive,2023-2024
stu_UHXBA77476,14,I like spring and summer,24.0,positive,2023-2024
stu_XCKNQ66212,18,i'm drippy,30.0,positive,2023-2024
stu_KOUYR40301,14,im in 6th grade,22.0,sixthgrader,2023-2024
stu_KOUYR40301,14,im in 6th grade,14.0,neutral,2023-2024
stu_KGOWI06896,2,i dont like the people at my school,24.0,negative,2023-2024
stu_KGOWI06896,2,i dont like the people at my school,14.0,negative,2023-2024
stu_FWPPR22255,20,I like me,24.0,positive,2023-2024
stu_FWPPR22255,20,I like me,19.0,none,2023-2024
stu_PJCOJ15115,16,I am determined,41.0,positive,2023-2024
stu_SELBD60428,10,[FIRST LAST NAME],5.0,none,2023-2024
stu_TYPZX10676,19,i'm turning. 13,4.0,12,2023-2024
stu_QPHPK12517,7,i am a football player,29.0,neutral,2023-2024
stu_ORUUL82324,18,I'm very clingy,44.0,neutral,2023-2024
stu_YNVPH88845,19,My favorite song I Thank you by Dido,24.0,positive,2023-2024
stu_CNIFN64507,15,im Trinidadian,7.0,trinidadian,2023-2024
stu_HVWUJ52450,1,A boy,2.0,boy,2023-2024
stu_QCKDZ64012,12,i love chips,24.0,positive,2023-2024
stu_TYPZX10676,11,i like when they have options,24.0,positive,2023-2024
stu_MXNSF14478,13,I love my family,24.0,positive,2023-2024
stu_MXNSF14478,13,I love my family,12.0,positive,2023-2024
stu_BJJXN95776,6,I love green,24.0,positive,2023-2024
stu_LJAAE92948,1,A girl,2.0,girl,2023-2024
stu_XSQUV53095,18,I AM [FIRST NAME] A FRIEND OF [FIRST NAME],10.0,positive,2023-2024
stu_XSQUV53095,18,I AM [FIRST NAME] A FRIEND OF [FIRST NAME],5.0,none,2023-2024
stu_UJNMI16598,10,Cousin,12.0,neutral,2023-2024
stu_LDUML32113,9,a good student,14.0,positive,2023-2024
stu_ABSGH36082,3,I'm kind,44.0,positive,2023-2024
stu_JPMJO86637,9,i'm a dancer,26.0,positive,2023-2024
stu_SQLXP95993,15,I like track,29.0,positive,2023-2024
stu_SQLXP95993,15,I like track,24.0,positive,2023-2024
stu_SAOLH99639,4,Fortnite pro player,28.0,positive,2023-2024
stu_FSPCV10901,7,I am a student.,14.0,neutral,2023-2024
stu_TFTDG28078,9,"Born to be a outside hitter, forced to be a libero .",29.0,neutral,2023-2024
stu_NMWSA27732,10,I'm very smart,43.0,positive,2023-2024
stu_NRKZA72454,18,My teachers are short.,14.0,neutral,2023-2024
stu_JOVOI38701,9,i am someone who likes burgers.,24.0,positive,2023-2024
stu_KGOWI06896,6,I like to sleep,31.0,positive,2023-2024
stu_KGOWI06896,6,I like to sleep,24.0,positive,2023-2024
stu_NWRRN03456,3,I have 1 Streaks on MATH Stream,47.0,neutral,2023-2024
stu_QHOON52054,13,I am a fun guy,45.0,positive,2023-2024
stu_QHOON52054,13,I am a fun guy,2.0,boy,2023-2024
stu_IGWBR81023,4,i am the middle child,12.0,neutral,2023-2024
stu_IGWBR81023,4,i am the middle child,4.0,child,2023-2024
stu_ZYUDW82089,10,i watch anime,31.0,neutral,2023-2024
stu_DZJHT48666,16,I like Mathia (not a lot),25.0,positive,2023-2024
stu_DZJHT48666,16,I like Mathia (not a lot),24.0,positive,2023-2024
stu_UYFTQ45542,15,i am a person with no bad mindset,45.0,positive,2023-2024
stu_UYFTQ45542,15,i am a person with no bad mindset,21.0,none,2023-2024
stu_KWMWG76590,10,i like to go to place's,31.0,positive,2023-2024
stu_KWMWG76590,10,i like to go to place's,24.0,positive,2023-2024
stu_GXMFA19655,3,i am cape verdean,7.0,cape verdean,2023-2024
stu_CETOG17008,1,creole,7.0,creole,2023-2024
stu_WXAMH04104,4,im in 6th grade,22.0,sixthgrader,2023-2024
stu_WXAMH04104,4,im in 6th grade,4.0,child,2023-2024
stu_WXAMH04104,4,im in 6th grade,14.0,neutral,2023-2024
stu_NWRRN03456,15,I really need a job during the summer.,13.0,neutral,2023-2024
stu_CNIFN64507,1,I'm pansexual,3.0,pansexual,2023-2024
stu_QCKDZ64012,6,i play track,29.0,neutral,2023-2024
stu_KWLPL21630,2,I speak Haitian Creole,25.0,neutral,2023-2024
stu_KWLPL21630,2,I speak Haitian Creole,22.0,speakshaitiancreole,2023-2024
stu_VENGZ10475,15,I'm a talkative person,44.0,neutral,2023-2024
stu_CLLRZ76280,4,I like video games,28.0,positive,2023-2024
stu_CLLRZ76280,4,I like video games,24.0,positive,2023-2024
stu_VENGZ10475,6,An honors student,43.0,positive,2023-2024
stu_VENGZ10475,6,An honors student,14.0,positive,2023-2024
stu_FQKSK24193,15,i have 3 little sisters,12.0,neutral,2023-2024
stu_BJJXN95776,8,I am respectful,44.0,positive,2023-2024
