orig_index,user_id,label,assess_BUG_25%,assess_BUG_50%,assess_BUG_75%,assess_BUG_count,assess_BUG_max,assess_BUG_mean,assess_BUG_min,assess_BUG_std,assess_BUG_sum,assess_OK_25%,assess_OK_50%,assess_OK_75%,assess_OK_count,assess_OK_max,assess_OK_mean,assess_OK_min,assess_OK_std,assess_OK_sum,assess_ERROR_25%,assess_ERROR_50%,assess_ERROR_75%,assess_ERROR_count,assess_ERROR_max,assess_ERROR_mean,assess_ERROR_min,assess_ERROR_std,assess_ERROR_sum,assess_INITIAL_HINT_25%,assess_INITIAL_HINT_50%,assess_INITIAL_HINT_75%,assess_INITIAL_HINT_count,assess_INITIAL_HINT_max,assess_INITIAL_HINT_mean,assess_INITIAL_HINT_min,assess_INITIAL_HINT_std,assess_INITIAL_HINT_sum,dur_sd_prev3_25%,dur_sd_prev3_50%,dur_sd_prev3_75%,dur_sd_prev3_count,dur_sd_prev3_max,dur_sd_prev3_mean,dur_sd_prev3_min,dur_sd_prev3_std,dur_sd_prev3_sum,dur_sd_prev5_25%,dur_sd_prev5_50%,dur_sd_prev5_75%,dur_sd_prev5_count,dur_sd_prev5_max,dur_sd_prev5_mean,dur_sd_prev5_min,dur_sd_prev5_std,dur_sd_prev5_sum,duration_sd_25%,duration_sd_50%,duration_sd_75%,duration_sd_count,duration_sd_max,duration_sd_mean,duration_sd_min,duration_sd_std,duration_sd_sum,error_count_last_5_25%,error_count_last_5_50%,error_count_last_5_75%,error_count_last_5_count,error_count_last_5_max,error_count_last_5_mean,error_count_last_5_min,error_count_last_5_std,error_count_last_5_sum,error_perc_25%,error_perc_50%,error_perc_75%,error_perc_count,error_perc_max,error_perc_mean,error_perc_min,error_perc_std,error_perc_sum,help_and_errors_count_25%,help_and_errors_count_50%,help_and_errors_count_75%,help_and_errors_count_count,help_and_errors_count_max,help_and_errors_count_mean,help_and_errors_count_min,help_and_errors_count_std,help_and_errors_count_sum,help_attempts_last_8_25%,help_attempts_last_8_50%,help_attempts_last_8_75%,help_attempts_last_8_count,help_attempts_last_8_max,help_attempts_last_8_mean,help_attempts_last_8_min,help_attempts_last_8_std,help_attempts_last_8_sum,numsteps_25%,numsteps_50%,numsteps_75%,numsteps_count,numsteps_max,numsteps_mean,numsteps_min,numsteps_std,numsteps_sum,pknow_25%,pknow_50%,pknow_75%,pknow_count,pknow_direct_25%,pknow_direct_50%,pknow_direct_75%,pknow_direct_count,pknow_direct_max,pknow_direct_mean,pknow_direct_min,pknow_direct_std,pknow_direct_sum,pknow_max,pknow_mean,pknow_min,pknow_std,pknow_sum,prob_first_att_25%,prob_first_att_50%,prob_first_att_75%,prob_first_att_count,prob_first_att_max,prob_first_att_mean,prob_first_att_min,prob_first_att_std,prob_first_att_sum,prob_step_last_5_25%,prob_step_last_5_50%,prob_step_last_5_75%,prob_step_last_5_count,prob_step_last_5_max,prob_step_last_5_mean,prob_step_last_5_min,prob_step_last_5_std,prob_step_last_5_sum,step_first_att_25%,step_first_att_50%,step_first_att_75%,step_first_att_count,step_first_att_max,step_first_att_mean,step_first_att_min,step_first_att_std,step_first_att_sum,wrong_attempts_25%,wrong_attempts_50%,wrong_attempts_75%,wrong_attempts_count,wrong_attempts_max,wrong_attempts_mean,wrong_attempts_min,wrong_attempts_std,wrong_attempts_sum
3029,stu_XHCSU6285G,N,0.0,0.0,0.0,7.0,0.0,0.0,0.0,0.0,0.0,1.0,1.0,1.0,7.0,1.0,1.0,1.0,0.0,7.0,0.0,0.0,0.0,7.0,0.0,0.0,0.0,0.0,0.0,0.0,0.0,0.0,7.0,0.0,0.0,0.0,0.0,0.0,-0.1585057722021475,-0.1583768895517796,-0.1583241953858615,7.0,-0.158261565730041,-0.1584136382166945,-0.158597077059023,0.0001245105351866,-1.1088954675168616,-0.2641134114197909,-0.2639874307194441,-0.2639208662161375,7.0,-0.2638673850807221,-0.2640182115323384,-0.2642041096543457,0.0001348914392718,-1.8481274807263688,-0.052867277222134,-0.0528359623942237,-0.0527946792860153,7.0,-0.0526545331347185,-0.0528174264519588,-0.0529075766184709,8.382091624516604e-05,-0.3697219851637119,0.0,0.0,0.0,7.0,0.0,0.0,0.0,0.0,0.0,0.1657397107897664,0.3289473684210526,0.4697802197802198,7.0,0.5283018867924528,0.1611841594790682,-1.0,0.5330957153517867,1.1282891163534778,10.75,26.5,37.0,6.0,51.0,25.666666666666668,4.0,18.48963673701208,154.0,1.5,3.0,3.0,7.0,3.0,2.142857142857143,0.0,1.2149857925879115,15.0,1.0,1.0,1.0,7.0,1.0,0.7142857142857143,-1.0,0.7559289460184546,5.0,0.999999979640917,0.999999999999985,1.0,5.0,0.9999975410012516,0.999999989820451,0.9999999999999962,6.0,1.0,0.6666661179603776,-1.0,0.8164963121186863,3.999996707762265,1.0,0.9999993415524532,0.999996728121363,1.460978990859884e-06,4.999996707762265,1.0,1.0,1.0,7.0,1.0,1.0,1.0,0.0,7.0,0.0,1.0,2.5,7.0,4.0,1.4285714285714286,0.0,1.618347187425374,10.0,0.0,0.0,0.0,7.0,0.0,0.0,0.0,0.0,0.0,5.0,25.0,34.0,7.0,51.0,21.857142857142858,-1.0,19.65899769764956,153.0
6290,stu_XHCSU6285G,N,0.0,0.0,0.0,3.0,0.0,0.0,0.0,0.0,0.0,0.5,1.0,1.0,3.0,1.0,0.6666666666666666,0.0,0.5773502691896258,2.0,0.0,0.0,0.5,3.0,1.0,0.3333333333333333,0.0,0.5773502691896258,1.0,0.0,0.0,0.0,3.0,0.0,0.0,0.0,0.0,0.0,-0.157460627524244,-0.1574606275242439,-0.1571843192547299,3.0,-0.156908010985216,-0.1572764220112346,-0.157460627524244,0.0003190533075664,-0.471829266033704,-0.2631143208526725,-0.2631139273679239,-0.2628895262948308,3.0,-0.2626651252217377,-0.2629645889756942,-0.2631147143374212,0.0002593435169433,-0.7888937669270828,-0.0526022488487468,-0.0522962324807127,-0.0519998728842175,3.0,-0.0517035132877222,-0.0523026703284053,-0.0529082652167809,0.0006024017654812,-0.1569080109852159,0.0,0.0,0.5,3.0,1.0,0.3333333333333333,0.0,0.5773502691896258,1.0,0.0,0.0,0.5,3.0,1.0,0.3333333333333333,0.0,0.5773502691896258,1.0,0.0,0.0,0.5,3.0,1.0,0.3333333333333333,0.0,0.5773502691896258,1.0,0.0,0.0,0.0,3.0,0.0,0.0,0.0,0.0,0.0,1.0,1.0,1.0,3.0,1.0,1.0,1.0,0.0,3.0,0.985244472372513,0.985244472372513,0.985244472372513,1.0,0.985244472372513,0.985244472372513,0.985244472372513,1.0,0.985244472372513,0.985244472372513,0.985244472372513,,0.985244472372513,0.985244472372513,0.985244472372513,0.985244472372513,,0.985244472372513,1.0,1.0,1.0,3.0,1.0,1.0,1.0,0.0,3.0,0.0,0.0,0.0,3.0,0.0,0.0,0.0,0.0,0.0,1.0,1.0,1.0,3.0,1.0,1.0,1.0,0.0,3.0,0.0,0.0,0.5,3.0,1.0,0.3333333333333333,0.0,0.5773502691896258,1.0
7513,stu_XHCSU6285G,N,0.0,0.0,0.0,8.0,0.0,0.0,0.0,0.0,0.0,1.0,1.0,1.0,8.0,1.0,1.0,1.0,0.0,8.0,0.0,0.0,0.0,8.0,0.0,0.0,0.0,0.0,0.0,0.0,0.0,0.0,8.0,0.0,0.0,0.0,0.0,0.0,-0.1587238283336692,-0.1587204673181081,-0.1587023260316774,8.0,-0.158651869810267,-0.1587046008653803,-0.1587244677463857,3.240874974912833e-05,-1.2696368069230428,-0.2645362189797718,-0.26449986262852,-0.2644443320933723,8.0,-0.2643832763765462,-0.2644805941722364,-0.2645404407432205,6.776673746150885e-05,-2.115844753377892,-0.0529081668455938,-0.0529077241752516,-0.0529072405169148,8.0,-0.0529048550156263,-0.0529074208640912,-0.0529086587015295,1.1987569535068324e-06,-0.42325936691273,0.0,0.0,0.0,8.0,0.0,0.0,0.0,0.0,0.0,0.0,0.0,0.0,8.0,0.3938053097345133,0.0492256637168141,0.0,0.1392312024902715,0.3938053097345133,0.0,0.0,0.0,8.0,89.0,11.125,0.0,31.466251762801363,89.0,0.0,0.0,0.0,8.0,0.0,0.0,0.0,0.0,0.0,1.0,1.0,1.0,8.0,1.0,1.0,1.0,0.0,8.0,0.999999799549201,0.999999799549201,0.999999799549201,1.0,0.999999799549201,0.999999799549201,0.999999799549201,1.0,0.999999799549201,0.999999799549201,0.999999799549201,,0.999999799549201,0.999999799549201,0.999999799549201,0.999999799549201,,0.999999799549201,1.0,1.0,1.0,8.0,1.0,0.875,0.0,0.3535533905932738,7.0,0.0,0.0,0.0,8.0,0.0,0.0,0.0,0.0,0.0,1.0,1.0,1.0,8.0,1.0,0.875,0.0,0.3535533905932738,7.0,0.0,0.0,0.0,8.0,89.0,11.125,0.0,31.466251762801363,89.0
8633,stu_XHCSU6285G,N,0.0,0.0,0.0,5.0,0.0,0.0,0.0,0.0,0.0,1.0,1.0,1.0,5.0,1.0,1.0,1.0,0.0,5.0,0.0,0.0,0.0,5.0,0.0,0.0,0.0,0.0,0.0,0.0,0.0,0.0,5.0,0.0,0.0,0.0,0.0,0.0,-0.1582262176834575,-0.1581285350946148,-0.1580890226677752,5.0,-0.157830962253478,-0.1581179569129564,-0.1583150468654563,0.0001829479890887,-0.790589784564782,-0.2637125488321436,-0.2635357102280388,-0.2635354151144773,5.0,-0.2635186592222657,-0.2636238508117275,-0.2638169206617126,0.0001339759412484,-1.318119254058638,-0.0527965811289669,-0.0526821426479127,-0.0526102988908955,5.0,-0.0525385207146698,-0.0527071420456077,-0.0529081668455938,0.0001473491089119,-0.2635357102280388,0.0,0.0,0.0,5.0,0.0,0.0,0.0,0.0,0.0,0.0,0.0,0.0526315789473684,5.0,0.5,-0.0894736842105263,-1.0,0.5506229159487163,-0.4473684210526316,0.0,0.5,3.0,4.0,9.0,2.5,0.0,4.358898943540674,10.0,0.0,0.0,0.0,5.0,0.0,0.0,0.0,0.0,0.0,1.0,1.0,1.0,5.0,1.0,0.6,-1.0,0.8944271909999161,3.0,0.6839955924351457,0.7568159676535196,0.8296363428718933,2.0,-0.1944123913916139,0.611175217216772,0.7568159676535196,3.0,0.902456718090267,0.1712106451023463,-1.0,1.024700936658384,0.513631935307039,0.902456718090267,0.7568159676535196,0.611175217216772,0.2059671245018435,1.513631935307039,1.0,1.0,1.0,5.0,1.0,1.0,1.0,0.0,5.0,0.0,0.0,0.0,5.0,0.0,0.0,0.0,0.0,0.0,0.0,0.0,1.0,5.0,1.0,0.4,0.0,0.5477225575051662,2.0,0.0,0.0,1.0,5.0,9.0,1.8,-1.0,4.08656334834051,9.0
8886,stu_XHCSU6285G,N,0.0,0.0,0.0,7.0,1.0,0.1428571428571428,0.0,0.3779644730092273,1.0,0.0,0.0,0.0,7.0,1.0,0.1428571428571428,0.0,0.3779644730092272,1.0,0.0,0.0,1.0,7.0,1.0,0.4285714285714285,0.0,0.5345224838248487,3.0,0.0,0.0,0.0,7.0,1.0,0.1428571428571428,0.0,0.3779644730092273,1.0,-0.1584049253401181,-0.1583656096556528,-0.158331687991283,7.0,-0.1581222721290328,-0.1583475702536659,-0.1584718833281734,0.0001111403418197,-1.1084329917756617,-0.2640303533474382,-0.2639775936007286,-0.2638933222837345,7.0,-0.2637790149642631,-0.2639662106490724,-0.2641595147161696,0.000126339070541,-1.8477634745435068,-0.0528236987862253,-0.0527968434521327,-0.0527284590818637,7.0,-0.0526165618564775,-0.0527752017909591,-0.0529086914919253,9.43772320408315e-05,-0.3694264125367139,2.0,2.0,2.5,7.0,3.0,2.142857142857143,1.0,0.6900655593423541,15.0,0.6153846153846154,0.6153846153846154,0.6153846153846154,7.0,0.6153846153846154,0.5989010989010989,0.5,0.0436112853472185,4.1923076923076925,8.0,8.0,8.0,7.0,8.0,7.571428571428571,5.0,1.1338934190276817,53.0,0.0,0.0,1.0,7.0,1.0,0.4285714285714285,0.0,0.5345224838248487,3.0,4.0,4.0,4.0,7.0,4.0,4.0,4.0,0.0,28.0,0.3818708938857362,0.5181888982122755,0.6545069025388147,2.0,-1.0,-1.0,-0.3772235552204015,7.0,0.790824906865354,-0.5662317433679213,-1.0,0.7573387115977388,-3.963622203575449,0.790824906865354,0.5181888982122755,0.245552889559197,0.3855655410284521,1.036377796424551,0.0,0.0,0.5,7.0,1.0,0.2857142857142857,0.0,0.4879500364742665,2.0,1.5,3.0,4.0,7.0,5.0,2.7142857142857144,0.0,1.7994708216848745,19.0,0.0,0.0,0.5,7.0,1.0,0.2857142857142857,0.0,0.4879500364742665,2.0,8.0,8.0,8.0,7.0,8.0,7.571428571428571,5.0,1.1338934190276817,53.0
12239,stu_XHCSU6285G,?,0.0,0.0,0.0,8.0,0.0,0.0,0.0,0.0,0.0,0.0,0.0,0.0,8.0,0.0,0.0,0.0,0.0,0.0,0.0,0.0,0.0,8.0,0.0,0.0,0.0,0.0,0.0,1.0,1.0,1.0,8.0,1.0,0.875,0.0,0.3535533905932738,7.0,-0.158726172846963,-0.158726172846963,-0.1577264264719304,8.0,-0.1506430779794196,-0.1572877729532188,-0.158726172846963,0.0028959516005157,-1.258302183625751,-0.2645436214116051,-0.2628315692704001,-0.2564603871848799,8.0,-0.2564599035265431,-0.2610843002441944,-0.2645436214116051,0.0039679863487945,-2.088674401953555,-0.052908724282321,-0.052908724282321,-0.052908724282321,8.0,-0.0526212836734609,-0.0528727942062135,-0.052908724282321,0.0001016256018566,-0.422982353649708,0.0,0.0,0.0,8.0,0.0,0.0,0.0,0.0,0.0,0.9166666666666666,0.9166666666666666,0.9166666666666666,8.0,0.9166666666666666,0.9166666666666666,0.9166666666666666,1.18687833744435e-16,7.333333333333333,11.0,11.0,11.0,8.0,11.0,11.0,11.0,0.0,88.0,0.0,0.0,0.0,8.0,1.0,0.125,0.0,0.3535533905932738,1.0,1.0,1.0,1.0,8.0,1.0,1.0,1.0,0.0,8.0,0.232,0.342876252679369,0.374350453172205,8.0,-1.0,-1.0,-1.0,8.0,-1.0,-1.0,-1.0,0.0,-8.0,0.374350453172205,0.3131004831094192,0.232,0.0704485476684042,2.504803864875353,0.0,0.0,0.0,8.0,0.0,0.0,0.0,0.0,0.0,2.75,4.5,5.0,8.0,5.0,3.75,1.0,1.5811388300841898,30.0,0.0,0.0,0.0,8.0,0.0,0.0,0.0,0.0,0.0,11.0,11.0,11.0,8.0,11.0,11.0,11.0,0.0,88.0
16223,stu_CTSWS7645K,N,0.0,0.0,0.0,2.0,0.0,0.0,0.0,0.0,0.0,1.0,1.0,1.0,2.0,1.0,1.0,1.0,0.0,2.0,0.0,0.0,0.0,2.0,0.0,0.0,0.0,0.0,0.0,0.0,0.0,0.0,2.0,0.0,0.0,0.0,0.0,0.0,-0.1911946647709804,-0.1911218168138538,-0.1910489688567272,2.0,-0.1909761208996007,-0.1911218168138538,-0.1912675127281069,0.000206045137919,-0.3822436336277077,-0.318553439799797,-0.3185448303853298,-0.3185362209708626,2.0,-0.3185276115563953,-0.3185448303853298,-0.3185620492142643,2.4351101407298623e-05,-0.6370896607706596,-0.0638272317326947,-0.0638197238049326,-0.0638122158771705,2.0,-0.0638047079494084,-0.0638197238049326,-0.0638347396604568,2.123562653298841e-05,-0.1276394476098653,0.0,0.0,0.0,2.0,0.0,0.0,0.0,0.0,0.0,0.1860902255639097,0.2293233082706766,0.2725563909774436,2.0,0.3157894736842105,0.2293233082706766,0.1428571428571428,0.1222816238142149,0.4586466165413533,3.0,4.0,5.0,2.0,6.0,4.0,2.0,2.8284271247461903,8.0,0.0,0.0,0.0,2.0,0.0,0.0,0.0,0.0,0.0,1.0,1.0,1.0,2.0,1.0,1.0,1.0,0.0,2.0,,,,0.0,,,,0.0,,,,,,,,,,,1.0,1.0,1.0,2.0,1.0,1.0,1.0,0.0,2.0,0.0,0.0,0.0,2.0,0.0,0.0,0.0,0.0,0.0,0.0,0.0,0.0,2.0,0.0,0.0,0.0,0.0,0.0,3.0,4.0,5.0,2.0,6.0,4.0,2.0,2.8284271247461903,8.0
17501,stu_CTSWS7645K,N,0.0,0.0,0.0,7.0,0.0,0.0,0.0,0.0,0.0,1.0,1.0,1.0,7.0,1.0,0.8571428571428571,0.0,0.3779644730092272,6.0,0.0,0.0,0.0,7.0,1.0,0.1428571428571428,0.0,0.3779644730092272,1.0,0.0,0.0,0.0,7.0,0.0,0.0,0.0,0.0,0.0,-0.1916428038270421,-0.1916363649893173,-0.1915820357774206,7.0,-0.1915814526374002,-0.1916158139316951,-0.1916432006862226,3.186528585973076e-05,-1.3413106975218658,-0.3193780807802529,-0.3193300608194098,-0.3193045646418531,7.0,-0.319224998425742,-0.3193362717234362,-0.3194335519746895,6.912325905469459e-05,-2.2353539020640536,-0.0638951756442334,-0.0638949974625605,-0.0638491399792929,7.0,-0.0637912147372707,-0.0638672126918286,-0.0638956453959165,3.999284521370322e-05,-0.4470704888428004,0.0,0.0,0.0,7.0,1.0,0.1428571428571428,0.0,0.3779644730092272,1.0,0.0,0.0,0.0166666666666666,7.0,0.8571428571428571,0.1272108843537414,0.0,0.3221093822952343,0.8904761904761903,0.0,0.0,0.5,7.0,6.0,1.0,0.0,2.23606797749979,7.0,0.0,0.0,0.0,7.0,0.0,0.0,0.0,0.0,0.0,1.0,1.0,1.0,7.0,4.0,1.4285714285714286,1.0,1.1338934190276817,10.0,0.9849492689271916,0.9998353463614283,0.9999684454869384,4.0,0.9849492689271916,0.9998353463614283,0.9999684454869384,4.0,0.9999944086768,0.9850823680527016,0.94066437081115,0.0296122674211318,3.940329472210807,0.9999944086768,0.9850823680527016,0.94066437081115,0.0296122674211318,3.940329472210807,1.0,1.0,1.0,7.0,1.0,0.8571428571428571,0.0,0.3779644730092272,6.0,0.5,1.0,1.0,7.0,1.0,0.7142857142857143,0.0,0.4879500364742665,5.0,0.0,0.0,0.5,7.0,1.0,0.2857142857142857,0.0,0.4879500364742666,2.0,0.0,0.0,0.5,7.0,6.0,1.0,0.0,2.23606797749979,7.0
19121,stu_CTSWS7645K,N,0.0,0.0,0.0,7.0,0.0,0.0,0.0,0.0,0.0,1.0,1.0,1.0,7.0,1.0,0.8571428571428571,0.0,0.3779644730092272,6.0,0.0,0.0,0.0,7.0,1.0,0.1428571428571428,0.0,0.3779644730092272,1.0,0.0,0.0,0.0,7.0,0.0,0.0,0.0,0.0,0.0,-0.1915557782781706,-0.1915208546702847,-0.19147116628105,7.0,-0.1913967592342857,-0.1915058017899973,-0.1915691095069693,6.751073276215957e-05,-1.3405406125299812,-0.3192281490016853,-0.3191779422657659,-0.319138523620223,7.0,-0.3191255244572692,-0.3191878533320643,-0.3192781613575979,6.28510644900447e-05,-2.23431497332445,-0.0638676789724401,-0.0638335733804161,-0.0638088466237195,7.0,-0.0637790659868465,-0.0638372943691174,-0.0638953700242402,4.435905157861202e-05,-0.4468610605838224,0.0,0.0,1.0,7.0,1.0,0.4285714285714285,0.0,0.5345224838248487,3.0,0.0,0.0,0.3609467455621302,7.0,0.3636363636363636,0.0122185506800891,-1.0,0.4816207810365278,0.085529854760624,0.0,4.0,47.75,6.0,61.0,21.666666666666668,0.0,30.624608841039365,130.0,0.0,0.0,0.0,7.0,0.0,0.0,0.0,0.0,0.0,1.0,1.0,1.5,7.0,2.0,1.0,-1.0,1.0,7.0,0.957435473662151,0.957435473662151,0.957435473662151,1.0,-1.0,-1.0,-0.0212822631689245,3.0,0.957435473662151,-0.3475215087792829,-1.0,1.1301258976401656,-1.042564526337849,0.957435473662151,0.957435473662151,0.957435473662151,,0.957435473662151,1.0,1.0,1.0,7.0,1.0,0.8571428571428571,0.0,0.3779644730092272,6.0,0.0,0.0,0.5,7.0,1.0,0.2857142857142857,0.0,0.4879500364742665,2.0,0.0,0.0,1.0,7.0,1.0,0.4285714285714285,0.0,0.5345224838248487,3.0,0.0,0.0,34.5,7.0,61.0,18.428571428571427,-1.0,29.239568754555545,129.0
20286,stu_CTSWS7645K,N,0.0,0.0,0.0,2.0,0.0,0.0,0.0,0.0,0.0,1.0,1.0,1.0,2.0,1.0,1.0,1.0,0.0,2.0,0.0,0.0,0.0,2.0,0.0,0.0,0.0,0.0,0.0,0.0,0.0,0.0,2.0,0.0,0.0,0.0,0.0,0.0,-0.1914352869714641,-0.1914315856521682,-0.1914278843328723,2.0,-0.1914241830135764,-0.1914315856521682,-0.19143898829076,1.0468911893822475e-05,-0.3828631713043364,-0.3190465656786793,-0.3190329833757052,-0.319019401072731,2.0,-0.3190058187697568,-0.3190329833757052,-0.3190601479816535,3.8416554148628615e-05,-0.6380659667514104,-0.0638218862825081,-0.0638159171964664,-0.0638099481104247,2.0,-0.0638039790243829,-0.0638159171964664,-0.0638278553685498,1.688312487035563e-05,-0.1276318343929328,2.0,2.0,2.0,2.0,2.0,2.0,2.0,0.0,4.0,0.4510763209393346,0.4911937377690802,0.5313111545988258,2.0,0.5714285714285714,0.4911937377690802,0.410958904109589,0.1134691899360017,0.9823874755381604,13.5,19.0,24.5,2.0,30.0,19.0,8.0,15.556349186104043,38.0,0.0,0.0,0.0,2.0,0.0,0.0,0.0,0.0,0.0,1.0,1.0,1.0,2.0,1.0,1.0,1.0,0.0,2.0,,,,0.0,,,,0.0,,,,,,,,,,,1.0,1.0,1.0,2.0,1.0,1.0,1.0,0.0,2.0,2.0,2.0,2.0,2.0,2.0,2.0,2.0,0.0,4.0,0.0,0.0,0.0,2.0,0.0,0.0,0.0,0.0,0.0,13.5,19.0,24.5,2.0,30.0,19.0,8.0,15.556349186104043,38.0
20504,stu_CTSWS7645K,N,0.0,0.0,0.0,6.0,0.0,0.0,0.0,0.0,0.0,1.0,1.0,1.0,6.0,1.0,1.0,1.0,0.0,6.0,0.0,0.0,0.0,6.0,0.0,0.0,0.0,0.0,0.0,0.0,0.0,0.0,6.0,0.0,0.0,0.0,0.0,0.0,-0.1916021419593725,-0.191556993153213,-0.1915346232540987,6.0,-0.1915221343386627,-0.1915671630071792,-0.1916224992154999,4.288729618642063e-05,-1.1494029780430752,-0.3192859203595355,-0.3192798459843234,-0.3192735529316037,6.0,-0.3192393987445781,-0.3192754697344485,-0.319294327294829,1.935013241950384e-05,-1.915652818406691,-0.06387378574432,-0.0638607055896967,-0.0638421584973825,6.0,-0.0638007231592693,-0.063852331051071,-0.0638777300386243,2.9447426965114964e-05,-0.3831139863064261,0.0,0.0,0.0,6.0,1.0,0.1666666666666666,0.0,0.408248290463863,1.0,0.3392857142857143,0.4016483516483516,0.4865384615384615,6.0,0.6071428571428571,0.410999185999186,0.2222222222222222,0.1357929052890156,2.465995115995116,7.25,14.5,16.5,6.0,29.0,13.666666666666666,2.0,9.584710046040342,82.0,0.0,0.0,0.0,6.0,0.0,0.0,0.0,0.0,0.0,1.0,1.0,1.0,6.0,1.0,1.0,1.0,0.0,6.0,,,,0.0,,,,0.0,,,,,,,,,,,1.0,1.0,1.0,6.0,1.0,1.0,1.0,0.0,6.0,0.0,0.0,0.75,6.0,1.0,0.3333333333333333,0.0,0.5163977794943223,2.0,0.0,0.0,0.0,6.0,0.0,0.0,0.0,0.0,0.0,7.25,14.5,16.5,6.0,29.0,13.666666666666666,2.0,9.584710046040342,82.0
22434,stu_PDSWR7642D,N,0.0,0.0,0.0,6.0,0.0,0.0,0.0,0.0,0.0,1.0,1.0,1.0,6.0,1.0,1.0,1.0,0.0,6.0,0.0,0.0,0.0,6.0,0.0,0.0,0.0,0.0,0.0,0.0,0.0,0.0,6.0,0.0,0.0,0.0,0.0,0.0,-0.1806504369275355,-0.1805741049260079,-0.1804987300030603,6.0,-0.1804720464528626,-0.1805708515234743,-0.1806553668791786,8.87003172034227e-05,-1.0834251091408462,-0.3009685159081071,-0.3009318976828592,-0.3009146004814421,6.0,-0.3009096356363091,-0.3009616103202983,-0.3011066741889363,7.54943713575291e-05,-1.80576966192179,-0.0602312116893399,-0.060193671279002,-0.0601717282586452,6.0,-0.0600847038948584,-0.060186459957758,-0.0602385742157068,5.771155628827688e-05,-0.3611187597465484,0.0,0.0,0.0,6.0,0.0,0.0,0.0,0.0,0.0,0.0366379310344827,0.1670258620689655,0.1875,6.0,0.1875,-0.0484913793103448,-1.0,0.4717706380527049,-0.2909482758620689,9.0,9.0,9.0,5.0,17.0,8.8,0.0,6.016643582596529,44.0,0.0,0.0,0.0,6.0,0.0,0.0,0.0,0.0,0.0,1.0,1.0,1.0,6.0,1.0,0.6666666666666666,-1.0,0.816496580927726,4.0,0.995588235294118,0.999834138750102,0.999992910818092,5.0,0.9836523913203924,0.99771118702211,0.9999532178010946,6.0,0.999999999981851,0.6625148435844412,-1.0,0.8145004925447488,3.975089061506648,0.999999999981851,0.9950178123013296,0.979673776662484,0.0087825909029374,4.975089061506647,0.25,1.0,1.0,6.0,1.0,0.6666666666666666,0.0,0.5163977794943223,4.0,1.25,2.0,2.0,6.0,2.0,1.6666666666666667,1.0,0.5163977794943223,10.0,0.0,0.0,0.0,6.0,0.0,0.0,0.0,0.0,0.0,2.25,9.0,9.0,6.0,17.0,7.166666666666667,-1.0,6.705718952257592,43.0
22613,stu_PDSWR7642D,N,0.0,0.0,0.0,1.0,0.0,0.0,0.0,,0.0,1.0,1.0,1.0,1.0,1.0,1.0,1.0,,1.0,0.0,0.0,0.0,1.0,0.0,0.0,0.0,,0.0,0.0,0.0,0.0,1.0,0.0,0.0,0.0,,0.0,-0.1790599168865643,-0.1790599168865643,-0.1790599168865643,1.0,-0.1790599168865643,-0.1790599168865643,-0.1790599168865643,,-0.1790599168865643,-0.299388758016375,-0.299388758016375,-0.299388758016375,1.0,-0.299388758016375,-0.299388758016375,-0.299388758016375,,-0.299388758016375,-0.0588607399651865,-0.0588607399651865,-0.0588607399651865,1.0,-0.0588607399651865,-0.0588607399651865,-0.0588607399651865,,-0.0588607399651865,2.0,2.0,2.0,1.0,2.0,2.0,2.0,,2.0,-1.0,-1.0,-1.0,1.0,-1.0,-1.0,-1.0,,-1.0,,,,0.0,,,,,,0.0,0.0,0.0,1.0,0.0,0.0,0.0,,0.0,-1.0,-1.0,-1.0,1.0,-1.0,-1.0,-1.0,,-1.0,,,,0.0,-1.0,-1.0,-1.0,1.0,-1.0,-1.0,-1.0,,-1.0,,,,,,1.0,1.0,1.0,1.0,1.0,1.0,1.0,,1.0,3.0,3.0,3.0,1.0,3.0,3.0,3.0,,3.0,0.0,0.0,0.0,1.0,0.0,0.0,0.0,,0.0,-1.0,-1.0,-1.0,1.0,-1.0,-1.0,-1.0,,-1.0
26589,stu_PDSWR7642D,N,0.0,0.0,0.0,8.0,1.0,0.125,0.0,0.3535533905932738,1.0,1.0,1.0,1.0,8.0,1.0,0.875,0.0,0.3535533905932738,7.0,0.0,0.0,0.0,8.0,0.0,0.0,0.0,0.0,0.0,0.0,0.0,0.0,8.0,0.0,0.0,0.0,0.0,0.0,-0.1806973686714381,-0.1806683173487122,-0.1806164406988136,8.0,-0.1806019698700776,-0.1806607504461903,-0.1807136689160013,4.551507380969077e-05,-1.4452860035695223,-0.3010921983754162,-0.3010841130553301,-0.3010609786715328,8.0,-0.3010502663701364,-0.3010860945070776,-0.3011676879484021,3.728290733886689e-05,-2.4086887560566206,-0.0602377816350079,-0.0602308278609511,-0.060219751670303,8.0,-0.0601646997128244,-0.0602221618134976,-0.0602380159198686,2.484599916576145e-05,-0.4817772945079812,0.0,1.0,1.0,8.0,1.0,0.625,0.0,0.5175491695067657,5.0,0.0,0.0,0.05,8.0,0.2,0.05,0.0,0.0925820099772551,0.4,0.0,0.0,0.25,8.0,1.0,0.25,0.0,0.4629100498862757,2.0,0.0,0.0,0.0,8.0,0.0,0.0,0.0,0.0,0.0,1.0,1.0,1.25,8.0,2.0,1.25,1.0,0.4629100498862757,10.0,0.999999999998591,0.999999999999724,0.9999999999999584,7.0,0.9999999999975752,0.9999999999992966,0.9999999999999458,8.0,0.999999999999996,0.7499999999990227,-1.0,0.7071067811861526,5.999999999992181,0.999999999999996,0.999999999998883,0.999999999995362,1.6824144243971972e-12,6.999999999992181,1.0,1.0,1.0,8.0,1.0,0.875,0.0,0.3535533905932738,7.0,0.0,1.0,1.0,8.0,1.0,0.625,0.0,0.5175491695067657,5.0,0.0,0.0,0.0,8.0,0.0,0.0,0.0,0.0,0.0,0.0,0.0,0.25,8.0,1.0,0.25,0.0,0.4629100498862757,2.0
27895,stu_PDSWR7642D,N,0.0,0.0,0.0,8.0,1.0,0.125,0.0,0.3535533905932738,1.0,1.0,1.0,1.0,8.0,1.0,0.875,0.0,0.3535533905932738,7.0,0.0,0.0,0.0,8.0,0.0,0.0,0.0,0.0,0.0,0.0,0.0,0.0,8.0,0.0,0.0,0.0,0.0,0.0,-0.1805808642934782,-0.1805357519958341,-0.1804418785384602,8.0,-0.1803300598577141,-0.180502102209619,-0.1805932365280365,9.713863532387344e-05,-1.444016817676952,-0.3009088131469045,-0.3008424706530542,-0.300755162156564,8.0,-0.3007076322385489,-0.3008410026340867,-0.3009814763472093,9.958064451524616e-05,-2.4067280210726936,-0.0602119554677047,-0.0601887861904174,-0.06015110620612,8.0,-0.0601092888508784,-0.0601796540656346,-0.0602242379761461,4.029207473091681e-05,-0.4814372325250774,0.0,1.0,1.0,8.0,1.0,0.625,0.0,0.5175491695067657,5.0,0.03125,0.2571428571428571,0.4901960784313725,8.0,0.6976744186046512,0.2818565362191388,0.0,0.2663630037185534,2.2548522897531105,1.0,10.0,25.0,8.0,60.0,16.5,0.0,20.514803017751422,132.0,0.0,0.0,0.0,8.0,0.0,0.0,0.0,0.0,0.0,1.0,1.0,1.25,8.0,2.0,1.25,1.0,0.4629100498862757,10.0,0.9994044034447324,1.0,1.0,7.0,0.9898648100204556,0.9999998654071705,1.0,8.0,1.0,0.7452301023432394,-1.0,0.7052969429792328,5.961840818745915,1.0,0.9945486883922736,0.96303201185645,0.013904632678459,6.961840818745915,1.0,1.0,1.0,8.0,1.0,0.875,0.0,0.3535533905932738,7.0,0.0,0.0,0.0,8.0,0.0,0.0,0.0,0.0,0.0,0.0,0.0,0.0,8.0,0.0,0.0,0.0,0.0,0.0,1.0,10.0,25.0,8.0,60.0,16.5,0.0,20.514803017751422,132.0
28956,stu_PDSWR7642D,N,0.0,0.0,0.0,5.0,0.0,0.0,0.0,0.0,0.0,1.0,1.0,1.0,5.0,1.0,1.0,1.0,0.0,5.0,0.0,0.0,0.0,5.0,0.0,0.0,0.0,0.0,0.0,0.0,0.0,0.0,5.0,0.0,0.0,0.0,0.0,0.0,-0.1804226572103148,-0.1778054261380224,-0.177798367683496,5.0,-0.1777755373715391,-0.178873402210488,-0.1805650226490679,0.0014801478045193,-0.8943670110524404,-0.2981872256159183,-0.2981719123586407,-0.2981662097654358,5.0,-0.298028888928364,-0.2981544018084568,-0.2982177723739253,7.296019666404573e-05,-1.490772009042284,-0.0601921359654469,-0.0601743502551713,-0.0600319848164182,5.0,-0.0574318814628778,-0.0596057777856727,-0.0601985364284496,0.0012171617632801,-0.298028888928364,0.0,0.0,0.0,5.0,1.0,0.2,0.0,0.447213595499958,1.0,0.0,0.0,0.0,5.0,0.3333333333333333,-0.1333333333333333,-1.0,0.5055250296034367,-0.6666666666666667,0.0,0.0,0.5,4.0,2.0,0.5,0.0,1.0,2.0,0.0,0.0,0.0,5.0,0.0,0.0,0.0,0.0,0.0,1.0,1.0,1.0,5.0,2.0,0.8,-1.0,1.095445115010332,4.0,0.7626893084500217,0.8125856592793905,0.8624820101087592,2.0,-0.1436035211896734,0.712792957620653,0.8125856592793905,3.0,0.912378360938128,0.2083904395195936,-1.0,1.0512441077343158,0.625171318558781,0.912378360938128,0.8125856592793905,0.712792957620653,0.1411281921116386,1.625171318558781,0.0,1.0,1.0,5.0,1.0,0.6,0.0,0.5477225575051662,3.0,0.0,1.0,2.0,5.0,2.0,1.0,0.0,1.0,5.0,0.0,0.0,0.0,5.0,0.0,0.0,0.0,0.0,0.0,0.0,0.0,0.0,5.0,2.0,0.2,-1.0,1.095445115010332,1.0
29254,stu_TRXTM8464Q,?,1.0,1.0,1.0,1.0,1.0,1.0,1.0,,1.0,0.0,0.0,0.0,1.0,0.0,0.0,0.0,,0.0,0.0,0.0,0.0,1.0,0.0,0.0,0.0,,0.0,0.0,0.0,0.0,1.0,0.0,0.0,0.0,,0.0,-0.2963976393164251,-0.2963976393164251,-0.2963976393164251,1.0,-0.2963976393164251,-0.2963976393164251,-0.2963976393164251,,-0.2963976393164251,-0.4944656698776301,-0.4944656698776301,-0.4944656698776301,1.0,-0.4944656698776301,-0.4944656698776301,-0.4944656698776301,,-0.4944656698776301,-0.098291357895298,-0.098291357895298,-0.098291357895298,1.0,-0.098291357895298,-0.098291357895298,-0.098291357895298,,-0.098291357895298,3.0,3.0,3.0,1.0,3.0,3.0,3.0,,3.0,0.396551724137931,0.396551724137931,0.396551724137931,1.0,0.396551724137931,0.396551724137931,0.396551724137931,,0.396551724137931,23.0,23.0,23.0,1.0,23.0,23.0,23.0,,23.0,0.0,0.0,0.0,1.0,0.0,0.0,0.0,,0.0,3.0,3.0,3.0,1.0,3.0,3.0,3.0,,3.0,,,,0.0,,,,0.0,,,,,,,,,,,1.0,1.0,1.0,1.0,1.0,1.0,1.0,,1.0,2.0,2.0,2.0,1.0,2.0,2.0,2.0,,2.0,1.0,1.0,1.0,1.0,1.0,1.0,1.0,,1.0,23.0,23.0,23.0,1.0,23.0,23.0,23.0,,23.0
31027,stu_VHROB5941S,N,0.0,0.0,0.0,7.0,0.0,0.0,0.0,0.0,0.0,0.0,0.0,0.0,7.0,1.0,0.1428571428571428,0.0,0.3779644730092272,1.0,0.0,0.0,1.0,7.0,1.0,0.4285714285714285,0.0,0.5345224838248488,3.0,0.0,0.0,0.5,7.0,1.0,0.2857142857142857,0.0,0.4879500364742666,2.0,-0.1522525475334427,-0.1522143214624342,-0.1521396597450184,7.0,-0.1520862605841679,-0.1522014517921358,-0.1523251659414263,8.638277444950104e-05,-1.065410162544951,-0.2537165761646902,-0.2536052967237892,-0.2513507070733848,7.0,-0.2490173994328801,-0.2523635483917967,-0.2537875761097574,0.0022599798628522,-1.7665448387425768,-0.0507752576216733,-0.0507180247267894,-0.0507038429454838,7.0,-0.0506742250741123,-0.0507367266438118,-0.0508066355714665,5.216650049946833e-05,-0.3551570865066826,2.0,3.0,3.0,7.0,4.0,2.571428571428572,1.0,0.9759000729485332,18.0,0.4545454545454545,0.4545454545454545,0.5424836601307189,7.0,0.5424836601307189,0.4922332569391393,0.4545454545454545,0.0470049480725357,3.445632798573975,15.0,15.0,83.0,7.0,83.0,44.142857142857146,15.0,36.34752890008971,309.0,0.0,0.0,0.5,7.0,1.0,0.2857142857142857,0.0,0.4879500364742665,2.0,2.0,2.0,4.0,7.0,4.0,2.857142857142857,2.0,1.0690449676496976,20.0,,,,0.0,-1.0,-1.0,-1.0,6.0,-1.0,-1.0,-1.0,0.0,-6.0,,,,,,0.0,0.0,0.0,7.0,1.0,0.1428571428571428,0.0,0.3779644730092272,1.0,2.5,3.0,4.0,7.0,4.0,3.142857142857143,2.0,0.8997354108424372,22.0,0.0,0.0,0.0,7.0,1.0,0.1428571428571428,0.0,0.3779644730092272,1.0,15.0,15.0,83.0,7.0,83.0,44.142857142857146,15.0,36.34752890008971,309.0
33615,stu_VHROB5941S,N,0.0,0.0,0.5,3.0,1.0,0.3333333333333333,0.0,0.5773502691896258,1.0,0.5,1.0,1.0,3.0,1.0,0.6666666666666666,0.0,0.5773502691896258,2.0,0.0,0.0,0.0,3.0,0.0,0.0,0.0,0.0,0.0,0.0,0.0,0.0,3.0,0.0,0.0,0.0,0.0,0.0,-0.151833487022794,-0.1517902841783173,-0.1517207711960546,3.0,-0.1516512582137919,-0.15177274408646,-0.1518766898672707,0.0001137347735493,-0.4553182322593799,-0.2530926182488155,-0.2530860331278242,-0.2529413627738776,3.0,-0.2527966924199311,-0.2529939763058541,-0.253099203369807,0.0001709797138614,-0.7589819289175623,-0.0506669622217746,-0.0505809409177638,-0.0505186503262659,3.0,-0.0504563597347681,-0.0505967613927724,-0.0507529835257853,0.0001489433916677,-0.1517902841783173,3.0,3.0,3.0,3.0,3.0,3.0,3.0,0.0,9.0,0.2610837438423645,0.3793103448275862,0.3793103448275862,3.0,0.3793103448275862,0.3004926108374384,0.1428571428571428,0.1365163198083844,0.9014778325123152,7.0,11.0,11.0,3.0,11.0,8.333333333333334,3.0,4.618802153517006,25.0,0.0,0.0,0.0,3.0,0.0,0.0,0.0,0.0,0.0,2.5,4.0,4.0,3.0,4.0,3.0,1.0,1.7320508075688772,9.0,,,,0.0,-1.0,-1.0,-1.0,2.0,-1.0,-1.0,-1.0,0.0,-2.0,,,,,,0.0,0.0,0.5,3.0,1.0,0.3333333333333333,0.0,0.5773502691896258,1.0,2.5,3.0,3.0,3.0,3.0,2.6666666666666665,2.0,0.5773502691896258,8.0,0.0,0.0,0.0,3.0,0.0,0.0,0.0,0.0,0.0,7.0,11.0,11.0,3.0,11.0,8.333333333333334,3.0,4.618802153517006,25.0
34475,stu_VHROB5941S,N,0.0,0.0,0.0,6.0,0.0,0.0,0.0,0.0,0.0,0.25,1.0,1.0,6.0,1.0,0.6666666666666666,0.0,0.5163977794943223,4.0,0.0,0.0,0.0,6.0,1.0,0.1666666666666666,0.0,0.408248290463863,1.0,0.0,0.0,0.0,6.0,0.0,0.0,0.0,0.0,0.0,-0.1522440253146481,-0.1522023650676387,-0.1521536038145832,6.0,-0.1521376265509796,-0.1522024358753912,-0.1522769964388747,5.722163812247405e-05,-0.9132146152523476,-0.2537627883386522,-0.253702900153046,-0.253655271824032,6.0,-0.2536411052158163,-0.253708180388311,-0.2537800300264093,6.20637226612838e-05,-1.522249082329866,-0.0507641559776056,-0.0507490688686061,-0.0507223136535181,6.0,-0.050655046288552,-0.0507341216892129,-0.0507689658470855,4.3594376590749934e-05,-0.3044047301352774,0.25,1.0,1.0,6.0,1.0,0.6666666666666666,0.0,0.5163977794943223,4.0,0.5,0.5217391304347826,0.5917519181585678,6.0,0.6078431372549019,0.2931940892298948,-1.0,0.6353799706156128,1.759164535379369,12.0,25.0,93.0,5.0,93.0,47.0,12.0,42.32611487013661,235.0,2.0,2.0,2.0,6.0,3.0,2.1666666666666665,2.0,0.4082482904638629,13.0,1.25,2.0,2.0,6.0,2.0,1.3333333333333333,-1.0,1.2110601416389966,8.0,,,,0.0,-1.0,-1.0,-1.0,4.0,-1.0,-1.0,-1.0,0.0,-4.0,,,,,,0.0,0.5,1.0,6.0,1.0,0.5,0.0,0.5477225575051661,3.0,2.25,3.0,3.75,6.0,4.0,3.0,2.0,0.8944271909999159,18.0,0.0,0.0,0.0,6.0,0.0,0.0,0.0,0.0,0.0,12.0,18.5,76.0,6.0,93.0,39.0,-1.0,42.62862887778588,234.0
35804,stu_VHROB5941S,N,0.0,0.0,0.0,4.0,0.0,0.0,0.0,0.0,0.0,0.0,0.5,1.0,4.0,1.0,0.5,0.0,0.5773502691896257,2.0,0.0,0.5,1.0,4.0,1.0,0.5,0.0,0.5773502691896257,2.0,0.0,0.0,0.0,4.0,0.0,0.0,0.0,0.0,0.0,-0.1522335305941741,-0.1521921485204784,-0.1521513379665001,4.0,-0.1521335399321155,-0.1521927200401958,-0.1522530431877108,5.6494108942773136e-05,-0.6087708801607833,-0.2536806766341241,-0.2536302412834894,-0.2535865225539581,4.0,-0.2535229169613405,-0.2536369579045928,-0.2537644320900518,0.0001005969667245,-1.0145478316183711,-0.0507623099183415,-0.0507551987969022,-0.0507204170172878,4.0,-0.050623142338311,-0.0507275281387271,-0.0507765726227929,7.03424888731071e-05,-0.2029101125549085,1.0,1.5,2.0,4.0,2.0,1.5,1.0,0.5773502691896257,6.0,0.5294117647058824,0.5606242496998799,0.5918367346938775,4.0,0.5918367346938775,0.5606242496998799,0.5294117647058824,0.0360410732267233,2.24249699879952,27.0,28.0,29.0,4.0,29.0,28.0,27.0,1.1547005383792517,112.0,2.0,2.0,2.0,4.0,2.0,2.0,2.0,0.0,8.0,2.0,2.0,2.0,4.0,2.0,2.0,2.0,0.0,8.0,,,,0.0,-1.0,-1.0,-1.0,2.0,-1.0,-1.0,-1.0,0.0,-2.0,,,,,,0.0,0.5,1.0,4.0,1.0,0.5,0.0,0.5773502691896257,2.0,3.0,3.5,4.0,4.0,4.0,3.5,3.0,0.5773502691896257,14.0,0.0,0.0,0.0,4.0,0.0,0.0,0.0,0.0,0.0,27.0,28.0,29.0,4.0,29.0,28.0,27.0,1.1547005383792517,112.0
38921,stu_VHROB5941S,N,0.0,0.0,0.0,1.0,0.0,0.0,0.0,,0.0,1.0,1.0,1.0,1.0,1.0,1.0,1.0,,1.0,0.0,0.0,0.0,1.0,0.0,0.0,0.0,,0.0,0.0,0.0,0.0,1.0,0.0,0.0,0.0,,0.0,-0.1520539722489843,-0.1520539722489843,-0.1520539722489843,1.0,-0.1520539722489843,-0.1520539722489843,-0.1520539722489843,,-0.1520539722489843,-0.2536063487246849,-0.2536063487246849,-0.2536063487246849,1.0,-0.2536063487246849,-0.2536063487246849,-0.2536063487246849,,-0.2536063487246849,-0.0507501714464679,-0.0507501714464679,-0.0507501714464679,1.0,-0.0507501714464679,-0.0507501714464679,-0.0507501714464679,,-0.0507501714464679,1.0,1.0,1.0,1.0,1.0,1.0,1.0,,1.0,0.5294117647058824,0.5294117647058824,0.5294117647058824,1.0,0.5294117647058824,0.5294117647058824,0.5294117647058824,,0.5294117647058824,27.0,27.0,27.0,1.0,27.0,27.0,27.0,,27.0,0.0,0.0,0.0,1.0,0.0,0.0,0.0,,0.0,2.0,2.0,2.0,1.0,2.0,2.0,2.0,,2.0,,,,0.0,-1.0,-1.0,-1.0,1.0,-1.0,-1.0,-1.0,,-1.0,,,,,,0.0,0.0,0.0,1.0,0.0,0.0,0.0,,0.0,1.0,1.0,1.0,1.0,1.0,1.0,1.0,,1.0,0.0,0.0,0.0,1.0,0.0,0.0,0.0,,0.0,27.0,27.0,27.0,1.0,27.0,27.0,27.0,,27.0
39833,stu_AAIFB5697O,G,0.0,0.5,1.0,6.0,1.0,0.5,0.0,0.5477225575051661,3.0,0.0,0.5,1.0,6.0,1.0,0.5,0.0,0.5477225575051661,3.0,0.0,0.0,0.0,6.0,0.0,0.0,0.0,0.0,0.0,0.0,0.0,0.0,6.0,0.0,0.0,0.0,0.0,0.0,-0.1552777769239288,-0.1552753759821183,-0.1552479280292599,6.0,-0.1552369488481165,-0.155266343293163,-0.1552930029971189,2.300501003001559e-05,-0.9315980597589784,-0.2587952210851689,-0.2587709643338625,-0.2587561092604748,6.0,-0.2587505925235761,-0.2587756053503605,-0.2588066466725786,2.4029401873298938e-05,-1.5526536321021631,-0.0517639884680585,-0.0517617323066587,-0.0517615392661112,6.0,-0.0517521526694853,-0.0517614045398956,-0.0517665945154508,4.975573402018318e-06,-0.3105684272393741,2.25,3.0,3.0,6.0,4.0,2.833333333333333,2.0,0.752772652709081,17.0,0.5227272727272727,0.5879765395894427,0.6532258064516129,6.0,0.6532258064516129,0.334188660801564,-1.0,0.656735426164724,2.0051319648093844,46.0,81.0,81.0,5.0,81.0,67.0,46.0,19.170289512680814,335.0,0.0,0.0,0.0,6.0,0.0,0.0,0.0,0.0,0.0,2.0,3.0,4.0,6.0,4.0,2.5,-1.0,1.9748417658131496,15.0,,,,0.0,-1.0,-1.0,-1.0,5.0,-1.0,-1.0,-1.0,0.0,-5.0,,,,,,0.0,0.0,0.75,6.0,1.0,0.3333333333333333,0.0,0.5163977794943223,2.0,2.0,2.0,2.75,6.0,3.0,2.1666666666666665,1.0,0.752772652709081,13.0,0.0,0.0,0.0,6.0,0.0,0.0,0.0,0.0,0.0,46.0,63.5,81.0,6.0,81.0,55.66666666666666,-1.0,32.629230249374054,334.0
40540,stu_AAIFB5697O,N,0.0,0.0,0.0,5.0,0.0,0.0,0.0,0.0,0.0,0.0,0.0,1.0,5.0,1.0,0.4,0.0,0.5477225575051662,2.0,0.0,0.0,0.0,5.0,1.0,0.2,0.0,0.447213595499958,1.0,0.0,0.0,0.0,5.0,1.0,0.2,0.0,0.447213595499958,1.0,-0.1552231705790333,-0.1551897383691999,-0.1551846348597234,5.0,-0.1551484759521555,-0.1552084994974175,-0.1552964777269753,5.585637018725255e-05,-0.7760424974870874,-0.2587583865356845,-0.2587064706934208,-0.2586701187453053,5.0,-0.2586659080483613,-0.2587228115757731,-0.2588131738560935,6.267473519701345e-05,-1.2936140578788655,-0.0517418973903953,-0.05173848298571,-0.0517057384828274,5.0,-0.0517042544836179,-0.051734023749061,-0.0517797454027544,3.105887186754101e-05,-0.2586701187453053,1.0,1.0,2.0,5.0,3.0,1.6,1.0,0.8944271909999159,8.0,0.7333333333333333,0.7333333333333333,0.7333333333333333,5.0,0.8333333333333334,0.6066666666666667,0.0,0.3418901707988823,3.033333333333333,11.0,11.0,11.0,5.0,15.0,9.6,0.0,5.639148871948674,48.0,1.0,1.0,1.0,5.0,1.0,0.8,0.0,0.447213595499958,4.0,3.0,5.0,5.0,5.0,5.0,3.8,1.0,1.7888543819998317,19.0,,,,0.0,-1.0,-1.0,-1.0,3.0,-1.0,-1.0,-1.0,0.0,-3.0,,,,,,0.0,0.0,1.0,5.0,1.0,0.4,0.0,0.5477225575051662,2.0,4.0,5.0,5.0,5.0,5.0,4.4,3.0,0.8944271909999159,22.0,0.0,0.0,0.0,5.0,1.0,0.2,0.0,0.447213595499958,1.0,11.0,11.0,11.0,5.0,15.0,9.6,0.0,5.639148871948674,48.0
42596,stu_AAIFB5697O,N,0.0,0.0,0.0,4.0,0.0,0.0,0.0,0.0,0.0,0.75,1.0,1.0,4.0,1.0,0.75,0.0,0.5,3.0,0.0,0.0,0.25,4.0,1.0,0.25,0.0,0.5,1.0,0.0,0.0,0.0,4.0,0.0,0.0,0.0,0.0,0.0,-0.1551467657335543,-0.1550849475144516,-0.155023672221889,4.0,-0.155020839955105,-0.1550854904409917,-0.1551512267799585,7.252872853474556e-05,-0.6203419617639669,-0.2584928954575963,-0.2584682164300921,-0.2584580667200515,4.0,-0.2584514520650385,-0.2584827457475557,-0.2585430980650002,4.151360984881694e-05,-1.033930982990223,-0.0517218392709987,-0.0517197158249754,-0.0517152939899324,4.0,-0.0517058470681354,-0.0517174174359558,-0.051724391025737,8.089291294023877e-06,-0.2068696697438233,0.0,0.5,1.0,4.0,1.0,0.5,0.0,0.5773502691896257,2.0,0.6774193548387096,0.6831541218637993,0.700177304964539,4.0,0.7340425531914894,0.6944425379394493,0.6774193548387096,0.0269479854008991,2.7777701517577973,62.75,63.0,64.5,4.0,69.0,64.25,62.0,3.2015621187164243,257.0,1.0,1.0,1.0,4.0,1.0,1.0,1.0,0.0,4.0,1.0,1.5,2.0,4.0,2.0,1.5,1.0,0.5773502691896257,6.0,,,,0.0,-1.0,-1.0,-1.0,1.0,-1.0,-1.0,-1.0,,-1.0,,,,,,0.75,1.0,1.0,4.0,1.0,0.75,0.0,0.5,3.0,1.0,1.5,2.25,4.0,3.0,1.75,1.0,0.957427107756338,7.0,0.0,0.0,0.0,4.0,0.0,0.0,0.0,0.0,0.0,62.75,63.0,64.5,4.0,69.0,64.25,62.0,3.2015621187164243,257.0
45305,stu_LNUKZ7216T,N,0.0,0.0,0.25,4.0,1.0,0.25,0.0,0.5,1.0,0.75,1.0,1.0,4.0,1.0,0.75,0.0,0.5,3.0,0.0,0.0,0.0,4.0,0.0,0.0,0.0,0.0,0.0,0.0,0.0,0.0,4.0,0.0,0.0,0.0,0.0,0.0,-0.1455683860448594,-0.1454314007819931,-0.145331756224798,4.0,-0.1452866254847959,-0.1454687414876643,-0.1457255389018752,0.000196820102065,-0.5818749659506575,-0.2425612858908115,-0.2425229105284371,-0.2424626102978304,4.0,-0.2423357088320387,-0.2425009856602047,-0.2426224127519059,0.0001206514948746,-0.9700039426408188,-0.0485860188946575,-0.0485532054963591,-0.0484436249501898,4.0,-0.0481802144920776,-0.0484764383484882,-0.0486191279091568,0.0002007018971103,-0.1939057533939528,1.0,1.0,1.0,4.0,1.0,1.0,1.0,0.0,4.0,0.0,0.0714285714285714,0.1428571428571428,4.0,0.1428571428571428,0.0714285714285714,0.0,0.0824786098842322,0.2857142857142857,0.0,1.0,2.0,4.0,2.0,1.0,0.0,1.1547005383792517,4.0,0.0,0.0,0.0,4.0,0.0,0.0,0.0,0.0,0.0,1.0,1.5,2.0,4.0,2.0,1.5,1.0,0.5773502691896257,6.0,0.999980387352364,0.999980387352364,0.999980387352364,1.0,-0.5000049031619089,-9.806323817973528e-06,0.499985290514273,2.0,0.999980387352364,-9.806323817973528e-06,-1.0,1.4141996941369546,-1.9612647635947056e-05,0.999980387352364,0.999980387352364,0.999980387352364,,0.999980387352364,0.75,1.0,1.0,4.0,1.0,0.75,0.0,0.5,3.0,1.75,2.0,2.0,4.0,2.0,1.75,1.0,0.5,7.0,0.0,0.0,0.0,4.0,0.0,0.0,0.0,0.0,0.0,0.0,1.0,2.0,4.0,2.0,1.0,0.0,1.1547005383792517,4.0
45548,stu_LNUKZ7216T,N,0.0,0.0,0.0,3.0,0.0,0.0,0.0,0.0,0.0,0.5,1.0,1.0,3.0,1.0,0.6666666666666666,0.0,0.5773502691896258,2.0,0.0,0.0,0.5,3.0,1.0,0.3333333333333333,0.0,0.5773502691896258,1.0,0.0,0.0,0.0,3.0,0.0,0.0,0.0,0.0,0.0,-0.1449309006563958,-0.1449302875264977,-0.1448944632224495,3.0,-0.1448586389184014,-0.1449068134103977,-0.144931513786294,4.1724838976314666e-05,-0.4347204402311931,-0.2421298504687398,-0.2421008581835566,-0.2420572164733072,3.0,-0.2420135747630578,-0.2420910919001792,-0.2421588427539231,7.312477357751894e-05,-0.7262732757005376,-0.04854164361828,-0.0484825094293545,-0.0481289305555979,3.0,-0.0477753516818412,-0.0482862129728004,-0.0486007778072055,0.0004463533311741,-0.1448586389184014,1.0,1.0,1.0,3.0,1.0,1.0,1.0,0.0,3.0,0.5475206611570248,0.5950413223140496,0.5950413223140496,3.0,0.5950413223140496,0.5633608815426997,0.5,0.0548721330221545,1.6900826446280992,51.5,72.0,72.0,3.0,72.0,58.333333333333336,31.0,23.671361036774652,175.0,1.0,1.0,1.0,3.0,1.0,1.0,1.0,0.0,3.0,1.5,2.0,2.0,3.0,2.0,1.6666666666666667,1.0,0.5773502691896257,5.0,,,,0.0,-1.0,-1.0,-1.0,1.0,-1.0,-1.0,-1.0,,-1.0,,,,,,0.5,1.0,1.0,3.0,1.0,0.6666666666666666,0.0,0.5773502691896258,2.0,3.0,3.0,3.5,3.0,4.0,3.333333333333333,3.0,0.5773502691896258,10.0,0.0,0.0,0.0,3.0,0.0,0.0,0.0,0.0,0.0,51.5,72.0,72.0,3.0,72.0,58.333333333333336,31.0,23.671361036774652,175.0
50960,stu_LNUKZ7216T,N,0.5,1.0,1.0,3.0,1.0,0.6666666666666666,0.0,0.5773502691896258,2.0,0.0,0.0,0.5,3.0,1.0,0.3333333333333333,0.0,0.5773502691896258,1.0,0.0,0.0,0.0,3.0,0.0,0.0,0.0,0.0,0.0,0.0,0.0,0.0,3.0,0.0,0.0,0.0,0.0,0.0,-0.1458475079566113,-0.145796486790088,-0.1456915977825141,3.0,-0.1455867087749403,-0.1457605748960543,-0.1458985291231347,0.0001589818558415,-0.437281724688163,-0.2432487687378435,-0.2431977475713201,-0.2430616765289269,3.0,-0.2429256054865337,-0.2431410476540736,-0.2432997899043669,0.0001934286822038,-0.7294231429622209,-0.0485791102345553,-0.0485596324115414,-0.0484940603586855,3.0,-0.0484284883058296,-0.0485289029249801,-0.0485985880575693,8.911625774077771e-05,-0.1455867087749403,1.0,1.0,1.5,3.0,2.0,1.3333333333333333,1.0,0.5773502691896257,4.0,0.5778508771929824,0.6140350877192983,0.6140350877192983,3.0,0.6140350877192983,0.5899122807017544,0.5416666666666666,0.041781927375565,1.7697368421052633,30.5,35.0,35.0,3.0,35.0,32.0,26.0,5.196152422706632,96.0,1.0,1.0,1.0,3.0,1.0,1.0,1.0,0.0,3.0,2.0,2.0,2.0,3.0,2.0,2.0,2.0,0.0,6.0,0.419173541047457,0.428249421894884,0.437325302742311,2.0,-0.294951169899985,0.41009766020003,0.428249421894884,3.0,0.446401183589738,-0.0478337187367439,-1.0,0.8247999495839281,-0.1435011562102319,0.446401183589738,0.428249421894884,0.41009766020003,0.0256704675698269,0.856498843789768,0.0,0.0,0.5,3.0,1.0,0.3333333333333333,0.0,0.5773502691896258,1.0,4.5,5.0,5.0,3.0,5.0,4.666666666666667,4.0,0.5773502691896258,14.0,0.0,0.0,0.0,3.0,0.0,0.0,0.0,0.0,0.0,30.5,35.0,35.0,3.0,35.0,32.0,26.0,5.196152422706632,96.0
53022,stu_LNUKZ7216T,?,0.0,0.0,0.0,5.0,0.0,0.0,0.0,0.0,0.0,0.0,0.0,0.0,5.0,1.0,0.2,0.0,0.447213595499958,1.0,0.0,0.0,1.0,5.0,1.0,0.4,0.0,0.5477225575051662,2.0,0.0,0.0,0.0,5.0,1.0,0.2,0.0,0.447213595499958,1.0,-0.1458484057539621,-0.1457446116212065,-0.1452800781333837,5.0,-0.1452154805191159,-0.1455875408798021,-0.1458491283713421,0.0003138916885388,-0.7279377043990105,-0.2424686485324522,-0.2424682105825249,-0.2424636340057853,5.0,-0.2407580599116482,-0.2422328825686222,-0.2430058598107002,0.0008568557019526,-1.211164412843111,-0.0486009748846728,-0.0486002522672928,-0.0485878801818483,5.0,-0.0485564791720652,-0.04860117196214,-0.048660273304821,3.764296180171338e-05,-0.2430058598107003,2.0,2.0,3.0,5.0,3.0,2.2,1.0,0.8366600265340756,11.0,0.6363636363636364,0.6363636363636364,0.6363636363636364,5.0,0.6363636363636364,0.5948051948051948,0.4285714285714285,0.0929275003636276,2.974025974025974,7.0,7.0,7.0,5.0,7.0,6.2,3.0,1.7888543819998322,31.0,0.0,0.0,0.0,5.0,1.0,0.2,0.0,0.447213595499958,1.0,3.0,3.0,3.0,5.0,3.0,2.8,2.0,0.4472135954999578,14.0,0.379733142506428,0.379733142506428,0.379733142506428,1.0,-1.0,-1.0,-1.0,5.0,0.379733142506428,-0.7240533714987144,-1.0,0.6170354194907556,-3.620266857493572,0.379733142506428,0.379733142506428,0.379733142506428,,0.379733142506428,0.0,0.0,0.0,5.0,1.0,0.2,0.0,0.447213595499958,1.0,1.0,2.0,3.0,5.0,4.0,2.2,1.0,1.3038404810405295,11.0,0.0,0.0,0.0,5.0,0.0,0.0,0.0,0.0,0.0,7.0,7.0,7.0,5.0,7.0,6.2,3.0,1.7888543819998322,31.0
53048,stu_LNUKZ7216T,N,0.0,0.0,0.0,4.0,0.0,0.0,0.0,0.0,0.0,0.75,1.0,1.0,4.0,1.0,0.75,0.0,0.5,3.0,0.0,0.0,0.25,4.0,1.0,0.25,0.0,0.5,1.0,0.0,0.0,0.0,4.0,0.0,0.0,0.0,0.0,0.0,-0.1456842402237365,-0.1456785030796897,-0.1456466039018644,4.0,-0.1455637820962493,-0.1456523410459112,-0.1456885759280162,5.933351846379219e-05,-0.582609364183645,-0.2428150723992725,-0.2427724215507335,-0.2427580677418682,4.0,-0.242715039161517,-0.2428007185904073,-0.2429429920986451,9.86308958180195e-05,-0.9712028743616292,-0.0486434122326222,-0.048604314252868,-0.0485435377517153,4.0,-0.0484741664832406,-0.0485826357314696,-0.0486477479369019,8.120047639204533e-05,-0.1943305429258786,0.75,1.0,1.0,4.0,1.0,0.75,0.0,0.5,3.0,0.0714285714285714,0.4285714285714285,0.4805194805194805,4.0,0.6363636363636364,0.1233766233766233,-1.0,0.7552965094756259,0.4935064935064935,3.0,3.0,5.0,3.0,7.0,4.333333333333333,3.0,2.309401076758503,13.0,0.0,0.0,0.0,4.0,0.0,0.0,0.0,0.0,0.0,0.5,1.5,2.0,4.0,2.0,1.0,-1.0,1.4142135623730951,4.0,0.8159470455160536,0.855730485135881,0.8955139247557085,2.0,-1.0,-0.1119181970518869,0.8159470455160536,4.0,0.935297364375536,-0.0721347574320595,-1.0,1.0733743382446663,-0.288539029728238,0.935297364375536,0.855730485135881,0.776163605896226,0.1125245597364223,1.711460970271762,0.75,1.0,1.0,4.0,1.0,0.75,0.0,0.5,3.0,0.0,0.5,1.0,4.0,1.0,0.5,0.0,0.5773502691896257,2.0,0.0,0.0,0.0,4.0,0.0,0.0,0.0,0.0,0.0,2.0,3.0,4.0,4.0,7.0,3.0,-1.0,3.265986323710904,12.0
54270,stu_LNUKZ7216T,N,0.0,0.0,0.25,4.0,1.0,0.25,0.0,0.5,1.0,0.75,1.0,1.0,4.0,1.0,0.75,0.0,0.5,3.0,0.0,0.0,0.0,4.0,0.0,0.0,0.0,0.0,0.0,0.0,0.0,0.0,4.0,0.0,0.0,0.0,0.0,0.0,-0.1455583022477848,-0.1454665572124022,-0.1454283187093801,4.0,-0.1453373181888739,-0.1455200637447627,-0.1458098223653723,0.0002026547740655,-0.5820802549790509,-0.2426974062025715,-0.242669547112825,-0.242647222615284,4.0,-0.2426468941528385,-0.2426750817050305,-0.2427143384416334,3.358524593184346e-05,-0.970700326820122,-0.0486254234393609,-0.0485864349470884,-0.0484545791727448,4.0,-0.048164448294697,-0.0484935676650173,-0.0486369524711955,0.0002225592329273,-0.1939742706600694,1.0,1.0,1.0,4.0,1.0,1.0,1.0,0.0,4.0,0.2416666666666666,0.3,0.3,4.0,0.3,0.2416666666666666,0.0666666666666666,0.1166666666666666,0.9666666666666666,4.75,6.0,6.0,4.0,6.0,4.75,1.0,2.5,19.0,2.0,2.0,2.25,4.0,3.0,2.25,2.0,0.5,9.0,1.0,1.5,2.0,4.0,2.0,1.5,1.0,0.5773502691896257,6.0,,,,0.0,-1.0,-1.0,-1.0,1.0,-1.0,-1.0,-1.0,,-1.0,,,,,,0.75,1.0,1.0,4.0,1.0,0.75,0.0,0.5,3.0,1.75,2.5,3.0,4.0,3.0,2.25,1.0,0.957427107756338,9.0,0.75,1.0,1.0,4.0,1.0,0.75,0.0,0.5,3.0,4.75,6.0,6.0,4.0,6.0,4.75,1.0,2.5,19.0
55515,stu_CGTEZ4186Q,N,0.0,0.0,0.0,8.0,1.0,0.125,0.0,0.3535533905932738,1.0,0.0,1.0,1.0,8.0,1.0,0.625,0.0,0.5175491695067657,5.0,0.0,0.0,0.25,8.0,1.0,0.25,0.0,0.4629100498862757,2.0,0.0,0.0,0.0,8.0,0.0,0.0,0.0,0.0,0.0,-0.1345022957699166,-0.1344974954528563,-0.1344767918473754,8.0,-0.1344530631042515,-0.1344870541237764,-0.1345029932227328,2.0805480765890248e-05,-1.0758964329902114,-0.2241646143377784,-0.2241521335134217,-0.2241235959269195,8.0,-0.2241165548934766,-0.2241461685013163,-0.224171259750064,2.2209346364656988e-05,-1.7931693480105306,-0.0448345783374676,-0.0448331305686633,-0.0448299894730949,8.0,-0.044795928537762,-0.0448280403567894,-0.0448355520429885,1.334160273777252e-05,-0.3586243228543156,1.0,2.0,3.0,8.0,3.0,2.0,1.0,0.9258200997725514,16.0,0.6102320675105486,0.6405555555555555,0.7079646017699115,8.0,0.7079646017699115,0.4529638705301022,-1.0,0.5888507785016455,3.623710964240818,46.0,67.0,80.0,7.0,80.0,63.285714285714285,44.0,17.461522324950995,443.0,0.0,0.0,0.0,8.0,0.0,0.0,0.0,0.0,0.0,1.0,2.0,3.0,8.0,3.0,1.75,-1.0,1.3887301496588271,14.0,,,,0.0,-1.0,-1.0,-1.0,4.0,-1.0,-1.0,-1.0,0.0,-4.0,,,,,,0.0,1.0,1.0,8.0,1.0,0.625,0.0,0.5175491695067657,5.0,1.75,2.0,3.0,8.0,3.0,2.125,1.0,0.8345229603962802,17.0,0.0,0.0,0.0,8.0,1.0,0.125,0.0,0.3535533905932738,1.0,44.0,57.5,80.0,8.0,80.0,55.25,-1.0,27.89137091339491,442.0
56321,stu_CGTEZ4186Q,N,0.0,0.5,1.0,6.0,1.0,0.5,0.0,0.5477225575051661,3.0,0.0,0.5,1.0,6.0,1.0,0.5,0.0,0.5477225575051661,3.0,0.0,0.0,0.0,6.0,0.0,0.0,0.0,0.0,0.0,0.0,0.0,0.0,6.0,0.0,0.0,0.0,0.0,0.0,-0.1344597323902277,-0.1344489124926265,-0.1344373917316818,6.0,-0.1344239303807497,-0.1344477131238879,-0.1344676328765297,1.6567409543595064e-05,-0.8066862787433278,-0.2240940607612058,-0.2240885067176302,-0.2240791823362144,6.0,-0.2240659017432249,-0.2240852508009788,-0.2240966033092473,1.1968553924512392e-05,-1.344511504805873,-0.0448208168601403,-0.0448171283749533,-0.0448136035950728,6.0,-0.044783309587053,-0.0448131755739069,-0.044827012082833,1.5430306305859972e-05,-0.2688790534434414,2.0,2.0,2.75,6.0,3.0,2.333333333333333,2.0,0.5163977794943222,14.0,0.5,0.5,0.5,6.0,0.5714285714285714,0.4285714285714285,0.0,0.2118913853455903,2.571428571428571,2.0,2.0,2.75,6.0,4.0,2.1666666666666665,0.0,1.3291601358251257,13.0,0.0,0.0,0.0,6.0,0.0,0.0,0.0,0.0,0.0,1.25,2.5,3.0,6.0,3.0,2.1666666666666665,1.0,0.983192080250175,13.0,,,,0.0,-1.0,-1.0,-1.0,2.0,-1.0,-1.0,-1.0,0.0,-2.0,,,,,,0.25,1.0,1.0,6.0,1.0,0.6666666666666666,0.0,0.5163977794943223,4.0,2.0,2.0,2.75,6.0,3.0,2.333333333333333,2.0,0.5163977794943222,14.0,0.25,1.0,1.0,6.0,1.0,0.6666666666666666,0.0,0.5163977794943223,4.0,2.0,2.0,2.75,6.0,4.0,2.1666666666666665,0.0,1.3291601358251257,13.0
56954,stu_CGTEZ4186Q,N,0.0,0.0,0.0,8.0,0.0,0.0,0.0,0.0,0.0,1.0,1.0,1.0,8.0,1.0,0.875,0.0,0.3535533905932738,7.0,0.0,0.0,0.0,8.0,0.0,0.0,0.0,0.0,0.0,0.0,0.0,0.0,8.0,0.0,0.0,0.0,0.0,0.0,-0.1345375759687302,-0.1345019257277135,-0.1344256731601585,8.0,-0.1343985697003518,-0.1344827133752589,-0.1345377737793089,5.924837936893654e-05,-1.0758617070020715,-0.2241856197749147,-0.2241051739641444,-0.2240457182431413,8.0,-0.2240371168934958,-0.2241188578519775,-0.2242294228812476,7.796467506108859e-05,-1.79295086281582,-0.0448458535404525,-0.0448458245509712,-0.044823113850222,8.0,-0.0447782688278238,-0.0448309290733436,-0.0448460632878765,2.4553798230962608e-05,-0.3586474325867493,0.0,0.0,0.0,8.0,0.0,0.0,0.0,0.0,0.0,0.0,0.0,0.75,8.0,0.8301886792452831,0.2912735849056603,0.0,0.4027567207981705,2.330188679245283,0.0,0.0,3.0,8.0,44.0,6.25,0.0,15.313392831113555,50.0,2.0,2.5,4.0,8.0,4.0,2.75,1.0,1.164964745021435,22.0,1.0,1.0,1.0,8.0,3.0,1.25,1.0,0.7071067811865476,10.0,0.9999999990033936,0.99999999923571,0.9999999994680264,2.0,-6.144614816960824e-10,0.999999998771077,0.99999999923571,3.0,0.999999999700343,0.3333333328238066,-1.0,1.1547005379379889,0.99999999847142,0.999999999700343,0.99999999923571,0.999999998771077,6.570902883474863e-10,1.99999999847142,0.0,1.0,1.0,8.0,1.0,0.625,0.0,0.5175491695067657,5.0,0.75,2.5,3.25,8.0,4.0,2.125,0.0,1.6420805617960927,17.0,0.0,1.0,1.0,8.0,1.0,0.625,0.0,0.5175491695067657,5.0,0.0,0.0,3.0,8.0,44.0,6.25,0.0,15.313392831113555,50.0
57595,stu_CGTEZ4186Q,N,0.0,0.0,0.0,8.0,0.0,0.0,0.0,0.0,0.0,0.0,1.0,1.0,8.0,1.0,0.625,0.0,0.5175491695067657,5.0,0.0,0.0,1.0,8.0,1.0,0.375,0.0,0.5175491695067657,3.0,0.0,0.0,0.0,8.0,0.0,0.0,0.0,0.0,0.0,-0.1345107965090087,-0.1345044290546915,-0.1344239832439211,8.0,-0.1344205607798572,-0.1344774765107141,-0.1345201822799145,4.601384628369804e-05,-1.0758198120857132,-0.2241786605941219,-0.2241020567422634,-0.2240967363198023,8.0,-0.2240949457930125,-0.2241305875077112,-0.2241956723038886,4.494392225270788e-05,-1.7930447000616896,-0.0448458740036158,-0.0448404154548024,-0.0448269455775522,8.0,-0.0447504525678283,-0.0448275637356106,-0.0448461042142031,3.243871395669062e-05,-0.3586205098848851,1.0,2.0,2.0,8.0,3.0,1.75,1.0,0.7071067811865476,14.0,0.0,0.0,0.6666666666666666,8.0,0.6666666666666666,0.125,-1.0,0.5616726720040689,1.0,0.0,0.0,2.0,7.0,2.0,0.8571428571428571,0.0,1.0690449676496976,6.0,0.0,0.0,0.0,8.0,0.0,0.0,0.0,0.0,0.0,1.0,1.0,2.0,8.0,2.0,1.125,-1.0,0.9910312089651148,9.0,0.8523366907519285,0.9997668738900156,0.9999890287058536,4.0,-0.6473245840108655,0.705125015153465,0.9998761276598273,6.0,0.999999970534497,0.235039230378511,-1.0,0.9834920293211172,1.410235382271066,0.999999970534497,0.8525588455677665,0.410701663956538,0.2945715289303042,3.410235382271066,0.0,1.0,1.0,8.0,1.0,0.625,0.0,0.5175491695067657,5.0,1.0,2.0,2.0,8.0,2.0,1.5,0.0,0.7559289460184544,12.0,0.0,0.5,1.0,8.0,1.0,0.5,0.0,0.5345224838248488,4.0,0.0,0.0,2.0,8.0,2.0,0.625,-1.0,1.1877349391654208,5.0
58114,stu_CGTEZ4186Q,N,0.0,0.0,0.0,4.0,0.0,0.0,0.0,0.0,0.0,0.0,0.5,1.0,4.0,1.0,0.5,0.0,0.5773502691896257,2.0,0.0,0.0,0.0,4.0,0.0,0.0,0.0,0.0,0.0,0.0,0.0,0.25,4.0,1.0,0.25,0.0,0.5,1.0,-0.1344435733122656,-0.1344350657521186,-0.1344247301493824,4.0,-0.1344189851162826,-0.1344332377095294,-0.1344438342175978,1.243541456448458e-05,-0.5377329508381177,-0.2240629090055834,-0.2240563829617505,-0.2240498876126626,4.0,-0.2240491355914109,-0.2240564136564955,-0.2240637531110701,7.849238801771743e-06,-0.8962256546259821,-0.0448273753039818,-0.0448185539753307,-0.0448054711929199,4.0,-0.0447818771656211,-0.044814292521571,-0.0448381849700013,2.3891292999424208e-05,-0.179257170086284,0.0,0.0,0.0,4.0,0.0,0.0,0.0,0.0,0.0,0.21875,0.625,0.625,4.0,0.625,0.21875,-1.0,0.8125,0.875,30.0,30.0,30.0,3.0,30.0,30.0,30.0,0.0,90.0,3.0,3.0,3.25,4.0,4.0,3.25,3.0,0.5,13.0,0.5,1.0,1.0,4.0,1.0,0.5,-1.0,1.0,2.0,,,,0.0,-1.0,-1.0,-1.0,3.0,-1.0,-1.0,-1.0,0.0,-3.0,,,,,,0.0,0.5,1.0,4.0,1.0,0.5,0.0,0.5773502691896257,2.0,3.0,3.0,3.0,4.0,3.0,3.0,3.0,0.0,12.0,0.0,0.0,0.0,4.0,0.0,0.0,0.0,0.0,0.0,22.25,30.0,30.0,4.0,30.0,22.25,-1.0,15.5,89.0
59496,stu_DHEHV9676Z,N,0.0,0.0,0.0,6.0,0.0,0.0,0.0,0.0,0.0,0.0,0.0,0.75,6.0,1.0,0.3333333333333333,0.0,0.5163977794943223,2.0,0.0,0.5,1.0,6.0,1.0,0.5,0.0,0.5477225575051661,3.0,0.0,0.0,0.0,6.0,1.0,0.1666666666666666,0.0,0.408248290463863,1.0,-0.1386293014881208,-0.1385710940022445,-0.1385109820156237,6.0,-0.1385046228741305,-0.1385734874599178,-0.1386544652107243,7.037897756462483e-05,-0.8314409247595069,-0.2309995367086824,-0.2309452246697191,-0.2309278923622339,6.0,-0.2309240509437109,-0.2309640247484636,-0.2310298925595569,4.674398745528629e-05,-1.385784148490782,-0.0462171051185307,-0.0462132150744567,-0.0462075583020325,6.0,-0.0460873235231128,-0.0461950381231426,-0.046232400555716,5.349867605470112e-05,-0.2771702287388556,1.0,1.5,2.75,6.0,3.0,1.6666666666666667,0.0,1.2110601416389968,10.0,0.5865900383141762,0.6222222222222222,0.6222222222222222,6.0,0.6222222222222222,0.3439335887611749,-1.0,0.6586645150975322,2.06360153256705,56.0,56.0,56.0,5.0,56.0,54.8,50.0,2.683281572999748,274.0,0.0,0.0,0.0,6.0,0.0,0.0,0.0,0.0,0.0,1.75,4.0,4.0,6.0,4.0,2.6666666666666665,-1.0,2.160246899469287,16.0,,,,0.0,-1.0,-1.0,-1.0,4.0,-1.0,-1.0,-1.0,0.0,-4.0,,,,,,0.0,0.5,1.0,6.0,1.0,0.5,0.0,0.5477225575051661,3.0,1.0,1.0,1.75,6.0,3.0,1.3333333333333333,0.0,1.0327955589886446,8.0,0.0,0.0,0.0,6.0,0.0,0.0,0.0,0.0,0.0,51.5,56.0,56.0,6.0,56.0,45.5,-1.0,22.90633100258529,273.0
59665,stu_DHEHV9676Z,?,0.0,0.0,0.0,8.0,0.0,0.0,0.0,0.0,0.0,1.0,1.0,1.0,8.0,1.0,1.0,1.0,0.0,8.0,0.0,0.0,0.0,8.0,0.0,0.0,0.0,0.0,0.0,0.0,0.0,0.0,8.0,0.0,0.0,0.0,0.0,0.0,-0.13869853076554,-0.138697898633378,-0.1385789524315578,8.0,-0.138567511919993,-0.1386520866108582,-0.13869853076554,6.384735549644576e-05,-1.109216692886866,-0.2311635506919513,-0.2310443019311475,-0.2310285013285165,8.0,-0.2310163746563998,-0.2310806724925294,-0.2311642179425667,6.963790366551886e-05,-1.848645379940236,-0.0462328435885133,-0.0462328435885133,-0.0462325977593392,8.0,-0.0461137974341718,-0.046217875023087,-0.0462328435885133,4.205414658560534e-05,-0.3697430001846964,0.0,0.0,0.25,8.0,2.0,0.375,0.0,0.7440238091428449,3.0,0.0,0.0,0.0,8.0,0.627906976744186,0.0784883720930232,0.0,0.2219986406050789,0.627906976744186,0.0,0.0,0.0,8.0,81.0,10.125,0.0,28.63782463805517,81.0,0.0,0.0,0.0,8.0,1.0,0.125,0.0,0.3535533905932738,1.0,1.0,1.0,1.0,8.0,2.0,1.125,1.0,0.3535533905932738,9.0,0.9062721626530624,0.996149905411326,0.998074952705549,7.0,0.9062721626530624,0.996149905411326,0.998074952705549,7.0,0.999999999999772,0.9477189104679696,0.829188237147466,0.0811652600737667,6.634032373275787,0.999999999999772,0.9477189104679696,0.829188237147466,0.0811652600737667,6.634032373275787,0.0,0.0,1.0,8.0,1.0,0.375,0.0,0.5175491695067657,3.0,1.75,2.5,3.25,8.0,5.0,2.625,1.0,1.407885953173359,21.0,0.0,0.0,0.25,8.0,1.0,0.25,0.0,0.4629100498862757,2.0,0.0,0.0,0.0,8.0,81.0,10.125,0.0,28.63782463805517,81.0
61307,stu_DHEHV9676Z,N,0.0,0.0,0.0,5.0,0.0,0.0,0.0,0.0,0.0,0.0,0.0,1.0,5.0,1.0,0.4,0.0,0.5477225575051662,2.0,0.0,0.0,0.0,5.0,1.0,0.2,0.0,0.447213595499958,1.0,0.0,0.0,1.0,5.0,1.0,0.4,0.0,0.5477225575051662,2.0,-0.1386347556540829,-0.1386291475072095,-0.138563665098631,5.0,-0.1385509252042888,-0.1386083249657358,-0.1386631313644669,4.8541572918958384e-05,-0.6930416248286791,-0.2310580953790932,-0.2310238629912422,-0.2310003822529846,5.0,-0.2309815587619378,-0.2310247166398029,-0.2310596838137567,3.461335367467664e-05,-1.1551235831990143,-0.0462324978068178,-0.0461980384997292,-0.046185298605387,5.0,-0.0461331287920838,-0.0461963117523875,-0.0462325950579197,4.105565226479541e-05,-0.2309815587619378,2.0,2.0,3.0,5.0,3.0,2.2,1.0,0.8366600265340756,11.0,0.5714285714285714,0.5714285714285714,0.5714285714285714,5.0,0.6346153846153846,0.584065934065934,0.5714285714285714,0.0282580019134588,2.9203296703296697,28.0,28.0,28.0,5.0,33.0,29.0,28.0,2.23606797749979,145.0,0.0,0.0,0.0,5.0,0.0,0.0,0.0,0.0,0.0,5.0,5.0,5.0,5.0,5.0,4.2,1.0,1.7888543819998317,21.0,,,,0.0,-1.0,-1.0,-1.0,4.0,-1.0,-1.0,-1.0,0.0,-4.0,,,,,,0.0,0.0,0.0,5.0,1.0,0.2,0.0,0.447213595499958,1.0,4.0,4.0,4.0,5.0,5.0,4.2,4.0,0.4472135954999579,21.0,0.0,0.0,0.0,5.0,0.0,0.0,0.0,0.0,0.0,28.0,28.0,28.0,5.0,33.0,29.0,28.0,2.23606797749979,145.0
61484,stu_DHEHV9676Z,N,0.0,0.0,0.0,6.0,0.0,0.0,0.0,0.0,0.0,1.0,1.0,1.0,6.0,1.0,1.0,1.0,0.0,6.0,0.0,0.0,0.0,6.0,0.0,0.0,0.0,0.0,0.0,0.0,0.0,0.0,6.0,0.0,0.0,0.0,0.0,0.0,-0.138610761646121,-0.1386065906544195,-0.138587872518733,6.0,-0.1385634273737154,-0.1385997416555244,-0.1386280561337332,2.315629075728387e-05,-0.8315984499331468,-0.2310010792192145,-0.2309793219865952,-0.2309726548832796,6.0,-0.2308835080399177,-0.2309748070141446,-0.2310279259261639,4.961653428998088e-05,-1.3858488420848676,-0.04622594956596,-0.0461979844713393,-0.0461836345309776,6.0,-0.0461674584310366,-0.0462016602028,-0.046232411361394,2.696607324169221e-05,-0.2772099612168001,0.0,0.0,0.0,6.0,0.0,0.0,0.0,0.0,0.0,0.0946291560102301,0.142156862745098,0.2666666666666666,6.0,0.3225806451612903,0.1656418153984361,0.0,0.1253914283213245,0.9938508923906167,2.0,2.5,7.5,6.0,10.0,4.333333333333333,0.0,4.1311822359545785,26.0,0.0,0.0,0.75,6.0,2.0,0.5,0.0,0.8366600265340756,3.0,1.0,1.0,1.0,6.0,1.0,1.0,1.0,0.0,6.0,0.9999967942083056,0.9999995180434996,0.9999999999995104,6.0,0.9999967942083056,0.9999995180434996,0.9999999999995104,6.0,0.999999999999933,0.9999985216527864,0.999996046915031,1.9529375173310887e-06,5.999991129916718,0.999999999999933,0.9999985216527864,0.999996046915031,1.9529375173310887e-06,5.999991129916718,1.0,1.0,1.0,6.0,1.0,1.0,1.0,0.0,6.0,0.0,0.0,0.0,6.0,0.0,0.0,0.0,0.0,0.0,0.0,0.0,0.0,6.0,0.0,0.0,0.0,0.0,0.0,2.0,2.5,7.5,6.0,10.0,4.333333333333333,0.0,4.1311822359545785,26.0
61576,stu_DHEHV9676Z,N,0.0,0.0,0.5,3.0,1.0,0.3333333333333333,0.0,0.5773502691896258,1.0,0.5,1.0,1.0,3.0,1.0,0.6666666666666666,0.0,0.5773502691896258,2.0,0.0,0.0,0.0,3.0,0.0,0.0,0.0,0.0,0.0,0.0,0.0,0.0,3.0,0.0,0.0,0.0,0.0,0.0,-0.1383961014501447,-0.1383291602750384,-0.1382496412907596,3.0,-0.1381701223064808,-0.1383207750689234,-0.1384630426252509,0.0001466400765421,-0.4149623252067702,-0.2306182934794967,-0.2305835532247805,-0.2305636707772913,3.0,-0.2305437883298021,-0.2305934584295985,-0.2306530337342128,5.5292173117716273e-05,-0.6917803752887955,-0.0461946455168425,-0.0461806413581762,-0.046127196474871,3.0,-0.0460737515915658,-0.0461543475417503,-0.0462086496755088,7.118916244451273e-05,-0.1384630426252509,2.0,2.0,2.0,3.0,2.0,2.0,2.0,0.0,6.0,-0.4166666666666667,0.1666666666666666,0.2745098039215686,3.0,0.3823529411764705,-0.1503267973856209,-1.0,0.7436992373827684,-0.4509803921568628,5.5,8.0,10.5,2.0,13.0,8.0,3.0,7.071067811865476,16.0,0.0,0.0,0.0,3.0,0.0,0.0,0.0,0.0,0.0,0.0,1.0,1.5,3.0,2.0,0.6666666666666666,-1.0,1.5275252316519463,2.0,0.999103565502526,0.999103565502526,0.999103565502526,1.0,-0.5002241086243685,-0.000448217248737,0.4993276741268945,2.0,0.999103565502526,-0.000448217248737,-1.0,1.4135796874610416,-0.000896434497474,0.999103565502526,0.999103565502526,0.999103565502526,,0.999103565502526,1.0,1.0,1.0,3.0,1.0,1.0,1.0,0.0,3.0,2.5,3.0,3.0,3.0,3.0,2.6666666666666665,2.0,0.5773502691896258,8.0,0.0,0.0,0.0,3.0,0.0,0.0,0.0,0.0,0.0,1.0,3.0,8.0,3.0,13.0,5.0,-1.0,7.211102550927978,15.0
63619,stu_DHEHV9676Z,N,0.0,0.0,0.0,8.0,0.0,0.0,0.0,0.0,0.0,1.0,1.0,1.0,8.0,1.0,1.0,1.0,0.0,8.0,0.0,0.0,0.0,8.0,0.0,0.0,0.0,0.0,0.0,0.0,0.0,0.0,8.0,0.0,0.0,0.0,0.0,0.0,-0.1386695796528034,-0.1386685774261704,-0.1386665513615486,8.0,-0.1386439945087585,-0.1386657733527337,-0.1386740450992299,9.22413296128328e-06,-1.1093261868218702,-0.231114001255559,-0.2311107838649395,-0.2310905907542083,8.0,-0.2310765190600546,-0.231103365767004,-0.2311210384533456,1.6208476839468733e-05,-1.8488269261360324,-0.0462257577651758,-0.0462221351616319,-0.0462213571528171,8.0,-0.0462202765850188,-0.0462231468432331,-0.0462263277646894,2.433886232499959e-06,-0.369785174745865,0.0,0.0,0.0,8.0,0.0,0.0,0.0,0.0,0.0,0.0,0.05,0.0506578947368421,8.0,0.0952380952380952,0.0372337092731829,0.0,0.0343294647229591,0.2978696741854636,0.0,1.0,1.0,8.0,2.0,0.75,0.0,0.7071067811865476,6.0,0.0,0.0,0.0,8.0,0.0,0.0,0.0,0.0,0.0,1.0,1.0,1.0,8.0,1.0,1.0,1.0,0.0,8.0,1.0,1.0,1.0,8.0,1.0,1.0,1.0,8.0,1.0,1.0,1.0,0.0,8.0,1.0,1.0,1.0,0.0,8.0,1.0,1.0,1.0,8.0,1.0,1.0,1.0,0.0,8.0,0.0,0.0,0.0,8.0,0.0,0.0,0.0,0.0,0.0,0.0,0.0,0.0,8.0,0.0,0.0,0.0,0.0,0.0,0.0,1.0,1.0,8.0,2.0,0.75,0.0,0.7071067811865476,6.0
65247,stu_TKINX2641G,N,0.0,0.0,0.0,7.0,0.0,0.0,0.0,0.0,0.0,0.5,1.0,1.0,7.0,1.0,0.7142857142857143,0.0,0.4879500364742666,5.0,0.0,0.0,0.5,7.0,1.0,0.2857142857142857,0.0,0.4879500364742666,2.0,0.0,0.0,0.0,7.0,0.0,0.0,0.0,0.0,0.0,-0.200963898393113,-0.2007796726136637,-0.2007347337901559,7.0,-0.2007034654603741,-0.2008374463261467,-0.2009817218424514,0.0001265537539046,-1.4058621242830271,-0.3347510758979888,-0.3347105657796611,-0.3346577304912564,7.0,-0.3346354449125477,-0.3347281946524648,-0.3349337390965536,0.0001022234425266,-2.3430973625672533,-0.0669938320763895,-0.0669584275030904,-0.0669379802548338,7.0,-0.0668275049507064,-0.0669490878294165,-0.0669940576896723,5.9365259011125954e-05,-0.4686436148059161,0.0,0.0,1.5,7.0,2.0,0.7142857142857143,0.0,0.9511897312113418,5.0,-0.5,0.0,0.0,7.0,1.0,-0.1428571428571428,-1.0,0.6900655593423541,-1.0,0.0,0.0,0.0,5.0,1.0,0.2,0.0,0.447213595499958,1.0,0.5,2.0,2.0,7.0,2.0,1.2857142857142858,0.0,0.951189731211342,9.0,0.0,1.0,1.0,7.0,1.0,0.4285714285714285,-1.0,0.9759000729485332,3.0,0.9999999872383808,0.9999999975932286,0.999999998821869,4.0,-0.500000010114432,0.9999999780063444,0.9999999981546344,6.0,0.999999999139356,0.3333333256446809,-1.0,1.03279555303304,1.9999999538680853,0.999999999139356,0.9999999884670212,0.999999959542272,1.9318700556211685e-08,3.999999953868085,1.0,1.0,1.0,7.0,1.0,0.8571428571428571,0.0,0.3779644730092272,6.0,0.0,0.0,1.5,7.0,3.0,0.8571428571428571,0.0,1.2149857925879115,6.0,0.5,1.0,1.0,7.0,1.0,0.7142857142857143,0.0,0.4879500364742666,5.0,-0.5,0.0,0.0,7.0,1.0,-0.1428571428571428,-1.0,0.6900655593423541,-1.0
68544,stu_TKINX2641G,G,0.0,0.0,0.0,5.0,0.0,0.0,0.0,0.0,0.0,0.0,0.0,1.0,5.0,1.0,0.4,0.0,0.5477225575051662,2.0,0.0,0.0,0.0,5.0,0.0,0.0,0.0,0.0,0.0,0.0,0.0,0.0,5.0,1.0,0.2,0.0,0.447213595499958,1.0,-0.2008441645883446,-0.2008417747587568,-0.2008039552877273,5.0,-0.2007802408248944,-0.2008285521491772,-0.2008726252861631,3.6400606834812825e-05,-1.0041427607458864,-0.334725740361939,-0.3347177686926146,-0.3346887899198505,5.0,-0.3344832144390137,-0.3346687487755029,-0.3347282304640969,0.0001048972139279,-1.6733437438775147,-0.0669601989851625,-0.0669483501097935,-0.066919889411975,5.0,-0.0668962752217123,-0.0669377579839701,-0.066964076191207,2.893330747522253e-05,-0.3346887899198505,0.0,0.0,0.0,5.0,0.0,0.0,0.0,0.0,0.0,0.475,0.475,0.475,5.0,0.5909090909090909,0.4981818181818182,0.475,0.051836121296586,2.490909090909091,19.0,19.0,19.0,5.0,19.0,17.8,13.0,2.683281572999748,89.0,3.0,3.0,4.0,5.0,4.0,3.2,2.0,0.8366600265340756,16.0,1.0,1.0,1.0,5.0,1.0,1.0,1.0,0.0,5.0,,,,0.0,-1.0,-1.0,-1.0,3.0,-1.0,-1.0,-1.0,0.0,-3.0,,,,,,0.0,0.0,0.0,5.0,1.0,0.2,0.0,0.447213595499958,1.0,4.0,4.0,4.0,5.0,4.0,3.8,3.0,0.4472135954999578,19.0,0.0,0.0,0.0,5.0,0.0,0.0,0.0,0.0,0.0,19.0,19.0,19.0,5.0,19.0,17.8,13.0,2.683281572999748,89.0
69436,stu_TKINX2641G,N,0.0,0.0,0.0,8.0,0.0,0.0,0.0,0.0,0.0,1.0,1.0,1.0,8.0,1.0,1.0,1.0,0.0,8.0,0.0,0.0,0.0,8.0,0.0,0.0,0.0,0.0,0.0,0.0,0.0,0.0,8.0,0.0,0.0,0.0,0.0,0.0,-0.2008835215721159,-0.2008223469482964,-0.2008056766335143,8.0,-0.2007969529199141,-0.2008422176292748,-0.2009081719122699,4.615654601198242e-05,-1.6067377410341988,-0.3347417296588472,-0.3347157799533055,-0.334697496921354,8.0,-0.3346615492049667,-0.3347203883135071,-0.3348096350789359,4.743839267885854e-05,-2.677763106508057,-0.0669705187038371,-0.066960257477495,-0.0669473724522349,8.0,-0.0669056507070183,-0.0669538609231263,-0.0669758582181959,2.4044547088864783e-05,-0.5356308873850104,0.0,0.0,0.0,8.0,0.0,0.0,0.0,0.0,0.0,0.0,0.0,0.0178571428571428,8.0,0.0833333333333333,0.019345238095238,0.0,0.0359614463499838,0.1547619047619047,0.0,0.0,0.25,8.0,1.0,0.25,0.0,0.4629100498862757,2.0,0.0,0.0,0.0,8.0,0.0,0.0,0.0,0.0,0.0,1.0,1.0,1.0,8.0,1.0,1.0,1.0,0.0,8.0,1.0,1.0,1.0,8.0,1.0,1.0,1.0,8.0,1.0,1.0,1.0,0.0,8.0,1.0,1.0,1.0,0.0,8.0,1.0,1.0,1.0,8.0,1.0,1.0,1.0,0.0,8.0,0.0,0.0,0.0,8.0,0.0,0.0,0.0,0.0,0.0,0.0,0.0,0.0,8.0,0.0,0.0,0.0,0.0,0.0,0.0,0.0,0.25,8.0,1.0,0.25,0.0,0.4629100498862757,2.0
70339,stu_BOHQW2444S,N,0.0,0.0,0.0,8.0,0.0,0.0,0.0,0.0,0.0,0.0,1.0,1.0,8.0,1.0,0.625,0.0,0.5175491695067657,5.0,0.0,0.0,1.0,8.0,1.0,0.375,0.0,0.5175491695067657,3.0,0.0,0.0,0.0,8.0,0.0,0.0,0.0,0.0,0.0,-0.1729801704464598,-0.1729411813060042,-0.1728811053134653,8.0,-0.1728149259556559,-0.1729312610463865,-0.1730137343733416,7.127668220352644e-05,-1.3834500883710923,-0.2882784595062742,-0.2882247663874754,-0.288125710418693,8.0,-0.2879748216661719,-0.2881884486148522,-0.288306346203749,0.000120174108926,-2.3055075889188177,-0.0576772213847834,-0.0576669803777416,-0.0576200137906374,8.0,-0.0575497517763295,-0.0576443401917044,-0.0576812582202213,4.670597375799453e-05,-0.4611547215336352,1.0,2.0,2.0,8.0,2.0,1.625,1.0,0.5175491695067657,13.0,0.0,0.3095238095238095,0.6666666666666666,8.0,0.6666666666666666,0.3273809523809523,0.0,0.3503318802276705,2.619047619047618,0.0,1.0,2.0,8.0,13.0,2.375,0.0,4.405759217854998,19.0,0.0,0.0,1.25,8.0,2.0,0.625,0.0,0.9161253813129044,5.0,1.0,2.0,3.0,8.0,4.0,2.125,1.0,1.246423454758225,17.0,,,,0.0,-1.0,-1.0,-1.0,2.0,-1.0,-1.0,-1.0,0.0,-2.0,,,,,,0.75,1.0,1.0,8.0,1.0,0.75,0.0,0.4629100498862757,6.0,1.0,2.0,2.0,8.0,2.0,1.625,1.0,0.5175491695067657,13.0,0.0,1.0,1.0,8.0,1.0,0.625,0.0,0.5175491695067657,5.0,0.0,1.0,2.0,8.0,13.0,2.375,0.0,4.405759217854998,19.0
73194,stu_BOHQW2444S,N,0.0,0.0,0.0,8.0,0.0,0.0,0.0,0.0,0.0,1.0,1.0,1.0,8.0,1.0,1.0,1.0,0.0,8.0,0.0,0.0,0.0,8.0,0.0,0.0,0.0,0.0,0.0,0.0,0.0,0.0,8.0,0.0,0.0,0.0,0.0,0.0,-0.1729571957666802,-0.1728941597336272,-0.1727983845527831,8.0,-0.172656751654501,-0.1728786905435722,-0.1731110949628821,0.0001628315682432,-1.383029524348578,-0.2882672425106419,-0.2880442497371771,-0.2879958214582401,8.0,-0.2878727323431785,-0.2881028823663074,-0.2883356900109505,0.000165818087143,-2.3048230589304595,-0.0577035180914557,-0.0577031331945467,-0.0576072572073693,8.0,-0.0575064050530118,-0.0576476599275441,-0.0577038754957283,8.58142663578054e-05,-0.4611812794203529,0.0,0.5,1.0,8.0,2.0,0.625,0.0,0.7440238091428449,5.0,0.0,0.0,0.0,8.0,0.4519774011299435,0.0564971751412429,0.0,0.1597981426410277,0.4519774011299435,0.0,0.0,0.0,8.0,80.0,10.0,0.0,28.284271247461906,80.0,0.0,0.0,0.0,8.0,0.0,0.0,0.0,0.0,0.0,1.0,1.0,1.0,8.0,2.0,1.125,1.0,0.3535533905932738,9.0,0.9901360527589392,0.9972984140147494,0.999999987347508,4.0,0.976753688989784,0.994596840681991,0.999999987347508,5.0,0.999999987347508,0.5942701008733582,-1.0,0.8912751861630089,2.971350504366791,0.999999987347508,0.9928376260916976,0.976753688989784,0.0110209906722048,3.971350504366791,0.0,1.0,1.0,8.0,1.0,0.625,0.0,0.5175491695067657,5.0,1.0,1.0,2.0,8.0,3.0,1.375,0.0,0.9161253813129044,11.0,0.0,1.0,1.0,8.0,1.0,0.625,0.0,0.5175491695067657,5.0,0.0,0.0,0.0,8.0,80.0,10.0,0.0,28.284271247461906,80.0
74276,stu_BOHQW2444S,N,0.25,0.5,0.75,2.0,1.0,0.5,0.0,0.7071067811865476,1.0,0.25,0.5,0.75,2.0,1.0,0.5,0.0,0.7071067811865476,1.0,0.0,0.0,0.0,2.0,0.0,0.0,0.0,0.0,0.0,0.0,0.0,0.0,2.0,0.0,0.0,0.0,0.0,0.0,-0.1729919510411371,-0.1729901456913499,-0.1729883403415626,2.0,-0.1729865349917754,-0.1729901456913499,-0.1729937563909243,5.106300307829446e-06,-0.3459802913826998,-0.2882925632287236,-0.2882817494584245,-0.2882709356881254,2.0,-0.2882601219178263,-0.2882817494584245,-0.2883033769990227,3.058596123479036e-05,-0.5765634989168491,-0.0576682633674381,-0.0576647992952576,-0.057661335223077,2.0,-0.0576578711508964,-0.0576647992952576,-0.0576717274396187,9.79787571759432e-06,-0.1153295985905152,3.0,3.0,3.0,2.0,3.0,3.0,3.0,0.0,6.0,0.5192307692307693,0.5192307692307693,0.5192307692307693,2.0,0.5192307692307693,0.5192307692307693,0.5192307692307693,0.0,1.0384615384615383,27.0,27.0,27.0,2.0,27.0,27.0,27.0,0.0,54.0,1.0,1.0,1.0,2.0,1.0,1.0,1.0,0.0,2.0,4.0,4.0,4.0,2.0,4.0,4.0,4.0,0.0,8.0,,,,0.0,-1.0,-1.0,-1.0,2.0,-1.0,-1.0,-1.0,0.0,-2.0,,,,,,0.0,0.0,0.0,2.0,0.0,0.0,0.0,0.0,0.0,3.0,3.0,3.0,2.0,3.0,3.0,3.0,0.0,6.0,0.0,0.0,0.0,2.0,0.0,0.0,0.0,0.0,0.0,27.0,27.0,27.0,2.0,27.0,27.0,27.0,0.0,54.0
74948,stu_BOHQW2444S,N,0.0,0.0,0.0,5.0,0.0,0.0,0.0,0.0,0.0,1.0,1.0,1.0,5.0,1.0,0.8,0.0,0.4472135954999579,4.0,0.0,0.0,0.0,5.0,1.0,0.2,0.0,0.447213595499958,1.0,0.0,0.0,0.0,5.0,0.0,0.0,0.0,0.0,0.0,-0.1729607468988759,-0.1729105086880456,-0.172871597443393,5.0,-0.1728289105433478,-0.1729160035496315,-0.173008254174495,7.088623386802232e-05,-0.8645800177481575,-0.2881955875360921,-0.2881772591118562,-0.288129825149934,5.0,5.768528901948707,0.9231638118101232,-0.2882071711002091,2.7086414294991865,4.615819059050615,-0.057684264081796,-0.0576299936176338,-0.0576048470195823,5.0,-0.0575824863420146,-0.0576391175072184,-0.0576939964750652,4.877169995070142e-05,-0.2881955875360921,0.0,1.0,1.0,5.0,1.0,0.6,0.0,0.5477225575051662,3.0,0.5176470588235295,0.6756756756756757,0.7142857142857143,5.0,0.8,0.541521689756984,0.0,0.3195588660383204,2.70760844878492,4.0,30.0,44.0,5.0,75.0,30.6,0.0,30.80259729308553,153.0,0.0,0.0,0.0,5.0,0.0,0.0,0.0,0.0,0.0,1.0,1.0,1.0,5.0,4.0,1.6,1.0,1.3416407864998738,8.0,,,,0.0,,,,0.0,,,,,,,,,,,1.0,1.0,1.0,5.0,1.0,1.0,1.0,0.0,5.0,0.0,1.0,1.0,5.0,1.0,0.6,0.0,0.5477225575051662,3.0,0.0,0.0,1.0,5.0,1.0,0.4,0.0,0.5477225575051662,2.0,4.0,30.0,44.0,5.0,75.0,30.6,0.0,30.80259729308553,153.0
75108,stu_BOHQW2444S,N,0.0,0.0,0.0,8.0,0.0,0.0,0.0,0.0,0.0,0.75,1.0,1.0,8.0,1.0,0.75,0.0,0.4629100498862757,6.0,0.0,0.0,0.25,8.0,1.0,0.25,0.0,0.4629100498862757,2.0,0.0,0.0,0.0,8.0,0.0,0.0,0.0,0.0,0.0,-0.1730463864611177,-0.1730038553526785,-0.1729639222983747,8.0,-0.1729620848738451,-0.1730097525231763,-0.1730879095062238,4.686215186048238e-05,-1.384078020185411,-0.2883700145674381,-0.2883678655596964,-0.2883472140076887,8.0,-0.2883058696647189,-0.2883633224015389,-0.2884305029495222,3.480656616458978e-05,-2.306906579212312,-0.0577029819850468,-0.0576920170052477,-0.0576353088606622,8.0,-0.0575780508633496,-0.0576667421082266,-0.0577038754957283,4.808096915653923e-05,-0.4613339368658128,0.0,0.0,0.25,8.0,2.0,0.375,0.0,0.7440238091428449,3.0,0.0,0.0,0.1875,8.0,0.75,0.0625,-1.0,0.546906886825484,0.5,0.0,0.0,1.5,7.0,3.0,0.8571428571428571,0.0,1.4638501094227998,6.0,0.0,0.0,0.0,8.0,0.0,0.0,0.0,0.0,0.0,1.0,1.0,1.5,8.0,3.0,1.25,-1.0,1.2817398889233114,10.0,0.680166959192628,0.852204764318297,0.953179190751445,5.0,0.589099732547052,0.7661858617554624,0.927935584143158,6.0,0.985244472372513,0.5049232294944571,-1.0,0.7550691800569822,3.029539376966743,0.985244472372513,0.8059078753933486,0.55874399033186,0.182273572791824,4.029539376966743,0.75,1.0,1.0,8.0,1.0,0.75,0.0,0.4629100498862757,6.0,0.0,1.0,1.0,8.0,2.0,0.75,0.0,0.7071067811865476,6.0,0.0,1.0,1.0,8.0,1.0,0.625,0.0,0.5175491695067657,5.0,0.0,0.0,0.75,8.0,3.0,0.625,-1.0,1.5059406173077154,5.0
75152,stu_BOHQW2444S,N,0.0,0.0,0.0,7.0,0.0,0.0,0.0,0.0,0.0,1.0,1.0,1.0,7.0,1.0,1.0,1.0,0.0,7.0,0.0,0.0,0.0,7.0,0.0,0.0,0.0,0.0,0.0,0.0,0.0,0.0,7.0,0.0,0.0,0.0,0.0,0.0,-0.1730483934235714,-0.1729846288356551,-0.1728925193396581,7.0,-0.172829625351893,-0.1729689711246651,-0.1730867181586485,9.938047326765872e-05,-1.210782797872656,-0.2883373853901923,-0.2882650156070973,-0.2882120372968437,7.0,-0.288196907182637,-0.2882884236231927,-0.2884581971985425,9.760318976171384e-05,-2.018018965362349,-0.0577021709522743,-0.0576798652599794,-0.0576412564343267,7.0,-0.0575100524094348,-0.0576542499779367,-0.0577029774029407,7.058951170236876e-05,-0.4035797498455572,0.0,0.0,0.0,7.0,0.0,0.0,0.0,0.0,0.0,-0.5,0.0,0.0,7.0,0.0,-0.2857142857142857,-1.0,0.4879500364742665,-2.0,0.0,0.0,0.0,5.0,0.0,0.0,0.0,0.0,0.0,0.0,0.0,0.0,7.0,0.0,0.0,0.0,0.0,0.0,0.0,1.0,1.0,7.0,1.0,0.4285714285714285,-1.0,0.9759000729485332,3.0,0.968071011286874,0.9787065489115968,0.98934208653632,2.0,-1.0,-0.0212822631689245,0.968071011286874,4.0,0.999977624161043,-0.0106467255442015,-1.0,1.14253877016496,-0.042586902176806,0.999977624161043,0.9787065489115968,0.957435473662151,0.0300818431040251,1.9574130978231936,1.0,1.0,1.0,7.0,1.0,1.0,1.0,0.0,7.0,0.0,1.0,1.0,7.0,1.0,0.5714285714285714,0.0,0.5345224838248488,4.0,0.5,1.0,1.0,7.0,1.0,0.7142857142857143,0.0,0.4879500364742665,5.0,-0.5,0.0,0.0,7.0,0.0,-0.2857142857142857,-1.0,0.4879500364742665,-2.0
75417,stu_BOHQW2444S,G,0.0,0.0,0.0,4.0,0.0,0.0,0.0,0.0,0.0,0.0,0.0,0.25,4.0,1.0,0.25,0.0,0.5,1.0,0.0,0.0,0.0,4.0,0.0,0.0,0.0,0.0,0.0,0.0,0.0,0.25,4.0,1.0,0.25,0.0,0.5,1.0,-0.1721562298812577,-0.1718866645818098,-0.1718615821332431,4.0,-0.1718453339851581,-0.1721311474326911,-0.1729059265819866,0.0005171361265789,-0.6885245897307645,-0.2871485350626677,-0.2871175554436032,-0.2870925692192637,4.0,-0.2870887339964924,-0.2871235488383283,-0.2871703504696143,3.915111157965858e-05,-1.1484941953533132,-0.0576347452616169,-0.0576320097442997,-0.0573690747523191,4.0,-0.0565813144965585,-0.0573718102696363,-0.0576419070933871,0.0005270179115319,-0.2294872410785452,0.75,1.5,2.0,4.0,2.0,1.25,0.0,0.957427107756338,5.0,0.75,0.75,0.75,4.0,0.75,0.75,0.75,0.0,3.0,3.0,3.0,3.0,4.0,3.0,3.0,3.0,0.0,12.0,0.75,1.5,2.0,4.0,2.0,1.25,0.0,0.957427107756338,5.0,1.0,1.0,1.0,4.0,1.0,1.0,1.0,0.0,4.0,,,,0.0,-1.0,-1.0,-1.0,3.0,-1.0,-1.0,-1.0,0.0,-3.0,,,,,,0.0,0.0,0.25,4.0,1.0,0.25,0.0,0.5,1.0,2.75,3.5,4.0,4.0,4.0,3.25,2.0,0.957427107756338,13.0,0.0,0.0,0.25,4.0,1.0,0.25,0.0,0.5,1.0,3.0,3.0,3.0,4.0,3.0,3.0,3.0,0.0,12.0
75805,stu_BOHQW2444S,N,0.0,0.0,0.0,3.0,0.0,0.0,0.0,0.0,0.0,1.0,1.0,1.0,3.0,1.0,1.0,1.0,0.0,3.0,0.0,0.0,0.0,3.0,0.0,0.0,0.0,0.0,0.0,0.0,0.0,0.0,3.0,0.0,0.0,0.0,0.0,0.0,-0.1729443429591848,-0.1729111318544696,-0.1728851879699638,3.0,-0.172859244085458,-0.1729159766679426,-0.1729775540639001,5.9303599493887113e-05,-0.5187479300038278,-0.2845278315769944,-0.2808671137328032,-0.2808615968771083,3.0,-0.2808560800214133,-0.2833039143918007,-0.2881885494211855,0.0042302216210757,-0.8499117431754022,-0.0576646526678637,-0.0576644510551971,-0.0576563498916849,3.0,-0.0576482487281726,-0.0576591846879667,-0.0576648542805303,9.472964695898572e-06,-0.1729775540639001,1.5,2.0,2.0,3.0,2.0,1.6666666666666667,1.0,0.5773502691896257,5.0,0.0,0.0,0.0,3.0,0.0,0.0,0.0,0.0,0.0,0.0,0.0,0.0,3.0,0.0,0.0,0.0,0.0,0.0,0.0,0.0,0.0,3.0,0.0,0.0,0.0,0.0,0.0,1.0,1.0,1.0,3.0,1.0,1.0,1.0,0.0,3.0,0.9825376640248225,0.993044173381312,0.995669898771916,3.0,0.9825376640248225,0.993044173381312,0.995669898771916,3.0,0.99829562416252,0.987790317404055,0.972031154668333,0.013898123665628,2.963370952212165,0.99829562416252,0.987790317404055,0.972031154668333,0.013898123665628,2.963370952212165,1.0,1.0,1.0,3.0,1.0,1.0,1.0,0.0,3.0,2.0,2.0,2.0,3.0,2.0,2.0,2.0,0.0,6.0,0.0,0.0,0.5,3.0,1.0,0.3333333333333333,0.0,0.5773502691896258,1.0,0.0,0.0,0.0,3.0,0.0,0.0,0.0,0.0,0.0
76712,stu_BOHQW2444S,N,0.0,0.0,0.0,5.0,0.0,0.0,0.0,0.0,0.0,1.0,1.0,1.0,5.0,1.0,1.0,1.0,0.0,5.0,0.0,0.0,0.0,5.0,0.0,0.0,0.0,0.0,0.0,0.0,0.0,0.0,5.0,0.0,0.0,0.0,0.0,0.0,-0.1728230821044408,-0.1728104354917181,-0.1727782507787601,5.0,-0.172646726006444,-0.1727802119201533,-0.1728425652194035,7.820100085794537e-05,-0.8639010596007666,-0.2879817681389572,-0.2878940849574132,-0.2878738870339054,5.0,-0.2876153462816352,-0.2878780585832614,-0.2880252065043961,0.0001594523303021,-1.4393902929163072,-0.0576517494572017,-0.0575952062684342,-0.0575634797660821,5.0,-0.0575308918277908,-0.0576050413008792,-0.057683879184887,6.268831075057697e-05,-0.2880252065043961,0.0,0.0,0.0,5.0,0.0,0.0,0.0,0.0,0.0,0.0,0.0,0.0,5.0,0.2,0.04,0.0,0.0894427190999915,0.2,0.0,0.0,0.0,5.0,1.0,0.2,0.0,0.447213595499958,1.0,0.0,0.0,0.0,5.0,0.0,0.0,0.0,0.0,0.0,1.0,1.0,1.0,5.0,1.0,1.0,1.0,0.0,5.0,1.0,1.0,1.0,5.0,1.0,1.0,1.0,5.0,1.0,1.0,1.0,0.0,5.0,1.0,1.0,1.0,0.0,5.0,1.0,1.0,1.0,5.0,1.0,1.0,1.0,0.0,5.0,0.0,0.0,0.0,5.0,0.0,0.0,0.0,0.0,0.0,0.0,0.0,0.0,5.0,0.0,0.0,0.0,0.0,0.0,0.0,0.0,0.0,5.0,1.0,0.2,0.0,0.447213595499958,1.0
77841,stu_CFJVE9037Z,N,0.0,0.0,0.0,1.0,0.0,0.0,0.0,,0.0,1.0,1.0,1.0,1.0,1.0,1.0,1.0,,1.0,0.0,0.0,0.0,1.0,0.0,0.0,0.0,,0.0,0.0,0.0,0.0,1.0,0.0,0.0,0.0,,0.0,-0.1344573100449889,-0.1344573100449889,-0.1344573100449889,1.0,-0.1344573100449889,-0.1344573100449889,-0.1344573100449889,,-0.1344573100449889,-0.2238417155288334,-0.2238417155288334,-0.2238417155288334,1.0,-0.2238417155288334,-0.2238417155288334,-0.2238417155288334,,-0.2238417155288334,-0.0448850942927827,-0.0448850942927827,-0.0448850942927827,1.0,-0.0448850942927827,-0.0448850942927827,-0.0448850942927827,,-0.0448850942927827,0.0,0.0,0.0,1.0,0.0,0.0,0.0,,0.0,-1.0,-1.0,-1.0,1.0,-1.0,-1.0,-1.0,,-1.0,,,,0.0,,,,,,0.0,0.0,0.0,1.0,0.0,0.0,0.0,,0.0,-1.0,-1.0,-1.0,1.0,-1.0,-1.0,-1.0,,-1.0,,,,0.0,-1.0,-1.0,-1.0,1.0,-1.0,-1.0,-1.0,,-1.0,,,,,,1.0,1.0,1.0,1.0,1.0,1.0,1.0,,1.0,0.0,0.0,0.0,1.0,0.0,0.0,0.0,,0.0,0.0,0.0,0.0,1.0,0.0,0.0,0.0,,0.0,-1.0,-1.0,-1.0,1.0,-1.0,-1.0,-1.0,,-1.0
79166,stu_CFJVE9037Z,N,0.0,0.0,0.0,4.0,0.0,0.0,0.0,0.0,0.0,1.0,1.0,1.0,4.0,1.0,1.0,1.0,0.0,4.0,0.0,0.0,0.0,4.0,0.0,0.0,0.0,0.0,0.0,0.0,0.0,0.0,4.0,0.0,0.0,0.0,0.0,0.0,-0.1345340298267183,-0.1344699904992249,-0.1344224615478511,4.0,-0.1343975480955991,-0.1344865008753444,-0.1346084744073287,9.3830418373995e-05,-0.5379460035013777,-0.2241290961821619,-0.2234608316935218,-0.22278800921864,4.0,-0.2227705811780692,-0.2234562737072802,-0.2241328502640081,0.0007784139126286,-0.8938250948291209,-0.0448894247589124,-0.0448426542079115,-0.0448000776109731,4.0,-0.0447789182405673,-0.044846848161974,-0.0449231659915057,6.582273711219812e-05,-0.1793873926478961,0.0,0.0,0.0,4.0,0.0,0.0,0.0,0.0,0.0,-0.25,0.175,0.35,4.0,0.35,-0.075,-1.0,0.6383572667401852,-0.3,3.5,7.0,7.0,3.0,7.0,4.666666666666667,0.0,4.041451884327381,14.0,0.0,0.0,0.0,4.0,0.0,0.0,0.0,0.0,0.0,0.5,1.0,1.0,4.0,1.0,0.5,-1.0,1.0,2.0,0.865984350555782,0.953015652002012,0.976507826001006,3.0,0.334214786832164,0.865984350555782,0.964761739001509,4.0,1.0,0.432992175277891,-1.0,0.9600482262661544,1.731968701111564,1.0,0.9106562337038548,0.778953049109552,0.1164524746985212,2.731968701111564,0.75,1.0,1.0,4.0,1.0,0.75,0.0,0.5,3.0,0.0,0.5,1.0,4.0,1.0,0.5,0.0,0.5773502691896257,2.0,0.0,0.0,0.0,4.0,0.0,0.0,0.0,0.0,0.0,-0.25,3.5,7.0,4.0,7.0,3.25,-1.0,4.349329450233296,13.0
79903,stu_CFJVE9037Z,N,0.0,0.0,0.0,8.0,0.0,0.0,0.0,0.0,0.0,1.0,1.0,1.0,8.0,1.0,1.0,1.0,0.0,8.0,0.0,0.0,0.0,8.0,0.0,0.0,0.0,0.0,0.0,0.0,0.0,0.0,8.0,0.0,0.0,0.0,0.0,0.0,-0.1347658652367306,-0.1346905788317062,-0.1346796882023504,8.0,-0.1345428576070596,-0.1346978405152774,-0.1347672531094132,7.476423691844828e-05,-1.0775827241222191,-0.2245239345843361,-0.2244916039764365,-0.2243867702928813,8.0,-0.223944099579184,-0.2244091506878875,-0.2245244882166084,0.0001973660817538,-1.7952732055031009,-0.0449226426952483,-0.0449220283909462,-0.0449214216706479,8.0,-0.0448356465884653,-0.0449113766577079,-0.0449231659915057,3.060930722465117e-05,-0.3592910132616636,0.0,0.0,0.0,8.0,0.0,0.0,0.0,0.0,0.0,0.0,0.0,0.0,8.0,0.0,0.0,0.0,0.0,0.0,0.0,0.0,0.0,8.0,0.0,0.0,0.0,0.0,0.0,0.0,0.0,0.0,8.0,0.0,0.0,0.0,0.0,0.0,0.75,1.0,1.0,8.0,1.0,0.75,0.0,0.4629100498862757,6.0,0.985692329188207,0.985692329188207,0.9891546972796864,4.0,-1.0,-0.0071538354058965,0.9891546972796864,4.0,0.999541801554124,-0.0036914673144172,-1.0,1.1504518928303495,-0.0147658692576688,0.999541801554124,0.9891546972796864,0.985692329188207,0.0069247361829584,3.956618789118745,0.75,1.0,1.0,8.0,1.0,0.75,0.0,0.4629100498862757,6.0,1.0,1.0,2.0,8.0,2.0,1.25,0.0,0.7071067811865476,10.0,0.75,1.0,1.0,8.0,1.0,0.75,0.0,0.4629100498862757,6.0,0.0,0.0,0.0,8.0,0.0,0.0,0.0,0.0,0.0
80413,stu_CFJVE9037Z,N,0.0,0.5,1.0,4.0,1.0,0.5,0.0,0.5773502691896257,2.0,0.0,0.5,1.0,4.0,1.0,0.5,0.0,0.5773502691896257,2.0,0.0,0.0,0.0,4.0,0.0,0.0,0.0,0.0,0.0,0.0,0.0,0.0,4.0,0.0,0.0,0.0,0.0,0.0,-0.1340714966072529,-0.1336497804958607,-0.1332442334804202,4.0,-0.1331091775420021,-0.1336659495918124,-0.1342550598335259,0.0005530311268549,-0.5346637983672496,-0.2229672571467909,-0.2228637279118771,-0.2227352018006703,4.0,-0.2226215100007588,-0.2228387310355841,-0.2230059583178234,0.0001759041448067,-0.8913549241423365,-0.0447498487542715,-0.0447419234703739,-0.0446874551555874,4.0,-0.0445264619244139,-0.0446953804394849,-0.0447712128927779,0.0001134575187452,-0.1787815217579399,0.75,1.0,1.25,4.0,2.0,1.0,0.0,0.816496580927726,4.0,0.2521367521367521,0.2724867724867724,0.3029953917050691,4.0,0.3548387096774194,0.2826453713550488,0.2307692307692307,0.053101602406798,1.1305814854201952,6.75,7.5,8.75,4.0,11.0,8.0,6.0,2.160246899469287,32.0,0.0,0.0,0.0,4.0,0.0,0.0,0.0,0.0,0.0,1.0,1.5,2.0,4.0,2.0,1.5,1.0,0.5773502691896257,6.0,0.3690476306122797,0.484420825265945,0.55874399033186,4.0,0.3690476306122797,0.484420825265945,0.55874399033186,4.0,0.55874399033186,0.4433707956781947,0.245897541849029,0.1491361074227292,1.7734831827127788,0.55874399033186,0.4433707956781947,0.245897541849029,0.1491361074227292,1.7734831827127788,1.0,1.0,1.0,4.0,1.0,1.0,1.0,0.0,4.0,0.0,0.5,1.25,4.0,2.0,0.75,0.0,0.957427107756338,3.0,0.0,0.0,0.0,4.0,0.0,0.0,0.0,0.0,0.0,6.75,7.5,8.75,4.0,11.0,8.0,6.0,2.160246899469287,32.0
81777,stu_CFJVE9037Z,N,0.0,0.0,0.0,8.0,0.0,0.0,0.0,0.0,0.0,1.0,1.0,1.0,8.0,1.0,1.0,1.0,0.0,8.0,0.0,0.0,0.0,8.0,0.0,0.0,0.0,0.0,0.0,0.0,0.0,0.0,8.0,0.0,0.0,0.0,0.0,0.0,-0.1347657211406598,-0.1346744552397769,-0.1346731659591428,8.0,-0.1345799282172902,-0.1346968470107887,-0.1347692552863978,6.610069665838694e-05,-1.07757477608631,-0.2245173668371063,-0.2245166615247594,-0.2244257672400593,8.0,-0.2244225288704667,-0.2244942773377513,-0.2246118559395742,6.594652428011332e-05,-1.7959542187020103,-0.0449231204874833,-0.044922680615267,-0.0448967964105376,8.0,-0.044828669305034,-0.044898973019608,-0.0449231659915057,4.334470158042666e-05,-0.3591917841568646,0.0,0.0,0.0,8.0,0.0,0.0,0.0,0.0,0.0,0.0,0.0,0.0,8.0,0.4485981308411215,0.0560747663551401,0.0,0.1586033901726835,0.4485981308411215,0.0,0.0,0.0,8.0,96.0,12.0,0.0,33.94112549695428,96.0,0.0,0.0,0.0,8.0,0.0,0.0,0.0,0.0,0.0,1.0,1.0,1.0,8.0,1.0,1.0,1.0,0.0,8.0,,,,0.0,,,,0.0,,,,,,,,,,,1.0,1.0,1.0,8.0,1.0,1.0,1.0,0.0,8.0,0.0,0.0,0.0,8.0,0.0,0.0,0.0,0.0,0.0,1.0,1.0,1.0,8.0,1.0,0.875,0.0,0.3535533905932738,7.0,0.0,0.0,0.0,8.0,96.0,12.0,0.0,33.94112549695428,96.0
82996,stu_CFJVE9037Z,N,0.0,0.0,1.0,5.0,1.0,0.4,0.0,0.5477225575051662,2.0,0.0,1.0,1.0,5.0,1.0,0.6,0.0,0.5477225575051662,3.0,0.0,0.0,0.0,5.0,0.0,0.0,0.0,0.0,0.0,0.0,0.0,0.0,5.0,0.0,0.0,0.0,0.0,0.0,-0.1342512374956462,7.060065084664676,7.060092720774267,5.0,7.060454356408113,4.182410446088701,-0.1343086939079022,3.940581190218717,20.912052230443507,6.970629320307574,6.970687504784188,6.970735466023775,5.0,6.970815583439175,6.970695040250294,6.970607326696758,8.40155716841311e-05,34.85347520125147,-0.0447934795277283,-0.0447878370289534,-0.0446699209389644,5.0,7.149731493743205,1.394125864061515,-0.0448509359399843,3.2174813605847987,6.970629320307575,0.0,1.0,1.0,5.0,2.0,0.8,0.0,0.8366600265340756,4.0,0.3272727272727272,0.4,0.4,5.0,0.4,0.3611507479861909,0.2784810126582278,0.0559236054201503,1.805753739930955,22.0,28.0,28.0,5.0,42.0,27.6,18.0,9.09945053286186,138.0,0.0,0.0,0.0,5.0,0.0,0.0,0.0,0.0,0.0,1.0,2.0,2.0,5.0,3.0,1.8,1.0,0.8366600265340756,9.0,,,,0.0,-1.0,-1.0,-1.0,1.0,-1.0,-1.0,-1.0,,-1.0,,,,,,1.0,1.0,1.0,5.0,1.0,0.8,0.0,0.4472135954999579,4.0,0.0,0.0,1.0,5.0,1.0,0.4,0.0,0.5477225575051662,2.0,0.0,0.0,0.0,5.0,0.0,0.0,0.0,0.0,0.0,22.0,28.0,28.0,5.0,42.0,27.6,18.0,9.09945053286186,138.0
84718,stu_CFJVE9037Z,N,0.0,0.0,1.0,5.0,1.0,0.4,0.0,0.5477225575051662,2.0,0.0,1.0,1.0,5.0,1.0,0.6,0.0,0.5477225575051662,3.0,0.0,0.0,0.0,5.0,0.0,0.0,0.0,0.0,0.0,0.0,0.0,0.0,5.0,0.0,0.0,0.0,0.0,0.0,-0.13428154317455,-0.1340586038009125,-0.1339947768255236,5.0,-0.1339013722355889,-0.1341550905299629,-0.1345391566132395,0.0002563592075879,-0.6707754526498146,-0.223519486378367,-0.2235173628573227,-0.2234948231982381,5.0,-0.2225729420408739,-0.2233686435777853,-0.2237386034141248,0.0004557421111655,-1.1168432178889267,-0.0448591570000272,-0.0447568336217065,-0.0446015435613377,5.0,-0.0443787862037897,-0.0447038972756734,-0.0449231659915057,0.0002186092978238,-0.223519486378367,1.0,2.0,2.0,5.0,2.0,1.6,1.0,0.5477225575051661,8.0,0.1694915254237288,0.470383275261324,0.470383275261324,5.0,0.470383275261324,0.3494616035748735,0.1666666666666666,0.1655818302527044,1.7473080178743676,24.0,135.0,135.0,5.0,135.0,87.8,10.0,64.8205214419014,439.0,0.0,0.0,0.0,5.0,0.0,0.0,0.0,0.0,0.0,1.0,2.0,2.0,5.0,2.0,1.6,1.0,0.5477225575051661,8.0,0.631044823934575,0.637525028254118,0.644005232573661,2.0,-0.187717690192484,0.624564619615032,0.637525028254118,3.0,0.650485436893204,0.091683352169412,-1.0,0.945514345869472,0.2750500565082361,0.650485436893204,0.637525028254118,0.624564619615032,0.0183287856712929,1.275050056508236,0.0,1.0,1.0,5.0,1.0,0.6,0.0,0.5477225575051662,3.0,1.0,2.0,2.0,5.0,2.0,1.6,1.0,0.5477225575051661,8.0,0.0,0.0,0.0,5.0,0.0,0.0,0.0,0.0,0.0,24.0,135.0,135.0,5.0,135.0,87.8,10.0,64.8205214419014,439.0
84863,stu_CFJVE9037Z,N,0.0,0.0,0.5,3.0,1.0,0.3333333333333333,0.0,0.5773502691896258,1.0,0.5,1.0,1.0,3.0,1.0,0.6666666666666666,0.0,0.5773502691896258,2.0,0.0,0.0,0.0,3.0,0.0,0.0,0.0,0.0,0.0,0.0,0.0,0.0,3.0,0.0,0.0,0.0,0.0,0.0,-0.1341509617983324,-0.1341391762565365,-0.1340534315103689,3.0,-0.1339676867642012,-0.1340898701202887,-0.1341627473401284,0.0001064682035822,-0.4022696103608661,-0.223620035099815,-0.223545605687212,-0.2235360650105201,3.0,-0.2235265243338282,-0.2235888648444861,-0.223694464512418,9.194831108968454e-05,-0.6707665945334583,-0.0447689983636889,-0.0447563179094529,-0.0446905342611017,3.0,-0.0446247506127505,-0.0447209157800428,-0.0447816788179249,8.424131094595094e-05,-0.1341627473401284,1.0,1.0,1.5,3.0,2.0,1.3333333333333333,1.0,0.5773502691896257,4.0,0.1571428571428571,0.3142857142857143,0.3142857142857143,3.0,0.3142857142857143,0.2095238095238095,0.0,0.1814529417453109,0.6285714285714286,5.5,11.0,11.0,3.0,11.0,7.333333333333333,0.0,6.350852961085883,22.0,0.0,0.0,0.0,3.0,0.0,0.0,0.0,0.0,0.0,2.5,4.0,4.0,3.0,4.0,3.0,1.0,1.7320508075688772,9.0,,,,0.0,-1.0,-1.0,-1.0,2.0,-1.0,-1.0,-1.0,0.0,-2.0,,,,,,0.0,0.0,0.5,3.0,1.0,0.3333333333333333,0.0,0.5773502691896258,1.0,1.0,1.0,1.5,3.0,2.0,1.3333333333333333,1.0,0.5773502691896257,4.0,0.0,0.0,0.0,3.0,0.0,0.0,0.0,0.0,0.0,5.5,11.0,11.0,3.0,11.0,7.333333333333333,0.0,6.350852961085883,22.0
85776,stu_CFJVE9037Z,N,0.0,0.0,0.0,1.0,0.0,0.0,0.0,,0.0,1.0,1.0,1.0,1.0,1.0,1.0,1.0,,1.0,0.0,0.0,0.0,1.0,0.0,0.0,0.0,,0.0,0.0,0.0,0.0,1.0,0.0,0.0,0.0,,0.0,-0.1318777476884076,-0.1318777476884076,-0.1318777476884076,1.0,-0.1318777476884076,-0.1318777476884076,-0.1318777476884076,,-0.1318777476884076,-0.2215665144099314,-0.2215665144099314,-0.2215665144099314,1.0,-0.2215665144099314,-0.2215665144099314,-0.2215665144099314,,-0.2215665144099314,-0.0430094488263748,-0.0430094488263748,-0.0430094488263748,1.0,-0.0430094488263748,-0.0430094488263748,-0.0430094488263748,,-0.0430094488263748,1.0,1.0,1.0,1.0,1.0,1.0,1.0,,1.0,0.0,0.0,0.0,1.0,0.0,0.0,0.0,,0.0,0.0,0.0,0.0,1.0,0.0,0.0,0.0,,0.0,0.0,0.0,0.0,1.0,0.0,0.0,0.0,,0.0,1.0,1.0,1.0,1.0,1.0,1.0,1.0,,1.0,,,,0.0,,,,0.0,,,,,,,,,,,1.0,1.0,1.0,1.0,1.0,1.0,1.0,,1.0,2.0,2.0,2.0,1.0,2.0,2.0,2.0,,2.0,1.0,1.0,1.0,1.0,1.0,1.0,1.0,,1.0,0.0,0.0,0.0,1.0,0.0,0.0,0.0,,0.0
87486,stu_CFJVE9037Z,N,0.0,0.0,0.0,7.0,0.0,0.0,0.0,0.0,0.0,1.0,1.0,1.0,7.0,1.0,1.0,1.0,0.0,7.0,0.0,0.0,0.0,7.0,0.0,0.0,0.0,0.0,0.0,0.0,0.0,0.0,7.0,0.0,0.0,0.0,0.0,0.0,-0.1347679205017414,-0.1347668284052043,-0.1346576339195045,7.0,-0.1345481360736554,-0.1347050816136955,-0.1347694979745172,0.0001070527934595,-0.942935571295869,-0.2246124778278803,-0.2245487873645585,-0.2243947107447865,7.0,-0.2243168381944902,-0.2244991229744202,-0.2246138581165591,0.0001267293494393,-1.571493860820942,-0.0449231659915057,-0.044922680615267,-0.0449211486465136,7.0,-0.044705141052285,-0.0448913738478709,-0.0449231659915057,8.212739921381581e-05,-0.3142396169350966,0.0,0.0,0.0,7.0,0.0,0.0,0.0,0.0,0.0,0.0,0.0,0.0,7.0,0.0,0.0,0.0,0.0,0.0,0.0,0.0,0.0,7.0,0.0,0.0,0.0,0.0,0.0,0.0,0.0,0.0,7.0,0.0,0.0,0.0,0.0,0.0,1.0,1.0,1.0,7.0,1.0,1.0,1.0,0.0,7.0,0.990007795568781,0.999886668924249,0.99999999912466,5.0,0.990007795568781,0.999886668924249,0.99999999912466,5.0,0.99999999912466,0.9959804516622264,0.990007795568781,0.0054524604199566,4.979902258311132,0.99999999912466,0.9959804516622264,0.990007795568781,0.0054524604199566,4.979902258311132,0.0,1.0,1.0,7.0,1.0,0.5714285714285714,0.0,0.5345224838248488,4.0,1.5,2.0,3.0,7.0,3.0,2.0,0.0,1.1547005383792517,14.0,0.0,1.0,1.0,7.0,1.0,0.5714285714285714,0.0,0.5345224838248488,4.0,0.0,0.0,0.0,7.0,0.0,0.0,0.0,0.0,0.0
91487,stu_CFJVE9037Z,N,0.0,0.0,0.0,1.0,0.0,0.0,0.0,,0.0,1.0,1.0,1.0,1.0,1.0,1.0,1.0,,1.0,0.0,0.0,0.0,1.0,0.0,0.0,0.0,,0.0,0.0,0.0,0.0,1.0,0.0,0.0,0.0,,0.0,3.9684715678599,3.9684715678599,3.9684715678599,1.0,3.9684715678599,3.9684715678599,3.9684715678599,,3.9684715678599,3.878941276480304,3.878941276480304,3.878941276480304,1.0,3.878941276480304,3.878941276480304,3.878941276480304,,3.878941276480304,-0.0446821463529767,-0.0446821463529767,-0.0446821463529767,1.0,-0.0446821463529767,-0.0446821463529767,-0.0446821463529767,,-0.0446821463529767,1.0,1.0,1.0,1.0,1.0,1.0,1.0,,1.0,0.328125,0.328125,0.328125,1.0,0.328125,0.328125,0.328125,,0.328125,42.0,42.0,42.0,1.0,42.0,42.0,42.0,,42.0,0.0,0.0,0.0,1.0,0.0,0.0,0.0,,0.0,1.0,1.0,1.0,1.0,1.0,1.0,1.0,,1.0,,,,0.0,,,,0.0,,,,,,,,,,,1.0,1.0,1.0,1.0,1.0,1.0,1.0,,1.0,1.0,1.0,1.0,1.0,1.0,1.0,1.0,,1.0,0.0,0.0,0.0,1.0,0.0,0.0,0.0,,0.0,42.0,42.0,42.0,1.0,42.0,42.0,42.0,,42.0
92028,stu_CFJVE9037Z,N,0.0,0.0,0.0,3.0,0.0,0.0,0.0,0.0,0.0,1.0,1.0,1.0,3.0,1.0,1.0,1.0,0.0,3.0,0.0,0.0,0.0,3.0,0.0,0.0,0.0,0.0,0.0,0.0,0.0,0.0,3.0,0.0,0.0,0.0,0.0,0.0,-0.1339117319846836,-0.1337481450242346,-0.1337420474852359,3.0,-0.1337359499462372,-0.1338531379718681,-0.1340753189451327,0.0001925109572009,-0.4015594139156045,-0.223541176629041,-0.2234749227724586,-0.2234360623373477,3.0,-0.2233972019022369,-0.2234931850534396,-0.2236074304856234,0.0001062974482203,-0.670479555160319,-0.0446998019136593,-0.0445434500927684,-0.0444398981058434,3.0,-0.0443363461189185,-0.044578649982079,-0.0448561537345503,0.0002616854284686,-0.1337359499462372,0.0,0.0,0.5,3.0,1.0,0.3333333333333333,0.0,0.5773502691896258,1.0,0.0833333333333333,0.0833333333333333,0.1488095238095238,3.0,0.2142857142857142,0.1269841269841269,0.0833333333333333,0.0756053923938795,0.3809523809523809,1.0,1.0,2.0,3.0,3.0,1.6666666666666667,1.0,1.1547005383792517,5.0,0.0,0.0,0.0,3.0,0.0,0.0,0.0,0.0,0.0,1.0,1.0,1.0,3.0,1.0,1.0,1.0,0.0,3.0,0.979770573101562,0.979770573101562,0.979770573101562,2.0,0.979770573101562,0.979770573101562,0.979770573101562,2.0,0.979770573101562,0.979770573101562,0.979770573101562,0.0,1.959541146203124,0.979770573101562,0.979770573101562,0.979770573101562,0.0,1.959541146203124,1.0,1.0,1.0,3.0,1.0,1.0,1.0,0.0,3.0,0.5,1.0,1.0,3.0,1.0,0.6666666666666666,0.0,0.5773502691896258,2.0,0.0,0.0,0.0,3.0,0.0,0.0,0.0,0.0,0.0,1.0,1.0,2.0,3.0,3.0,1.6666666666666667,1.0,1.1547005383792517,5.0
92110,stu_CFJVE9037Z,N,0.0,0.0,0.0,3.0,0.0,0.0,0.0,0.0,0.0,0.5,1.0,1.0,3.0,1.0,0.6666666666666666,0.0,0.5773502691896258,2.0,0.0,0.0,0.5,3.0,1.0,0.3333333333333333,0.0,0.5773502691896258,1.0,0.0,0.0,0.0,3.0,0.0,0.0,0.0,0.0,0.0,-0.1341344590062167,-0.1340388853912153,-0.1339952773697697,3.0,-0.1339516693483241,-0.1340735291202525,-0.134230032621218,0.0001423786110876,-0.4022205873607576,-0.2235211093551723,-0.223474771092384,-0.2232807267729565,3.0,-0.2230866824535291,-0.2233763003879579,-0.2235674476179606,0.0002550610624053,-0.6701289011638738,-0.044764281113369,-0.0447417566222919,-0.0447216135083859,3.0,-0.0447014703944799,-0.0447433442070726,-0.0447868056044462,4.268975092542567e-05,-0.134230032621218,1.0,1.0,1.0,3.0,1.0,1.0,1.0,0.0,3.0,0.3726824062958517,0.4052287581699346,0.4052287581699346,3.0,0.4052287581699346,0.3835311902538794,0.3401360544217687,0.0375812900312841,1.1505935707616382,56.0,62.0,62.0,3.0,62.0,58.0,50.0,6.928203230275509,174.0,0.0,0.0,0.0,3.0,0.0,0.0,0.0,0.0,0.0,1.5,2.0,2.0,3.0,2.0,1.6666666666666667,1.0,0.5773502691896257,5.0,,,,0.0,-1.0,-1.0,-1.0,1.0,-1.0,-1.0,-1.0,,-1.0,,,,,,0.5,1.0,1.0,3.0,1.0,0.6666666666666666,0.0,0.5773502691896258,2.0,1.0,1.0,1.0,3.0,1.0,1.0,1.0,0.0,3.0,0.0,0.0,0.0,3.0,0.0,0.0,0.0,0.0,0.0,56.0,62.0,62.0,3.0,62.0,58.0,50.0,6.928203230275509,174.0
97161,stu_SYOOX5573Y,N,0.0,0.0,0.0,1.0,0.0,0.0,0.0,,0.0,1.0,1.0,1.0,1.0,1.0,1.0,1.0,,1.0,0.0,0.0,0.0,1.0,0.0,0.0,0.0,,0.0,0.0,0.0,0.0,1.0,0.0,0.0,0.0,,0.0,-0.1817380638124611,-0.1817380638124611,-0.1817380638124611,1.0,-0.1817380638124611,-0.1817380638124611,-0.1817380638124611,,-0.1817380638124611,-0.3029830787712647,-0.3029830787712647,-0.3029830787712647,1.0,-0.3029830787712647,-0.3029830787712647,-0.3029830787712647,,-0.3029830787712647,-0.0606666474360266,-0.0606666474360266,-0.0606666474360266,1.0,-0.0606666474360266,-0.0606666474360266,-0.0606666474360266,,-0.0606666474360266,0.0,0.0,0.0,1.0,0.0,0.0,0.0,,0.0,0.0,0.0,0.0,1.0,0.0,0.0,0.0,,0.0,0.0,0.0,0.0,1.0,0.0,0.0,0.0,,0.0,0.0,0.0,0.0,1.0,0.0,0.0,0.0,,0.0,1.0,1.0,1.0,1.0,1.0,1.0,1.0,,1.0,0.999238234696693,0.999238234696693,0.999238234696693,1.0,0.999238234696693,0.999238234696693,0.999238234696693,1.0,0.999238234696693,0.999238234696693,0.999238234696693,,0.999238234696693,0.999238234696693,0.999238234696693,0.999238234696693,,0.999238234696693,1.0,1.0,1.0,1.0,1.0,1.0,1.0,,1.0,0.0,0.0,0.0,1.0,0.0,0.0,0.0,,0.0,0.0,0.0,0.0,1.0,0.0,0.0,0.0,,0.0,0.0,0.0,0.0,1.0,0.0,0.0,0.0,,0.0
98944,stu_SYOOX5573Y,N,0.0,0.0,0.0,2.0,0.0,0.0,0.0,0.0,0.0,1.0,1.0,1.0,2.0,1.0,1.0,1.0,0.0,2.0,0.0,0.0,0.0,2.0,0.0,0.0,0.0,0.0,0.0,0.0,0.0,0.0,2.0,0.0,0.0,0.0,0.0,0.0,-0.1817210366587118,-0.1816911890597865,-0.1816613414608612,2.0,-0.1816314938619359,-0.1816911890597865,-0.1817508842576371,8.442175840881817e-05,-0.3633823781195731,-0.3026803351066476,-0.3025216820975951,-0.3023630290885426,2.0,-0.3022043760794901,-0.3025216820975951,-0.3028389881157001,0.0004487384742267,-0.6050433641951902,-0.0606065428897227,-0.0605239677261947,-0.0604413925626666,2.0,-0.0603588173991386,-0.0605239677261947,-0.0606891180532508,0.000233557832353,-0.1210479354523894,0.0,0.0,0.0,2.0,0.0,0.0,0.0,0.0,0.0,0.0,0.0,0.0,2.0,0.0,0.0,0.0,0.0,0.0,0.0,0.0,0.0,2.0,0.0,0.0,0.0,0.0,0.0,0.0,0.0,0.0,2.0,0.0,0.0,0.0,0.0,0.0,1.0,1.0,1.0,2.0,1.0,1.0,1.0,0.0,2.0,0.9567223564781564,0.965211015989626,0.9736996755010956,2.0,0.9567223564781564,0.965211015989626,0.9736996755010956,2.0,0.982188335012565,0.965211015989626,0.948233696966687,0.024009554814975,1.930422031979252,0.982188335012565,0.965211015989626,0.948233696966687,0.024009554814975,1.930422031979252,1.0,1.0,1.0,2.0,1.0,1.0,1.0,0.0,2.0,0.0,0.0,0.0,2.0,0.0,0.0,0.0,0.0,0.0,1.0,1.0,1.0,2.0,1.0,1.0,1.0,0.0,2.0,0.0,0.0,0.0,2.0,0.0,0.0,0.0,0.0,0.0
99234,stu_SYOOX5573Y,N,0.0,0.0,0.0,3.0,0.0,0.0,0.0,0.0,0.0,1.0,1.0,1.0,3.0,1.0,1.0,1.0,0.0,3.0,0.0,0.0,0.0,3.0,0.0,0.0,0.0,0.0,0.0,0.0,0.0,0.0,3.0,0.0,0.0,0.0,0.0,0.0,-0.1817661259553666,-0.1817539500162661,-0.1816043723495189,3.0,-0.1814547946827716,-0.1816623488645017,-0.1817783018944672,0.0001801591165003,-0.544987046593505,-0.3029548250184448,-0.3028390229538663,-0.3028350688219982,3.0,-0.3028311146901301,-0.3029135882423399,-0.3030706270830234,0.0001360570956298,-0.9087407647270198,-0.0606876548502687,-0.0606820807436705,-0.0605303605296995,3.0,-0.0603786403157286,-0.060584650005422,-0.060693228956867,0.0001784966802213,-0.1817539500162661,1.0,1.0,1.0,3.0,1.0,1.0,1.0,0.0,3.0,0.2992459667991582,0.3457446808510638,0.4281914893617021,3.0,0.5106382978723404,0.3697100771568856,0.2527472527472527,0.130605141376589,1.1091302314706568,35.0,46.0,55.5,3.0,65.0,45.0,24.0,20.518284528683196,135.0,0.0,0.0,0.0,3.0,0.0,0.0,0.0,0.0,0.0,1.0,1.0,1.5,3.0,2.0,1.3333333333333333,1.0,0.5773502691896257,4.0,,,,0.0,-1.0,-1.0,-1.0,1.0,-1.0,-1.0,-1.0,,-1.0,,,,,,0.5,1.0,1.0,3.0,1.0,0.6666666666666666,0.0,0.5773502691896258,2.0,1.0,1.0,1.0,3.0,1.0,1.0,1.0,0.0,3.0,0.0,0.0,0.0,3.0,0.0,0.0,0.0,0.0,0.0,35.0,46.0,55.5,3.0,65.0,45.0,24.0,20.518284528683196,135.0
99816,stu_SYOOX5573Y,N,0.0,0.0,0.0,8.0,0.0,0.0,0.0,0.0,0.0,1.0,1.0,1.0,8.0,1.0,0.875,0.0,0.3535533905932738,7.0,0.0,0.0,0.0,8.0,1.0,0.125,0.0,0.3535533905932738,1.0,0.0,0.0,0.0,8.0,0.0,0.0,0.0,0.0,0.0,-0.1820395358840105,-0.1819633970716951,-0.181901576745704,8.0,-0.1807349684919409,-0.1818609685081816,-0.1822710877559182,0.0004733088671764,-1.4548877480654532,-0.3033074395180332,-0.3032221905252463,-0.3022041235027848,8.0,-0.3020802128550142,-0.3028803497285674,-0.3034938759646613,0.0006161420516409,-2.42304279782854,-0.0607295912928789,-0.0606726221815366,-0.0606618049309194,8.0,-0.060558858149683,-0.060686818734279,-0.0607790353603137,7.167979583623547e-05,-0.4854945498742322,0.0,0.5,1.0,8.0,1.0,0.5,0.0,0.5345224838248488,4.0,0.0,0.0,0.0086206896551724,8.0,0.25,0.0355603448275862,0.0,0.0874828600747745,0.2844827586206896,0.0,0.0,0.25,8.0,2.0,0.375,0.0,0.7440238091428449,3.0,0.0,0.0,0.0,8.0,0.0,0.0,0.0,0.0,0.0,1.0,1.0,1.0,8.0,2.0,1.125,1.0,0.3535533905932738,9.0,0.979770573101562,0.999999968051411,0.99999999790959,5.0,0.979770573101562,0.999999968051411,0.99999999790959,5.0,1.0,0.9669997408370724,0.855228165122799,0.0630932412431194,4.834998704185362,1.0,0.9669997408370724,0.855228165122799,0.0630932412431194,4.834998704185362,1.0,1.0,1.0,8.0,1.0,1.0,1.0,0.0,8.0,0.0,0.0,0.0,8.0,0.0,0.0,0.0,0.0,0.0,0.0,0.0,0.0,8.0,0.0,0.0,0.0,0.0,0.0,0.0,0.0,0.25,8.0,2.0,0.375,0.0,0.7440238091428449,3.0
100077,stu_SYOOX5573Y,N,0.0,0.0,0.0,6.0,0.0,0.0,0.0,0.0,0.0,1.0,1.0,1.0,6.0,1.0,1.0,1.0,0.0,6.0,0.0,0.0,0.0,6.0,0.0,0.0,0.0,0.0,0.0,0.0,0.0,0.0,6.0,0.0,0.0,0.0,0.0,0.0,-0.1820544466191608,-0.1819341330120543,-0.1818809699703736,6.0,-0.1817962087119141,-0.1819615854870507,-0.1821472380749385,0.0001328405820488,-1.0917695129223044,-0.3033096081938815,-0.3032475352911852,-0.3030352489252076,6.0,-0.3029631861783422,-0.303190226507722,-0.3033883163209571,0.0001819743299553,-1.819141359046332,-0.0607270393972019,-0.0607085054927628,-0.0606769334046087,6.0,-0.0604416277202887,-0.0606660203490343,-0.0607378566478192,0.0001126209192198,-0.363996122094206,0.0,0.5,1.0,6.0,1.0,0.5,0.0,0.5477225575051661,3.0,0.0,0.0,0.1875,6.0,0.5,0.125,0.0,0.2091650066335189,0.75,0.0,0.0,0.75,6.0,3.0,0.6666666666666666,0.0,1.2110601416389968,4.0,0.0,0.0,0.0,6.0,0.0,0.0,0.0,0.0,0.0,1.0,1.0,1.0,6.0,2.0,1.1666666666666667,1.0,0.408248290463863,7.0,0.999959791090318,0.999959791090318,0.999995528550847,5.0,0.99871185934723,0.999959791090318,0.9999865941857148,6.0,0.999995528550847,0.666367753563644,-1.0,0.8163504213410199,3.998206521381864,0.999995528550847,0.9996413042763728,0.998295882099534,0.0007523260942731,4.998206521381864,1.0,1.0,1.0,6.0,1.0,0.8333333333333334,0.0,0.408248290463863,5.0,1.25,2.0,2.0,6.0,2.0,1.5,0.0,0.8366600265340756,9.0,0.0,0.0,0.0,6.0,0.0,0.0,0.0,0.0,0.0,0.0,0.0,0.75,6.0,3.0,0.6666666666666666,0.0,1.2110601416389968,4.0
100931,stu_SYOOX5573Y,N,0.0,0.0,0.0,4.0,0.0,0.0,0.0,0.0,0.0,1.0,1.0,1.0,4.0,1.0,1.0,1.0,0.0,4.0,0.0,0.0,0.0,4.0,0.0,0.0,0.0,0.0,0.0,0.0,0.0,0.0,4.0,0.0,0.0,0.0,0.0,0.0,-0.1802990298082504,-0.1797607365921497,-0.1796848851947058,4.0,-0.1796697567210165,-0.1802231784108065,-0.1817014837379101,0.0009881623999702,-0.7208927136432262,-0.3008744639214815,-0.3008161970884467,-0.3007216201766494,4.0,-0.3005585514300261,-0.3007798870096841,-0.3009286024318169,0.0001601852705402,-1.2031195480387369,-0.060587782537203,-0.0605485286333932,-0.0600343347187883,4.0,-0.0585928707524824,-0.0600735886225981,-0.0606044264711237,0.0009878802962046,-0.2402943544903926,0.0,0.5,1.0,4.0,1.0,0.5,0.0,0.5773502691896257,2.0,0.0535714285714285,0.0957142857142857,0.1542857142857142,4.0,0.2571428571428571,0.1121428571428571,0.0,0.1085056191529042,0.4485714285714285,0.75,5.0,9.0,4.0,9.0,4.75,0.0,4.924428900898052,19.0,0.0,0.0,0.0,4.0,0.0,0.0,0.0,0.0,0.0,1.0,1.0,1.0,4.0,1.0,1.0,1.0,0.0,4.0,,,,0.0,,,,0.0,,,,,,,,,,,1.0,1.0,1.0,4.0,1.0,1.0,1.0,0.0,4.0,0.75,1.0,1.0,4.0,1.0,0.75,0.0,0.5,3.0,0.0,0.0,0.0,4.0,0.0,0.0,0.0,0.0,0.0,0.75,5.0,9.0,4.0,9.0,4.75,0.0,4.924428900898052,19.0
101908,stu_SYOOX5573Y,N,0.0,0.0,0.0,3.0,0.0,0.0,0.0,0.0,0.0,1.0,1.0,1.0,3.0,1.0,1.0,1.0,0.0,3.0,0.0,0.0,0.0,3.0,0.0,0.0,0.0,0.0,0.0,0.0,0.0,0.0,3.0,0.0,0.0,0.0,0.0,0.0,-0.1802772995020588,-0.1796465545023013,-0.1795975720405692,3.0,-0.1795485895788371,-0.1800343961943183,-0.1809080445018163,0.00075818553498,-0.5401031885829549,-0.2993975347019443,-0.2979203267770772,-0.2978480550012143,3.0,-0.2977757832253515,-0.2988569508764134,-0.3008747426268114,0.0017489527925496,-0.8965708526292402,-0.060614094062255,-0.0605479538036502,-0.0601139050904782,3.0,-0.0596798563773062,-0.0603026815006054,-0.0606802343208598,0.0005434223812724,-0.1809080445018164,1.5,2.0,2.0,3.0,2.0,1.6666666666666667,1.0,0.5773502691896257,5.0,0.0,0.0,0.0119047619047619,3.0,0.0238095238095238,0.0079365079365079,0.0,0.0137464349807053,0.0238095238095238,0.0,0.0,0.5,3.0,1.0,0.3333333333333333,0.0,0.5773502691896258,1.0,0.0,0.0,0.0,3.0,0.0,0.0,0.0,0.0,0.0,1.0,1.0,1.0,3.0,1.0,1.0,1.0,0.0,3.0,0.999999642759282,0.999999642759282,0.999999642759282,1.0,0.999999642759282,0.999999642759282,0.999999642759282,1.0,0.999999642759282,0.999999642759282,0.999999642759282,,0.999999642759282,0.999999642759282,0.999999642759282,0.999999642759282,,0.999999642759282,1.0,1.0,1.0,3.0,1.0,1.0,1.0,0.0,3.0,2.0,2.0,2.0,3.0,2.0,2.0,2.0,0.0,6.0,0.0,0.0,0.0,3.0,0.0,0.0,0.0,0.0,0.0,0.0,0.0,0.5,3.0,1.0,0.3333333333333333,0.0,0.5773502691896258,1.0
102219,stu_SYOOX5573Y,N,0.0,0.0,0.0,7.0,0.0,0.0,0.0,0.0,0.0,1.0,1.0,1.0,7.0,1.0,1.0,1.0,0.0,7.0,0.0,0.0,0.0,7.0,0.0,0.0,0.0,0.0,0.0,0.0,0.0,0.0,7.0,0.0,0.0,0.0,0.0,0.0,-0.1821411065576804,-0.1819727685384134,-0.181854353611367,7.0,-0.1816832633769671,-0.1819727287233663,-0.1821621488100888,0.0001845732704465,-1.2738091010635642,-0.3033826028616939,-0.303239940570945,-0.3032178880117158,7.0,-0.303046379719321,-0.3032877783500721,-0.3035271464134196,0.000176056544395,-2.1230144484505047,-0.0607783037588227,-0.0606096521960595,-0.0605944975937456,7.0,-0.0604687666517889,-0.0606575795590427,-0.0607790353603137,0.0001224883068008,-0.4246030569132989,0.0,0.0,0.0,7.0,0.0,0.0,0.0,0.0,0.0,0.0,0.0,0.0,7.0,0.0,-0.1428571428571428,-1.0,0.3779644730092273,-1.0,0.0,0.0,0.0,6.0,0.0,0.0,0.0,0.0,0.0,0.0,0.0,0.0,7.0,0.0,0.0,0.0,0.0,0.0,1.0,1.0,1.0,7.0,1.0,0.7142857142857143,-1.0,0.7559289460184546,5.0,0.947411456679976,0.973013668109121,0.9989003268925424,4.0,0.460558592509982,0.947411456679976,0.960497009748825,4.0,0.999753668955372,0.4736441455788309,-1.0,0.9827392377978118,1.894576582315324,0.999753668955372,0.9732981154633976,0.947411456679976,0.0298949477016659,3.89319246185359,1.0,1.0,1.0,7.0,1.0,1.0,1.0,0.0,7.0,0.0,0.0,0.0,7.0,0.0,0.0,0.0,0.0,0.0,1.0,1.0,1.0,7.0,1.0,0.8571428571428571,0.0,0.3779644730092272,6.0,0.0,0.0,0.0,7.0,0.0,-0.1428571428571428,-1.0,0.3779644730092273,-1.0
102638,stu_SYOOX5573Y,N,0.0,0.5,1.0,4.0,1.0,0.5,0.0,0.5773502691896257,2.0,0.0,0.5,1.0,4.0,1.0,0.5,0.0,0.5773502691896257,2.0,0.0,0.0,0.0,4.0,0.0,0.0,0.0,0.0,0.0,0.0,0.0,0.0,4.0,0.0,0.0,0.0,0.0,0.0,-0.1815655190846208,-0.1812877805138217,-0.1810404556621493,4.0,-0.1810283058516735,-0.1813181942329484,-0.1816689100524766,0.0003302787795562,-0.7252727769317937,-0.3021529723652043,-0.3021388977460438,-0.3021353007053796,4.0,-0.3021341771745184,-0.3021493753245401,-0.3021855286315547,2.4347307027892e-05,-1.208597501298161,-0.0605782978464444,-0.0605448357877718,-0.0604941114177278,4.0,-0.0604413838531251,-0.0605275734764004,-0.0605792384769329,6.55528955499255e-05,-0.2421102939056018,3.0,3.0,3.0,4.0,3.0,3.0,3.0,0.0,12.0,0.2580645161290322,0.28287841191067,0.3076923076923077,4.0,0.3076923076923077,0.28287841191067,0.2580645161290322,0.0286526188183437,1.13151364764268,16.0,18.0,20.0,4.0,20.0,18.0,16.0,2.309401076758503,72.0,0.0,0.0,0.0,4.0,0.0,0.0,0.0,0.0,0.0,2.0,2.5,3.0,4.0,3.0,2.5,2.0,0.5773502691896257,10.0,0.266349482123797,0.266349482123797,0.266349482123797,1.0,-1.0,-1.0,-0.6834126294690508,4.0,0.266349482123797,-0.6834126294690508,-1.0,0.6331747410618985,-2.733650517876203,0.266349482123797,0.266349482123797,0.266349482123797,,0.266349482123797,0.0,0.0,0.25,4.0,1.0,0.25,0.0,0.5,1.0,1.75,2.0,2.0,4.0,2.0,1.75,1.0,0.5,7.0,0.0,0.0,0.0,4.0,0.0,0.0,0.0,0.0,0.0,16.0,18.0,20.0,4.0,20.0,18.0,16.0,2.309401076758503,72.0
103603,stu_SYOOX5573Y,N,0.0,0.0,0.0,6.0,0.0,0.0,0.0,0.0,0.0,1.0,1.0,1.0,6.0,1.0,1.0,1.0,0.0,6.0,0.0,0.0,0.0,6.0,0.0,0.0,0.0,0.0,0.0,0.0,0.0,0.0,6.0,0.0,0.0,0.0,0.0,0.0,-0.182019521357506,-0.1818597186889676,-0.1817050111022416,6.0,-0.1816036581671107,-0.1818600090070196,-0.1821107276767197,0.0002055775135966,-1.0911600540421176,-0.3030948657371842,-0.3030479648558849,-0.3029711205707032,6.0,-0.3028693321584943,-0.3030662665058825,-0.3033763319917708,0.000173659565948,-1.8183975990352947,-0.0606963382632038,-0.0606689467549984,-0.0606271845032193,6.0,-0.0603431053861648,-0.0606199062296559,-0.0607197059632086,0.0001404288888329,-0.3637194373779356,0.0,0.0,0.0,6.0,0.0,0.0,0.0,0.0,0.0,0.0917832167832167,0.1451048951048951,0.1594292803970223,6.0,0.3404255319148936,0.144808120271401,0.0,0.1133742483083082,0.868848721628406,2.75,5.5,6.0,6.0,16.0,5.833333333333333,0.0,5.52871293039046,35.0,0.0,0.0,0.0,6.0,0.0,0.0,0.0,0.0,0.0,1.0,1.0,1.75,6.0,2.0,1.3333333333333333,1.0,0.5163977794943223,8.0,1.0,1.0,1.0,5.0,1.0,1.0,1.0,5.0,1.0,0.9992366587928632,0.996183293964316,0.0017068828291846,4.996183293964316,1.0,0.9992366587928632,0.996183293964316,0.0017068828291846,4.996183293964316,1.0,1.0,1.0,6.0,1.0,1.0,1.0,0.0,6.0,0.0,0.0,0.0,6.0,1.0,0.1666666666666666,0.0,0.408248290463863,1.0,0.0,0.0,0.0,6.0,0.0,0.0,0.0,0.0,0.0,2.75,5.5,6.0,6.0,16.0,5.833333333333333,0.0,5.52871293039046,35.0
103705,stu_SYOOX5573Y,N,0.0,0.0,0.0,1.0,0.0,0.0,0.0,,0.0,1.0,1.0,1.0,1.0,1.0,1.0,1.0,,1.0,0.0,0.0,0.0,1.0,0.0,0.0,0.0,,0.0,0.0,0.0,0.0,1.0,0.0,0.0,0.0,,0.0,-0.1816361970143782,-0.1816361970143782,-0.1816361970143782,1.0,-0.1816361970143782,-0.1816361970143782,-0.1816361970143782,,-0.1816361970143782,-0.3025951209520269,-0.3025951209520269,-0.3025951209520269,1.0,-0.3025951209520269,-0.3025951209520269,-0.3025951209520269,,-0.3025951209520269,-0.0604687318136227,-0.0604687318136227,-0.0604687318136227,1.0,-0.0604687318136227,-0.0604687318136227,-0.0604687318136227,,-0.0604687318136227,0.0,0.0,0.0,1.0,0.0,0.0,0.0,,0.0,-1.0,-1.0,-1.0,1.0,-1.0,-1.0,-1.0,,-1.0,,,,0.0,,,,,,0.0,0.0,0.0,1.0,0.0,0.0,0.0,,0.0,-1.0,-1.0,-1.0,1.0,-1.0,-1.0,-1.0,,-1.0,,,,0.0,-1.0,-1.0,-1.0,1.0,-1.0,-1.0,-1.0,,-1.0,,,,,,1.0,1.0,1.0,1.0,1.0,1.0,1.0,,1.0,1.0,1.0,1.0,1.0,1.0,1.0,1.0,,1.0,0.0,0.0,0.0,1.0,0.0,0.0,0.0,,0.0,-1.0,-1.0,-1.0,1.0,-1.0,-1.0,-1.0,,-1.0
104317,stu_SYOOX5573Y,N,0.0,0.0,0.0,3.0,0.0,0.0,0.0,0.0,0.0,1.0,1.0,1.0,3.0,1.0,1.0,1.0,0.0,3.0,0.0,0.0,0.0,3.0,0.0,0.0,0.0,0.0,0.0,0.0,0.0,0.0,3.0,0.0,0.0,0.0,0.0,0.0,-0.1817702020208168,-0.1817360780369857,-0.1816669939533337,3.0,-0.1815979098696817,-0.1817127713037718,-0.181804326004648,0.0001051632447836,-0.5451383139113155,-0.302878181052719,-0.302856755580482,-0.3027973216688782,3.0,-0.3027378877572744,-0.3028314166209041,-0.302899606524956,8.37841698023996e-05,-0.9084942498627124,-0.0605854396705234,-0.0605747791916543,-0.0605699889437964,3.0,-0.0605651986959385,-0.0605786926789951,-0.0605961001493926,1.58180749071377e-05,-0.1817360780369855,1.0,1.0,1.0,3.0,1.0,1.0,1.0,0.0,3.0,0.1697247706422018,0.3394495412844037,0.4197247706422018,3.0,0.5,0.2798165137614679,0.0,0.2552784234491105,0.8394495412844036,0.5,1.0,19.0,3.0,37.0,12.666666666666666,0.0,21.07921567168317,38.0,0.0,0.0,0.0,3.0,0.0,0.0,0.0,0.0,0.0,1.0,1.0,1.5,3.0,2.0,1.3333333333333333,1.0,0.5773502691896257,4.0,,,,0.0,-1.0,-1.0,-1.0,1.0,-1.0,-1.0,-1.0,,-1.0,,,,,,0.5,1.0,1.0,3.0,1.0,0.6666666666666666,0.0,0.5773502691896258,2.0,1.0,1.0,1.5,3.0,2.0,1.3333333333333333,1.0,0.5773502691896257,4.0,0.0,0.0,0.5,3.0,1.0,0.3333333333333333,0.0,0.5773502691896258,1.0,0.5,1.0,19.0,3.0,37.0,12.666666666666666,0.0,21.07921567168317,38.0
105663,stu_SYOOX5573Y,N,0.0,0.0,0.25,4.0,1.0,0.25,0.0,0.5,1.0,0.75,1.0,1.0,4.0,1.0,0.75,0.0,0.5,3.0,0.0,0.0,0.0,4.0,0.0,0.0,0.0,0.0,0.0,0.0,0.0,0.0,4.0,0.0,0.0,0.0,0.0,0.0,-0.1818459140655956,-0.1818181567566446,-0.1817838237438161,4.0,-0.1817003689165905,-0.181811581052767,-0.1819096417811883,8.593681603955937e-05,-0.7272463242110683,-0.3030317389799591,-0.3024605236967624,-0.3018580934166157,4.0,-0.3017146211385018,-0.3024293086998123,-0.3030815662672224,0.0007195700204295,-1.2097172347992493,-0.0606860784232464,-0.0606349621238322,-0.0605537717774121,4.0,-0.060430444668926,-0.0606048880768264,-0.060719183390715,0.0001271689700194,-0.2424195523073056,0.75,1.0,1.0,4.0,1.0,0.75,0.0,0.5,3.0,-0.25,0.1666666666666666,0.3333333333333333,4.0,0.3333333333333333,-0.0833333333333333,-1.0,0.6309898162000304,-0.3333333333333334,0.5,1.0,1.0,3.0,1.0,0.6666666666666666,0.0,0.5773502691896258,2.0,0.0,0.0,0.0,4.0,0.0,0.0,0.0,0.0,0.0,0.5,1.5,2.0,4.0,2.0,1.0,-1.0,1.4142135623730951,4.0,,,,0.0,-1.0,-1.0,-1.0,2.0,-1.0,-1.0,-1.0,0.0,-2.0,,,,,,0.75,1.0,1.0,4.0,1.0,0.75,0.0,0.5,3.0,0.0,0.5,1.0,4.0,1.0,0.5,0.0,0.5773502691896257,2.0,0.0,0.0,0.0,4.0,0.0,0.0,0.0,0.0,0.0,-0.25,0.5,1.0,4.0,1.0,0.25,-1.0,0.957427107756338,1.0
105972,stu_SYOOX5573Y,N,0.0,0.0,0.25,4.0,1.0,0.25,0.0,0.5,1.0,0.75,1.0,1.0,4.0,1.0,0.75,0.0,0.5,3.0,0.0,0.0,0.0,4.0,0.0,0.0,0.0,0.0,0.0,0.0,0.0,0.0,4.0,0.0,0.0,0.0,0.0,0.0,-0.1821050142174567,-0.1820978549742946,-0.1820870551427605,4.0,-0.182059724601346,-0.1820942143859227,-0.1821214229937554,2.5573887653561027e-05,-0.7283768575436909,-0.3034983700881061,-0.3034961752836331,-0.3034792700634656,4.0,-0.3034327349829118,-0.3034814648679387,-0.3035007739215766,3.257871360248989e-05,-1.2139258594717548,-0.0607182863079344,-0.0607172324534057,-0.0607030359006632,4.0,-0.0606617004164206,-0.060704089755192,-0.060720193697536,2.829607498184832e-05,-0.2428163590207681,1.75,2.0,2.0,4.0,2.0,1.75,1.0,0.5,7.0,-0.0163934426229508,0.4441992433795712,0.5769230769230769,4.0,0.5769230769230769,0.1163303909205548,-1.0,0.7546668944857745,0.4653215636822194,32.0,45.0,45.0,3.0,45.0,36.333333333333336,19.0,15.01110699893027,109.0,0.0,0.0,0.0,4.0,0.0,0.0,0.0,0.0,0.0,1.25,2.0,2.0,4.0,2.0,1.25,-1.0,1.5,5.0,,,,0.0,-1.0,-1.0,-1.0,3.0,-1.0,-1.0,-1.0,0.0,-3.0,,,,,,0.0,0.5,1.0,4.0,1.0,0.5,0.0,0.5773502691896257,2.0,1.75,2.0,2.0,4.0,2.0,1.75,1.0,0.5,7.0,0.0,0.0,0.0,4.0,0.0,0.0,0.0,0.0,0.0,14.0,32.0,45.0,4.0,45.0,27.0,-1.0,22.3308456325923,108.0
106621,stu_SYOOX5573Y,N,0.0,0.0,0.0,4.0,0.0,0.0,0.0,0.0,0.0,1.0,1.0,1.0,4.0,1.0,1.0,1.0,0.0,4.0,0.0,0.0,0.0,4.0,0.0,0.0,0.0,0.0,0.0,0.0,0.0,0.0,4.0,0.0,0.0,0.0,0.0,0.0,-0.1816665236380893,-0.1815665206819002,-0.181480426863582,4.0,-0.1814654551616407,-0.1815804298197711,-0.1817232227536433,0.0001253679874816,-0.7263217192790846,-0.3027017431598015,-0.3026778964350108,-0.3026547203449203,4.0,-0.3025852965891475,-0.3026785670697109,-0.3027731788196746,7.670651364106942e-05,-1.210714268278844,-0.0605769914152105,-0.0605292457083799,-0.0604918469369223,4.0,-0.0604351478213683,-0.0605395926437529,-0.0606647313368834,9.568518257031451e-05,-0.2421583705750116,0.0,0.0,0.0,4.0,0.0,0.0,0.0,0.0,0.0,0.1967447173043975,0.2612193631611107,0.2931235431235431,4.0,0.3333333333333333,0.2286488972668299,0.0588235294117647,0.1191717598620715,0.9145955890673196,3.25,14.5,28.75,4.0,40.0,17.5,1.0,18.411952639521967,70.0,0.0,0.0,0.0,4.0,0.0,0.0,0.0,0.0,0.0,1.0,1.0,1.25,4.0,2.0,1.25,1.0,0.5,5.0,,,,0.0,-1.0,-1.0,-1.0,1.0,-1.0,-1.0,-1.0,,-1.0,,,,,,0.0,0.0,0.0,4.0,0.0,0.0,0.0,0.0,0.0,0.0,0.0,0.0,4.0,0.0,0.0,0.0,0.0,0.0,0.0,0.0,0.0,4.0,0.0,0.0,0.0,0.0,0.0,3.25,14.5,28.75,4.0,40.0,17.5,1.0,18.411952639521967,70.0
113868,stu_KTYGY4827T,N,0.0,0.0,0.0,4.0,0.0,0.0,0.0,0.0,0.0,1.0,1.0,1.0,4.0,1.0,1.0,1.0,0.0,4.0,0.0,0.0,0.0,4.0,0.0,0.0,0.0,0.0,0.0,0.0,0.0,0.0,4.0,0.0,0.0,0.0,0.0,0.0,-0.1709400789971033,-0.1697494746916609,-0.1685459493974018,4.0,-0.1685069857165622,-0.1697365537028442,-0.1709402797114927,0.0013899503882469,-0.678946214811377,-0.282648503703195,-0.2825740637540312,-0.2825146857471711,4.0,-0.2824740410833204,-0.2825891256963349,-0.2827343341939564,0.0001139947932116,-1.1303565027853395,-0.0569789363417254,-0.0569721036893867,-0.0569709161292495,4.0,-0.0569707154148601,-0.0569777487815882,-0.0569960723327192,1.2267390951854414e-05,-0.2279109951263529,0.0,0.0,0.0,4.0,0.0,0.0,0.0,0.0,0.0,0.0576923076923076,0.1098901098901098,0.1571428571428571,4.0,0.2,0.1049450549450549,0.0,0.0861616016543667,0.4197802197802198,0.75,1.5,2.25,4.0,3.0,1.5,0.0,1.2909944487358056,6.0,0.0,0.0,0.0,4.0,0.0,0.0,0.0,0.0,0.0,1.0,1.0,1.0,4.0,1.0,1.0,1.0,0.0,4.0,0.9999989257091496,0.9999996961396108,0.999999999999794,4.0,0.9999989257091496,0.9999996961396108,0.999999999999794,4.0,0.99999999999998,0.9999992295693324,0.999997525998128,1.171289293521085e-06,3.99999691827733,0.99999999999998,0.9999992295693324,0.999997525998128,1.171289293521085e-06,3.99999691827733,1.0,1.0,1.0,4.0,1.0,1.0,1.0,0.0,4.0,0.0,0.0,0.0,4.0,0.0,0.0,0.0,0.0,0.0,0.0,0.0,0.0,4.0,0.0,0.0,0.0,0.0,0.0,0.75,1.5,2.25,4.0,3.0,1.5,0.0,1.2909944487358056,6.0
113939,stu_KTYGY4827T,N,0.0,0.0,0.0,4.0,0.0,0.0,0.0,0.0,0.0,0.0,0.0,0.25,4.0,1.0,0.25,0.0,0.5,1.0,0.0,0.0,0.25,4.0,1.0,0.25,0.0,0.5,1.0,0.0,0.0,0.25,4.0,1.0,0.25,0.0,0.5,1.0,-0.1709530836169157,-0.1709317995285411,-0.1708762100057806,4.0,-0.1707486309220269,-0.1708974940941552,-0.1709777463975115,0.000102136663747,-0.6835899763766208,-0.2848037497271284,-0.2847385844553742,-0.2846528208694093,4.0,-0.2845601660894088,-0.2847179861411635,-0.2848346095644966,0.0001229906598013,-1.138871944564654,-0.0569896243829602,-0.0569448734372266,-0.0569181616972391,4.0,-0.0568739041743793,-0.0569629126429727,-0.0570879995230583,9.038087448204531e-05,-0.2278516505718909,2.75,3.0,3.0,4.0,3.0,2.75,2.0,0.5,11.0,0.4651162790697674,0.4651162790697674,0.4651162790697674,4.0,0.4651162790697674,0.4651162790697674,0.4651162790697674,0.0,1.8604651162790695,80.0,80.0,80.0,4.0,80.0,80.0,80.0,0.0,320.0,1.0,1.5,2.0,4.0,2.0,1.5,1.0,0.5773502691896257,6.0,4.0,4.0,4.0,4.0,4.0,4.0,4.0,0.0,16.0,,,,0.0,-1.0,-1.0,-1.0,4.0,-1.0,-1.0,-1.0,0.0,-4.0,,,,,,0.0,0.0,0.0,4.0,0.0,0.0,0.0,0.0,0.0,4.0,4.0,4.25,4.0,5.0,4.25,4.0,0.5,17.0,0.0,0.0,0.0,4.0,0.0,0.0,0.0,0.0,0.0,80.0,80.0,80.0,4.0,80.0,80.0,80.0,0.0,320.0
114077,stu_KTYGY4827T,N,0.0,0.0,0.0,5.0,0.0,0.0,0.0,0.0,0.0,0.0,1.0,1.0,5.0,1.0,0.6,0.0,0.5477225575051662,3.0,0.0,0.0,0.0,5.0,1.0,0.2,0.0,0.447213595499958,1.0,0.0,0.0,0.0,5.0,1.0,0.2,0.0,0.447213595499958,1.0,-0.1708734083674288,-0.1706531912298736,-0.1706037151328898,5.0,-0.1704273540894156,-0.1707015567072361,-0.1709501147165726,0.0002111950199501,-0.8535077835361806,-0.2847346537985823,-0.2844730560444152,-0.2842863916622858,5.0,-0.2839918432958612,-0.2844534462485722,-0.2847812864417164,0.0003270802436969,-1.422267231242861,-0.0570422366422781,-0.0570392259264373,-0.0568220195047229,5.0,-0.0567424697017294,-0.0569469307597178,-0.0570887020234211,0.0001541978000171,-0.2847346537985892,1.0,1.0,1.0,5.0,1.0,1.0,1.0,0.0,5.0,0.3333333333333333,0.6,0.6,5.0,0.6,0.4666666666666667,0.2,0.1885618083164126,2.333333333333333,2.0,6.0,6.0,5.0,6.0,4.2,1.0,2.4899799195977463,21.0,0.0,0.0,0.0,5.0,0.0,0.0,0.0,0.0,0.0,2.0,2.0,2.0,5.0,2.0,1.8,1.0,0.447213595499958,9.0,0.588454229732667,0.6931217258518669,0.7977892219710669,2.0,-1.0,-1.0,0.483786733613467,5.0,0.902456718090267,-0.3227513096592532,-1.0,0.9391000601923136,-1.613756548296266,0.902456718090267,0.6931217258518669,0.483786733613467,0.2960443851028118,1.386243451703734,0.0,0.0,1.0,5.0,1.0,0.4,0.0,0.5477225575051662,2.0,2.0,2.0,3.0,5.0,3.0,2.4,2.0,0.5477225575051661,12.0,0.0,0.0,1.0,5.0,1.0,0.4,0.0,0.5477225575051662,2.0,2.0,6.0,6.0,5.0,6.0,4.2,1.0,2.4899799195977463,21.0
117908,stu_KTYGY4827T,N,0.0,0.0,1.0,5.0,1.0,0.4,0.0,0.5477225575051662,2.0,0.0,1.0,1.0,5.0,1.0,0.6,0.0,0.5477225575051662,3.0,0.0,0.0,0.0,5.0,0.0,0.0,0.0,0.0,0.0,0.0,0.0,0.0,5.0,0.0,0.0,0.0,0.0,0.0,-0.1707472259213011,-0.1707387624645487,-0.1707227722181942,5.0,-0.1706367326499439,-0.1707256290530032,-0.1707826520110279,5.431680435875902e-05,-0.8536281452650161,-0.2846439308945794,-0.2846025837303658,-0.2845539104909396,5.0,-0.2844716510436893,-0.2845861117694768,-0.2846584826878099,7.581244395012533e-05,-1.422930558847384,-0.0569759674413824,-0.0569675039846299,-0.0568878538244417,5.0,-0.0567729113841197,-0.0569205167460745,-0.056998347095799,9.245857567420784e-05,-0.2846025837303729,3.0,3.0,4.0,5.0,5.0,3.4,2.0,1.140175425099138,17.0,0.360655737704918,0.360655737704918,0.4647887323943662,5.0,0.4647887323943662,0.3844150761753069,0.2711864406779661,0.0819597240321881,1.9220753808765343,22.0,22.0,33.0,5.0,33.0,25.2,16.0,7.52994023880668,126.0,0.0,0.0,0.0,5.0,0.0,0.0,0.0,0.0,0.0,2.0,2.0,8.0,5.0,8.0,4.2,1.0,3.4928498393145966,21.0,0.6276366147541395,0.670171046237639,0.7127054777211386,2.0,-1.0,-1.0,0.58510218327064,5.0,0.755239909204638,-0.3319315815049444,-1.0,0.9167659204128432,-1.659657907524722,0.755239909204638,0.670171046237639,0.58510218327064,0.1203055397435883,1.340342092475278,0.0,0.0,1.0,5.0,1.0,0.4,0.0,0.5477225575051662,2.0,3.0,4.0,5.0,5.0,5.0,4.0,3.0,1.0,20.0,0.0,0.0,0.0,5.0,0.0,0.0,0.0,0.0,0.0,22.0,22.0,33.0,5.0,33.0,25.2,16.0,7.52994023880668,126.0
120905,stu_DNXNA4590X,?,0.0,0.0,0.0,1.0,0.0,0.0,0.0,,0.0,0.0,0.0,0.0,1.0,0.0,0.0,0.0,,0.0,0.0,0.0,0.0,1.0,0.0,0.0,0.0,,0.0,0.0,0.0,0.0,1.0,0.0,0.0,0.0,,0.0,-0.1815202749323021,-0.1815202749323021,-0.1815202749323021,1.0,-0.1815202749323021,-0.1815202749323021,-0.1815202749323021,,-0.1815202749323021,-0.304655180324157,-0.304655180324157,-0.304655180324157,1.0,-0.304655180324157,-0.304655180324157,-0.304655180324157,,-0.304655180324157,-0.0616044832452183,-0.0616044832452183,-0.0616044832452183,1.0,-0.0616044832452183,-0.0616044832452183,-0.0616044832452183,,-0.0616044832452183,1.0,1.0,1.0,1.0,1.0,1.0,1.0,,1.0,0.6515151515151515,0.6515151515151515,0.6515151515151515,1.0,0.6515151515151515,0.6515151515151515,0.6515151515151515,,0.6515151515151515,43.0,43.0,43.0,1.0,43.0,43.0,43.0,,43.0,1.0,1.0,1.0,1.0,1.0,1.0,1.0,,1.0,4.0,4.0,4.0,1.0,4.0,4.0,4.0,,4.0,,,,0.0,-1.0,-1.0,-1.0,1.0,-1.0,-1.0,-1.0,,-1.0,,,,,,0.0,0.0,0.0,1.0,0.0,0.0,0.0,,0.0,4.0,4.0,4.0,1.0,4.0,4.0,4.0,,4.0,0.0,0.0,0.0,1.0,0.0,0.0,0.0,,0.0,43.0,43.0,43.0,1.0,43.0,43.0,43.0,,43.0
122746,stu_DNXNA4590X,N,0.0,0.0,0.0,4.0,0.0,0.0,0.0,0.0,0.0,1.0,1.0,1.0,4.0,1.0,1.0,1.0,0.0,4.0,0.0,0.0,0.0,4.0,0.0,0.0,0.0,0.0,0.0,0.0,0.0,0.0,4.0,0.0,0.0,0.0,0.0,0.0,-0.1847063545408513,-0.1845554055841998,-0.184525719735854,4.0,-0.1845196811927412,-0.1846766686925056,-0.1850761824088816,0.0002678291479381,-0.7387066747700224,-0.3078954606090243,-0.3078535124729691,-0.3078453489865171,4.0,-0.3078277597192901,-0.3078872971225723,-0.3080144038250607,8.562360453529856e-05,-1.2315491884902892,-0.0617469909131923,-0.0616640401433935,-0.0614998444069351,4.0,-0.0612549982980541,-0.0615827951767339,-0.0617481021220944,0.000232104648125,-0.2463311807069357,0.0,0.0,0.0,4.0,0.0,0.0,0.0,0.0,0.0,0.0416666666666666,0.0804093567251462,0.1052631578947368,4.0,0.1052631578947368,0.0665204678362573,0.0,0.0501570666620129,0.2660818713450292,0.75,1.5,2.0,4.0,2.0,1.25,0.0,0.957427107756338,5.0,0.0,0.0,0.0,4.0,0.0,0.0,0.0,0.0,0.0,1.0,1.0,1.0,4.0,1.0,1.0,1.0,0.0,4.0,,,,0.0,,,,0.0,,,,,,,,,,,1.0,1.0,1.0,4.0,1.0,1.0,1.0,0.0,4.0,0.0,0.0,0.0,4.0,0.0,0.0,0.0,0.0,0.0,0.0,0.0,0.0,4.0,0.0,0.0,0.0,0.0,0.0,0.75,1.5,2.0,4.0,2.0,1.25,0.0,0.957427107756338,5.0
127212,stu_DNXNA4590X,N,0.0,0.0,0.0,8.0,0.0,0.0,0.0,0.0,0.0,1.0,1.0,1.0,8.0,1.0,1.0,1.0,0.0,8.0,0.0,0.0,0.0,8.0,0.0,0.0,0.0,0.0,0.0,0.0,0.0,0.0,8.0,0.0,0.0,0.0,0.0,0.0,-0.185272096336283,-0.185247815447027,-0.1852265757610821,8.0,-0.1851870693603776,-0.1852503570937044,-0.1853216036171066,4.187338218056799e-05,-1.4820028567496355,-0.3087541082983502,-0.3087325566941169,-0.3087150941436944,8.0,-0.308668301526724,-0.3087366774271289,-0.3088320586280894,5.068203101025582e-05,-2.469893419417032,-0.0617688349408209,-0.0617592434534552,-0.0617430042075698,8.0,-0.061719951496574,-0.0617558927687174,-0.061782257174665,2.1913832910514663e-05,-0.4940471421497399,0.0,0.0,0.0,8.0,1.0,0.125,0.0,0.3535533905932738,1.0,0.0,0.0,0.067251461988304,8.0,0.1428571428571428,0.0383249791144528,0.0,0.0582770393246883,0.3065998329156224,0.0,0.0,1.25,8.0,3.0,0.75,0.0,1.164964745021435,6.0,0.0,0.0,0.0,8.0,0.0,0.0,0.0,0.0,0.0,1.0,1.0,1.0,8.0,1.0,1.0,1.0,0.0,8.0,1.0,1.0,1.0,8.0,1.0,1.0,1.0,8.0,1.0,1.0,1.0,0.0,8.0,1.0,1.0,1.0,0.0,8.0,1.0,1.0,1.0,8.0,1.0,1.0,1.0,0.0,8.0,0.0,0.0,1.25,8.0,3.0,0.75,0.0,1.164964745021435,6.0,0.0,0.0,0.0,8.0,0.0,0.0,0.0,0.0,0.0,0.0,0.0,1.25,8.0,3.0,0.75,0.0,1.164964745021435,6.0
131370,stu_ZSIQB4429L,N,0.0,0.0,0.0,5.0,0.0,0.0,0.0,0.0,0.0,0.0,0.0,0.0,5.0,0.0,0.0,0.0,0.0,0.0,0.0,1.0,1.0,5.0,1.0,0.6,0.0,0.5477225575051662,3.0,0.0,0.0,0.0,5.0,1.0,0.2,0.0,0.447213595499958,1.0,-0.1706111211976199,-0.1553119701436564,-0.1550423959721273,5.0,-0.1450488320643356,-0.1593373238371732,-0.1706722998081268,0.0111174531936592,-0.7966866191858663,-0.268929918436976,-0.2589673226493635,-0.2588005020264411,5.0,-0.2586075431736427,-0.2628908887723342,-0.2691491575752475,0.0056149018706935,-1.314454443861671,-0.0568351123765357,-0.0567847773432781,-0.0567739337660288,5.0,-0.0414836848628202,-0.0537859836873951,-0.0570524100883129,0.0068781155236674,-0.2689299184369759,3.0,3.0,3.0,5.0,3.0,2.8,2.0,0.4472135954999578,14.0,0.656,0.656,0.656,5.0,0.656,0.656,0.656,0.0,3.28,82.0,82.0,82.0,5.0,82.0,82.0,82.0,0.0,410.0,0.0,0.0,0.0,5.0,1.0,0.2,0.0,0.447213595499958,1.0,4.0,4.0,4.0,5.0,4.0,4.0,4.0,0.0,20.0,,,,0.0,-1.0,-1.0,-1.0,4.0,-1.0,-1.0,-1.0,0.0,-4.0,,,,,,0.0,0.0,0.0,5.0,1.0,0.2,0.0,0.447213595499958,1.0,2.0,3.0,4.0,5.0,4.0,2.8,1.0,1.3038404810405295,14.0,0.0,0.0,0.0,5.0,0.0,0.0,0.0,0.0,0.0,82.0,82.0,82.0,5.0,82.0,82.0,82.0,0.0,410.0
133519,stu_ZSIQB4429L,N,0.0,0.0,0.0,6.0,0.0,0.0,0.0,0.0,0.0,1.0,1.0,1.0,6.0,1.0,1.0,1.0,0.0,6.0,0.0,0.0,0.0,6.0,0.0,0.0,0.0,0.0,0.0,0.0,0.0,0.0,6.0,0.0,0.0,0.0,0.0,0.0,-0.1707802028721303,-0.1704250046894177,-0.1702871515703479,6.0,-0.1702612856136998,-0.1705477959692005,-0.1710356780256421,0.0003304388554847,-1.023286775815203,-0.2842584276476843,-0.2842465896812549,-0.2837945569331502,6.0,-0.2834631057110948,-0.284053204661665,-0.284456689909443,0.0003985802359056,-1.70431922796999,-0.0570173460317491,-0.0569046959432074,-0.0566307062102001,6.0,-0.0563542541801755,-0.0568018240149364,-0.0570530256625672,0.0002857556250557,-0.3408109440896186,0.0,0.0,0.0,6.0,0.0,0.0,0.0,0.0,0.0,0.0,0.1346153846153846,0.3719951923076923,6.0,0.5714285714285714,0.2078182234432234,0.0,0.2469511684017325,1.2469093406593406,0.0,7.0,18.5,6.0,26.0,10.0,0.0,11.593101396951552,60.0,0.0,0.0,0.0,6.0,0.0,0.0,0.0,0.0,0.0,1.0,1.0,1.0,6.0,1.0,1.0,1.0,0.0,6.0,0.7,0.7,0.7,1.0,0.7,0.7,0.7,1.0,0.7,0.7,0.7,,0.7,0.7,0.7,0.7,,0.7,1.0,1.0,1.0,6.0,1.0,1.0,1.0,0.0,6.0,0.0,0.0,0.0,6.0,0.0,0.0,0.0,0.0,0.0,0.0,0.0,0.0,6.0,1.0,0.1666666666666666,0.0,0.408248290463863,1.0,0.0,7.0,18.5,6.0,26.0,10.0,0.0,11.593101396951552,60.0
134272,stu_ZSIQB4429L,N,0.0,0.0,0.0,6.0,0.0,0.0,0.0,0.0,0.0,1.0,1.0,1.0,6.0,1.0,1.0,1.0,0.0,6.0,0.0,0.0,0.0,6.0,0.0,0.0,0.0,0.0,0.0,0.0,0.0,0.0,6.0,0.0,0.0,0.0,0.0,0.0,-0.1707333955528687,-0.1706861028769835,-0.1705616384979452,6.0,-0.1705058106482644,-0.1706523567806822,-0.1707668141320987,0.0001107179149874,-1.0239141406840933,-0.284431463202982,-0.2843642117156969,-0.2842295193336638,6.0,-0.2841342237039075,-0.284354646638822,-0.2846267304592342,0.0001779361012723,-1.7061278798329322,-0.0569581680375688,-0.0569299581635677,-0.0568442512866192,6.0,-0.0567757331369261,-0.05690041059936,-0.0569835604755598,8.3420855758179e-05,-0.3414024635961604,0.0,0.5,1.0,6.0,1.0,0.5,0.0,0.5477225575051661,3.0,0.0,0.0454545454545454,0.2805397727272727,6.0,0.3636363636363636,-0.0336174242424242,-1.0,0.5003756874574192,-0.2017045454545454,0.0,1.0,11.0,5.0,12.0,4.8,0.0,6.1400325732035,24.0,0.0,0.0,0.0,6.0,1.0,0.1666666666666666,0.0,0.408248290463863,1.0,1.0,1.0,1.0,6.0,1.0,0.6666666666666666,-1.0,0.816496580927726,4.0,0.9863923624780756,0.991271129790536,0.9943215689839204,3.0,0.4861351963742112,0.9863923624780756,0.9927963493872284,4.0,0.997372008177305,0.492539183283364,-1.0,0.9950475574344833,1.970156733133456,0.997372008177305,0.9900522443778188,0.981513595165615,0.0079991610215907,2.970156733133456,1.0,1.0,1.0,6.0,1.0,1.0,1.0,0.0,6.0,0.0,0.0,0.0,6.0,0.0,0.0,0.0,0.0,0.0,0.0,0.0,0.0,6.0,0.0,0.0,0.0,0.0,0.0,0.0,0.5,8.5,6.0,12.0,3.8333333333333335,-1.0,5.980523945831725,23.0
134535,stu_ZSIQB4429L,N,0.0,0.0,0.0,8.0,0.0,0.0,0.0,0.0,0.0,1.0,1.0,1.0,8.0,1.0,1.0,1.0,0.0,8.0,0.0,0.0,0.0,8.0,0.0,0.0,0.0,0.0,0.0,0.0,0.0,0.0,8.0,0.0,0.0,0.0,0.0,0.0,-0.1708684430738947,-0.1707048068639418,-0.1702396458110669,8.0,-0.1702396458110669,-0.170653003922847,-0.1711625336738991,0.000389039113363,-1.365224031382776,-0.2845666054277405,-0.284348088405421,-0.2842171249828131,8.0,-0.2836447474679876,-0.2843416959035492,-0.2848785950329859,0.0004381708718339,-2.274733567228394,-0.0570543515148073,-0.0570543515148073,-0.0569558004442829,8.0,-0.0561309427814523,-0.0568897801055065,-0.0570543515148073,0.0003359807501934,-0.455118240844052,0.0,0.0,0.0,8.0,0.0,0.0,0.0,0.0,0.0,0.17068345323741,0.2096223021582733,0.225,8.0,0.5203761755485894,0.2229831730227103,0.1,0.1311249856764541,1.783865384181683,23.5,31.5,36.0,8.0,166.0,44.25,13.0,50.10774106149383,354.0,0.0,0.0,0.0,8.0,0.0,0.0,0.0,0.0,0.0,1.0,1.0,1.0,8.0,1.0,1.0,1.0,0.0,8.0,0.938873629318011,0.9726045840954124,0.9918928894075336,8.0,0.938873629318011,0.9726045840954124,0.9918928894075336,8.0,0.997782268121359,0.949769173204672,0.841176470588236,0.0614454402748254,7.598153385637376,0.997782268121359,0.949769173204672,0.841176470588236,0.0614454402748254,7.598153385637376,0.0,0.0,1.0,8.0,1.0,0.375,0.0,0.5175491695067657,3.0,2.75,3.0,3.0,8.0,4.0,2.875,2.0,0.6408699444616557,23.0,0.0,0.0,0.0,8.0,0.0,0.0,0.0,0.0,0.0,23.5,31.5,36.0,8.0,166.0,44.25,13.0,50.10774106149383,354.0
134765,stu_ZSIQB4429L,N,0.0,0.0,0.0,4.0,0.0,0.0,0.0,0.0,0.0,0.75,1.0,1.0,4.0,1.0,0.75,0.0,0.5,3.0,0.0,0.0,0.25,4.0,1.0,0.25,0.0,0.5,1.0,0.0,0.0,0.0,4.0,0.0,0.0,0.0,0.0,0.0,-0.1707635468533642,-0.1705949742114103,-0.1704266975186171,4.0,-0.1704237498649762,-0.170595270160571,-0.1707673823544873,0.0001958031782863,-0.6823810806422843,-0.284211194161632,-0.2829565354516509,-0.2816880381589139,4.0,-0.2816426158817245,-0.282942696868895,-0.2842151006905537,0.001466448120724,-1.1317707874755802,-0.0569822227853532,-0.0569780439832037,-0.056848051273843,4.0,-0.0564676618985687,-0.0568522300759926,-0.0569851704389942,0.0002564140751061,-0.2274089203039704,2.0,2.5,3.0,4.0,3.0,2.5,2.0,0.5773502691896257,10.0,0.0,0.1458333333333333,0.2916666666666667,4.0,0.2916666666666667,0.1458333333333333,0.0,0.1683938285136408,0.5833333333333334,0.0,3.5,7.0,4.0,7.0,3.5,0.0,4.041451884327381,14.0,0.0,0.0,0.0,4.0,0.0,0.0,0.0,0.0,0.0,1.0,2.0,3.0,4.0,3.0,2.0,1.0,1.1547005383792517,8.0,,,,0.0,-1.0,-1.0,-1.0,2.0,-1.0,-1.0,-1.0,0.0,-2.0,,,,,,0.0,0.5,1.0,4.0,1.0,0.5,0.0,0.5773502691896257,2.0,2.0,2.5,3.0,4.0,3.0,2.5,2.0,0.5773502691896257,10.0,0.0,0.0,0.0,4.0,0.0,0.0,0.0,0.0,0.0,0.0,3.5,7.0,4.0,7.0,3.5,0.0,4.041451884327381,14.0
134979,stu_ZSIQB4429L,N,0.0,0.0,0.0,7.0,0.0,0.0,0.0,0.0,0.0,0.5,1.0,1.0,7.0,1.0,0.7142857142857143,0.0,0.4879500364742666,5.0,0.0,0.0,0.5,7.0,1.0,0.2857142857142857,0.0,0.4879500364742666,2.0,0.0,0.0,0.0,7.0,0.0,0.0,0.0,0.0,0.0,-0.170792573547049,-0.1702871397323815,-0.1685307169773259,7.0,56.92484786281675,7.986393086908817,-0.1711625336738991,21.57983017505785,55.904751608361714,-0.2833328644044391,-0.2822679919722533,56.81141146157659,7.0,56.81154892404277,24.185817570003188,-0.2847151363925286,30.51849147147824,169.3007229900223,-0.0570540910795458,-0.0568696792385094,-0.056708730246936,7.0,-0.054928584207156,-0.0566254653733481,-0.0570543515148073,0.0007643763830933,-0.3963782576134367,1.5,2.0,2.0,7.0,2.0,1.5714285714285714,0.0,0.7867957924694432,11.0,0.0,0.0,0.2088607594936709,7.0,0.4177215189873418,0.1193490054249547,0.0,0.2038272304259595,0.8354430379746836,0.0,0.0,16.5,7.0,33.0,9.428571428571429,0.0,16.102351203650798,66.0,0.0,0.0,0.0,7.0,0.0,0.0,0.0,0.0,0.0,1.0,1.0,2.0,7.0,3.0,1.5714285714285714,1.0,0.9759000729485332,11.0,0.920419840402383,0.920419840402383,0.920419840402383,1.0,-1.0,-1.0,-0.0397900797988085,3.0,0.920419840402383,-0.3598600531992056,-1.0,1.108754911813414,-1.0795801595976169,0.920419840402383,0.920419840402383,0.920419840402383,,0.920419840402383,0.5,1.0,1.0,7.0,1.0,0.7142857142857143,0.0,0.4879500364742665,5.0,1.0,1.0,1.0,7.0,2.0,1.1428571428571428,1.0,0.3779644730092273,8.0,0.0,1.0,1.0,7.0,1.0,0.5714285714285714,0.0,0.5345224838248488,4.0,0.0,0.0,16.5,7.0,33.0,9.428571428571429,0.0,16.102351203650798,66.0
135180,stu_ZSIQB4429L,N,0.0,0.0,0.0,4.0,0.0,0.0,0.0,0.0,0.0,0.0,0.5,1.0,4.0,1.0,0.5,0.0,0.5773502691896257,2.0,0.0,0.5,1.0,4.0,1.0,0.5,0.0,0.5773502691896257,2.0,0.0,0.0,0.0,4.0,0.0,0.0,0.0,0.0,0.0,-0.1638155957586836,-0.1614028169549528,-0.161315393572872,4.0,-0.1611985173303151,-0.1637281723766029,-0.1709085382661909,0.0047880428248283,-0.6549126895064117,-0.275402433123921,-0.2753446283338465,-0.2753066166236418,4.0,-0.2753055156927639,-0.2753644214137164,-0.2754629132944086,7.480712628020097e-05,-1.1014576856548657,-0.0569812402341396,-0.0569278510055432,-0.0545094491677584,4.0,-0.0473428153192285,-0.0545628383963548,-0.0570528362551043,0.0048137696653804,-0.2182513535854194,1.75,2.0,2.0,4.0,2.0,1.75,1.0,0.5,7.0,0.5,0.6666666666666666,0.6666666666666666,4.0,0.6666666666666666,0.5,0.0,0.3333333333333333,2.0,1.5,2.0,2.0,4.0,2.0,1.5,0.0,1.0,6.0,0.0,0.0,0.0,4.0,0.0,0.0,0.0,0.0,0.0,2.5,3.0,3.0,4.0,3.0,2.5,1.0,1.0,10.0,,,,0.0,-1.0,-1.0,-1.0,2.0,-1.0,-1.0,-1.0,0.0,-2.0,,,,,,0.0,0.5,1.0,4.0,1.0,0.5,0.0,0.5773502691896257,2.0,0.75,1.5,2.0,4.0,2.0,1.25,0.0,0.957427107756338,5.0,0.0,0.5,1.0,4.0,1.0,0.5,0.0,0.5773502691896257,2.0,1.5,2.0,2.0,4.0,2.0,1.5,0.0,1.0,6.0
135260,stu_ZSIQB4429L,N,0.0,0.0,0.0,7.0,0.0,0.0,0.0,0.0,0.0,1.0,1.0,1.0,7.0,1.0,1.0,1.0,0.0,7.0,0.0,0.0,0.0,7.0,0.0,0.0,0.0,0.0,0.0,0.0,0.0,0.0,7.0,0.0,0.0,0.0,0.0,0.0,-0.1710615321443239,-0.1710471371771457,-0.1707440852365544,7.0,-0.1706498550237768,-0.1709240155617283,-0.1711598819694189,0.0002036749494603,-1.196468108932098,-0.2849590695287718,-0.2847585107015257,-0.2847495611989051,7.0,-0.2846842156242151,-0.2848589575378168,-0.2851527149836231,0.0001803130295166,-1.9940127027647176,-0.0570537596164858,-0.0570512262916699,-0.0569429325747742,7.0,-0.05674793759175,-0.0569781285401068,-0.0570543515148073,0.000114076943226,-0.3988468997807476,0.0,0.0,0.0,7.0,0.0,0.0,0.0,0.0,0.0,0.0,0.0,0.0,7.0,0.4177215189873418,-0.0831826401446654,-1.0,0.4332158442152967,-0.5822784810126582,0.0,0.0,0.0,6.0,33.0,5.5,0.0,13.47219358530748,33.0,0.0,0.0,0.0,7.0,0.0,0.0,0.0,0.0,0.0,1.0,1.0,1.0,7.0,1.0,0.7142857142857143,-1.0,0.7559289460184545,5.0,0.999908008111188,0.999908008111188,0.999908008111188,1.0,-1.0,-1.0,-4.599594440601873e-05,3.0,0.999908008111188,-0.3333639972962707,-1.0,1.154647426837483,-1.000091991888812,0.999908008111188,0.999908008111188,0.999908008111188,,0.999908008111188,1.0,1.0,1.0,7.0,1.0,0.8571428571428571,0.0,0.3779644730092272,6.0,1.0,1.0,1.0,7.0,1.0,0.8571428571428571,0.0,0.3779644730092272,6.0,0.0,1.0,1.0,7.0,1.0,0.5714285714285714,0.0,0.5345224838248488,4.0,0.0,0.0,0.0,7.0,33.0,4.571428571428571,-1.0,12.541360144964912,32.0
136476,stu_ZSIQB4429L,N,0.0,0.0,0.0,4.0,0.0,0.0,0.0,0.0,0.0,1.0,1.0,1.0,4.0,1.0,1.0,1.0,0.0,4.0,0.0,0.0,0.0,4.0,0.0,0.0,0.0,0.0,0.0,0.0,0.0,0.0,4.0,0.0,0.0,0.0,0.0,0.0,-0.1704388906240393,-0.1703428728783309,-0.1702337031519194,4.0,-0.1701123166441528,-0.1703297208976278,-0.1705208211896969,0.0001766081699425,-0.6813188835905115,-0.2841761064291337,-0.2840487299103539,-0.2839159434409158,4.0,-0.283833728764064,-0.2840433199596957,-0.2842420912540109,0.0001877121781427,-1.1361732798387827,-0.0569682066331009,-0.0567658839488569,-0.0565660709134959,4.0,-0.0565527532012629,-0.0567683935977399,-0.056989053291983,0.0002391275251005,-0.2270735743909598,0.0,0.5,1.0,4.0,1.0,0.5,0.0,0.5773502691896257,2.0,-0.25,0.0,0.0833333333333333,4.0,0.3333333333333333,-0.1666666666666666,-1.0,0.5773502691896257,-0.6666666666666667,0.0,0.0,1.5,3.0,3.0,1.0,0.0,1.7320508075688772,3.0,0.0,0.0,0.0,4.0,0.0,0.0,0.0,0.0,0.0,0.5,1.0,1.0,4.0,1.0,0.5,-1.0,1.0,2.0,0.8390178745762572,0.8717216312611105,0.9044253879459636,2.0,-0.096842941054298,0.806314117891404,0.8717216312611105,3.0,0.937129144630817,0.2478144208407403,-1.0,1.0826166285665448,0.7434432625222209,0.937129144630817,0.8717216312611105,0.806314117891404,0.0925001924885385,1.743443262522221,1.0,1.0,1.0,4.0,1.0,1.0,1.0,0.0,4.0,0.75,1.0,1.25,4.0,2.0,1.0,0.0,0.816496580927726,4.0,0.75,1.0,1.0,4.0,1.0,0.75,0.0,0.5,3.0,-0.25,0.0,0.75,4.0,3.0,0.5,-1.0,1.7320508075688772,2.0
139531,stu_ZSIQB4429L,N,0.0,0.0,0.0,3.0,0.0,0.0,0.0,0.0,0.0,1.0,1.0,1.0,3.0,1.0,1.0,1.0,0.0,3.0,0.0,0.0,0.0,3.0,0.0,0.0,0.0,0.0,0.0,0.0,0.0,0.0,3.0,0.0,0.0,0.0,0.0,0.0,-0.1697682343119192,-0.1691653266816724,-0.1686561520696132,3.0,-0.168146977457554,-0.1692278153604642,-0.170371141942166,0.0011133981946658,-0.5076834460813926,-0.281811614690469,-0.281705546511262,-0.2817040786034248,3.0,-0.2817026106955876,-0.2817752800255085,-0.281917682869676,0.0001233332164246,-0.8453258400765256,-0.056880309732363,-0.0568155087041287,-0.0567130155907834,3.0,-0.0566105224774381,-0.056790380647388,-0.0569451107605972,0.000168703569119,-0.1703711419421641,2.0,2.0,2.0,3.0,2.0,2.0,2.0,0.0,6.0,-0.251497005988024,0.497005988023952,0.5058129355324439,3.0,0.5146198830409356,0.0038752903549625,-1.0,0.8694261102953849,0.0116258710648877,84.25,85.5,86.75,2.0,88.0,85.5,83.0,3.5355339059327378,171.0,1.0,1.0,1.0,3.0,1.0,1.0,1.0,0.0,3.0,0.0,1.0,2.0,3.0,3.0,1.0,-1.0,2.0,3.0,,,,0.0,-1.0,-1.0,-1.0,2.0,-1.0,-1.0,-1.0,0.0,-2.0,,,,,,0.5,1.0,1.0,3.0,1.0,0.6666666666666666,0.0,0.5773502691896258,2.0,2.5,3.0,3.5,3.0,4.0,3.0,2.0,1.0,9.0,0.0,0.0,0.0,3.0,0.0,0.0,0.0,0.0,0.0,41.0,83.0,85.5,3.0,88.0,56.66666666666666,-1.0,50.00333322222963,170.0
139562,stu_ZSIQB4429L,N,0.0,0.0,0.0,1.0,0.0,0.0,0.0,,0.0,1.0,1.0,1.0,1.0,1.0,1.0,1.0,,1.0,0.0,0.0,0.0,1.0,0.0,0.0,0.0,,0.0,0.0,0.0,0.0,1.0,0.0,0.0,0.0,,0.0,-0.1707751007086012,-0.1707751007086012,-0.1707751007086012,1.0,-0.1707751007086012,-0.1707751007086012,-0.1707751007086012,,-0.1707751007086012,-0.2835344649727309,-0.2835344649727309,-0.2835344649727309,1.0,-0.2835344649727309,-0.2835344649727309,-0.2835344649727309,,-0.2835344649727309,-0.056956711967698,-0.056956711967698,-0.056956711967698,1.0,-0.056956711967698,-0.056956711967698,-0.056956711967698,,-0.056956711967698,1.0,1.0,1.0,1.0,1.0,1.0,1.0,,1.0,-1.0,-1.0,-1.0,1.0,-1.0,-1.0,-1.0,,-1.0,,,,0.0,,,,,,0.0,0.0,0.0,1.0,0.0,0.0,0.0,,0.0,-1.0,-1.0,-1.0,1.0,-1.0,-1.0,-1.0,,-1.0,,,,0.0,-1.0,-1.0,-1.0,1.0,-1.0,-1.0,-1.0,,-1.0,,,,,,1.0,1.0,1.0,1.0,1.0,1.0,1.0,,1.0,1.0,1.0,1.0,1.0,1.0,1.0,1.0,,1.0,0.0,0.0,0.0,1.0,0.0,0.0,0.0,,0.0,-1.0,-1.0,-1.0,1.0,-1.0,-1.0,-1.0,,-1.0
140851,stu_ZSIQB4429L,N,0.0,0.0,0.0,5.0,0.0,0.0,0.0,0.0,0.0,1.0,1.0,1.0,5.0,1.0,1.0,1.0,0.0,5.0,0.0,0.0,0.0,5.0,0.0,0.0,0.0,0.0,0.0,0.0,0.0,0.0,5.0,0.0,0.0,0.0,0.0,0.0,-0.1710315584133247,-0.1677277240384903,-0.1676106702264369,5.0,-0.1666997623856312,-0.1688462792808399,-0.1711616813403161,0.0020929621312166,-0.8442313964041994,-0.2817050729926049,-0.2808083233596488,-0.280689138713638,5.0,-0.2800421701723412,-0.2809925410580357,-0.2817180000519457,0.0007181898204838,-1.4049627052901783,-0.0570542094592101,-0.0570531203662986,-0.0569242285878159,5.0,-0.0536191630644727,-0.0563410145985209,-0.0570543515148073,0.0015225969115841,-0.2817050729926049,0.0,0.0,0.0,5.0,0.0,0.0,0.0,0.0,0.0,0.0,0.0,0.0,5.0,0.5076923076923077,-0.0984615384615384,-1.0,0.5498359088193667,-0.4923076923076923,0.0,0.0,33.0,4.0,132.0,33.0,0.0,66.0,132.0,0.0,0.0,0.0,5.0,0.0,0.0,0.0,0.0,0.0,1.0,1.0,1.0,5.0,1.0,0.6,-1.0,0.894427190999916,3.0,0.662130576448031,0.662130576448031,0.662130576448031,1.0,-0.5844673558879923,-0.1689347117759845,0.2465979323360232,2.0,0.662130576448031,-0.1689347117759845,-1.0,1.175303801823908,-0.337869423551969,0.662130576448031,0.662130576448031,0.662130576448031,,0.662130576448031,0.0,1.0,1.0,5.0,1.0,0.6,0.0,0.5477225575051662,3.0,0.0,0.0,0.0,5.0,0.0,0.0,0.0,0.0,0.0,0.0,1.0,1.0,5.0,1.0,0.6,0.0,0.5477225575051662,3.0,0.0,0.0,0.0,5.0,132.0,26.2,-1.0,59.14558309797952,131.0
140867,stu_ZSIQB4429L,N,0.0,0.0,0.0,8.0,0.0,0.0,0.0,0.0,0.0,1.0,1.0,1.0,8.0,1.0,1.0,1.0,0.0,8.0,0.0,0.0,0.0,8.0,0.0,0.0,0.0,0.0,0.0,0.0,0.0,0.0,8.0,0.0,0.0,0.0,0.0,0.0,-0.1711608171687668,-0.1711583903856488,-0.1710271665277794,8.0,-0.1707802147100968,-0.1710730031337939,-0.171163054544422,0.0001413229734154,-1.3685840250703514,-0.2852665251928749,-0.2851070204332058,-0.2848740137399769,8.0,-0.2847309992675439,-0.2850591654539151,-0.2852680641285107,0.0002157138492288,-2.280473323631321,-0.0570543515148073,-0.0570525994957757,-0.057052137815085,8.0,-0.0569487568542575,-0.0570401400361089,-0.0570543515148073,3.693878637878671e-05,-0.4563211202888712,0.0,0.0,0.0,8.0,0.0,0.0,0.0,0.0,0.0,0.0,0.0,0.0652173913043478,8.0,0.5076923076923077,0.0960702341137123,0.0,0.1897247970408505,0.768561872909699,0.0,0.0,1.5,8.0,132.0,17.25,0.0,46.41351404186378,138.0,0.0,0.0,0.0,8.0,0.0,0.0,0.0,0.0,0.0,1.0,1.0,1.0,8.0,1.0,1.0,1.0,0.0,8.0,0.999871358211778,0.999871358211778,0.999999998603979,5.0,0.999871358211778,0.999871358211778,0.999999998603979,5.0,0.999999998603979,0.9998426424983398,0.999470498860185,0.0002177509815015,4.999213212491699,0.999999998603979,0.9998426424983398,0.999470498860185,0.0002177509815015,4.999213212491699,0.0,1.0,1.0,8.0,1.0,0.625,0.0,0.5175491695067657,5.0,0.0,0.5,2.25,8.0,3.0,1.125,0.0,1.3562026818605375,9.0,0.0,0.0,1.0,8.0,1.0,0.375,0.0,0.5175491695067657,3.0,0.0,0.0,1.5,8.0,132.0,17.25,0.0,46.41351404186378,138.0
149594,stu_NEJCA6632P,N,0.0,0.0,0.0,4.0,0.0,0.0,0.0,0.0,0.0,0.0,0.5,1.0,4.0,1.0,0.5,0.0,0.5773502691896257,2.0,0.0,0.0,0.0,4.0,0.0,0.0,0.0,0.0,0.0,0.0,0.0,0.0,4.0,0.0,0.0,0.0,0.0,0.0,-0.0955744275269954,-0.0954092440736565,-0.0952483109905535,4.0,-0.0952356821926585,-0.0954134944438924,-0.095599807435598,0.0001962059798725,-0.3816539777755696,-0.159315769683673,-0.1591381001307203,-0.1589623264263621,4.0,-0.1589450497415905,-0.1591399959793147,-0.1593387339142278,0.0002123817802246,-0.6365599839172591,-0.0318946494859643,-0.0318620021577498,-0.0317530927909149,4.0,-0.0315116778771588,-0.0317857401191294,-0.0319072782838593,0.0001854102153611,-0.1271429604765178,0.0,0.0,0.0,4.0,0.0,0.0,0.0,0.0,0.0,0.1944444444444444,0.5925925925925926,0.5925925925925926,4.0,0.5925925925925926,0.1944444444444444,-1.0,0.7962962962962963,0.7777777777777777,64.0,64.0,64.0,3.0,64.0,64.0,64.0,0.0,192.0,3.75,4.0,4.0,4.0,4.0,3.75,3.0,0.5,15.0,0.5,1.0,1.0,4.0,1.0,0.5,-1.0,1.0,2.0,,,,0.0,-1.0,-1.0,-1.0,3.0,-1.0,-1.0,-1.0,0.0,-3.0,,,,,,0.0,0.0,0.25,4.0,1.0,0.25,0.0,0.5,1.0,3.75,4.0,4.0,4.0,4.0,3.75,3.0,0.5,15.0,0.0,0.0,0.0,4.0,0.0,0.0,0.0,0.0,0.0,47.75,64.0,64.0,4.0,64.0,47.75,-1.0,32.5,191.0
150680,stu_NEJCA6632P,N,0.0,0.0,0.0,7.0,0.0,0.0,0.0,0.0,0.0,1.0,1.0,1.0,7.0,1.0,0.8571428571428571,0.0,0.3779644730092272,6.0,0.0,0.0,0.0,7.0,1.0,0.1428571428571428,0.0,0.3779644730092273,1.0,0.0,0.0,0.0,7.0,0.0,0.0,0.0,0.0,0.0,-0.0956997777743829,-0.09556270588246,-0.0955457451724541,7.0,-0.0953208526811256,-0.0955996501762676,-0.0958229467766133,0.0001725186854563,-0.6691975512338733,-0.1594540952819244,-0.1594259021786332,-0.1591970141354284,7.0,-0.1591726331147949,-0.1593424615428006,-0.1594964766714704,0.0001458874614213,-1.1153972307996045,-0.0319368575990259,-0.0319188572301134,-0.0318086330005437,7.0,-0.0316991018769117,-0.0318654531263894,-0.0319492315785615,0.0001130423325425,-0.2230581718847259,0.5,1.0,1.0,7.0,1.0,0.7142857142857143,0.0,0.4879500364742665,5.0,0.2777777777777778,0.3157894736842105,0.3157894736842105,7.0,0.5,0.1432748538011695,-1.0,0.5098686393901452,1.0029239766081868,5.25,6.0,6.0,6.0,13.0,6.833333333333333,5.0,3.060501048303474,41.0,0.0,0.0,0.0,7.0,0.0,0.0,0.0,0.0,0.0,1.0,1.0,1.5,7.0,2.0,1.0,-1.0,1.0,7.0,0.999999760610188,0.999999998915696,0.999999999735606,5.0,-0.110094873733788,0.999999760610188,0.999999999325651,7.0,0.999999999935531,0.3971157159613493,-1.0,0.9577923666174832,2.7798100117294453,0.999999999935531,0.955962002345889,0.779810252532424,0.0984718217346652,4.779810011729445,1.0,1.0,1.0,7.0,1.0,0.8571428571428571,0.0,0.3779644730092272,6.0,0.5,1.0,1.0,7.0,1.0,0.7142857142857143,0.0,0.4879500364742665,5.0,0.0,0.0,0.0,7.0,0.0,0.0,0.0,0.0,0.0,5.0,6.0,6.0,7.0,13.0,5.714285714285714,-1.0,4.070801956792859,40.0
158728,stu_NEJCA6632P,N,0.0,0.0,0.0,6.0,0.0,0.0,0.0,0.0,0.0,1.0,1.0,1.0,6.0,1.0,0.8333333333333334,0.0,0.408248290463863,5.0,0.0,0.0,0.0,6.0,0.0,0.0,0.0,0.0,0.0,0.0,0.0,0.0,6.0,1.0,0.1666666666666666,0.0,0.408248290463863,1.0,-0.0955467950240951,-0.0955090513286913,-0.0954821323171976,6.0,-0.0951769312717004,-0.095504383056346,-0.0957987288397299,0.0001988471322584,-0.573026298338076,-0.1594012255687028,-0.1592349922637229,-0.1590792472824186,6.0,-0.1590474255656887,-0.1592496562109155,-0.1594965582133454,0.0001964914774336,-0.9554979372654931,-0.0319389674950423,-0.0319245243904278,-0.0316932512473784,6.0,-0.031616989208758,-0.0318292766852384,-0.0319496800588741,0.0001645949609726,-0.1909756601114304,0.0,0.0,0.0,6.0,0.0,0.0,0.0,0.0,0.0,0.0180609915198956,0.0954460482363396,0.4209435452033162,6.0,0.5673249551166966,0.0466542891771275,-1.0,0.564624087931658,0.2799257350627652,8.0,23.0,104.0,5.0,316.0,90.4,1.0,132.66989108309392,452.0,0.0,0.0,0.0,6.0,0.0,0.0,0.0,0.0,0.0,1.0,1.0,1.0,6.0,1.0,0.6666666666666666,-1.0,0.816496580927726,4.0,0.8666453350312685,0.9999857788969096,0.999999999977877,4.0,-1.0,0.999971557819469,0.99999999997435,5.0,0.999999999988458,0.1999943115564554,-1.0,1.0954399222571278,0.999971557782277,0.999999999988458,0.8666595561122361,0.466666666666667,0.2666619266341172,3.4666382244489444,0.25,1.0,1.0,6.0,1.0,0.6666666666666666,0.0,0.5163977794943223,4.0,0.0,0.0,0.0,6.0,0.0,0.0,0.0,0.0,0.0,0.0,0.0,0.0,6.0,0.0,0.0,0.0,0.0,0.0,2.75,15.5,83.75,6.0,316.0,75.16666666666667,-1.0,124.39198795206492,451.0
159469,stu_NEJCA6632P,N,0.0,0.0,0.0,2.0,0.0,0.0,0.0,0.0,0.0,1.0,1.0,1.0,2.0,1.0,1.0,1.0,0.0,2.0,0.0,0.0,0.0,2.0,0.0,0.0,0.0,0.0,0.0,0.0,0.0,0.0,2.0,0.0,0.0,0.0,0.0,0.0,-0.0955382942836234,-0.0955315365007304,-0.0955247787178375,2.0,-0.0955180209349445,-0.0955315365007304,-0.0955450520665164,1.9113896437657983e-05,-0.1910630730014609,-0.1589931696405916,-0.1589829870989474,-0.1589728045573033,2.0,-0.1589626220156591,-0.1589829870989474,-0.1590033521822358,2.880057698525176e-05,-0.3179659741978949,-0.0319366843225415,-0.0319251563399593,-0.0319136283573772,2.0,-0.031902100374795,-0.0319251563399593,-0.0319482123051236,3.2606058628950015e-05,-0.0638503126799187,0.0,0.0,0.0,2.0,0.0,0.0,0.0,0.0,0.0,-0.7446808510638299,-0.4893617021276595,-0.2340425531914893,2.0,0.0212765957446808,-0.4893617021276595,-1.0,0.7221516063181762,-0.9787234042553192,1.0,1.0,1.0,1.0,1.0,1.0,1.0,,1.0,0.0,0.0,0.0,2.0,0.0,0.0,0.0,0.0,0.0,-0.5,0.0,0.5,2.0,1.0,0.0,-1.0,1.4142135623730951,0.0,,,,0.0,-1.0,-1.0,-1.0,1.0,-1.0,-1.0,-1.0,,-1.0,,,,,,1.0,1.0,1.0,2.0,1.0,1.0,1.0,0.0,2.0,0.0,0.0,0.0,2.0,0.0,0.0,0.0,0.0,0.0,0.0,0.0,0.0,2.0,0.0,0.0,0.0,0.0,0.0,-0.5,0.0,0.5,2.0,1.0,0.0,-1.0,1.4142135623730951,0.0
163136,stu_NEJCA6632P,N,0.0,0.0,0.0,8.0,0.0,0.0,0.0,0.0,0.0,1.0,1.0,1.0,8.0,1.0,1.0,1.0,0.0,8.0,0.0,0.0,0.0,8.0,0.0,0.0,0.0,0.0,0.0,0.0,0.0,0.0,8.0,0.0,0.0,0.0,0.0,0.0,-0.0958264326917708,-0.09579528369551,-0.0957136398931377,8.0,-0.0956628800759325,-0.0957719831047206,-0.0958524241644362,7.068071444697335e-05,-0.766175864837765,-0.1596766332516113,-0.1595983836297872,-0.1595639016093845,8.0,-0.1595439748136745,-0.1596196966373727,-0.1597233261677995,6.955157221320345e-05,-1.2769575730989822,-0.0319484467380143,-0.0319343909573063,-0.0319091843251881,8.0,-0.0318557030479038,-0.0319235662733963,-0.0319596689385651,3.4744938683105926e-05,-0.2553885301871704,0.0,0.0,0.0,8.0,0.0,0.0,0.0,0.0,0.0,0.0,0.0625,0.2516447368421052,8.0,0.6818181818181818,0.0704246411483253,-1.0,0.5148288147072204,0.5633971291866029,0.0,1.0,6.5,7.0,15.0,4.142857142857143,0.0,6.4660284417503,29.000000000000004,0.0,0.0,0.0,8.0,0.0,0.0,0.0,0.0,0.0,1.0,1.0,1.0,8.0,1.0,0.75,-1.0,0.7071067811865476,6.0,,,,0.0,-1.0,-1.0,-1.0,1.0,-1.0,-1.0,-1.0,,-1.0,,,,,,1.0,1.0,1.0,8.0,1.0,1.0,1.0,0.0,8.0,0.0,0.0,0.0,8.0,0.0,0.0,0.0,0.0,0.0,0.0,0.0,0.0,8.0,0.0,0.0,0.0,0.0,0.0,0.0,0.5,3.75,8.0,15.0,3.5,-1.0,6.25642526870234,28.0
163666,stu_NEJCA6632P,N,0.0,0.0,0.0,8.0,0.0,0.0,0.0,0.0,0.0,1.0,1.0,1.0,8.0,1.0,1.0,1.0,0.0,8.0,0.0,0.0,0.0,8.0,0.0,0.0,0.0,0.0,0.0,0.0,0.0,0.0,8.0,0.0,0.0,0.0,0.0,0.0,-0.096009636899491,-0.096009636899491,-0.096009636899491,8.0,-0.096009636899491,-0.096009636899491,-0.096009636899491,0.0,-0.7680770951959283,-0.1600160614991517,-0.1600160614991517,-0.1600160614991517,8.0,-0.1600160614991517,-0.1600160614991517,-0.1600160614991517,0.0,-1.2801284919932137,-0.0320032122998303,-0.0320032122998303,-0.0320032122998303,8.0,-0.0320032122998303,-0.0320032122998303,-0.0320032122998303,7.417989609027187e-18,-0.2560256983986427,0.0,0.0,0.0,8.0,0.0,0.0,0.0,0.0,0.0,0.6671087533156499,0.6671087533156499,0.6671087533156499,8.0,0.6671087533156499,0.6671087533156499,0.6671087533156499,1.18687833744435e-16,5.336870026525199,1006.0,1006.0,1006.0,8.0,1006.0,1006.0,1006.0,0.0,8048.0,0.0,0.0,0.0,8.0,0.0,0.0,0.0,0.0,0.0,1.0,1.0,1.0,8.0,1.0,1.0,1.0,0.0,8.0,0.710001745254931,0.710001745254931,0.710722976899239,8.0,0.710001745254931,0.710001745254931,0.710722976899239,8.0,0.710722976899239,0.7102722071215466,0.710001745254931,0.0003732728385336,5.682177656972373,0.710722976899239,0.7102722071215466,0.710001745254931,0.0003732728385336,5.682177656972373,0.0,0.0,0.0,8.0,0.0,0.0,0.0,0.0,0.0,5.0,5.0,5.0,8.0,5.0,5.0,5.0,0.0,40.0,0.0,0.0,0.0,8.0,0.0,0.0,0.0,0.0,0.0,1006.0,1006.0,1006.0,8.0,1006.0,1006.0,1006.0,0.0,8048.0
165373,stu_NEJCA6632P,N,0.0,0.0,0.0,8.0,0.0,0.0,0.0,0.0,0.0,1.0,1.0,1.0,8.0,1.0,0.875,0.0,0.3535533905932738,7.0,0.0,0.0,0.0,8.0,1.0,0.125,0.0,0.3535533905932738,1.0,0.0,0.0,0.0,8.0,0.0,0.0,0.0,0.0,0.0,-0.0958273296523961,-0.0956766402673435,-0.0955760379790272,8.0,-0.0954798593374311,-0.0957007460841488,-0.0960063344535523,0.0001785477091858,-0.7656059686731909,-0.1595133558395995,-0.1594532798631723,-0.1593842546659607,8.0,-0.1593219770589077,-0.1594507214868433,-0.1596030111311933,9.448149510500408e-05,-1.2756057718947464,-0.0320016630042048,-0.0319575080788768,-0.0318900117918221,8.0,-0.0317678824484982,-0.0319285760023433,-0.0320026007357676,9.090852047083791e-05,-0.2554286080187469,0.0,1.0,1.0,8.0,1.0,0.625,0.0,0.5175491695067657,5.0,0.0,0.0,0.125,8.0,0.5,0.125,0.0,0.2314550249431378,1.0,0.0,0.0,0.25,8.0,1.0,0.25,0.0,0.4629100498862757,2.0,0.0,0.0,0.0,8.0,0.0,0.0,0.0,0.0,0.0,1.0,1.0,1.25,8.0,2.0,1.25,1.0,0.4629100498862757,10.0,,,,0.0,-1.0,-1.0,-1.0,2.0,-1.0,-1.0,-1.0,0.0,-2.0,,,,,,0.75,1.0,1.0,8.0,1.0,0.75,0.0,0.4629100498862757,6.0,0.0,1.0,1.25,8.0,2.0,0.875,0.0,0.8345229603962802,7.0,0.75,1.0,1.0,8.0,1.0,0.75,0.0,0.4629100498862757,6.0,0.0,0.0,0.25,8.0,1.0,0.25,0.0,0.4629100498862757,2.0
167157,stu_NEJCA6632P,N,0.0,0.0,0.0,7.0,0.0,0.0,0.0,0.0,0.0,1.0,1.0,1.0,7.0,1.0,1.0,1.0,0.0,7.0,0.0,0.0,0.0,7.0,0.0,0.0,0.0,0.0,0.0,0.0,0.0,0.0,7.0,0.0,0.0,0.0,0.0,0.0,-0.0960075779671465,-0.0959053040703921,-0.0951964809362385,7.0,-0.0951057452148006,-0.0956324649565469,-0.0960080876038655,0.0004386629450536,-0.6694272546958284,-0.1595559818547706,-0.1592012950838656,-0.1587182614016658,7.0,-0.1583221513582464,-0.159155020069787,-0.1600132075335239,0.0006702758420814,-1.114085140488509,-0.0320026618921739,-0.03200239688108,-0.0319512701254372,7.0,-0.0311904844314217,-0.0318719823008113,-0.0320031307579553,0.0003029285446967,-0.2231038761056794,0.0,0.0,0.5,7.0,1.0,0.2857142857142857,0.0,0.4879500364742666,2.0,0.0,0.0,0.0,7.0,0.4140350877192982,-0.0837092731829574,-1.0,0.4325071014725257,-0.5859649122807018,0.0,0.0,0.0,6.0,118.0,19.666666666666668,0.0,48.17329827473583,118.0,0.0,0.0,0.0,7.0,0.0,0.0,0.0,0.0,0.0,1.0,1.0,1.0,7.0,1.0,0.7142857142857143,-1.0,0.7559289460184545,5.0,0.9765309071544152,0.9843539381024196,0.9921769690504236,2.0,-0.0156460618967945,0.968707876206411,0.9843539381024196,3.0,0.999999999998428,0.322902625401613,-1.0,1.1457741123248133,0.9687078762048392,0.999999999998428,0.9843539381024196,0.968707876206411,0.0221268729310641,1.9687078762048391,1.0,1.0,1.0,7.0,1.0,0.8571428571428571,0.0,0.3779644730092272,6.0,0.0,0.0,0.0,7.0,0.0,0.0,0.0,0.0,0.0,0.5,1.0,1.0,7.0,1.0,0.7142857142857143,0.0,0.4879500364742665,5.0,0.0,0.0,0.0,7.0,118.0,16.714285714285715,-1.0,44.66435672776181,117.0
167713,stu_NEJCA6632P,N,0.0,0.0,0.0,6.0,0.0,0.0,0.0,0.0,0.0,1.0,1.0,1.0,6.0,1.0,0.8333333333333334,0.0,0.408248290463863,5.0,0.0,0.0,0.0,6.0,1.0,0.1666666666666666,0.0,0.408248290463863,1.0,0.0,0.0,0.0,6.0,0.0,0.0,0.0,0.0,0.0,-0.095415665496315,-0.0952194757449965,-0.0951942181492065,6.0,-0.094986449451634,-0.0952824804337685,-0.0956026206302865,0.0002211820578201,-0.5716948826026114,-0.1591290591753248,-0.158879225062972,-0.1588081817043534,6.0,-0.1584598348142319,-0.1589046049715746,-0.159212507091682,0.0002809071095357,-0.9534276298294476,-0.0319717065578662,-0.0318049432306986,-0.0316504111847853,6.0,-0.0315961960306258,-0.0318059149380427,-0.0320032122998303,0.0001820657399412,-0.1908354896282564,1.0,1.0,1.0,6.0,1.0,0.8333333333333334,0.0,0.408248290463863,5.0,0.074074074074074,0.083912037037037,0.09375,6.0,0.09375,0.0808256172839506,0.0555555555555555,0.0156898801586201,0.4849537037037037,2.0,2.5,3.0,6.0,3.0,2.333333333333333,1.0,0.816496580927726,14.0,0.0,0.0,0.0,6.0,0.0,0.0,0.0,0.0,0.0,1.0,1.0,1.75,6.0,2.0,1.3333333333333333,1.0,0.5163977794943223,8.0,0.916766999415784,0.924260355029586,0.984455334228341,5.0,0.7248871140923567,0.920513677222685,0.9694065894286522,6.0,0.999053200821515,0.5809105069688512,-1.0,0.7840996284005959,3.485463041813107,0.999053200821515,0.8970926083626214,0.660927152317881,0.1368644393518188,4.485463041813107,0.0,0.5,1.0,6.0,1.0,0.5,0.0,0.5477225575051661,3.0,1.0,1.5,2.0,6.0,3.0,1.6666666666666667,1.0,0.816496580927726,10.0,0.0,0.0,0.0,6.0,0.0,0.0,0.0,0.0,0.0,2.0,2.5,3.0,6.0,3.0,2.333333333333333,1.0,0.816496580927726,14.0
171491,stu_NEJCA6632P,N,0.0,0.0,0.0,4.0,0.0,0.0,0.0,0.0,0.0,0.0,0.5,1.0,4.0,1.0,0.5,0.0,0.5773502691896257,2.0,0.0,0.0,0.25,4.0,1.0,0.25,0.0,0.5,1.0,0.0,0.0,0.0,4.0,0.0,0.0,0.0,0.0,0.0,-0.0951944729675659,-0.0951674927996659,-0.0944149734132314,4.0,-0.0921752117681531,-0.0944419535811315,-0.0952576169570411,0.00151176606282,-0.3777678143245261,-0.1563742280838966,-0.1554028095339482,-0.1552042041045821,4.0,-0.1549463992739452,-0.1561756226545304,-0.1589504722762799,0.0018646402743459,-0.6247024906181218,-0.031883009383304,-0.0318523598310277,-0.0317420438668485,4.0,-0.0314687053090188,-0.0317726934191249,-0.0319173487054253,0.0002055601422936,-0.1270907736764996,1.0,1.0,1.25,4.0,2.0,1.25,1.0,0.5,5.0,0.1428571428571428,0.216589861751152,0.2903225806451613,4.0,0.2903225806451613,0.216589861751152,0.1428571428571428,0.0851392102030784,0.8663594470046083,4.0,6.5,9.0,4.0,9.0,6.5,4.0,2.886751345948129,26.0,2.0,2.0,2.0,4.0,2.0,2.0,2.0,0.0,8.0,2.0,4.0,6.0,4.0,6.0,4.0,2.0,2.309401076758503,16.0,0.860597335111297,0.860597335111297,0.860597335111297,1.0,-1.0,-1.0,-0.5348506662221757,4.0,0.860597335111297,-0.5348506662221757,-1.0,0.9302986675556484,-2.139402664888703,0.860597335111297,0.860597335111297,0.860597335111297,,0.860597335111297,0.0,0.0,0.25,4.0,1.0,0.25,0.0,0.5,1.0,3.75,4.0,4.0,4.0,4.0,3.75,3.0,0.5,15.0,0.0,0.0,0.0,4.0,0.0,0.0,0.0,0.0,0.0,4.0,6.5,9.0,4.0,9.0,6.5,4.0,2.886751345948129,26.0
173045,stu_NEJCA6632P,G,1.0,1.0,1.0,5.0,1.0,0.8,0.0,0.4472135954999579,4.0,0.0,0.0,0.0,5.0,1.0,0.2,0.0,0.447213595499958,1.0,0.0,0.0,0.0,5.0,0.0,0.0,0.0,0.0,0.0,0.0,0.0,0.0,5.0,0.0,0.0,0.0,0.0,0.0,-0.0954371313949162,-0.0954295887714761,-0.0953545294755124,5.0,-0.0953367533467562,-0.095399214423028,-0.095438069126479,4.941689074746605e-05,-0.4769960721151401,-0.158968166863161,-0.1589613988875337,-0.1589609096362835,5.0,-0.1589140230581422,-0.1589756524072886,-0.1590737635913229,5.895024724719076e-05,-0.7948782620364434,-0.0318227193594548,-0.0318054324819488,-0.0318014369300724,5.0,-0.0317010588819124,-0.0317921819272567,-0.031830261982895,5.231459421676304e-05,-0.1589609096362835,4.0,4.0,4.0,5.0,5.0,4.2,4.0,0.4472135954999579,21.0,0.5333333333333333,0.5333333333333333,0.5333333333333333,5.0,0.5333333333333333,0.5333333333333333,0.5333333333333333,0.0,2.6666666666666665,8.0,8.0,8.0,5.0,8.0,8.0,8.0,0.0,40.0,0.0,0.0,0.0,5.0,0.0,0.0,0.0,0.0,0.0,5.0,5.0,5.0,5.0,5.0,5.0,5.0,0.0,25.0,,,,0.0,-1.0,-1.0,-1.0,4.0,-1.0,-1.0,-1.0,0.0,-4.0,,,,,,0.0,0.0,0.0,5.0,1.0,0.2,0.0,0.447213595499958,1.0,3.0,3.0,3.0,5.0,4.0,3.0,2.0,0.7071067811865476,15.0,0.0,0.0,0.0,5.0,0.0,0.0,0.0,0.0,0.0,8.0,8.0,8.0,5.0,8.0,8.0,8.0,0.0,40.0
173805,stu_NEJCA6632P,N,0.0,0.0,0.0,1.0,0.0,0.0,0.0,,0.0,1.0,1.0,1.0,1.0,1.0,1.0,1.0,,1.0,0.0,0.0,0.0,1.0,0.0,0.0,0.0,,0.0,0.0,0.0,0.0,1.0,0.0,0.0,0.0,,0.0,-0.0955258897258847,-0.0955258897258847,-0.0955258897258847,1.0,-0.0955258897258847,-0.0955258897258847,-0.0955258897258847,,-0.0955258897258847,-0.1593587932154848,-0.1593587932154848,-0.1593587932154848,1.0,-0.1593587932154848,-0.1593587932154848,-0.1593587932154848,,-0.1593587932154848,-0.0318942315838548,-0.0318942315838548,-0.0318942315838548,1.0,-0.0318942315838548,-0.0318942315838548,-0.0318942315838548,,-0.0318942315838548,0.0,0.0,0.0,1.0,0.0,0.0,0.0,,0.0,-1.0,-1.0,-1.0,1.0,-1.0,-1.0,-1.0,,-1.0,,,,0.0,,,,,,3.0,3.0,3.0,1.0,3.0,3.0,3.0,,3.0,-1.0,-1.0,-1.0,1.0,-1.0,-1.0,-1.0,,-1.0,,,,0.0,-1.0,-1.0,-1.0,1.0,-1.0,-1.0,-1.0,,-1.0,,,,,,0.0,0.0,0.0,1.0,0.0,0.0,0.0,,0.0,3.0,3.0,3.0,1.0,3.0,3.0,3.0,,3.0,0.0,0.0,0.0,1.0,0.0,0.0,0.0,,0.0,-1.0,-1.0,-1.0,1.0,-1.0,-1.0,-1.0,,-1.0
173988,stu_NEJCA6632P,G,0.0,0.0,0.0,8.0,0.0,0.0,0.0,0.0,0.0,0.0,0.0,0.0,8.0,1.0,0.125,0.0,0.3535533905932738,1.0,0.0,0.0,0.0,8.0,0.0,0.0,0.0,0.0,0.0,0.0,0.5,1.0,8.0,1.0,0.5,0.0,0.5345224838248488,4.0,-0.0958357080800553,-0.0956760083178121,-0.0956313845267028,8.0,-0.095377809680833,-0.0957031057021575,-0.096009636899491,0.0001991448883613,-0.7656248456172602,-0.1597600709752343,-0.1596129592399485,-0.1593725737923647,8.0,-0.159198644972929,-0.1595655936032914,-0.1598304721915869,0.0002369258918341,-1.2765247488263314,-0.0320032122998303,-0.0319104176460479,-0.0318586793263424,8.0,-0.0316610218212734,-0.0319010352340525,-0.0320032122998303,0.0001177165559872,-0.25520828187242,0.0,0.0,0.0,8.0,0.0,0.0,0.0,0.0,0.0,0.6885245901639344,0.75,0.75,8.0,0.75,0.7269467213114754,0.6885245901639344,0.0318165473057438,5.815573770491803,42.0,57.0,57.0,8.0,57.0,51.375,42.0,7.763237542601485,411.0,1.75,3.0,3.0,8.0,3.0,2.375,1.0,0.9161253813129044,19.0,1.0,1.0,1.0,8.0,1.0,1.0,1.0,0.0,8.0,0.99248869699259,0.997171488032889,0.997171488032889,5.0,-1.0,-1.0,-1.0,7.0,-1.0,-1.0,-1.0,0.0,-7.0,0.997171488032889,0.9922235022827526,0.977114350322506,0.008686260561119,4.961117511413763,0.0,0.0,0.0,8.0,1.0,0.125,0.0,0.3535533905932738,1.0,4.0,4.0,5.0,8.0,5.0,4.25,3.0,0.7071067811865476,34.0,0.0,0.0,0.0,8.0,0.0,0.0,0.0,0.0,0.0,42.0,57.0,57.0,8.0,57.0,51.375,42.0,7.763237542601485,411.0
175253,stu_NEJCA6632P,N,0.0,0.0,0.0,8.0,0.0,0.0,0.0,0.0,0.0,1.0,1.0,1.0,8.0,1.0,1.0,1.0,0.0,8.0,0.0,0.0,0.0,8.0,0.0,0.0,0.0,0.0,0.0,0.0,0.0,0.0,8.0,0.0,0.0,0.0,0.0,0.0,-0.0960038066554264,-0.0959131728613323,-0.0959068024023457,8.0,-0.0958133656062975,-0.0959333799572378,-0.0960076798944903,6.778427981368577e-05,-0.7674670396579029,-0.159916661953492,-0.1599090581736456,-0.1598185976560359,8.0,-0.1598148976934565,-0.159889253690748,-0.1600098643166495,6.808865406412764e-05,-1.2791140295259846,-0.0320023561101425,-0.0320022949537362,-0.0319764156011491,8.0,-0.0319029157935453,-0.0319778221984933,-0.0320030492160802,4.465965381970216e-05,-0.2558225775879468,0.0,0.0,0.0,8.0,0.0,0.0,0.0,0.0,0.0,0.0,0.0,0.0,8.0,0.4140350877192982,0.0517543859649122,0.0,0.1463835090877414,0.4140350877192982,0.0,0.0,0.0,8.0,118.0,14.75,0.0,41.71930009000631,118.0,0.0,0.0,0.0,8.0,0.0,0.0,0.0,0.0,0.0,1.0,1.0,1.0,8.0,1.0,1.0,1.0,0.0,8.0,,,,0.0,,,,0.0,,,,,,,,,,,1.0,1.0,1.0,8.0,1.0,1.0,1.0,0.0,8.0,0.0,0.0,0.0,8.0,0.0,0.0,0.0,0.0,0.0,1.0,1.0,1.0,8.0,1.0,0.875,0.0,0.3535533905932738,7.0,0.0,0.0,0.0,8.0,118.0,14.75,0.0,41.71930009000631,118.0
175267,stu_NEJCA6632P,N,0.0,0.0,0.0,8.0,0.0,0.0,0.0,0.0,0.0,1.0,1.0,1.0,8.0,1.0,1.0,1.0,0.0,8.0,0.0,0.0,0.0,8.0,0.0,0.0,0.0,0.0,0.0,0.0,0.0,0.0,8.0,0.0,0.0,0.0,0.0,0.0,-0.0959316522887606,-0.0959190031053969,-0.0955462140382355,8.0,-0.0955362863149508,-0.0957922564533995,-0.0960066606210525,0.0002084085490615,-0.7663380516271965,-0.1598672781554279,-0.1595516193644583,-0.15952403782523,8.0,-0.159476702766776,-0.1596632603841067,-0.1599373328188117,0.0002024578009278,-1.277306083072854,-0.0320032122998303,-0.0320014183785797,-0.0319241880301933,8.0,-0.0316056141171916,-0.0319324900123447,-0.0320032122998303,0.0001371710928026,-0.2554599200987578,0.0,0.0,0.0,8.0,0.0,0.0,0.0,0.0,0.0,0.0,0.0,0.0,8.0,0.0,0.0,0.0,0.0,0.0,0.0,0.0,0.0,8.0,0.0,0.0,0.0,0.0,0.0,0.0,0.0,0.0,8.0,0.0,0.0,0.0,0.0,0.0,0.75,1.0,1.0,8.0,1.0,0.75,0.0,0.4629100498862757,6.0,0.996723459758308,0.996723459758308,0.996723459758308,6.0,-0.5189349112426035,0.9604919073939472,0.996723459758308,6.0,0.996723459758308,0.3190717890507517,-1.0,1.022133976557755,1.91443073430451,0.996723459758308,0.9846462756368544,0.924260355029586,0.0295829386272046,5.907877653821126,0.0,1.0,1.0,8.0,1.0,0.625,0.0,0.5175491695067657,5.0,1.0,2.0,2.0,8.0,3.0,1.625,0.0,0.9161253813129044,13.0,0.0,1.0,1.0,8.0,1.0,0.625,0.0,0.5175491695067657,5.0,0.0,0.0,0.0,8.0,0.0,0.0,0.0,0.0,0.0
178846,stu_AKXOL8837B,?,0.0,0.0,0.0,2.0,0.0,0.0,0.0,0.0,0.0,0.25,0.5,0.75,2.0,1.0,0.5,0.0,0.7071067811865476,1.0,0.0,0.0,0.0,2.0,0.0,0.0,0.0,0.0,0.0,0.0,0.0,0.0,2.0,0.0,0.0,0.0,0.0,0.0,-0.1097690612184288,-0.1097474066518501,-0.1097257520852713,2.0,-0.1097040975186926,-0.1097474066518501,-0.1097907157850075,6.124836348589601e-05,-0.2194948133037002,-0.1851786939073129,-0.1848334677643486,-0.1844882416213842,2.0,-0.1841430154784199,-0.1848334677643486,-0.1855239200502773,0.0009764469869318,-0.3696669355286972,-0.0368535967488367,-0.0359487785315148,-0.0350439603141929,2.0,-0.034139142096871,-0.0359487785315148,-0.0377584149661586,0.0025592123888377,-0.0718975570630297,1.25,1.5,1.75,2.0,2.0,1.5,1.0,0.7071067811865476,3.0,0.4117647058823529,0.4117647058823529,0.4117647058823529,2.0,0.4117647058823529,0.4117647058823529,0.4117647058823529,0.0,0.8235294117647058,7.0,7.0,7.0,2.0,7.0,7.0,7.0,0.0,14.0,2.0,2.0,2.0,2.0,2.0,2.0,2.0,0.0,4.0,2.0,2.0,2.0,2.0,2.0,2.0,2.0,0.0,4.0,,,,0.0,-1.0,-1.0,-1.0,2.0,-1.0,-1.0,-1.0,0.0,-2.0,,,,,,0.0,0.0,0.0,2.0,0.0,0.0,0.0,0.0,0.0,4.25,4.5,4.75,2.0,5.0,4.5,4.0,0.7071067811865476,9.0,0.0,0.0,0.0,2.0,0.0,0.0,0.0,0.0,0.0,7.0,7.0,7.0,2.0,7.0,7.0,7.0,0.0,14.0
181356,stu_AKXOL8837B,N,0.0,0.0,0.0,7.0,0.0,0.0,0.0,0.0,0.0,1.0,1.0,1.0,7.0,1.0,0.8571428571428571,0.0,0.3779644730092272,6.0,0.0,0.0,0.0,7.0,1.0,0.1428571428571428,0.0,0.3779644730092273,1.0,0.0,0.0,0.0,7.0,0.0,0.0,0.0,0.0,0.0,-0.1137027964684028,-0.1136605153322521,-0.1136130751740858,7.0,-0.1135792274207873,-0.113667134762714,-0.1137984573009813,7.522436380758066e-05,-0.7956699433389981,-0.1894561418602139,-0.1894274531289311,-0.1894063791902914,7.0,-0.1893813836334405,-0.1894313529905919,-0.189485592070761,3.761398527755175e-05,-1.3260194709341435,-0.0379114532613027,-0.0378920926510077,-0.0378435673848898,7.0,-0.0377790129802581,-0.0378740347141684,-0.0379370960755283,6.031386357103155e-05,-0.2651182429991794,0.5,1.0,1.0,7.0,1.0,0.7142857142857143,0.0,0.4879500364742665,5.0,0.0,0.0,0.0357142857142857,7.0,0.0714285714285714,0.0204081632653061,0.0,0.0348535740338761,0.1428571428571428,0.0,0.0,0.5,7.0,1.0,0.2857142857142857,0.0,0.4879500364742666,2.0,0.0,0.0,1.5,7.0,2.0,0.7142857142857143,0.0,0.951189731211342,5.0,1.0,1.0,1.5,7.0,2.0,1.2857142857142858,1.0,0.4879500364742666,9.0,,,,0.0,-1.0,-1.0,-1.0,1.0,-1.0,-1.0,-1.0,,-1.0,,,,,,1.0,1.0,1.0,7.0,1.0,0.8571428571428571,0.0,0.3779644730092272,6.0,1.0,1.0,1.0,7.0,1.0,0.8571428571428571,0.0,0.3779644730092272,6.0,0.0,0.0,0.0,7.0,0.0,0.0,0.0,0.0,0.0,0.0,0.0,0.5,7.0,1.0,0.2857142857142857,0.0,0.4879500364742666,2.0
181608,stu_AKXOL8837B,N,0.0,0.0,0.0,4.0,0.0,0.0,0.0,0.0,0.0,0.0,0.0,0.0,4.0,0.0,0.0,0.0,0.0,0.0,0.0,0.0,0.25,4.0,1.0,0.25,0.0,0.5,1.0,0.0,0.0,0.25,4.0,1.0,0.25,0.0,0.5,1.0,-0.1133345260592023,-0.1132664688499549,-0.1131983450112718,4.0,-0.1131525705889962,-0.1132664022205193,-0.1133801005931711,0.0001024280775177,-0.4530656088820772,-0.1887935882708312,-0.1882400785120973,-0.1876729858669863,4.0,-0.1875315220566597,-0.1882264956257202,-0.1888943034220266,0.0006999989615358,-0.7529059825028811,-0.0378522768039753,-0.0378033041687895,-0.0377392827996429,4.0,-0.0376383677601407,-0.0377882554348287,-0.037908045641595,0.0001141858041064,-0.1511530217393148,1.0,1.5,2.0,4.0,2.0,1.5,1.0,0.5773502691896257,6.0,0.6217948717948718,0.6217948717948718,0.6217948717948718,4.0,0.6217948717948718,0.6217948717948718,0.6217948717948718,0.0,2.4871794871794872,194.0,194.0,194.0,4.0,194.0,194.0,194.0,0.0,776.0,2.0,2.0,2.0,4.0,2.0,2.0,2.0,0.0,8.0,2.0,2.0,2.0,4.0,2.0,2.0,2.0,0.0,8.0,,,,0.0,-1.0,-1.0,-1.0,3.0,-1.0,-1.0,-1.0,0.0,-3.0,,,,,,0.0,0.0,0.25,4.0,1.0,0.25,0.0,0.5,1.0,2.0,2.5,3.0,4.0,3.0,2.5,2.0,0.5773502691896257,10.0,0.0,0.0,0.0,4.0,0.0,0.0,0.0,0.0,0.0,194.0,194.0,194.0,4.0,194.0,194.0,194.0,0.0,776.0
184027,stu_AKXOL8837B,N,0.0,0.0,0.0,6.0,0.0,0.0,0.0,0.0,0.0,0.0,0.0,0.75,6.0,1.0,0.3333333333333333,0.0,0.5163977794943223,2.0,0.0,0.5,1.0,6.0,1.0,0.5,0.0,0.5477225575051661,3.0,0.0,0.0,0.0,6.0,1.0,0.1666666666666666,0.0,0.408248290463863,1.0,-0.1135205173695093,-0.1133452248428658,-0.113294462731409,6.0,-0.1132656121857826,-0.1134373447968654,-0.1138115166703642,0.000214318627419,-0.6806240687811924,-0.1891315137313486,-0.1890435533578303,-0.1889652447339871,6.0,-0.1887484801429114,-0.189027409997427,-0.1892288974107626,0.0001695705635513,-1.1341644599845624,-0.0379648995871663,-0.0379194868675412,-0.0378604246321034,6.0,-0.0374432767726252,-0.0378461881426911,-0.0379741039677736,0.0002031876406851,-0.2270771288561467,2.0,2.5,3.0,6.0,3.0,2.5,2.0,0.5477225575051661,15.0,0.625,1.0,1.0,6.0,1.0,0.75,0.0,0.4183300132670378,4.5,2.0,5.0,5.0,6.0,5.0,3.5,0.0,2.345207879911715,21.0,0.0,0.0,0.0,6.0,0.0,0.0,0.0,0.0,0.0,2.25,3.0,3.0,6.0,3.0,2.5,1.0,0.8366600265340756,15.0,,,,0.0,-1.0,-1.0,-1.0,4.0,-1.0,-1.0,-1.0,0.0,-4.0,,,,,,0.0,0.0,0.75,6.0,1.0,0.3333333333333333,0.0,0.5163977794943223,2.0,1.0,1.5,2.75,6.0,3.0,1.8333333333333333,1.0,0.9831920802501752,11.0,0.0,0.0,0.75,6.0,1.0,0.3333333333333333,0.0,0.5163977794943223,2.0,2.0,5.0,5.0,6.0,5.0,3.5,0.0,2.345207879911715,21.0
184193,stu_AKXOL8837B,N,0.0,0.0,0.0,5.0,0.0,0.0,0.0,0.0,0.0,1.0,1.0,1.0,5.0,1.0,1.0,1.0,0.0,5.0,0.0,0.0,0.0,5.0,0.0,0.0,0.0,0.0,0.0,0.0,0.0,0.0,5.0,0.0,0.0,0.0,0.0,0.0,-0.1135934670830299,-0.1117764633365039,-0.1117674017332586,5.0,-0.1117666402539943,-0.1125104531993693,-0.11364829359006,0.001013869336339,-0.5625522659968469,-0.1876228234204497,-0.187517853503865,-0.1874550314645596,5.0,-0.187449967627452,-0.187538588584232,-0.1876472669048339,9.242820834010876e-05,-0.9376929429211602,-0.0379058373517285,-0.03776766693922,-0.0377128404321899,5.0,-0.0360938974423101,-0.037491006292912,-0.0379747892991115,0.0007880030842961,-0.1874550314645601,0.0,0.0,0.0,5.0,0.0,0.0,0.0,0.0,0.0,0.0,0.0112359550561797,0.125,5.0,0.5757575757575758,0.1423987061627511,0.0,0.2479219005776504,0.7119935308137557,0.0,1.0,1.0,5.0,38.0,8.0,0.0,16.777961735562517,40.0,0.0,0.0,0.0,5.0,0.0,0.0,0.0,0.0,0.0,1.0,1.0,2.0,5.0,2.0,1.4,1.0,0.5477225575051661,7.0,,,,0.0,,,,0.0,,,,,,,,,,,1.0,1.0,1.0,5.0,1.0,1.0,1.0,0.0,5.0,0.0,0.0,0.0,5.0,0.0,0.0,0.0,0.0,0.0,0.0,1.0,1.0,5.0,1.0,0.6,0.0,0.5477225575051662,3.0,0.0,1.0,1.0,5.0,38.0,8.0,0.0,16.777961735562517,40.0
185902,stu_AKXOL8837B,N,0.0,0.0,0.0,5.0,1.0,0.2,0.0,0.447213595499958,1.0,1.0,1.0,1.0,5.0,1.0,0.8,0.0,0.4472135954999579,4.0,0.0,0.0,0.0,5.0,0.0,0.0,0.0,0.0,0.0,0.0,0.0,0.0,5.0,0.0,0.0,0.0,0.0,0.0,-0.1133737422413141,-0.1133406940412432,-0.111964244123082,5.0,-0.1040353412834861,-0.1112203093410247,-0.1133875250159981,0.0040622448616074,-0.5561015467051237,-0.1874525566569511,-0.1798610272054064,-0.179768659770646,5.0,-0.1795185519062843,-0.1831462467362352,-0.1891304381418882,0.0047359207860736,-0.915731233681176,-0.037885429707445,-0.037857483418445,-0.0378523815073741,5.0,-0.037630829115424,-0.0378260876283776,-0.0379043143931999,0.0001111798764054,-0.1891304381418882,1.0,1.0,1.0,5.0,2.0,1.2,1.0,0.4472135954999579,6.0,0.6217948717948718,0.6217948717948718,0.6309523809523809,5.0,0.6507462686567164,0.6050576786397681,0.5,0.0599069402828147,3.0252883931988404,159.0,194.0,194.0,5.0,218.0,157.2,21.0,78.99177172338902,786.0,0.0,0.0,0.0,5.0,0.0,0.0,0.0,0.0,0.0,3.0,3.0,3.0,5.0,3.0,2.6,1.0,0.8944271909999161,13.0,,,,0.0,-1.0,-1.0,-1.0,2.0,-1.0,-1.0,-1.0,0.0,-2.0,,,,,,0.0,0.0,0.0,5.0,0.0,0.0,0.0,0.0,0.0,1.0,1.0,1.0,5.0,2.0,1.2,1.0,0.4472135954999579,6.0,0.0,0.0,0.0,5.0,0.0,0.0,0.0,0.0,0.0,159.0,194.0,194.0,5.0,218.0,157.2,21.0,78.99177172338902,786.0
186371,stu_AKXOL8837B,N,0.0,0.0,0.0,6.0,0.0,0.0,0.0,0.0,0.0,1.0,1.0,1.0,6.0,1.0,1.0,1.0,0.0,6.0,0.0,0.0,0.0,6.0,0.0,0.0,0.0,0.0,0.0,0.0,0.0,0.0,6.0,0.0,0.0,0.0,0.0,0.0,-0.1133637668629517,-0.1133188395863576,-0.1132463848343588,6.0,-0.1131493723760861,-0.1133329332984078,-0.11360957236947,0.0001576553921359,-0.679997599790447,-0.1890723372740216,-0.1889238297805001,-0.1887830608200022,6.0,-0.1885403678599768,-0.1889051291189009,-0.1891847696873965,0.0002367665722589,-1.1334307747134054,-0.0379421408756543,-0.0378133556950784,-0.0377438802307012,6.0,-0.037659993771247,-0.037827880912045,-0.0379747892991115,0.0001288875352247,-0.2269672854722705,0.0,0.5,1.75,6.0,3.0,1.0,0.0,1.2649110640673518,6.0,0.1263185654008438,0.4304826592569723,0.4390243902439024,6.0,0.4390243902439024,0.1277986461299212,-1.0,0.5760274357804327,0.7667918767795272,54.0,54.0,54.0,5.0,200.0,72.6,1.0,74.82512946864843,363.0,0.0,0.0,0.0,6.0,0.0,0.0,0.0,0.0,0.0,1.0,1.0,1.0,6.0,1.0,0.6666666666666666,-1.0,0.816496580927726,4.0,0.437683798912607,0.9,0.999822799763733,5.0,0.4344770428571217,0.6688418994563035,0.9748670998227996,6.0,0.999999943286157,0.4618191110224095,-1.0,0.7628097901305888,2.770914666134457,0.999999943286157,0.7541829332268913,0.43340812417196,0.2937242514565944,3.770914666134457,0.25,1.0,1.0,6.0,1.0,0.6666666666666666,0.0,0.5163977794943223,4.0,1.25,2.0,2.75,6.0,3.0,2.0,1.0,0.8944271909999159,12.0,0.0,0.0,0.0,6.0,0.0,0.0,0.0,0.0,0.0,14.25,54.0,54.0,6.0,200.0,60.333333333333336,-1.0,73.36120682395202,362.0
188067,stu_AKXOL8837B,N,0.0,0.0,0.0,8.0,1.0,0.125,0.0,0.3535533905932738,1.0,0.75,1.0,1.0,8.0,1.0,0.75,0.0,0.4629100498862757,6.0,0.0,0.0,0.0,8.0,1.0,0.125,0.0,0.3535533905932738,1.0,0.0,0.0,0.0,8.0,0.0,0.0,0.0,0.0,0.0,-0.1136587068189976,-0.1135722027745723,-0.1133668127800072,8.0,-0.1131947184662738,-0.1135187612079542,-0.1138305536519701,0.000233523183838,-0.908150089663634,-0.1893985835463231,-0.1891148468539515,-0.1890467039782868,8.0,-0.1888489192578739,-0.1891864877749866,-0.1894936637509626,0.0002322163513206,-1.513491902199893,-0.0379718195299807,-0.0378740075184804,-0.0378413210210601,8.0,-0.0375962579568245,-0.0378646270457933,-0.0379743704855161,0.00012646511868,-0.3029170163663464,1.0,2.0,2.0,8.0,3.0,1.75,1.0,0.7071067811865476,14.0,0.0,0.25,0.6666666666666666,8.0,0.6666666666666666,0.3125,0.0,0.338501600193165,2.5,0.0,0.5,2.0,8.0,2.0,0.875,0.0,0.9910312089651148,7.0,0.0,0.0,0.0,8.0,0.0,0.0,0.0,0.0,0.0,1.0,1.0,3.0,8.0,3.0,1.75,1.0,1.035098339013531,14.0,0.8709419372739575,0.921883874547915,0.953564173460214,3.0,-1.0,-0.0899999999999999,0.8613111180931282,4.0,0.985244472372513,-0.0486888819068717,-1.0,1.100548990497504,-0.194755527627487,0.985244472372513,0.9090427823068092,0.82,0.0833672846497713,2.727128346920428,0.0,1.0,1.0,8.0,1.0,0.625,0.0,0.5175491695067657,5.0,1.0,2.0,2.0,8.0,3.0,1.75,1.0,0.7071067811865476,14.0,0.0,1.0,1.0,8.0,1.0,0.625,0.0,0.5175491695067657,5.0,0.0,0.5,2.0,8.0,2.0,0.875,0.0,0.9910312089651148,7.0
191866,stu_AKXOL8837B,N,0.0,0.0,0.0,6.0,0.0,0.0,0.0,0.0,0.0,1.0,1.0,1.0,6.0,1.0,1.0,1.0,0.0,6.0,0.0,0.0,0.0,6.0,0.0,0.0,0.0,0.0,0.0,0.0,0.0,0.0,6.0,0.0,0.0,0.0,0.0,0.0,-0.1136376995097953,-0.113456914813958,-0.1132144502977119,6.0,-0.1129973430409672,-0.11343242690995,-0.113851798923446,0.0003195306561244,-0.6805945614597004,-0.1891897288211053,-0.1889560213163987,-0.1887872775114283,6.0,-0.1887593312224282,-0.1889975536646061,-0.1893152872332987,0.0002411808576865,-1.1339853219876368,-0.0379561996865716,-0.0378457185638114,-0.0377035408666745,6.0,-0.0375985423946174,-0.0378189716046526,-0.0379746750772218,0.000158433381496,-0.2269138296279161,0.0,0.0,0.0,6.0,0.0,0.0,0.0,0.0,0.0,0.0,0.0056179775280898,0.2528089887640449,6.0,0.5757575757575758,0.1533878106911815,0.0,0.2455879561491458,0.920326864147089,0.0,0.5,1.0,6.0,38.0,6.666666666666667,0.0,15.357951252255836,40.0,0.0,0.0,0.0,6.0,0.0,0.0,0.0,0.0,0.0,1.0,1.0,1.0,6.0,2.0,1.1666666666666667,1.0,0.408248290463863,7.0,0.957435473662151,0.957435473662151,0.957435473662151,1.0,0.957435473662151,0.957435473662151,0.957435473662151,1.0,0.957435473662151,0.957435473662151,0.957435473662151,,0.957435473662151,0.957435473662151,0.957435473662151,0.957435473662151,,0.957435473662151,0.0,0.0,0.0,6.0,0.0,0.0,0.0,0.0,0.0,0.0,0.0,0.0,6.0,0.0,0.0,0.0,0.0,0.0,0.0,0.0,0.0,6.0,0.0,0.0,0.0,0.0,0.0,0.0,0.5,1.0,6.0,38.0,6.666666666666667,0.0,15.357951252255836,40.0
194176,stu_AKXOL8837B,?,0.0,0.0,0.0,8.0,0.0,0.0,0.0,0.0,0.0,0.0,0.5,1.0,8.0,1.0,0.5,0.0,0.5345224838248488,4.0,0.0,0.0,1.0,8.0,1.0,0.375,0.0,0.5175491695067657,3.0,0.0,0.0,0.0,8.0,1.0,0.125,0.0,0.3535533905932738,1.0,-0.113819093389044,-0.1137876442954282,-0.1137499510718449,8.0,-0.1136882712514361,-0.1137832467526768,-0.1138700363518262,6.441222778629004e-05,-0.9102659740214146,-0.189683662345898,-0.1896012417340276,-0.1895130243612576,8.0,-0.1894113859164542,-0.1895813956807016,-0.1896936662797328,0.000113533451555,-1.5166511654456127,-0.0379415697662061,-0.0379276156586876,-0.0379159935814162,8.0,-0.0378393221379913,-0.0379211906773951,-0.0379739897458839,3.995348746092475e-05,-0.3033695254191608,2.0,3.0,3.0,8.0,3.0,2.625,2.0,0.5175491695067657,21.0,0.6581632653061225,0.6842105263157895,0.6928104575163399,8.0,0.6928104575163399,0.6690815800004213,0.5894736842105263,0.0353003140037536,5.35265264000337,55.0,106.0,111.75,8.0,129.0,92.0,52.0,33.427960922386085,736.0,0.0,0.0,0.0,8.0,0.0,0.0,0.0,0.0,0.0,2.0,3.0,3.25,8.0,4.0,2.75,1.0,1.035098339013531,22.0,,,,0.0,-1.0,-1.0,-1.0,5.0,-1.0,-1.0,-1.0,0.0,-5.0,,,,,,0.0,0.0,1.0,8.0,1.0,0.375,0.0,0.5175491695067657,3.0,3.0,3.5,4.0,8.0,4.0,3.375,2.0,0.7440238091428449,27.0,0.0,0.0,0.0,8.0,0.0,0.0,0.0,0.0,0.0,55.0,106.0,111.75,8.0,129.0,92.0,52.0,33.427960922386085,736.0
198524,stu_AKXOL8837B,G,0.0,0.0,0.0,7.0,0.0,0.0,0.0,0.0,0.0,0.0,0.0,1.0,7.0,1.0,0.4285714285714285,0.0,0.5345224838248487,3.0,0.0,0.0,0.0,7.0,0.0,0.0,0.0,0.0,0.0,0.0,0.0,0.0,7.0,1.0,0.1428571428571428,0.0,0.3779644730092273,1.0,-0.1136296373480845,-0.1135970079616089,-0.1135716507021075,7.0,-0.1134787883058253,-0.1135894801951675,-0.1136479889983543,5.76851106385589e-05,-0.7951263613661727,-0.189382183186668,-0.1893320778510767,-0.1892702266978333,7.0,-0.1892493812029729,-0.1893405629057361,-0.1894976615171002,8.882170753078535e-05,-1.3253839403401528,-0.0378999739613933,-0.0378421396112692,-0.0378337823763434,7.0,-0.0378112235531383,-0.0378641898751085,-0.0379284532858784,4.647533234046742e-05,-0.2650493291257597,0.0,0.0,0.0,7.0,1.0,0.1428571428571428,0.0,0.3779644730092273,1.0,0.5714285714285714,0.5714285714285714,0.5966117216117216,7.0,0.6217948717948718,0.3613291470434327,-1.0,0.600759090184861,2.529304029304029,116.0,116.0,174.5,6.0,194.0,142.0,116.0,40.27902680055713,852.0,2.0,3.0,4.0,7.0,4.0,3.0,2.0,1.0,21.0,1.0,1.0,1.0,7.0,1.0,0.7142857142857143,-1.0,0.7559289460184545,5.0,,,,0.0,-1.0,-1.0,-1.0,5.0,-1.0,-1.0,-1.0,0.0,-5.0,,,,,,0.0,0.0,0.5,7.0,1.0,0.2857142857142857,0.0,0.4879500364742665,2.0,3.0,4.0,4.0,7.0,4.0,3.571428571428572,3.0,0.5345224838248487,25.0,0.0,0.0,0.0,7.0,0.0,0.0,0.0,0.0,0.0,116.0,116.0,155.0,7.0,194.0,121.57142857142856,-1.0,65.37037336810701,851.0
200882,stu_AKXOL8837B,N,0.0,0.0,0.0,3.0,0.0,0.0,0.0,0.0,0.0,0.0,0.0,0.5,3.0,1.0,0.3333333333333333,0.0,0.5773502691896258,1.0,0.0,0.0,0.0,3.0,0.0,0.0,0.0,0.0,0.0,0.0,0.0,0.0,3.0,0.0,0.0,0.0,0.0,0.0,-0.1134009841619947,-0.113129726211067,-0.1131070722029538,3.0,-0.1130844181948407,-0.1132954621729434,-0.1136722421129224,0.0003270864510516,-0.3398863865188302,-0.1886419682308169,-0.1883479801238496,-0.1869835806150461,3.0,-0.1856191811062425,-0.1876343725226255,-0.1889359563377842,0.0017697955646163,-0.5629031175678765,-0.0378488025548319,-0.0378314408276057,-0.0376091269563913,3.0,-0.0373868130851769,-0.0376948060649469,-0.0378661642820581,0.0002672941942186,-0.1130844181948407,1.5,2.0,2.5,3.0,3.0,2.0,1.0,1.0,6.0,0.6551724137931034,0.6551724137931034,0.6551724137931034,3.0,0.6551724137931034,0.6551724137931034,0.6551724137931034,0.0,1.9655172413793105,19.0,19.0,19.0,3.0,19.0,19.0,19.0,0.0,57.0,1.5,2.0,2.0,3.0,2.0,1.6666666666666667,1.0,0.5773502691896257,5.0,3.0,3.0,3.0,3.0,3.0,3.0,3.0,0.0,9.0,,,,0.0,-1.0,-1.0,-1.0,3.0,-1.0,-1.0,-1.0,0.0,-3.0,,,,,,0.0,0.0,0.0,3.0,0.0,0.0,0.0,0.0,0.0,4.5,5.0,5.0,3.0,5.0,4.666666666666667,4.0,0.5773502691896258,14.0,0.0,0.0,0.0,3.0,0.0,0.0,0.0,0.0,0.0,19.0,19.0,19.0,3.0,19.0,19.0,19.0,0.0,57.0
202863,stu_FRMOE5782F,N,0.0,0.0,0.0,4.0,0.0,0.0,0.0,0.0,0.0,0.0,0.5,1.0,4.0,1.0,0.5,0.0,0.5773502691896257,2.0,0.0,0.0,0.0,4.0,0.0,0.0,0.0,0.0,0.0,0.0,0.0,0.25,4.0,1.0,0.25,0.0,0.5,1.0,-0.1602817506030203,-0.1601892122049014,-0.1601001595484826,4.0,-0.160092855578951,-0.1601926979466015,-0.1602995117976523,0.0001101625371303,-0.6407707917864062,-0.2670379745398086,-0.266983221581719,-0.2669458973321301,4.0,-0.2668879803931127,-0.2670006502902197,-0.2671481776043278,0.0001091110657514,-1.0680026011608788,-0.0535218156919913,-0.0534407856041623,-0.0533381439177925,4.0,-0.0532210229966685,-0.0534191740056215,-0.0535741018174931,0.0001552319152411,-0.2136766960224863,0.0,0.5,1.0,4.0,1.0,0.5,0.0,0.5773502691896257,2.0,0.5257715456524523,0.5380116959064327,0.5432146542827657,4.0,0.5588235294117647,0.5309745040287852,0.4890510948905109,0.0296208518198617,2.123898016115141,55.0,79.5,92.0,4.0,92.0,67.5,19.0,34.41414437892265,270.0,0.0,0.0,0.25,4.0,1.0,0.25,0.0,0.5,1.0,1.0,1.0,1.0,4.0,1.0,1.0,1.0,0.0,4.0,,,,0.0,-1.0,-1.0,-1.0,2.0,-1.0,-1.0,-1.0,0.0,-2.0,,,,,,0.75,1.0,1.0,4.0,1.0,0.75,0.0,0.5,3.0,2.0,2.5,3.25,4.0,4.0,2.75,2.0,0.957427107756338,11.0,0.0,0.0,0.25,4.0,1.0,0.25,0.0,0.5,1.0,55.0,79.5,92.0,4.0,92.0,67.5,19.0,34.41414437892265,270.0
203013,stu_FRMOE5782F,G,0.0,0.0,0.0,6.0,0.0,0.0,0.0,0.0,0.0,0.0,0.0,0.0,6.0,1.0,0.1666666666666666,0.0,0.408248290463863,1.0,0.0,0.0,0.75,6.0,1.0,0.3333333333333333,0.0,0.5163977794943223,2.0,0.0,0.0,0.75,6.0,1.0,0.3333333333333333,0.0,0.5163977794943223,2.0,-0.1607084590139106,-0.1606689789671471,-0.1606026962480494,6.0,-0.1605096001312584,-0.1606746491069793,-0.1608981155384744,0.000132850240537,-0.9640478946418758,-0.2678141580508736,-0.2677580644228993,-0.2677155490995169,6.0,-0.2676155458514802,-0.2677664659541765,-0.2679328877758593,0.0001087050961877,-1.6065987957250591,-0.0536650421371095,-0.0535529728601108,-0.0534825716031274,6.0,-0.0533469387122359,-0.0535503701729747,-0.0536878335251488,0.0001334389861768,-0.3213022210378486,2.0,2.5,3.0,6.0,4.0,2.5,1.0,1.0488088481701516,15.0,0.5164319248826291,0.5164319248826291,0.5164319248826291,6.0,0.5164319248826291,0.511868453217276,0.4890510948905109,0.0111781770357639,3.0712107193036564,110.0,110.0,110.0,6.0,110.0,102.83333333333331,67.0,17.554676489946107,617.0,0.0,0.5,1.0,6.0,1.0,0.5,0.0,0.5477225575051661,3.0,5.0,5.0,5.0,6.0,5.0,4.5,2.0,1.224744871391589,27.0,,,,0.0,-1.0,-1.0,-1.0,5.0,-1.0,-1.0,-1.0,0.0,-5.0,,,,,,0.0,0.0,0.0,6.0,1.0,0.1666666666666666,0.0,0.408248290463863,1.0,4.0,4.5,5.0,6.0,5.0,4.5,4.0,0.5477225575051661,27.0,0.0,0.0,0.0,6.0,0.0,0.0,0.0,0.0,0.0,110.0,110.0,110.0,6.0,110.0,102.83333333333331,67.0,17.554676489946107,617.0
203509,stu_FRMOE5782F,N,0.0,0.0,0.0,5.0,0.0,0.0,0.0,0.0,0.0,0.0,0.0,0.0,5.0,1.0,0.2,0.0,0.447213595499958,1.0,0.0,0.0,0.0,5.0,1.0,0.2,0.0,0.447213595499958,1.0,0.0,0.0,1.0,5.0,1.0,0.4,0.0,0.5477225575051662,2.0,-0.1607876443399783,-0.1607320011770853,-0.1607127384321824,5.0,-0.1606942050116969,-0.1607750227374161,-0.1609485247261377,0.0001031066669325,-0.8038751136870809,-0.2680122125315949,-0.2678719248348639,-0.2678134501771744,5.0,-0.2677050382476211,-0.2678904153539131,-0.2680494509783113,0.0001420889612015,-1.3394520767695657,-0.0536683991745007,-0.0536310749249117,-0.0535932787595233,5.0,-0.0534325270776728,-0.0536024425063189,-0.0536869325949863,0.0001015675879678,-0.2680122125315949,2.0,3.0,3.0,5.0,3.0,2.4,1.0,0.8944271909999159,12.0,0.5374449339207048,0.5374449339207048,0.5374449339207048,5.0,0.5374449339207048,0.5374449339207048,0.5374449339207048,0.0,2.687224669603524,122.0,122.0,122.0,5.0,122.0,122.0,122.0,0.0,610.0,1.0,2.0,2.0,5.0,3.0,1.8,1.0,0.8366600265340756,9.0,5.0,5.0,5.0,5.0,5.0,5.0,5.0,0.0,25.0,,,,0.0,-1.0,-1.0,-1.0,5.0,-1.0,-1.0,-1.0,0.0,-5.0,,,,,,0.0,0.0,0.0,5.0,0.0,0.0,0.0,0.0,0.0,4.0,5.0,5.0,5.0,5.0,4.6,4.0,0.5477225575051662,23.0,0.0,0.0,0.0,5.0,0.0,0.0,0.0,0.0,0.0,122.0,122.0,122.0,5.0,122.0,122.0,122.0,0.0,610.0
204074,stu_FRMOE5782F,N,0.0,0.0,0.0,5.0,0.0,0.0,0.0,0.0,0.0,1.0,1.0,1.0,5.0,1.0,0.8,0.0,0.4472135954999579,4.0,0.0,0.0,0.0,5.0,1.0,0.2,0.0,0.447213595499958,1.0,0.0,0.0,0.0,5.0,0.0,0.0,0.0,0.0,0.0,-0.1603736454795946,-0.1597994097545961,-0.1596777412812233,5.0,-0.1595972152852709,-0.1599853617401347,-0.1604787968999884,0.000410520607704,-0.7999268087006735,-0.2668289051153149,-0.2667294166845139,-0.2666157707797308,5.0,-0.2665816212364287,-0.2667213083130514,-0.2668508277492689,0.0001215203195127,-1.3336065415652572,-0.0535407674014809,-0.0534436385496768,-0.0533892395284368,5.0,-0.0526591857867633,-0.0533163242472857,-0.0535487899700707,0.0003734205296483,-0.2665816212364287,0.0,0.0,1.0,5.0,1.0,0.4,0.0,0.5477225575051662,2.0,0.3333333333333333,0.3333333333333333,0.4864864864864865,5.0,0.5730337078651685,0.4070555540218462,0.3090909090909091,0.1165386458308744,2.035277770109231,19.0,19.0,36.0,5.0,51.0,28.4,17.0,14.791889669680478,142.0,0.0,0.0,0.0,5.0,0.0,0.0,0.0,0.0,0.0,1.0,1.0,2.0,5.0,2.0,1.4,1.0,0.5477225575051661,7.0,0.7672183794466403,0.775,0.8248670212765958,4.0,0.743873517786561,0.775,0.775,5.0,0.974468085106383,0.4536683205785888,-1.0,0.817788348821391,2.268341602892944,0.974468085106383,0.817085400723236,0.743873517786561,0.1059428321546568,3.268341602892944,1.0,1.0,1.0,5.0,1.0,0.8,0.0,0.4472135954999579,4.0,0.0,0.0,0.0,5.0,1.0,0.2,0.0,0.447213595499958,1.0,0.0,0.0,0.0,5.0,0.0,0.0,0.0,0.0,0.0,19.0,19.0,36.0,5.0,51.0,28.4,17.0,14.791889669680478,142.0
204596,stu_FRMOE5782F,N,0.0,0.0,0.0,5.0,0.0,0.0,0.0,0.0,0.0,0.0,0.0,1.0,5.0,1.0,0.4,0.0,0.5477225575051662,2.0,0.0,1.0,1.0,5.0,1.0,0.6,0.0,0.5477225575051662,3.0,0.0,0.0,0.0,5.0,0.0,0.0,0.0,0.0,0.0,-0.1606893142479576,-0.1605600093189217,-0.1605572636269979,5.0,-0.1605547324422557,-0.1606574470610671,-0.1609259156692028,0.0001606020221918,-0.8032872353053357,-0.2679298846753176,-0.2679205750636385,-0.2677950454609978,5.0,-0.2675623051690204,-0.2678536145018471,-0.2680602621402612,0.0001879465100744,-1.3392680725092356,-0.0536870183978589,-0.0536856026504607,-0.0536817415211929,5.0,-0.0531873882706021,-0.0535859769350635,-0.0536881338352029,0.0002228309179692,-0.2679298846753176,1.0,2.0,2.0,5.0,3.0,1.8,1.0,0.8366600265340756,9.0,0.0,0.75,0.75,5.0,0.75,0.45,0.0,0.4107919181288745,2.25,0.0,3.0,3.0,5.0,3.0,1.8,0.0,1.6431676725154982,9.0,0.0,0.0,0.0,5.0,0.0,0.0,0.0,0.0,0.0,1.0,3.0,3.0,5.0,3.0,2.2,1.0,1.095445115010332,11.0,0.6578150606440001,0.999926064008764,0.9999432544351377,3.0,-0.0132219570405729,0.6578150606440001,0.9999346592219508,4.0,0.999960444861511,0.3288976415373777,-1.0,0.9428233206914332,1.315590566149511,0.999960444861511,0.771863522049837,0.315704057279236,0.3950456850420741,2.315590566149511,0.0,1.0,1.0,5.0,1.0,0.6,0.0,0.5477225575051662,3.0,1.0,2.0,2.0,5.0,2.0,1.6,1.0,0.5477225575051661,8.0,0.0,1.0,1.0,5.0,1.0,0.6,0.0,0.5477225575051662,3.0,0.0,3.0,3.0,5.0,3.0,1.8,0.0,1.6431676725154982,9.0
204905,stu_FRMOE5782F,N,0.0,0.0,0.0,7.0,0.0,0.0,0.0,0.0,0.0,0.0,1.0,1.0,7.0,1.0,0.5714285714285714,0.0,0.5345224838248488,4.0,0.0,0.0,1.0,7.0,1.0,0.4285714285714285,0.0,0.5345224838248487,3.0,0.0,0.0,0.0,7.0,0.0,0.0,0.0,0.0,0.0,-0.1608657893062155,-0.160785241859545,-0.1606362880726795,7.0,-0.160264504225624,-0.1607307999368686,-0.1610616987151214,0.0002531067596796,-1.1251155995580806,-0.2680102176148066,-0.267964077120056,-0.2676937337191537,7.0,-0.267442781767463,-0.2678649625446286,-0.2682399762569604,0.0002780583573765,-1.8750547378124005,-0.0536860531155419,-0.0536508524870502,-0.0534705592009609,7.0,-0.053165036622285,-0.0535453210825062,-0.0536881338352029,0.0001948938000134,-0.374817247577544,0.0,0.0,1.5,7.0,3.0,0.8571428571428571,0.0,1.2149857925879115,6.0,0.0,0.0,0.4133333333333333,7.0,0.4133333333333333,0.1771428571428571,0.0,0.2209359599809374,1.24,0.0,0.0,62.0,7.0,62.0,26.571428571428573,0.0,33.14039399714063,186.0,0.0,0.0,0.0,7.0,0.0,0.0,0.0,0.0,0.0,1.0,1.0,4.0,7.0,4.0,2.2857142857142856,1.0,1.6035674514745462,16.0,0.9334406644173612,0.9556260960975976,0.9778115277778338,2.0,-1.0,-0.0443723836314374,0.9334406644173612,4.0,0.99999695945807,-0.0221869519512012,-1.0,1.1296623352088648,-0.0887478078048049,0.99999695945807,0.9556260960975976,0.911255232737125,0.0627498767385836,1.911252192195195,0.0,1.0,1.0,7.0,1.0,0.5714285714285714,0.0,0.5345224838248488,4.0,1.0,1.0,1.5,7.0,2.0,1.2857142857142858,1.0,0.4879500364742666,9.0,0.0,0.0,1.0,7.0,1.0,0.4285714285714285,0.0,0.5345224838248487,3.0,0.0,0.0,62.0,7.0,62.0,26.571428571428573,0.0,33.14039399714063,186.0
206852,stu_FRMOE5782F,N,0.0,0.0,0.0,4.0,0.0,0.0,0.0,0.0,0.0,0.75,1.0,1.0,4.0,1.0,0.75,0.0,0.5,3.0,0.0,0.0,0.25,4.0,1.0,0.25,0.0,0.5,1.0,0.0,0.0,0.0,4.0,0.0,0.0,0.0,0.0,0.0,-0.1604114738210602,-0.1603823973726017,-0.1603565170811481,4.0,-0.16033138756483,-0.1603855935296067,-0.1604461918083934,4.913801616584723e-05,-0.641542374118427,-0.2675217418609901,-0.2674920540670641,-0.2674320349576676,4.0,-0.2672773967304911,-0.2674617227515936,-0.2675853861417548,0.0001307061310945,-1.0698468910063743,-0.0535297631830675,-0.0534138435021601,-0.0533159316991435,4.0,-0.0532812137118103,-0.0534318513800509,-0.0536185048040731,0.0001560861615838,-0.2137274055202037,2.0,2.0,2.0,4.0,2.0,2.0,2.0,0.0,8.0,-0.25,0.07,0.14,4.0,0.14,-0.18,-1.0,0.5506359959174482,-0.72,3.5,7.0,7.0,3.0,7.0,4.666666666666667,0.0,4.041451884327381,14.0,0.0,0.0,0.0,4.0,0.0,0.0,0.0,0.0,0.0,0.5,1.5,2.0,4.0,2.0,1.0,-1.0,1.4142135623730951,4.0,0.3955284801861152,0.5451594185232015,0.6947903568602878,2.0,-1.0,-0.3770512290754855,0.3955284801861152,4.0,0.844421295197374,-0.2274202907383992,-1.0,0.9249563900192004,-0.909681162953597,0.844421295197374,0.5451594185232015,0.245897541849029,0.4232202046938393,1.090318837046403,0.0,0.5,1.0,4.0,1.0,0.5,0.0,0.5773502691896257,2.0,0.75,1.0,1.0,4.0,1.0,0.75,0.0,0.5,3.0,0.0,0.0,0.25,4.0,1.0,0.25,0.0,0.5,1.0,-0.25,3.5,7.0,4.0,7.0,3.25,-1.0,4.349329450233296,13.0
207172,stu_FRMOE5782F,N,0.0,0.0,0.0,7.0,0.0,0.0,0.0,0.0,0.0,0.0,0.0,1.0,7.0,1.0,0.4285714285714285,0.0,0.5345224838248487,3.0,0.0,1.0,1.0,7.0,1.0,0.5714285714285714,0.0,0.5345224838248488,4.0,0.0,0.0,0.0,7.0,0.0,0.0,0.0,0.0,0.0,-0.1607854992681628,-0.1607219622409889,-0.1605196819687911,7.0,-0.1604563165473624,-0.160662347630849,-0.1608477921536837,0.0001623666091775,-1.124636433415943,-0.2678387620245969,-0.2677574209013547,-0.267608038100126,7.0,-0.2674441975148612,-0.267719293782029,-0.2679398378085413,0.0001942274133413,-1.8740350564742032,-0.053641521424653,-0.0536297878818224,-0.0535012122772038,7.0,-0.0533641421881959,-0.0535619852261241,-0.0536544991091365,0.0001122800472512,-0.3749338965828687,3.0,3.0,3.0,7.0,3.0,2.857142857142857,2.0,0.3779644730092273,20.0,0.3888888888888889,0.4890510948905109,0.5216182198561052,7.0,0.5374449339207048,0.4623427335985847,0.3888888888888889,0.0707910249282214,3.236399135190093,14.0,67.0,122.0,7.0,131.0,69.14285714285714,14.0,55.5890533931174,484.0,0.0,0.0,0.0,7.0,0.0,0.0,0.0,0.0,0.0,2.0,2.0,3.0,7.0,3.0,2.4285714285714284,2.0,0.5345224838248487,17.0,,,,0.0,-1.0,-1.0,-1.0,4.0,-1.0,-1.0,-1.0,0.0,-4.0,,,,,,0.0,0.0,1.0,7.0,1.0,0.4285714285714285,0.0,0.5345224838248487,3.0,3.0,3.0,3.0,7.0,3.0,2.857142857142857,2.0,0.3779644730092273,20.0,0.0,0.0,0.0,7.0,0.0,0.0,0.0,0.0,0.0,14.0,67.0,122.0,7.0,131.0,69.14285714285714,14.0,55.5890533931174,484.0
209348,stu_FRMOE5782F,N,0.0,0.0,0.0,4.0,0.0,0.0,0.0,0.0,0.0,1.0,1.0,1.0,4.0,1.0,1.0,1.0,0.0,4.0,0.0,0.0,0.0,4.0,0.0,0.0,0.0,0.0,0.0,0.0,0.0,0.0,4.0,0.0,0.0,0.0,0.0,0.0,-0.1588684485866867,-0.1583344758596644,-0.1582674852668676,4.0,-0.1582537139058123,-0.1588014579938899,-0.1602831663504185,0.0009898510699299,-0.6352058319755598,-0.2650608296714224,-0.2644769411232543,-0.2639434188613133,4.0,-0.2638920014898967,-0.2645273074094814,-0.2652633459015199,0.0007032645044125,-1.0581092296379255,-0.053400093591823,-0.0532982241313068,-0.0527845330582997,4.0,-0.051262443724845,-0.0528864025188159,-0.0536867180878047,0.0010980317757565,-0.2115456100752636,0.0,0.0,0.0,4.0,0.0,0.0,0.0,0.0,0.0,0.0,0.0285714285714285,0.1278571428571428,4.0,0.34,0.0992857142857143,0.0,0.1627213301706847,0.3971428571428572,0.0,1.0,5.75,4.0,17.0,4.75,0.0,8.220908303425682,19.0,0.0,0.5,1.25,4.0,2.0,0.75,0.0,0.957427107756338,3.0,1.0,1.0,1.0,4.0,1.0,1.0,1.0,0.0,4.0,0.9627531953694834,0.9996743529240316,0.9999924477608122,4.0,0.9627531953694834,0.9996743529240316,0.9999924477608122,4.0,0.99999772919799,0.9630712902062644,0.852938725779004,0.0734223221720924,3.8522851608250575,0.99999772919799,0.9630712902062644,0.852938725779004,0.0734223221720924,3.8522851608250575,1.0,1.0,1.0,4.0,1.0,1.0,1.0,0.0,4.0,0.0,0.0,0.0,4.0,0.0,0.0,0.0,0.0,0.0,0.0,0.0,0.0,4.0,0.0,0.0,0.0,0.0,0.0,0.0,1.0,5.75,4.0,17.0,4.75,0.0,8.220908303425682,19.0
212958,stu_FRMOE5782F,?,0.0,0.0,0.0,4.0,0.0,0.0,0.0,0.0,0.0,0.0,0.0,0.0,4.0,0.0,0.0,0.0,0.0,0.0,0.0,0.5,1.0,4.0,1.0,0.5,0.0,0.5773502691896257,2.0,0.0,0.5,1.0,4.0,1.0,0.5,0.0,0.5773502691896257,2.0,-0.1610354644868182,-0.161023773845424,-0.1610112251753035,4.0,-0.1610078145111169,-0.1610229158166978,-0.1610363010648262,1.4934794539230153e-05,-0.6440916632667912,-0.2683832885049513,-0.2683753302885159,-0.2683649159648519,4.0,-0.2683568397694666,-0.2683728741812872,-0.2683839963786504,1.306569446856039e-05,-1.0734914967251488,-0.0536864928552641,-0.0536747485870744,-0.053662886339935,4.0,-0.0536615349446912,-0.0536746306081246,-0.0536874903136583,1.411091545256202e-05,-0.2146985224324986,2.75,3.0,3.0,4.0,3.0,2.75,2.0,0.5,11.0,0.8484848484848485,0.8484848484848485,0.8484848484848485,4.0,0.8484848484848485,0.8484848484848485,0.8484848484848485,0.0,3.393939393939394,28.0,28.0,28.0,4.0,28.0,28.0,28.0,0.0,112.0,0.0,0.0,0.0,4.0,0.0,0.0,0.0,0.0,0.0,10.0,10.0,10.0,4.0,10.0,10.0,10.0,0.0,40.0,,,,0.0,-1.0,-1.0,-1.0,4.0,-1.0,-1.0,-1.0,0.0,-4.0,,,,,,0.0,0.0,0.0,4.0,0.0,0.0,0.0,0.0,0.0,5.0,5.0,5.0,4.0,5.0,5.0,5.0,0.0,20.0,0.0,0.0,0.0,4.0,0.0,0.0,0.0,0.0,0.0,28.0,28.0,28.0,4.0,28.0,28.0,28.0,0.0,112.0
214594,stu_FRMOE5782F,N,0.0,0.0,0.0,5.0,0.0,0.0,0.0,0.0,0.0,1.0,1.0,1.0,5.0,1.0,1.0,1.0,0.0,5.0,0.0,0.0,0.0,5.0,0.0,0.0,0.0,0.0,0.0,0.0,0.0,0.0,5.0,0.0,0.0,0.0,0.0,0.0,-0.1608590323299968,-0.1606673487125673,-0.1599975285874719,5.0,-0.1584960212180866,-0.1601951240228248,-0.1609556892660014,0.0010208114644982,-0.800975620114124,-0.2673667604223232,-0.2656694508976227,-0.2653702562808024,5.0,-0.2651729525752165,-0.2663037657940286,-0.2679394087941782,0.0012607358504706,-1.3315188289701432,-0.0536836291843905,-0.0535864574311501,-0.0534939190330312,5.0,-0.0534898004951455,-0.0535878817588356,-0.0536856026504607,9.6394889643289e-05,-0.2679394087941782,0.0,1.0,1.0,5.0,1.0,0.6,0.0,0.5477225575051662,3.0,0.0,0.0,0.1666666666666666,5.0,0.4444444444444444,-0.0777777777777777,-1.0,0.5465943944999485,-0.3888888888888889,0.0,0.5,1.75,4.0,4.0,1.25,0.0,1.8929694486000912,5.0,0.0,0.0,0.0,5.0,0.0,0.0,0.0,0.0,0.0,1.0,1.0,1.0,5.0,1.0,0.6,-1.0,0.894427190999916,3.0,0.8057888003190162,0.8563376914333944,0.9068865825477728,2.0,-0.1223800453976809,0.755239909204638,0.8563376914333944,3.0,0.957435473662151,0.2375584609555963,-1.0,1.0765147327294975,0.7126753828667889,0.957435473662151,0.8563376914333944,0.755239909204638,0.142973854753749,1.7126753828667889,1.0,1.0,1.0,5.0,1.0,1.0,1.0,0.0,5.0,1.0,1.0,1.0,5.0,1.0,0.8,0.0,0.4472135954999579,4.0,1.0,1.0,1.0,5.0,1.0,0.8,0.0,0.4472135954999579,4.0,0.0,0.0,1.0,5.0,4.0,0.8,-1.0,1.9235384061671343,4.0
218422,stu_FRMOE5782F,N,0.0,0.0,0.0,3.0,0.0,0.0,0.0,0.0,0.0,0.5,1.0,1.0,3.0,1.0,0.6666666666666666,0.0,0.5773502691896258,2.0,0.0,0.0,0.0,3.0,0.0,0.0,0.0,0.0,0.0,0.0,0.0,0.5,3.0,1.0,0.3333333333333333,0.0,0.5773502691896258,1.0,-0.1609257440634576,-0.1609233844844606,-0.1608897926598305,3.0,-0.1608562008352004,-0.1609025629873719,-0.1609281036424546,4.022007556582364e-05,-0.4827076889621157,-0.2679177006674058,-0.2676711890143732,-0.2676674780401324,3.0,-0.2676637670658917,-0.2678330561335678,-0.2681642123204384,0.0002868136789046,-0.8034991684007033,-0.053653598178974,-0.0536199205514713,-0.0536180543389919,3.0,-0.0536161881265124,-0.0536411281614868,-0.0536872758064767,4.0008581612009416e-05,-0.1609233844844605,2.0,2.0,2.5,3.0,3.0,2.333333333333333,2.0,0.5773502691896258,7.0,-0.238095238095238,0.5238095238095238,0.5238095238095238,3.0,0.5238095238095238,0.0158730158730158,-1.0,0.879771838765144,0.0476190476190476,165.0,165.0,165.0,2.0,165.0,165.0,165.0,0.0,330.0,0.5,1.0,1.5,3.0,2.0,1.0,0.0,1.0,3.0,2.5,6.0,6.0,3.0,6.0,3.6666666666666665,-1.0,4.041451884327381,11.0,,,,0.0,-1.0,-1.0,-1.0,3.0,-1.0,-1.0,-1.0,0.0,-3.0,,,,,,0.0,0.0,0.0,3.0,0.0,0.0,0.0,0.0,0.0,3.5,4.0,4.0,3.0,4.0,3.6666666666666665,3.0,0.5773502691896258,11.0,0.0,0.0,0.0,3.0,0.0,0.0,0.0,0.0,0.0,82.0,165.0,165.0,3.0,165.0,109.66666666666669,-1.0,95.84014468547788,329.0
218588,stu_FRMOE5782F,N,0.0,0.0,0.5,3.0,1.0,0.3333333333333333,0.0,0.5773502691896258,1.0,0.5,1.0,1.0,3.0,1.0,0.6666666666666666,0.0,0.5773502691896258,2.0,0.0,0.0,0.0,3.0,0.0,0.0,0.0,0.0,0.0,0.0,0.0,0.0,3.0,0.0,0.0,0.0,0.0,0.0,-0.15984934702646,-0.1598250219120727,-0.1598246787005822,3.0,-0.1598243354890917,-0.1598410098473373,-0.1598736721408473,2.828845801966734e-05,-0.4795230295420118,-0.2668317580608295,-0.2667636091292523,-0.2666394094711372,3.0,-0.2665152098130221,-0.266726241978227,-0.2668999069924066,0.0001950518083443,-0.8001787259346811,-0.0533207688360873,-0.0532644821516497,-0.0532236399842833,3.0,-0.053182797816917,-0.0532747784963639,-0.053377055520525,9.753729998631035e-05,-0.1598243354890917,2.0,2.0,2.5,3.0,3.0,2.333333333333333,2.0,0.5773502691896258,7.0,0.2530241935483871,0.3125,0.40625,3.0,0.5,0.3353494623655914,0.1935483870967742,0.1544982886977864,1.0060483870967742,11.0,12.0,21.5,3.0,31.0,17.666666666666668,10.0,11.590225767142472,53.0,0.0,0.0,0.0,3.0,0.0,0.0,0.0,0.0,0.0,1.5,2.0,2.5,3.0,3.0,2.0,1.0,1.0,6.0,0.811867229397242,0.8716293347219131,0.931391440046584,2.0,-0.1239474379637145,0.752105124072571,0.8716293347219131,3.0,0.991153545371255,0.2477528898146086,-1.0,1.0871759252585933,0.743258669443826,0.991153545371255,0.8716293347219131,0.752105124072571,0.1690327597322381,1.743258669443826,0.5,1.0,1.0,3.0,1.0,0.6666666666666666,0.0,0.5773502691896258,2.0,2.0,2.0,2.0,3.0,2.0,2.0,2.0,0.0,6.0,0.0,0.0,0.0,3.0,0.0,0.0,0.0,0.0,0.0,11.0,12.0,21.5,3.0,31.0,17.666666666666668,10.0,11.590225767142472,53.0
220974,stu_FRMOE5782F,N,0.0,0.0,0.0,5.0,0.0,0.0,0.0,0.0,0.0,0.0,0.0,0.0,5.0,1.0,0.2,0.0,0.447213595499958,1.0,0.0,1.0,1.0,5.0,1.0,0.6,0.0,0.5477225575051662,3.0,0.0,0.0,0.0,5.0,1.0,0.2,0.0,0.447213595499958,1.0,-0.1606855818229987,-0.1606479143619193,-0.16051341835909,5.0,-0.160359831217103,-0.1606289433467833,-0.1609379709728057,0.0002149611890382,-0.8031447167339167,-0.2679713274627923,-0.2678074868775275,-0.2676917817038016,5.0,-0.2676454481525877,-0.2678534600566764,-0.268151256086673,0.0002086250081714,-1.339267300283382,-0.0536439024543681,-0.0534903153123812,-0.0534695510172076,5.0,-0.0533999648875141,-0.0535383563407603,-0.0536880480323303,0.0001222107727568,-0.2676917817038016,3.0,3.0,3.0,5.0,3.0,2.8,2.0,0.4472135954999578,14.0,0.5223880597014925,0.5223880597014925,0.5223880597014925,5.0,0.5223880597014925,0.217910447761194,-1.0,0.680832637925309,1.08955223880597,35.0,35.0,35.0,4.0,35.0,35.0,35.0,0.0,140.0,0.0,0.0,0.0,5.0,0.0,0.0,0.0,0.0,0.0,4.0,4.0,4.0,5.0,4.0,3.0,-1.0,2.23606797749979,15.0,,,,0.0,-1.0,-1.0,-1.0,4.0,-1.0,-1.0,-1.0,0.0,-4.0,,,,,,0.0,0.0,0.0,5.0,0.0,0.0,0.0,0.0,0.0,2.0,3.0,3.0,5.0,3.0,2.6,2.0,0.5477225575051661,13.0,0.0,0.0,0.0,5.0,0.0,0.0,0.0,0.0,0.0,35.0,35.0,35.0,5.0,35.0,27.8,-1.0,16.09968943799849,139.0
223053,stu_CHXTY1449A,N,0.0,0.0,0.0,8.0,0.0,0.0,0.0,0.0,0.0,0.0,1.0,1.0,8.0,1.0,0.625,0.0,0.5175491695067657,5.0,0.0,0.0,1.0,8.0,1.0,0.375,0.0,0.5175491695067657,3.0,0.0,0.0,0.0,8.0,0.0,0.0,0.0,0.0,0.0,-0.1343424587220131,-0.1342255753085339,-0.1341359828777828,8.0,-0.1339280327865059,-0.1342172521972552,-0.1345015264958642,0.0001910460237249,-1.0737380175780422,-0.2238708557273001,-0.2236553138441455,-0.223587660995426,8.0,-0.2234763379310437,-0.2236999591523431,-0.2239170333237664,0.0001660121516371,-1.7895996732187451,-0.0448260414250101,-0.0447850411055734,-0.0447330477786319,8.0,-0.0445158227000306,-0.0447472330533634,-0.0448467505331288,0.0001172022465215,-0.3579778644269079,1.75,2.5,3.0,8.0,3.0,2.25,1.0,0.8864052604279183,18.0,0.4758842443729904,0.512429593712691,0.5539112050739958,8.0,0.5925925925925926,0.3346303348639934,-1.0,0.5411300964708539,2.6770426789119472,148.0,241.0,262.0,7.0,288.0,213.8571428571429,148.0,63.08837339116342,1497.0,0.0,0.0,0.0,8.0,0.0,0.0,0.0,0.0,0.0,1.0,2.0,3.0,8.0,3.0,1.75,-1.0,1.3887301496588271,14.0,,,,0.0,-1.0,-1.0,-1.0,4.0,-1.0,-1.0,-1.0,0.0,-4.0,,,,,,0.0,1.0,1.0,8.0,1.0,0.625,0.0,0.5175491695067657,5.0,2.75,3.0,4.0,8.0,4.0,3.0,1.0,1.0690449676496976,24.0,0.0,0.0,0.0,8.0,0.0,0.0,0.0,0.0,0.0,148.0,194.5,262.0,8.0,288.0,187.0,-1.0,95.82275303913993,1496.0
223257,stu_CHXTY1449A,N,0.0,0.0,0.0,7.0,0.0,0.0,0.0,0.0,0.0,1.0,1.0,1.0,7.0,1.0,1.0,1.0,0.0,7.0,0.0,0.0,0.0,7.0,0.0,0.0,0.0,0.0,0.0,0.0,0.0,0.0,7.0,0.0,0.0,0.0,0.0,0.0,-0.1342408517582448,-0.1340422114790257,-0.1338922329605878,7.0,-0.1336260326986049,-0.1340323875875703,-0.1342922994976965,0.0002471258467278,-0.9382267131129924,-0.2234840225888769,-0.2234005593112013,-0.223319394465929,7.0,-0.2232534132044119,-0.2234235104688217,-0.2237037666565264,0.0001534285314207,-1.563964573281752,-0.0448293845994149,-0.0446335302988666,-0.0445806895700794,7.0,-0.044214565539775,-0.0446474601922199,-0.0448639771679091,0.0002288299042,-0.3125322213455398,0.0,0.0,0.0,7.0,0.0,0.0,0.0,0.0,0.0,0.24,0.3529411764705882,0.3888888888888889,7.0,0.75,0.1943884220354808,-1.0,0.5538093233085437,1.3607189542483662,6.0,10.0,14.0,6.0,33.0,13.166666666666666,6.0,10.476958846281049,79.0,0.0,0.0,0.0,7.0,0.0,0.0,0.0,0.0,0.0,1.0,1.0,1.0,7.0,1.0,0.7142857142857143,-1.0,0.7559289460184545,5.0,0.9933365265425872,0.99845824442487,0.9992241704469468,4.0,0.979770573101562,0.997858511022929,0.999057977826811,5.0,0.999722748307354,0.5952819620517312,-1.0,0.891828364759508,2.976409810258656,0.999722748307354,0.994102452564664,0.979770573101562,0.0095856785352918,3.976409810258656,0.5,1.0,1.0,7.0,1.0,0.7142857142857143,0.0,0.4879500364742666,5.0,1.5,2.0,2.0,7.0,3.0,1.8571428571428568,1.0,0.6900655593423541,13.0,0.0,0.0,0.0,7.0,0.0,0.0,0.0,0.0,0.0,6.0,6.0,14.0,7.0,33.0,11.142857142857142,-1.0,10.960969717267588,78.0
223565,stu_CHXTY1449A,N,0.0,0.0,0.75,6.0,1.0,0.3333333333333333,0.0,0.5163977794943223,2.0,0.0,0.0,0.0,6.0,1.0,0.1666666666666666,0.0,0.408248290463863,1.0,0.0,0.0,0.75,6.0,1.0,0.3333333333333333,0.0,0.5163977794943223,2.0,0.0,0.0,0.0,6.0,1.0,0.1666666666666666,0.0,0.408248290463863,1.0,-0.1340382762841534,-0.1333149549635352,-0.132591633642917,6.0,-0.1316628928283144,-0.1331654252972164,-0.1340698391008432,0.0010248859453907,-0.7989925517832988,-0.2219417976627475,-0.2214764231423003,-0.2211412234752404,6.0,-0.2210898686017443,-0.2217887390901125,-0.2235633068985466,0.0009470232613388,-1.3307324345406752,-0.0448109739236996,-0.0446467869140412,-0.0445667364602372,6.0,-0.0430666030285238,-0.0444383183211784,-0.0448639771679091,0.0006840502800139,-0.2666299099270704,3.0,3.0,3.75,6.0,4.0,3.333333333333333,3.0,0.5163977794943222,20.0,0.375,0.375,0.3854166666666667,6.0,0.3888888888888889,0.3796296296296296,0.375,0.0071721913818655,2.2777777777777777,6.0,6.0,12.0,6.0,14.0,8.666666666666666,6.0,4.1311822359545785,52.0,0.0,0.0,0.0,6.0,0.0,0.0,0.0,0.0,0.0,2.5,4.0,4.0,6.0,4.0,3.333333333333333,2.0,1.0327955589886446,20.0,0.3905423422992292,0.4533716788053745,0.5162010153115197,2.0,-1.0,-1.0,-0.0042152456551869,6.0,0.579030351817665,-0.5155427737315418,-1.0,0.7547139661104937,-3.0932566423892505,0.579030351817665,0.4533716788053745,0.327713005793084,0.1777081996037873,0.9067433576107492,0.0,0.0,0.0,6.0,1.0,0.1666666666666666,0.0,0.408248290463863,1.0,3.25,4.0,4.0,6.0,5.0,3.6666666666666665,2.0,1.0327955589886446,22.0,0.0,0.0,0.0,6.0,0.0,0.0,0.0,0.0,0.0,6.0,6.0,12.0,6.0,14.0,8.666666666666666,6.0,4.1311822359545785,52.0
232167,stu_CHXTY1449A,N,0.0,0.0,0.0,5.0,0.0,0.0,0.0,0.0,0.0,1.0,1.0,1.0,5.0,1.0,1.0,1.0,0.0,5.0,0.0,0.0,0.0,5.0,0.0,0.0,0.0,0.0,0.0,0.0,0.0,0.0,5.0,0.0,0.0,0.0,0.0,0.0,-0.1342886777254247,-0.1342602607429838,-0.1342537136931077,5.0,-0.1337729930734829,-0.134178956598778,-0.1343191377588907,0.0002284156595829,-0.67089478299389,-0.2237964004473263,-0.2237945895611903,-0.2237866959549568,5.0,-0.2232835946400109,-0.2236952137020074,-0.2238147879065527,0.0002303321319382,-1.118476068510037,-0.0447780761588967,-0.0447580635454457,-0.0447525380210822,5.0,-0.0442119188600379,-0.0446567189280021,-0.0447829980545482,0.0002489845004393,-0.2232835946400109,0.0,0.0,0.0,5.0,0.0,0.0,0.0,0.0,0.0,0.0,0.0,0.0,5.0,0.0,-0.2,-1.0,0.447213595499958,-1.0,0.0,0.0,0.0,4.0,0.0,0.0,0.0,0.0,0.0,0.0,0.0,0.0,5.0,0.0,0.0,0.0,0.0,0.0,1.0,1.0,1.0,5.0,1.0,0.6,-1.0,0.894427190999916,3.0,0.979770573101562,0.979770573101562,0.979770573101562,1.0,-0.5050573567246095,-0.0101147134492189,0.4848279298261715,2.0,0.979770573101562,-0.0101147134492189,-1.0,1.399909197433692,-0.0202294268984379,0.979770573101562,0.979770573101562,0.979770573101562,,0.979770573101562,1.0,1.0,1.0,5.0,1.0,1.0,1.0,0.0,5.0,0.0,0.0,0.0,5.0,0.0,0.0,0.0,0.0,0.0,0.0,0.0,1.0,5.0,1.0,0.4,0.0,0.5477225575051662,2.0,0.0,0.0,0.0,5.0,0.0,-0.2,-1.0,0.447213595499958,-1.0
232195,stu_CHXTY1449A,N,0.0,0.0,0.0,2.0,0.0,0.0,0.0,0.0,0.0,1.0,1.0,1.0,2.0,1.0,1.0,1.0,0.0,2.0,0.0,0.0,0.0,2.0,0.0,0.0,0.0,0.0,0.0,0.0,0.0,0.0,2.0,0.0,0.0,0.0,0.0,0.0,-0.1341777145166206,-0.1341303180544857,-0.1340829215923509,2.0,-0.1340355251302161,-0.1341303180544857,-0.1342251109787554,0.0001340574391191,-0.2682606361089715,-0.2235000071414999,-0.223485508444168,-0.223471009746836,2.0,-0.2234565110495041,-0.223485508444168,-0.2235145058388319,4.10085088071945e-05,-0.446971016888336,-0.0447567169890882,-0.0447556954635756,-0.044754673938063,2.0,-0.0447536524125505,-0.0447556954635756,-0.0447577385146008,2.8893104684014926e-06,-0.0895113909271513,0.0,0.0,0.0,2.0,0.0,0.0,0.0,0.0,0.0,-0.675531914893617,-0.351063829787234,-0.026595744680851,2.0,0.2978723404255319,-0.351063829787234,-1.0,0.9177343330293488,-0.7021276595744681,14.0,14.0,14.0,1.0,14.0,14.0,14.0,,14.0,0.0,0.0,0.0,2.0,0.0,0.0,0.0,0.0,0.0,-0.5,0.0,0.5,2.0,1.0,0.0,-1.0,1.4142135623730951,0.0,0.844421295197374,0.844421295197374,0.844421295197374,1.0,-0.5388946762006566,-0.077789352401313,0.3833159713980305,2.0,0.844421295197374,-0.077789352401313,-1.0,1.304202805198938,-0.155578704802626,0.844421295197374,0.844421295197374,0.844421295197374,,0.844421295197374,1.0,1.0,1.0,2.0,1.0,1.0,1.0,0.0,2.0,0.0,0.0,0.0,2.0,0.0,0.0,0.0,0.0,0.0,0.0,0.0,0.0,2.0,0.0,0.0,0.0,0.0,0.0,2.75,6.5,10.25,2.0,14.0,6.5,-1.0,10.606601717798211,13.0
234727,stu_CHXTY1449A,N,0.0,0.0,0.0,7.0,0.0,0.0,0.0,0.0,0.0,1.0,1.0,1.0,7.0,1.0,1.0,1.0,0.0,7.0,0.0,0.0,0.0,7.0,0.0,0.0,0.0,0.0,0.0,0.0,0.0,0.0,7.0,0.0,0.0,0.0,0.0,0.0,-0.1343894372873474,-0.1343274492619249,-0.1339208124584511,7.0,-0.1339048627305615,-0.1341895565842916,-0.134474084605958,0.0002619446414914,-0.9393268960900416,-0.224057864545569,-0.2239097897792227,-0.2235194741674613,7.0,-0.2235090731804241,-0.2238202537313733,-0.2241682357339056,0.0002943353743702,-1.5667417761196132,-0.0448607965089268,-0.0447524915881043,-0.0447275338625129,7.0,-0.0443299050567409,-0.0447317758467031,-0.0448633735391972,0.000188383398835,-0.3131224309269221,0.0,0.0,0.0,7.0,0.0,0.0,0.0,0.0,0.0,0.0,0.0,0.0,7.0,0.3465346534653465,-0.0933521923620933,-1.0,0.4201356612890418,-0.6534653465346535,0.0,0.0,0.0,6.0,35.0,5.833333333333333,0.0,14.288690166235206,35.0,0.0,0.0,0.0,7.0,0.0,0.0,0.0,0.0,0.0,1.0,1.0,1.0,7.0,1.0,0.7142857142857143,-1.0,0.7559289460184545,5.0,0.9616660362840614,0.983323474027253,0.9880267064872552,4.0,0.902456718090267,0.981402475681993,0.985244472372513,5.0,0.996373408831482,0.573095414995251,-1.0,0.8801780805645476,2.865477074976255,0.996373408831482,0.9663692687440636,0.902456718090267,0.0430787386704608,3.865477074976255,1.0,1.0,1.0,7.0,1.0,1.0,1.0,0.0,7.0,0.0,0.0,0.0,7.0,0.0,0.0,0.0,0.0,0.0,0.5,1.0,1.0,7.0,1.0,0.7142857142857143,0.0,0.4879500364742666,5.0,0.0,0.0,0.0,7.0,35.0,4.857142857142857,-1.0,13.29697423512296,34.0
234909,stu_CHXTY1449A,N,0.0,0.0,0.0,2.0,0.0,0.0,0.0,0.0,0.0,1.0,1.0,1.0,2.0,1.0,1.0,1.0,0.0,2.0,0.0,0.0,0.0,2.0,0.0,0.0,0.0,0.0,0.0,0.0,0.0,0.0,2.0,0.0,0.0,0.0,0.0,0.0,-0.1342994966092625,-0.1342881205296905,-0.1342767444501186,2.0,-0.1342653683705467,-0.1342881205296905,-0.1343108726888344,3.217641203448656e-05,-0.2685762410593811,-0.2238770545298423,-0.2238635425332895,-0.2238500305367367,2.0,-0.223836518540184,-0.2238635425332895,-0.223890566526395,3.82176975593363e-05,-0.4477270850665791,-0.0448060288115591,-0.0447867126927758,-0.0447673965739924,2.0,-0.0447480804552091,-0.0447867126927758,-0.0448253449303425,5.4634234311615946e-05,-0.0895734253855516,0.0,0.0,0.0,2.0,0.0,0.0,0.0,0.0,0.0,-0.7435064935064934,-0.487012987012987,-0.2305194805194805,2.0,0.0259740259740259,-0.487012987012987,-1.0,0.7254731910874969,-0.974025974025974,2.0,2.0,2.0,1.0,2.0,2.0,2.0,,2.0,0.0,0.0,0.0,2.0,0.0,0.0,0.0,0.0,0.0,-0.5,0.0,0.5,2.0,1.0,0.0,-1.0,1.4142135623730951,0.0,0.999986885385676,0.999986885385676,0.999986885385676,1.0,-0.500003278653581,-6.557307162036175e-06,0.499990164039257,2.0,0.999986885385676,-6.557307161980663e-06,-1.0,1.414204288940374,-1.3114614323961328e-05,0.999986885385676,0.999986885385676,0.999986885385676,,0.999986885385676,1.0,1.0,1.0,2.0,1.0,1.0,1.0,0.0,2.0,0.0,0.0,0.0,2.0,0.0,0.0,0.0,0.0,0.0,0.0,0.0,0.0,2.0,0.0,0.0,0.0,0.0,0.0,-0.25,0.5,1.25,2.0,2.0,0.5,-1.0,2.1213203435596424,1.0
236447,stu_CHXTY1449A,N,0.0,0.0,0.0,4.0,0.0,0.0,0.0,0.0,0.0,1.0,1.0,1.0,4.0,1.0,1.0,1.0,0.0,4.0,0.0,0.0,0.0,4.0,0.0,0.0,0.0,0.0,0.0,0.0,0.0,0.0,4.0,0.0,0.0,0.0,0.0,0.0,-0.1342406544180889,-0.1340187628252142,-0.1338641990502141,4.0,-0.1338640945760139,-0.1340860906430888,-0.1344427423459129,0.0002788710299192,-0.5363443625723554,-0.2235962394880828,-0.2234943539264474,-0.2234436258981522,4.0,-0.2234429990529513,-0.2235455114597876,-0.2237503389333044,0.0001446854389868,-0.8941820458391506,-0.044863872693709,-0.0447287643364258,-0.0445469095786975,4.0,-0.0444065659031623,-0.0446820179359807,-0.0448639771679091,0.0002234898616402,-0.1787280717439231,0.0,0.0,0.25,4.0,1.0,0.25,0.0,0.5,1.0,-0.25,0.0,0.0,4.0,0.0,-0.25,-1.0,0.5,-1.0,0.0,0.0,0.0,3.0,0.0,0.0,0.0,0.0,0.0,0.0,0.0,0.0,4.0,0.0,0.0,0.0,0.0,0.0,0.5,1.0,1.0,4.0,1.0,0.5,-1.0,1.0,2.0,0.8592170067036675,0.918434013407335,0.9371432839185844,3.0,0.35,0.8592170067036675,0.9277886486629596,4.0,0.955852554429834,0.4185716419592922,-1.0,0.948044700947438,1.674286567837169,0.955852554429834,0.891428855945723,0.8,0.0813600859004028,2.674286567837169,0.0,0.5,1.0,4.0,1.0,0.5,0.0,0.5773502691896257,2.0,0.0,0.0,0.25,4.0,1.0,0.25,0.0,0.5,1.0,0.0,0.5,1.0,4.0,1.0,0.5,0.0,0.5773502691896257,2.0,-0.25,0.0,0.0,4.0,0.0,-0.25,-1.0,0.5,-1.0
243706,stu_CHXTY1449A,N,0.0,0.0,0.0,3.0,0.0,0.0,0.0,0.0,0.0,1.0,1.0,1.0,3.0,1.0,1.0,1.0,0.0,3.0,0.0,0.0,0.0,3.0,0.0,0.0,0.0,0.0,0.0,0.0,0.0,0.0,3.0,0.0,0.0,0.0,0.0,0.0,-0.1345891687415458,-0.1345890062261233,-0.1343489709471558,3.0,-0.1341089356681883,-0.1344290910504266,-0.1345893312569682,0.0002772627418052,-0.40328727315128,-0.2243125494290465,-0.2243121779652237,-0.2240733267271913,3.0,-0.2238344754891588,-0.2241531914490839,-0.2243129208928692,0.0002760163678454,-0.6724595743472518,-0.0448627699104852,-0.0448620734158175,-0.0446227346315177,3.0,-0.0443833958472179,-0.0447029785560627,-0.0448634664051529,0.0002767676208469,-0.1341089356681883,0.0,0.0,0.0,3.0,0.0,0.0,0.0,0.0,0.0,-0.5,0.0,0.0,3.0,0.0,-0.3333333333333333,-1.0,0.5773502691896258,-1.0,0.0,0.0,0.0,2.0,0.0,0.0,0.0,0.0,0.0,0.0,0.0,0.0,3.0,0.0,0.0,0.0,0.0,0.0,0.0,1.0,1.0,3.0,1.0,0.3333333333333333,-1.0,1.1547005383792517,1.0,,,,0.0,-1.0,-1.0,-1.0,1.0,-1.0,-1.0,-1.0,,-1.0,,,,,,1.0,1.0,1.0,3.0,1.0,1.0,1.0,0.0,3.0,0.0,0.0,0.0,3.0,0.0,0.0,0.0,0.0,0.0,0.0,0.0,0.0,3.0,0.0,0.0,0.0,0.0,0.0,-0.5,0.0,0.0,3.0,0.0,-0.3333333333333333,-1.0,0.5773502691896258,-1.0
244112,stu_CHXTY1449A,N,0.0,0.0,0.0,4.0,0.0,0.0,0.0,0.0,0.0,0.75,1.0,1.0,4.0,1.0,0.75,0.0,0.5,3.0,0.0,0.0,0.25,4.0,1.0,0.25,0.0,0.5,1.0,0.0,0.0,0.0,4.0,0.0,0.0,0.0,0.0,0.0,-0.1336991414222211,-0.1312302767737365,-0.1288574819564124,4.0,-0.1287388689145085,-0.131326346604897,-0.1341059639576063,0.0029056238562762,-0.525305386419588,-0.2182480194504788,-0.2171198025630559,-0.2156664619647654,4.0,-0.2146196653039931,-0.2167946788521883,-0.2183194449786482,0.0017987442157338,-0.8671787154087532,-0.0447845303428171,-0.0446520802735155,-0.044453126571696,4.0,-0.0442363426063841,-0.0445855766409976,-0.0448018034105753,0.0002643645282657,-0.1783423065639904,0.0,0.5,1.0,4.0,1.0,0.5,0.0,0.5773502691896257,2.0,0.0800865800865801,0.2377622377622377,0.3846153846153846,4.0,0.3846153846153846,0.2269397269397269,0.0476190476190476,0.1829239058714776,0.907758907758908,3.5,14.5,25.0,4.0,25.0,14.0,2.0,12.727922061357855,56.0,0.0,0.0,0.0,4.0,0.0,0.0,0.0,0.0,0.0,1.0,1.5,2.0,4.0,2.0,1.5,1.0,0.5773502691896257,6.0,0.8954124534313095,0.999999999997265,0.9999999999983435,3.0,0.3431186801490155,0.8954124534313095,0.9999999999978042,4.0,0.999999999999422,0.4477062267155103,-1.0,0.9701615967718316,1.7908249068620412,0.999999999999422,0.9302749689540136,0.790824906865354,0.1207672963280965,2.790824906862041,0.75,1.0,1.0,4.0,1.0,0.75,0.0,0.5,3.0,0.0,0.0,0.25,4.0,1.0,0.25,0.0,0.5,1.0,0.0,0.0,0.0,4.0,0.0,0.0,0.0,0.0,0.0,3.5,14.5,25.0,4.0,25.0,14.0,2.0,12.727922061357855,56.0
246862,stu_MSGKT0110W,N,0.0,0.0,0.0,4.0,0.0,0.0,0.0,0.0,0.0,0.0,0.0,0.25,4.0,1.0,0.25,0.0,0.5,1.0,0.0,0.0,0.25,4.0,1.0,0.25,0.0,0.5,1.0,0.0,0.0,0.25,4.0,1.0,0.25,0.0,0.5,1.0,-0.1326741451591529,-0.1326353232114079,-0.1326308904903242,4.0,-0.1326301777250658,-0.1326697124380693,-0.1327780256043954,7.233065654510564e-05,-0.5306788497522772,-0.2212802885867519,-0.2212078920012123,-0.2212039480334487,4.0,-0.2212039276687271,-0.2212763446189883,-0.2214856668048014,0.000139597656003,-0.8851053784759532,-0.0442519834153681,-0.0442089459702372,-0.0441679110560706,4.0,-0.0440588172420804,-0.0442109485012015,-0.0443670848222512,0.0001259287028373,-0.1768437940048062,1.75,2.0,2.0,4.0,2.0,1.75,1.0,0.5,7.0,0.8492462311557789,0.8492462311557789,0.8492462311557789,4.0,0.8492462311557789,0.8492462311557789,0.8492462311557789,0.0,3.396984924623116,169.0,169.0,169.0,4.0,169.0,169.0,169.0,0.0,676.0,1.0,1.0,1.0,4.0,1.0,1.0,1.0,0.0,4.0,13.0,13.0,13.0,4.0,13.0,13.0,13.0,0.0,52.0,,,,0.0,-1.0,-1.0,-1.0,4.0,-1.0,-1.0,-1.0,0.0,-4.0,,,,,,0.0,0.0,0.0,4.0,0.0,0.0,0.0,0.0,0.0,5.0,5.0,5.0,4.0,5.0,5.0,5.0,0.0,20.0,0.0,0.0,0.0,4.0,0.0,0.0,0.0,0.0,0.0,169.0,169.0,169.0,4.0,169.0,169.0,169.0,0.0,676.0
248106,stu_MSGKT0110W,G,0.0,0.0,0.0,7.0,0.0,0.0,0.0,0.0,0.0,0.0,0.0,0.0,7.0,1.0,0.1428571428571428,0.0,0.3779644730092272,1.0,0.0,0.0,0.0,7.0,0.0,0.0,0.0,0.0,0.0,0.0,1.0,1.0,7.0,1.0,0.5714285714285714,0.0,0.5345224838248488,4.0,-0.1329987791873063,-0.1329534337403861,-0.1328377756977774,7.0,-0.1328174245525877,-0.1329354972693375,-0.1331045128222209,0.0001106958045376,-0.9305484808853626,-0.2216018679066547,-0.2215738867790791,-0.2214863999347815,7.0,-0.2213168025327075,-0.2215367143737894,-0.2216897756218667,0.000127354453966,-1.550757000616526,-0.0443681709407403,-0.0443047687739387,-0.0442563278893245,7.0,-0.0442201058377128,-0.0443060061732173,-0.0443681709407403,6.464987991315037e-05,-0.3101420432125215,0.0,0.0,0.0,7.0,0.0,0.0,0.0,0.0,0.0,0.75,0.75,0.75,7.0,0.75,0.75,0.75,0.0,5.25,6.0,6.0,6.0,7.0,6.0,6.0,6.0,0.0,42.0,1.0,1.0,1.5,7.0,2.0,1.2857142857142858,1.0,0.4879500364742666,9.0,1.0,1.0,1.0,7.0,1.0,1.0,1.0,0.0,7.0,0.9287577156562,0.9287577156562,0.9287577156562,5.0,-1.0,-1.0,-1.0,6.0,-1.0,-1.0,-1.0,0.0,-6.0,0.9287577156562,0.9158356184383054,0.864147229566727,0.0288946877910732,4.579178092191527,0.0,0.0,0.0,7.0,1.0,0.1428571428571428,0.0,0.3779644730092273,1.0,2.0,3.0,4.5,7.0,5.0,3.2857142857142856,2.0,1.3801311186847085,23.0,0.0,0.0,0.0,7.0,1.0,0.1428571428571428,0.0,0.3779644730092273,1.0,6.0,6.0,6.0,7.0,6.0,6.0,6.0,0.0,42.0
248908,stu_MSGKT0110W,N,0.0,0.0,0.0,5.0,0.0,0.0,0.0,0.0,0.0,0.0,0.0,1.0,5.0,1.0,0.4,0.0,0.5477225575051662,2.0,0.0,0.0,0.0,5.0,1.0,0.2,0.0,0.447213595499958,1.0,0.0,0.0,0.0,5.0,0.0,0.0,0.0,0.0,0.0,-0.1328971999556126,-0.1328949462597477,-0.132863964729846,5.0,-0.1328174788585122,-0.1328767917892023,-0.1329103691422931,3.726953815240895e-05,-0.6643839589460119,-0.2215299804391569,-0.2214990803681419,-0.2214900112787578,5.0,-0.2213948672991121,-0.2215054776060427,-0.2216134486450448,7.869705525866343e-05,-1.1075273880302137,-0.0443198115150128,-0.044315304123283,-0.0442843225933812,5.0,-0.0442133447501181,-0.0442998160736283,-0.0443662973863466,5.6517254044188925e-05,-0.2214990803681418,1.0,1.0,2.0,5.0,2.0,1.2,0.0,0.8366600265340756,6.0,0.0,0.5429184549356223,0.5429184549356223,5.0,0.5429184549356223,0.1257510729613734,-1.0,0.671791389564939,0.6287553648068669,189.75,253.0,253.0,4.0,253.0,189.75,0.0,126.5,759.0,2.0,2.0,2.0,5.0,2.0,1.8,1.0,0.447213595499958,9.0,1.0,2.0,2.0,5.0,2.0,1.2,-1.0,1.3038404810405295,6.0,0.999996612070844,0.999996612070844,0.999996612070844,1.0,-1.0,-1.0,-1.0,5.0,0.999996612070844,-0.6000006775858312,-1.0,0.8944256758719367,-3.000003387929156,0.999996612070844,0.999996612070844,0.999996612070844,,0.999996612070844,0.0,0.0,0.0,5.0,1.0,0.2,0.0,0.447213595499958,1.0,3.0,3.0,4.0,5.0,4.0,3.2,2.0,0.8366600265340756,16.0,0.0,0.0,0.0,5.0,1.0,0.2,0.0,0.447213595499958,1.0,0.0,253.0,253.0,5.0,253.0,151.6,-1.0,138.84811846042422,758.0
254275,stu_MSGKT0110W,N,0.0,0.0,0.0,8.0,0.0,0.0,0.0,0.0,0.0,1.0,1.0,1.0,8.0,1.0,0.875,0.0,0.3535533905932738,7.0,0.0,0.0,0.0,8.0,1.0,0.125,0.0,0.3535533905932738,1.0,0.0,0.0,0.0,8.0,0.0,0.0,0.0,0.0,0.0,-0.1331037185980757,-0.133103100868185,-0.1330661388983526,8.0,-0.1328834334037632,-0.1330574499504398,-0.1331040783748252,8.7376524071121e-05,-1.0644595996035184,-0.2218392323142084,-0.2218390218787511,-0.2218016865556881,8.0,-0.221618363331208,-0.2217930077901361,-0.2218400129618724,8.770848421860985e-05,-1.7743440623210889,-0.0443680283876886,-0.0443679537170424,-0.0443492521143081,8.0,-0.0442191011781104,-0.0443403052132541,-0.0443681709407403,5.502832970237464e-05,-0.3547224417060333,0.0,0.0,0.25,8.0,1.0,0.25,0.0,0.4629100498862757,2.0,0.0,0.0,0.0,8.0,0.0,-0.125,-1.0,0.3535533905932738,-1.0,0.0,0.0,0.0,7.0,0.0,0.0,0.0,0.0,0.0,0.0,0.0,0.0,8.0,0.0,0.0,0.0,0.0,0.0,1.0,1.0,1.0,8.0,1.0,0.75,-1.0,0.7071067811865476,6.0,1.0,1.0,1.0,6.0,0.9999999736947724,1.0,1.0,7.0,1.0,0.7142857067699351,-1.0,0.7559289427043075,4.999999947389545,1.0,0.9999999912315908,0.999999947389545,2.1478128311212753e-08,5.999999947389545,0.75,1.0,1.0,8.0,1.0,0.75,0.0,0.4629100498862757,6.0,1.0,1.0,2.0,8.0,2.0,1.375,1.0,0.5175491695067657,11.0,0.0,0.5,1.0,8.0,1.0,0.5,0.0,0.5345224838248488,4.0,0.0,0.0,0.0,8.0,0.0,-0.125,-1.0,0.3535533905932738,-1.0
256369,stu_MSGKT0110W,N,0.0,0.0,0.0,8.0,0.0,0.0,0.0,0.0,0.0,1.0,1.0,1.0,8.0,1.0,1.0,1.0,0.0,8.0,0.0,0.0,0.0,8.0,0.0,0.0,0.0,0.0,0.0,0.0,0.0,0.0,8.0,0.0,0.0,0.0,0.0,0.0,-0.1329902395806858,-0.1329189223253948,-0.1329121612378001,8.0,-0.1328934799997874,-0.1329486853661166,-0.1330601720349031,5.988700765631972e-05,-1.063589482928933,-0.2215963354905999,-0.2215890652849634,-0.2215852095643271,8.0,-0.2215810551611063,-0.2215926562642181,-0.2216121996087814,1.2220072062906235e-05,-1.7727412501137447,-0.0443663381157899,-0.0443155349234619,-0.0442871668661746,8.0,-0.0442256450420072,-0.0443130911568614,-0.0443677636463068,5.4976408519020055e-05,-0.3545047292548918,0.0,0.0,0.0,8.0,0.0,0.0,0.0,0.0,0.0,-0.25,0.0,0.0,8.0,0.0,-0.25,-1.0,0.4629100498862757,-2.0,0.0,0.0,0.0,6.0,0.0,0.0,0.0,0.0,0.0,0.0,0.0,0.0,8.0,0.0,0.0,0.0,0.0,0.0,0.5,1.0,1.0,8.0,1.0,0.5,-1.0,0.9258200997725514,4.0,0.9918106772389356,0.998376882105358,0.9990438918689484,3.0,-1.0,0.985244472372513,0.998376882105358,5.0,0.999710901632539,0.1966664512220819,-1.0,1.0924166433559717,0.98333225611041,0.999710901632539,0.9944440853701368,0.985244472372513,0.007994971013347,2.98333225611041,1.0,1.0,1.0,8.0,1.0,1.0,1.0,0.0,8.0,0.0,0.0,0.0,8.0,0.0,0.0,0.0,0.0,0.0,0.75,1.0,1.0,8.0,1.0,0.75,0.0,0.4629100498862757,6.0,-0.25,0.0,0.0,8.0,0.0,-0.25,-1.0,0.4629100498862757,-2.0
257660,stu_MSGKT0110W,?,0.0,0.0,0.0,1.0,0.0,0.0,0.0,,0.0,0.0,0.0,0.0,1.0,0.0,0.0,0.0,,0.0,1.0,1.0,1.0,1.0,1.0,1.0,1.0,,1.0,0.0,0.0,0.0,1.0,0.0,0.0,0.0,,0.0,-0.1307876863201451,-0.1307876863201451,-0.1307876863201451,1.0,-0.1307876863201451,-0.1307876863201451,-0.1307876863201451,,-0.1307876863201451,-0.219452860287627,-0.219452860287627,-0.219452860287627,1.0,-0.219452860287627,-0.219452860287627,-0.219452860287627,,-0.219452860287627,-0.0435394082276274,-0.0435394082276274,-0.0435394082276274,1.0,-0.0435394082276274,-0.0435394082276274,-0.0435394082276274,,-0.0435394082276274,2.0,2.0,2.0,1.0,2.0,2.0,2.0,,2.0,0.631578947368421,0.631578947368421,0.631578947368421,1.0,0.631578947368421,0.631578947368421,0.631578947368421,,0.631578947368421,24.0,24.0,24.0,1.0,24.0,24.0,24.0,,24.0,0.0,0.0,0.0,1.0,0.0,0.0,0.0,,0.0,3.0,3.0,3.0,1.0,3.0,3.0,3.0,,3.0,,,,0.0,-1.0,-1.0,-1.0,1.0,-1.0,-1.0,-1.0,,-1.0,,,,,,0.0,0.0,0.0,1.0,0.0,0.0,0.0,,0.0,2.0,2.0,2.0,1.0,2.0,2.0,2.0,,2.0,0.0,0.0,0.0,1.0,0.0,0.0,0.0,,0.0,24.0,24.0,24.0,1.0,24.0,24.0,24.0,,24.0
260434,stu_SHODC7630H,N,0.0,0.0,0.0,1.0,0.0,0.0,0.0,,0.0,1.0,1.0,1.0,1.0,1.0,1.0,1.0,,1.0,0.0,0.0,0.0,1.0,0.0,0.0,0.0,,0.0,0.0,0.0,0.0,1.0,0.0,0.0,0.0,,0.0,-0.146949736180575,-0.146949736180575,-0.146949736180575,1.0,-0.146949736180575,-0.146949736180575,-0.146949736180575,,-0.146949736180575,-0.2446462575081148,-0.2446462575081148,-0.2446462575081148,1.0,-0.2446462575081148,-0.2446462575081148,-0.2446462575081148,,-0.2446462575081148,-0.049010333762722,-0.049010333762722,-0.049010333762722,1.0,-0.049010333762722,-0.049010333762722,-0.049010333762722,,-0.049010333762722,0.0,0.0,0.0,1.0,0.0,0.0,0.0,,0.0,0.3870967741935484,0.3870967741935484,0.3870967741935484,1.0,0.3870967741935484,0.3870967741935484,0.3870967741935484,,0.3870967741935484,12.0,12.0,12.0,1.0,12.0,12.0,12.0,,12.0,0.0,0.0,0.0,1.0,0.0,0.0,0.0,,0.0,1.0,1.0,1.0,1.0,1.0,1.0,1.0,,1.0,0.999985607085364,0.999985607085364,0.999985607085364,1.0,0.999985607085364,0.999985607085364,0.999985607085364,1.0,0.999985607085364,0.999985607085364,0.999985607085364,,0.999985607085364,0.999985607085364,0.999985607085364,0.999985607085364,,0.999985607085364,1.0,1.0,1.0,1.0,1.0,1.0,1.0,,1.0,0.0,0.0,0.0,1.0,0.0,0.0,0.0,,0.0,0.0,0.0,0.0,1.0,0.0,0.0,0.0,,0.0,12.0,12.0,12.0,1.0,12.0,12.0,12.0,,12.0
264931,stu_SHODC7630H,N,0.0,0.0,0.0,6.0,0.0,0.0,0.0,0.0,0.0,0.0,0.5,1.0,6.0,1.0,0.5,0.0,0.5477225575051661,3.0,0.0,0.0,0.75,6.0,1.0,0.3333333333333333,0.0,0.5163977794943223,2.0,0.0,0.0,0.0,6.0,1.0,0.1666666666666666,0.0,0.408248290463863,1.0,-0.1469417810884022,-0.146861855585319,-0.1467898724767355,6.0,-0.1467602361078108,-0.1468718528865758,-0.1470128690110349,0.000104594659287,-0.8812311173194549,-0.2449394531279327,-0.2448556548345658,-0.2447600857982713,6.0,-0.2447459850323369,-0.2448647040429007,-0.2450353142107076,0.0001196659552119,-1.469188224257404,-0.0490453095031689,-0.048992874462263,-0.0489506864435174,6.0,-0.0487594023476881,-0.0489670643254874,-0.0490578230599706,0.000111343474877,-0.2938023859529247,2.0,2.5,3.0,6.0,3.0,2.333333333333333,1.0,0.816496580927726,14.0,0.0,0.4047619047619047,0.8095238095238095,6.0,0.8095238095238095,0.4047619047619048,0.0,0.4433944513137059,2.428571428571429,0.0,17.0,34.0,6.0,34.0,17.0,0.0,18.62256695517565,102.0,1.0,1.0,1.0,6.0,1.0,1.0,1.0,0.0,6.0,1.0,4.5,8.0,6.0,8.0,4.5,1.0,3.8340579025361623,27.0,,,,0.0,-1.0,-1.0,-1.0,3.0,-1.0,-1.0,-1.0,0.0,-3.0,,,,,,0.0,0.5,1.0,6.0,1.0,0.5,0.0,0.5477225575051661,3.0,3.25,4.5,5.0,6.0,5.0,4.0,2.0,1.2649110640673518,24.0,0.0,0.5,1.0,6.0,1.0,0.5,0.0,0.5477225575051661,3.0,0.0,17.0,34.0,6.0,34.0,17.0,0.0,18.62256695517565,102.0
265224,stu_SHODC7630H,N,0.0,0.0,0.0,8.0,0.0,0.0,0.0,0.0,0.0,1.0,1.0,1.0,8.0,1.0,0.875,0.0,0.3535533905932738,7.0,0.0,0.0,0.0,8.0,0.0,0.0,0.0,0.0,0.0,0.0,0.0,0.0,8.0,1.0,0.125,0.0,0.3535533905932738,1.0,-0.1471301828124466,-0.1469925781294832,-0.1468098776606433,8.0,-0.1467537856898958,-0.146977306003209,-0.1471717930870679,0.0001698478507851,-1.175818448025672,-0.2449848727044725,-0.244924209571423,-0.2448689873912802,8.0,-0.2447285892202434,-0.2449259586758872,-0.2450682265792823,0.0001113120373761,-1.9594076694070977,-0.0490574421297788,-0.0490570992926061,-0.0490431953406042,8.0,-0.048695177517345,-0.049005092798166,-0.0490577722692784,0.0001267391212601,-0.3920407423853287,0.0,0.5,2.25,8.0,4.0,1.25,0.0,1.5811388300841898,10.0,0.0,0.0,0.5801820728291317,8.0,0.8333333333333334,0.2703081232492997,0.0,0.3873302412266055,2.162464985994398,0.0,0.0,5.0,8.0,118.0,16.0,0.0,41.276074010427465,128.0,0.0,0.0,0.0,8.0,0.0,0.0,0.0,0.0,0.0,1.0,1.0,1.75,8.0,4.0,1.75,1.0,1.3887301496588271,14.0,1.0,1.0,1.0,3.0,-1.0,1.0,1.0,5.0,1.0,0.2,-1.0,1.0954451150103324,1.0,1.0,1.0,1.0,0.0,3.0,0.0,1.0,1.0,8.0,1.0,0.625,0.0,0.5175491695067657,5.0,0.75,2.5,4.0,8.0,5.0,2.375,0.0,1.9226098333849675,19.0,0.0,1.0,1.0,8.0,1.0,0.625,0.0,0.5175491695067657,5.0,0.0,0.0,5.0,8.0,118.0,16.0,0.0,41.276074010427465,128.0
269292,stu_SHODC7630H,N,0.0,0.0,0.0,8.0,0.0,0.0,0.0,0.0,0.0,1.0,1.0,1.0,8.0,1.0,1.0,1.0,0.0,8.0,0.0,0.0,0.0,8.0,0.0,0.0,0.0,0.0,0.0,0.0,0.0,0.0,8.0,0.0,0.0,0.0,0.0,0.0,-0.1470558633320199,-0.1470040187329113,-0.1469560024822307,8.0,-0.1468633920037594,-0.1469957366756572,-0.147114272628101,8.826899082474564e-05,-1.1759658934052577,-0.2450602270452535,-0.2449646516601225,-0.2449253142689791,8.0,-0.2448764917160591,-0.2449919929246413,-0.2451225218292914,9.449241003280292e-05,-1.959935943397131,-0.049022574319553,-0.0490043912517294,-0.0489795419055488,8.0,-0.0489325732128957,-0.0489995407406201,-0.049056654874049,4.64098007390296e-05,-0.391996325924961,0.0,0.0,0.0,8.0,0.0,0.0,0.0,0.0,0.0,-0.25,0.0,0.0,8.0,0.0,-0.25,-1.0,0.4629100498862757,-2.0,0.0,0.0,0.0,6.0,0.0,0.0,0.0,0.0,0.0,0.0,0.0,0.0,8.0,0.0,0.0,0.0,0.0,0.0,0.5,1.0,1.0,8.0,1.0,0.5,-1.0,0.9258200997725514,4.0,0.927525590181558,0.985244472372513,0.992477687002526,3.0,-1.0,0.869806707990603,0.985244472372513,5.0,0.999710901632539,0.170952416399131,-1.0,1.0701131509197377,0.854762081995655,0.999710901632539,0.9515873606652182,0.869806707990603,0.0711925259967532,2.8547620819956547,1.0,1.0,1.0,8.0,1.0,1.0,1.0,0.0,8.0,0.0,0.0,0.0,8.0,1.0,0.125,0.0,0.3535533905932738,1.0,0.75,1.0,1.0,8.0,1.0,0.75,0.0,0.4629100498862757,6.0,-0.25,0.0,0.0,8.0,0.0,-0.25,-1.0,0.4629100498862757,-2.0
269898,stu_SHODC7630H,N,0.0,0.0,0.0,8.0,0.0,0.0,0.0,0.0,0.0,0.0,0.0,0.0,8.0,1.0,0.125,0.0,0.3535533905932738,1.0,0.0,0.5,1.0,8.0,1.0,0.5,0.0,0.5345224838248488,4.0,0.0,0.0,1.0,8.0,1.0,0.375,0.0,0.5175491695067657,3.0,-0.1471206151157951,-0.1471099173262411,-0.1471079745822627,8.0,-0.1471069587684178,-0.1471173200696357,-0.1471431725319881,1.4639096239398334e-05,-1.176938560557086,-0.245203780588046,-0.2451952287052394,-0.2451913813103018,8.0,-0.2451883973571325,-0.2452013045417991,-0.2452278363296603,1.5884933274069468e-05,-1.9616104363343931,-0.0490561914089823,-0.0490286438072762,-0.0490259899936064,8.0,-0.0490231584125138,-0.0490377861318802,-0.0490577214785861,1.600601715620228e-05,-0.3923022890550417,2.0,2.0,2.25,8.0,3.0,2.25,2.0,0.4629100498862757,18.0,0.6,0.6,0.8,8.0,0.8,0.675,0.6,0.1035098339013531,5.4,20.0,27.0,27.0,8.0,27.0,24.375,20.0,3.62284418654736,195.0,0.0,0.0,0.0,8.0,0.0,0.0,0.0,0.0,0.0,5.0,5.0,5.0,8.0,5.0,5.0,5.0,0.0,40.0,,,,0.0,-1.0,-1.0,-1.0,8.0,-1.0,-1.0,-1.0,0.0,-8.0,,,,,,0.0,0.0,0.0,8.0,0.0,0.0,0.0,0.0,0.0,3.0,4.0,4.0,8.0,4.0,3.625,3.0,0.5175491695067657,29.0,0.0,0.0,0.0,8.0,0.0,0.0,0.0,0.0,0.0,20.0,27.0,27.0,8.0,27.0,24.375,20.0,3.62284418654736,195.0
271583,stu_SHODC7630H,N,0.0,0.0,0.0,6.0,0.0,0.0,0.0,0.0,0.0,1.0,1.0,1.0,6.0,1.0,1.0,1.0,0.0,6.0,0.0,0.0,0.0,6.0,0.0,0.0,0.0,0.0,0.0,0.0,0.0,0.0,6.0,0.0,0.0,0.0,0.0,0.0,-0.1467964625690542,-0.1467582806661594,-0.1466539883284719,6.0,-0.1465195136219181,-0.1467488251322866,-0.147028461753554,0.0001731604446957,-0.8804929507937196,-0.244666757901272,-0.2443539316789017,-0.2443102897765906,6.0,-0.2439863594391283,-0.244430109252153,-0.2448196569314375,0.000311450460825,-1.4665806555129184,-0.0490108607161541,-0.0489927982762246,-0.0489589081868245,6.0,-0.0487890387166128,-0.0489617313028017,-0.0490312595279268,8.898380186208045e-05,-0.2937703878168107,0.0,0.0,0.0,6.0,1.0,0.1666666666666666,0.0,0.408248290463863,1.0,0.1017857142857142,0.1747835497835498,0.2706060606060606,6.0,0.4,0.1970331130857446,0.0526315789473684,0.1330315017885888,1.182198678514468,2.25,5.0,7.75,6.0,12.0,5.5,1.0,4.230839160261236,33.0,0.0,0.0,0.0,6.0,0.0,0.0,0.0,0.0,0.0,1.0,1.0,1.0,6.0,1.0,1.0,1.0,0.0,6.0,1.0,1.0,1.0,6.0,1.0,1.0,1.0,6.0,1.0,0.9999968178654768,0.99998090719286,7.794605875046667e-06,5.99998090719286,1.0,0.9999968178654768,0.99998090719286,7.794605875046667e-06,5.99998090719286,1.0,1.0,1.0,6.0,1.0,1.0,1.0,0.0,6.0,0.0,0.0,0.75,6.0,1.0,0.3333333333333333,0.0,0.5163977794943223,2.0,0.0,0.0,0.0,6.0,0.0,0.0,0.0,0.0,0.0,2.25,5.0,7.75,6.0,12.0,5.5,1.0,4.230839160261236,33.0
272115,stu_GUQPI7762P,N,0.0,0.0,0.0,1.0,0.0,0.0,0.0,,0.0,1.0,1.0,1.0,1.0,1.0,1.0,1.0,,1.0,0.0,0.0,0.0,1.0,0.0,0.0,0.0,,0.0,0.0,0.0,0.0,1.0,0.0,0.0,0.0,,0.0,-0.1421645471123516,-0.1421645471123516,-0.1421645471123516,1.0,-0.1421645471123516,-0.1421645471123516,-0.1421645471123516,,-0.1421645471123516,-0.2372127331667452,-0.2372127331667452,-0.2372127331667452,1.0,-0.2372127331667452,-0.2372127331667452,-0.2372127331667452,,-0.2372127331667452,-0.0480945044281355,-0.0480945044281355,-0.0480945044281355,1.0,-0.0480945044281355,-0.0480945044281355,-0.0480945044281355,,-0.0480945044281355,2.0,2.0,2.0,1.0,2.0,2.0,2.0,,2.0,0.5266457680250783,0.5266457680250783,0.5266457680250783,1.0,0.5266457680250783,0.5266457680250783,0.5266457680250783,,0.5266457680250783,168.0,168.0,168.0,1.0,168.0,168.0,168.0,,168.0,0.0,0.0,0.0,1.0,0.0,0.0,0.0,,0.0,2.0,2.0,2.0,1.0,2.0,2.0,2.0,,2.0,,,,0.0,-1.0,-1.0,-1.0,1.0,-1.0,-1.0,-1.0,,-1.0,,,,,,0.0,0.0,0.0,1.0,0.0,0.0,0.0,,0.0,2.0,2.0,2.0,1.0,2.0,2.0,2.0,,2.0,0.0,0.0,0.0,1.0,0.0,0.0,0.0,,0.0,168.0,168.0,168.0,1.0,168.0,168.0,168.0,,168.0
272478,stu_GUQPI7762P,?,0.0,0.0,0.0,2.0,0.0,0.0,0.0,0.0,0.0,0.0,0.0,0.0,2.0,0.0,0.0,0.0,0.0,0.0,0.25,0.5,0.75,2.0,1.0,0.5,0.0,0.7071067811865476,1.0,0.25,0.5,0.75,2.0,1.0,0.5,0.0,0.7071067811865476,1.0,-0.1448121220730097,-0.1447540038225813,-0.144695885572153,2.0,-0.1446377673217246,-0.1447540038225813,-0.1448702403234381,0.0001643832359543,-0.2895080076451627,-0.2412897448294249,-0.2412420995890754,-0.241194454348726,2.0,-0.2411468091083765,-0.2412420995890754,-0.2413373900697744,0.0001347610901694,-0.4824841991781509,-0.0484358609634777,-0.0484147360873603,-0.0483936112112429,2.0,-0.0483724863351255,-0.0484147360873603,-0.0484569858395951,5.9750172617371727e-05,-0.0968294721747206,3.0,3.0,3.0,2.0,3.0,3.0,3.0,0.0,6.0,0.55,0.55,0.55,2.0,0.55,0.55,0.55,0.0,1.1,11.0,11.0,11.0,2.0,11.0,11.0,11.0,0.0,22.0,0.0,0.0,0.0,2.0,0.0,0.0,0.0,0.0,0.0,6.0,6.0,6.0,2.0,6.0,6.0,6.0,0.0,12.0,,,,0.0,-1.0,-1.0,-1.0,2.0,-1.0,-1.0,-1.0,0.0,-2.0,,,,,,0.0,0.0,0.0,2.0,0.0,0.0,0.0,0.0,0.0,3.0,3.0,3.0,2.0,3.0,3.0,3.0,0.0,6.0,0.0,0.0,0.0,2.0,0.0,0.0,0.0,0.0,0.0,11.0,11.0,11.0,2.0,11.0,11.0,11.0,0.0,22.0
273915,stu_GUQPI7762P,N,0.0,0.0,0.0,6.0,1.0,0.1666666666666666,0.0,0.408248290463863,1.0,1.0,1.0,1.0,6.0,1.0,0.8333333333333334,0.0,0.408248290463863,5.0,0.0,0.0,0.0,6.0,0.0,0.0,0.0,0.0,0.0,0.0,0.0,0.0,6.0,0.0,0.0,0.0,0.0,0.0,-0.1450421010277309,-0.144951281946022,-0.1449138811775809,6.0,-0.1448714724422709,-0.1449781964557947,-0.1451213540907189,9.660247304551387e-05,-0.8698691787347685,-0.2416271168514448,-0.2416185118924995,-0.2415369038927101,6.0,-0.2413667621929178,-0.2415691873934182,-0.2416716519853856,0.0001125481125308,-1.4494151243605091,-0.0483675379869098,-0.0483277524723406,-0.0482758345618451,6.0,-0.0482159674975895,-0.0483227312568822,-0.0484255866822428,7.626541080849032e-05,-0.2899363875412933,1.25,2.0,2.0,6.0,2.0,1.5,0.0,0.8366600265340756,9.0,0.1111111111111111,0.1570048309178744,0.2579614797864226,6.0,0.2763157894736842,-0.0037079413509619,-1.0,0.4936552477106685,-0.0222476481057716,7.0,14.0,21.0,5.0,21.0,14.0,7.0,7.0,70.0,0.0,0.0,0.0,6.0,0.0,0.0,0.0,0.0,0.0,1.0,1.0,2.5,6.0,3.0,1.3333333333333333,-1.0,1.505545305418162,8.0,0.968370800488749,0.997701149425287,0.9988108536428224,3.0,-1.0,-0.0304797742238944,0.983035974957018,6.0,0.999920557860358,-0.0105563068603573,-1.0,1.084101200217075,-0.0633378411621439,0.999920557860358,0.9788873862792852,0.939040451552211,0.0345262957585693,2.936662158837856,0.25,1.0,1.0,6.0,1.0,0.6666666666666666,0.0,0.5163977794943223,4.0,1.25,2.0,2.0,6.0,2.0,1.6666666666666667,1.0,0.5163977794943222,10.0,0.0,0.0,0.0,6.0,0.0,0.0,0.0,0.0,0.0,7.0,10.5,19.25,6.0,21.0,11.5,-1.0,8.757853618324527,69.0
274453,stu_GUQPI7762P,N,0.0,0.0,0.0,2.0,0.0,0.0,0.0,0.0,0.0,0.25,0.5,0.75,2.0,1.0,0.5,0.0,0.7071067811865476,1.0,0.0,0.0,0.0,2.0,0.0,0.0,0.0,0.0,0.0,0.0,0.0,0.0,2.0,0.0,0.0,0.0,0.0,0.0,-0.1447482208132209,-0.1446440471531951,-0.1445398734931692,2.0,-0.1444356998331434,-0.1446440471531951,-0.1448523944732467,0.0002946476057011,-0.2892880943063902,-0.2409506538029044,-0.2408185686767385,-0.2406864835505726,2.0,-0.2405543984244067,-0.2408185686767385,-0.2410827389290703,0.0003735931536231,-0.481637137353477,-0.0481490753686985,-0.0480419605217814,-0.0479348456748644,2.0,-0.0478277308279473,-0.0480419605217814,-0.0482561902156155,0.0003029665384832,-0.0960839210435629,2.0,2.0,2.0,2.0,2.0,2.0,2.0,0.0,4.0,0.5194805194805194,0.5194805194805194,0.5194805194805194,2.0,0.5194805194805194,0.5194805194805194,0.5194805194805194,0.0,1.0389610389610389,80.0,80.0,80.0,2.0,80.0,80.0,80.0,0.0,160.0,1.0,1.0,1.0,2.0,1.0,1.0,1.0,0.0,2.0,3.0,3.0,3.0,2.0,3.0,3.0,3.0,0.0,6.0,,,,0.0,-1.0,-1.0,-1.0,2.0,-1.0,-1.0,-1.0,0.0,-2.0,,,,,,0.0,0.0,0.0,2.0,0.0,0.0,0.0,0.0,0.0,3.25,3.5,3.75,2.0,4.0,3.5,3.0,0.7071067811865476,7.0,0.0,0.0,0.0,2.0,0.0,0.0,0.0,0.0,0.0,80.0,80.0,80.0,2.0,80.0,80.0,80.0,0.0,160.0
278249,stu_GUQPI7762P,N,0.0,0.0,0.0,6.0,0.0,0.0,0.0,0.0,0.0,1.0,1.0,1.0,6.0,1.0,1.0,1.0,0.0,6.0,0.0,0.0,0.0,6.0,0.0,0.0,0.0,0.0,0.0,0.0,0.0,0.0,6.0,0.0,0.0,0.0,0.0,0.0,-0.1452140412235614,-0.1452087947820798,-0.1451329598552086,6.0,-0.1448665439669396,-0.1451390012120663,-0.1452264021576583,0.000140133081472,-0.8708340072723979,-0.2420218122085171,-0.2420180164875966,-0.2419458083621285,6.0,-0.2416749906299649,-0.2419464144851027,-0.2420226468696618,0.0001386534480006,-1.4516784869106163,-0.0484114669978764,-0.0484001493902105,-0.0483166037841921,6.0,-0.0481706970669259,-0.0483488243540996,-0.0484179554946331,9.941573061035788e-05,-0.2900929461245981,0.0,0.0,0.0,6.0,0.0,0.0,0.0,0.0,0.0,0.0,0.125,0.2670454545454545,6.0,0.375,0.1496212121212121,0.0,0.1692253660593066,0.8977272727272727,0.0,0.5,2.5,6.0,3.0,1.1666666666666667,0.0,1.4719601443879746,7.0,0.0,0.0,0.0,6.0,0.0,0.0,0.0,0.0,0.0,1.0,1.0,1.0,6.0,1.0,1.0,1.0,0.0,6.0,,,,0.0,,,,0.0,,,,,,,,,,,1.0,1.0,1.0,6.0,1.0,1.0,1.0,0.0,6.0,0.0,0.0,0.0,6.0,0.0,0.0,0.0,0.0,0.0,0.0,0.0,0.0,6.0,0.0,0.0,0.0,0.0,0.0,0.0,0.5,2.5,6.0,3.0,1.1666666666666667,0.0,1.4719601443879746,7.0
278517,stu_GUQPI7762P,N,0.0,0.0,0.25,8.0,1.0,0.25,0.0,0.4629100498862757,2.0,0.75,1.0,1.0,8.0,1.0,0.75,0.0,0.4629100498862757,6.0,0.0,0.0,0.0,8.0,0.0,0.0,0.0,0.0,0.0,0.0,0.0,0.0,8.0,0.0,0.0,0.0,0.0,0.0,-0.1452025546963781,-0.1451088937922,-0.1449221582339336,8.0,-0.1448127281959839,-0.1450598425452792,-0.145212928342035,0.0001591319654377,-1.160478740362234,-0.2417857223418427,-0.2416891798694266,-0.2414072333219988,8.0,-0.2406613145424798,-0.2415248509883214,-0.2419534892319492,0.0004658912269372,-1.9321988079065715,-0.0484585359245783,-0.0483771962087283,-0.0483135930422055,8.0,-0.0481500292671497,-0.0483607712697715,-0.0484585359245783,0.0001082783392406,-0.3868861701581727,2.0,2.0,2.25,8.0,3.0,2.25,2.0,0.4629100498862757,18.0,0.3655790441176471,0.3924566229369446,0.427536231884058,8.0,0.427536231884058,0.394239875043699,0.359375,0.0331697537649988,3.1539190003495925,49.0,54.0,59.0,8.0,59.0,53.375,46.0,5.950690236074659,427.0,0.0,0.0,0.0,8.0,0.0,0.0,0.0,0.0,0.0,2.0,2.0,3.0,8.0,3.0,2.375,2.0,0.5175491695067657,19.0,0.4744868852752685,0.55874399033186,0.598067410495544,6.0,0.0575732451500224,0.502572586960799,0.571851797053088,8.0,0.779810252532424,0.1706215367753355,-1.0,0.731006088178461,1.364972294202684,0.779810252532424,0.5608287157004473,0.41009766020003,0.1313848446702813,3.3649722942026843,0.0,0.0,1.0,8.0,1.0,0.375,0.0,0.5175491695067657,3.0,3.0,3.0,3.0,8.0,4.0,3.125,3.0,0.3535533905932738,25.0,0.0,0.0,0.0,8.0,0.0,0.0,0.0,0.0,0.0,49.0,54.0,59.0,8.0,59.0,53.375,46.0,5.950690236074659,427.0
281790,stu_GUQPI7762P,N,0.0,0.0,0.0,3.0,0.0,0.0,0.0,0.0,0.0,0.5,1.0,1.0,3.0,1.0,0.6666666666666666,0.0,0.5773502691896258,2.0,0.0,0.0,0.5,3.0,1.0,0.3333333333333333,0.0,0.5773502691896258,1.0,0.0,0.0,0.0,3.0,0.0,0.0,0.0,0.0,0.0,-0.1449581579640245,-0.1449329194008363,-0.144777871156746,3.0,-0.1446228229126556,-0.1448463796135682,-0.1449833965272128,0.0001952439089037,-0.4345391388407047,-0.2415091712825297,-0.2414682331406653,-0.2413070640481797,3.0,-0.2411458949556941,-0.2413880791735845,-0.2415501094243941,0.0002136956433942,-0.7241642375207535,-0.0483372119653151,-0.0482645765728324,-0.0481064877774289,3.0,-0.0479483989820253,-0.0482076076375518,-0.0484098473577978,0.0002359401313172,-0.1446228229126556,1.0,1.0,1.5,3.0,2.0,1.3333333333333333,1.0,0.5773502691896257,4.0,0.2083333333333333,0.25,0.25,3.0,0.25,0.2222222222222222,0.1666666666666666,0.0481125224324688,0.6666666666666666,1.0,1.0,1.5,3.0,2.0,1.3333333333333333,1.0,0.5773502691896257,4.0,0.0,0.0,0.0,3.0,0.0,0.0,0.0,0.0,0.0,1.0,1.0,1.5,3.0,2.0,1.3333333333333333,1.0,0.5773502691896257,4.0,,,,0.0,,,,0.0,,,,,,,,,,,1.0,1.0,1.0,3.0,1.0,1.0,1.0,0.0,3.0,1.0,1.0,1.0,3.0,1.0,1.0,1.0,0.0,3.0,1.0,1.0,1.0,3.0,1.0,1.0,1.0,0.0,3.0,1.0,1.0,1.5,3.0,2.0,1.3333333333333333,1.0,0.5773502691896257,4.0
284981,stu_GUQPI7762P,N,0.0,0.0,0.0,3.0,0.0,0.0,0.0,0.0,0.0,1.0,1.0,1.0,3.0,1.0,1.0,1.0,0.0,3.0,0.0,0.0,0.0,3.0,0.0,0.0,0.0,0.0,0.0,0.0,0.0,0.0,3.0,0.0,0.0,0.0,0.0,0.0,-0.1450603244627259,-0.1450295811105588,-0.1447828592507304,3.0,-0.144536137390902,-0.1448855954387846,-0.145091067814893,0.000304197056404,-0.4346567863163539,-0.2417743550519658,-0.2417183135179573,-0.2414754867434713,3.0,-0.2412326599689853,-0.2415937900243057,-0.2418303965859744,0.0003177291947174,-0.7247813700729171,-0.0483757653610515,-0.0483330585324755,-0.0480588326006372,3.0,-0.0477846066687989,-0.048178712463634,-0.0484184721896275,0.0003439671588232,-0.144536137390902,1.0,1.0,1.5,3.0,2.0,1.3333333333333333,1.0,0.5773502691896257,4.0,-0.4924242424242424,0.0151515151515151,0.0763257575757575,3.0,0.1375,-0.2824494949494949,-1.0,0.6244207983482423,-0.8473484848484849,3.5,6.0,8.5,2.0,11.0,6.0,1.0,7.071067811865476,12.0,0.0,0.0,0.0,3.0,0.0,0.0,0.0,0.0,0.0,0.0,1.0,1.0,3.0,1.0,0.3333333333333333,-1.0,1.1547005383792517,1.0,0.9976726154564564,0.9980387072406866,0.9984047990249167,2.0,-0.0013467381638869,0.997306523672226,0.9980387072406866,3.0,0.998770890809147,0.3320258048271243,-1.0,1.153568417839527,0.9960774144813732,0.998770890809147,0.9980387072406866,0.997306523672226,0.0010354639326635,1.996077414481373,1.0,1.0,1.0,3.0,1.0,1.0,1.0,0.0,3.0,1.5,2.0,2.0,3.0,2.0,1.6666666666666667,1.0,0.5773502691896257,5.0,0.0,0.0,0.0,3.0,0.0,0.0,0.0,0.0,0.0,0.0,1.0,6.0,3.0,11.0,3.6666666666666665,-1.0,6.429100507328637,11.0
286473,stu_GUQPI7762P,?,0.0,0.0,0.0,5.0,1.0,0.2,0.0,0.447213595499958,1.0,1.0,1.0,1.0,5.0,1.0,0.8,0.0,0.447213595499958,4.0,0.0,0.0,0.0,5.0,0.0,0.0,0.0,0.0,0.0,0.0,0.0,0.0,5.0,0.0,0.0,0.0,0.0,0.0,-0.1451409487547375,-0.1448584358301043,-0.1447907090400685,5.0,-0.1447069249594373,-0.1449742073054661,-0.145374017942983,0.0002766612356234,-0.7248710365273308,-0.2416224069778419,-0.2414747117009797,-0.2414745129721357,5.0,-0.2413923584680253,-0.2415475815934983,-0.241773917848509,0.0001513028435122,-1.207737907967492,-0.0484585359245783,-0.0484569460938263,-0.0482254667363328,5.0,-0.0481744331691931,-0.0483547835697018,-0.0484585359245783,0.0001424915734144,-0.241773917848509,1.0,1.0,1.0,5.0,2.0,1.2,1.0,0.447213595499958,6.0,0.0,0.2,0.2,5.0,0.2,0.12,0.0,0.1095445115010332,0.6000000000000001,0.0,1.0,1.0,5.0,1.0,0.6,0.0,0.5477225575051662,3.0,1.0,1.0,1.0,5.0,1.0,1.0,1.0,0.0,5.0,1.0,2.0,2.0,5.0,2.0,1.6,1.0,0.5477225575051661,8.0,0.812581926514399,0.812581926514399,0.812581926514399,4.0,-1.0,-1.0,-1.0,4.0,-1.0,-1.0,-1.0,0.0,-4.0,0.812581926514399,0.812581926514399,0.812581926514399,0.0,3.250327706057596,0.0,0.0,1.0,5.0,1.0,0.4,0.0,0.5477225575051662,2.0,3.0,4.0,4.0,5.0,4.0,3.6,3.0,0.5477225575051661,18.0,0.0,0.0,0.0,5.0,0.0,0.0,0.0,0.0,0.0,0.0,1.0,1.0,5.0,1.0,0.6,0.0,0.5477225575051662,3.0
286585,stu_GUQPI7762P,N,0.0,0.0,0.0,6.0,0.0,0.0,0.0,0.0,0.0,1.0,1.0,1.0,6.0,1.0,1.0,1.0,0.0,6.0,0.0,0.0,0.0,6.0,0.0,0.0,0.0,0.0,0.0,0.0,0.0,0.0,6.0,0.0,0.0,0.0,0.0,0.0,-0.145374514765093,-0.1453723088749246,-0.1450927272007404,6.0,-0.1447879268362524,-0.145213822621833,-0.145375607773735,0.0002567138214627,-0.8712829357309984,-0.2422883075883237,-0.2422876915289072,-0.2420089544523101,6.0,-0.2417049986854091,-0.2421292317729949,-0.2422904538598389,0.0002556769288592,-1.4527753906379697,-0.0484585359245783,-0.0484581782126591,-0.0482993839298593,6.0,-0.0480828191721082,-0.0483604698643581,-0.0484585359245783,0.0001602439968568,-0.2901628191861491,0.0,0.0,0.0,6.0,0.0,0.0,0.0,0.0,0.0,0.0,0.0,0.0,6.0,0.0,-0.1666666666666666,-1.0,0.408248290463863,-1.0,0.0,0.0,0.0,5.0,0.0,0.0,0.0,0.0,0.0,0.0,0.0,0.0,6.0,0.0,0.0,0.0,0.0,0.0,1.0,1.0,1.0,6.0,1.0,0.6666666666666666,-1.0,0.816496580927726,4.0,0.776193515696494,0.838899109931362,0.994378900519639,5.0,0.776193515696494,0.807546312813928,0.9555089528725698,6.0,0.994378900519639,0.5633406570606047,-1.0,0.7722910182663849,3.380043942363628,0.994378900519639,0.8760087884727256,0.776193515696494,0.1110475939093549,4.380043942363628,0.0,0.0,0.75,6.0,1.0,0.3333333333333333,0.0,0.5163977794943223,2.0,2.0,2.5,3.0,6.0,3.0,2.333333333333333,1.0,0.816496580927726,14.0,0.0,0.0,0.75,6.0,1.0,0.3333333333333333,0.0,0.5163977794943223,2.0,0.0,0.0,0.0,6.0,0.0,-0.1666666666666666,-1.0,0.408248290463863,-1.0
287365,stu_GUQPI7762P,N,0.0,0.0,0.0,1.0,0.0,0.0,0.0,,0.0,1.0,1.0,1.0,1.0,1.0,1.0,1.0,,1.0,0.0,0.0,0.0,1.0,0.0,0.0,0.0,,0.0,0.0,0.0,0.0,1.0,0.0,0.0,0.0,,0.0,-0.1448567267620455,-0.1448567267620455,-0.1448567267620455,1.0,-0.1448567267620455,-0.1448567267620455,-0.1448567267620455,,-0.1448567267620455,-0.2415497119667061,-0.2415497119667061,-0.2415497119667061,1.0,-0.2415497119667061,-0.2415497119667061,-0.2415497119667061,,-0.2415497119667061,-0.0483848472692224,-0.0483848472692224,-0.0483848472692224,1.0,-0.0483848472692224,-0.0483848472692224,-0.0483848472692224,,-0.0483848472692224,1.0,1.0,1.0,1.0,1.0,1.0,1.0,,1.0,-1.0,-1.0,-1.0,1.0,-1.0,-1.0,-1.0,,-1.0,,,,0.0,,,,,,1.0,1.0,1.0,1.0,1.0,1.0,1.0,,1.0,-1.0,-1.0,-1.0,1.0,-1.0,-1.0,-1.0,,-1.0,,,,0.0,-1.0,-1.0,-1.0,1.0,-1.0,-1.0,-1.0,,-1.0,,,,,,1.0,1.0,1.0,1.0,1.0,1.0,1.0,,1.0,4.0,4.0,4.0,1.0,4.0,4.0,4.0,,4.0,0.0,0.0,0.0,1.0,0.0,0.0,0.0,,0.0,-1.0,-1.0,-1.0,1.0,-1.0,-1.0,-1.0,,-1.0
288432,stu_GUQPI7762P,?,0.0,0.0,0.0,1.0,0.0,0.0,0.0,,0.0,0.0,0.0,0.0,1.0,0.0,0.0,0.0,,0.0,1.0,1.0,1.0,1.0,1.0,1.0,1.0,,1.0,0.0,0.0,0.0,1.0,0.0,0.0,0.0,,0.0,-0.1416506343217626,-0.1416506343217626,-0.1416506343217626,1.0,-0.1416506343217626,-0.1416506343217626,-0.1416506343217626,,-0.1416506343217626,-0.2377316539242013,-0.2377316539242013,-0.2377316539242013,1.0,-0.2377316539242013,-0.2377316539242013,-0.2377316539242013,,-0.2377316539242013,-0.0465369074946171,-0.0465369074946171,-0.0465369074946171,1.0,-0.0465369074946171,-0.0465369074946171,-0.0465369074946171,,-0.0465369074946171,1.0,1.0,1.0,1.0,1.0,1.0,1.0,,1.0,0.5823529411764706,0.5823529411764706,0.5823529411764706,1.0,0.5823529411764706,0.5823529411764706,0.5823529411764706,,0.5823529411764706,198.0,198.0,198.0,1.0,198.0,198.0,198.0,,198.0,1.0,1.0,1.0,1.0,1.0,1.0,1.0,,1.0,2.0,2.0,2.0,1.0,2.0,2.0,2.0,,2.0,,,,0.0,,,,0.0,,,,,,,,,,,1.0,1.0,1.0,1.0,1.0,1.0,1.0,,1.0,1.0,1.0,1.0,1.0,1.0,1.0,1.0,,1.0,0.0,0.0,0.0,1.0,0.0,0.0,0.0,,0.0,198.0,198.0,198.0,1.0,198.0,198.0,198.0,,198.0
289998,stu_GUQPI7762P,?,1.0,1.0,1.0,1.0,1.0,1.0,1.0,,1.0,0.0,0.0,0.0,1.0,0.0,0.0,0.0,,0.0,0.0,0.0,0.0,1.0,0.0,0.0,0.0,,0.0,0.0,0.0,0.0,1.0,0.0,0.0,0.0,,0.0,-0.1441438466528422,-0.1441438466528422,-0.1441438466528422,1.0,-0.1441438466528422,-0.1441438466528422,-0.1441438466528422,,-0.1441438466528422,-0.2398852386608763,-0.2398852386608763,-0.2398852386608763,1.0,-0.2398852386608763,-0.2398852386608763,-0.2398852386608763,,-0.2398852386608763,-0.0477406478485057,-0.0477406478485057,-0.0477406478485057,1.0,-0.0477406478485057,-0.0477406478485057,-0.0477406478485057,,-0.0477406478485057,3.0,3.0,3.0,1.0,3.0,3.0,3.0,,3.0,0.4923076923076923,0.4923076923076923,0.4923076923076923,1.0,0.4923076923076923,0.4923076923076923,0.4923076923076923,,0.4923076923076923,32.0,32.0,32.0,1.0,32.0,32.0,32.0,,32.0,2.0,2.0,2.0,1.0,2.0,2.0,2.0,,2.0,4.0,4.0,4.0,1.0,4.0,4.0,4.0,,4.0,,,,0.0,-1.0,-1.0,-1.0,1.0,-1.0,-1.0,-1.0,,-1.0,,,,,,0.0,0.0,0.0,1.0,0.0,0.0,0.0,,0.0,3.0,3.0,3.0,1.0,3.0,3.0,3.0,,3.0,0.0,0.0,0.0,1.0,0.0,0.0,0.0,,0.0,32.0,32.0,32.0,1.0,32.0,32.0,32.0,,32.0
290840,stu_GUQPI7762P,N,0.0,0.0,0.0,6.0,0.0,0.0,0.0,0.0,0.0,1.0,1.0,1.0,6.0,1.0,0.8333333333333334,0.0,0.408248290463863,5.0,0.0,0.0,0.0,6.0,1.0,0.1666666666666666,0.0,0.408248290463863,1.0,0.0,0.0,0.0,6.0,0.0,0.0,0.0,0.0,0.0,-0.1448805543504418,-0.1446920799147903,-0.1444855708365457,6.0,-0.1443999683869919,-0.1446911790106975,-0.1450028322081561,0.0002577679830267,-0.8681470740641855,-0.2410907079557094,-0.2410185097666835,-0.240894145256107,6.0,-0.2408400910105385,-0.2410793406658325,-0.2416314690131231,0.0002895841755656,-1.446476043994995,-0.0483459162886824,-0.0483143184024861,-0.0482581576311711,6.0,-0.0477713315820196,-0.0482338000991913,-0.0484069459166754,0.0002330184332103,-0.2894028005951481,0.0,0.5,1.0,6.0,1.0,0.5,0.0,0.5477225575051661,3.0,0.1258741258741259,0.2403846153846154,0.375,6.0,0.4166666666666667,0.0675019425019425,-1.0,0.5373829266831519,0.4050116550116551,2.0,3.0,5.0,5.0,5.0,3.2,1.0,1.7888543819998317,16.0,0.0,0.0,0.0,6.0,0.0,0.0,0.0,0.0,0.0,1.0,1.0,1.75,6.0,2.0,1.0,-1.0,1.095445115010332,6.0,0.9237375550754456,0.9996789741851017,0.9999999439782656,4.0,-0.5757809588492868,0.8481170915845815,0.9998394519944972,6.0,0.999999986501384,0.2827056832457399,-1.0,1.000481649070914,1.6962340994744398,0.999999986501384,0.92405852486861,0.696876164602853,0.1514552091604609,3.69623409947444,1.0,1.0,1.0,6.0,1.0,0.8333333333333334,0.0,0.408248290463863,5.0,0.0,0.0,0.75,6.0,1.0,0.3333333333333333,0.0,0.5163977794943223,2.0,0.0,0.0,0.0,6.0,0.0,0.0,0.0,0.0,0.0,1.25,2.5,4.5,6.0,5.0,2.5,-1.0,2.345207879911715,15.0
291575,stu_TFDFD4321O,?,0.0,0.0,0.0,1.0,0.0,0.0,0.0,,0.0,0.0,0.0,0.0,1.0,0.0,0.0,0.0,,0.0,1.0,1.0,1.0,1.0,1.0,1.0,1.0,,1.0,0.0,0.0,0.0,1.0,0.0,0.0,0.0,,0.0,-0.1582633532745511,-0.1582633532745511,-0.1582633532745511,1.0,-0.1582633532745511,-0.1582633532745511,-0.1582633532745511,,-0.1582633532745511,-0.263056211999789,-0.263056211999789,-0.263056211999789,1.0,-0.263056211999789,-0.263056211999789,-0.263056211999789,,-0.263056211999789,-0.0528180788472759,-0.0528180788472759,-0.0528180788472759,1.0,-0.0528180788472759,-0.0528180788472759,-0.0528180788472759,,-0.0528180788472759,2.0,2.0,2.0,1.0,2.0,2.0,2.0,,2.0,0.5818181818181818,0.5818181818181818,0.5818181818181818,1.0,0.5818181818181818,0.5818181818181818,0.5818181818181818,,0.5818181818181818,32.0,32.0,32.0,1.0,32.0,32.0,32.0,,32.0,2.0,2.0,2.0,1.0,2.0,2.0,2.0,,2.0,2.0,2.0,2.0,1.0,2.0,2.0,2.0,,2.0,,,,0.0,,,,0.0,,,,,,,,,,,1.0,1.0,1.0,1.0,1.0,1.0,1.0,,1.0,1.0,1.0,1.0,1.0,1.0,1.0,1.0,,1.0,0.0,0.0,0.0,1.0,0.0,0.0,0.0,,0.0,32.0,32.0,32.0,1.0,32.0,32.0,32.0,,32.0
295130,stu_TFDFD4321O,N,0.0,0.0,0.0,1.0,0.0,0.0,0.0,,0.0,1.0,1.0,1.0,1.0,1.0,1.0,1.0,,1.0,0.0,0.0,0.0,1.0,0.0,0.0,0.0,,0.0,0.0,0.0,0.0,1.0,0.0,0.0,0.0,,0.0,-0.1591240388980551,-0.1591240388980551,-0.1591240388980551,1.0,-0.1591240388980551,-0.1591240388980551,-0.1591240388980551,,-0.1591240388980551,-0.264815131021271,-0.264815131021271,-0.264815131021271,1.0,-0.264815131021271,-0.264815131021271,-0.264815131021271,,-0.264815131021271,-0.0530796647588518,-0.0530796647588518,-0.0530796647588518,1.0,-0.0530796647588518,-0.0530796647588518,-0.0530796647588518,,-0.0530796647588518,0.0,0.0,0.0,1.0,0.0,0.0,0.0,,0.0,0.4551971326164875,0.4551971326164875,0.4551971326164875,1.0,0.4551971326164875,0.4551971326164875,0.4551971326164875,,0.4551971326164875,127.0,127.0,127.0,1.0,127.0,127.0,127.0,,127.0,0.0,0.0,0.0,1.0,0.0,0.0,0.0,,0.0,1.0,1.0,1.0,1.0,1.0,1.0,1.0,,1.0,,,,0.0,,,,0.0,,,,,,,,,,,0.0,0.0,0.0,1.0,0.0,0.0,0.0,,0.0,0.0,0.0,0.0,1.0,0.0,0.0,0.0,,0.0,0.0,0.0,0.0,1.0,0.0,0.0,0.0,,0.0,127.0,127.0,127.0,1.0,127.0,127.0,127.0,,127.0
295415,stu_TFDFD4321O,N,0.0,0.0,0.0,5.0,0.0,0.0,0.0,0.0,0.0,1.0,1.0,1.0,5.0,1.0,0.8,0.0,0.4472135954999579,4.0,0.0,0.0,0.0,5.0,1.0,0.2,0.0,0.447213595499958,1.0,0.0,0.0,0.0,5.0,0.0,0.0,0.0,0.0,0.0,-0.1590777515553844,-0.1590371518682068,-0.1588335985391001,5.0,-0.1587169322398414,-0.1589557027919032,-0.1591130797569832,0.0001719143587082,-0.7947785139595163,-0.2649770211178641,-0.2648704816198491,-0.2647933977035335,5.0,-0.2646923146555037,-0.2648895699465767,-0.2651146346361334,0.000163420421192,-1.3244478497328838,-0.0530408684746354,-0.0530002687874578,-0.0529606864045148,5.0,-0.0527153773606912,-0.0529586795407067,-0.0530761966762341,0.000142736594599,-0.2647933977035335,0.0,0.0,1.0,5.0,1.0,0.4,0.0,0.5477225575051662,2.0,0.4444444444444444,0.4444444444444444,0.6,5.0,0.6111111111111112,0.4950000000000001,0.375,0.1049029533884991,2.4750000000000005,4.0,4.0,6.0,5.0,11.0,5.6,3.0,3.2093613071762426,28.0,0.0,0.0,0.0,5.0,0.0,0.0,0.0,0.0,0.0,1.0,1.0,2.0,5.0,2.0,1.4,1.0,0.5477225575051661,7.0,0.999130045699324,0.999332778071867,0.99953551044441,2.0,-0.0005363433366095,0.998927313326781,0.999332778071867,3.0,0.999738242816953,0.332888518714578,-1.0,1.1543153888311963,0.998665556143734,0.999738242816953,0.999332778071867,0.998927313326781,0.0005734137415647,1.998665556143734,1.0,1.0,1.0,5.0,1.0,0.8,0.0,0.4472135954999579,4.0,0.0,0.0,0.0,5.0,1.0,0.2,0.0,0.447213595499958,1.0,0.0,0.0,0.0,5.0,0.0,0.0,0.0,0.0,0.0,4.0,4.0,6.0,5.0,11.0,5.6,3.0,3.2093613071762426,28.0
297314,stu_TFDFD4321O,N,0.0,0.0,0.0,2.0,0.0,0.0,0.0,0.0,0.0,1.0,1.0,1.0,2.0,1.0,1.0,1.0,0.0,2.0,0.0,0.0,0.0,2.0,0.0,0.0,0.0,0.0,0.0,0.0,0.0,0.0,2.0,0.0,0.0,0.0,0.0,0.0,-0.1588591929888185,-0.1588389625068821,-0.1588187320249456,2.0,-0.1587985015430092,-0.1588389625068821,-0.1588794234707549,5.7220443855729336e-05,-0.3176779250137642,-0.264676026227476,-0.2646686623320511,-0.2646612984366263,2.0,-0.2646539345412014,-0.2646686623320511,-0.2646833901229009,2.082824156345596e-05,-0.5293373246641023,-0.0529159365784713,-0.0528658227846459,-0.0528157089908205,2.0,-0.0527655951969951,-0.0528658227846459,-0.0529660503722968,0.0001417432137797,-0.1057316455692919,0.25,0.5,0.75,2.0,1.0,0.5,0.0,0.7071067811865476,1.0,0.1807628524046434,0.3244886677722498,0.4682144831398562,2.0,0.6119402985074627,0.3244886677722498,0.037037037037037,0.4065179947120008,0.6489773355444997,11.0,21.0,31.0,2.0,41.0,21.0,1.0,28.284271247461906,42.0,0.0,0.0,0.0,2.0,0.0,0.0,0.0,0.0,0.0,1.0,1.0,1.0,2.0,1.0,1.0,1.0,0.0,2.0,0.999999999999995,0.999999999999995,0.999999999999995,1.0,0.999999999999995,0.999999999999995,0.999999999999995,1.0,0.999999999999995,0.999999999999995,0.999999999999995,,0.999999999999995,0.999999999999995,0.999999999999995,0.999999999999995,,0.999999999999995,1.0,1.0,1.0,2.0,1.0,1.0,1.0,0.0,2.0,2.0,2.0,2.0,2.0,2.0,2.0,2.0,0.0,4.0,0.0,0.0,0.0,2.0,0.0,0.0,0.0,0.0,0.0,11.0,21.0,31.0,2.0,41.0,21.0,1.0,28.284271247461906,42.0
300714,stu_TFDFD4321O,N,0.0,0.0,0.0,2.0,0.0,0.0,0.0,0.0,0.0,1.0,1.0,1.0,2.0,1.0,1.0,1.0,0.0,2.0,0.0,0.0,0.0,2.0,0.0,0.0,0.0,0.0,0.0,0.0,0.0,0.0,2.0,0.0,0.0,0.0,0.0,0.0,-0.1581797378026389,-0.1573889571644319,-0.1565981765262249,2.0,-0.155807395888018,-0.1573889571644319,-0.1589705184408459,0.0022366654068287,-0.3147779143288639,-0.2619287383407828,-0.2619107274317216,-0.2618927165226605,2.0,-0.2618747056135994,-0.2619107274317216,-0.2619467492498439,5.094254372983925e-05,-0.5238214548634432,-0.0530265221728736,-0.0530112048079789,-0.0529958874430842,2.0,-0.0529805700781894,-0.0530112048079789,-0.0530418395377684,4.33240503478987e-05,-0.1060224096159579,0.0,0.0,0.0,2.0,0.0,0.0,0.0,0.0,0.0,0.4784791965566715,0.5059780009564802,0.5334768053562889,2.0,0.5609756097560976,0.5059780009564802,0.4509803921568627,0.0777783642625088,1.0119560019129603,34.5,46.0,57.5,2.0,69.0,46.0,23.0,32.526911934581186,92.0,2.0,2.0,2.0,2.0,2.0,2.0,2.0,0.0,4.0,1.0,1.0,1.0,2.0,1.0,1.0,1.0,0.0,2.0,,,,0.0,,,,0.0,,,,,,,,,,,0.0,0.0,0.0,2.0,0.0,0.0,0.0,0.0,0.0,2.0,2.0,2.0,2.0,2.0,2.0,2.0,0.0,4.0,0.0,0.0,0.0,2.0,0.0,0.0,0.0,0.0,0.0,34.5,46.0,57.5,2.0,69.0,46.0,23.0,32.526911934581186,92.0
301210,stu_TFDFD4321O,N,0.0,0.0,0.0,8.0,1.0,0.125,0.0,0.3535533905932738,1.0,1.0,1.0,1.0,8.0,1.0,0.875,0.0,0.3535533905932738,7.0,0.0,0.0,0.0,8.0,0.0,0.0,0.0,0.0,0.0,0.0,0.0,0.0,8.0,0.0,0.0,0.0,0.0,0.0,-0.1591549857552801,-0.1591251255639419,-0.1591157964217003,8.0,-0.1591023518214191,-0.1591343506637049,-0.1591732394301244,2.734342560552469e-05,-1.2730748053096397,-0.265242086672333,-0.2652196019366951,-0.26518629678329,8.0,-0.2649933442267179,-0.2651911405386793,-0.2652756923928983,9.299074849696804e-05,-2.121529124309435,-0.0530551338544695,-0.0530460243574604,-0.0530123839560689,8.0,-0.0529921765946833,-0.0530410071979401,-0.0530941382236429,3.480196008558674e-05,-0.4243280575835214,0.75,1.0,1.0,8.0,1.0,0.75,0.0,0.4629100498862757,6.0,0.1,0.25,0.5725,8.0,0.7037037037037037,0.324212962962963,0.0,0.2819286991372417,2.593703703703704,1.0,3.5,12.25,8.0,38.0,9.25,0.0,12.958725686909627,74.0,0.0,0.0,0.0,8.0,0.0,0.0,0.0,0.0,0.0,1.0,1.0,1.25,8.0,2.0,1.25,1.0,0.4629100498862757,10.0,0.993526033034502,0.993526033034502,0.993526033034502,1.0,-0.5016184917413745,-0.0032369834827489,0.4951445247758765,2.0,0.993526033034502,-0.0032369834827489,-1.0,1.4096357764306136,-0.0064739669654979,0.993526033034502,0.993526033034502,0.993526033034502,,0.993526033034502,1.0,1.0,1.0,8.0,1.0,0.875,0.0,0.3535533905932738,7.0,0.0,0.0,0.0,8.0,1.0,0.125,0.0,0.3535533905932738,1.0,0.0,0.0,0.0,8.0,0.0,0.0,0.0,0.0,0.0,1.0,3.5,12.25,8.0,38.0,9.25,0.0,12.958725686909627,74.0
301337,stu_TFDFD4321O,N,0.0,0.0,0.25,4.0,1.0,0.25,0.0,0.5,1.0,0.75,1.0,1.0,4.0,1.0,0.75,0.0,0.5,3.0,0.0,0.0,0.0,4.0,0.0,0.0,0.0,0.0,0.0,0.0,0.0,0.0,4.0,0.0,0.0,0.0,0.0,0.0,-0.1584476703054051,-0.1583339171955454,-0.1579382320894194,4.0,-0.1569440021645842,-0.1580519851992791,-0.1585961042414417,0.0007507609080636,-0.6322079407971167,-0.2630261668440447,-0.2621025355210299,-0.2612943682286329,4.0,-0.2605425919595994,-0.2622179995516477,-0.2641243352049316,0.0015372649219291,-1.0488719982065908,-0.0528724699429965,-0.0528580542795824,-0.0527729937732462,4.0,-0.0525535335051996,-0.0527874094366603,-0.0528799956822768,0.0001565621379721,-0.2111496377466414,1.0,1.0,1.0,4.0,1.0,1.0,1.0,0.0,4.0,0.4979239399383113,0.5195414660376897,0.5298804780876494,4.0,0.5298804780876494,0.508262951988271,0.4640883977900552,0.0310210077846862,2.033051807953084,83.75,108.5,133.0,4.0,133.0,108.25,83.0,28.58175408659634,433.0,0.0,0.0,0.0,4.0,0.0,0.0,0.0,0.0,0.0,1.0,1.5,2.0,4.0,2.0,1.5,1.0,0.5773502691896257,6.0,,,,0.0,-1.0,-1.0,-1.0,1.0,-1.0,-1.0,-1.0,,-1.0,,,,,,0.75,1.0,1.0,4.0,1.0,0.75,0.0,0.5,3.0,0.75,1.0,1.0,4.0,1.0,0.75,0.0,0.5,3.0,0.0,0.0,0.0,4.0,0.0,0.0,0.0,0.0,0.0,83.75,108.5,133.0,4.0,133.0,108.25,83.0,28.58175408659634,433.0
303309,stu_TFDFD4321O,N,0.0,0.0,0.25,4.0,1.0,0.25,0.0,0.5,1.0,0.75,1.0,1.0,4.0,1.0,0.75,0.0,0.5,3.0,0.0,0.0,0.0,4.0,0.0,0.0,0.0,0.0,0.0,0.0,0.0,0.0,4.0,0.0,0.0,0.0,0.0,0.0,-0.1585476320067219,-0.1580912207739604,-0.1576310408914211,4.0,-0.1576093653750606,-0.1580874521241826,-0.1585580015737488,0.0005355209516589,-0.6323498084967305,-0.2632970472170358,-0.2631605319249288,-0.2630381664099018,4.0,-0.2629967921842729,-0.2631746817020089,-0.2633808707739051,0.0001808643317242,-1.0526987268080357,-0.0528578230740745,-0.052829870328176,-0.0528119403410426,4.0,-0.0528015707740158,-0.0528398930869411,-0.0528982609173966,4.279905393296371e-05,-0.2113595723477646,1.0,1.0,1.0,4.0,1.0,1.0,1.0,0.0,4.0,0.5298362846642165,0.5601708555156617,0.583756345177665,4.0,0.583756345177665,0.5534217743262198,0.5095890410958904,0.036720319216926,2.213687097304879,195.0,214.0,230.0,4.0,230.0,211.0,186.0,22.479620400116488,844.0,0.0,0.0,0.0,4.0,0.0,0.0,0.0,0.0,0.0,1.0,1.5,2.0,4.0,2.0,1.5,1.0,0.5773502691896257,6.0,,,,0.0,-1.0,-1.0,-1.0,1.0,-1.0,-1.0,-1.0,,-1.0,,,,,,0.75,1.0,1.0,4.0,1.0,0.75,0.0,0.5,3.0,0.75,1.0,1.0,4.0,1.0,0.75,0.0,0.5,3.0,0.0,0.0,0.0,4.0,0.0,0.0,0.0,0.0,0.0,195.0,214.0,230.0,4.0,230.0,211.0,186.0,22.479620400116488,844.0
303734,stu_TFDFD4321O,N,0.0,0.0,0.0,7.0,0.0,0.0,0.0,0.0,0.0,1.0,1.0,1.0,7.0,1.0,0.8571428571428571,0.0,0.3779644730092272,6.0,0.0,0.0,0.0,7.0,1.0,0.1428571428571428,0.0,0.3779644730092273,1.0,0.0,0.0,0.0,7.0,0.0,0.0,0.0,0.0,0.0,-0.1592970268590251,-0.1592157350024668,-0.1590628619206796,7.0,-0.1589424963332955,-0.1591848789759769,-0.1594161439366669,0.0001795109852327,-1.1142941528318389,-0.265280871396274,-0.2652354626345332,-0.2652134056290848,7.0,-0.2651560204220377,-0.2652435812507944,-0.2653250316482724,5.632049654184388e-05,-1.856705068755561,-0.053134576066965,-0.0530833640469773,-0.0529351613164487,7.0,-0.052912595658883,-0.0530403466107749,-0.0531469918027363,0.0001079387222888,-0.3712824262754243,0.5,1.0,1.0,7.0,1.0,0.7142857142857143,0.0,0.4879500364742666,5.0,-0.5,0.0,0.25,7.0,0.5,-0.1428571428571428,-1.0,0.6267831705280088,-1.0,0.0,0.0,1.0,5.0,1.0,0.4,0.0,0.5477225575051662,2.0,0.0,1.0,1.0,7.0,1.0,0.5714285714285714,0.0,0.5345224838248488,4.0,0.0,1.0,1.5,7.0,2.0,0.7142857142857143,-1.0,1.2535663410560176,5.0,0.8071469745887447,1.0,1.0,4.0,-1.0,-1.0,0.228587898354979,5.0,1.0,-0.3542824203290042,-1.0,0.9252935021526224,-1.771412101645021,1.0,0.8071469745887447,0.228587898354979,0.3857060508225104,3.228587898354979,1.0,1.0,1.0,7.0,1.0,0.8571428571428571,0.0,0.3779644730092272,6.0,1.0,1.0,1.0,7.0,2.0,1.0,0.0,0.5773502691896257,7.0,0.0,1.0,1.0,7.0,1.0,0.5714285714285714,0.0,0.5345224838248488,4.0,-0.5,0.0,0.5,7.0,1.0,0.0,-1.0,0.816496580927726,0.0
307123,stu_TFDFD4321O,?,0.0,0.0,0.0,5.0,0.0,0.0,0.0,0.0,0.0,0.0,1.0,1.0,5.0,1.0,0.6,0.0,0.5477225575051662,3.0,0.0,0.0,0.0,5.0,1.0,0.2,0.0,0.447213595499958,1.0,0.0,0.0,0.0,5.0,1.0,0.2,0.0,0.447213595499958,1.0,-0.1592329366922482,-0.1591642686564182,-0.1591046176353942,5.0,-0.1590017774255047,-0.1591481582566316,-0.1592371908735925,9.835759811642482e-05,-0.795740791283158,-0.2654641711228935,-0.2654277331348572,-0.2651940306075274,5.0,-0.2651190275407824,-0.2653403559493323,-0.2654968173406012,0.0001716409819926,-1.3267017797466618,-0.0530470185411441,-0.0530406835102291,-0.0529737263951572,5.0,-0.0529140753741332,-0.0530238055081564,-0.0531435237201186,8.617537641550783e-05,-0.2651190275407825,1.0,1.0,1.0,5.0,1.0,1.0,1.0,0.0,5.0,0.2857142857142857,0.3859649122807017,0.3859649122807017,5.0,0.3859649122807017,0.0887218045112781,-1.0,0.6101601430399413,0.4436090225563909,20.0,22.0,22.0,4.0,22.0,20.0,14.0,4.0,80.0,0.0,0.0,0.0,5.0,0.0,0.0,0.0,0.0,0.0,1.0,2.0,2.0,5.0,2.0,1.2,-1.0,1.3038404810405295,6.0,0.9999296701616432,0.9999296742669186,0.9999296783721938,2.0,-1.0,-1.0,0.999929666056368,5.0,0.999929682477469,-0.2000281302932325,-1.0,1.0954065960199504,-1.0001406514661628,0.999929682477469,0.9999296742669186,0.999929666056368,1.1611471896046348e-08,1.9998593485338367,0.0,1.0,1.0,5.0,1.0,0.6,0.0,0.5477225575051662,3.0,2.0,2.0,2.0,5.0,3.0,2.0,1.0,0.7071067811865476,10.0,0.0,0.0,0.0,5.0,0.0,0.0,0.0,0.0,0.0,14.0,22.0,22.0,5.0,22.0,15.8,-1.0,10.009995004993758,79.0
312713,stu_ZYUGK3155N,G,0.0,0.0,0.0,8.0,1.0,0.125,0.0,0.3535533905932738,1.0,0.0,0.0,0.0,8.0,0.0,0.0,0.0,0.0,0.0,0.0,1.0,1.0,8.0,1.0,0.625,0.0,0.5175491695067657,5.0,0.0,0.0,0.25,8.0,1.0,0.25,0.0,0.4629100498862757,2.0,-0.2380149425389911,-0.2380102517453124,-0.2377466832530133,8.0,-0.2377286908659924,-0.237914180137958,-0.2380371569549302,0.0001441078163618,-1.903313441103664,-0.3966925870796454,-0.3964183817171735,-0.3963567061173904,8.0,-0.3947984376708394,-0.3962916091640689,-0.3967010311374814,0.0006300539256489,-3.170332873312552,-0.079348916443042,-0.0793361024908936,-0.0793279164109796,8.0,-0.079048746546546,-0.079302319967405,-0.0793493097020694,0.0001030012270648,-0.6344185597392404,2.75,3.0,4.0,8.0,4.0,3.125,2.0,0.8345229603962802,25.0,0.9090909090909092,0.9090909090909092,0.9090909090909092,8.0,0.9090909090909092,0.9090909090909092,0.9090909090909092,0.0,7.272727272727272,10.0,10.0,10.0,8.0,10.0,10.0,10.0,0.0,80.0,0.0,0.0,0.0,8.0,0.0,0.0,0.0,0.0,0.0,7.0,7.0,7.0,8.0,7.0,7.0,7.0,0.0,56.0,0.835365464267374,0.8902436428449161,0.945121821422458,2.0,-1.0,-1.0,-0.554878178577542,8.0,1.0,-0.527439089288771,-1.0,0.8769773135887459,-4.219512714310168,1.0,0.8902436428449161,0.780487285689832,0.155218928845385,1.7804872856898322,0.0,0.0,0.0,8.0,1.0,0.125,0.0,0.3535533905932738,1.0,2.0,3.5,5.0,8.0,5.0,3.375,1.0,1.5979898086569353,27.0,0.0,0.0,0.0,8.0,1.0,0.125,0.0,0.3535533905932738,1.0,10.0,10.0,10.0,8.0,10.0,10.0,10.0,0.0,80.0
313528,stu_ZYUGK3155N,N,0.0,0.0,0.0,3.0,0.0,0.0,0.0,0.0,0.0,0.5,1.0,1.0,3.0,1.0,0.6666666666666666,0.0,0.5773502691896258,2.0,0.0,0.0,0.5,3.0,1.0,0.3333333333333333,0.0,0.5773502691896258,1.0,0.0,0.0,0.0,3.0,0.0,0.0,0.0,0.0,0.0,-0.2375786483897193,-0.2375783841196529,-0.237556386782697,3.0,-0.2375343894457411,-0.2375638954083932,-0.2375789126597857,2.555427973333597e-05,-0.7126916862251798,-0.3957287752710368,-0.3952720222141241,-0.3952487475718473,3.0,-0.3952254729295705,-0.3955610078238813,-0.3961855283279494,0.0005413511835898,-1.186683023471644,-0.0793255694411041,-0.079302521316027,-0.0791148832767358,3.0,-0.0789272452374445,-0.0791927947065509,-0.0793486175661812,0.0002311246557089,-0.2375783841196529,1.5,2.0,2.0,3.0,2.0,1.6666666666666667,1.0,0.5773502691896257,5.0,-0.5,0.0,0.0,3.0,0.0,-0.3333333333333333,-1.0,0.5773502691896258,-1.0,0.0,0.0,0.0,2.0,0.0,0.0,0.0,0.0,0.0,0.0,0.0,0.0,3.0,0.0,0.0,0.0,0.0,0.0,0.0,1.0,1.0,3.0,1.0,0.3333333333333333,-1.0,1.1547005383792517,1.0,1.0,1.0,1.0,1.0,-0.5,0.0,0.5,2.0,1.0,0.0,-1.0,1.4142135623730951,0.0,1.0,1.0,1.0,,1.0,0.5,1.0,1.0,3.0,1.0,0.6666666666666666,0.0,0.5773502691896258,2.0,1.0,1.0,1.0,3.0,1.0,1.0,1.0,0.0,3.0,0.5,1.0,1.0,3.0,1.0,0.6666666666666666,0.0,0.5773502691896258,2.0,-0.5,0.0,0.0,3.0,0.0,-0.3333333333333333,-1.0,0.5773502691896258,-1.0
314859,stu_ZYUGK3155N,N,0.0,0.0,0.0,8.0,1.0,0.125,0.0,0.3535533905932738,1.0,1.0,1.0,1.0,8.0,1.0,0.875,0.0,0.3535533905932738,7.0,0.0,0.0,0.0,8.0,0.0,0.0,0.0,0.0,0.0,0.0,0.0,0.0,8.0,0.0,0.0,0.0,0.0,0.0,-0.2379837712554425,-0.2379600656012717,-0.237944634117037,8.0,-0.2379133527209626,-0.2379662995433738,-0.2380275803110934,3.723814679757387e-05,-1.9037303963469907,-0.396629917321041,-0.3966154013438221,-0.3965892197308148,8.0,-0.3965362147060675,-0.3966077312197519,-0.3966524557824186,3.759678885686786e-05,-3.172861849758015,-0.0793489384655476,-0.0793297725935888,-0.0793145330197595,8.0,-0.0792870426407091,-0.07932752000588,-0.079349246780625,2.2271307605871795e-05,-0.63462016004704,0.0,1.0,1.0,8.0,1.0,0.625,0.0,0.5175491695067657,5.0,-0.25,0.0,0.0,8.0,1.0,-0.125,-1.0,0.6408699444616557,-1.0,0.0,0.0,0.0,6.0,11.0,1.8333333333333333,0.0,4.4907311951024935,11.0,0.0,0.0,0.0,8.0,0.0,0.0,0.0,0.0,0.0,0.5,1.0,1.0,8.0,1.0,0.5,-1.0,0.9258200997725514,4.0,0.917441310674713,0.965075913358823,0.9825373768388216,3.0,-1.0,0.869806707990603,0.965075913358823,5.0,0.99999884031882,0.1669762923336492,-1.0,1.066363856458285,0.8348814616682461,0.99999884031882,0.9449604872227488,0.869806707990603,0.06738672426019,2.834881461668246,1.0,1.0,1.0,8.0,1.0,1.0,1.0,0.0,8.0,0.0,0.0,0.0,8.0,1.0,0.125,0.0,0.3535533905932738,1.0,0.0,1.0,1.0,8.0,1.0,0.625,0.0,0.5175491695067657,5.0,-0.25,0.0,0.0,8.0,11.0,1.125,-1.0,4.0155946010522525,9.0
315976,stu_LJJLQ6002G,G,0.0,0.0,0.0,8.0,1.0,0.125,0.0,0.3535533905932738,1.0,0.0,0.0,0.0,8.0,1.0,0.125,0.0,0.3535533905932738,1.0,0.0,0.5,1.0,8.0,1.0,0.5,0.0,0.5345224838248488,4.0,0.0,0.0,0.25,8.0,1.0,0.25,0.0,0.4629100498862757,2.0,-0.1450059684087837,-0.1449697274752409,-0.1449043558459773,8.0,-0.144839600584079,-0.144957847728044,-0.1450612873798263,7.298318833643567e-05,-1.159662781824352,-0.2416464682694877,-0.2415891754553346,-0.2414900283619896,8.0,-0.2412150111137238,-0.2415481833566836,-0.2417053753791216,0.000155948210493,-1.9323854668534688,-0.0483423107456377,-0.0483184485233496,-0.0482950779274123,8.0,-0.0482611703846099,-0.0483178431625443,-0.0483672736239355,3.900838140633195e-05,-0.3865427453003545,2.75,3.0,3.25,8.0,4.0,3.0,2.0,0.7559289460184544,24.0,0.5080213903743316,0.5080213903743316,0.5080213903743316,8.0,0.5357142857142857,0.5114830022918259,0.5080213903743316,0.0097909170427854,4.091864018334607,95.0,95.0,95.0,8.0,95.0,94.375,90.0,1.7677669529663689,755.0,0.0,0.0,0.0,8.0,0.0,0.0,0.0,0.0,0.0,5.0,5.0,5.0,8.0,5.0,4.625,2.0,1.0606601717798212,37.0,,,,0.0,-1.0,-1.0,-1.0,6.0,-1.0,-1.0,-1.0,0.0,-6.0,,,,,,0.0,0.0,0.25,8.0,1.0,0.25,0.0,0.4629100498862757,2.0,3.0,4.0,4.25,8.0,5.0,3.75,2.0,1.035098339013531,30.0,0.0,0.0,0.0,8.0,0.0,0.0,0.0,0.0,0.0,95.0,95.0,95.0,8.0,95.0,94.375,90.0,1.7677669529663689,755.0
318164,stu_LJJLQ6002G,N,0.0,0.0,0.0,8.0,0.0,0.0,0.0,0.0,0.0,1.0,1.0,1.0,8.0,1.0,1.0,1.0,0.0,8.0,0.0,0.0,0.0,8.0,0.0,0.0,0.0,0.0,0.0,0.0,0.0,0.0,8.0,0.0,0.0,0.0,0.0,0.0,-0.1451021730817296,-0.1450416370012015,-0.1449855842594859,8.0,-0.1448258056954254,-0.145014747974887,-0.1451029655540565,0.0001056109641655,-1.160117983799096,-0.2417765364589957,-0.2416858864300449,-0.2415611160647964,8.0,-0.2414867997710281,-0.2416713944592518,-0.2418371312411776,0.000129971007387,-1.9333711556740147,-0.0483674130403634,-0.0483669507648393,-0.0483516369708924,8.0,-0.048285414167648,-0.0483495897507146,-0.0483680073946086,3.320247442875316e-05,-0.3867967180057168,0.0,0.0,0.0,8.0,0.0,0.0,0.0,0.0,0.0,0.0,0.0,0.0,8.0,0.0,0.0,0.0,0.0,0.0,0.0,0.0,0.0,8.0,0.0,0.0,0.0,0.0,0.0,0.0,0.0,0.0,8.0,0.0,0.0,0.0,0.0,0.0,1.0,1.0,1.0,8.0,1.0,1.0,1.0,0.0,8.0,0.918129122526484,0.918129122526484,0.918129122526484,5.0,-1.0,0.918129122526484,0.918129122526484,5.0,0.999541801554124,0.1671600093214184,-1.0,1.065984713860251,0.8358000466070921,0.999541801554124,0.934411658332012,0.918129122526484,0.0364088569072348,4.67205829166006,0.0,1.0,1.0,8.0,1.0,0.625,0.0,0.5175491695067657,5.0,1.0,2.0,2.25,8.0,3.0,1.75,0.0,1.035098339013531,14.0,0.0,1.0,1.0,8.0,1.0,0.625,0.0,0.5175491695067657,5.0,0.0,0.0,0.0,8.0,0.0,0.0,0.0,0.0,0.0
319105,stu_LJJLQ6002G,N,0.0,0.0,0.0,4.0,0.0,0.0,0.0,0.0,0.0,0.75,1.0,1.0,4.0,1.0,0.75,0.0,0.5,3.0,0.0,0.0,0.25,4.0,1.0,0.25,0.0,0.5,1.0,0.0,0.0,0.0,4.0,0.0,0.0,0.0,0.0,0.0,-0.1448613568845355,-0.1447837312850317,-0.1446894564289559,4.0,-0.1446393985936392,-0.1447670820284598,-0.1448614669501365,0.0001122586992432,-0.5790683281138392,-0.2413279530957224,-0.2412558968156272,-0.241200321024849,4.0,-0.2411996606312432,-0.2412723773049442,-0.2413780549572795,8.780127559385681e-05,-0.9650895092197772,-0.0483678386273538,-0.0483339897862051,-0.0482734683810905,4.0,-0.0481933406235915,-0.0483073172222391,-0.0483679486929547,8.241402580138611e-05,-0.1932292688889566,0.75,1.0,1.0,4.0,1.0,0.75,0.0,0.5,3.0,-0.25,0.0,0.0,4.0,0.0,-0.25,-1.0,0.5,-1.0,0.0,0.0,0.0,3.0,0.0,0.0,0.0,0.0,0.0,0.0,0.0,0.0,4.0,0.0,0.0,0.0,0.0,0.0,0.5,1.0,1.0,4.0,1.0,0.5,-1.0,1.0,2.0,0.9288822921541788,0.9525793991231724,0.9762765060921662,2.0,-0.0474074074074074,0.905185185185185,0.9525793991231724,3.0,0.99997361306116,0.3017195994154483,-1.0,1.1283180616038797,0.9051587982463448,0.99997361306116,0.9525793991231724,0.905185185185185,0.0670255401291138,1.905158798246345,1.0,1.0,1.0,4.0,1.0,1.0,1.0,0.0,4.0,0.0,0.0,0.0,4.0,0.0,0.0,0.0,0.0,0.0,0.75,1.0,1.0,4.0,1.0,0.75,0.0,0.5,3.0,-0.25,0.0,0.0,4.0,0.0,-0.25,-1.0,0.5,-1.0
321137,stu_LJJLQ6002G,N,0.0,0.0,0.0,5.0,1.0,0.2,0.0,0.447213595499958,1.0,1.0,1.0,1.0,5.0,1.0,0.8,0.0,0.4472135954999579,4.0,0.0,0.0,0.0,5.0,0.0,0.0,0.0,0.0,0.0,0.0,0.0,0.0,5.0,0.0,0.0,0.0,0.0,0.0,-0.1447122179952345,-0.1446701582602542,-0.1446690429288312,5.0,-0.1446657262853889,-0.1446889721403117,-0.1447277152318497,2.88656466979172e-05,-0.7234448607015587,-0.2412614734727425,-0.2412005705068778,-0.2411817859776473,5.0,-0.2410625042170334,-0.24121655496722,-0.2413764406617987,0.0001148663644313,-1.2060827748361,-0.0483187567070322,-0.0482149721830335,-0.0482116555395913,5.0,-0.0481353140387653,-0.0482401141013755,-0.0483198720384553,7.901114932645868e-05,-0.2412005705068778,0.0,1.0,1.0,5.0,1.0,0.6,0.0,0.5477225575051662,3.0,0.44,0.4954128440366973,0.5080213903743316,5.0,0.5080213903743316,0.1902911249570721,-1.0,0.6659864471228237,0.9514556247853604,43.25,74.5,95.0,4.0,95.0,63.75,11.0,40.12792045446661,255.0,0.0,0.0,0.0,5.0,0.0,0.0,0.0,0.0,0.0,1.0,1.0,2.0,5.0,2.0,1.0,-1.0,1.224744871391589,5.0,,,,0.0,-1.0,-1.0,-1.0,2.0,-1.0,-1.0,-1.0,0.0,-2.0,,,,,,1.0,1.0,1.0,5.0,1.0,0.8,0.0,0.4472135954999579,4.0,0.0,0.0,1.0,5.0,1.0,0.4,0.0,0.5477225575051662,2.0,0.0,0.0,0.0,5.0,0.0,0.0,0.0,0.0,0.0,11.0,54.0,95.0,5.0,95.0,50.8,-1.0,45.23494224601154,254.0
323022,stu_LJJLQ6002G,N,1.0,1.0,1.0,6.0,1.0,0.8333333333333334,0.0,0.408248290463863,5.0,0.0,0.0,0.0,6.0,1.0,0.1666666666666666,0.0,0.408248290463863,1.0,0.0,0.0,0.0,6.0,0.0,0.0,0.0,0.0,0.0,0.0,0.0,0.0,6.0,0.0,0.0,0.0,0.0,0.0,-0.1448396592857329,-0.1448004025547238,-0.1446783764917926,6.0,-0.1446094607501781,-0.1447608229646185,-0.1448642259278672,0.0001082190836483,-0.8685649377877112,-0.2412827454845547,-0.2411988534835029,-0.241159780195162,6.0,-0.2410980480684368,-0.2412364078665505,-0.24146522691324,0.0001317296542414,-1.4474184471993032,-0.0483189107988736,-0.0483005004926863,-0.0482106135852355,6.0,-0.0481355781962076,-0.0482668008515746,-0.0483585270775125,8.746556157325229e-05,-0.2896008051094476,3.25,4.0,4.0,6.0,5.0,3.6666666666666665,2.0,1.0327955589886446,22.0,0.5585585585585586,0.6137837837837838,0.7379166666666667,6.0,0.8378378378378378,0.647474974974975,0.5,0.1315525270231057,3.88484984984985,18.0,26.0,32.5,6.0,55.0,28.666666666666668,15.0,14.827901627225163,172.0,0.0,0.0,0.0,6.0,0.0,0.0,0.0,0.0,0.0,2.0,2.0,2.0,6.0,2.0,1.8333333333333333,1.0,0.408248290463863,11.0,0.9764227846278212,0.9966796204054216,0.9999953178130376,4.0,0.925594688996952,0.993365483171444,0.999993757639399,5.0,0.999999998333954,0.5837907856283499,-1.0,0.8859217821736077,2.9189539281417494,0.999999998333954,0.9797384820354372,0.925594688996952,0.0362309753160771,3.918953928141749,1.0,1.0,1.0,6.0,1.0,0.8333333333333334,0.0,0.408248290463863,5.0,0.0,0.0,0.0,6.0,0.0,0.0,0.0,0.0,0.0,0.0,0.0,0.0,6.0,0.0,0.0,0.0,0.0,0.0,18.0,26.0,32.5,6.0,55.0,28.666666666666668,15.0,14.827901627225163,172.0
323593,stu_LJJLQ6002G,N,0.0,0.0,0.0,8.0,0.0,0.0,0.0,0.0,0.0,1.0,1.0,1.0,8.0,1.0,1.0,1.0,0.0,8.0,0.0,0.0,0.0,8.0,0.0,0.0,0.0,0.0,0.0,0.0,0.0,0.0,8.0,0.0,0.0,0.0,0.0,0.0,-0.1451021877571431,-0.1450172171132019,-0.1449778870051254,8.0,-0.144869244919271,-0.1450188607595095,-0.145102789449095,8.332068577781113e-05,-1.1601508860760763,-0.2417521605972364,-0.2417214743076887,-0.24160393158357,8.0,-0.2415094879602394,-0.2416877025124607,-0.2418370138378699,0.0001060796921851,-1.9335016200996864,-0.0483675451190845,-0.048367097518974,-0.0483458328448684,8.0,-0.0482188758430143,-0.0483382823446426,-0.0483680073946086,5.656890220527331e-05,-0.386706258757141,0.0,0.0,0.0,8.0,0.0,0.0,0.0,0.0,0.0,0.0,0.0,0.0,8.0,0.0,0.0,0.0,0.0,0.0,0.0,0.0,0.0,8.0,0.0,0.0,0.0,0.0,0.0,0.0,0.0,0.0,8.0,0.0,0.0,0.0,0.0,0.0,1.0,1.0,1.0,8.0,1.0,1.0,1.0,0.0,8.0,0.996719729986808,0.999670364319674,0.999952355402631,5.0,-1.0,0.999670364319674,0.999952355402631,5.0,0.999985512585565,0.199921646461574,-1.0,1.09537359518748,0.99960823230787,0.999985512585565,0.9986095384562972,0.996719729986808,0.0017294916717702,4.993047692281486,0.0,1.0,1.0,8.0,1.0,0.625,0.0,0.5175491695067657,5.0,1.75,2.0,3.0,8.0,3.0,2.125,1.0,0.8345229603962802,17.0,0.0,1.0,1.0,8.0,1.0,0.625,0.0,0.5175491695067657,5.0,0.0,0.0,0.0,8.0,0.0,0.0,0.0,0.0,0.0
323908,stu_LJJLQ6002G,N,0.0,0.0,0.0,8.0,0.0,0.0,0.0,0.0,0.0,1.0,1.0,1.0,8.0,1.0,1.0,1.0,0.0,8.0,0.0,0.0,0.0,8.0,0.0,0.0,0.0,0.0,0.0,0.0,0.0,0.0,8.0,0.0,0.0,0.0,0.0,0.0,-0.1451002799533931,-0.1449464962957315,-0.1448471510843049,8.0,-0.1446917898196963,-0.1449476336402748,-0.1451013219077489,0.000149306537422,-1.1595810691221988,-0.2416122085167621,-0.2415806050138731,-0.24142664525125,8.0,-0.2414257794018558,-0.2415680942238973,-0.241835076683293,0.000143893963233,-1.9325447537911784,-0.0483676551846855,-0.0483668333615316,-0.0483274078632677,8.0,-0.0481117453247464,-0.0483158583128736,-0.0483680073946086,9.874143375363472e-05,-0.3865268665029894,0.0,0.0,0.0,8.0,0.0,0.0,0.0,0.0,0.0,0.0,0.0,0.0,8.0,0.0,0.0,0.0,0.0,0.0,0.0,0.0,0.0,8.0,0.0,0.0,0.0,0.0,0.0,0.0,0.0,0.0,8.0,0.0,0.0,0.0,0.0,0.0,1.0,1.0,1.0,8.0,1.0,1.0,1.0,0.0,8.0,0.9998939107792492,0.999968933994098,0.9999876647119712,6.0,0.9998939107792492,0.999968933994098,0.9999876647119712,6.0,0.999997424430634,0.9998805518657964,0.999485207450386,0.0001988938144204,5.9992833111947785,0.999997424430634,0.9998805518657964,0.999485207450386,0.0001988938144204,5.9992833111947785,0.75,1.0,1.0,8.0,1.0,0.75,0.0,0.4629100498862757,6.0,1.0,1.0,1.25,8.0,2.0,1.25,1.0,0.4629100498862757,10.0,0.75,1.0,1.0,8.0,1.0,0.75,0.0,0.4629100498862757,6.0,0.0,0.0,0.0,8.0,0.0,0.0,0.0,0.0,0.0
326226,stu_LJJLQ6002G,N,0.0,0.0,0.25,8.0,1.0,0.25,0.0,0.4629100498862757,2.0,0.0,1.0,1.0,8.0,1.0,0.625,0.0,0.5175491695067657,5.0,0.0,0.0,0.0,8.0,1.0,0.125,0.0,0.3535533905932738,1.0,0.0,0.0,0.0,8.0,0.0,0.0,0.0,0.0,0.0,-0.1449330976432414,-0.1448996964022033,-0.1448463659496847,8.0,-0.1448108954753486,-0.1448928686660904,-0.1449850045806542,6.170381447240951e-05,-1.1591429493287235,-0.2415189462642081,-0.2414912757721267,-0.2414641702834636,8.0,-0.2414327648986563,-0.241499020721581,-0.2416047313935965,5.5199621350213175e-05,-1.931992165772648,-0.0483272170828927,-0.0483012049125325,-0.0482467077646437,8.0,-0.048235693866841,-0.0482908880968691,-0.0483461703793781,4.464721813015078e-05,-0.3863271047749534,0.0,0.0,1.25,8.0,3.0,0.75,0.0,1.164964745021435,6.0,0.0,0.0,0.2307692307692307,8.0,0.2307692307692307,0.0865384615384615,0.0,0.1194344237323305,0.6923076923076923,0.0,0.0,3.0,8.0,3.0,1.125,0.0,1.5526475085202969,9.0,0.0,0.0,0.0,8.0,0.0,0.0,0.0,0.0,0.0,1.0,1.0,4.0,8.0,4.0,2.125,1.0,1.5526475085202969,17.0,1.0,1.0,1.0,6.0,0.5,1.0,1.0,8.0,1.0,0.5,-1.0,0.9258200997725514,4.0,1.0,1.0,1.0,0.0,6.0,0.75,1.0,1.0,8.0,1.0,0.75,0.0,0.4629100498862757,6.0,0.0,0.0,0.25,8.0,2.0,0.375,0.0,0.7440238091428449,3.0,0.0,0.0,0.0,8.0,0.0,0.0,0.0,0.0,0.0,0.0,0.0,3.0,8.0,3.0,1.125,0.0,1.5526475085202969,9.0
327639,stu_LJJLQ6002G,N,0.0,0.0,0.0,3.0,0.0,0.0,0.0,0.0,0.0,1.0,1.0,1.0,3.0,1.0,1.0,1.0,0.0,3.0,0.0,0.0,0.0,3.0,0.0,0.0,0.0,0.0,0.0,0.0,0.0,0.0,3.0,0.0,0.0,0.0,0.0,0.0,-0.1430035596059288,-0.141201154675432,-0.1411801101325284,3.0,-0.1411590655896249,-0.1423887282671608,-0.1448059645364256,0.0020934937924132,-0.4271661848014826,-0.2377484142967004,-0.237625522384375,-0.2376066644780772,3.0,-0.2375878065717793,-0.2376948783883934,-0.2378713062090258,0.000153950324942,-0.7130846351651803,-0.0483561203097049,-0.0483555626439933,-0.0482246432805046,3.0,-0.0480937239170158,-0.0482686548454752,-0.0483566779754164,0.0001514956543594,-0.1448059645364256,0.0,0.0,0.5,3.0,1.0,0.3333333333333333,0.0,0.5773502691896258,1.0,0.0,0.0,0.1666666666666666,3.0,0.3333333333333333,0.1111111111111111,0.0,0.1924500897298752,0.3333333333333333,0.0,0.0,0.5,3.0,1.0,0.3333333333333333,0.0,0.5773502691896258,1.0,0.0,0.0,0.0,3.0,0.0,0.0,0.0,0.0,0.0,1.0,1.0,1.0,3.0,1.0,1.0,1.0,0.0,3.0,,,,0.0,,,,0.0,,,,,,,,,,,1.0,1.0,1.0,3.0,1.0,1.0,1.0,0.0,3.0,0.5,1.0,1.0,3.0,1.0,0.6666666666666666,0.0,0.5773502691896258,2.0,0.5,1.0,1.0,3.0,1.0,0.6666666666666666,0.0,0.5773502691896258,2.0,0.0,0.0,0.5,3.0,1.0,0.3333333333333333,0.0,0.5773502691896258,1.0
328178,stu_LJJLQ6002G,?,1.0,1.0,1.0,1.0,1.0,1.0,1.0,,1.0,0.0,0.0,0.0,1.0,0.0,0.0,0.0,,0.0,0.0,0.0,0.0,1.0,0.0,0.0,0.0,,0.0,0.0,0.0,0.0,1.0,0.0,0.0,0.0,,0.0,-0.1443362632531815,-0.1443362632531815,-0.1443362632531815,1.0,-0.1443362632531815,-0.1443362632531815,-0.1443362632531815,,-0.1443362632531815,-0.2410699006254091,-0.2410699006254091,-0.2410699006254091,1.0,-0.2410699006254091,-0.2410699006254091,-0.2410699006254091,,-0.2410699006254091,-0.0480506075522663,-0.0480506075522663,-0.0480506075522663,1.0,-0.0480506075522663,-0.0480506075522663,-0.0480506075522663,,-0.0480506075522663,2.0,2.0,2.0,1.0,2.0,2.0,2.0,,2.0,1.0,1.0,1.0,1.0,1.0,1.0,1.0,,1.0,23.0,23.0,23.0,1.0,23.0,23.0,23.0,,23.0,0.0,0.0,0.0,1.0,0.0,0.0,0.0,,0.0,3.0,3.0,3.0,1.0,3.0,3.0,3.0,,3.0,,,,0.0,,,,0.0,,,,,,,,,,,1.0,1.0,1.0,1.0,1.0,1.0,1.0,,1.0,0.0,0.0,0.0,1.0,0.0,0.0,0.0,,0.0,0.0,0.0,0.0,1.0,0.0,0.0,0.0,,0.0,23.0,23.0,23.0,1.0,23.0,23.0,23.0,,23.0
328699,stu_LJJLQ6002G,N,0.0,0.0,0.0,6.0,0.0,0.0,0.0,0.0,0.0,1.0,1.0,1.0,6.0,1.0,1.0,1.0,0.0,6.0,0.0,0.0,0.0,6.0,0.0,0.0,0.0,0.0,0.0,0.0,0.0,0.0,6.0,0.0,0.0,0.0,0.0,0.0,-0.1448061626545073,-0.1447655190969261,-0.1447558700125753,6.0,-0.1446367570192162,-0.1447613561713076,-0.1448279776566177,6.837041730103783e-05,-0.8685681370278457,-0.2412992700001033,-0.2412864510264448,-0.2412389173622435,6.0,-0.2412135435723688,-0.2412797199034705,-0.2413652579967323,5.555542528191728e-05,-1.4476783194208234,-0.0483015571224555,-0.0482883932765807,-0.0482055138790577,6.0,-0.0481529245349189,-0.048263591827831,-0.0483680073946086,8.112969470659465e-05,-0.2895815509669863,0.0,0.0,0.0,6.0,0.0,0.0,0.0,0.0,0.0,0.0,0.0,0.0725806451612903,6.0,0.1621621621621621,-0.1235106073815751,-1.0,0.4345417334524854,-0.7410636442894507,0.0,0.0,3.0,5.0,6.0,1.8,0.0,2.683281572999748,9.0,0.0,0.0,0.0,6.0,0.0,0.0,0.0,0.0,0.0,1.0,1.0,1.0,6.0,1.0,0.6666666666666666,-1.0,0.816496580927726,4.0,0.999994675519484,0.999999999985545,0.99999999999743,5.0,0.999655020045464,0.9999973377525144,0.9999999999944588,6.0,0.999999999999543,0.6665894128426877,-1.0,0.8164587548924518,3.999536477056126,0.999999999999543,0.9999072954112252,0.999541801554124,0.0002043302853203,4.999536477056126,1.0,1.0,1.0,6.0,1.0,0.8333333333333334,0.0,0.408248290463863,5.0,1.0,1.0,1.75,6.0,2.0,1.1666666666666667,0.0,0.752772652709081,7.0,0.0,0.0,0.0,6.0,0.0,0.0,0.0,0.0,0.0,0.0,0.0,2.25,6.0,6.0,1.3333333333333333,-1.0,2.6583202716502514,8.0
329727,stu_LJJLQ6002G,N,0.0,0.0,0.25,8.0,1.0,0.25,0.0,0.4629100498862757,2.0,0.0,1.0,1.0,8.0,1.0,0.625,0.0,0.5175491695067657,5.0,0.0,0.0,0.0,8.0,1.0,0.125,0.0,0.3535533905932738,1.0,0.0,0.0,0.0,8.0,0.0,0.0,0.0,0.0,0.0,-0.1449614505420487,-0.1449319969872317,-0.1448983609395783,8.0,-0.1448759956094632,-0.1449291903144073,-0.1449812183239811,3.838419386995282e-05,-1.1594335225152583,-0.2415335703137188,-0.2415125404462287,-0.2414823017567916,8.0,-0.2413990114476916,-0.2415003598530558,-0.2415949869190546,6.577700771620673e-05,-1.9320028788244463,-0.0483210754223591,-0.0483087187242247,-0.0482936690877201,8.0,-0.0482719127872636,-0.0483049728249387,-0.0483302035295321,2.223572587276604e-05,-0.3864397825995097,1.75,2.0,3.0,8.0,3.0,2.125,1.0,0.8345229603962802,17.0,0.4736842105263157,0.520197745546878,0.5833964885689024,8.0,0.6210526315789474,0.5316906415215725,0.4736842105263157,0.0591243621365675,4.25352513217258,63.0,84.5,115.75,8.0,118.0,88.625,63.0,25.76230635194428,709.0,0.0,0.0,0.25,8.0,2.0,0.375,0.0,0.7440238091428449,3.0,1.0,3.0,3.25,8.0,5.0,2.625,1.0,1.5059406173077154,21.0,,,,0.0,-1.0,-1.0,-1.0,3.0,-1.0,-1.0,-1.0,0.0,-3.0,,,,,,0.0,1.0,1.0,8.0,1.0,0.625,0.0,0.5175491695067657,5.0,1.75,2.0,3.0,8.0,3.0,2.125,1.0,0.8345229603962802,17.0,0.0,0.0,0.0,8.0,0.0,0.0,0.0,0.0,0.0,63.0,84.5,115.75,8.0,118.0,88.625,63.0,25.76230635194428,709.0
331492,stu_NRFZB9480U,G,0.0,0.0,0.0,4.0,0.0,0.0,0.0,0.0,0.0,0.0,0.0,0.25,4.0,1.0,0.25,0.0,0.5,1.0,0.0,0.0,0.0,4.0,0.0,0.0,0.0,0.0,0.0,0.0,0.0,0.25,4.0,1.0,0.25,0.0,0.5,1.0,-0.156775105613075,-0.1567575125620381,-0.1567343348998308,4.0,-0.1566886967249381,-0.1567519279508677,-0.1568039899544564,4.795100403762264e-05,-0.6270077118034709,-0.2612573635635729,-0.261243279967643,-0.2612340409456111,4.0,-0.2612074682670502,-0.2612481245415409,-0.2612984699638273,3.757137660706133e-05,-1.0449924981661638,-0.0522636581511864,-0.0522482165487152,-0.0522342016160375,4.0,-0.0521945829195785,-0.0522496432185087,-0.052307556857026,4.6155551529854015e-05,-0.2089985728740349,0.0,0.0,0.0,4.0,0.0,0.0,0.0,0.0,0.0,0.6,0.6,0.6,4.0,0.6,0.6,0.6,0.0,2.4,3.0,3.0,3.0,4.0,3.0,3.0,3.0,0.0,12.0,2.75,3.5,4.0,4.0,4.0,3.25,2.0,0.957427107756338,13.0,1.0,1.0,1.0,4.0,1.0,1.0,1.0,0.0,4.0,,,,0.0,-1.0,-1.0,-1.0,3.0,-1.0,-1.0,-1.0,0.0,-3.0,,,,,,0.0,0.0,0.25,4.0,1.0,0.25,0.0,0.5,1.0,4.0,4.0,4.0,4.0,4.0,4.0,4.0,0.0,16.0,0.0,0.0,0.25,4.0,1.0,0.25,0.0,0.5,1.0,3.0,3.0,3.0,4.0,3.0,3.0,3.0,0.0,12.0
336305,stu_NRFZB9480U,N,0.0,0.0,0.0,8.0,0.0,0.0,0.0,0.0,0.0,1.0,1.0,1.0,8.0,1.0,1.0,1.0,0.0,8.0,0.0,0.0,0.0,8.0,0.0,0.0,0.0,0.0,0.0,0.0,0.0,0.0,8.0,0.0,0.0,0.0,0.0,0.0,-0.1568911312506156,-0.1568719360570299,-0.1568446233411964,8.0,-0.156834384887384,-0.1568869427922378,-0.1570236818441606,6.380652085761024e-05,-1.2550955423379029,-0.2615330236329849,-0.2615052836791384,-0.2614924741679975,8.0,-0.261490818620697,-0.2615206299159817,-0.2616134359304388,4.143825861830348e-05,-2.092165039327854,-0.0523673396618503,-0.0522897807039835,-0.0522610413183565,8.0,-0.0521892729614164,-0.0522949952965177,-0.0523678279338652,7.015543995437093e-05,-0.4183599623721417,0.0,0.0,0.0,8.0,0.0,0.0,0.0,0.0,0.0,0.0,0.0,0.0,8.0,0.0,-0.125,-1.0,0.3535533905932738,-1.0,0.0,0.0,0.0,7.0,0.0,0.0,0.0,0.0,0.0,0.0,0.0,0.0,8.0,0.0,0.0,0.0,0.0,0.0,1.0,1.0,1.0,8.0,1.0,0.75,-1.0,0.7071067811865476,6.0,0.9291819290459568,0.9787156693897514,0.9999966662501436,4.0,0.844421295197374,0.957435473662151,0.999995865117352,5.0,0.999999069648519,0.5603703407250792,-1.0,0.874592088595803,2.801851703625396,0.999999069648519,0.950462925906349,0.844421295197374,0.073486473742568,3.801851703625396,1.0,1.0,1.0,8.0,1.0,1.0,1.0,0.0,8.0,0.0,0.0,0.25,8.0,1.0,0.25,0.0,0.4629100498862757,2.0,1.0,1.0,1.0,8.0,1.0,0.875,0.0,0.3535533905932738,7.0,0.0,0.0,0.0,8.0,0.0,-0.125,-1.0,0.3535533905932738,-1.0
339554,stu_NRFZB9480U,N,0.0,0.0,0.25,4.0,1.0,0.25,0.0,0.5,1.0,0.0,0.0,0.0,4.0,0.0,0.0,0.0,0.0,0.0,0.0,0.5,1.0,4.0,1.0,0.5,0.0,0.5773502691896257,2.0,0.0,0.0,0.25,4.0,1.0,0.25,0.0,0.5,1.0,-0.1553939442971702,-0.1547980311907352,-0.1546012804564812,4.0,-0.1545784155935334,-0.1551971935629161,-0.1566142962766606,0.0009628546304953,-0.6207887742516647,-0.2592325758102842,-0.2590549821233647,-0.2588483591393093,4.0,-0.2587610423703948,-0.2590259528262288,-0.2592328046877912,0.0002433622081505,-1.0361038113049157,-0.052283372133788,-0.0521228221918886,-0.0515762169297083,4.0,-0.0503327712097632,-0.0517367668716077,-0.0523686518928904,0.0009492932601656,-0.206947067486431,1.75,2.5,3.0,4.0,3.0,2.25,1.0,0.957427107756338,9.0,0.7352941176470589,0.7352941176470589,0.7352941176470589,4.0,0.7352941176470589,0.7352941176470589,0.7352941176470589,0.0,2.9411764705882355,25.0,25.0,25.0,4.0,25.0,25.0,25.0,0.0,100.0,0.0,0.0,0.0,4.0,0.0,0.0,0.0,0.0,0.0,5.0,5.0,5.0,4.0,5.0,5.0,5.0,0.0,20.0,0.420309281690997,0.420309281690997,0.420309281690997,1.0,-1.0,-1.0,-0.6449226795772507,4.0,0.420309281690997,-0.6449226795772507,-1.0,0.7101546408454985,-2.5796907183090028,0.420309281690997,0.420309281690997,0.420309281690997,,0.420309281690997,0.0,0.0,0.25,4.0,1.0,0.25,0.0,0.5,1.0,1.75,2.5,3.0,4.0,3.0,2.25,1.0,0.957427107756338,9.0,0.0,0.0,0.0,4.0,0.0,0.0,0.0,0.0,0.0,25.0,25.0,25.0,4.0,25.0,25.0,25.0,0.0,100.0
342173,stu_NRFZB9480U,N,0.0,0.5,1.0,4.0,1.0,0.5,0.0,0.5773502691896257,2.0,0.0,0.5,1.0,4.0,1.0,0.5,0.0,0.5773502691896257,2.0,0.0,0.0,0.0,4.0,0.0,0.0,0.0,0.0,0.0,0.0,0.0,0.0,4.0,0.0,0.0,0.0,0.0,0.0,-0.1566799536041642,-0.1565577940494364,-0.1565354784925054,4.0,-0.1565235081988901,-0.1566576380472332,-0.15699145589117,0.0002236324826128,-0.626630552188933,-0.2613563836023446,-0.2612351166698939,-0.2612080633485684,4.0,-0.2611731366410026,-0.261329330281019,-0.2616739511432855,0.0002319392190812,-1.045317321124076,-0.0523041236944212,-0.0522985085662499,-0.0522030666458374,4.0,-0.0519264910663973,-0.0522086817740087,-0.0523112188971377,0.0001882412353676,-0.208834727096035,0.75,1.5,2.0,4.0,2.0,1.25,0.0,0.957427107756338,5.0,0.1571428571428571,0.5428571428571428,0.5428571428571428,4.0,0.5428571428571428,0.1571428571428571,-1.0,0.7714285714285714,0.6285714285714284,38.0,38.0,38.0,3.0,38.0,38.0,38.0,0.0,114.0,0.0,0.0,0.0,4.0,0.0,0.0,0.0,0.0,0.0,2.0,3.0,3.0,4.0,3.0,2.0,-1.0,2.0,8.0,0.999207895297382,0.999207895297382,0.999207895297382,1.0,-1.0,-1.0,-0.5001980261756545,4.0,0.999207895297382,-0.5001980261756545,-1.0,0.999603947648691,-2.000792104702618,0.999207895297382,0.999207895297382,0.999207895297382,,0.999207895297382,0.0,0.5,1.0,4.0,1.0,0.5,0.0,0.5773502691896257,2.0,0.0,0.5,1.25,4.0,2.0,0.75,0.0,0.957427107756338,3.0,0.0,0.0,0.0,4.0,0.0,0.0,0.0,0.0,0.0,28.25,38.0,38.0,4.0,38.0,28.25,-1.0,19.5,113.0
345494,stu_HRITQ2307H,N,0.0,0.0,0.0,2.0,0.0,0.0,0.0,0.0,0.0,1.0,1.0,1.0,2.0,1.0,1.0,1.0,0.0,2.0,0.0,0.0,0.0,2.0,0.0,0.0,0.0,0.0,0.0,0.0,0.0,0.0,2.0,0.0,0.0,0.0,0.0,0.0,-0.1379619499239643,-0.1379413149490232,-0.1379206799740821,2.0,-0.137900044999141,-0.1379413149490232,-0.1379825848989054,5.836452284190049e-05,-0.2758826298980464,-0.2297841288950012,-0.2297118178167994,-0.2296395067385976,2.0,-0.2295671956603957,-0.2297118178167994,-0.2298564399732031,0.0002045266150057,-0.4594236356335989,-0.0460121404087017,-0.045977165738284,-0.0459421910678662,2.0,-0.0459072163974484,-0.045977165738284,-0.0460471150791195,9.89233064886789e-05,-0.091954331476568,2.25,2.5,2.75,2.0,3.0,2.5,2.0,0.7071067811865476,5.0,0.6699438202247191,0.6732209737827715,0.6764981273408239,2.0,0.6797752808988764,0.6732209737827715,0.6666666666666666,0.009269190015554,1.346441947565543,87.25,98.5,109.75,2.0,121.0,98.5,76.0,31.81980515339464,197.0,0.0,0.0,0.0,2.0,0.0,0.0,0.0,0.0,0.0,3.0,4.0,5.0,2.0,6.0,4.0,2.0,2.8284271247461903,8.0,,,,0.0,-1.0,-1.0,-1.0,1.0,-1.0,-1.0,-1.0,,-1.0,,,,,,0.0,0.0,0.0,2.0,0.0,0.0,0.0,0.0,0.0,3.0,3.0,3.0,2.0,3.0,3.0,3.0,0.0,6.0,0.0,0.0,0.0,2.0,0.0,0.0,0.0,0.0,0.0,87.25,98.5,109.75,2.0,121.0,98.5,76.0,31.81980515339464,197.0
345876,stu_HRITQ2307H,N,0.0,0.0,0.0,2.0,0.0,0.0,0.0,0.0,0.0,0.25,0.5,0.75,2.0,1.0,0.5,0.0,0.7071067811865476,1.0,0.0,0.0,0.0,2.0,0.0,0.0,0.0,0.0,0.0,0.0,0.0,0.0,2.0,0.0,0.0,0.0,0.0,0.0,-0.1379899925324878,-0.1379839874323584,-0.1379779823322291,2.0,-0.1379719772320997,-0.1379839874323584,-0.1379959976326172,1.698498809267782e-05,-0.2759679748647169,-0.2300144023184847,-0.2299878106066368,-0.2299612188947888,2.0,-0.2299346271829409,-0.2299878106066368,-0.2300409940303326,7.521271908415131e-05,-0.4599756212132736,-0.0459725228689222,-0.045956353431527,-0.0459401839941317,2.0,-0.0459240145567364,-0.045956353431527,-0.0459886923063175,4.57340753206403e-05,-0.091912706863054,1.0,1.0,1.0,2.0,1.0,1.0,1.0,0.0,2.0,0.5454545454545454,0.5454545454545454,0.5454545454545454,2.0,0.5454545454545454,0.5454545454545454,0.5454545454545454,0.0,1.0909090909090908,30.0,30.0,30.0,2.0,30.0,30.0,30.0,0.0,60.0,4.0,4.0,4.0,2.0,4.0,4.0,4.0,0.0,8.0,2.0,2.0,2.0,2.0,2.0,2.0,2.0,0.0,4.0,,,,0.0,-1.0,-1.0,-1.0,2.0,-1.0,-1.0,-1.0,0.0,-2.0,,,,,,0.0,0.0,0.0,2.0,0.0,0.0,0.0,0.0,0.0,4.0,4.0,4.0,2.0,4.0,4.0,4.0,0.0,8.0,0.0,0.0,0.0,2.0,0.0,0.0,0.0,0.0,0.0,30.0,30.0,30.0,2.0,30.0,30.0,30.0,0.0,60.0
346573,stu_HRITQ2307H,N,0.0,0.0,0.0,8.0,0.0,0.0,0.0,0.0,0.0,0.0,1.0,1.0,8.0,1.0,0.625,0.0,0.5175491695067657,5.0,0.0,0.0,0.0,8.0,0.0,0.0,0.0,0.0,0.0,0.0,0.0,0.0,8.0,1.0,0.125,0.0,0.3535533905932738,1.0,-0.1381850011062184,-0.1381450692054925,-0.1380389038715279,8.0,-0.1379962878119522,-0.1381345260229835,-0.138283887775194,0.0001080990784633,-1.1050762081838683,-0.2303007045352565,-0.2301862932718525,-0.2301651504830749,8.0,-0.2300525044772929,-0.2302173666423205,-0.2303822771705705,0.0001097526325591,-1.841738933138564,-0.0460931488064198,-0.0460707485738567,-0.0460388369075318,8.0,-0.0458972535736097,-0.0460518828868061,-0.0461309769069661,7.275288407975414e-05,-0.368415063094449,0.0,0.5,2.0,8.0,2.0,0.875,0.0,0.9910312089651148,7.0,0.2953431372549019,0.6575342465753424,0.6575342465753424,8.0,0.7282608695652174,0.5152759601089822,0.1935483870967742,0.2192809336765796,4.122207680871858,10.5,48.0,48.0,8.0,67.0,35.625,6.0,23.268234017340344,285.0,1.75,2.0,2.0,8.0,2.0,1.625,0.0,0.7440238091428449,13.0,1.0,2.0,3.0,8.0,3.0,2.0,1.0,1.0690449676496976,16.0,,,,0.0,-1.0,-1.0,-1.0,4.0,-1.0,-1.0,-1.0,0.0,-4.0,,,,,,0.0,0.5,1.0,8.0,1.0,0.5,0.0,0.5345224838248488,4.0,2.0,3.0,4.0,8.0,5.0,3.0,1.0,1.3093073414159542,24.0,0.0,0.0,0.0,8.0,0.0,0.0,0.0,0.0,0.0,10.5,48.0,48.0,8.0,67.0,35.625,6.0,23.268234017340344,285.0
347162,stu_HRITQ2307H,N,0.5,1.0,1.0,3.0,1.0,0.6666666666666666,0.0,0.5773502691896258,2.0,0.0,0.0,0.5,3.0,1.0,0.3333333333333333,0.0,0.5773502691896258,1.0,0.0,0.0,0.0,3.0,0.0,0.0,0.0,0.0,0.0,0.0,0.0,0.0,3.0,0.0,0.0,0.0,0.0,0.0,-0.1381659943597687,-0.1380794080703869,-0.1380745395059868,3.0,-0.1380696709415866,-0.138133886553708,-0.1382525806491505,0.0001029073327756,-0.4144016596611242,-0.2301617569969625,-0.2300752351918774,-0.2294274904316165,3.0,-0.2287797456713556,-0.2297010865550935,-0.2302482788020476,0.0008025819526941,-0.6891032596652806,-0.0460953815751927,-0.0460837099174916,-0.0459861774187465,3.0,-0.0458886449200014,-0.0460264693567956,-0.0461070532328938,0.0001199287668856,-0.1380794080703869,2.0,2.0,2.5,3.0,3.0,2.333333333333333,2.0,0.5773502691896258,7.0,0.3993135011441647,0.4565217391304347,0.5009881422924901,3.0,0.5454545454545454,0.4480271825809583,0.3421052631578947,0.1019404275587949,1.344081547742875,17.0,21.0,25.5,3.0,30.0,21.33333333333333,13.0,8.504900548115383,64.0,0.0,0.0,0.0,3.0,0.0,0.0,0.0,0.0,0.0,2.0,3.0,3.5,3.0,4.0,2.6666666666666665,1.0,1.5275252316519463,8.0,,,,0.0,-1.0,-1.0,-1.0,1.0,-1.0,-1.0,-1.0,,-1.0,,,,,,0.5,1.0,1.0,3.0,1.0,0.6666666666666666,0.0,0.5773502691896258,2.0,1.0,1.0,1.0,3.0,1.0,1.0,1.0,0.0,3.0,0.0,0.0,0.0,3.0,0.0,0.0,0.0,0.0,0.0,17.0,21.0,25.5,3.0,30.0,21.33333333333333,13.0,8.504900548115383,64.0
348157,stu_HRITQ2307H,N,0.0,0.0,0.0,8.0,1.0,0.125,0.0,0.3535533905932738,1.0,0.75,1.0,1.0,8.0,1.0,0.75,0.0,0.4629100498862757,6.0,0.0,0.0,0.0,8.0,1.0,0.125,0.0,0.3535533905932738,1.0,0.0,0.0,0.0,8.0,0.0,0.0,0.0,0.0,0.0,-0.1382938667201069,-0.138243762421578,-0.138070460874221,8.0,-0.1359167982122616,-0.1379102818812407,-0.1383654926526564,0.0008290801047213,-1.1032822550499255,-0.2304629631468042,-0.2301888404015709,-0.2281398841163635,8.0,-0.2279859439790879,-0.2295105824781696,-0.2305002511913658,0.0011931649697724,-1.836084659825357,-0.0461256569524891,-0.0460810176981048,-0.0460716352329362,8.0,-0.0459721843263646,-0.0460851084206761,-0.0461547393702967,5.649373809553002e-05,-0.3686808673654093,0.75,1.5,2.0,8.0,2.0,1.25,0.0,0.8864052604279183,10.0,0.0293831957260806,0.1162269785963165,0.6666666666666666,8.0,0.6666666666666666,0.285127652856947,0.0,0.3208145924877955,2.281021222855576,1.0,2.0,2.0,8.0,9.0,2.375,0.0,2.774243783705493,19.0,0.75,2.0,2.0,8.0,2.0,1.375,0.0,0.9161253813129044,11.0,1.0,1.0,3.0,8.0,3.0,1.75,1.0,1.035098339013531,14.0,1.0,1.0,1.0,1.0,-1.0,-1.0,0.0,3.0,1.0,-0.3333333333333333,-1.0,1.1547005383792517,-1.0,1.0,1.0,1.0,,1.0,0.75,1.0,1.0,8.0,1.0,0.75,0.0,0.4629100498862757,6.0,1.75,2.5,3.25,8.0,4.0,2.375,0.0,1.407885953173359,19.0,0.0,0.0,0.25,8.0,1.0,0.25,0.0,0.4629100498862757,2.0,1.0,2.0,2.0,8.0,9.0,2.375,0.0,2.774243783705493,19.0
354476,stu_HRITQ2307H,N,0.0,0.0,0.0,2.0,0.0,0.0,0.0,0.0,0.0,1.0,1.0,1.0,2.0,1.0,1.0,1.0,0.0,2.0,0.0,0.0,0.0,2.0,0.0,0.0,0.0,0.0,0.0,0.0,0.0,0.0,2.0,0.0,0.0,0.0,0.0,0.0,-0.1380719601341191,-0.1380315929643906,-0.137991225794662,2.0,-0.1379508586249335,-0.1380315929643906,-0.1381123273038477,0.0001141755978094,-0.2760631859287812,-0.2302316176718883,-0.2301844554693959,-0.2301372932669035,2.0,-0.2300901310644112,-0.2301844554693959,-0.2302787798743806,0.0001333948527921,-0.4603689109387919,-0.0460722881364402,-0.0459892243017652,-0.0459061604670901,2.0,-0.045823096632415,-0.0459892243017652,-0.0461553519711153,0.0002349400030803,-0.0919784486035304,0.0,0.0,0.0,2.0,0.0,0.0,0.0,0.0,0.0,-0.75,-0.5,-0.25,2.0,0.0,-0.5,-1.0,0.7071067811865476,-1.0,0.0,0.0,0.0,1.0,0.0,0.0,0.0,,0.0,0.0,0.0,0.0,2.0,0.0,0.0,0.0,0.0,0.0,-0.5,0.0,0.5,2.0,1.0,0.0,-1.0,1.4142135623730951,0.0,,,,0.0,-1.0,-1.0,-1.0,1.0,-1.0,-1.0,-1.0,,-1.0,,,,,,1.0,1.0,1.0,2.0,1.0,1.0,1.0,0.0,2.0,0.0,0.0,0.0,2.0,0.0,0.0,0.0,0.0,0.0,0.25,0.5,0.75,2.0,1.0,0.5,0.0,0.7071067811865476,1.0,-0.75,-0.5,-0.25,2.0,0.0,-0.5,-1.0,0.7071067811865476,-1.0
355768,stu_HRITQ2307H,N,0.0,0.0,0.0,7.0,0.0,0.0,0.0,0.0,0.0,0.0,0.0,0.5,7.0,1.0,0.2857142857142857,0.0,0.4879500364742665,2.0,0.0,0.0,1.0,7.0,1.0,0.4285714285714285,0.0,0.5345224838248488,3.0,0.0,0.0,0.0,7.0,1.0,0.1428571428571428,0.0,0.3779644730092272,1.0,-0.1382425372199409,-0.1380907895487529,-0.1380829063434824,7.0,-0.1380211465083266,-0.1381464855570091,-0.1382625757151376,9.907456240851042e-05,-0.967025398899064,-0.2303264498907095,-0.2302772644934084,-0.2301817471289349,7.0,-0.2301440076942965,-0.2302526268860513,-0.2303307219753652,8.170242549827854e-05,-1.6117683882023592,-0.0461198211236386,-0.0460226432885253,-0.0459680412103022,7.0,-0.0459055398057345,-0.046036968014433,-0.0461548683388901,9.888651779427947e-05,-0.3222587761010316,1.5,2.0,3.0,7.0,3.0,2.142857142857143,1.0,0.8997354108424372,15.0,0.5217391304347826,0.5217391304347826,0.5217391304347826,7.0,0.5657894736842105,0.5280320366132724,0.5217391304347826,0.0166494647721455,3.6962242562929055,36.0,36.0,36.0,7.0,43.0,37.0,36.0,2.6457513110645907,259.0,0.0,1.0,1.0,7.0,1.0,0.5714285714285714,0.0,0.5345224838248488,4.0,4.0,4.0,4.0,7.0,4.0,3.571428571428572,1.0,1.1338934190276817,25.0,0.4358385026546775,0.603984697617047,0.7721308925794165,2.0,-1.0,-1.0,-0.3661538461538459,7.0,0.940277087541786,-0.541718657823701,-1.0,0.8063876697256634,-3.792030604765907,0.940277087541786,0.603984697617047,0.267692307692308,0.475589258754427,1.207969395234094,0.0,0.0,0.5,7.0,1.0,0.2857142857142857,0.0,0.4879500364742665,2.0,1.5,3.0,4.0,7.0,5.0,2.7142857142857144,0.0,1.7994708216848745,19.0,0.0,0.0,0.0,7.0,0.0,0.0,0.0,0.0,0.0,36.0,36.0,36.0,7.0,43.0,37.0,36.0,2.6457513110645907,259.0
357016,stu_HRITQ2307H,G,1.0,1.0,1.0,7.0,1.0,0.8571428571428571,0.0,0.3779644730092272,6.0,0.0,0.0,0.0,7.0,1.0,0.1428571428571428,0.0,0.3779644730092272,1.0,0.0,0.0,0.0,7.0,0.0,0.0,0.0,0.0,0.0,0.0,0.0,0.0,7.0,0.0,0.0,0.0,0.0,0.0,-0.1382688790551392,-0.1382086990852523,-0.138092385535096,7.0,-0.1378472001180027,-0.1381643523132137,-0.1383720378087706,0.0001834576992887,-0.9671504661924962,-0.2304204679952849,-0.2301995286737474,-0.2301014480584804,7.0,-0.2299701580304176,-0.2302418487964615,-0.2304794227635346,0.0001992159672472,-1.6116929415752306,-0.0461083106766792,-0.0460583353467437,-0.0460232236471955,7.0,-0.0459364600259978,-0.0460590400679861,-0.046155416455412,7.970114386218372e-05,-0.3224132804759033,4.0,4.0,5.0,7.0,5.0,4.285714285714286,3.0,0.7559289460184545,30.0,0.5945945945945946,0.5945945945945946,0.5972222222222222,7.0,0.6329113924050633,0.5906023633871735,0.5230769230769231,0.0328765311875667,4.134216543710215,43.0,44.0,44.0,7.0,50.0,43.142857142857146,34.0,4.705619740571601,302.0,0.0,0.0,0.0,7.0,0.0,0.0,0.0,0.0,0.0,2.0,3.0,3.0,7.0,4.0,2.571428571428572,1.0,0.9759000729485332,18.0,0.2948472815041162,0.483347884220722,0.775290707330576,6.0,0.2318605796108475,0.307898327999214,0.7364596183677941,7.0,0.990357652618996,0.3192709109393561,-1.0,0.6548887597358591,2.234896376575493,0.990357652618996,0.5391493960959155,0.173224226549278,0.329460376953288,3.234896376575493,0.0,1.0,1.0,7.0,1.0,0.5714285714285714,0.0,0.5345224838248488,4.0,1.0,1.0,2.0,7.0,2.0,1.2857142857142858,0.0,0.7559289460184545,9.0,0.0,0.0,0.0,7.0,0.0,0.0,0.0,0.0,0.0,43.0,44.0,44.0,7.0,50.0,43.142857142857146,34.0,4.705619740571601,302.0
357287,stu_HRITQ2307H,N,0.0,0.0,0.0,5.0,1.0,0.2,0.0,0.447213595499958,1.0,0.0,0.0,0.0,5.0,0.0,0.0,0.0,0.0,0.0,0.0,1.0,1.0,5.0,1.0,0.6,0.0,0.5477225575051662,3.0,0.0,0.0,0.0,5.0,1.0,0.2,0.0,0.447213595499958,1.0,-0.1378412998048555,-0.1376903098241536,-0.1376553593353471,5.0,-0.1375133649140335,-0.137770882952869,-0.1381540808859551,0.0002439018576021,-0.688854414764345,-0.2298024666168727,-0.2296528630485497,-0.2295398865607471,5.0,-0.2295120615867249,-0.2296635029575037,-0.229810236974624,0.0001406862470166,-1.1483175147875186,-0.0460419240932359,-0.0459567725794554,-0.0458426031321641,5.0,-0.0458057825987535,-0.0459604933233745,-0.0461553842132636,0.0001435799243223,-0.2298024666168727,2.0,3.0,4.0,5.0,4.0,3.0,2.0,1.0,15.0,0.6621621621621622,0.6621621621621622,0.6621621621621622,5.0,0.6621621621621622,0.6621621621621622,0.6621621621621622,0.0,3.310810810810811,49.0,49.0,49.0,5.0,49.0,49.0,49.0,0.0,245.0,1.0,1.0,1.0,5.0,1.0,1.0,1.0,0.0,5.0,5.0,5.0,5.0,5.0,5.0,5.0,5.0,0.0,25.0,,,,0.0,-1.0,-1.0,-1.0,4.0,-1.0,-1.0,-1.0,0.0,-4.0,,,,,,0.0,0.0,0.0,5.0,1.0,0.2,0.0,0.447213595499958,1.0,4.0,4.0,4.0,5.0,4.0,4.0,4.0,0.0,20.0,0.0,0.0,0.0,5.0,0.0,0.0,0.0,0.0,0.0,49.0,49.0,49.0,5.0,49.0,49.0,49.0,0.0,245.0
357932,stu_HRITQ2307H,N,0.0,0.0,0.0,7.0,0.0,0.0,0.0,0.0,0.0,0.5,1.0,1.0,7.0,1.0,0.7142857142857143,0.0,0.4879500364742665,5.0,0.0,0.0,0.5,7.0,1.0,0.2857142857142857,0.0,0.4879500364742665,2.0,0.0,0.0,0.0,7.0,0.0,0.0,0.0,0.0,0.0,-0.1381528718053921,-0.1380400726494054,-0.1380056380349724,7.0,-0.1379823269617187,-0.1380821993192294,-0.1382359759427526,9.874733641604356e-05,-0.966575395234606,-0.2301826176669402,-0.2301606768849911,-0.2301416378963931,7.0,-0.230103833977458,-0.2301665081078205,-0.2302525347656274,4.704719602380623e-05,-1.6111655567547434,-0.046115194375351,-0.0460824202315578,-0.0460441971646942,7.0,-0.0458647212459291,-0.0460580129252603,-0.0461401659192446,9.330149079202014e-05,-0.3224060904768222,1.0,1.0,1.0,7.0,2.0,1.0,0.0,0.5773502691896257,7.0,0.0,0.0,0.5,7.0,0.5,0.2142857142857142,0.0,0.2672612419124243,1.5,0.0,0.0,1.0,7.0,1.0,0.4285714285714285,0.0,0.5345224838248487,3.0,0.0,0.0,0.0,7.0,0.0,0.0,0.0,0.0,0.0,1.0,1.0,2.0,7.0,2.0,1.4285714285714286,1.0,0.5345224838248488,10.0,,,,0.0,-1.0,-1.0,-1.0,1.0,-1.0,-1.0,-1.0,,-1.0,,,,,,1.0,1.0,1.0,7.0,1.0,0.8571428571428571,0.0,0.3779644730092272,6.0,1.0,1.0,1.0,7.0,1.0,0.8571428571428571,0.0,0.3779644730092272,6.0,1.0,1.0,1.0,7.0,1.0,0.8571428571428571,0.0,0.3779644730092272,6.0,0.0,0.0,1.0,7.0,1.0,0.4285714285714285,0.0,0.5345224838248487,3.0
360857,stu_QZCIG9786F,N,0.0,0.0,0.0,8.0,0.0,0.0,0.0,0.0,0.0,1.0,1.0,1.0,8.0,1.0,1.0,1.0,0.0,8.0,0.0,0.0,0.0,8.0,0.0,0.0,0.0,0.0,0.0,0.0,0.0,0.0,8.0,0.0,0.0,0.0,0.0,0.0,-0.2202597393419552,-0.2202236171640023,-0.2201608886303289,8.0,-0.2201346216041589,-0.2202103641558336,-0.2202598305595763,5.465275251029053e-05,-1.7616829132466694,-0.3670418838031682,-0.3670006406679672,-0.3669630535350196,8.0,-0.3669235143449805,-0.3670062085915587,-0.3670996008407388,6.722923995665005e-05,-2.93604966873247,-0.0734199909530217,-0.0734199325737442,-0.0734198012203698,8.0,-0.0733208884807612,-0.0734075534303856,-0.0734200602784137,3.501806933575468e-05,-0.5872604274430854,0.0,0.0,1.25,8.0,2.0,0.625,0.0,0.9161253813129044,5.0,0.0,0.0,0.0,8.0,0.5652173913043478,0.0706521739130434,0.0,0.1998345251179372,0.5652173913043478,0.0,0.0,0.0,8.0,13.0,1.625,0.0,4.596194077712559,13.0,0.0,0.0,0.0,8.0,0.0,0.0,0.0,0.0,0.0,1.0,1.0,1.0,8.0,1.0,1.0,1.0,0.0,8.0,0.9864275265448968,0.999999999799831,0.999999999936355,4.0,0.9864275265448968,0.999999999799831,0.999999999936355,4.0,0.999999999980863,0.9864275266814208,0.945710107145158,0.0271449463575084,3.945710106725683,0.999999999980863,0.9864275266814208,0.945710107145158,0.0271449463575084,3.945710106725683,1.0,1.0,1.0,8.0,1.0,0.875,0.0,0.3535533905932738,7.0,0.0,0.0,0.25,8.0,2.0,0.375,0.0,0.7440238091428449,3.0,1.0,1.0,1.0,8.0,1.0,0.875,0.0,0.3535533905932738,7.0,0.0,0.0,0.0,8.0,13.0,1.625,0.0,4.596194077712559,13.0
361378,stu_QZCIG9786F,N,0.0,0.0,0.0,3.0,0.0,0.0,0.0,0.0,0.0,1.0,1.0,1.0,3.0,1.0,1.0,1.0,0.0,3.0,0.0,0.0,0.0,3.0,0.0,0.0,0.0,0.0,0.0,0.0,0.0,0.0,3.0,0.0,0.0,0.0,0.0,0.0,-0.2201709627044024,-0.2201685983436637,-0.2201684961799281,3.0,-0.2201683940161925,-0.2201701064749991,-0.2201733270651412,2.790983352897801e-06,-0.6605103194249975,-0.3669578413601503,-0.3669537037288576,-0.3669384266016769,3.0,-0.3669231494744962,-0.3669462773982657,-0.3669619789914431,2.0452277040173832e-05,-1.100838832194797,-0.0733997990204165,-0.0733797420898905,-0.0733742690326249,3.0,-0.0733687959753594,-0.0733894646720641,-0.0734198559509425,2.688264737202159e-05,-0.2201683940161924,0.0,0.0,0.0,3.0,0.0,0.0,0.0,0.0,0.0,-0.5,0.0,0.0,3.0,0.0,-0.3333333333333333,-1.0,0.5773502691896258,-1.0,0.0,0.0,0.0,2.0,0.0,0.0,0.0,0.0,0.0,0.0,0.0,0.0,3.0,0.0,0.0,0.0,0.0,0.0,0.0,1.0,1.0,3.0,1.0,0.3333333333333333,-1.0,1.1547005383792517,1.0,0.844421295197374,0.844421295197374,0.844421295197374,1.0,-0.5388946762006566,-0.077789352401313,0.3833159713980305,2.0,0.844421295197374,-0.077789352401313,-1.0,1.304202805198938,-0.155578704802626,0.844421295197374,0.844421295197374,0.844421295197374,,0.844421295197374,1.0,1.0,1.0,3.0,1.0,1.0,1.0,0.0,3.0,0.0,0.0,0.0,3.0,0.0,0.0,0.0,0.0,0.0,0.5,1.0,1.0,3.0,1.0,0.6666666666666666,0.0,0.5773502691896258,2.0,-0.5,0.0,0.0,3.0,0.0,-0.3333333333333333,-1.0,0.5773502691896258,-1.0
362702,stu_TMBRP6591T,G,0.0,0.0,0.75,6.0,1.0,0.3333333333333333,0.0,0.5163977794943223,2.0,0.0,0.0,0.0,6.0,0.0,0.0,0.0,0.0,0.0,0.0,0.0,0.0,6.0,0.0,0.0,0.0,0.0,0.0,0.0,0.0,0.0,6.0,1.0,0.1666666666666666,0.0,0.408248290463863,1.0,-0.1543451917243677,-0.1542234363147466,-0.1541588113445541,6.0,-0.1539326239488804,-0.1542200064406948,-0.1544174955170641,0.0001751088114029,-0.9253200386441692,-0.2570985560413376,-0.2570272351379217,-0.2569414473329086,6.0,-0.2569020703311088,-0.2570393881543378,-0.2572446072453609,0.0001292335987397,-1.5422363289260272,-0.0514876718589556,-0.0514338279555586,-0.0513495759150462,6.0,-0.0512022653841322,-0.0514078121049155,-0.0515498396059469,0.0001260921817155,-0.3084468726294932,1.25,2.0,2.0,6.0,2.0,1.6666666666666667,1.0,0.5163977794943222,10.0,0.6792452830188679,0.6792452830188679,0.6792452830188679,6.0,0.6792452830188679,0.6792452830188679,0.6792452830188679,0.0,4.075471698113208,36.0,36.0,36.0,6.0,36.0,36.0,36.0,0.0,216.0,3.0,3.5,4.0,6.0,4.0,3.5,3.0,0.5477225575051661,21.0,2.0,2.0,2.0,6.0,2.0,2.0,2.0,0.0,12.0,0.2845937057683237,0.3028379294128505,0.3210821530573772,2.0,-1.0,-1.0,-0.0502378884071522,6.0,0.339326376701904,-0.5657206901957165,-1.0,0.6731782885180047,-3.394324141174299,0.339326376701904,0.3028379294128505,0.266349482123797,0.0516024570261152,0.605675858825701,0.0,0.0,0.0,6.0,1.0,0.1666666666666666,0.0,0.408248290463863,1.0,4.0,4.0,4.0,6.0,5.0,4.166666666666667,4.0,0.408248290463863,25.0,0.0,0.0,0.0,6.0,0.0,0.0,0.0,0.0,0.0,36.0,36.0,36.0,6.0,36.0,36.0,36.0,0.0,216.0
363278,stu_TMBRP6591T,N,0.0,0.0,0.0,4.0,0.0,0.0,0.0,0.0,0.0,1.0,1.0,1.0,4.0,1.0,1.0,1.0,0.0,4.0,0.0,0.0,0.0,4.0,0.0,0.0,0.0,0.0,0.0,0.0,0.0,0.0,4.0,0.0,0.0,0.0,0.0,0.0,-0.154457056810604,-0.1544446478334377,-0.1544301809318405,4.0,-0.1544227171163667,-0.1544425899090067,-0.1544583468527846,1.7688700580230144e-05,-0.6177703596360269,-0.2574927100004606,-0.2574168585917675,-0.2573391028350935,4.0,-0.2573325144053851,-0.2574149542437866,-0.2574935853862261,9.019413684797587e-05,-1.0296598169751463,-0.0515475513168407,-0.0515432972491736,-0.0514888543976212,4.0,-0.0513361226180195,-0.0514931084652884,-0.0515497167447868,0.0001047406882168,-0.2059724338611536,0.0,0.0,0.0,4.0,0.0,0.0,0.0,0.0,0.0,0.0,0.0,0.0,4.0,0.0,0.0,0.0,0.0,0.0,0.0,0.0,0.0,4.0,0.0,0.0,0.0,0.0,0.0,0.0,0.0,0.0,4.0,0.0,0.0,0.0,0.0,0.0,1.0,1.0,1.0,4.0,1.0,1.0,1.0,0.0,4.0,0.99999192566945,0.99999192566945,0.99999192566945,1.0,0.99999192566945,0.99999192566945,0.99999192566945,1.0,0.99999192566945,0.99999192566945,0.99999192566945,,0.99999192566945,0.99999192566945,0.99999192566945,0.99999192566945,,0.99999192566945,1.0,1.0,1.0,4.0,1.0,1.0,1.0,0.0,4.0,0.0,0.5,1.25,4.0,2.0,0.75,0.0,0.957427107756338,3.0,1.0,1.0,1.0,4.0,1.0,1.0,1.0,0.0,4.0,0.0,0.0,0.0,4.0,0.0,0.0,0.0,0.0,0.0
363453,stu_TMBRP6591T,N,0.0,0.0,0.0,6.0,0.0,0.0,0.0,0.0,0.0,1.0,1.0,1.0,6.0,1.0,0.8333333333333334,0.0,0.408248290463863,5.0,0.0,0.0,0.0,6.0,0.0,0.0,0.0,0.0,0.0,0.0,0.0,0.0,6.0,1.0,0.1666666666666666,0.0,0.408248290463863,1.0,-0.1538691661597085,-0.1537943437132309,-0.153438292071372,6.0,-0.1506327574813622,-0.1532396460524122,-0.1540027162406957,0.0012970751802544,-0.9194378763144736,-0.2561575009858446,-0.2556291058517091,-0.2554192589903237,6.0,-0.2529520840351239,-0.2554520731584901,-0.2568192004786472,0.001337852119185,-1.532712438950941,-0.0515498396059469,-0.0514750171594693,-0.050927163889109,6.0,-0.0476827231624236,-0.0507503206068451,-0.0515498396059469,0.0015330068279861,-0.3045019236410707,0.0,0.0,0.0,6.0,0.0,0.0,0.0,0.0,0.0,0.4968387776606955,0.6027397260273972,0.6359790491539081,6.0,0.6470588235294118,0.3268559267753466,-1.0,0.6536007293673963,1.9611355606520795,44.0,44.0,44.0,5.0,44.0,37.6,12.0,14.310835055998654,188.0,0.0,0.0,0.0,6.0,0.0,0.0,0.0,0.0,0.0,1.0,1.0,1.0,6.0,1.0,0.6666666666666666,-1.0,0.816496580927726,4.0,0.7429800169397183,0.877262765126409,0.9881418965969124,4.0,-0.5847682119205297,0.7156290620657725,0.9307286617827816,6.0,0.999983911070187,0.2359060989401476,-1.0,0.9659121215684088,1.415436593640886,0.999983911070187,0.8538591484102215,0.660927152317881,0.165870910420887,3.415436593640886,0.0,0.5,1.0,6.0,1.0,0.5,0.0,0.5477225575051661,3.0,2.0,2.0,2.75,6.0,3.0,2.1666666666666665,1.0,0.752772652709081,13.0,0.0,0.0,0.0,6.0,0.0,0.0,0.0,0.0,0.0,20.0,44.0,44.0,6.0,44.0,31.166666666666668,-1.0,20.301888253723263,187.0
367377,stu_TMBRP6591T,N,0.0,0.0,0.0,8.0,0.0,0.0,0.0,0.0,0.0,0.0,0.0,0.0,8.0,1.0,0.125,0.0,0.3535533905932738,1.0,0.0,0.0,0.0,8.0,0.0,0.0,0.0,0.0,0.0,0.75,1.0,1.0,8.0,1.0,0.75,0.0,0.4629100498862757,6.0,-0.1544838405434974,-0.1544095402569501,-0.1543033728570118,8.0,-0.1540622424727456,-0.1544002795970104,-0.1546495188178407,0.0001932645288798,-1.2352022367760838,-0.2573895680565888,-0.2572851514281813,-0.2571619216846394,8.0,-0.2571619216846394,-0.2572825943802875,-0.2574120670065251,0.0001116079718839,-2.0582607550423004,-0.0515498396059469,-0.0515498396059469,-0.0514057388228395,8.0,-0.0513019672155223,-0.05147643006281,-0.0515498396059469,0.000107683348717,-0.4118114405024801,0.0,0.0,0.0,8.0,0.0,0.0,0.0,0.0,0.0,0.735632183908046,0.752816091954023,0.77,8.0,0.77,0.752816091954023,0.735632183908046,0.0183703704211068,6.022528735632184,64.0,70.5,77.0,8.0,77.0,70.5,64.0,6.948792289723034,564.0,1.0,1.0,1.0,8.0,1.0,1.0,1.0,0.0,8.0,1.0,1.0,1.0,8.0,1.0,1.0,1.0,0.0,8.0,0.7982967814563611,0.93387119699224,0.93387119699224,6.0,-1.0,-1.0,-1.0,7.0,-1.0,-1.0,-1.0,0.0,-7.0,0.93387119699224,0.8436670137572957,0.573411984963746,0.1508551500867006,5.062002082543774,0.0,0.0,0.0,8.0,1.0,0.125,0.0,0.3535533905932738,1.0,3.75,4.0,4.0,8.0,5.0,3.75,2.0,0.8864052604279183,30.0,0.0,0.0,0.0,8.0,0.0,0.0,0.0,0.0,0.0,64.0,70.5,77.0,8.0,77.0,70.5,64.0,6.948792289723034,564.0
367402,stu_TMBRP6591T,N,0.0,0.0,0.0,8.0,0.0,0.0,0.0,0.0,0.0,0.0,0.5,1.0,8.0,1.0,0.5,0.0,0.5345224838248488,4.0,0.0,0.0,0.0,8.0,0.0,0.0,0.0,0.0,0.0,0.0,0.5,1.0,8.0,1.0,0.5,0.0,0.5345224838248488,4.0,-0.1541860711644437,-0.1541216151283463,-0.1539970185543987,8.0,-0.1538433038855164,-0.1541362586428611,-0.1546495188178407,0.0002448074568079,-1.2330900691428888,-0.2568718004127986,-0.256741275787878,-0.2565305535407271,8.0,5.467701879089977,0.4588080638203095,-0.2571202103207984,2.023898750751219,3.670464510562476,-0.0515498396059469,-0.0513980139274006,-0.0513624609792077,8.0,-0.0511386847338002,-0.0514111063197696,-0.0515498396059469,0.0001414475963554,-0.4112888505581575,0.0,0.0,1.0,8.0,1.0,0.375,0.0,0.5175491695067657,3.0,0.1973684210526315,0.6742424242424242,0.803030303030303,8.0,0.803030303030303,0.5025917065390749,0.0,0.3635963266363705,4.020733652312599,3.75,59.0,106.0,8.0,106.0,55.125,0.0,54.51457865300149,441.0,0.0,0.0,0.0,8.0,0.0,0.0,0.0,0.0,0.0,1.0,1.0,1.0,8.0,1.0,1.0,1.0,0.0,8.0,0.269988694587607,0.5608894117892456,0.9697601655470912,8.0,-1.0,-0.0741049355045579,0.9697601655470912,8.0,0.999992414691376,-0.0235682203602056,-1.0,1.0448551706224192,-0.1885457628816449,0.999992414691376,0.6114261269335979,0.269988694587607,0.3678781421625395,4.891409015468783,0.0,1.0,1.0,8.0,1.0,0.625,0.0,0.5175491695067657,5.0,0.0,0.0,1.25,8.0,3.0,0.75,0.0,1.164964745021435,6.0,0.0,0.0,0.0,8.0,0.0,0.0,0.0,0.0,0.0,3.75,59.0,106.0,8.0,106.0,55.125,0.0,54.51457865300149,441.0
368085,stu_TMBRP6591T,N,0.0,0.0,0.0,4.0,0.0,0.0,0.0,0.0,0.0,0.0,0.0,0.25,4.0,1.0,0.25,0.0,0.5,1.0,0.0,0.0,0.0,4.0,0.0,0.0,0.0,0.0,0.0,0.0,0.0,0.25,4.0,1.0,0.25,0.0,0.5,1.0,-0.153926096949753,-0.1536989113071539,-0.1535194879405287,4.0,-0.1534096039904985,-0.1537466735831279,-0.1541792677277053,0.0003396552748418,-0.6149866943325116,-0.2568384589654868,-0.2565277123764007,-0.2562930322030378,4.0,-0.2562612879508068,-0.2566037787921239,-0.2570984024648874,0.0003974775708914,-1.0264151151684957,-0.0513642117507386,-0.0512108963806265,-0.0510676095527045,4.0,-0.0509878112292444,-0.0512209249228166,-0.0514740957007688,0.0002205073488711,-0.2048836996912665,0.0,0.5,1.25,4.0,2.0,0.75,0.0,0.957427107756338,3.0,0.6,0.6571428571428571,0.7142857142857143,4.0,0.7142857142857143,0.6571428571428571,0.6,0.0659828879073858,2.628571428571429,3.0,4.0,5.0,4.0,5.0,4.0,3.0,1.1547005383792517,16.0,2.75,3.0,3.0,4.0,3.0,2.75,2.0,0.5,11.0,1.0,2.0,3.0,4.0,3.0,2.0,1.0,1.1547005383792517,8.0,,,,0.0,-1.0,-1.0,-1.0,4.0,-1.0,-1.0,-1.0,0.0,-4.0,,,,,,0.0,0.0,0.25,4.0,1.0,0.25,0.0,0.5,1.0,4.0,4.0,4.25,4.0,5.0,4.25,4.0,0.5,17.0,0.0,0.0,0.25,4.0,1.0,0.25,0.0,0.5,1.0,3.0,4.0,5.0,4.0,5.0,4.0,3.0,1.1547005383792517,16.0
373378,stu_TMBRP6591T,N,0.0,0.0,0.0,3.0,0.0,0.0,0.0,0.0,0.0,1.0,1.0,1.0,3.0,1.0,1.0,1.0,0.0,3.0,0.0,0.0,0.0,3.0,0.0,0.0,0.0,0.0,0.0,0.0,0.0,0.0,3.0,0.0,0.0,0.0,0.0,0.0,-0.1544518044960109,-0.1544483336682391,-0.1543999570864648,3.0,-0.1543515805046905,-0.1544183964989041,-0.1544552753237826,5.796834875587672e-05,-0.4632551894967124,-0.2574223873439694,-0.2573944364300553,-0.2573596360064678,3.0,-0.2573248355828804,-0.257389870090273,-0.2574503382578835,6.28758216844063e-05,-0.7721696102708191,-0.0515493788765966,-0.0515491024389865,-0.0514528100047881,3.0,-0.0513565175705897,-0.0514850917745943,-0.0515496553142068,0.0001113488700855,-0.1544552753237831,0.5,1.0,1.5,3.0,2.0,1.0,0.0,1.0,3.0,0.0,0.0,0.0138888888888888,3.0,0.0277777777777777,0.0092592592592592,0.0,0.0160375074774896,0.0277777777777777,0.0,0.0,1.0,3.0,2.0,0.6666666666666666,0.0,1.1547005383792517,2.0,0.0,0.0,0.0,3.0,0.0,0.0,0.0,0.0,0.0,1.0,1.0,1.0,3.0,1.0,1.0,1.0,0.0,3.0,,,,0.0,,,,0.0,,,,,,,,,,,0.0,0.0,0.0,3.0,0.0,0.0,0.0,0.0,0.0,0.5,1.0,1.5,3.0,2.0,1.0,0.0,1.0,3.0,0.0,0.0,0.0,3.0,0.0,0.0,0.0,0.0,0.0,0.0,0.0,1.0,3.0,2.0,0.6666666666666666,0.0,1.1547005383792517,2.0
380102,stu_TMBRP6591T,N,0.0,0.0,0.0,8.0,0.0,0.0,0.0,0.0,0.0,0.75,1.0,1.0,8.0,1.0,0.75,0.0,0.4629100498862757,6.0,0.0,0.0,0.25,8.0,1.0,0.25,0.0,0.4629100498862757,2.0,0.0,0.0,0.0,8.0,0.0,0.0,0.0,0.0,0.0,-0.1543877938316191,-0.1542254328085975,-0.1541339626749316,8.0,-0.1528479441972753,-0.1541004369358797,-0.1544820590566765,0.000523191873238,-1.2328034954870382,-0.2571656075194413,-0.2569849708988604,-0.254854758032775,8.0,-0.2516114844871102,-0.2556772520688083,-0.2573584381101582,0.0023478132303565,-2.045418016550467,-0.0515471673757155,-0.0514618710153427,-0.0513892447121012,8.0,-0.0512213702945218,-0.0514379438044206,-0.0515498396059469,0.0001230403058261,-0.4115035504353653,0.0,0.5,2.0,8.0,2.0,0.875,0.0,0.9910312089651148,7.0,0.0986842105263157,0.3125,0.3177083333333333,8.0,0.3684210526315789,0.2213541666666666,0.0,0.1535976263387546,1.7708333333333333,3.75,10.5,15.0,8.0,15.0,8.875,0.0,6.706872807586473,71.0,0.0,0.0,0.0,8.0,0.0,0.0,0.0,0.0,0.0,1.0,1.0,3.0,8.0,3.0,1.75,1.0,1.035098339013531,14.0,0.8743411433051833,0.999971683476676,0.9999999200713576,4.0,-0.6256164618373923,0.7487388130869326,0.999985788453297,6.0,0.999999999995677,0.24957958659991,-1.0,0.9872879164521972,1.4974775195994603,0.999999999995677,0.8743693798998651,0.497534152650431,0.2512234862434883,3.4974775195994603,0.75,1.0,1.0,8.0,1.0,0.75,0.0,0.4629100498862757,6.0,0.0,0.0,1.25,8.0,2.0,0.625,0.0,0.9161253813129044,5.0,0.0,0.0,0.0,8.0,0.0,0.0,0.0,0.0,0.0,3.75,10.5,15.0,8.0,15.0,8.875,0.0,6.706872807586473,71.0
380850,stu_TMBRP6591T,N,0.0,0.0,0.0,7.0,0.0,0.0,0.0,0.0,0.0,0.0,0.0,1.0,7.0,1.0,0.4285714285714285,0.0,0.5345224838248487,3.0,0.0,1.0,1.0,7.0,1.0,0.5714285714285714,0.0,0.5345224838248488,4.0,0.0,0.0,0.0,7.0,0.0,0.0,0.0,0.0,0.0,-0.1543315234203109,-0.154108868282989,-0.1539372312423828,7.0,-0.1537451992492063,-0.1541111850934359,-0.1543867187964686,0.0002601006757542,-1.0787782956540517,-0.2567093318862611,-0.2566924077614626,-0.2415181023198473,7.0,-0.2264143191841074,-0.2480759790903899,-0.2569702582749422,0.0147975270869541,-1.7365318536327292,-0.0514736042561286,-0.0514056006040344,-0.0513106289273067,7.0,-0.0511147882381682,-0.0513673469042694,-0.0514825731208131,0.0001427808076484,-0.3595714283298865,1.5,2.0,2.5,7.0,3.0,1.8571428571428568,0.0,1.0690449676496974,13.0,0.5,0.5,0.6666666666666666,7.0,0.6666666666666666,0.4999999999999999,0.0,0.2357022603955158,3.5,2.0,2.0,2.5,7.0,3.0,2.0,0.0,1.0,14.0,0.0,0.0,0.0,7.0,0.0,0.0,0.0,0.0,0.0,2.0,3.0,3.0,7.0,3.0,2.4285714285714284,1.0,0.9759000729485332,17.0,,,,0.0,-1.0,-1.0,-1.0,3.0,-1.0,-1.0,-1.0,0.0,-3.0,,,,,,0.0,1.0,1.0,7.0,1.0,0.5714285714285714,0.0,0.5345224838248488,4.0,1.0,2.0,2.0,7.0,3.0,1.5714285714285714,0.0,0.9759000729485332,11.0,0.0,0.0,0.5,7.0,1.0,0.2857142857142857,0.0,0.4879500364742666,2.0,2.0,2.0,2.5,7.0,3.0,2.0,0.0,1.0,14.0
382690,stu_TMBRP6591T,N,0.0,0.0,0.0,3.0,0.0,0.0,0.0,0.0,0.0,1.0,1.0,1.0,3.0,1.0,1.0,1.0,0.0,3.0,0.0,0.0,0.0,3.0,0.0,0.0,0.0,0.0,0.0,0.0,0.0,0.0,3.0,0.0,0.0,0.0,0.0,0.0,-0.1542675434712087,-0.1541146427575119,-0.1538198681192338,3.0,-0.1535250934809556,-0.1540200601411244,-0.1544204441849056,0.0004551072667602,-0.4620601804233732,-0.2564704283605219,-0.2563198312935762,-0.2562066147345793,3.0,-0.2560933981755824,-0.2563447516322087,-0.2566210254274676,0.0002646949124768,-0.7690342548966262,-0.051546215201725,-0.051546092340565,-0.0512841523473133,3.0,-0.0510222123540617,-0.0513715475858373,-0.0515463380628851,0.000302533210102,-0.1541146427575119,1.0,1.0,1.0,3.0,1.0,1.0,1.0,0.0,3.0,-0.5,0.0,0.0,3.0,0.0,-0.3333333333333333,-1.0,0.5773502691896258,-1.0,0.0,0.0,0.0,2.0,0.0,0.0,0.0,0.0,0.0,0.0,0.0,0.0,3.0,0.0,0.0,0.0,0.0,0.0,0.0,1.0,1.0,3.0,1.0,0.3333333333333333,-1.0,1.1547005383792517,1.0,0.9996412033023884,0.9997340299335676,0.9998268565647468,2.0,-0.5001129058321978,-0.0002258116643955,0.4996612825034067,2.0,0.999548376671209,-0.0002258116643955,-1.0,1.413894216454765,-0.000451623328791,0.999919683195926,0.9997340299335676,0.999548376671209,0.0002625533615261,1.999468059867135,1.0,1.0,1.0,3.0,1.0,1.0,1.0,0.0,3.0,1.5,2.0,2.0,3.0,2.0,1.6666666666666667,1.0,0.5773502691896257,5.0,0.5,1.0,1.0,3.0,1.0,0.6666666666666666,0.0,0.5773502691896258,2.0,-0.5,0.0,0.0,3.0,0.0,-0.3333333333333333,-1.0,0.5773502691896258,-1.0
382862,stu_TMBRP6591T,N,0.0,0.0,0.0,8.0,0.0,0.0,0.0,0.0,0.0,1.0,1.0,1.0,8.0,1.0,1.0,1.0,0.0,8.0,0.0,0.0,0.0,8.0,0.0,0.0,0.0,0.0,0.0,0.0,0.0,0.0,8.0,0.0,0.0,0.0,0.0,0.0,-0.1546473994628296,-0.1546457408371688,-0.1546439286350579,8.0,-0.1546399970779359,-0.1546448884878709,-0.1546474916086997,3.141111757217305e-06,-1.2371591079029671,-0.257744222152752,-0.2577408741861403,-0.2577374187160136,8.0,-0.2575454942263521,-0.2577168625081708,-0.2577447135973922,6.931968954560484e-05,-2.061734900065366,-0.0515498396059469,-0.0515492867307266,-0.0515484574178962,8.0,-0.0515473823827456,-0.0515490102931164,-0.0515498396059469,9.391333118922191e-07,-0.4123920823449319,0.0,0.0,0.0,8.0,0.0,0.0,0.0,0.0,0.0,0.0,0.0,0.0,8.0,0.0,0.0,0.0,0.0,0.0,0.0,0.0,0.0,8.0,0.0,0.0,0.0,0.0,0.0,0.0,0.0,0.0,8.0,0.0,0.0,0.0,0.0,0.0,1.0,1.0,1.0,8.0,1.0,1.0,1.0,0.0,8.0,0.9761221110611492,0.986687625066712,0.996723459758308,8.0,0.9761221110611492,0.986687625066712,0.996723459758308,8.0,0.99742779004085,0.9447851122346193,0.660927152317881,0.1158408489936621,7.558280897876954,0.99742779004085,0.9447851122346193,0.660927152317881,0.1158408489936621,7.558280897876954,0.0,1.0,1.0,8.0,1.0,0.625,0.0,0.5175491695067657,5.0,1.0,1.5,2.0,8.0,2.0,1.5,1.0,0.5345224838248488,12.0,0.0,1.0,1.0,8.0,1.0,0.625,0.0,0.5175491695067657,5.0,0.0,0.0,0.0,8.0,0.0,0.0,0.0,0.0,0.0
382923,stu_TMBRP6591T,N,0.0,0.0,0.0,7.0,1.0,0.1428571428571428,0.0,0.3779644730092272,1.0,1.0,1.0,1.0,7.0,1.0,0.8571428571428571,0.0,0.3779644730092272,6.0,0.0,0.0,0.0,7.0,0.0,0.0,0.0,0.0,0.0,0.0,0.0,0.0,7.0,0.0,0.0,0.0,0.0,0.0,-0.1546435293362877,-0.1546391984803955,-0.1544715544274912,7.0,-0.1542314837207306,-0.1545352930421719,-0.154646201566519,0.0001564997040446,-1.0817470512952032,-0.2577365126149581,-0.257736297607928,-0.2575677013810333,7.0,-0.2573290128623234,-0.2576306721134635,-0.2577409663320104,0.0001552720984498,-1.8034147047942448,-0.0515487031402163,-0.0515479352579659,-0.0514603045355519,7.0,-0.0513090931628059,-0.0514891198654849,-0.0515487952860863,0.0001024135277673,-0.3604238390583947,0.0,0.0,0.0,7.0,1.0,0.1428571428571428,0.0,0.3779644730092272,1.0,0.0,0.0,0.0,7.0,0.3779411764705882,0.0539915966386554,0.0,0.1428483375931932,0.3779411764705882,0.0,0.0,0.0,7.0,257.0,36.71428571428572,0.0,97.1368695633714,257.0,0.0,0.0,0.0,7.0,0.0,0.0,0.0,0.0,0.0,1.0,1.0,1.0,7.0,3.0,1.2857142857142858,1.0,0.7559289460184544,9.0,,,,0.0,,,,0.0,,,,,,,,,,,1.0,1.0,1.0,7.0,1.0,0.8571428571428571,0.0,0.3779644730092272,6.0,0.0,0.0,0.0,7.0,0.0,0.0,0.0,0.0,0.0,1.0,1.0,1.0,7.0,1.0,0.8571428571428571,0.0,0.3779644730092272,6.0,0.0,0.0,0.0,7.0,257.0,36.71428571428572,0.0,97.1368695633714,257.0
383105,stu_TMBRP6591T,N,0.0,0.0,0.0,8.0,0.0,0.0,0.0,0.0,0.0,1.0,1.0,1.0,8.0,1.0,1.0,1.0,0.0,8.0,0.0,0.0,0.0,8.0,0.0,0.0,0.0,0.0,0.0,0.0,0.0,0.0,8.0,0.0,0.0,0.0,0.0,0.0,-0.1546443893644081,-0.1546437136280277,-0.1546380005840849,8.0,-0.1536442073756355,-0.1545180343401071,-0.1546470001640594,0.0003530962546021,-1.236144274720857,-0.2577409663320104,-0.2577358675938678,-0.256741229714943,8.0,-0.2566180153290461,-0.2573495537125212,-0.2577424406659311,0.0005391718729442,-2.0587964297001697,-0.0515491024389865,-0.0515479659732559,-0.0515472441639406,8.0,-0.051540195004882,-0.0515473132733431,-0.0515498396059469,3.117596532746474e-06,-0.4123785061867451,0.0,0.0,0.0,8.0,0.0,0.0,0.0,0.0,0.0,0.0,0.0,0.0,8.0,0.0,0.0,0.0,0.0,0.0,0.0,0.0,0.0,8.0,0.0,0.0,0.0,0.0,0.0,0.0,0.0,0.0,8.0,0.0,0.0,0.0,0.0,0.0,1.0,1.0,1.0,8.0,1.0,1.0,1.0,0.0,8.0,0.9999999674405728,0.999999999629689,0.9999999999528616,6.0,0.9999999674405728,0.999999999629689,0.9999999999528616,6.0,0.99999999999743,0.9917504118864952,0.950502515290711,0.0202072599245583,5.950502471318972,0.99999999999743,0.9917504118864952,0.950502515290711,0.0202072599245583,5.950502471318972,0.75,1.0,1.0,8.0,1.0,0.75,0.0,0.4629100498862757,6.0,0.0,1.0,1.25,8.0,2.0,0.875,0.0,0.8345229603962802,7.0,0.75,1.0,1.0,8.0,1.0,0.75,0.0,0.4629100498862757,6.0,0.0,0.0,0.0,8.0,0.0,0.0,0.0,0.0,0.0
383390,stu_TMBRP6591T,G,0.0,0.0,0.0,5.0,0.0,0.0,0.0,0.0,0.0,0.0,0.0,0.0,5.0,1.0,0.2,0.0,0.447213595499958,1.0,0.0,0.0,0.0,5.0,1.0,0.2,0.0,0.447213595499958,1.0,0.0,0.0,0.0,5.0,1.0,0.2,0.0,0.447213595499958,1.0,-0.1541070253655881,-0.1540909919842,-0.1537472264583473,5.0,-0.1537351860646612,-0.1539729224093807,-0.1541841821741069,0.0002144830689513,-0.7698646120469035,-0.2567638515260394,-0.2566984279583065,-0.2565612534730975,5.0,-0.2564454568297394,-0.2566653783062499,-0.2568579017440666,0.0001636016238726,-1.2833268915312497,-0.051408794994196,-0.0512769649694497,-0.0512649245757637,5.0,-0.0510614664947014,-0.0512890913659478,-0.0514333057956283,0.0001480463825914,-0.2564454568297394,2.0,2.0,2.0,5.0,2.0,1.8,1.0,0.4472135954999579,9.0,0.6284916201117319,0.6284916201117319,0.6284916201117319,5.0,0.6284916201117319,0.6284916201117319,0.6284916201117319,0.0,3.14245810055866,225.0,225.0,225.0,5.0,225.0,225.0,225.0,0.0,1125.0,2.0,3.0,3.0,5.0,4.0,2.8,2.0,0.8366600265340756,14.0,5.0,5.0,5.0,5.0,5.0,5.0,5.0,0.0,25.0,,,,0.0,-1.0,-1.0,-1.0,5.0,-1.0,-1.0,-1.0,0.0,-5.0,,,,,,0.0,0.0,0.0,5.0,0.0,0.0,0.0,0.0,0.0,4.0,4.0,4.0,5.0,5.0,4.2,4.0,0.4472135954999579,21.0,0.0,0.0,0.0,5.0,0.0,0.0,0.0,0.0,0.0,225.0,225.0,225.0,5.0,225.0,225.0,225.0,0.0,1125.0
383600,stu_TMBRP6591T,N,0.0,0.0,0.0,8.0,0.0,0.0,0.0,0.0,0.0,1.0,1.0,1.0,8.0,1.0,1.0,1.0,0.0,8.0,0.0,0.0,0.0,8.0,0.0,0.0,0.0,0.0,0.0,0.0,0.0,0.0,8.0,0.0,0.0,0.0,0.0,0.0,-0.1546460172747789,-0.1546450036702084,-0.1546357890832038,8.0,-0.1544122739177615,-0.1546139428331803,-0.1546464472888391,8.162602500734898e-05,-1.236911542665443,-0.2577418877907108,-0.2577328882107363,-0.2575077604925682,8.0,-0.2569134964189946,-0.2575779218937859,-0.2577437307081118,0.0002880896590371,-2.060623375150288,-0.0515488720743114,-0.0515486724249263,-0.0515478431120959,8.0,-0.0515407478801023,-0.0515474745286157,-0.0515490410084065,2.824470918319647e-06,-0.4123797962289257,0.0,0.0,0.0,8.0,1.0,0.125,0.0,0.3535533905932738,1.0,0.0,0.0,0.0,8.0,0.0,0.0,0.0,0.0,0.0,0.0,0.0,0.0,8.0,0.0,0.0,0.0,0.0,0.0,0.0,0.0,0.0,8.0,1.0,0.125,0.0,0.3535533905932738,1.0,1.0,1.0,1.0,8.0,1.0,1.0,1.0,0.0,8.0,,,,0.0,,,,0.0,,,,,,,,,,,1.0,1.0,1.0,8.0,1.0,1.0,1.0,0.0,8.0,0.0,0.0,1.25,8.0,3.0,0.75,0.0,1.164964745021435,6.0,1.0,1.0,1.0,8.0,1.0,1.0,1.0,0.0,8.0,0.0,0.0,0.0,8.0,0.0,0.0,0.0,0.0,0.0
386983,stu_TMBRP6591T,N,0.0,0.0,0.0,3.0,0.0,0.0,0.0,0.0,0.0,1.0,1.0,1.0,3.0,1.0,1.0,1.0,0.0,3.0,0.0,0.0,0.0,3.0,0.0,0.0,0.0,0.0,0.0,0.0,0.0,0.0,3.0,0.0,0.0,0.0,0.0,0.0,-0.1540628260632561,-0.1540506935237,-0.1540360116150726,3.0,-0.1540213297064452,-0.1540489939443191,-0.1540749586028122,2.685481444616929e-05,-0.4621469818329575,-0.2569358264348327,-0.2567981912202735,-0.256781144234315,3.0,-0.2567640972483564,-0.2568785833726739,-0.2570734616493919,0.0001696282900423,-0.7706357501180219,-0.0513880621734356,-0.0513615548781522,-0.0513180620274904,3.0,-0.0512745691768285,-0.0513502311745666,-0.0514145694687189,7.068373313230131e-05,-0.1540506935236998,0.0,0.0,0.0,3.0,0.0,0.0,0.0,0.0,0.0,0.1855203619909502,0.2941176470588235,0.3870588235294118,3.0,0.48,0.2836802413273001,0.0769230769230769,0.2017410619038505,0.8510407239819004,6.0,10.0,11.0,3.0,12.0,8.0,2.0,5.291502622129181,24.0,2.0,2.0,2.0,3.0,2.0,2.0,2.0,0.0,6.0,1.0,1.0,1.0,3.0,1.0,1.0,1.0,0.0,3.0,0.9999713541444686,1.0,1.0,3.0,0.9999713541444686,1.0,1.0,3.0,1.0,0.999980902762979,0.999942708288937,3.307738480452591e-05,2.999942708288937,1.0,0.999980902762979,0.999942708288937,3.307738480452591e-05,2.999942708288937,1.0,1.0,1.0,3.0,1.0,1.0,1.0,0.0,3.0,2.5,3.0,3.5,3.0,4.0,3.0,2.0,1.0,9.0,0.0,0.0,0.0,3.0,0.0,0.0,0.0,0.0,0.0,6.0,10.0,11.0,3.0,12.0,8.0,2.0,5.291502622129181,24.0
387802,stu_TMBRP6591T,G,0.0,0.0,0.0,8.0,0.0,0.0,0.0,0.0,0.0,0.0,0.0,0.25,8.0,1.0,0.25,0.0,0.4629100498862757,2.0,0.0,0.0,0.0,8.0,0.0,0.0,0.0,0.0,0.0,0.0,0.0,0.25,8.0,1.0,0.25,0.0,0.4629100498862757,2.0,-0.1542033638727215,-0.1541739539825317,-0.1541211697566402,8.0,-0.1539027072564054,-0.1541357134464625,-0.1542129931161413,0.0001044003884025,-1.2330857075717,-0.2571131304464463,-0.2568948522379516,-0.25680204598917,8.0,-0.2567934610656107,-0.256950454591702,-0.257192145530011,0.0001634814269602,-2.055603636733617,-0.051432645416893,-0.0513737181329984,-0.0513101835556014,8.0,-0.0512354993279289,-0.0513750926422265,-0.0514992208080014,9.104753868626976e-05,-0.4110007411378127,0.0,0.0,0.0,8.0,0.0,0.0,0.0,0.0,0.0,0.6293429473859197,0.6320754716981132,0.6356419696272434,8.0,0.6463414634146342,0.6329094453150499,0.6211453744493393,0.0095648687176191,5.063275562520399,113.75,134.0,135.75,8.0,141.0,115.5,53.0,38.69662222247016,924.0,2.0,3.5,4.0,8.0,4.0,3.125,2.0,0.9910312089651148,25.0,1.0,1.0,1.0,8.0,1.0,1.0,1.0,0.0,8.0,,,,0.0,-1.0,-1.0,-1.0,6.0,-1.0,-1.0,-1.0,0.0,-6.0,,,,,,0.0,0.0,0.25,8.0,1.0,0.25,0.0,0.4629100498862757,2.0,3.0,3.5,4.0,8.0,4.0,3.5,3.0,0.5345224838248488,28.0,0.0,0.0,0.0,8.0,0.0,0.0,0.0,0.0,0.0,113.75,134.0,135.75,8.0,141.0,115.5,53.0,38.69662222247016,924.0
388188,stu_TMBRP6591T,N,0.0,0.0,0.0,1.0,0.0,0.0,0.0,,0.0,1.0,1.0,1.0,1.0,1.0,1.0,1.0,,1.0,0.0,0.0,0.0,1.0,0.0,0.0,0.0,,0.0,0.0,0.0,0.0,1.0,0.0,0.0,0.0,,0.0,-0.1420956883438922,-0.1420956883438922,-0.1420956883438922,1.0,-0.1420956883438922,-0.1420956883438922,-0.1420956883438922,,-0.1420956883438922,-0.2448852045572066,-0.2448852045572066,-0.2448852045572066,1.0,-0.2448852045572066,-0.2448852045572066,-0.2448852045572066,,-0.2448852045572066,-0.0394618372203725,-0.0394618372203725,-0.0394618372203725,1.0,-0.0394618372203725,-0.0394618372203725,-0.0394618372203725,,-0.0394618372203725,0.0,0.0,0.0,1.0,0.0,0.0,0.0,,0.0,0.0,0.0,0.0,1.0,0.0,0.0,0.0,,0.0,0.0,0.0,0.0,1.0,0.0,0.0,0.0,,0.0,3.0,3.0,3.0,1.0,3.0,3.0,3.0,,3.0,1.0,1.0,1.0,1.0,1.0,1.0,1.0,,1.0,,,,0.0,,,,0.0,,,,,,,,,,,1.0,1.0,1.0,1.0,1.0,1.0,1.0,,1.0,3.0,3.0,3.0,1.0,3.0,3.0,3.0,,3.0,1.0,1.0,1.0,1.0,1.0,1.0,1.0,,1.0,0.0,0.0,0.0,1.0,0.0,0.0,0.0,,0.0
389682,stu_TMBRP6591T,N,0.5,1.0,1.0,3.0,1.0,0.6666666666666666,0.0,0.5773502691896258,2.0,0.0,0.0,0.5,3.0,1.0,0.3333333333333333,0.0,0.5773502691896258,1.0,0.0,0.0,0.0,3.0,0.0,0.0,0.0,0.0,0.0,0.0,0.0,0.0,3.0,0.0,0.0,0.0,0.0,0.0,-0.1541890966205093,-0.1541075168102283,-0.1540639625289864,3.0,-0.1540204082477445,-0.154132867162921,-0.1542706764307903,0.0001270453507511,-0.4623986014887632,-0.2567065367948634,-0.2565548032621872,-0.2564082913288136,3.0,-0.25626177939544,-0.2565582843283889,-0.2568582703275397,0.0002982607020472,-0.7696748529851669,-0.0514019454845225,-0.051371076618057,-0.0512937969483782,3.0,-0.0512165172786994,-0.0513401360825815,-0.0514328143509881,0.0001114185506179,-0.1540204082477446,2.0,2.0,2.5,3.0,3.0,2.333333333333333,2.0,0.5773502691896258,7.0,0.6221590909090908,0.6818181818181818,0.6818181818181818,3.0,0.6818181818181818,0.6420454545454545,0.5625,0.0688883843919439,1.9261363636363635,12.0,15.0,15.0,3.0,15.0,13.0,9.0,3.4641016151377544,39.0,0.0,0.0,0.0,3.0,0.0,0.0,0.0,0.0,0.0,3.5,4.0,4.0,3.0,4.0,3.6666666666666665,3.0,0.5773502691896258,11.0,,,,0.0,-1.0,-1.0,-1.0,3.0,-1.0,-1.0,-1.0,0.0,-3.0,,,,,,0.0,0.0,0.0,3.0,0.0,0.0,0.0,0.0,0.0,1.0,1.0,1.0,3.0,1.0,1.0,1.0,0.0,3.0,0.0,0.0,0.0,3.0,0.0,0.0,0.0,0.0,0.0,12.0,15.0,15.0,3.0,15.0,13.0,9.0,3.4641016151377544,39.0
392419,stu_JMIJW8287A,N,0.0,0.0,0.0,4.0,0.0,0.0,0.0,0.0,0.0,0.75,1.0,1.0,4.0,1.0,0.75,0.0,0.5,3.0,0.0,0.0,0.25,4.0,1.0,0.25,0.0,0.5,1.0,0.0,0.0,0.0,4.0,0.0,0.0,0.0,0.0,0.0,-0.1604309982850101,-0.1602384510818518,-0.1601017223075304,4.0,-0.1600753918502074,-0.1602942695106887,-0.160624784028844,0.0002556834479396,-0.641177078042755,-0.2675104083046064,-0.2674301936825878,-0.2673774945413779,4.0,-0.2672667368946773,-0.2674577091633965,-0.2677037123937331,0.0001816592159609,-1.069830836653586,-0.0535704429899568,-0.0534893262210265,-0.0533328113771488,4.0,-0.0530309285554727,-0.0534139281460792,-0.0536461315867909,0.0002697057842265,-0.2136557125843168,1.0,1.0,1.0,4.0,1.0,1.0,1.0,0.0,4.0,0.3140096618357488,0.3260869565217391,0.3769181585677749,4.0,0.5294117647058824,0.3648408638817846,0.2777777777777778,0.1120525070838826,1.4593634555271384,13.5,15.0,15.0,4.0,15.0,13.5,9.0,3.0,54.0,1.0,1.0,1.0,4.0,1.0,1.0,1.0,0.0,4.0,1.75,2.0,3.0,4.0,6.0,2.75,1.0,2.217355782608345,11.0,,,,0.0,-1.0,-1.0,-1.0,2.0,-1.0,-1.0,-1.0,0.0,-2.0,,,,,,0.0,0.5,1.0,4.0,1.0,0.5,0.0,0.5773502691896257,2.0,3.0,3.5,4.25,4.0,5.0,3.75,3.0,0.957427107756338,15.0,0.0,0.0,0.0,4.0,0.0,0.0,0.0,0.0,0.0,13.5,15.0,15.0,4.0,15.0,13.5,9.0,3.0,54.0
392423,stu_JMIJW8287A,N,0.0,0.0,0.0,1.0,0.0,0.0,0.0,,0.0,1.0,1.0,1.0,1.0,1.0,1.0,1.0,,1.0,0.0,0.0,0.0,1.0,0.0,0.0,0.0,,0.0,0.0,0.0,0.0,1.0,0.0,0.0,0.0,,0.0,-0.1608382105812907,-0.1608382105812907,-0.1608382105812907,1.0,-0.1608382105812907,-0.1608382105812907,-0.1608382105812907,,-0.1608382105812907,-0.2673025781211377,-0.2673025781211377,-0.2673025781211377,1.0,-0.2673025781211377,-0.2673025781211377,-0.2673025781211377,,-0.2673025781211377,-0.0536468655368209,-0.0536468655368209,-0.0536468655368209,1.0,-0.0536468655368209,-0.0536468655368209,-0.0536468655368209,,-0.0536468655368209,1.0,1.0,1.0,1.0,1.0,1.0,1.0,,1.0,-1.0,-1.0,-1.0,1.0,-1.0,-1.0,-1.0,,-1.0,,,,0.0,,,,,,1.0,1.0,1.0,1.0,1.0,1.0,1.0,,1.0,-1.0,-1.0,-1.0,1.0,-1.0,-1.0,-1.0,,-1.0,,,,0.0,-1.0,-1.0,-1.0,1.0,-1.0,-1.0,-1.0,,-1.0,,,,,,1.0,1.0,1.0,1.0,1.0,1.0,1.0,,1.0,2.0,2.0,2.0,1.0,2.0,2.0,2.0,,2.0,0.0,0.0,0.0,1.0,0.0,0.0,0.0,,0.0,-1.0,-1.0,-1.0,1.0,-1.0,-1.0,-1.0,,-1.0
392703,stu_JMIJW8287A,N,0.0,0.0,0.0,8.0,0.0,0.0,0.0,0.0,0.0,1.0,1.0,1.0,8.0,1.0,1.0,1.0,0.0,8.0,0.0,0.0,0.0,8.0,0.0,0.0,0.0,0.0,0.0,0.0,0.0,0.0,8.0,0.0,0.0,0.0,0.0,0.0,-0.1609931275547907,-0.1609202753690096,-0.1608228282119138,8.0,-0.1608174153304433,-0.1609237539863389,-0.1611032277045895,0.0001083186633303,-1.2873900318907112,-0.2682436396751089,-0.2681951683918838,-0.2681393805442981,8.0,-0.268076344940167,-0.2681898740127618,-0.2683061630432816,8.142765980268782e-05,-2.1455189921020947,-0.0537245113337348,-0.0536924774730544,-0.0536423930288261,8.0,-0.0534395246533722,-0.0536575345708493,-0.0537248783087497,9.851241470361022e-05,-0.4292602765667951,0.0,0.0,0.0,8.0,0.0,0.0,0.0,0.0,0.0,0.0,0.0,0.0,8.0,0.0,-0.125,-1.0,0.3535533905932738,-1.0,0.0,0.0,0.0,7.0,0.0,0.0,0.0,0.0,0.0,0.0,0.0,0.0,8.0,0.0,0.0,0.0,0.0,0.0,1.0,1.0,1.0,8.0,1.0,0.75,-1.0,0.7071067811865476,6.0,0.955481572471136,0.985692329188207,0.9915600596145284,3.0,0.4439531118155487,0.955481572471136,0.9886261944013678,4.0,0.99742779004085,0.4770977337457806,-1.0,0.9852391683361288,1.9083909349831223,0.99742779004085,0.969463644994374,0.925270815754065,0.0387193088465343,2.9083909349831223,1.0,1.0,1.0,8.0,1.0,1.0,1.0,0.0,8.0,0.0,0.0,0.0,8.0,0.0,0.0,0.0,0.0,0.0,1.0,1.0,1.0,8.0,1.0,0.875,0.0,0.3535533905932738,7.0,0.0,0.0,0.0,8.0,0.0,-0.125,-1.0,0.3535533905932738,-1.0
392747,stu_JMIJW8287A,N,0.0,0.0,0.0,8.0,0.0,0.0,0.0,0.0,0.0,1.0,1.0,1.0,8.0,1.0,1.0,1.0,0.0,8.0,0.0,0.0,0.0,8.0,0.0,0.0,0.0,0.0,0.0,0.0,0.0,0.0,8.0,0.0,0.0,0.0,0.0,0.0,-0.1608312839278834,-0.1607273076736466,-0.160557405887036,8.0,-0.1604507155467511,-0.1607125598652332,-0.1609691900803778,0.0001993648893731,-1.2857004789218656,-0.2680287834491665,-0.2678606859563794,-0.2677116864549955,8.0,-0.2675895220015801,-0.2678571996937373,-0.2681193727606703,0.0001966325481029,-2.1428575975498987,-0.0537235938961974,-0.0536789911412549,-0.0535420100716107,8.0,-0.0532208687069624,-0.0535872779687678,-0.0537246030774885,0.0001980162658949,-0.4286982237501426,0.0,0.0,0.0,8.0,0.0,0.0,0.0,0.0,0.0,0.0,0.0,0.0,8.0,0.2824427480916031,0.0353053435114503,0.0,0.0998585912362682,0.2824427480916031,0.0,0.0,0.0,8.0,37.0,4.625,0.0,13.08147545195113,37.0,0.0,0.0,0.0,8.0,0.0,0.0,0.0,0.0,0.0,1.0,1.0,1.0,8.0,1.0,0.875,0.0,0.3535533905932738,7.0,,,,0.0,-1.0,-1.0,-1.0,1.0,-1.0,-1.0,-1.0,,-1.0,,,,,,1.0,1.0,1.0,8.0,1.0,1.0,1.0,0.0,8.0,0.0,0.0,0.0,8.0,0.0,0.0,0.0,0.0,0.0,1.0,1.0,1.0,8.0,1.0,0.875,0.0,0.3535533905932738,7.0,0.0,0.0,0.0,8.0,37.0,4.625,0.0,13.08147545195113,37.0
394209,stu_JMIJW8287A,N,0.0,0.0,0.0,1.0,0.0,0.0,0.0,,0.0,0.0,0.0,0.0,1.0,0.0,0.0,0.0,,0.0,0.0,0.0,0.0,1.0,0.0,0.0,0.0,,0.0,1.0,1.0,1.0,1.0,1.0,1.0,1.0,,1.0,-0.1594845314948811,-0.1594845314948811,-0.1594845314948811,1.0,-0.1594845314948811,-0.1594845314948811,-0.1594845314948811,,-0.1594845314948811,-0.2666663963514646,-0.2666663963514646,-0.2666663963514646,1.0,-0.2666663963514646,-0.2666663963514646,-0.2666663963514646,,-0.2666663963514646,-0.0530747514885084,-0.0530747514885084,-0.0530747514885084,1.0,-0.0530747514885084,-0.0530747514885084,-0.0530747514885084,,-0.0530747514885084,0.0,0.0,0.0,1.0,0.0,0.0,0.0,,0.0,0.1764705882352941,0.1764705882352941,0.1764705882352941,1.0,0.1764705882352941,0.1764705882352941,0.1764705882352941,,0.1764705882352941,3.0,3.0,3.0,1.0,3.0,3.0,3.0,,3.0,0.0,0.0,0.0,1.0,0.0,0.0,0.0,,0.0,1.0,1.0,1.0,1.0,1.0,1.0,1.0,,1.0,,,,0.0,-1.0,-1.0,-1.0,1.0,-1.0,-1.0,-1.0,,-1.0,,,,,,1.0,1.0,1.0,1.0,1.0,1.0,1.0,,1.0,0.0,0.0,0.0,1.0,0.0,0.0,0.0,,0.0,1.0,1.0,1.0,1.0,1.0,1.0,1.0,,1.0,3.0,3.0,3.0,1.0,3.0,3.0,3.0,,3.0
394259,stu_JMIJW8287A,N,0.0,0.0,0.0,3.0,0.0,0.0,0.0,0.0,0.0,1.0,1.0,1.0,3.0,1.0,1.0,1.0,0.0,3.0,0.0,0.0,0.0,3.0,0.0,0.0,0.0,0.0,0.0,0.0,0.0,0.0,3.0,0.0,0.0,0.0,0.0,0.0,-0.1607408092960718,-0.1606988518193621,-0.1602473043540875,3.0,-0.1597957568888129,-0.1604257918269855,-0.1607827667727814,0.0005472371034025,-0.4812773754809565,-0.266930664234108,-0.2669265204745641,-0.2668130181605642,3.0,-0.2666995158465642,-0.2668536147715934,-0.2669348079936518,0.0001335179005396,-0.8005608443147803,-0.0536414679459759,-0.0536392202240093,-0.0535695255524194,3.0,-0.0534998308808295,-0.0535942555909271,-0.0536437156679425,8.180508334939703e-05,-0.1607827667727814,1.0,1.0,1.0,3.0,1.0,1.0,1.0,0.0,3.0,0.0108695652173913,0.0217391304347826,0.069693094629156,3.0,0.1176470588235294,0.046462063086104,0.0,0.0625989230068543,0.139386189258312,1.0,2.0,4.0,3.0,6.0,2.6666666666666665,0.0,3.055050463303893,8.0,0.0,0.0,0.0,3.0,0.0,0.0,0.0,0.0,0.0,1.0,1.0,1.5,3.0,2.0,1.3333333333333333,1.0,0.5773502691896257,4.0,0.997581836427867,0.997581836427867,0.997581836427867,1.0,-0.5006045408930333,-0.0012090817860664,0.4981863773209002,2.0,0.997581836427867,-0.0012090817860664,-1.0,1.4125036625132217,-0.0024181635721329,0.997581836427867,0.997581836427867,0.997581836427867,,0.997581836427867,0.5,1.0,1.0,3.0,1.0,0.6666666666666666,0.0,0.5773502691896258,2.0,0.0,0.0,0.0,3.0,0.0,0.0,0.0,0.0,0.0,0.0,0.0,0.0,3.0,0.0,0.0,0.0,0.0,0.0,1.0,2.0,4.0,3.0,6.0,2.6666666666666665,0.0,3.055050463303893,8.0
396388,stu_JMIJW8287A,N,0.0,0.0,0.0,6.0,0.0,0.0,0.0,0.0,0.0,1.0,1.0,1.0,6.0,1.0,1.0,1.0,0.0,6.0,0.0,0.0,0.0,6.0,0.0,0.0,0.0,0.0,0.0,0.0,0.0,0.0,6.0,0.0,0.0,0.0,0.0,0.0,-0.1608279276355591,-0.1604523057718159,-0.1601032895966567,6.0,-0.1598461853721177,-0.1604313780022131,-0.1608973853024519,0.0004638640749036,-0.9625882680132788,-0.2673507894637272,-0.267215880273855,-0.2670812463152439,6.0,-0.2669431872564933,-0.2673094945807945,-0.2680498921578391,0.0003963406285507,-1.6038569674847674,-0.0536349617847733,-0.0535957031034861,-0.0535588526957345,6.0,-0.0528547193857926,-0.0534841019239386,-0.0536638687125137,0.0003110434844421,-0.3209046115436317,0.0,0.0,0.0,6.0,0.0,0.0,0.0,0.0,0.0,0.0,0.0333333333333333,0.0666666666666666,6.0,0.3333333333333333,0.0777777777777777,0.0,0.1293860144711967,0.4666666666666665,0.0,0.5,1.0,6.0,7.0,1.5,0.0,2.7386127875258306,9.0,0.0,0.0,0.0,6.0,0.0,0.0,0.0,0.0,0.0,1.0,1.0,1.0,6.0,1.0,1.0,1.0,0.0,6.0,0.9957759675822804,0.999854546984619,0.9999066212409076,3.0,0.9957759675822804,0.999854546984619,0.9999066212409076,3.0,0.999958695497196,0.9971702102205856,0.991697388179942,0.004739888980196,2.991510630661757,0.999958695497196,0.9971702102205856,0.991697388179942,0.004739888980196,2.991510630661757,1.0,1.0,1.0,6.0,1.0,1.0,1.0,0.0,6.0,0.0,0.0,0.0,6.0,0.0,0.0,0.0,0.0,0.0,0.0,0.0,0.0,6.0,0.0,0.0,0.0,0.0,0.0,0.0,0.5,1.0,6.0,7.0,1.5,0.0,2.7386127875258306,9.0
399780,stu_JMIJW8287A,N,0.0,0.0,0.0,7.0,0.0,0.0,0.0,0.0,0.0,1.0,1.0,1.0,7.0,1.0,1.0,1.0,0.0,7.0,0.0,0.0,0.0,7.0,0.0,0.0,0.0,0.0,0.0,0.0,0.0,0.0,7.0,0.0,0.0,0.0,0.0,0.0,-0.1610796342692532,-0.1610587931465289,-0.1610265910889668,7.0,-0.1607807178289479,-0.1610323840517028,-0.161174726670003,0.0001220526610122,-1.1272266883619195,-0.2684764088689688,-0.2684472649365312,-0.2684309498389914,7.0,-0.26823053560895,-0.2684287326982761,-0.2685086109265309,9.191746069353183e-05,-1.8790011288879327,-0.053724908890001,-0.053689128826043,-0.0536298164892511,7.0,-0.05344683357242,-0.0536529031495669,-0.053724908890001,0.0001007006967267,-0.3755703220469684,0.0,0.0,0.0,7.0,0.0,0.0,0.0,0.0,0.0,0.0714285714285714,0.2424242424242424,0.2424242424242424,7.0,0.2424242424242424,0.1589363017934446,0.0,0.1068151820498738,1.1125541125541123,1.0,8.0,8.0,7.0,8.0,4.857142857142857,0.0,3.933978962347216,34.0,0.0,0.0,0.0,7.0,0.0,0.0,0.0,0.0,0.0,1.0,1.0,1.0,7.0,1.0,1.0,1.0,0.0,7.0,0.7404909626036875,0.989302934422203,0.989302934422203,7.0,0.7404909626036875,0.989302934422203,0.989302934422203,7.0,0.999843390764548,0.8657013337793291,0.611175217216772,0.1795411283517486,6.059909336455304,0.999843390764548,0.8657013337793291,0.611175217216772,0.1795411283517486,6.059909336455304,0.0,1.0,1.0,7.0,1.0,0.5714285714285714,0.0,0.5345224838248488,4.0,1.5,2.0,3.0,7.0,3.0,2.0,0.0,1.1547005383792517,14.0,0.0,0.0,0.0,7.0,0.0,0.0,0.0,0.0,0.0,1.0,8.0,8.0,7.0,8.0,4.857142857142857,0.0,3.933978962347216,34.0
401843,stu_JMIJW8287A,?,0.0,0.0,0.0,1.0,0.0,0.0,0.0,,0.0,0.0,0.0,0.0,1.0,0.0,0.0,0.0,,0.0,1.0,1.0,1.0,1.0,1.0,1.0,1.0,,1.0,0.0,0.0,0.0,1.0,0.0,0.0,0.0,,0.0,1.9520078079564105,1.9520078079564105,1.9520078079564105,1.0,1.9520078079564105,1.9520078079564105,1.9520078079564105,,1.9520078079564105,1.844635697135825,1.844635697135825,1.844635697135825,1.0,1.844635697135825,1.844635697135825,1.844635697135825,,1.844635697135825,-0.0526129440134408,-0.0526129440134408,-0.0526129440134408,1.0,-0.0526129440134408,-0.0526129440134408,-0.0526129440134408,,-0.0526129440134408,1.0,1.0,1.0,1.0,1.0,1.0,1.0,,1.0,0.1666666666666666,0.1666666666666666,0.1666666666666666,1.0,0.1666666666666666,0.1666666666666666,0.1666666666666666,,0.1666666666666666,1.0,1.0,1.0,1.0,1.0,1.0,1.0,,1.0,0.0,0.0,0.0,1.0,0.0,0.0,0.0,,0.0,2.0,2.0,2.0,1.0,2.0,2.0,2.0,,2.0,,,,0.0,,,,0.0,,,,,,,,,,,1.0,1.0,1.0,1.0,1.0,1.0,1.0,,1.0,1.0,1.0,1.0,1.0,1.0,1.0,1.0,,1.0,1.0,1.0,1.0,1.0,1.0,1.0,1.0,,1.0,1.0,1.0,1.0,1.0,1.0,1.0,1.0,,1.0
402189,stu_JMIJW8287A,N,0.0,0.0,0.0,3.0,0.0,0.0,0.0,0.0,0.0,1.0,1.0,1.0,3.0,1.0,1.0,1.0,0.0,3.0,0.0,0.0,0.0,3.0,0.0,0.0,0.0,0.0,0.0,0.0,0.0,0.0,3.0,0.0,0.0,0.0,0.0,0.0,-0.1609392663260335,-0.1607525524965503,-0.1607240354797632,3.0,-0.1606955184629762,-0.1608580170383477,-0.1611259801555166,0.0002338084565805,-0.4825740511150432,-0.2677535445426386,-0.2673617528422989,-0.2671750390128157,3.0,-0.2669883251833325,-0.2674984714228699,-0.2681453362429783,0.0005904977779303,-0.8024954142686098,-0.0536720186159708,-0.0536678748564269,-0.0535096780437308,3.0,-0.0533514812310346,-0.053565172820992,-0.0536761623755146,0.0001851087314447,-0.1606955184629762,0.0,0.0,0.0,3.0,0.0,0.0,0.0,0.0,0.0,0.0,0.0,0.0714285714285714,3.0,0.1428571428571428,0.0476190476190476,0.0,0.0824786098842322,0.1428571428571428,0.0,0.0,2.0,3.0,4.0,1.3333333333333333,0.0,2.309401076758504,4.0,0.0,0.0,0.0,3.0,0.0,0.0,0.0,0.0,0.0,1.0,1.0,1.0,3.0,1.0,1.0,1.0,0.0,3.0,0.988236629682642,0.988236629682642,0.988236629682642,1.0,0.988236629682642,0.988236629682642,0.988236629682642,1.0,0.988236629682642,0.988236629682642,0.988236629682642,,0.988236629682642,0.988236629682642,0.988236629682642,0.988236629682642,,0.988236629682642,1.0,1.0,1.0,3.0,1.0,1.0,1.0,0.0,3.0,2.0,2.0,2.5,3.0,3.0,2.333333333333333,2.0,0.5773502691896258,7.0,0.0,0.0,0.0,3.0,0.0,0.0,0.0,0.0,0.0,0.0,0.0,2.0,3.0,4.0,1.3333333333333333,0.0,2.309401076758504,4.0
403220,stu_JMIJW8287A,N,0.0,0.0,0.0,8.0,0.0,0.0,0.0,0.0,0.0,1.0,1.0,1.0,8.0,1.0,1.0,1.0,0.0,8.0,0.0,0.0,0.0,8.0,0.0,0.0,0.0,0.0,0.0,0.0,0.0,0.0,8.0,0.0,0.0,0.0,0.0,0.0,-0.1611729223761794,-0.1611721272636471,-0.1611602617381635,8.0,-0.1610534720088121,-0.1611543175074526,-0.1611730141199332,4.123974081515218e-05,-1.289234540059621,-0.2686207676654761,-0.2686071284274203,-0.2685019365684464,8.0,-0.2684944823884552,-0.2685719255845796,-0.2686215474873829,6.046062626860977e-05,-2.148575404676637,-0.0537243737181041,-0.0537242666837248,-0.0537240449696533,8.0,-0.0537136855707936,-0.0537228905274187,-0.053724419589981,3.7320941760549617e-06,-0.42978312421935,0.0,0.0,0.0,8.0,0.0,0.0,0.0,0.0,0.0,0.0,0.0,0.0,8.0,0.0,0.0,0.0,0.0,0.0,0.0,0.0,0.0,8.0,0.0,0.0,0.0,0.0,0.0,0.0,0.0,0.0,8.0,0.0,0.0,0.0,0.0,0.0,1.0,1.0,1.0,8.0,1.0,1.0,1.0,0.0,8.0,,,,0.0,,,,0.0,,,,,,,,,,,1.0,1.0,1.0,8.0,1.0,1.0,1.0,0.0,8.0,0.0,0.0,0.0,8.0,0.0,0.0,0.0,0.0,0.0,1.0,1.0,1.0,8.0,1.0,1.0,1.0,0.0,8.0,0.0,0.0,0.0,8.0,0.0,0.0,0.0,0.0,0.0
403783,stu_JMIJW8287A,N,0.0,0.0,0.0,8.0,0.0,0.0,0.0,0.0,0.0,1.0,1.0,1.0,8.0,1.0,1.0,1.0,0.0,8.0,0.0,0.0,0.0,8.0,0.0,0.0,0.0,0.0,0.0,0.0,0.0,0.0,8.0,0.0,0.0,0.0,0.0,0.0,-0.1611090840142032,-0.1610459796022568,-0.1607648767408024,8.0,-0.160707414569711,-0.160966281038853,-0.161174604344998,0.0002007338612417,-1.2877302483108242,-0.2684761642189588,-0.2681969726857074,-0.2681341587956478,8.0,-0.2680684243960943,-0.2682763348553474,-0.2685369291651848,0.0001998531440395,-2.1462106788427797,-0.0537248553728113,-0.0536895569635604,-0.0536363761676434,8.0,-0.0534201361400821,-0.0536555429668619,-0.0537248783087497,0.0001038330067156,-0.4292443437348959,0.0,0.0,0.0,8.0,0.0,0.0,0.0,0.0,0.0,0.0,0.0,0.0,8.0,0.0,-0.125,-1.0,0.3535533905932738,-1.0,0.0,0.0,0.0,7.0,0.0,0.0,0.0,0.0,0.0,0.0,0.0,0.0,8.0,0.0,0.0,0.0,0.0,0.0,1.0,1.0,1.0,8.0,1.0,0.75,-1.0,0.7071067811865476,6.0,0.607692307692308,0.607692307692308,0.607692307692308,1.0,-1.0,-1.0,-0.598076923076923,4.0,0.607692307692308,-0.598076923076923,-1.0,0.803846153846154,-2.392307692307692,0.607692307692308,0.607692307692308,0.607692307692308,,0.607692307692308,0.0,0.0,0.25,8.0,1.0,0.25,0.0,0.4629100498862757,2.0,0.0,0.0,0.0,8.0,0.0,0.0,0.0,0.0,0.0,0.0,0.0,0.0,8.0,0.0,0.0,0.0,0.0,0.0,0.0,0.0,0.0,8.0,0.0,-0.125,-1.0,0.3535533905932738,-1.0
404102,stu_JMIJW8287A,N,0.0,0.0,0.0,3.0,0.0,0.0,0.0,0.0,0.0,0.0,0.0,0.5,3.0,1.0,0.3333333333333333,0.0,0.5773502691896258,1.0,0.0,0.0,0.5,3.0,1.0,0.3333333333333333,0.0,0.5773502691896258,1.0,0.0,0.0,0.5,3.0,1.0,0.3333333333333333,0.0,0.5773502691896258,1.0,-0.1607504882620912,-0.1606237136850504,-0.1597288909829632,3.0,-0.1588340682808761,-0.1601116816016861,-0.1608772628391319,0.0011136847136947,-0.4803350448050585,-0.2657319709290138,-0.2657306406445846,-0.2656778726955594,3.0,-0.2656251047465343,-0.2656963488681873,-0.265733301213443,6.171355855277013e-05,-0.7970890466045619,-0.053615947891811,-0.0535074150311385,-0.0534496164662834,3.0,-0.0533918179014282,-0.0535412378950168,-0.0537244807524835,0.0001688908899519,-0.1606237136850504,3.0,3.0,3.0,3.0,3.0,3.0,3.0,0.0,9.0,0.3095238095238095,0.3095238095238095,0.3365800865800866,3.0,0.3636363636363636,0.3275613275613275,0.3095238095238095,0.0312418976834213,0.9826839826839826,15.0,26.0,26.0,3.0,26.0,18.666666666666668,4.0,12.701705922171763,56.0,0.0,0.0,0.0,3.0,0.0,0.0,0.0,0.0,0.0,4.0,4.0,4.0,3.0,4.0,4.0,4.0,0.0,12.0,,,,0.0,-1.0,-1.0,-1.0,2.0,-1.0,-1.0,-1.0,0.0,-2.0,,,,,,0.0,0.0,0.5,3.0,1.0,0.3333333333333333,0.0,0.5773502691896258,1.0,3.5,4.0,4.0,3.0,4.0,3.6666666666666665,3.0,0.5773502691896258,11.0,0.0,0.0,0.0,3.0,0.0,0.0,0.0,0.0,0.0,15.0,26.0,26.0,3.0,26.0,18.666666666666668,4.0,12.701705922171763,56.0
406217,stu_UZRHS0479G,N,0.0,0.5,1.0,6.0,1.0,0.5,0.0,0.5477225575051661,3.0,0.0,0.5,1.0,6.0,1.0,0.5,0.0,0.5477225575051661,3.0,0.0,0.0,0.0,6.0,0.0,0.0,0.0,0.0,0.0,0.0,0.0,0.0,6.0,0.0,0.0,0.0,0.0,0.0,-0.1281661674593366,-0.1280362328412317,-0.1278587061004339,6.0,-0.1277923948873145,-0.1280313191297689,-0.1283140446899628,0.0002088216478762,-0.7681879147786139,-0.2134686017456973,-0.2132425750003481,-0.2101065838193544,6.0,-0.2088853871530282,-0.2119125917885092,-0.2134998161574936,0.0022619710609825,-1.2714755507310551,-0.0427596254045853,-0.0427250064358193,-0.0427152586516533,6.0,-0.0424555327652106,-0.0427032650544686,-0.0428308702388574,0.0001289504643279,-0.2562195903268121,0.0,0.5,1.75,6.0,3.0,1.0,0.0,1.2649110640673518,6.0,0.0,0.5,1.0,6.0,1.0,0.3333333333333333,-1.0,0.816496580927726,2.0,0.0,1.0,3.0,5.0,3.0,1.4,0.0,1.5165750888103102,7.0,1.25,2.0,2.0,6.0,2.0,1.5,0.0,0.8366600265340756,9.0,1.0,1.0,1.0,6.0,1.0,0.6666666666666666,-1.0,0.816496580927726,4.0,0.999999999722228,0.999999999849255,0.999999999898955,5.0,0.9999999993578644,0.9999999997857416,0.99999999988653,6.0,0.999999999963243,0.6666666664450152,-1.0,0.8164965808191395,3.999999998670091,0.999999999963243,0.9999999997340184,0.99999999923641,2.918820738082481e-10,4.999999998670091,1.0,1.0,1.0,6.0,1.0,1.0,1.0,0.0,6.0,0.25,1.5,2.75,6.0,4.0,1.6666666666666667,0.0,1.632993161855452,10.0,0.0,0.0,0.75,6.0,1.0,0.3333333333333333,0.0,0.5163977794943223,2.0,0.0,0.5,2.5,6.0,3.0,1.0,-1.0,1.6733200530681511,6.0
407385,stu_UZRHS0479G,N,0.25,0.5,0.75,2.0,1.0,0.5,0.0,0.7071067811865476,1.0,0.25,0.5,0.75,2.0,1.0,0.5,0.0,0.7071067811865476,1.0,0.0,0.0,0.0,2.0,0.0,0.0,0.0,0.0,0.0,0.0,0.0,0.0,2.0,0.0,0.0,0.0,0.0,0.0,-0.1278856319650297,-0.127703398573544,-0.1275211651820582,2.0,-0.1273389317905724,-0.127703398573544,-0.1280678653565155,0.0005154338675128,-0.255406797147088,-0.2125075490693014,-0.212332805703149,-0.2121580623369967,2.0,-0.2119833189708443,-0.212332805703149,-0.2126822924354537,0.0004942488766947,-0.4246656114062981,-0.0424923139262977,-0.0423156950673586,-0.0421390762084194,2.0,-0.0419624573494802,-0.0423156950673586,-0.0426689327852369,0.0004995535713652,-0.0846313901347172,1.25,1.5,1.75,2.0,2.0,1.5,1.0,0.7071067811865476,3.0,-0.5,0.0,0.5,2.0,1.0,0.0,-1.0,1.4142135623730951,0.0,2.0,2.0,2.0,1.0,2.0,2.0,2.0,,2.0,1.0,1.0,1.0,2.0,1.0,1.0,1.0,0.0,2.0,-0.5,0.0,0.5,2.0,1.0,0.0,-1.0,1.4142135623730951,0.0,0.999999996346451,0.999999996346451,0.999999996346451,1.0,-0.5000000009133873,-1.826774509439133e-09,0.4999999972598382,2.0,0.999999996346451,-1.826774509439133e-09,-1.0,1.4142135597896457,-3.653549018878266e-09,0.999999996346451,0.999999996346451,0.999999996346451,,0.999999996346451,1.0,1.0,1.0,2.0,1.0,1.0,1.0,0.0,2.0,1.25,1.5,1.75,2.0,2.0,1.5,1.0,0.7071067811865476,3.0,0.25,0.5,0.75,2.0,1.0,0.5,0.0,0.7071067811865476,1.0,-0.25,0.5,1.25,2.0,2.0,0.5,-1.0,2.1213203435596424,1.0
407763,stu_UZRHS0479G,G,0.0,0.0,0.0,4.0,0.0,0.0,0.0,0.0,0.0,0.0,0.0,0.25,4.0,1.0,0.25,0.0,0.5,1.0,0.0,0.0,0.0,4.0,0.0,0.0,0.0,0.0,0.0,0.0,0.0,0.25,4.0,1.0,0.25,0.0,0.5,1.0,-0.1273279416417578,-0.1270656832427622,-0.1270115448140363,4.0,-0.1269681815094743,-0.127273803213032,-0.1279956648571291,0.0004845156831632,-0.509095212852128,-0.2123825480723491,-0.212323392401773,-0.2121054649182676,4.0,-0.2115762534154023,-0.2121646205888437,-0.2124354441364264,0.0003972349131848,-0.8486584823553749,-0.0426819776140473,-0.0426322591364751,-0.0423731783239846,4.0,-0.0416959223490981,-0.0424228968015568,-0.0427311465841788,0.0004876462441084,-0.1696915872062272,0.0,0.0,0.0,4.0,0.0,0.0,0.0,0.0,0.0,0.625,0.6333333333333333,0.6333333333333333,4.0,0.6333333333333333,0.625,0.6,0.0166666666666666,2.5,15.0,19.0,19.0,4.0,19.0,15.0,3.0,8.0,60.0,2.75,3.0,3.25,4.0,4.0,3.0,2.0,0.816496580927726,12.0,4.0,5.0,5.0,4.0,5.0,4.0,1.0,2.0,16.0,,,,0.0,-1.0,-1.0,-1.0,3.0,-1.0,-1.0,-1.0,0.0,-3.0,,,,,,0.0,0.0,0.25,4.0,1.0,0.25,0.0,0.5,1.0,3.75,4.0,4.0,4.0,4.0,3.75,3.0,0.5,15.0,0.0,0.0,0.0,4.0,0.0,0.0,0.0,0.0,0.0,15.0,19.0,19.0,4.0,19.0,15.0,3.0,8.0,60.0
408114,stu_UZRHS0479G,G,0.0,0.0,0.0,8.0,0.0,0.0,0.0,0.0,0.0,0.0,0.0,0.0,8.0,1.0,0.125,0.0,0.3535533905932738,1.0,0.0,0.0,0.0,8.0,0.0,0.0,0.0,0.0,0.0,0.0,1.0,1.0,8.0,1.0,0.625,0.0,0.5175491695067657,5.0,-0.1284490682248014,-0.1283309360708583,-0.1282120632764515,8.0,-0.1280728348151099,-0.1283140685815906,-0.1284977713081897,0.0001696583198018,-1.0265125486527251,-0.2139162950143117,-0.2137663033746201,-0.213721781326107,8.0,-0.2136730782427187,-0.2138095352752289,-0.214023472856882,0.0001284106438463,-1.7104762822018311,-0.0428325904360632,-0.0428001217138044,-0.0427244091451228,8.0,-0.0426560313061937,-0.0427713561938635,-0.0428325904360632,7.395798848323608e-05,-0.3421708495509085,0.0,0.0,0.0,8.0,0.0,0.0,0.0,0.0,0.0,0.53125,0.5428527227722773,0.5544554455445545,8.0,0.5544554455445545,0.5428527227722773,0.53125,0.0124038323907375,4.342821782178218,51.0,53.5,56.0,8.0,56.0,53.5,51.0,2.672612419124244,428.0,2.0,2.0,2.25,8.0,3.0,2.25,2.0,0.4629100498862757,18.0,1.0,1.0,1.0,8.0,1.0,1.0,1.0,0.0,8.0,0.115414270365923,0.115414270365923,0.115414270365923,6.0,-1.0,-1.0,-1.0,7.0,-1.0,-1.0,-1.0,0.0,-7.0,0.12234762979684,0.1165698302710758,0.115414270365923,0.0028305321348433,0.699418981626455,0.0,0.0,0.0,8.0,1.0,0.125,0.0,0.3535533905932738,1.0,4.0,4.0,4.25,8.0,5.0,4.25,4.0,0.4629100498862757,34.0,0.0,0.0,0.0,8.0,0.0,0.0,0.0,0.0,0.0,51.0,53.5,56.0,8.0,56.0,53.5,51.0,2.672612419124244,428.0
408579,stu_UZRHS0479G,G,0.75,1.0,1.0,8.0,1.0,0.75,0.0,0.4629100498862757,6.0,0.0,0.0,0.25,8.0,1.0,0.25,0.0,0.4629100498862757,2.0,0.0,0.0,0.0,8.0,0.0,0.0,0.0,0.0,0.0,0.0,0.0,0.0,8.0,0.0,0.0,0.0,0.0,0.0,-0.1283364669827074,-0.1283219289271559,-0.1282902127911746,8.0,-0.1282341510864061,-0.1283186020179767,-0.1284175910050987,5.2772644581225535e-05,-1.0265488161438137,-0.213889691686692,-0.2138477499339875,-0.2137887853964344,8.0,-0.2137655388425287,-0.2138407914973739,-0.2139035846682913,5.662279475110309e-05,-1.7107263319789916,-0.0427896930182444,-0.042743546339037,-0.0427303581604594,8.0,-0.0427195352530398,-0.0427632449862058,-0.0428325904360632,4.6152644660555584e-05,-0.3421059598896466,2.75,3.0,4.0,8.0,4.0,3.125,2.0,0.8345229603962802,25.0,0.2857142857142857,0.3571428571428571,0.4285714285714285,8.0,0.4285714285714285,0.3571428571428571,0.2857142857142857,0.0763603548321212,2.8571428571428568,20.0,26.5,33.0,8.0,33.0,26.5,20.0,6.948792289723034,212.0,0.0,0.0,0.0,8.0,0.0,0.0,0.0,0.0,0.0,3.0,3.0,3.0,8.0,3.0,3.0,3.0,0.0,24.0,0.8160141899822897,0.9986998501495816,0.999477476140975,4.0,-1.0,-0.365112840352719,0.9983969985138904,8.0,0.999993244301008,-0.0916040920131583,-1.0,1.0000312644927345,-0.7328327361052669,0.999993244301008,0.8167918159736833,0.269774319294562,0.3646791761547171,3.2671672638947333,0.0,0.0,0.25,8.0,1.0,0.25,0.0,0.4629100498862757,2.0,3.0,3.5,4.0,8.0,4.0,3.5,3.0,0.5345224838248488,28.0,0.0,0.0,0.0,8.0,0.0,0.0,0.0,0.0,0.0,20.0,26.5,33.0,8.0,33.0,26.5,20.0,6.948792289723034,212.0
409059,stu_UZRHS0479G,N,0.0,0.0,0.5,3.0,1.0,0.3333333333333333,0.0,0.5773502691896258,1.0,0.5,1.0,1.0,3.0,1.0,0.6666666666666666,0.0,0.5773502691896258,2.0,0.0,0.0,0.0,3.0,0.0,0.0,0.0,0.0,0.0,0.0,0.0,0.0,3.0,0.0,0.0,0.0,0.0,0.0,-0.1274498845103448,-0.1273678406602809,-0.1273507103631068,3.0,-0.1273335800659327,-0.1274111163622074,-0.1275319283604086,0.0001060193438165,-0.3822333490866223,-0.21245324339918,-0.2121692436188337,-0.2121283650435689,3.0,-0.2120874864683042,-0.2123313244222214,-0.2127372431795263,0.0003539047697681,-0.6369939732666643,-0.0426240881997477,-0.0426139342579081,-0.0423496689621724,3.0,-0.0420854036664367,-0.0424445266886441,-0.0426342421415873,0.0003111753707226,-0.1273335800659323,3.0,3.0,3.0,3.0,3.0,3.0,3.0,0.0,9.0,0.4804003336113427,0.6880733944954128,0.6880733944954128,3.0,0.6880733944954128,0.5496246872393661,0.2727272727272727,0.2398001952097027,1.6488740617180984,42.0,75.0,75.0,3.0,75.0,53.0,9.0,38.1051177665153,159.0,2.0,2.0,2.0,3.0,2.0,2.0,2.0,0.0,6.0,2.0,3.0,3.0,3.0,3.0,2.333333333333333,1.0,1.1547005383792517,7.0,0.999999364414186,0.999999364414186,0.999999364414186,1.0,-1.0,-1.0,-3.177929069897445e-07,3.0,0.999999364414186,-0.3333335451952713,-1.0,1.1547001714236107,-1.000000635585814,0.999999364414186,0.999999364414186,0.999999364414186,,0.999999364414186,0.0,0.0,0.5,3.0,1.0,0.3333333333333333,0.0,0.5773502691896258,1.0,3.5,4.0,4.0,3.0,4.0,3.6666666666666665,3.0,0.5773502691896258,11.0,0.0,0.0,0.0,3.0,0.0,0.0,0.0,0.0,0.0,42.0,75.0,75.0,3.0,75.0,53.0,9.0,38.1051177665153,159.0
411218,stu_UZRHS0479G,N,0.0,0.0,0.0,8.0,0.0,0.0,0.0,0.0,0.0,0.0,1.0,1.0,8.0,1.0,0.625,0.0,0.5175491695067657,5.0,0.0,0.0,0.25,8.0,1.0,0.25,0.0,0.4629100498862757,2.0,0.0,0.0,0.0,8.0,1.0,0.125,0.0,0.3535533905932738,1.0,-0.1282976430874384,-0.1282632749807649,-0.128226780519212,8.0,-0.1281551175814524,-0.1282584190074027,-0.1283258949373803,5.752171514043872e-05,-1.0260673520592225,-0.21378756692341,-0.2137130967193771,-0.2136964203631323,8.0,-0.2136594600148362,-0.2137334822508468,-0.213813799930798,5.6767986991990335e-05,-1.709867858006775,-0.0427739245438582,-0.0427595298380739,-0.0427258665344222,8.0,-0.0426672125880311,-0.0427530492340174,-0.0428306313225788,5.054314671322809e-05,-0.3420243938721399,2.0,2.0,3.0,8.0,3.0,2.25,1.0,0.7071067811865476,18.0,0.5188679245283019,0.5379310344827586,0.5460344827586207,8.0,0.56,0.3468721535458686,-1.0,0.5444447307074679,2.7749772283669487,132.5,157.0,162.5,7.0,168.0,146.42857142857142,110.0,25.435258617760915,1025.0,0.0,0.0,0.0,8.0,0.0,0.0,0.0,0.0,0.0,1.75,2.0,2.5,8.0,4.0,2.0,-1.0,1.6035674514745464,16.0,,,,0.0,-1.0,-1.0,-1.0,5.0,-1.0,-1.0,-1.0,0.0,-5.0,,,,,,0.0,0.0,0.0,8.0,0.0,0.0,0.0,0.0,0.0,2.75,3.5,4.0,8.0,4.0,3.25,2.0,0.8864052604279183,26.0,0.0,0.0,0.0,8.0,0.0,0.0,0.0,0.0,0.0,110.0,156.0,159.75,8.0,168.0,128.0,-1.0,57.196403483336006,1024.0
411227,stu_UZRHS0479G,N,0.0,0.0,0.0,4.0,0.0,0.0,0.0,0.0,0.0,0.0,0.5,1.0,4.0,1.0,0.5,0.0,0.5773502691896257,2.0,0.0,0.5,1.0,4.0,1.0,0.5,0.0,0.5773502691896257,2.0,0.0,0.0,0.0,4.0,0.0,0.0,0.0,0.0,0.0,-0.128031812890078,-0.1279164402191524,-0.1277873418080225,4.0,-0.1277281741916326,-0.1279027144789481,-0.128049803285855,0.0001595852789776,-0.5116108579157925,-0.2132384059112834,-0.2131720946981639,-0.2131332827487088,4.0,-0.2131201304075731,-0.2131995939618283,-0.2133340560434123,9.708669423226796e-05,-0.8527983758473134,-0.04270235717261,-0.042695978107972,-0.0426798751507958,4.0,-0.0426338598755416,-0.0426862542154339,-0.0427192007702498,3.661019674814213e-05,-0.1707450168617356,2.0,2.5,3.0,4.0,3.0,2.5,2.0,0.5773502691896257,10.0,0.56,0.5603571428571429,0.5607142857142857,4.0,0.5607142857142857,0.5603571428571429,0.56,0.0004123930494211,2.2414285714285715,157.0,162.5,168.0,4.0,168.0,162.5,157.0,6.350852961085884,650.0,0.0,0.0,0.0,4.0,0.0,0.0,0.0,0.0,0.0,2.0,2.5,3.0,4.0,3.0,2.5,2.0,0.5773502691896257,10.0,,,,0.0,-1.0,-1.0,-1.0,3.0,-1.0,-1.0,-1.0,0.0,-3.0,,,,,,0.0,0.0,0.0,4.0,0.0,0.0,0.0,0.0,0.0,2.0,2.0,2.25,4.0,3.0,2.25,2.0,0.5,9.0,0.0,0.0,0.0,4.0,0.0,0.0,0.0,0.0,0.0,157.0,162.5,168.0,4.0,168.0,162.5,157.0,6.350852961085884,650.0
412597,stu_UZRHS0479G,N,0.0,0.0,0.0,4.0,0.0,0.0,0.0,0.0,0.0,0.0,0.5,1.0,4.0,1.0,0.5,0.0,0.5773502691896257,2.0,0.0,0.0,0.0,4.0,0.0,0.0,0.0,0.0,0.0,0.0,0.0,0.0,4.0,0.0,0.0,0.0,0.0,0.0,-0.1282199952969004,-0.128114836296884,-0.1280364478658824,4.0,-0.1280333658458887,-0.1281416068658988,-0.1283033890239382,0.0001307572669822,-0.5125664274635952,-0.2135687912871157,-0.2135443023685614,-0.2135090144342153,4.0,-0.2134573368431588,-0.2135335033527697,-0.213588071830797,5.675905289833533e-05,-0.8541340134110788,-0.0427497103790243,-0.0427059409167887,-0.0426527700989911,4.0,-0.0426214840123112,-0.0426965395612267,-0.042752792399018,6.488005903754783e-05,-0.1707861582449068,0.0,0.0,0.25,4.0,1.0,0.25,0.0,0.5,1.0,0.3401639344262295,0.7868852459016393,0.7868852459016393,4.0,0.7868852459016393,0.3401639344262295,-1.0,0.8934426229508197,1.360655737704918,96.0,96.0,96.0,3.0,96.0,96.0,96.0,0.0,288.0,2.75,3.0,3.0,4.0,3.0,2.75,2.0,0.5,11.0,2.0,3.0,3.0,4.0,3.0,2.0,-1.0,2.0,8.0,,,,0.0,-1.0,-1.0,-1.0,4.0,-1.0,-1.0,-1.0,0.0,-4.0,,,,,,0.0,0.0,0.25,4.0,1.0,0.25,0.0,0.5,1.0,3.0,3.5,4.0,4.0,4.0,3.5,3.0,0.5773502691896257,14.0,0.0,0.0,0.0,4.0,0.0,0.0,0.0,0.0,0.0,71.75,96.0,96.0,4.0,96.0,71.75,-1.0,48.5,287.0
413703,stu_UZRHS0479G,N,0.0,0.0,0.0,3.0,0.0,0.0,0.0,0.0,0.0,0.5,1.0,1.0,3.0,1.0,0.6666666666666666,0.0,0.5773502691896258,2.0,0.0,0.0,0.0,3.0,0.0,0.0,0.0,0.0,0.0,0.0,0.0,0.0,3.0,0.0,0.0,0.0,0.0,0.0,-0.1277335259162727,-0.1275038795893031,-0.127349085732412,3.0,-0.127194291875521,-0.1275537812360222,-0.1279631722432424,0.0003868615847118,-0.3826613437080666,-0.212339065309646,-0.2121798037183456,-0.2121299657826341,3.0,-0.2120801278469226,-0.2122527528220715,-0.2124983269009464,0.0002184348667164,-0.6367582584662147,-0.042566055435681,-0.0425140672534623,-0.0424429179857016,3.0,-0.042371768717941,-0.0425012931964343,-0.0426180436178997,0.0001236333854067,-0.1275038795893031,1.5,2.0,2.5,3.0,3.0,2.0,1.0,1.0,6.0,0.3668831168831169,0.6428571428571429,0.6428571428571429,3.0,0.6428571428571429,0.4588744588744589,0.0909090909090909,0.3186673563708973,1.3766233766233766,19.0,36.0,36.0,3.0,36.0,24.666666666666668,2.0,19.62990915244728,74.0,1.0,1.0,1.0,3.0,1.0,1.0,1.0,0.0,3.0,2.0,3.0,3.0,3.0,3.0,2.333333333333333,1.0,1.1547005383792517,7.0,0.95778890138031,0.95778890138031,0.95778890138031,1.0,-1.0,-1.0,-0.0211055493098449,3.0,0.95778890138031,-0.3474036995398966,-1.0,1.1303299492283836,-1.04221109861969,0.95778890138031,0.95778890138031,0.95778890138031,,0.95778890138031,0.0,0.0,0.5,3.0,1.0,0.3333333333333333,0.0,0.5773502691896258,1.0,3.5,4.0,4.0,3.0,4.0,3.6666666666666665,3.0,0.5773502691896258,11.0,0.0,0.0,0.5,3.0,1.0,0.3333333333333333,0.0,0.5773502691896258,1.0,19.0,36.0,36.0,3.0,36.0,24.666666666666668,2.0,19.62990915244728,74.0
415562,stu_UZRHS0479G,N,0.0,0.0,0.0,6.0,1.0,0.1666666666666666,0.0,0.408248290463863,1.0,0.0,0.0,0.75,6.0,1.0,0.3333333333333333,0.0,0.5163977794943223,2.0,0.0,0.0,0.0,6.0,0.0,0.0,0.0,0.0,0.0,0.0,0.0,0.0,6.0,1.0,0.1666666666666666,0.0,0.408248290463863,1.0,-0.1279447398523501,-0.126275252626713,-0.1245415447053941,6.0,-0.1244763325071561,-0.1262473312776232,-0.1279922722459733,0.0018708619206673,-0.7574839876657391,-0.2100866462559053,-0.2100109934162934,-0.2099055596625567,6.0,-0.2097311985624501,-0.2105057651376017,-0.2132991264834859,0.0013748163471899,-1.2630345908256102,-0.0426856091414817,-0.0426274330276478,-0.042608248050478,6.0,-0.0392513787699384,-0.042091750875571,-0.0427374061906775,0.001392426101337,-0.2525505052534262,1.0,1.0,1.0,6.0,2.0,1.0,0.0,0.6324555320336759,6.0,0.4873376623376623,0.8,0.8,6.0,0.8,0.6589145422478756,0.3703703703703703,0.2186058157795059,3.953487253487253,4.0,4.0,8.5,6.0,59.0,14.166666666666666,4.0,22.09449403509089,85.0,2.0,2.0,2.0,6.0,2.0,2.0,2.0,0.0,12.0,2.0,2.0,2.0,6.0,2.0,1.8333333333333333,1.0,0.408248290463863,11.0,0.775,0.775,0.775,1.0,-1.0,-1.0,-1.0,5.0,0.775,-0.645,-1.0,0.7938041320124254,-3.225,0.775,0.775,0.775,,0.775,0.0,0.0,0.75,6.0,1.0,0.3333333333333333,0.0,0.5163977794943223,2.0,3.25,4.0,4.0,6.0,4.0,3.6666666666666665,3.0,0.5163977794943222,22.0,0.0,0.0,0.0,6.0,1.0,0.1666666666666666,0.0,0.408248290463863,1.0,4.0,4.0,8.5,6.0,59.0,14.166666666666666,4.0,22.09449403509089,85.0
417873,stu_UZRHS0479G,N,0.0,0.0,0.0,2.0,0.0,0.0,0.0,0.0,0.0,1.0,1.0,1.0,2.0,1.0,1.0,1.0,0.0,2.0,0.0,0.0,0.0,2.0,0.0,0.0,0.0,0.0,0.0,0.0,0.0,0.0,2.0,0.0,0.0,0.0,0.0,0.0,-0.1273135708276013,-0.1272222689717426,-0.1271309671158838,2.0,-0.127039665260025,-0.1272222689717426,-0.1274048726834601,0.0002582406456506,-0.2544445379434852,-0.2124555369954512,-0.2123458505319558,-0.2122361640684605,2.0,-0.212126477604965,-0.2123458505319558,-0.2125652234589466,0.0003102401685678,-0.4246917010639117,-0.0426019764981653,-0.0425321532157507,-0.0424623299333361,2.0,-0.0423925066509216,-0.0425321532157507,-0.0426717997805798,0.0001974900659201,-0.0850643064315015,0.0,0.0,0.0,2.0,0.0,0.0,0.0,0.0,0.0,0.1625,0.175,0.1875,2.0,0.2,0.175,0.15,0.0353553390593273,0.35,3.0,3.0,3.0,2.0,3.0,3.0,3.0,0.0,6.0,0.0,0.0,0.0,2.0,0.0,0.0,0.0,0.0,0.0,1.0,1.0,1.0,2.0,1.0,1.0,1.0,0.0,2.0,0.9997952604388578,0.9998277981866396,0.9998603359344213,2.0,0.9997952604388578,0.9998277981866396,0.9998603359344213,2.0,0.999892873682203,0.9998277981866396,0.999762722691076,9.203064840405848e-05,1.999655596373279,0.999892873682203,0.9998277981866396,0.999762722691076,9.203064840405848e-05,1.999655596373279,1.0,1.0,1.0,2.0,1.0,1.0,1.0,0.0,2.0,0.0,0.0,0.0,2.0,0.0,0.0,0.0,0.0,0.0,0.0,0.0,0.0,2.0,0.0,0.0,0.0,0.0,0.0,3.0,3.0,3.0,2.0,3.0,3.0,3.0,0.0,6.0
423938,stu_UZRHS0479G,N,0.0,0.0,0.0,7.0,0.0,0.0,0.0,0.0,0.0,1.0,1.0,1.0,7.0,1.0,1.0,1.0,0.0,7.0,0.0,0.0,0.0,7.0,0.0,0.0,0.0,0.0,0.0,0.0,0.0,0.0,7.0,0.0,0.0,0.0,0.0,0.0,-0.1282848013374612,-0.1281462298958857,-0.1280789032885823,7.0,-0.1280659062430276,-0.1281768248319025,-0.1282982284323174,0.0001087553608279,-0.8972377738233179,-0.2137337629774751,-0.213679481198982,-0.2135451146839095,7.0,-0.2134227417660215,-0.2136384968179367,-0.2138094994377845,0.0001373855487438,-1.495469477725557,-0.0428316347709489,-0.0426794451014944,-0.0426215317955669,7.0,-0.0425758987863584,-0.0427133848654113,-0.0428320170369946,0.0001149771203881,-0.2989936940578793,0.0,0.0,0.5,7.0,2.0,0.4285714285714285,0.0,0.7867957924694431,3.0,0.0,0.0,0.0,7.0,0.625,-0.0535714285714285,-1.0,0.4779357896701387,-0.375,0.0,0.0,0.0,6.0,5.0,0.8333333333333334,0.0,2.0412414523193148,5.0,1.0,1.0,1.0,7.0,1.0,1.0,1.0,0.0,7.0,1.0,1.0,1.0,7.0,4.0,1.1428571428571428,-1.0,1.4638501094227998,8.0,0.975798327053124,0.986687625066712,0.990137094224266,3.0,-1.0,-0.017545485480232,0.97035367804633,4.0,0.986687625066712,-0.0121008364734379,-1.0,1.1407623449267572,-0.0484033458937518,0.99358656338182,0.9817277391626894,0.964909029039536,0.0149683197161175,2.945183217488068,1.0,1.0,1.0,7.0,1.0,0.8571428571428571,0.0,0.3779644730092272,6.0,0.5,2.0,3.5,7.0,5.0,2.142857142857143,0.0,1.9518001458970664,15.0,0.5,1.0,1.0,7.0,1.0,0.7142857142857143,0.0,0.4879500364742666,5.0,0.0,0.0,0.0,7.0,5.0,0.5714285714285714,-1.0,1.98805959477601,4.0
425756,stu_UZRHS0479G,?,0.0,0.0,0.0,8.0,1.0,0.125,0.0,0.3535533905932738,1.0,0.0,0.0,0.0,8.0,1.0,0.125,0.0,0.3535533905932738,1.0,0.0,0.0,0.0,8.0,0.0,0.0,0.0,0.0,0.0,0.0,0.5,1.0,8.0,1.0,0.5,0.0,0.5345224838248488,4.0,-0.1282866409928098,-0.128057185798863,-0.1274503623429015,8.0,-0.1273693697244634,-0.1279332121419087,-0.1284977713081897,0.0004573701757649,-1.0234656971352696,-0.2136688135871461,-0.2131003959229661,-0.2127927195394127,8.0,-0.212683582583358,-0.2132093477189048,-0.2138133698815001,0.0004686777436306,-1.705674781751239,-0.0428325904360632,-0.0426663763810561,-0.042625378347652,8.0,-0.0420316952870123,-0.0426371091369303,-0.0428325904360632,0.000263134395893,-0.3410968730954424,0.0,1.0,1.0,8.0,1.0,0.625,0.0,0.5175491695067657,5.0,0.4929577464788732,0.4929577464788732,0.4929577464788732,8.0,0.5909090909090909,0.5052016645326505,0.4929577464788732,0.034631029936473,4.041613316261204,35.0,35.0,35.0,8.0,52.0,37.125,35.0,6.010407640085654,297.0,0.0,0.0,1.25,8.0,2.0,0.625,0.0,0.9161253813129044,5.0,2.0,2.0,2.0,8.0,2.0,2.0,2.0,0.0,16.0,0.9953067271767276,0.996714190832615,0.996714190832615,6.0,-1.0,-1.0,-1.0,8.0,0.184638210454234,-0.8519202236932207,-1.0,0.4188328559324427,-6.815361789545766,0.996714190832615,0.8610554244015766,0.184638210454234,0.3313762556810189,5.16633254640946,0.0,0.0,0.0,8.0,1.0,0.125,0.0,0.3535533905932738,1.0,1.75,3.0,4.25,8.0,5.0,3.0,1.0,1.6035674514745464,24.0,0.0,0.0,0.0,8.0,1.0,0.125,0.0,0.3535533905932738,1.0,35.0,35.0,35.0,8.0,52.0,37.125,35.0,6.010407640085654,297.0
429042,stu_UZRHS0479G,N,0.0,0.0,0.0,8.0,0.0,0.0,0.0,0.0,0.0,1.0,1.0,1.0,8.0,1.0,1.0,1.0,0.0,8.0,0.0,0.0,0.0,8.0,0.0,0.0,0.0,0.0,0.0,0.0,0.0,0.0,8.0,0.0,0.0,0.0,0.0,0.0,-0.1283925884165446,-0.128375876222858,-0.1283493684617497,8.0,-0.1283283318834209,-0.1283703692026368,-0.1284023959297802,2.769442348691516e-05,-1.026962953621095,-0.2139686415709482,-0.2139453472337868,-0.2139255291284788,8.0,-0.2139147181668731,-0.2139488772218028,-0.2139903112774153,2.9588331157816798e-05,-1.711591017774423,-0.0427992496693876,-0.042792619742657,-0.0427898363680116,8.0,-0.042766745109687,-0.0427913057031248,-0.0428023436351951,1.1547966927384858e-05,-0.3423304456249989,0.0,0.0,0.0,8.0,0.0,0.0,0.0,0.0,0.0,0.0,0.0147058823529411,0.036344537815126,8.0,0.0571428571428571,0.0216386554621848,0.0,0.0253964698599661,0.173109243697479,0.0,0.5,1.25,8.0,2.0,0.75,0.0,0.8864052604279183,6.0,0.0,0.0,0.0,8.0,0.0,0.0,0.0,0.0,0.0,1.0,1.0,1.0,8.0,1.0,1.0,1.0,0.0,8.0,0.99998888743476,0.9999994788037868,1.0,8.0,0.99998888743476,0.9999994788037868,1.0,8.0,1.0,0.9999773473719844,0.999853430281372,5.099383307754309e-05,7.999818778975876,1.0,0.9999773473719844,0.999853430281372,5.099383307754309e-05,7.999818778975876,1.0,1.0,1.0,8.0,1.0,1.0,1.0,0.0,8.0,0.0,0.0,0.0,8.0,0.0,0.0,0.0,0.0,0.0,0.0,0.0,0.0,8.0,0.0,0.0,0.0,0.0,0.0,0.0,0.5,1.25,8.0,2.0,0.75,0.0,0.8864052604279183,6.0
431507,stu_UZRHS0479G,N,0.0,0.0,0.0,8.0,0.0,0.0,0.0,0.0,0.0,1.0,1.0,1.0,8.0,1.0,1.0,1.0,0.0,8.0,0.0,0.0,0.0,8.0,0.0,0.0,0.0,0.0,0.0,0.0,0.0,0.0,8.0,0.0,0.0,0.0,0.0,0.0,-0.1284943428595921,-0.1284934708151753,-0.1282426923433653,8.0,-0.1278838042554986,-0.128325261809242,-0.1284960033277282,0.0002762052510211,-1.026602094473937,-0.2141568359235846,-0.2141553785342852,-0.213905651294101,8.0,-0.2135479338959994,-0.2139879758707922,-0.2141579827217217,0.0002752655032937,-1.711903806966338,-0.0428319214704832,-0.0428314197462982,-0.0427976011470654,8.0,-0.0423539933468147,-0.0427552472637804,-0.042832447086296,0.0001687507659753,-0.3420419781102433,0.0,0.0,0.0,8.0,0.0,0.0,0.0,0.0,0.0,0.0174418604651162,0.0454545454545454,0.103763440860215,8.0,0.4545454545454545,-0.0186961513105549,-1.0,0.4241261321082,-0.1495692104844392,1.5,3.0,11.5,7.0,35.0,9.142857142857142,0.0,13.309502512973848,64.0,0.0,0.0,0.0,8.0,0.0,0.0,0.0,0.0,0.0,1.0,1.0,1.0,8.0,1.0,0.75,-1.0,0.7071067811865476,6.0,0.876557788944724,0.876557788944724,0.876557788944724,1.0,-0.530860552763819,-0.0617211055276379,0.407418341708543,2.0,0.876557788944724,-0.0617211055276379,-1.0,1.3269267378512484,-0.1234422110552759,0.876557788944724,0.876557788944724,0.876557788944724,,0.876557788944724,0.75,1.0,1.0,8.0,1.0,0.75,0.0,0.4629100498862757,6.0,0.0,0.0,0.0,8.0,0.0,0.0,0.0,0.0,0.0,0.0,0.0,0.0,8.0,0.0,0.0,0.0,0.0,0.0,0.75,2.5,7.25,8.0,35.0,7.875,-1.0,12.833410636749242,63.0
431826,stu_UZRHS0479G,N,0.0,0.0,0.0,1.0,0.0,0.0,0.0,,0.0,1.0,1.0,1.0,1.0,1.0,1.0,1.0,,1.0,0.0,0.0,0.0,1.0,0.0,0.0,0.0,,0.0,0.0,0.0,0.0,1.0,0.0,0.0,0.0,,0.0,-0.114518923198328,-0.114518923198328,-0.114518923198328,1.0,-0.114518923198328,-0.114518923198328,-0.114518923198328,,-0.114518923198328,-0.199011359625424,-0.199011359625424,-0.199011359625424,1.0,-0.199011359625424,-0.199011359625424,-0.199011359625424,,-0.199011359625424,-0.0426825987963716,-0.0426825987963716,-0.0426825987963716,1.0,-0.0426825987963716,-0.0426825987963716,-0.0426825987963716,,-0.0426825987963716,1.0,1.0,1.0,1.0,1.0,1.0,1.0,,1.0,0.5,0.5,0.5,1.0,0.5,0.5,0.5,,0.5,1.0,1.0,1.0,1.0,1.0,1.0,1.0,,1.0,0.0,0.0,0.0,1.0,0.0,0.0,0.0,,0.0,2.0,2.0,2.0,1.0,2.0,2.0,2.0,,2.0,,,,0.0,-1.0,-1.0,-1.0,1.0,-1.0,-1.0,-1.0,,-1.0,,,,,,0.0,0.0,0.0,1.0,0.0,0.0,0.0,,0.0,1.0,1.0,1.0,1.0,1.0,1.0,1.0,,1.0,0.0,0.0,0.0,1.0,0.0,0.0,0.0,,0.0,1.0,1.0,1.0,1.0,1.0,1.0,1.0,,1.0
432548,stu_NYASK5856X,N,0.0,0.0,0.0,5.0,0.0,0.0,0.0,0.0,0.0,1.0,1.0,1.0,5.0,1.0,0.8,0.0,0.4472135954999579,4.0,0.0,0.0,0.0,5.0,1.0,0.2,0.0,0.447213595499958,1.0,0.0,0.0,0.0,5.0,0.0,0.0,0.0,0.0,0.0,-0.1394853629881074,-0.1394661172763848,-0.1393893733717394,5.0,-0.1389943583969368,-0.1393855416070127,-0.1395924960018949,0.0002303941483879,-0.6969277080350634,-0.2323446067046015,-0.2320400205084683,-0.2319561517805216,5.0,-0.2319217006532168,-0.2321611120937603,-0.2325430808219934,0.0002709059437564,-1.1608055604688017,-0.0465301296552452,-0.0465155324562863,-0.0464397008765758,5.0,-0.0463124098261307,-0.0464689213409203,-0.0465468338903633,9.66166509680156e-05,-0.2323446067046015,0.0,1.0,1.0,5.0,1.0,0.6,0.0,0.5477225575051662,3.0,0.3181818181818182,0.5294117647058824,0.6779661016949152,5.0,0.6779661016949152,0.4407051572555062,0.0,0.287092048813304,2.203525786277531,7.0,27.0,40.0,5.0,40.0,22.8,0.0,18.566098136118963,114.0,2.0,2.0,2.0,5.0,2.0,1.8,1.0,0.4472135954999579,9.0,1.0,1.0,2.0,5.0,2.0,1.4,1.0,0.5477225575051661,7.0,,,,0.0,-1.0,-1.0,-1.0,1.0,-1.0,-1.0,-1.0,,-1.0,,,,,,1.0,1.0,1.0,5.0,1.0,0.8,0.0,0.4472135954999579,4.0,1.0,1.0,2.0,5.0,3.0,1.6,1.0,0.8944271909999159,8.0,0.0,0.0,0.0,5.0,1.0,0.2,0.0,0.447213595499958,1.0,7.0,27.0,40.0,5.0,40.0,22.8,0.0,18.566098136118963,114.0
433263,stu_NYASK5856X,N,0.0,0.0,0.0,7.0,0.0,0.0,0.0,0.0,0.0,1.0,1.0,1.0,7.0,1.0,1.0,1.0,0.0,7.0,0.0,0.0,0.0,7.0,0.0,0.0,0.0,0.0,0.0,0.0,0.0,0.0,7.0,0.0,0.0,0.0,0.0,0.0,-0.1396157711487468,-0.1395369745129977,-0.1395106039779738,7.0,-0.1394110953939996,-0.1395491512580476,-0.1396432386458949,8.172315541112835e-05,-0.9768440588063336,-0.2326112228058238,-0.2325796607074796,-0.2319775153894145,7.0,-0.2305611200669239,-0.2321485933820171,-0.2327218965092398,0.0008177825869813,-1.62504015367412,-0.0465503311359472,-0.0465425763740003,-0.0465266541316835,7.0,-0.0464171534174696,-0.0465247270779945,-0.0465593892192297,4.920499108112079e-05,-0.3256730895459616,0.0,0.0,0.0,7.0,0.0,0.0,0.0,0.0,0.0,0.0,0.0,0.2416666666666666,7.0,0.44,0.1319047619047619,0.0,0.2040684084906709,0.9233333333333332,0.0,0.0,5.5,7.0,11.0,3.142857142857143,0.0,5.047394424471945,22.0,0.0,0.0,0.0,7.0,0.0,0.0,0.0,0.0,0.0,1.0,1.0,1.0,7.0,1.0,1.0,1.0,0.0,7.0,,,,0.0,,,,0.0,,,,,,,,,,,1.0,1.0,1.0,7.0,1.0,1.0,1.0,0.0,7.0,0.0,0.0,0.0,7.0,0.0,0.0,0.0,0.0,0.0,0.0,0.0,0.0,7.0,0.0,0.0,0.0,0.0,0.0,0.0,0.0,5.5,7.0,11.0,3.142857142857143,0.0,5.047394424471945,22.0
433929,stu_NYASK5856X,N,0.0,0.0,0.0,3.0,0.0,0.0,0.0,0.0,0.0,1.0,1.0,1.0,3.0,1.0,1.0,1.0,0.0,3.0,0.0,0.0,0.0,3.0,0.0,0.0,0.0,0.0,0.0,0.0,0.0,0.0,3.0,0.0,0.0,0.0,0.0,0.0,-0.1396064958452416,-0.1395960584135456,-0.1395689167467314,3.0,-0.1395417750799172,-0.1395849222568002,-0.1396169332769377,3.879689594716469e-05,-0.4187547667704007,-0.2326682974193126,-0.2326579685977279,-0.23265030072387,3.0,-0.2326426328500121,-0.2326597425628791,-0.2326786262408973,1.8062149958491345e-05,-0.6979792276886374,-0.0465287285848094,-0.0464952006434507,-0.0464897592768745,3.0,-0.0464843179102983,-0.046513925026639,-0.0465622565261681,4.2208516383086986e-05,-0.1395417750799172,1.0,1.0,1.5,3.0,2.0,1.3333333333333333,1.0,0.5773502691896257,4.0,0.0,0.0,0.125,3.0,0.25,0.0833333333333333,0.0,0.1443375672974064,0.25,0.0,0.0,1.5,3.0,3.0,1.0,0.0,1.7320508075688772,3.0,1.0,1.0,1.0,3.0,1.0,1.0,1.0,0.0,3.0,1.0,1.0,1.5,3.0,2.0,1.3333333333333333,1.0,0.5773502691896257,4.0,,,,0.0,-1.0,-1.0,-1.0,1.0,-1.0,-1.0,-1.0,,-1.0,,,,,,0.5,1.0,1.0,3.0,1.0,0.6666666666666666,0.0,0.5773502691896258,2.0,1.0,1.0,1.0,3.0,1.0,1.0,1.0,0.0,3.0,0.0,0.0,0.5,3.0,1.0,0.3333333333333333,0.0,0.5773502691896258,1.0,0.0,0.0,1.5,3.0,3.0,1.0,0.0,1.7320508075688772,3.0
436298,stu_NYASK5856X,N,0.0,0.0,0.0,8.0,0.0,0.0,0.0,0.0,0.0,1.0,1.0,1.0,8.0,1.0,1.0,1.0,0.0,8.0,0.0,0.0,0.0,8.0,0.0,0.0,0.0,0.0,0.0,0.0,0.0,0.0,8.0,0.0,0.0,0.0,0.0,0.0,-0.1396809860900776,-0.1396237648529385,-0.1396231403447985,8.0,-0.1396093740131911,-0.1396460000579747,-0.1396966096545883,3.582609128034756e-05,-1.1171680004637978,-0.2327575206257466,-0.2327384812732355,-0.2327377155719508,8.0,-0.232731519365101,-0.2327466243163302,-0.2327675562000308,1.4410256148860004e-05,-1.8619729945306425,-0.0465817520411467,-0.0465551968689335,-0.0465232111911553,8.0,-0.0464776492494644,-0.0465451911624299,-0.0465825014509146,4.090435171232904e-05,-0.3723615292994395,0.0,0.0,0.0,8.0,0.0,0.0,0.0,0.0,0.0,-0.25,0.0,0.0,8.0,0.0,-0.25,-1.0,0.4629100498862757,-2.0,0.0,0.0,0.0,6.0,0.0,0.0,0.0,0.0,0.0,0.0,0.0,0.0,8.0,0.0,0.0,0.0,0.0,0.0,0.5,1.0,1.0,8.0,1.0,0.5,-1.0,0.9258200997725514,4.0,0.701582642764617,0.844421295197374,0.9191857110440276,3.0,-1.0,0.55874399033186,0.844421295197374,5.0,0.993950126890681,0.0794230824839829,-1.0,0.9977022219961844,0.3971154124199149,0.993950126890681,0.7990384708066381,0.55874399033186,0.2211239378422744,2.3971154124199145,1.0,1.0,1.0,8.0,1.0,1.0,1.0,0.0,8.0,0.0,0.0,0.0,8.0,0.0,0.0,0.0,0.0,0.0,0.75,1.0,1.0,8.0,1.0,0.75,0.0,0.4629100498862757,6.0,-0.25,0.0,0.0,8.0,0.0,-0.25,-1.0,0.4629100498862757,-2.0
437691,stu_NYASK5856X,N,0.0,0.0,0.75,6.0,1.0,0.3333333333333333,0.0,0.5163977794943223,2.0,0.0,0.5,1.0,6.0,1.0,0.5,0.0,0.5477225575051661,3.0,0.0,0.0,0.0,6.0,1.0,0.1666666666666666,0.0,0.408248290463863,1.0,0.0,0.0,0.0,6.0,0.0,0.0,0.0,0.0,0.0,-0.1394859277606862,-0.1394830387317255,-0.1394519653788823,6.0,-0.1394226080657975,-0.1394814964681451,-0.1395717949146809,5.140765747818334e-05,-0.8368889788088705,-0.2325143480170487,-0.2324666953307153,-0.2324100171441327,6.0,-0.2323804263193087,-0.2324590165958463,-0.23251892593324,6.245894392751432e-05,-1.3947540995750778,-0.0465482023777657,-0.0465425872350114,-0.0464974162897213,6.0,-0.0463879155755074,-0.0465093380596051,-0.0465505049121253,6.458431960293868e-05,-0.2790560283576308,1.0,1.5,2.75,6.0,3.0,1.6666666666666667,0.0,1.2110601416389968,10.0,0.4222222222222222,0.4222222222222222,0.4691919191919192,6.0,0.4848484848484848,0.206060606060606,-1.0,0.5916426423296705,1.2363636363636363,16.0,19.0,19.0,5.0,19.0,17.8,16.0,1.6431676725154982,89.0,0.25,1.0,1.0,6.0,1.0,0.6666666666666666,0.0,0.5163977794943223,4.0,2.0,2.5,3.0,6.0,3.0,2.0,-1.0,1.5491933384829668,12.0,0.5227157989969368,0.6688440164522295,0.8149722339075223,2.0,-1.0,-1.0,0.032440686156233,6.0,0.961100451362815,-0.4437186611825902,-1.0,0.8813869504923667,-2.6623119670955413,0.961100451362815,0.6688440164522295,0.376587581541644,0.4133130139413596,1.337688032904459,0.0,0.5,1.0,6.0,1.0,0.5,0.0,0.5477225575051661,3.0,1.0,1.5,2.0,6.0,3.0,1.6666666666666667,1.0,0.816496580927726,10.0,0.0,0.0,0.0,6.0,0.0,0.0,0.0,0.0,0.0,16.0,17.5,19.0,6.0,19.0,14.666666666666666,-1.0,7.814516406449388,88.0
438041,stu_NYASK5856X,N,0.0,0.0,0.0,1.0,0.0,0.0,0.0,,0.0,1.0,1.0,1.0,1.0,1.0,1.0,1.0,,1.0,0.0,0.0,0.0,1.0,0.0,0.0,0.0,,0.0,0.0,0.0,0.0,1.0,0.0,0.0,0.0,,0.0,-0.139635570772037,-0.139635570772037,-0.139635570772037,1.0,-0.139635570772037,-0.139635570772037,-0.139635570772037,,-0.139635570772037,-0.2327756585143339,-0.2327756585143339,-0.2327756585143339,1.0,-0.2327756585143339,-0.2327756585143339,-0.2327756585143339,,-0.2327756585143339,-0.0465434886989352,-0.0465434886989352,-0.0465434886989352,1.0,-0.0465434886989352,-0.0465434886989352,-0.0465434886989352,,-0.0465434886989352,2.0,2.0,2.0,1.0,2.0,2.0,2.0,,2.0,0.4897959183673469,0.4897959183673469,0.4897959183673469,1.0,0.4897959183673469,0.4897959183673469,0.4897959183673469,,0.4897959183673469,48.0,48.0,48.0,1.0,48.0,48.0,48.0,,48.0,0.0,0.0,0.0,1.0,0.0,0.0,0.0,,0.0,2.0,2.0,2.0,1.0,2.0,2.0,2.0,,2.0,,,,0.0,-1.0,-1.0,-1.0,1.0,-1.0,-1.0,-1.0,,-1.0,,,,,,0.0,0.0,0.0,1.0,0.0,0.0,0.0,,0.0,3.0,3.0,3.0,1.0,3.0,3.0,3.0,,3.0,0.0,0.0,0.0,1.0,0.0,0.0,0.0,,0.0,48.0,48.0,48.0,1.0,48.0,48.0,48.0,,48.0
441617,stu_NYASK5856X,N,0.0,0.0,0.0,8.0,1.0,0.125,0.0,0.3535533905932738,1.0,1.0,1.0,1.0,8.0,1.0,0.875,0.0,0.3535533905932738,7.0,0.0,0.0,0.0,8.0,0.0,0.0,0.0,0.0,0.0,0.0,0.0,0.0,8.0,0.0,0.0,0.0,0.0,0.0,-0.1396417018128199,-0.1396307267610729,-0.1395952112546774,8.0,-0.1395864355576843,-0.1396233114057238,-0.1396661119353349,2.9578442038667528e-05,-1.116986491245791,-0.2327225861834465,-0.2326936035752458,-0.2326749280666075,8.0,-0.2326577513775052,-0.2326996151449063,-0.2327480932680856,3.3169780489397084e-05,-1.861596921159251,-0.0465604535983205,-0.0465471814427195,-0.0465327688809498,8.0,-0.0464688952744936,-0.0465395787349284,-0.0465687296888016,3.2037112032188246e-05,-0.3723166298794275,0.0,0.0,1.0,8.0,1.0,0.375,0.0,0.5175491695067657,3.0,0.0288461538461538,0.0728021978021978,0.1581357758620689,8.0,0.25,0.0988433710685865,0.0,0.0968464236807483,0.7907469685486926,0.75,2.0,4.25,8.0,7.0,2.625,0.0,2.559994419636775,21.0,0.0,0.0,0.0,8.0,0.0,0.0,0.0,0.0,0.0,1.0,1.0,1.25,8.0,2.0,1.25,1.0,0.4629100498862757,10.0,1.0,1.0,1.0,5.0,1.0,1.0,1.0,6.0,1.0,0.6666666666666666,-1.0,0.816496580927726,4.0,1.0,1.0,1.0,0.0,5.0,1.0,1.0,1.0,8.0,1.0,0.875,0.0,0.3535533905932738,7.0,0.0,0.0,0.0,8.0,0.0,0.0,0.0,0.0,0.0,0.0,0.0,0.0,8.0,1.0,0.125,0.0,0.3535533905932738,1.0,0.75,2.0,4.25,8.0,7.0,2.625,0.0,2.559994419636775,21.0
443949,stu_IVCXG1858X,G,0.0,0.0,0.0,8.0,0.0,0.0,0.0,0.0,0.0,0.0,0.0,0.25,8.0,1.0,0.25,0.0,0.4629100498862757,2.0,0.0,0.0,1.0,8.0,1.0,0.375,0.0,0.5175491695067657,3.0,0.0,0.0,0.0,8.0,1.0,0.125,0.0,0.3535533905932738,1.0,-0.129535259901156,-0.1295133669250799,-0.1294509940476725,8.0,-0.1293555606620555,-0.1294938509739158,-0.1295978762474223,8.375819653636855e-05,-1.0359508077913264,-0.2158840589558408,-0.2157645798168688,-0.215599930797494,8.0,-0.2153382145883173,-0.2157078964222697,-0.2159500390166052,0.0002337930780001,-1.7256631713781576,-0.0432030743925541,-0.0431760813845914,-0.0431530543561988,8.0,-0.0431523239496221,-0.0431823090617193,-0.0432416898349921,3.25871854719743e-05,-0.3454584724937546,1.75,2.0,3.0,8.0,3.0,2.125,1.0,0.8345229603962802,17.0,0.3809523809523809,0.4152542372881356,0.4152542372881356,8.0,0.5,0.4129842615012106,0.3809523809523809,0.0390429690419342,3.303874092009685,40.0,44.5,49.0,8.0,49.0,41.875,19.0,10.260012531320667,335.0,2.0,2.0,2.0,8.0,2.0,1.875,1.0,0.3535533905932738,15.0,3.0,3.5,4.0,8.0,4.0,3.25,1.0,1.035098339013531,26.0,,,,0.0,-1.0,-1.0,-1.0,6.0,-1.0,-1.0,-1.0,0.0,-6.0,,,,,,0.0,0.0,0.25,8.0,1.0,0.25,0.0,0.4629100498862757,2.0,4.0,4.0,4.0,8.0,5.0,4.0,3.0,0.5345224838248488,32.0,0.0,0.0,0.0,8.0,0.0,0.0,0.0,0.0,0.0,40.0,44.5,49.0,8.0,49.0,41.875,19.0,10.260012531320667,335.0
445545,stu_IVCXG1858X,N,0.0,0.0,0.0,1.0,0.0,0.0,0.0,,0.0,1.0,1.0,1.0,1.0,1.0,1.0,1.0,,1.0,0.0,0.0,0.0,1.0,0.0,0.0,0.0,,0.0,0.0,0.0,0.0,1.0,0.0,0.0,0.0,,0.0,-0.12953249845173,-0.12953249845173,-0.12953249845173,1.0,-0.12953249845173,-0.12953249845173,-0.12953249845173,,-0.12953249845173,-0.2158622108292914,-0.2158622108292914,-0.2158622108292914,1.0,-0.2158622108292914,-0.2158622108292914,-0.2158622108292914,,-0.2158622108292914,-0.0431611657134456,-0.0431611657134456,-0.0431611657134456,1.0,-0.0431611657134456,-0.0431611657134456,-0.0431611657134456,,-0.0431611657134456,1.0,1.0,1.0,1.0,1.0,1.0,1.0,,1.0,-1.0,-1.0,-1.0,1.0,-1.0,-1.0,-1.0,,-1.0,,,,0.0,,,,,,0.0,0.0,0.0,1.0,0.0,0.0,0.0,,0.0,-1.0,-1.0,-1.0,1.0,-1.0,-1.0,-1.0,,-1.0,,,,0.0,-1.0,-1.0,-1.0,1.0,-1.0,-1.0,-1.0,,-1.0,,,,,,0.0,0.0,0.0,1.0,0.0,0.0,0.0,,0.0,1.0,1.0,1.0,1.0,1.0,1.0,1.0,,1.0,0.0,0.0,0.0,1.0,0.0,0.0,0.0,,0.0,-1.0,-1.0,-1.0,1.0,-1.0,-1.0,-1.0,,-1.0
446282,stu_IVCXG1858X,N,0.0,0.0,0.0,7.0,0.0,0.0,0.0,0.0,0.0,0.0,1.0,1.0,7.0,1.0,0.5714285714285714,0.0,0.5345224838248488,4.0,0.0,0.0,0.0,7.0,0.0,0.0,0.0,0.0,0.0,0.0,0.0,0.0,7.0,1.0,0.1428571428571428,0.0,0.3779644730092273,1.0,-0.1294829589460172,-0.129392414158804,-0.1270308559264399,7.0,-0.1262646337991523,-0.1283124558632147,-0.1295025133396327,0.0014977189622038,-0.8981871910425034,-0.2148365534116105,-0.2127602894252858,-0.2126398748533296,7.0,-0.2124137179117041,-0.2137026969685561,-0.2157920149130227,0.0014951728673072,-1.4959188787798932,-0.0431867812002329,-0.0431575264947124,-0.0431092555898961,7.0,-0.0412470904296057,-0.0428912521091546,-0.0432420742595062,0.0007268546200552,-0.3002387647640828,0.0,0.0,0.0,7.0,0.0,0.0,0.0,0.0,0.0,0.2900674662668666,0.417910447761194,0.417910447761194,7.0,0.417910447761194,0.3379161553164103,0.1136363636363636,0.1158584943350564,2.3654130872148724,28.0,28.0,30.5,7.0,34.0,26.285714285714285,5.0,9.741907508530447,184.0,1.5,2.0,2.0,7.0,2.0,1.5714285714285714,0.0,0.7867957924694431,11.0,1.0,1.0,1.0,7.0,1.0,1.0,1.0,0.0,7.0,0.999999999958226,0.999999999958226,0.999999999958226,1.0,-1.0,-1.0,-0.5000000000104435,4.0,0.999999999958226,-0.5000000000104435,-1.0,0.9999999999791128,-2.000000000041774,0.999999999958226,0.999999999958226,0.999999999958226,,0.999999999958226,0.0,1.0,1.0,7.0,1.0,0.5714285714285714,0.0,0.5345224838248488,4.0,1.5,2.0,3.0,7.0,3.0,2.0,0.0,1.1547005383792517,14.0,0.0,0.0,0.0,7.0,0.0,0.0,0.0,0.0,0.0,28.0,28.0,30.5,7.0,34.0,26.285714285714285,5.0,9.741907508530447,184.0
449201,stu_IVCXG1858X,N,0.0,0.0,0.0,4.0,0.0,0.0,0.0,0.0,0.0,0.75,1.0,1.0,4.0,1.0,0.75,0.0,0.5,3.0,0.0,0.0,0.25,4.0,1.0,0.25,0.0,0.5,1.0,0.0,0.0,0.0,4.0,0.0,0.0,0.0,0.0,0.0,-0.1292198844368908,-0.1284639008158278,-0.1276445063711695,4.0,-0.1273743136014576,-0.1284004899922325,-0.1292998447358167,0.0009888990260893,-0.5136019599689301,-0.2139216743247328,-0.2138214420397651,-0.2138059881742996,4.0,-0.2137911109456052,-0.2139062204592673,-0.2141908868119338,0.0001905082452324,-0.8556248818370693,-0.0432261398633981,-0.0431701612470748,-0.0430481961629118,4.0,-0.0428422215082748,-0.0431041747792352,-0.0432341551145164,0.000182488424763,-0.1724166991169409,1.0,1.0,1.0,4.0,1.0,1.0,1.0,0.0,4.0,0.4225038464653008,0.5691804618843246,0.6190476190476191,4.0,0.6190476190476191,0.4723710036285953,0.1320754716981132,0.231684187135033,1.8894840145143807,42.5,52.0,69.25,4.0,121.0,59.75,14.0,44.58979703923309,239.0,0.0,0.0,0.0,4.0,0.0,0.0,0.0,0.0,0.0,1.0,1.5,2.0,4.0,2.0,1.5,1.0,0.5773502691896257,6.0,0.820854115259253,0.820854115259253,0.820854115259253,1.0,-0.5447864711851867,-0.0895729423703735,0.3656405864444397,2.0,0.820854115259253,-0.0895729423703735,-1.0,1.2875382924512493,-0.179145884740747,0.820854115259253,0.820854115259253,0.820854115259253,,0.820854115259253,0.75,1.0,1.0,4.0,1.0,0.75,0.0,0.5,3.0,0.75,1.0,1.0,4.0,1.0,0.75,0.0,0.5,3.0,0.0,0.0,0.0,4.0,0.0,0.0,0.0,0.0,0.0,42.5,52.0,69.25,4.0,121.0,59.75,14.0,44.58979703923309,239.0
451975,stu_IVCXG1858X,N,0.0,0.0,0.0,2.0,0.0,0.0,0.0,0.0,0.0,1.0,1.0,1.0,2.0,1.0,1.0,1.0,0.0,2.0,0.0,0.0,0.0,2.0,0.0,0.0,0.0,0.0,0.0,0.0,0.0,0.0,2.0,0.0,0.0,0.0,0.0,0.0,-0.1296996398233692,-0.129675722211519,-0.1296518045996688,2.0,-0.1296278869878186,-0.129675722211519,-0.1297235574352194,6.764922211623909e-05,-0.2593514444230381,-0.2161818085561361,-0.216157756395706,-0.2161337042352758,2.0,-0.2161096520748457,-0.216157756395706,-0.2162058607165662,6.80297829692905e-05,-0.432315512791412,-0.0432171571439194,-0.0431930857622636,-0.0431690143806078,2.0,-0.043144942998952,-0.0431930857622636,-0.0432412285255753,6.808414880544001e-05,-0.0863861715245273,0.0,0.0,0.0,2.0,0.0,0.0,0.0,0.0,0.0,-0.75,-0.5,-0.25,2.0,0.0,-0.5,-1.0,0.7071067811865476,-1.0,0.0,0.0,0.0,1.0,0.0,0.0,0.0,,0.0,0.0,0.0,0.0,2.0,0.0,0.0,0.0,0.0,0.0,-0.5,0.0,0.5,2.0,1.0,0.0,-1.0,1.4142135623730951,0.0,,,,0.0,-1.0,-1.0,-1.0,1.0,-1.0,-1.0,-1.0,,-1.0,,,,,,1.0,1.0,1.0,2.0,1.0,1.0,1.0,0.0,2.0,0.0,0.0,0.0,2.0,0.0,0.0,0.0,0.0,0.0,0.25,0.5,0.75,2.0,1.0,0.5,0.0,0.7071067811865476,1.0,-0.75,-0.5,-0.25,2.0,0.0,-0.5,-1.0,0.7071067811865476,-1.0
454664,stu_IVCXG1858X,N,0.0,0.0,0.0,7.0,0.0,0.0,0.0,0.0,0.0,0.0,0.0,1.0,7.0,1.0,0.4285714285714285,0.0,0.5345224838248488,3.0,0.0,0.0,1.0,7.0,1.0,0.4285714285714285,0.0,0.5345224838248487,3.0,0.0,0.0,0.0,7.0,1.0,0.1428571428571428,0.0,0.3779644730092272,1.0,-0.1294480660142869,-0.1293432847059027,-0.1292895037163848,7.0,-0.1291684228086042,-0.1293575413635958,-0.1295159425693206,0.0001211669946371,-0.9055027895451708,-0.2156540577690746,-0.215599520744679,-0.2153442244248872,7.0,-0.2151498978330264,-0.2155008517860685,-0.2157599795368505,0.0002471096436339,-1.50850596250248,-0.0431787082854375,-0.043158525998449,-0.0430923793537286,7.0,-0.0429474256836244,-0.0431271569581012,-0.0432419717463025,9.837662697592632e-05,-0.3018900987067084,0.0,1.0,2.5,7.0,3.0,1.2857142857142858,0.0,1.3801311186847085,9.0,0.2368421052631578,0.75,0.75,7.0,0.75,0.4962406015037594,0.0,0.3430918874967169,3.473684210526316,4.5,12.0,12.0,7.0,12.0,8.142857142857142,0.0,5.429197958832453,57.0,0.0,0.0,0.0,7.0,0.0,0.0,0.0,0.0,0.0,1.0,4.0,4.0,7.0,4.0,2.7142857142857144,1.0,1.6035674514745462,19.0,0.9999949402253114,0.99999919316887,0.999999596584435,3.0,-1.0,-4.656359123500486e-06,0.9999970666970908,6.0,1.0,-1.686591562855e-06,-1.0,1.095443267446704,-1.011954937713e-05,1.0,0.9999966268168744,0.999990687281753,5.159583530790831e-06,2.999989880450623,0.0,1.0,1.0,7.0,1.0,0.5714285714285714,0.0,0.5345224838248488,4.0,0.0,0.0,1.5,7.0,3.0,0.8571428571428571,0.0,1.2149857925879115,6.0,0.0,0.0,0.0,7.0,0.0,0.0,0.0,0.0,0.0,4.5,12.0,12.0,7.0,12.0,8.142857142857142,0.0,5.429197958832453,57.0
458885,stu_YNLGM5611D,N,0.0,0.0,0.0,3.0,0.0,0.0,0.0,0.0,0.0,0.5,1.0,1.0,3.0,1.0,0.6666666666666666,0.0,0.5773502691896258,2.0,0.0,0.0,0.5,3.0,1.0,0.3333333333333333,0.0,0.5773502691896258,1.0,0.0,0.0,0.0,3.0,0.0,0.0,0.0,0.0,0.0,-0.1222189296888473,-0.1222117246747036,-0.1218904422629713,3.0,-0.1215691598512389,-0.1220023397429778,-0.1222261347029909,0.0003752139738655,-0.3660070192289336,-0.2035722147351571,-0.2035404749996485,-0.203287122214728,3.0,-0.2030337694298075,-0.2033927329667072,-0.2036039544706657,0.0003124876420401,-0.6101781989001218,-0.0407280665456703,-0.0406946079669183,-0.0404038173634082,3.0,-0.0401130267598982,-0.0405230532837463,-0.0407615251244224,0.0003566662153699,-0.1215691598512389,1.0,1.0,1.0,3.0,1.0,1.0,1.0,0.0,3.0,0.4166666666666666,0.5,0.5,3.0,0.5,0.4444444444444444,0.3333333333333333,0.0962250448649376,1.3333333333333333,2.0,2.0,5.0,3.0,8.0,4.0,2.0,3.4641016151377544,12.0,0.0,0.0,0.0,3.0,0.0,0.0,0.0,0.0,0.0,1.5,2.0,2.0,3.0,2.0,1.6666666666666667,1.0,0.5773502691896257,5.0,0.6298035088983053,0.7346244529987775,0.8394453970992497,2.0,-0.2375087176010835,0.524982564797833,0.7346244529987775,3.0,0.944266341199722,0.156416301999185,-1.0,1.023192904068221,0.469248905997555,0.944266341199722,0.7346244529987775,0.524982564797833,0.2964784015352798,1.469248905997555,0.5,1.0,1.0,3.0,1.0,0.6666666666666666,0.0,0.5773502691896258,2.0,0.5,1.0,1.0,3.0,1.0,0.6666666666666666,0.0,0.5773502691896258,2.0,0.0,0.0,0.0,3.0,0.0,0.0,0.0,0.0,0.0,2.0,2.0,5.0,3.0,8.0,4.0,2.0,3.4641016151377544,12.0
459227,stu_YNLGM5611D,N,0.0,0.0,0.0,4.0,0.0,0.0,0.0,0.0,0.0,1.0,1.0,1.0,4.0,1.0,1.0,1.0,0.0,4.0,0.0,0.0,0.0,4.0,0.0,0.0,0.0,0.0,0.0,0.0,0.0,0.0,4.0,0.0,0.0,0.0,0.0,0.0,-0.121770111463033,-0.1216704538736114,-0.1215728800873,4.0,-0.1214311814758083,-0.1216725376767216,-0.1219180614838553,0.0002029875658503,-0.4866901507068866,-0.2032727828238343,-0.2031150966155989,-0.2029313569820369,4.0,-0.2027776853323358,-0.2030890431902723,-0.2033482941975554,0.000258607302416,-0.8123561727610892,-0.0406823288333369,-0.0405787861872692,-0.040418321574887,4.0,-0.0401693953999632,-0.0405218642209546,-0.0407604891093167,0.0002579828717035,-0.1620874568838186,0.0,0.0,0.0,4.0,0.0,0.0,0.0,0.0,0.0,-0.25,0.0,0.1770833333333333,4.0,0.7083333333333334,-0.0729166666666666,-1.0,0.7024881375036403,-0.2916666666666666,0.0,0.0,8.5,3.0,17.0,5.666666666666667,0.0,9.814954576223638,17.0,3.0,3.0,3.0,4.0,3.0,3.0,3.0,0.0,12.0,0.5,1.0,1.0,4.0,1.0,0.5,-1.0,1.0,2.0,0.999999992358681,0.999999992358681,0.999999992358681,1.0,-0.5000000019103298,-3.820659455477937e-09,0.4999999942690107,2.0,0.999999992358681,-3.820659510989088e-09,-1.0,1.4142135569698664,-7.641319021978177e-09,0.999999992358681,0.999999992358681,0.999999992358681,,0.999999992358681,0.75,1.0,1.0,4.0,1.0,0.75,0.0,0.5,3.0,2.75,3.5,4.25,4.0,5.0,3.5,2.0,1.2909944487358056,14.0,0.0,0.0,0.0,4.0,0.0,0.0,0.0,0.0,0.0,-0.25,0.0,4.25,4.0,17.0,4.0,-1.0,8.679477710861024,16.0
459356,stu_YNLGM5611D,N,0.0,0.0,0.0,5.0,0.0,0.0,0.0,0.0,0.0,1.0,1.0,1.0,5.0,1.0,1.0,1.0,0.0,5.0,0.0,0.0,0.0,5.0,0.0,0.0,0.0,0.0,0.0,0.0,0.0,0.0,5.0,0.0,0.0,0.0,0.0,0.0,-0.1219888872438033,-0.1212241668210666,-0.1211976071610861,5.0,-0.1210622188234194,-0.1215158333282568,-0.1221062865919087,0.0004910494953308,-0.6075791666412842,-0.2025395902244255,-0.2025288062490078,-0.2023150104044838,5.0,-0.2021899351262778,-0.2024845966589551,-0.2028496412905809,0.0002519033940422,-1.012422983294776,-0.0407643035285693,-0.0406469041804639,-0.0404808121223943,5.0,-0.0400964505182082,-0.0405699282581161,-0.040861170940945,0.0003002716247502,-0.2028496412905809,1.0,2.0,2.0,5.0,2.0,1.4,0.0,0.8944271909999159,7.0,0.0,0.3,0.3,5.0,0.3333333333333333,-0.0133333333333333,-1.0,0.5679397464129057,-0.0666666666666666,1.5,2.5,3.0,4.0,3.0,2.0,0.0,1.4142135623730951,8.0,0.0,0.0,0.0,5.0,0.0,0.0,0.0,0.0,0.0,1.0,1.0,1.0,5.0,3.0,1.0,-1.0,1.4142135623730951,5.0,0.68,0.68,0.8300399884049755,3.0,-1.0,0.68,0.68,5.0,0.980079976809951,0.0680159953619901,-1.0,0.9826273305300416,0.3400799768099509,0.980079976809951,0.7800266589366504,0.68,0.1732512553896418,2.340079976809951,0.0,1.0,1.0,5.0,1.0,0.6,0.0,0.5477225575051662,3.0,2.0,3.0,3.0,5.0,4.0,2.8,2.0,0.8366600265340756,14.0,0.0,0.0,1.0,5.0,1.0,0.4,0.0,0.5477225575051662,2.0,0.0,2.0,3.0,5.0,3.0,1.4,-1.0,1.8165902124584952,7.0
460731,stu_YNLGM5611D,N,0.0,0.0,0.0,1.0,0.0,0.0,0.0,,0.0,1.0,1.0,1.0,1.0,1.0,1.0,1.0,,1.0,0.0,0.0,0.0,1.0,0.0,0.0,0.0,,0.0,0.0,0.0,0.0,1.0,0.0,0.0,0.0,,0.0,-0.1209861658963476,-0.1209861658963476,-0.1209861658963476,1.0,-0.1209861658963476,-0.1209861658963476,-0.1209861658963476,,-0.1209861658963476,-0.2023111959852313,-0.2023111959852313,-0.2023111959852313,1.0,-0.2023111959852313,-0.2023111959852313,-0.2023111959852313,,-0.2023111959852313,-0.039988940405202,-0.039988940405202,-0.039988940405202,1.0,-0.039988940405202,-0.039988940405202,-0.039988940405202,,-0.039988940405202,0.0,0.0,0.0,1.0,0.0,0.0,0.0,,0.0,0.0,0.0,0.0,1.0,0.0,0.0,0.0,,0.0,0.0,0.0,0.0,1.0,0.0,0.0,0.0,,0.0,0.0,0.0,0.0,1.0,0.0,0.0,0.0,,0.0,1.0,1.0,1.0,1.0,1.0,1.0,1.0,,1.0,,,,0.0,,,,0.0,,,,,,,,,,,1.0,1.0,1.0,1.0,1.0,1.0,1.0,,1.0,0.0,0.0,0.0,1.0,0.0,0.0,0.0,,0.0,1.0,1.0,1.0,1.0,1.0,1.0,1.0,,1.0,0.0,0.0,0.0,1.0,0.0,0.0,0.0,,0.0
463563,stu_YNLGM5611D,N,0.0,0.0,0.0,1.0,0.0,0.0,0.0,,0.0,1.0,1.0,1.0,1.0,1.0,1.0,1.0,,1.0,0.0,0.0,0.0,1.0,0.0,0.0,0.0,,0.0,0.0,0.0,0.0,1.0,0.0,0.0,0.0,,0.0,-0.1214274612397472,-0.1214274612397472,-0.1214274612397472,1.0,-0.1214274612397472,-0.1214274612397472,-0.1214274612397472,,-0.1214274612397472,-0.2022570406501647,-0.2022570406501647,-0.2022570406501647,1.0,-0.2022570406501647,-0.2022570406501647,-0.2022570406501647,,-0.2022570406501647,-0.0405966574478412,-0.0405966574478412,-0.0405966574478412,1.0,-0.0405966574478412,-0.0405966574478412,-0.0405966574478412,,-0.0405966574478412,0.0,0.0,0.0,1.0,0.0,0.0,0.0,,0.0,0.0857142857142857,0.0857142857142857,0.0857142857142857,1.0,0.0857142857142857,0.0857142857142857,0.0857142857142857,,0.0857142857142857,18.0,18.0,18.0,1.0,18.0,18.0,18.0,,18.0,0.0,0.0,0.0,1.0,0.0,0.0,0.0,,0.0,1.0,1.0,1.0,1.0,1.0,1.0,1.0,,1.0,,,,0.0,,,,0.0,,,,,,,,,,,1.0,1.0,1.0,1.0,1.0,1.0,1.0,,1.0,0.0,0.0,0.0,1.0,0.0,0.0,0.0,,0.0,0.0,0.0,0.0,1.0,0.0,0.0,0.0,,0.0,18.0,18.0,18.0,1.0,18.0,18.0,18.0,,18.0
463825,stu_YNLGM5611D,N,0.0,0.0,0.0,1.0,0.0,0.0,0.0,,0.0,1.0,1.0,1.0,1.0,1.0,1.0,1.0,,1.0,0.0,0.0,0.0,1.0,0.0,0.0,0.0,,0.0,0.0,0.0,0.0,1.0,0.0,0.0,0.0,,0.0,-0.1206065134517325,-0.1206065134517325,-0.1206065134517325,1.0,-0.1206065134517325,-0.1206065134517325,-0.1206065134517325,,-0.1206065134517325,-0.2018727261375743,-0.2018727261375743,-0.2018727261375743,1.0,-0.2018727261375743,-0.2018727261375743,-0.2018727261375743,,-0.2018727261375743,-0.040403864455004,-0.040403864455004,-0.040403864455004,1.0,-0.040403864455004,-0.040403864455004,-0.040403864455004,,-0.040403864455004,0.0,0.0,0.0,1.0,0.0,0.0,0.0,,0.0,0.4,0.4,0.4,1.0,0.4,0.4,0.4,,0.4,6.0,6.0,6.0,1.0,6.0,6.0,6.0,,6.0,0.0,0.0,0.0,1.0,0.0,0.0,0.0,,0.0,1.0,1.0,1.0,1.0,1.0,1.0,1.0,,1.0,,,,0.0,,,,0.0,,,,,,,,,,,1.0,1.0,1.0,1.0,1.0,1.0,1.0,,1.0,0.0,0.0,0.0,1.0,0.0,0.0,0.0,,0.0,0.0,0.0,0.0,1.0,0.0,0.0,0.0,,0.0,6.0,6.0,6.0,1.0,6.0,6.0,6.0,,6.0
465443,stu_YNLGM5611D,N,0.0,0.0,0.0,1.0,0.0,0.0,0.0,,0.0,1.0,1.0,1.0,1.0,1.0,1.0,1.0,,1.0,0.0,0.0,0.0,1.0,0.0,0.0,0.0,,0.0,0.0,0.0,0.0,1.0,0.0,0.0,0.0,,0.0,-0.1105840562283419,-0.1105840562283419,-0.1105840562283419,1.0,-0.1105840562283419,-0.1105840562283419,-0.1105840562283419,,-0.1105840562283419,-0.1920708459484899,-0.1920708459484899,-0.1920708459484899,1.0,-0.1920708459484899,-0.1920708459484899,-0.1920708459484899,,-0.1920708459484899,-0.039861746005189,-0.039861746005189,-0.039861746005189,1.0,-0.039861746005189,-0.039861746005189,-0.039861746005189,,-0.039861746005189,0.0,0.0,0.0,1.0,0.0,0.0,0.0,,0.0,0.4404761904761904,0.4404761904761904,0.4404761904761904,1.0,0.4404761904761904,0.4404761904761904,0.4404761904761904,,0.4404761904761904,74.0,74.0,74.0,1.0,74.0,74.0,74.0,,74.0,0.0,0.0,0.0,1.0,0.0,0.0,0.0,,0.0,1.0,1.0,1.0,1.0,1.0,1.0,1.0,,1.0,,,,0.0,,,,0.0,,,,,,,,,,,1.0,1.0,1.0,1.0,1.0,1.0,1.0,,1.0,1.0,1.0,1.0,1.0,1.0,1.0,1.0,,1.0,0.0,0.0,0.0,1.0,0.0,0.0,0.0,,0.0,74.0,74.0,74.0,1.0,74.0,74.0,74.0,,74.0
466470,stu_YNLGM5611D,N,0.0,0.0,0.0,4.0,0.0,0.0,0.0,0.0,0.0,1.0,1.0,1.0,4.0,1.0,1.0,1.0,0.0,4.0,0.0,0.0,0.0,4.0,0.0,0.0,0.0,0.0,0.0,0.0,0.0,0.0,4.0,0.0,0.0,0.0,0.0,0.0,-0.1218139184199424,-0.1217472838120125,-0.1216378900351779,4.0,-0.1213523030529938,-0.1217045246431077,-0.121971227895412,0.0002577146609365,-0.486818098572431,-0.202584503833834,-0.2018440944473826,-0.2012381197937847,4.0,-0.2010838477262383,-0.2019785291802361,-0.2031420800999408,0.0009670408206716,-0.8079141167209444,-0.040693842728488,-0.0406244885809059,-0.0405427022520563,4.0,-0.040484108534094,-0.0406120563996384,-0.0407151399026479,0.0001081008410338,-0.1624482255985539,0.75,1.5,2.0,4.0,2.0,1.25,0.0,0.957427107756338,5.0,0.3576766304347826,0.3710671768707483,0.3791228612657183,4.0,0.3838383838383838,0.3657323148297526,0.3369565217391304,0.0207916486677374,1.4629292593190106,34.0,36.0,37.25,4.0,38.0,35.25,31.0,3.095695936834452,141.0,0.0,0.0,0.0,4.0,0.0,0.0,0.0,0.0,0.0,1.75,2.0,2.0,4.0,2.0,1.75,1.0,0.5,7.0,0.9789971338861772,0.9859631131040216,0.9929290923218658,2.0,-1.0,-0.0139844226658335,0.9789971338861772,4.0,0.99989507153971,-0.0070184434479892,-1.0,1.1466527642870683,-0.0280737737919568,0.99989507153971,0.9859631131040216,0.972031154668333,0.0197027645701689,1.971926226208043,0.0,0.0,0.0,4.0,0.0,0.0,0.0,0.0,0.0,0.0,0.0,0.0,4.0,0.0,0.0,0.0,0.0,0.0,0.0,0.0,0.0,4.0,0.0,0.0,0.0,0.0,0.0,34.0,36.0,37.25,4.0,38.0,35.25,31.0,3.095695936834452,141.0
467173,stu_YNLGM5611D,N,0.0,0.0,0.0,5.0,0.0,0.0,0.0,0.0,0.0,1.0,1.0,1.0,5.0,1.0,1.0,1.0,0.0,5.0,0.0,0.0,0.0,5.0,0.0,0.0,0.0,0.0,0.0,0.0,0.0,0.0,5.0,0.0,0.0,0.0,0.0,0.0,-0.1222866944950741,-0.1222530240041414,-0.12222043661991,5.0,-0.1221613366672938,-0.1222521292638229,-0.1223391545326952,6.711309942305748e-05,-0.6112606463191147,-0.2037983014861614,-0.2036459601740392,-0.2019295656935965,5.0,-0.2015208577344283,-0.2029422139494279,-0.2038163846589141,0.0011222777094468,-1.0147110697471395,-0.0407757938779225,-0.040768400497396,-0.0407612896664438,5.0,-0.0407088296288227,-0.0407632769317828,-0.0408020709883288,3.4118769437451925e-05,-0.2038163846589141,0.0,0.0,0.0,5.0,0.0,0.0,0.0,0.0,0.0,0.0476190476190476,0.1617647058823529,0.25,5.0,0.2989130434782608,0.1516593593959322,0.0,0.1277513159079615,0.7582967969796615,4.0,22.0,40.0,5.0,55.0,24.2,0.0,23.435016535091243,121.0,0.0,0.0,0.0,5.0,0.0,0.0,0.0,0.0,0.0,1.0,1.0,2.0,5.0,4.0,1.8,1.0,1.3038404810405295,9.0,0.999999587628,0.999999587628,0.999999587628,1.0,0.999999587628,0.999999587628,0.999999587628,1.0,0.999999587628,0.999999587628,0.999999587628,,0.999999587628,0.999999587628,0.999999587628,0.999999587628,,0.999999587628,1.0,1.0,1.0,5.0,1.0,1.0,1.0,0.0,5.0,0.0,1.0,1.0,5.0,1.0,0.6,0.0,0.5477225575051662,3.0,0.0,0.0,0.0,5.0,0.0,0.0,0.0,0.0,0.0,4.0,22.0,40.0,5.0,55.0,24.2,0.0,23.435016535091243,121.0
470575,stu_YNLGM5611D,N,0.0,0.0,0.0,8.0,0.0,0.0,0.0,0.0,0.0,1.0,1.0,1.0,8.0,1.0,1.0,1.0,0.0,8.0,0.0,0.0,0.0,8.0,0.0,0.0,0.0,0.0,0.0,0.0,0.0,0.0,8.0,0.0,0.0,0.0,0.0,0.0,-0.1225835128228351,-0.1225835128228351,-0.1225835128228351,8.0,-0.1225835128228351,-0.1225835128228351,-0.1225835128228351,1.4835979218054374e-17,-0.9806681025826808,-0.2043058547047252,-0.2043058547047252,-0.2043058547047252,8.0,-0.2038906951969447,-0.2042539597662526,-0.2043058547047252,0.0001467810516128,-1.6340316781300213,-0.040861170940945,-0.040861170940945,-0.040861170940945,8.0,-0.040861170940945,-0.040861170940945,-0.040861170940945,0.0,-0.3268893675275603,0.0,0.0,0.0,8.0,0.0,0.0,0.0,0.0,0.0,0.6784565916398714,0.6784565916398714,0.6784565916398714,8.0,0.6784565916398714,0.6784565916398714,0.6784565916398714,1.18687833744435e-16,5.427652733118971,211.0,211.0,211.0,8.0,211.0,211.0,211.0,0.0,1688.0,0.0,0.0,0.0,8.0,0.0,0.0,0.0,0.0,0.0,3.0,3.0,3.0,8.0,3.0,3.0,3.0,0.0,24.0,0.924260355029586,0.924260355029586,0.924260355029586,8.0,0.924260355029586,0.924260355029586,0.924260355029586,8.0,0.924260355029586,0.924260355029586,0.924260355029586,2.3737566748887003e-16,7.394082840236688,0.924260355029586,0.924260355029586,0.924260355029586,2.3737566748887003e-16,7.394082840236688,0.0,0.0,0.0,8.0,0.0,0.0,0.0,0.0,0.0,5.0,5.0,5.0,8.0,5.0,4.875,4.0,0.3535533905932738,39.0,0.0,0.0,0.0,8.0,0.0,0.0,0.0,0.0,0.0,211.0,211.0,211.0,8.0,211.0,211.0,211.0,0.0,1688.0
470723,stu_YNLGM5611D,N,0.0,0.0,0.0,3.0,0.0,0.0,0.0,0.0,0.0,1.0,1.0,1.0,3.0,1.0,1.0,1.0,0.0,3.0,0.0,0.0,0.0,3.0,0.0,0.0,0.0,0.0,0.0,0.0,0.0,0.0,3.0,0.0,0.0,0.0,0.0,0.0,-0.1211151733227955,-0.1208555338098477,-0.1197518245353916,3.0,-0.1186481152609355,-0.1202928206355088,-0.1213748128357432,0.0014478275116693,-0.3608784619065265,-0.1988143624541801,-0.1984669677526265,0.2616258572691917,3.0,0.7217186822910101,0.1080299857942165,-0.1991617571557337,0.5314701147186254,0.3240899573826497,-0.0406301866639868,-0.0403992023870286,-0.0402568209473991,3.0,-0.0401144395077695,-0.0404582709452477,-0.040861170940945,0.0003768537902829,-0.1213748128357433,0.0,0.0,0.0,3.0,0.0,0.0,0.0,0.0,0.0,0.1457678491243825,0.1617647058823529,0.3986393622869708,3.0,0.6355140186915887,0.3090165723134513,0.1297709923664122,0.2832072320664121,0.927049716940354,19.5,22.0,249.0,3.0,476.0,171.66666666666666,17.0,263.57225448315563,515.0,0.0,0.0,0.0,3.0,0.0,0.0,0.0,0.0,0.0,1.0,1.0,1.0,3.0,1.0,1.0,1.0,0.0,3.0,0.9123526620420476,0.995052327238669,0.995052327238669,3.0,0.9123526620420476,0.995052327238669,0.995052327238669,3.0,0.995052327238669,0.939919217107588,0.829652996845426,0.0954933479263226,2.819757651322764,0.995052327238669,0.939919217107588,0.829652996845426,0.0954933479263226,2.819757651322764,0.5,1.0,1.0,3.0,1.0,0.6666666666666666,0.0,0.5773502691896258,2.0,1.0,1.0,1.0,3.0,1.0,1.0,1.0,0.0,3.0,0.0,0.0,0.0,3.0,0.0,0.0,0.0,0.0,0.0,19.5,22.0,249.0,3.0,476.0,171.66666666666666,17.0,263.57225448315563,515.0
471359,stu_YNLGM5611D,N,0.0,0.0,0.0,2.0,0.0,0.0,0.0,0.0,0.0,1.0,1.0,1.0,2.0,1.0,1.0,1.0,0.0,2.0,0.0,0.0,0.0,2.0,0.0,0.0,0.0,0.0,0.0,0.0,0.0,0.0,2.0,0.0,0.0,0.0,0.0,0.0,0.7298861061141855,0.7302489821778289,0.7306118582414721,2.0,0.7309747343051154,0.7302489821778289,0.7295232300505422,0.0010263685013298,1.4604979643556577,0.648531961646254,0.6489748816497056,0.6494178016531572,2.0,0.6498607216566088,0.6489748816497056,0.6480890416428025,0.0012527669518551,1.2979497632994113,-0.040375432904094,-0.0398896948672429,-0.0394039568303919,2.0,-0.0389182187935409,-0.0398896948672429,-0.040861170940945,0.0013738746389504,-0.0797793897344859,0.0,0.0,0.0,2.0,0.0,0.0,0.0,0.0,0.0,0.2562067489477063,0.3826425055290005,0.5090782621102946,2.0,0.6355140186915887,0.3826425055290005,0.1297709923664122,0.3576143234523389,0.765285011058001,131.75,246.5,361.25,2.0,476.0,246.5,17.0,324.5620125646253,493.0,0.0,0.0,0.0,2.0,0.0,0.0,0.0,0.0,0.0,2.0,3.0,4.0,2.0,5.0,3.0,1.0,2.8284271247461903,6.0,0.9542794606111376,0.969164981828336,0.9840505030455344,2.0,0.9542794606111376,0.969164981828336,0.9840505030455344,2.0,0.998936024262733,0.969164981828336,0.939393939393939,0.0421026119767091,1.938329963656672,0.998936024262733,0.969164981828336,0.939393939393939,0.0421026119767091,1.938329963656672,0.0,0.0,0.0,2.0,0.0,0.0,0.0,0.0,0.0,1.0,1.0,1.0,2.0,1.0,1.0,1.0,0.0,2.0,0.0,0.0,0.0,2.0,0.0,0.0,0.0,0.0,0.0,131.75,246.5,361.25,2.0,476.0,246.5,17.0,324.5620125646253,493.0
472756,stu_YNLGM5611D,N,0.0,0.0,0.0,1.0,0.0,0.0,0.0,,0.0,1.0,1.0,1.0,1.0,1.0,1.0,1.0,,1.0,0.0,0.0,0.0,1.0,0.0,0.0,0.0,,0.0,0.0,0.0,0.0,1.0,0.0,0.0,0.0,,0.0,-0.1220856604729876,-0.1220856604729876,-0.1220856604729876,1.0,-0.1220856604729876,-0.1220856604729876,-0.1220856604729876,,-0.1220856604729876,-0.2038058832330708,-0.2038058832330708,-0.2038058832330708,1.0,-0.2038058832330708,-0.2038058832330708,-0.2038058832330708,,-0.2038058832330708,-0.0403661911784359,-0.0403661911784359,-0.0403661911784359,1.0,-0.0403661911784359,-0.0403661911784359,-0.0403661911784359,,-0.0403661911784359,0.0,0.0,0.0,1.0,0.0,0.0,0.0,,0.0,-1.0,-1.0,-1.0,1.0,-1.0,-1.0,-1.0,,-1.0,,,,0.0,,,,,,0.0,0.0,0.0,1.0,0.0,0.0,0.0,,0.0,-1.0,-1.0,-1.0,1.0,-1.0,-1.0,-1.0,,-1.0,,,,0.0,-1.0,-1.0,-1.0,1.0,-1.0,-1.0,-1.0,,-1.0,,,,,,1.0,1.0,1.0,1.0,1.0,1.0,1.0,,1.0,0.0,0.0,0.0,1.0,0.0,0.0,0.0,,0.0,0.0,0.0,0.0,1.0,0.0,0.0,0.0,,0.0,-1.0,-1.0,-1.0,1.0,-1.0,-1.0,-1.0,,-1.0
473939,stu_YNLGM5611D,N,0.0,0.0,0.0,3.0,0.0,0.0,0.0,0.0,0.0,1.0,1.0,1.0,3.0,1.0,1.0,1.0,0.0,3.0,0.0,0.0,0.0,3.0,0.0,0.0,0.0,0.0,0.0,0.0,0.0,0.0,3.0,0.0,0.0,0.0,0.0,0.0,-0.1202192792602082,-0.1197368729537536,-0.1192872423979133,3.0,-0.118837611842073,-0.1197587234541631,-0.1207016855666627,0.0009322289396669,-0.3592761703624894,-0.2000827745846324,-0.1998782086928676,-0.1992781675803292,3.0,-0.1986781264677907,-0.1996145585456852,-0.2002873404763972,0.0008363766982979,-0.5988436756370557,-0.0406566050491802,-0.0404520391574154,-0.0399202573128588,3.0,-0.0393884754683022,-0.0402338951888875,-0.040861170940945,0.0007601960813102,-0.1207016855666627,0.0,0.0,0.0,3.0,0.0,0.0,0.0,0.0,0.0,-0.4642857142857143,0.0714285714285714,0.2563025210084033,3.0,0.4411764705882353,-0.1624649859943977,-1.0,0.7485165676170898,-0.4873949579831933,4.5,8.0,11.5,2.0,15.0,8.0,1.0,9.899494936611664,16.0,0.0,0.0,0.0,3.0,0.0,0.0,0.0,0.0,0.0,0.0,1.0,1.0,3.0,1.0,0.3333333333333333,-1.0,1.1547005383792517,1.0,0.9882993896972732,0.9921434451662056,0.9959875006351376,2.0,-0.0077723328858295,0.984455334228341,0.9921434451662056,3.0,0.99983155610407,0.3280956301108036,-1.0,1.1501902490846254,0.984286890332411,0.99983155610407,0.9921434451662056,0.984455334228341,0.0108726307573569,1.984286890332411,0.5,1.0,1.0,3.0,1.0,0.6666666666666666,0.0,0.5773502691896258,2.0,1.0,1.0,1.5,3.0,2.0,1.3333333333333333,1.0,0.5773502691896257,4.0,0.0,0.0,0.0,3.0,0.0,0.0,0.0,0.0,0.0,0.0,1.0,8.0,3.0,15.0,5.0,-1.0,8.717797887081348,15.0
474979,stu_YNLGM5611D,N,0.0,0.0,0.0,2.0,0.0,0.0,0.0,0.0,0.0,1.0,1.0,1.0,2.0,1.0,1.0,1.0,0.0,2.0,0.0,0.0,0.0,2.0,0.0,0.0,0.0,0.0,0.0,0.0,0.0,0.0,2.0,0.0,0.0,0.0,0.0,0.0,-0.1217997791683304,-0.1215211499694125,-0.1212425207704946,2.0,-0.1209638915715767,-0.1215211499694125,-0.1220784083672482,0.0007880823839656,-0.243042299938825,-0.2026833844119263,-0.2026831724997456,-0.2026829605875649,2.0,-0.2026827486753842,-0.2026831724997456,-0.202683596324107,5.993781599531453e-07,-0.4053663449994913,-0.0408304789934409,-0.0408015765265738,-0.0407726740597067,2.0,-0.0407437715928396,-0.0408015765265738,-0.040859381460308,8.174852125895798e-05,-0.0816031530531477,2.0,2.0,2.0,2.0,2.0,2.0,2.0,0.0,4.0,0.1666666666666666,0.3333333333333333,0.5,2.0,0.6666666666666666,0.3333333333333333,0.0,0.4714045207910317,0.6666666666666666,0.5,1.0,1.5,2.0,2.0,1.0,0.0,1.4142135623730951,2.0,0.0,0.0,0.0,2.0,0.0,0.0,0.0,0.0,0.0,1.5,2.0,2.5,2.0,3.0,2.0,1.0,1.4142135623730951,4.0,,,,0.0,-1.0,-1.0,-1.0,1.0,-1.0,-1.0,-1.0,,-1.0,,,,,,0.25,0.5,0.75,2.0,1.0,0.5,0.0,0.7071067811865476,1.0,2.0,2.0,2.0,2.0,2.0,2.0,2.0,0.0,4.0,0.25,0.5,0.75,2.0,1.0,0.5,0.0,0.7071067811865476,1.0,0.5,1.0,1.5,2.0,2.0,1.0,0.0,1.4142135623730951,2.0
475020,stu_YNLGM5611D,N,0.0,0.0,0.0,6.0,1.0,0.1666666666666666,0.0,0.408248290463863,1.0,1.0,1.0,1.0,6.0,1.0,0.8333333333333334,0.0,0.408248290463863,5.0,0.0,0.0,0.0,6.0,0.0,0.0,0.0,0.0,0.0,0.0,0.0,0.0,6.0,0.0,0.0,0.0,0.0,0.0,-0.1223257569737157,-0.1222104296558216,-0.1219147297534588,6.0,-0.1218384766871052,-0.1221700486125002,-0.122580593143901,0.0002931460525029,-0.7330202916750013,-0.2035631142842861,-0.2035601828324532,-0.2024685172335999,6.0,-0.2018148034748509,-0.2030342560429632,-0.2036016469824759,0.000837454118428,-1.2182055362577793,-0.0408599818781533,-0.0407379086891737,-0.0405881456419166,6.0,-0.0404046179205353,-0.0406967270887252,-0.0408610296661579,0.0001928058384997,-0.2441803625323516,1.0,1.0,1.0,6.0,1.0,0.8333333333333334,0.0,0.408248290463863,5.0,0.0,0.0,0.301255230125523,6.0,0.401673640167364,-0.0327754532775453,-1.0,0.5130766111187122,-0.1966527196652719,0.0,0.0,96.0,5.0,96.0,38.4,0.0,52.58136552049594,192.0,0.0,0.0,0.0,6.0,0.0,0.0,0.0,0.0,0.0,1.0,1.0,1.75,6.0,2.0,1.0,-1.0,1.095445115010332,6.0,0.8399996413235284,0.999999282647057,0.999999569588194,3.0,-1.0,0.68,0.999999282647057,5.0,0.999999856529331,0.1359998278352776,-1.0,1.0452175027831752,0.679999139176388,0.999999856529331,0.8933330463921293,0.68,0.1847518376425309,2.679999139176388,1.0,1.0,1.0,6.0,1.0,0.8333333333333334,0.0,0.408248290463863,5.0,1.0,1.0,1.75,6.0,2.0,1.3333333333333333,1.0,0.5163977794943223,8.0,0.0,0.0,0.75,6.0,1.0,0.3333333333333333,0.0,0.5163977794943223,2.0,0.0,0.0,72.0,6.0,96.0,31.83333333333333,-1.0,49.70479520797432,191.0
477760,stu_YNLGM5611D,N,0.0,0.0,0.0,5.0,0.0,0.0,0.0,0.0,0.0,1.0,1.0,1.0,5.0,1.0,1.0,1.0,0.0,5.0,0.0,0.0,0.0,5.0,0.0,0.0,0.0,0.0,0.0,0.0,0.0,0.0,5.0,0.0,0.0,0.0,0.0,0.0,-0.1221795611148336,-0.1220401699915316,-0.1212249202865979,5.0,-0.1212179978220285,-0.1217796216107866,-0.1222354588389415,0.0005144753354957,-0.6088981080539334,-0.2027291809887562,-0.2027069066639853,-0.2026775215082622,5.0,-0.2026652306017818,-0.2028585039288954,-0.2035136798816912,0.000367107238504,-1.014292519644477,-0.0407534724615559,-0.0407200374286017,-0.0407060512246758,5.0,-0.040558183614146,-0.0407027359763378,-0.0407759351527097,8.534932174746882e-05,-0.2035136798816894,1.0,1.0,1.0,5.0,1.0,0.8,0.0,0.4472135954999579,4.0,0.0145985401459854,0.0235294117647058,0.0828729281767955,5.0,0.525,-0.0707998239825026,-1.0,0.560846814521848,-0.3539991199125131,3.5,9.5,16.5,4.0,21.0,10.5,2.0,9.03696114115064,42.0,0.0,0.0,0.0,5.0,0.0,0.0,0.0,0.0,0.0,1.0,1.0,1.0,5.0,2.0,0.8,-1.0,1.0954451150103324,4.0,0.9999999999987836,0.999999999999691,0.9999999999998456,3.0,-1.0,0.999999999997876,0.999999999999691,5.0,1.0,0.1999999999995134,-1.0,1.095445115009888,0.9999999999975672,1.0,0.999999999999189,0.999999999997876,1.1475264994552485e-12,2.999999999997567,1.0,1.0,1.0,5.0,1.0,0.8,0.0,0.447213595499958,4.0,1.0,1.0,1.0,5.0,1.0,1.0,1.0,0.0,5.0,0.0,0.0,0.0,5.0,0.0,0.0,0.0,0.0,0.0,2.0,4.0,15.0,5.0,21.0,8.2,-1.0,9.364827814754523,41.0
480308,stu_YNLGM5611D,N,0.0,0.0,0.5,3.0,1.0,0.3333333333333333,0.0,0.5773502691896258,1.0,0.5,1.0,1.0,3.0,1.0,0.6666666666666666,0.0,0.5773502691896258,2.0,0.0,0.0,0.0,3.0,0.0,0.0,0.0,0.0,0.0,0.0,0.0,0.0,3.0,0.0,0.0,0.0,0.0,0.0,-0.1219954094298092,-0.1218575016917721,-0.1217838504360814,3.0,-0.1217101991803908,-0.1219003393466697,-0.1221333171678463,0.0002147871186429,-0.3657010180400092,-0.2028797563660375,-0.2023269716697942,-0.2022046041583415,3.0,-0.2020822366468887,-0.2026139164596546,-0.2034325410622809,0.0007194327542431,-0.6078417493789638,-0.0406496119472172,-0.0405853554648708,-0.0404981653754135,3.0,-0.0404109752859562,-0.0405700663934636,-0.0407138684295637,0.0001520242773029,-0.1217101991803908,1.0,1.0,1.0,3.0,1.0,1.0,1.0,0.0,3.0,0.2411811652035115,0.3966480446927374,0.3966480446927374,3.0,0.3966480446927374,0.2930034583665868,0.0857142857142857,0.1795176894463513,0.8790103750997607,44.5,71.0,71.0,3.0,71.0,53.333333333333336,18.0,30.59956426705017,160.0,0.0,0.0,0.0,3.0,0.0,0.0,0.0,0.0,0.0,1.5,2.0,2.0,3.0,2.0,1.6666666666666667,1.0,0.5773502691896257,5.0,0.999879908700531,0.999890876351294,0.999901844002057,2.0,-6.552947511606622e-05,0.999868941049768,0.999890876351294,3.0,0.99991281165282,0.3332605842341959,-1.0,1.1546375360196548,0.9997817527025878,0.99991281165282,0.999890876351294,0.999868941049768,3.102120091281148e-05,1.999781752702588,0.5,1.0,1.0,3.0,1.0,0.6666666666666666,0.0,0.5773502691896258,2.0,2.5,3.0,3.0,3.0,3.0,2.6666666666666665,2.0,0.5773502691896258,8.0,0.0,0.0,0.0,3.0,0.0,0.0,0.0,0.0,0.0,44.5,71.0,71.0,3.0,71.0,53.333333333333336,18.0,30.59956426705017,160.0
481535,stu_YNLGM5611D,N,0.0,0.0,0.5,3.0,1.0,0.3333333333333333,0.0,0.5773502691896258,1.0,0.5,1.0,1.0,3.0,1.0,0.6666666666666666,0.0,0.5773502691896258,2.0,0.0,0.0,0.0,3.0,0.0,0.0,0.0,0.0,0.0,0.0,0.0,0.0,3.0,0.0,0.0,0.0,0.0,0.0,-0.1212851268917133,-0.1207535805051353,-0.1206943628235298,3.0,-0.1206351451419243,-0.1210684663084503,-0.1218166732782914,0.0006506665706057,-0.3632053989253511,-0.2009917130192314,-0.20011013480174,-0.1999827520353441,3.0,-0.1998553692689482,-0.200612931769137,-0.2018732912367229,0.0010989112156241,-0.6018387953074112,-0.0406510246950886,-0.0406050868434733,-0.0405598553657937,3.0,-0.0405146238881142,-0.0406055577594304,-0.0406969625467038,9.117024144667088e-05,-0.1218166732782914,2.0,2.0,2.0,3.0,2.0,2.0,2.0,0.0,6.0,0.3185805422647528,0.4090909090909091,0.4090909090909091,3.0,0.4090909090909091,0.3487506645401382,0.2280701754385964,0.1045123693030662,1.0462519936204149,24.5,36.0,36.0,3.0,36.0,28.33333333333333,13.0,13.279056191361391,85.0,0.0,0.0,0.0,3.0,0.0,0.0,0.0,0.0,0.0,2.0,3.0,3.0,3.0,3.0,2.333333333333333,1.0,1.1547005383792517,7.0,0.979770573101562,0.979770573101562,0.979770573101562,1.0,-1.0,-1.0,-0.0101147134492189,3.0,0.979770573101562,-0.3400764756328127,-1.0,1.1430210733138866,-1.020229426898438,0.979770573101562,0.979770573101562,0.979770573101562,,0.979770573101562,0.0,0.0,0.5,3.0,1.0,0.3333333333333333,0.0,0.5773502691896258,1.0,1.5,2.0,2.0,3.0,2.0,1.6666666666666667,1.0,0.5773502691896257,5.0,0.0,0.0,0.0,3.0,0.0,0.0,0.0,0.0,0.0,24.5,36.0,36.0,3.0,36.0,28.33333333333333,13.0,13.279056191361391,85.0
484670,stu_NCCMS8363F,N,0.0,0.0,1.0,5.0,1.0,0.4,0.0,0.5477225575051662,2.0,0.0,1.0,1.0,5.0,1.0,0.6,0.0,0.5477225575051662,3.0,0.0,0.0,0.0,5.0,0.0,0.0,0.0,0.0,0.0,0.0,0.0,0.0,5.0,0.0,0.0,0.0,0.0,0.0,-0.192177411284465,-0.1919583987039891,-0.1919037485557571,5.0,-0.1918997522765423,-0.192025676270565,-0.1921890705320713,0.0001457486620948,-0.960128381352825,-0.3200724019560523,-0.3200709394002572,-0.3200653981677377,5.0,-0.31999204378483,-0.3200592925122775,-0.32009567925251,3.9342002847946167e-05,-1.6002964625613876,-0.0640891160553922,-0.0640765298358031,-0.0640117653932696,5.0,-0.0637927528127937,-0.0640141878800514,-0.0641007753029984,0.0001284888031825,-0.3200709394002572,2.0,2.0,2.0,5.0,3.0,2.2,2.0,0.4472135954999578,11.0,0.6086956521739131,0.6086956521739131,0.625,5.0,0.625,0.2934782608695652,-1.0,0.7231222832162841,1.4673913043478262,70.0,75.0,80.0,4.0,80.0,75.0,70.0,5.773502691896258,300.0,0.0,0.0,0.0,5.0,0.0,0.0,0.0,0.0,0.0,2.0,2.0,2.0,5.0,2.0,1.4,-1.0,1.3416407864998738,7.0,,,,0.0,-1.0,-1.0,-1.0,3.0,-1.0,-1.0,-1.0,0.0,-3.0,,,,,,0.0,1.0,1.0,5.0,1.0,0.6,0.0,0.5477225575051662,3.0,2.0,2.0,2.0,5.0,3.0,2.2,2.0,0.4472135954999578,11.0,0.0,0.0,0.0,5.0,0.0,0.0,0.0,0.0,0.0,70.0,70.0,80.0,5.0,80.0,59.8,-1.0,34.35403906384226,299.0
486756,stu_NCCMS8363F,N,0.0,0.0,0.0,7.0,1.0,0.1428571428571428,0.0,0.3779644730092273,1.0,1.0,1.0,1.0,7.0,1.0,0.8571428571428571,0.0,0.3779644730092272,6.0,0.0,0.0,0.0,7.0,0.0,0.0,0.0,0.0,0.0,0.0,0.0,0.0,7.0,0.0,0.0,0.0,0.0,0.0,-0.1921757736339621,-0.192037067726265,-0.1901349006181264,7.0,-0.1899823004303756,-0.1912659712321947,-0.1922210819645449,0.0011084924215808,-1.3388617986253628,-0.3193064965050858,-0.3183833766058318,-0.3181722329875212,7.0,-0.3180770432645735,-0.3188148070232487,-0.3202857703071218,0.000992290517039,-2.231703649162741,-0.064095944748999,-0.0640657769608024,-0.0639856453827313,7.0,-0.0619157375444557,-0.0637527370508175,-0.064124464587004,0.0008124215355281,-0.446269159355723,0.5,1.0,1.0,7.0,1.0,0.7142857142857143,0.0,0.4879500364742666,5.0,0.0,0.0,0.275,7.0,0.5,0.15,0.0,0.2397915761656359,1.05,0.0,0.0,1.0,7.0,1.0,0.4285714285714285,0.0,0.5345224838248487,3.0,0.0,0.0,0.0,7.0,0.0,0.0,0.0,0.0,0.0,1.0,1.0,1.5,7.0,2.0,1.2857142857142858,1.0,0.4879500364742666,9.0,1.0,1.0,1.0,2.0,0.0,1.0,1.0,3.0,1.0,0.3333333333333333,-1.0,1.1547005383792517,1.0,1.0,1.0,1.0,0.0,2.0,1.0,1.0,1.0,7.0,1.0,0.8571428571428571,0.0,0.3779644730092272,6.0,1.0,1.0,1.0,7.0,2.0,1.0,0.0,0.5773502691896257,7.0,0.5,1.0,1.0,7.0,1.0,0.7142857142857143,0.0,0.4879500364742665,5.0,0.0,0.0,1.0,7.0,1.0,0.4285714285714285,0.0,0.5345224838248487,3.0
487883,stu_NCCMS8363F,N,0.0,0.0,0.0,5.0,1.0,0.2,0.0,0.447213595499958,1.0,0.0,0.0,1.0,5.0,1.0,0.4,0.0,0.5477225575051662,2.0,0.0,0.0,1.0,5.0,1.0,0.4,0.0,0.5477225575051662,2.0,0.0,0.0,0.0,5.0,0.0,0.0,0.0,0.0,0.0,-0.1919822527830139,-0.1919608088311444,-0.19161702582178,5.0,-0.1916012672980719,-0.1919006421696458,-0.1923418561142186,0.0003061917743679,-0.9595032108482292,-0.3198499492795525,-0.3198342113552219,-0.3198203273748569,5.0,-0.3198190502134583,-0.3199008132622192,-0.3201805280880062,0.0001568650030444,-1.599504066311096,-0.0641240731988335,-0.064093112334607,-0.0637644698676287,5.0,-0.0637278853733732,-0.0639668422710441,-0.064124670580778,0.0002022563086579,-0.3198342113552206,2.0,3.0,3.0,5.0,3.0,2.6,2.0,0.5477225575051661,13.0,0.6666666666666666,0.6666666666666666,0.6666666666666666,5.0,1.0,0.5999999999999999,0.0,0.3651483716701107,2.999999999999999,2.0,2.0,2.0,5.0,30.0,7.2,0.0,12.77497553813705,36.0,0.0,0.0,0.0,5.0,0.0,0.0,0.0,0.0,0.0,1.0,2.0,2.0,5.0,2.0,1.6,1.0,0.5477225575051661,8.0,0.2153510114469712,0.2643998872610325,0.3134487630750937,2.0,-0.416848932183545,0.16630213563291,0.2643998872610325,3.0,0.362497638889155,-0.1570667418259783,-1.0,0.7365633219054535,-0.471200225477935,0.362497638889155,0.2643998872610325,0.16630213563291,0.1387311707907982,0.528799774522065,0.0,1.0,1.0,5.0,1.0,0.6,0.0,0.5477225575051662,3.0,1.0,2.0,2.0,5.0,2.0,1.6,1.0,0.5477225575051661,8.0,0.0,0.0,1.0,5.0,1.0,0.4,0.0,0.5477225575051662,2.0,2.0,2.0,2.0,5.0,30.0,7.2,0.0,12.77497553813705,36.0
489730,stu_NCCMS8363F,G,0.0,0.0,0.0,8.0,0.0,0.0,0.0,0.0,0.0,0.0,0.0,0.0,8.0,1.0,0.125,0.0,0.3535533905932738,1.0,0.0,0.5,1.0,8.0,1.0,0.5,0.0,0.5345224838248488,4.0,0.0,0.0,0.25,8.0,1.0,0.25,0.0,0.4629100498862757,2.0,-0.1923214472810634,-0.1922873913603832,-0.1922096544599344,8.0,-0.1921569973014655,-0.1922627802542391,-0.1923326275931451,7.214604408702882e-05,-1.5381022420339132,-0.3204535470861656,-0.3204062457658196,-0.3203754702959898,8.0,-0.3203600516620088,-0.3204286784878041,-0.3205458168473674,7.333496889423374e-05,-2.5634294279024328,-0.0641167346706361,-0.0641044419921749,-0.0640840022599536,8.0,-0.0639901978451358,-0.0640878517686045,-0.0641237436087951,4.5585916116497046e-05,-0.5127028141488364,2.0,2.5,3.0,8.0,4.0,2.5,1.0,0.9258200997725514,20.0,0.6464646464646465,0.6732323232323232,0.7,8.0,0.7,0.6732323232323232,0.6464646464646465,0.0286158501441585,5.3858585858585855,21.0,42.5,64.0,8.0,64.0,42.5,21.0,22.984466804468497,340.0,1.0,1.0,1.25,8.0,2.0,1.25,1.0,0.4629100498862757,10.0,4.0,4.5,5.0,8.0,5.0,4.5,4.0,0.5345224838248488,36.0,,,,0.0,-1.0,-1.0,-1.0,7.0,-1.0,-1.0,-1.0,0.0,-7.0,,,,,,0.0,0.0,0.0,8.0,1.0,0.125,0.0,0.3535533905932738,1.0,4.0,4.0,5.0,8.0,5.0,4.375,4.0,0.5175491695067657,35.0,0.0,0.0,0.0,8.0,0.0,0.0,0.0,0.0,0.0,21.0,42.5,64.0,8.0,64.0,42.5,21.0,22.984466804468497,340.0
490139,stu_NCCMS8363F,N,0.0,0.0,0.0,6.0,0.0,0.0,0.0,0.0,0.0,0.0,0.0,0.0,6.0,1.0,0.1666666666666666,0.0,0.408248290463863,1.0,0.0,0.5,1.0,6.0,1.0,0.5,0.0,0.5477225575051661,3.0,0.0,0.0,0.0,6.0,1.0,0.1666666666666666,0.0,0.408248290463863,1.0,-0.1922228071624018,-0.1912701014073625,-0.1902211141623737,6.0,-0.1900681792347402,-0.1912277937194204,-0.1923465527722649,0.0011182786364342,-1.147366762316523,-0.3185243741942606,-0.3183390776447378,-0.3182435428822188,6.0,-0.3182167894408255,-0.3186722931734981,-0.3203409766385399,0.0008278576134956,-1.9120337590409888,-0.0641121770583872,-0.064066642134653,-0.0639837347904778,6.0,-0.0621992261761817,-0.0637567004691208,-0.0641242379938526,0.00076540738631,-0.3825402028147252,2.0,2.5,3.0,6.0,3.0,2.333333333333333,1.0,0.816496580927726,14.0,0.7272727272727273,0.7272727272727273,0.7272727272727273,6.0,0.7272727272727273,0.7272727272727274,0.7272727272727273,1.2161883888976234e-16,4.363636363636364,24.0,24.0,24.0,6.0,24.0,24.0,24.0,0.0,144.0,1.0,1.0,1.0,6.0,2.0,1.1666666666666667,1.0,0.408248290463863,7.0,4.0,4.0,4.0,6.0,4.0,4.0,4.0,0.0,24.0,,,,0.0,-1.0,-1.0,-1.0,5.0,-1.0,-1.0,-1.0,0.0,-5.0,,,,,,0.0,0.0,0.0,6.0,1.0,0.1666666666666666,0.0,0.408248290463863,1.0,3.0,3.0,3.75,6.0,5.0,3.5,3.0,0.8366600265340756,21.0,0.0,0.0,0.0,6.0,0.0,0.0,0.0,0.0,0.0,24.0,24.0,24.0,6.0,24.0,24.0,24.0,0.0,144.0
490350,stu_NCCMS8363F,G,0.0,0.5,1.0,6.0,1.0,0.5,0.0,0.5477225575051661,3.0,0.0,0.0,0.0,6.0,1.0,0.1666666666666666,0.0,0.408248290463863,1.0,0.0,0.0,0.75,6.0,1.0,0.3333333333333333,0.0,0.5163977794943223,2.0,0.0,0.0,0.0,6.0,0.0,0.0,0.0,0.0,0.0,-0.1922764891398962,-0.1922749596361246,-0.1921630586682643,6.0,-0.1921225551424591,-0.1922257133912295,-0.1922790486125377,7.867471040756003e-05,-1.153354280347377,-0.3204550302413381,-0.3204442516171156,-0.3203440819946824,6.0,-0.3203090064048211,-0.3204043334569513,-0.3204591758660391,7.327244888749767e-05,-1.922426000741708,-0.0640932719797819,-0.064091680677878,-0.0640891006058591,6.0,-0.0639424278889542,-0.0640671262200218,-0.0640949250798179,6.113134867809771e-05,-0.384402757320131,2.25,3.0,3.75,6.0,4.0,2.833333333333333,1.0,1.1690451944500122,17.0,0.1818181818181818,0.1818181818181818,0.508220502901354,6.0,0.6170212765957447,0.3268858800773694,0.1818181818181818,0.2247379117721905,1.9613152804642169,4.0,4.0,22.75,6.0,29.0,12.333333333333334,4.0,12.909944487358056,74.0,0.0,0.0,0.0,6.0,0.0,0.0,0.0,0.0,0.0,4.0,4.0,8.5,6.0,10.0,6.0,4.0,3.0983866769659336,36.0,0.419205230342549,0.577407030723425,0.735608831104301,2.0,-1.0,-1.0,-0.0542474275287452,6.0,0.893810631485177,-0.4741976564255249,-1.0,0.8387895720919435,-2.8451859385531497,0.893810631485177,0.577407030723425,0.261003429961673,0.4474622633809519,1.15481406144685,0.0,0.0,0.75,6.0,1.0,0.3333333333333333,0.0,0.5163977794943223,2.0,1.25,2.5,3.0,6.0,4.0,2.333333333333333,1.0,1.2110601416389968,14.0,0.0,0.0,0.75,6.0,1.0,0.3333333333333333,0.0,0.5163977794943223,2.0,4.0,4.0,22.75,6.0,29.0,12.333333333333334,4.0,12.909944487358056,74.0
490994,stu_NCCMS8363F,N,0.0,0.0,0.0,8.0,0.0,0.0,0.0,0.0,0.0,1.0,1.0,1.0,8.0,1.0,0.875,0.0,0.3535533905932738,7.0,0.0,0.0,0.0,8.0,1.0,0.125,0.0,0.3535533905932738,1.0,0.0,0.0,0.0,8.0,0.0,0.0,0.0,0.0,0.0,-0.1922072340330903,-0.1921946941621004,-0.1921609832809916,8.0,-0.1921279315799595,-0.1921864878851302,-0.1922398273979754,3.591108168755829e-05,-1.537491903081042,-0.3203406006999024,-0.3203135794666031,-0.320289292800653,8.0,-0.3202655417185152,-0.3203139373807853,-0.3203633887611469,3.330976548751511e-05,-2.5625114990462823,-0.0640762568940526,-0.0640723584618804,-0.0640570531244751,8.0,-0.0640023102790448,-0.0640622132685128,-0.0640850785774225,2.683574297046404e-05,-0.5124977061481029,0.75,1.0,2.0,8.0,2.0,1.125,0.0,0.8345229603962802,9.0,0.6042490118577075,0.6101694915254238,0.660569105691057,8.0,0.7,0.4306433722707964,-1.0,0.5792584833258655,3.445146978166372,36.0,44.0,59.5,7.0,70.0,46.57142857142857,21.0,17.453339153842386,326.0,0.0,1.0,1.0,8.0,1.0,0.625,0.0,0.5175491695067657,5.0,2.0,2.0,2.25,8.0,3.0,1.875,-1.0,1.246423454758225,15.0,,,,0.0,-1.0,-1.0,-1.0,8.0,-1.0,-1.0,-1.0,0.0,-8.0,,,,,,0.0,0.0,0.0,8.0,1.0,0.125,0.0,0.3535533905932738,1.0,0.0,1.0,2.25,8.0,4.0,1.375,0.0,1.5059406173077154,11.0,0.0,0.0,0.0,8.0,0.0,0.0,0.0,0.0,0.0,32.25,40.0,56.75,8.0,70.0,40.625,-1.0,23.323424766897823,325.0
491019,stu_NCCMS8363F,N,0.0,0.0,0.0,8.0,0.0,0.0,0.0,0.0,0.0,0.0,0.0,0.25,8.0,1.0,0.25,0.0,0.4629100498862757,2.0,0.0,0.5,1.0,8.0,1.0,0.5,0.0,0.5345224838248488,4.0,0.0,0.0,0.0,8.0,1.0,0.125,0.0,0.3535533905932738,1.0,-0.1922185173420591,-0.1920550406830432,-0.1787822695945983,8.0,-0.1787537652061264,-0.1871546110205941,-0.192331741819917,0.0069432545014901,-1.4972368881647533,-0.3202596708959573,-0.3069850407137025,-0.3069525915444591,8.0,-0.3068896243976034,-0.3119590642268214,-0.320402960165125,0.0069140315063326,-2.4956725138145712,-0.0641066667249337,-0.064074830387168,-0.0640032475507163,8.0,-0.0505779638218746,-0.0623804749480461,-0.0641242997919848,0.0047692655647296,-0.4990437995843692,1.75,2.5,3.0,8.0,4.0,2.375,1.0,1.0606601717798212,19.0,0.6666666666666666,0.6666666666666666,0.6666666666666666,8.0,0.8023255813953488,0.6627906976744187,0.5,0.0811180214591331,5.302325581395349,44.0,44.0,44.0,8.0,69.0,41.75,1.0,18.64518321558834,334.0,1.0,1.0,1.0,8.0,1.0,1.0,1.0,0.0,8.0,3.5,4.0,4.0,8.0,4.0,3.375,1.0,1.1877349391654208,27.0,,,,0.0,-1.0,-1.0,-1.0,5.0,-1.0,-1.0,-1.0,0.0,-5.0,,,,,,0.0,0.0,1.0,8.0,1.0,0.375,0.0,0.5175491695067657,3.0,3.0,3.5,4.0,8.0,5.0,3.625,3.0,0.7440238091428449,29.0,0.0,0.0,0.0,8.0,1.0,0.125,0.0,0.3535533905932738,1.0,44.0,44.0,44.0,8.0,69.0,41.75,1.0,18.64518321558834,334.0
491903,stu_NCCMS8363F,N,0.0,0.0,0.0,6.0,0.0,0.0,0.0,0.0,0.0,0.0,0.0,0.0,6.0,1.0,0.1666666666666666,0.0,0.408248290463863,1.0,0.0,0.5,1.0,6.0,1.0,0.5,0.0,0.5477225575051661,3.0,0.0,0.0,0.0,6.0,1.0,0.1666666666666666,0.0,0.408248290463863,1.0,-0.1922684811319334,-0.1921709842787174,-0.192079234651795,6.0,-0.1919958895708501,-0.192163314443867,-0.1922923970090904,0.0001240644006897,-1.152979886663202,-0.3202928770923199,-0.3202512354509136,-0.3202261557089337,6.0,-0.3202140638744022,-0.3202760371012985,-0.3204151343971661,7.533730148432259e-05,-1.9216562226077916,-0.0640959344493103,-0.0640697423409511,-0.0640524955122262,6.0,-0.0638731521827709,-0.0640480477633234,-0.0641242379938526,8.989972123781069e-05,-0.3842882865799406,2.0,2.5,3.0,6.0,3.0,2.5,2.0,0.5477225575051661,15.0,0.7575757575757576,0.7575757575757576,0.7575757575757576,6.0,0.7575757575757576,0.7203098950671767,0.5339805825242718,0.0912823479707372,4.32185937040306,25.0,25.0,25.0,6.0,55.0,30.0,25.0,12.24744871391589,180.0,1.0,1.0,1.75,6.0,2.0,1.3333333333333333,1.0,0.5163977794943223,8.0,4.0,4.0,4.0,6.0,4.0,4.0,4.0,0.0,24.0,,,,0.0,-1.0,-1.0,-1.0,5.0,-1.0,-1.0,-1.0,0.0,-5.0,,,,,,0.0,0.0,0.0,6.0,1.0,0.1666666666666666,0.0,0.408248290463863,1.0,4.0,4.0,4.0,6.0,5.0,4.166666666666667,4.0,0.408248290463863,25.0,0.0,0.0,0.0,6.0,0.0,0.0,0.0,0.0,0.0,25.0,25.0,25.0,6.0,55.0,30.0,25.0,12.24744871391589,180.0
508244,stu_ZMPUE8773X,N,0.0,0.0,0.0,7.0,1.0,0.1428571428571428,0.0,0.3779644730092273,1.0,0.5,1.0,1.0,7.0,1.0,0.7142857142857143,0.0,0.4879500364742666,5.0,0.0,0.0,0.0,7.0,1.0,0.1428571428571428,0.0,0.3779644730092272,1.0,0.0,0.0,0.0,7.0,0.0,0.0,0.0,0.0,0.0,-0.1146320955425092,-0.1144256921675765,-0.1143816146029468,7.0,-0.1142350434241781,-0.114489507276207,-0.1147383950507829,0.0001825071377695,-0.8014265509334495,-0.1909973335050705,-0.1908656761207598,-0.190728486913579,7.0,-0.1905710291074017,-0.1908526652733691,-0.1910803108481234,0.0001978236223595,-1.335968656913584,-0.0382102117137571,-0.0381940587909762,-0.0380735978161548,7.0,-0.0380034100475777,-0.0381475914788665,-0.0382680524536879,0.0001029954027118,-0.2670331403520659,1.0,2.0,2.0,7.0,2.0,1.5714285714285714,1.0,0.5345224838248488,11.0,0.1481481481481481,0.1686746987951807,0.25,7.0,0.2539682539682539,0.1741341784371044,0.0,0.0909100204753969,1.2189392490597308,12.0,14.0,23.0,7.0,32.0,16.571428571428573,0.0,10.35788174704241,116.0,0.0,0.0,0.0,7.0,0.0,0.0,0.0,0.0,0.0,1.0,2.0,2.0,7.0,2.0,1.5714285714285714,1.0,0.5345224838248488,11.0,0.999999999999578,0.999999999999578,0.999999999999578,1.0,-1.0,-1.0,-2.1105339698124226e-13,3.0,0.999999999999578,-0.333333333333474,-1.0,1.154700538379008,-1.000000000000422,0.999999999999578,0.999999999999578,0.999999999999578,,0.999999999999578,0.5,1.0,1.0,7.0,1.0,0.7142857142857143,0.0,0.4879500364742665,5.0,0.5,1.0,1.5,7.0,2.0,1.0,0.0,0.816496580927726,7.0,0.0,0.0,0.0,7.0,0.0,0.0,0.0,0.0,0.0,12.0,14.0,23.0,7.0,32.0,16.571428571428573,0.0,10.35788174704241,116.0
509898,stu_ZMPUE8773X,N,0.0,0.0,0.0,7.0,1.0,0.1428571428571428,0.0,0.3779644730092272,1.0,1.0,1.0,1.0,7.0,1.0,0.8571428571428571,0.0,0.3779644730092272,6.0,0.0,0.0,0.0,7.0,0.0,0.0,0.0,0.0,0.0,0.0,0.0,0.0,7.0,0.0,0.0,0.0,0.0,0.0,-0.1144685748584662,-0.114408963935217,-0.1143545750527572,7.0,-0.1142600030089684,-0.1144022751711065,-0.1145006594311134,9.180010453935116e-05,-0.8008159261977459,-0.1906891888439091,-0.1905331471843867,-0.1903702018099222,7.0,-0.1901605235958503,-0.1905085922129263,-0.1907476934025843,0.0002371702696109,-1.333560145490484,-0.0381715332082487,-0.0381121878124973,-0.0380209348624305,7.0,-0.0379202999407759,-0.0381179535524488,-0.0384082509725101,0.0001627259363819,-0.2668256748671421,0.0,0.0,0.5,7.0,1.0,0.2857142857142857,0.0,0.4879500364742665,2.0,0.0968992248062015,0.1264367816091954,0.1547761392320977,7.0,0.1813471502590673,0.126228346865829,0.072463768115942,0.042212045702304,0.8835984280608032,8.0,25.0,30.0,7.0,35.0,20.142857142857142,5.0,13.107613200332231,141.0,0.0,0.0,0.0,7.0,0.0,0.0,0.0,0.0,0.0,1.0,1.0,1.5,7.0,2.0,1.2857142857142858,1.0,0.4879500364742666,9.0,1.0,1.0,1.0,2.0,0.0,1.0,1.0,3.0,1.0,0.3333333333333333,-1.0,1.1547005383792517,1.0,1.0,1.0,1.0,0.0,2.0,0.5,1.0,1.0,7.0,1.0,0.7142857142857143,0.0,0.4879500364742666,5.0,0.0,0.0,1.0,7.0,2.0,0.5714285714285714,0.0,0.7867957924694432,4.0,0.0,0.0,0.0,7.0,0.0,0.0,0.0,0.0,0.0,8.0,25.0,30.0,7.0,35.0,20.142857142857142,5.0,13.107613200332231,141.0
511157,stu_ZMPUE8773X,G,0.0,0.0,0.0,7.0,0.0,0.0,0.0,0.0,0.0,0.0,0.0,0.0,7.0,1.0,0.1428571428571428,0.0,0.3779644730092272,1.0,0.0,1.0,1.0,7.0,1.0,0.5714285714285714,0.0,0.5345224838248488,4.0,0.0,0.0,0.0,7.0,1.0,0.1428571428571428,0.0,0.3779644730092272,1.0,-0.1147319781362534,-0.1146118269435128,-0.1144742836996683,7.0,-0.1142550464956767,-0.1145816200295999,-0.1147919430961663,0.0002012013266571,-0.8020713402071996,-0.1911388154067986,-0.1909643638407641,-0.1908630208457821,7.0,-0.1907565443191766,-0.1910022457637792,-0.1912911396813523,0.0001989684212572,-1.337015720346455,-0.0383056688492052,-0.0382576968812749,-0.0381030271138242,7.0,-0.0378870204943888,-0.0381954117167981,-0.0384057727158643,0.0001762469808406,-0.2673678820175871,2.0,2.0,3.0,7.0,3.0,2.4285714285714284,2.0,0.5345224838248487,17.0,0.61,0.61,0.61,7.0,0.6342975206611571,0.6134710743801653,0.61,0.009183599592125,4.294297520661157,61.0,61.0,61.0,7.0,307.0,96.14285714285714,61.0,92.97926036026988,673.0,1.0,1.0,1.0,7.0,2.0,1.1428571428571428,1.0,0.3779644730092272,8.0,4.0,4.0,4.0,7.0,4.0,3.857142857142857,3.0,0.3779644730092272,27.0,,,,0.0,-1.0,-1.0,-1.0,5.0,-1.0,-1.0,-1.0,0.0,-5.0,,,,,,0.0,0.0,0.0,7.0,0.0,0.0,0.0,0.0,0.0,3.0,3.0,4.0,7.0,5.0,3.571428571428572,3.0,0.7867957924694432,25.0,0.0,0.0,0.0,7.0,0.0,0.0,0.0,0.0,0.0,61.0,61.0,61.0,7.0,307.0,96.14285714285714,61.0,92.97926036026988,673.0
511517,stu_ZMPUE8773X,N,0.0,0.0,0.0,4.0,0.0,0.0,0.0,0.0,0.0,0.0,0.5,1.0,4.0,1.0,0.5,0.0,0.5773502691896257,2.0,0.0,0.5,1.0,4.0,1.0,0.5,0.0,0.5773502691896257,2.0,0.0,0.0,0.0,4.0,0.0,0.0,0.0,0.0,0.0,-0.1147642175999409,-0.1147189672888627,-0.1145157502439032,4.0,-0.1140320919067163,-0.1145610005549814,-0.114773975735484,0.0003552170042984,-0.4582440022199259,-0.1906957827767704,-0.1896652263033445,-0.1887961105485624,4.0,-0.1887699560900321,-0.1898266670219883,-0.191206259391232,0.0012318830270642,-0.7593066680879532,-0.0382632508314366,-0.0382532714229787,-0.0380592150766923,4.0,-0.0375028022051166,-0.0380691944851501,-0.0382674328895264,0.0003777189147782,-0.1522767779406006,2.75,3.0,3.25,4.0,4.0,3.0,2.0,0.816496580927726,12.0,0.3444444444444444,0.3444444444444444,0.3772222222222222,4.0,0.4755555555555555,0.3772222222222222,0.3444444444444444,0.0655555555555555,1.508888888888889,62.0,62.0,73.25,4.0,107.0,73.25,62.0,22.5,293.0,0.0,0.0,0.0,4.0,0.0,0.0,0.0,0.0,0.0,3.0,3.0,3.0,4.0,3.0,3.0,3.0,0.0,12.0,0.999999999997821,0.999999999997821,0.999999999997821,1.0,-1.0,-1.0,-0.5000000000005448,4.0,0.999999999997821,-0.5000000000005448,-1.0,0.9999999999989104,-2.000000000002179,0.999999999997821,0.999999999997821,0.999999999997821,,0.999999999997821,0.0,0.0,0.0,4.0,0.0,0.0,0.0,0.0,0.0,2.0,2.5,3.25,4.0,4.0,2.75,2.0,0.957427107756338,11.0,0.0,0.0,0.0,4.0,0.0,0.0,0.0,0.0,0.0,62.0,62.0,73.25,4.0,107.0,73.25,62.0,22.5,293.0
512575,stu_ZMPUE8773X,N,0.0,0.0,0.0,5.0,1.0,0.2,0.0,0.447213595499958,1.0,0.0,1.0,1.0,5.0,1.0,0.6,0.0,0.5477225575051662,3.0,0.0,0.0,0.0,5.0,1.0,0.2,0.0,0.447213595499958,1.0,0.0,0.0,0.0,5.0,0.0,0.0,0.0,0.0,0.0,-0.1143223134617783,-0.1141868944379159,-0.1132343587942512,5.0,-0.1131832890055136,-0.1138910614017344,-0.1145284513092132,0.000634815228683,-0.5694553070086724,-0.1895222840003786,-0.1894890930631575,-0.189329599546164,5.0,5.675495288514054,0.983310177688445,-0.1906034234621296,2.6230112665140823,4.916550888442225,-0.0381894563143482,-0.0381119222849995,-0.0380916536860031,5.0,-0.0379833184669132,-0.0381206846924259,-0.0382270727098655,9.465332174040872e-05,-0.1906034234621296,2.0,2.0,2.0,5.0,2.0,2.0,2.0,0.0,10.0,0.0923076923076923,0.4847161572052402,0.4847161572052402,5.0,0.4847161572052402,0.1092912327846825,-1.0,0.6429710532770193,0.5464561639234127,86.25,111.0,111.0,4.0,111.0,86.25,12.0,49.5,345.0,0.0,0.0,0.0,5.0,0.0,0.0,0.0,0.0,0.0,1.0,3.0,3.0,5.0,3.0,1.8,-1.0,1.7888543819998317,9.0,0.653360190428761,0.653360190428761,0.653360190428761,1.0,-1.0,-1.0,-0.5866599523928098,4.0,0.653360190428761,-0.5866599523928098,-1.0,0.8266800952143806,-2.346639809571239,0.653360190428761,0.653360190428761,0.653360190428761,,0.653360190428761,0.0,0.0,0.0,5.0,0.0,0.0,0.0,0.0,0.0,2.0,2.0,2.0,5.0,2.0,2.0,2.0,0.0,10.0,0.0,0.0,0.0,5.0,0.0,0.0,0.0,0.0,0.0,12.0,111.0,111.0,5.0,111.0,68.8,-1.0,57.96723212298479,344.0
516004,stu_ZMPUE8773X,N,0.0,0.0,0.0,8.0,1.0,0.125,0.0,0.3535533905932738,1.0,1.0,1.0,1.0,8.0,1.0,0.875,0.0,0.3535533905932738,7.0,0.0,0.0,0.0,8.0,0.0,0.0,0.0,0.0,0.0,0.0,0.0,0.0,8.0,0.0,0.0,0.0,0.0,0.0,-0.1152203274592343,-0.1145169451176432,-0.1144344324477114,8.0,-0.1140727176138751,-0.1147046509312747,-0.1152225401883824,0.0004498715932113,-0.9176372074501976,-0.1920345724205235,-0.1912472833896374,-0.1908006440110978,8.0,-0.1905438567934634,-0.1913219519347393,-0.1920369179134205,0.0006480707879756,-1.5305756154779144,-0.0384081845906357,-0.038406082497945,-0.0380586618944053,8.0,-0.0376187492124759,-0.0382205340952329,-0.0384082509725101,0.0002908282378858,-0.3057642727618636,0.0,0.0,1.0,8.0,1.0,0.375,0.0,0.5175491695067657,3.0,0.0,0.0,0.3333333333333333,8.0,0.3333333333333333,0.0,-1.0,0.4364357804719848,0.0,0.0,0.0,1.0,7.0,1.0,0.4285714285714285,0.0,0.5345224838248487,3.0,0.0,0.0,0.0,8.0,0.0,0.0,0.0,0.0,0.0,1.0,1.0,2.0,8.0,2.0,1.125,-1.0,0.9910312089651148,9.0,0.7794364448857992,0.812581926514399,0.812581926514399,4.0,-1.0,-1.0,0.68,5.0,0.812581926514399,-0.3014836146971201,-1.0,0.9576308706442744,-1.5074180734856006,0.812581926514399,0.7794364448857993,0.68,0.0662909632571994,3.1177457795431973,0.0,1.0,1.0,8.0,1.0,0.625,0.0,0.5175491695067657,5.0,0.0,0.5,1.25,8.0,3.0,0.875,0.0,1.1259916264596033,7.0,0.0,0.5,1.0,8.0,1.0,0.5,0.0,0.5345224838248488,4.0,0.0,0.0,1.0,8.0,1.0,0.25,-1.0,0.7071067811865476,2.0
516079,stu_ZMPUE8773X,N,0.0,0.0,0.0,8.0,0.0,0.0,0.0,0.0,0.0,0.0,1.0,1.0,8.0,1.0,0.625,0.0,0.5175491695067657,5.0,0.0,0.0,0.25,8.0,1.0,0.25,0.0,0.4629100498862757,2.0,0.0,0.0,0.0,8.0,1.0,0.125,0.0,0.3535533905932738,1.0,-0.1150440393280069,-0.1148749204392193,-0.1146983446532027,8.0,-0.1144415353082767,-0.1148625512832815,-0.1152105029418168,0.000256109197841,-0.9189004102662524,-0.1916020059993658,-0.1914412512267579,-0.1912250012071162,8.0,-0.19115094116253,-0.191437367887103,-0.1917597957149152,0.0002472395757154,-1.5314989430968242,-0.0384033608410929,-0.0383547029271266,-0.0381899652420522,8.0,-0.038103248386739,-0.0382954681678326,-0.0384055956975324,0.0001305482444197,-0.306363745342661,2.0,2.0,2.25,8.0,3.0,2.125,1.0,0.6408699444616557,17.0,0.0,0.6666666666666666,0.71875,8.0,0.875,0.4687499999999999,0.0,0.3976306314252198,3.75,0.0,2.0,3.25,8.0,7.0,2.5,0.0,2.9277002188456,20.0,0.0,0.0,0.0,8.0,0.0,0.0,0.0,0.0,0.0,1.0,3.0,3.5,8.0,5.0,2.75,1.0,1.6690459207925603,22.0,0.6038065815613596,0.659583462632055,0.7153603437027505,2.0,-1.0,-1.0,0.161022275367998,6.0,0.771137224773446,-0.4468055124559816,-1.0,0.8599044337930657,-2.6808330747358897,0.771137224773446,0.659583462632055,0.548029700490664,0.1577608433540974,1.31916692526411,0.0,0.5,1.0,8.0,1.0,0.5,0.0,0.5345224838248488,4.0,2.75,4.0,4.25,8.0,5.0,3.625,2.0,1.1877349391654208,29.0,0.0,0.5,1.0,8.0,1.0,0.5,0.0,0.5345224838248488,4.0,0.0,2.0,3.25,8.0,7.0,2.5,0.0,2.9277002188456,20.0
516661,stu_ZMPUE8773X,N,0.0,0.0,0.0,8.0,1.0,0.125,0.0,0.3535533905932738,1.0,1.0,1.0,1.0,8.0,1.0,0.875,0.0,0.3535533905932738,7.0,0.0,0.0,0.0,8.0,0.0,0.0,0.0,0.0,0.0,0.0,0.0,0.0,8.0,0.0,0.0,0.0,0.0,0.0,-0.1152162339103103,-0.1149000127877585,-0.1145656030316094,8.0,-0.1143696658655471,-0.1148686473520845,-0.1152164330559337,0.0003769111525263,-0.9189491788166764,-0.1920246151393572,-0.191700184791666,-0.1913262556929323,8.0,-0.1907442415451133,-0.1915975252228409,-0.1920287750701556,0.0004975292235849,-1.5327802017827277,-0.038406126752528,-0.038404887624205,-0.0381493837894765,8.0,-0.0377518669980242,-0.0382450843251308,-0.0384081624633442,0.0002537162973403,-0.305960674601047,0.0,0.0,0.25,8.0,1.0,0.25,0.0,0.4629100498862757,2.0,0.0,0.0,0.1001199040767386,8.0,0.4004796163069544,0.1001199040767386,0.0,0.1853860391630888,0.8009592326139089,0.0,0.0,83.5,8.0,334.0,83.5,0.0,154.6119566620161,668.0,0.0,0.0,0.0,8.0,0.0,0.0,0.0,0.0,0.0,1.0,1.0,1.25,8.0,2.0,1.25,1.0,0.4629100498862757,10.0,,,,0.0,-1.0,-1.0,-1.0,1.0,-1.0,-1.0,-1.0,,-1.0,,,,,,0.75,1.0,1.0,8.0,1.0,0.75,0.0,0.4629100498862757,6.0,0.0,0.0,0.0,8.0,1.0,0.125,0.0,0.3535533905932738,1.0,0.75,1.0,1.0,8.0,1.0,0.75,0.0,0.4629100498862757,6.0,0.0,0.0,83.5,8.0,334.0,83.5,0.0,154.6119566620161,668.0
516720,stu_ZMPUE8773X,N,0.0,0.0,0.0,8.0,0.0,0.0,0.0,0.0,0.0,1.0,1.0,1.0,8.0,1.0,1.0,1.0,0.0,8.0,0.0,0.0,0.0,8.0,0.0,0.0,0.0,0.0,0.0,0.0,0.0,0.0,8.0,0.0,0.0,0.0,0.0,0.0,-0.1152163888013507,-0.1152105914509827,-0.1146180004578359,8.0,-0.1143042575919299,-0.1149514034222226,-0.115220681495898,0.0003763845206161,-0.9196112273777812,-0.192021937737088,-0.1914237706664881,-0.1911175953342685,8.0,-0.1911096073820439,-0.1915333892684839,-0.1920303682351422,0.0004268079744785,-1.5322671141478712,-0.0384064807891916,-0.038406126752528,-0.0384020553308955,8.0,-0.037806211625901,-0.0383302412063946,-0.0384079854450123,0.0002117574769061,-0.3066419296511573,0.0,0.0,0.0,8.0,0.0,0.0,0.0,0.0,0.0,0.0,0.0,0.0,8.0,0.4004796163069544,0.0500599520383693,0.0,0.141590926208817,0.4004796163069544,0.0,0.0,0.0,8.0,334.0,41.75,0.0,118.08683245815344,334.0,0.0,0.0,0.0,8.0,0.0,0.0,0.0,0.0,0.0,1.0,1.0,1.0,8.0,1.0,1.0,1.0,0.0,8.0,,,,0.0,,,,0.0,,,,,,,,,,,1.0,1.0,1.0,8.0,1.0,1.0,1.0,0.0,8.0,0.0,0.0,0.0,8.0,0.0,0.0,0.0,0.0,0.0,1.0,1.0,1.0,8.0,1.0,0.875,0.0,0.3535533905932738,7.0,0.0,0.0,0.0,8.0,334.0,41.75,0.0,118.08683245815344,334.0
518303,stu_ZMPUE8773X,N,0.0,0.0,0.0,8.0,0.0,0.0,0.0,0.0,0.0,0.0,0.0,1.0,8.0,1.0,0.375,0.0,0.5175491695067657,3.0,0.0,0.5,1.0,8.0,1.0,0.5,0.0,0.5345224838248488,4.0,0.0,0.0,0.0,8.0,1.0,0.125,0.0,0.3535533905932738,1.0,-0.1150249656027505,-0.1149988332715116,-0.1149741392142191,8.0,-0.1148701851988424,-0.115006788032799,-0.1152181147300862,0.000100499040661,-0.9200543042623922,-0.1918261554620661,-0.1916798719380866,-0.1916088212051419,8.0,-0.1915833084380645,-0.1917275894421649,-0.1920147906219397,0.0001553114010329,-1.5338207155373196,-0.0384057063339898,-0.0383543931450459,-0.0382683622357686,8.0,-0.0381813134710832,-0.0383262251029909,-0.0384082509725101,9.33239445112257e-05,-0.3066098008239272,1.75,2.5,3.25,8.0,4.0,2.375,0.0,1.407885953173359,19.0,0.0,1.0,1.0,8.0,1.0,0.625,0.0,0.5175491695067657,5.0,0.0,5.0,5.0,8.0,5.0,3.125,0.0,2.5877458475338284,25.0,0.0,0.0,0.0,8.0,1.0,0.125,0.0,0.3535533905932738,1.0,1.0,3.0,3.0,8.0,3.0,2.25,1.0,1.035098339013531,18.0,0.282008019117877,0.312530071633586,0.343052124149295,2.0,-1.0,-1.0,0.251485966602168,5.0,0.373574176665004,-0.4749879713465656,-1.0,0.720197020309223,-2.374939856732828,0.373574176665004,0.312530071633586,0.251485966602168,0.086329401238359,0.625060143267172,0.0,0.5,1.0,8.0,1.0,0.5,0.0,0.5345224838248488,4.0,0.75,2.5,3.25,8.0,4.0,2.125,0.0,1.6420805617960927,17.0,0.0,0.5,1.0,8.0,1.0,0.5,0.0,0.5345224838248488,4.0,0.0,5.0,5.0,8.0,5.0,3.125,0.0,2.5877458475338284,25.0
521854,stu_ZMPUE8773X,N,0.0,0.0,0.0,8.0,0.0,0.0,0.0,0.0,0.0,1.0,1.0,1.0,8.0,1.0,1.0,1.0,0.0,8.0,0.0,0.0,0.0,8.0,0.0,0.0,0.0,0.0,0.0,0.0,0.0,0.0,8.0,0.0,0.0,0.0,0.0,0.0,-0.115218336003001,-0.1147869865828747,-0.1143205875330428,8.0,-0.1134946642512311,-0.1146391430848458,-0.1152199734225706,0.0006480110524257,-0.9171131446787668,-0.1915187631288151,-0.1908131459307844,-0.1902700094340972,8.0,-0.1899629711375099,-0.1909108600499636,-0.1920319614001288,0.0008020477742328,-1.5272868803997088,-0.0384062816435683,-0.0384057284612813,-0.0382043922360977,8.0,-0.0378137349050045,-0.0382760293422667,-0.0384076314083486,0.0002141186678427,-0.306208234738134,0.0,0.0,0.25,8.0,2.0,0.375,0.0,0.7440238091428449,3.0,0.0,0.0,0.0,8.0,0.0,0.0,0.0,0.0,0.0,0.0,0.0,0.0,8.0,0.0,0.0,0.0,0.0,0.0,0.0,0.0,0.0,8.0,0.0,0.0,0.0,0.0,0.0,1.0,1.0,1.0,8.0,1.0,1.0,1.0,0.0,8.0,,,,0.0,-1.0,-1.0,-1.0,2.0,-1.0,-1.0,-1.0,0.0,-2.0,,,,,,0.75,1.0,1.0,8.0,1.0,0.75,0.0,0.4629100498862757,6.0,0.0,0.0,1.25,8.0,3.0,0.75,0.0,1.164964745021435,6.0,0.75,1.0,1.0,8.0,1.0,0.75,0.0,0.4629100498862757,6.0,0.0,0.0,0.0,8.0,0.0,0.0,0.0,0.0,0.0
523709,stu_ZMPUE8773X,N,0.0,0.0,0.0,8.0,1.0,0.125,0.0,0.3535533905932738,1.0,0.75,1.0,1.0,8.0,1.0,0.75,0.0,0.4629100498862757,6.0,0.0,0.0,0.0,8.0,1.0,0.125,0.0,0.3535533905932738,1.0,0.0,0.0,0.0,8.0,0.0,0.0,0.0,0.0,0.0,-0.1147085453345753,-0.114643823006994,-0.1145435863765861,8.0,-0.1144794172312918,-0.1146302921682535,-0.114779728831269,0.000109903947552,-0.9170423373460284,-0.1911597699518309,-0.1911061997791559,-0.1910004313258778,8.0,-0.1909143561620175,-0.1911005351925368,-0.1913462808917224,0.0001355203376357,-1.528804281540295,-0.038252364204028,-0.0381910052247518,-0.0381571062142033,8.0,-0.0381380324889468,-0.0382007412330033,-0.0382729204578137,5.370580238451556e-05,-0.3056059298640271,0.75,1.5,2.0,8.0,2.0,1.25,0.0,0.8864052604279183,10.0,0.0892857142857142,0.0892857142857142,0.1056818181818181,8.0,0.4004796163069544,0.1272202916987089,0.0192307692307692,0.115836055647191,1.0177623335896715,5.0,5.0,6.0,8.0,334.0,46.125,1.0,116.33871422949213,369.0,0.0,0.0,0.0,8.0,0.0,0.0,0.0,0.0,0.0,1.0,1.0,3.0,8.0,3.0,1.75,1.0,1.035098339013531,14.0,,,,0.0,-1.0,-1.0,-1.0,2.0,-1.0,-1.0,-1.0,0.0,-2.0,,,,,,0.75,1.0,1.0,8.0,1.0,0.75,0.0,0.4629100498862757,6.0,0.75,1.5,2.0,8.0,2.0,1.25,0.0,0.8864052604279183,10.0,0.0,0.0,0.0,8.0,0.0,0.0,0.0,0.0,0.0,5.0,5.0,6.0,8.0,334.0,46.125,1.0,116.33871422949213,369.0
524620,stu_ZMPUE8773X,N,0.0,0.0,0.0,8.0,0.0,0.0,0.0,0.0,0.0,1.0,1.0,1.0,8.0,1.0,0.875,0.0,0.3535533905932738,7.0,0.0,0.0,0.0,8.0,1.0,0.125,0.0,0.3535533905932738,1.0,0.0,0.0,0.0,8.0,0.0,0.0,0.0,0.0,0.0,-0.11491154110662,-0.114550578600694,-0.1143405463499584,8.0,-0.1142321226217026,-0.1146557053625192,-0.115219442367575,0.0003925259776407,-0.917245642900154,-0.1912325023589282,-0.1909844554214287,-0.1907727414965405,8.0,-0.1905462465409433,-0.1910244947553631,-0.1916192431594293,0.0003752658551176,-1.5281959580429054,-0.0384059054796131,-0.0383168210041115,-0.0380897507389358,8.0,-0.0378810018711061,-0.0382314207226414,-0.038407188862519,0.0002110364278487,-0.3058513657811319,0.75,1.0,2.0,8.0,2.0,1.125,0.0,0.8345229603962802,9.0,0.0,0.0343551797040169,0.0714285714285714,8.0,0.1346153846153846,0.0432728608600701,0.0,0.0477373889057917,0.3461828868805613,0.0,1.5,3.0,8.0,7.0,2.0,0.0,2.390457218668787,16.0,0.0,0.0,0.0,8.0,0.0,0.0,0.0,0.0,0.0,1.0,1.0,2.0,8.0,2.0,1.375,1.0,0.5175491695067657,11.0,1.0,1.0,1.0,6.0,0.5,1.0,1.0,8.0,1.0,0.5,-1.0,0.9258200997725514,4.0,1.0,1.0,1.0,0.0,6.0,0.75,1.0,1.0,8.0,1.0,0.75,0.0,0.4629100498862757,6.0,1.0,1.0,2.0,8.0,2.0,1.25,0.0,0.7071067811865476,10.0,0.0,0.0,0.0,8.0,0.0,0.0,0.0,0.0,0.0,0.0,1.5,3.0,8.0,7.0,2.0,0.0,2.390457218668787,16.0
525899,stu_ZMPUE8773X,N,0.0,0.0,0.0,3.0,0.0,0.0,0.0,0.0,0.0,1.0,1.0,1.0,3.0,1.0,1.0,1.0,0.0,3.0,0.0,0.0,0.0,3.0,0.0,0.0,0.0,0.0,0.0,0.0,0.0,0.0,3.0,0.0,0.0,0.0,0.0,0.0,-0.114725605476307,-0.1142348664058462,-0.1142179169005719,3.0,-0.1142009673952977,-0.1145507261159705,-0.1152163445467677,0.0005766916050123,-0.3436521783479117,-0.1915371066534527,-0.1910463233284089,-0.1910299048781302,3.0,-0.1910134864278515,-0.1913625665782522,-0.1920278899784964,0.0005764208407872,-0.5740876997347568,-0.0383872300456034,-0.0383706345769928,-0.0378985709405418,3.0,-0.0374265073040908,-0.0380669891317659,-0.038403825514214,0.0005549217406669,-0.1142009673952977,0.0,0.0,0.0,3.0,0.0,0.0,0.0,0.0,0.0,-0.4852941176470587,0.0294117647058823,0.3937381404174573,3.0,0.7580645161290323,-0.0708412397216951,-1.0,0.8833095207177204,-0.2125237191650854,36.0,71.0,106.0,2.0,141.0,71.0,1.0,98.99494936611666,142.0,0.0,0.0,0.0,3.0,0.0,0.0,0.0,0.0,0.0,0.0,1.0,1.0,3.0,1.0,0.3333333333333333,-1.0,1.1547005383792517,1.0,0.739884163014163,0.826589442009442,0.913294721004721,2.0,-0.1734105579905579,0.653178884018884,0.826589442009442,3.0,1.0,0.2177262946729613,-1.0,1.0687442248620815,0.6531788840188839,1.0,0.826589442009442,0.653178884018884,0.2452395629689332,1.653178884018884,1.0,1.0,1.0,3.0,1.0,1.0,1.0,0.0,3.0,0.0,0.0,0.0,3.0,0.0,0.0,0.0,0.0,0.0,0.0,0.0,0.0,3.0,0.0,0.0,0.0,0.0,0.0,0.0,1.0,71.0,3.0,141.0,47.0,-1.0,81.41252974819048,141.0
528060,stu_ZMPUE8773X,N,0.0,0.0,0.0,6.0,0.0,0.0,0.0,0.0,0.0,1.0,1.0,1.0,6.0,1.0,1.0,1.0,0.0,6.0,0.0,0.0,0.0,6.0,0.0,0.0,0.0,0.0,0.0,0.0,0.0,0.0,6.0,0.0,0.0,0.0,0.0,0.0,-0.1144230368925988,-0.1142813779725388,-0.1129455755131356,6.0,-0.1098030354497436,-0.1133173508888318,-0.1145677493788831,0.0018790862796489,-0.6799041053329912,-0.1901306517523512,-0.1875389706103733,-0.1861652641006635,6.0,-0.1861180444606435,-0.1880917103515632,-0.1906523690308851,0.0022146786425751,-1.1285502621093797,-0.0381620406002035,-0.0380658532641365,-0.0380340563462786,6.0,-0.0379103869141925,-0.0380937926575129,-0.0383031020833934,0.0001366221638464,-0.2285627559450777,0.0,0.0,0.0,6.0,0.0,0.0,0.0,0.0,0.0,0.0733585858585858,0.0987922705314009,0.122918593894542,6.0,0.196078431372549,0.102218981482463,0.0238095238095238,0.0582804088438775,0.6133138888947781,3.25,4.5,5.75,6.0,10.0,4.833333333333333,1.0,3.0605010483034745,29.0,0.0,0.0,0.0,6.0,0.0,0.0,0.0,0.0,0.0,1.0,1.0,1.0,6.0,1.0,1.0,1.0,0.0,6.0,0.999999999999886,0.999999999999886,0.999999999999886,1.0,0.999999999999886,0.999999999999886,0.999999999999886,1.0,0.999999999999886,0.999999999999886,0.999999999999886,,0.999999999999886,0.999999999999886,0.999999999999886,0.999999999999886,,0.999999999999886,1.0,1.0,1.0,6.0,1.0,1.0,1.0,0.0,6.0,0.0,0.0,0.0,6.0,0.0,0.0,0.0,0.0,0.0,0.0,0.0,0.0,6.0,0.0,0.0,0.0,0.0,0.0,3.25,4.5,5.75,6.0,10.0,4.833333333333333,1.0,3.0605010483034745,29.0
532751,stu_ZMPUE8773X,N,0.0,0.0,0.0,4.0,0.0,0.0,0.0,0.0,0.0,0.0,0.5,1.0,4.0,1.0,0.5,0.0,0.5773502691896257,2.0,0.0,0.5,1.0,4.0,1.0,0.5,0.0,0.5773502691896257,2.0,0.0,0.0,0.0,4.0,0.0,0.0,0.0,0.0,0.0,-0.114435472430411,-0.114038243293748,-0.1137428439524796,4.0,-0.1136844279029703,-0.1141400730891426,-0.1147993778661039,0.0005213142737896,-0.4565602923565705,-0.1909935054836443,-0.1905585493150066,-0.1902703855980524,4.0,-0.1902319504927503,-0.1907053417666901,-0.1914723179439969,0.0005793919994488,-0.7628213670667605,-0.0382200804857575,-0.0379836282489939,-0.0377542788727956,4.0,-0.0377171714049824,-0.0379907311095593,-0.0382784965352668,0.0002897732362991,-0.1519629244382372,2.0,2.5,3.0,4.0,3.0,2.5,2.0,0.5773502691896257,10.0,0.7101944483584613,0.7491721854304636,0.75,4.0,0.75,0.7110222629279978,0.5957446808510638,0.0768556843366616,2.844089051711991,49.75,57.0,71.0,4.0,113.0,63.75,28.0,35.565666965019325,255.0,0.0,0.0,0.0,4.0,0.0,0.0,0.0,0.0,0.0,4.0,5.0,5.25,4.0,6.0,4.25,1.0,2.217355782608345,17.0,,,,0.0,-1.0,-1.0,-1.0,2.0,-1.0,-1.0,-1.0,0.0,-2.0,,,,,,0.0,0.0,0.0,4.0,0.0,0.0,0.0,0.0,0.0,2.75,3.0,3.25,4.0,4.0,3.0,2.0,0.816496580927726,12.0,0.0,0.0,0.0,4.0,0.0,0.0,0.0,0.0,0.0,49.75,57.0,71.0,4.0,113.0,63.75,28.0,35.565666965019325,255.0
533047,stu_ZMPUE8773X,N,0.0,0.0,0.0,8.0,1.0,0.125,0.0,0.3535533905932738,1.0,0.0,1.0,1.0,8.0,1.0,0.625,0.0,0.5175491695067657,5.0,0.0,0.0,0.25,8.0,1.0,0.25,0.0,0.4629100498862757,2.0,0.0,0.0,0.0,8.0,0.0,0.0,0.0,0.0,0.0,-0.1149146831820102,-0.1149105011239204,-0.1149041727185569,8.0,-0.114882133936242,-0.1149078901035256,-0.1149256804458762,1.370353515269634e-05,-0.9192631208282056,-0.1915258881166719,-0.1914948877813073,-0.1909469275350772,8.0,-0.1892320624453167,-0.1909540857138713,-0.1915357790159638,0.0010322166282158,-1.5276326857109706,-0.0383195647882551,-0.0383016859367387,-0.0382834087939755,8.0,-0.0382559266979564,-0.0383006680813306,-0.0383412495339063,2.88072910020664e-05,-0.3064053446506448,1.75,2.0,2.25,8.0,3.0,2.0,1.0,0.7559289460184544,16.0,0.6099888822191598,0.6273504273504273,0.6290872006781097,8.0,0.6342975206611571,0.6183857522847258,0.5803108808290155,0.0186694936514721,4.947086018277807,294.75,323.0,367.0,8.0,367.0,317.0,224.0,53.87021440462252,2536.0,0.0,0.0,0.0,8.0,0.0,0.0,0.0,0.0,0.0,2.75,3.0,3.0,8.0,3.0,2.625,1.0,0.7440238091428449,21.0,,,,0.0,-1.0,-1.0,-1.0,3.0,-1.0,-1.0,-1.0,0.0,-3.0,,,,,,0.0,0.0,0.0,8.0,0.0,0.0,0.0,0.0,0.0,1.0,2.0,2.25,8.0,3.0,1.875,1.0,0.8345229603962802,15.0,0.0,0.0,0.0,8.0,0.0,0.0,0.0,0.0,0.0,294.75,323.0,367.0,8.0,367.0,317.0,224.0,53.87021440462252,2536.0
537618,stu_ZMPUE8773X,N,0.0,0.0,0.0,4.0,0.0,0.0,0.0,0.0,0.0,0.75,1.0,1.0,4.0,1.0,0.75,0.0,0.5,3.0,0.0,0.0,0.25,4.0,1.0,0.25,0.0,0.5,1.0,0.0,0.0,0.0,4.0,0.0,0.0,0.0,0.0,0.0,-0.1136034862707336,-0.1119824408968516,-0.1103268105663852,4.0,-0.1099117247054972,-0.1119478559402672,-0.1139148172618682,0.0020511270185781,-0.4477914237610688,-0.1861827446609333,-0.1860750290060049,-0.185933790504483,4.0,-0.1855838916442975,-0.1860415061594115,-0.1864320749813388,0.0003490050035884,-0.7441660246376461,-0.0379965063326357,-0.0378710003353568,-0.0378100839019102,4.0,-0.0377577086029752,-0.0379355898991892,-0.0382426503230679,0.0002145139300658,-0.1517423595967568,0.0,0.5,1.0,4.0,1.0,0.5,0.0,0.5773502691896257,2.0,0.0238095238095238,0.0459956709956709,0.1001559714795009,4.0,0.196078431372549,0.0779698242933537,0.0238095238095238,0.0814700853623068,0.3118792971734149,1.0,2.0,4.75,4.0,10.0,3.75,1.0,4.272001872658765,15.0,0.0,0.0,0.0,4.0,0.0,0.0,0.0,0.0,0.0,1.0,1.5,2.0,4.0,2.0,1.5,1.0,0.5773502691896257,6.0,0.9801320691695388,0.9867547047078364,0.9933773402461342,2.0,-0.0132452831843795,0.973509433631241,0.9867547047078364,3.0,0.999999975784432,0.3245031364718909,-1.0,1.1471298340200204,0.9735094094156728,0.999999975784432,0.9867547047078364,0.973509433631241,0.0187316419938294,1.9735094094156729,0.75,1.0,1.0,4.0,1.0,0.75,0.0,0.5,3.0,0.0,0.0,0.25,4.0,1.0,0.25,0.0,0.5,1.0,0.0,0.0,0.0,4.0,0.0,0.0,0.0,0.0,0.0,1.0,2.0,4.75,4.0,10.0,3.75,1.0,4.272001872658765,15.0
542138,stu_ZMPUE8773X,G,0.0,0.0,0.0,4.0,0.0,0.0,0.0,0.0,0.0,0.0,0.0,0.25,4.0,1.0,0.25,0.0,0.5,1.0,0.0,0.0,0.0,4.0,0.0,0.0,0.0,0.0,0.0,0.0,0.0,0.25,4.0,1.0,0.25,0.0,0.5,1.0,-0.1135636350187767,-0.1132697182060375,-0.1130941381481375,4.0,-0.1127738456039532,-0.1133880549608767,-0.1142389378274787,0.0006160988047435,-0.4535522198435071,-0.1891364061642418,-0.18912173576999,-0.1891013344072447,4.0,-0.1890792956249299,-0.1891160048014965,-0.1891412520410761,2.823441236872108e-05,-0.7564640192059862,-0.0380765628732132,-0.0379669442712174,-0.0377083868702645,4.0,-0.0370330840615625,-0.0378180054722603,-0.0383050492850437,0.0005476974524543,-0.1512720218890413,1.75,2.0,2.0,4.0,2.0,1.75,1.0,0.5,7.0,0.5576923076923077,0.5576923076923077,0.5576923076923077,4.0,0.5576923076923077,0.5576923076923077,0.5576923076923077,0.0,2.230769230769231,29.0,29.0,29.0,4.0,29.0,29.0,29.0,0.0,116.0,1.75,2.5,3.0,4.0,3.0,2.25,1.0,0.957427107756338,9.0,4.0,4.0,4.0,4.0,4.0,4.0,4.0,0.0,16.0,,,,0.0,-1.0,-1.0,-1.0,4.0,-1.0,-1.0,-1.0,0.0,-4.0,,,,,,0.0,0.0,0.0,4.0,0.0,0.0,0.0,0.0,0.0,4.0,4.0,4.25,4.0,5.0,4.25,4.0,0.5,17.0,0.0,0.0,0.0,4.0,0.0,0.0,0.0,0.0,0.0,29.0,29.0,29.0,4.0,29.0,29.0,29.0,0.0,116.0
542352,stu_ZMPUE8773X,N,0.0,0.0,0.0,5.0,0.0,0.0,0.0,0.0,0.0,1.0,1.0,1.0,5.0,1.0,1.0,1.0,0.0,5.0,0.0,0.0,0.0,5.0,0.0,0.0,0.0,0.0,0.0,0.0,0.0,0.0,5.0,0.0,0.0,0.0,0.0,0.0,-0.1152130697076286,-0.1149451524623793,-0.1140726291047092,5.0,-0.1140712129580543,-0.1147033631229105,-0.1152147513817811,0.0005867750998339,-0.5735168156145527,-0.192019481607731,-0.1917520954174773,-0.190884263045601,5.0,-0.1908804571514663,-0.1915125011053234,-0.1920262083043412,0.0005857670974567,-0.9575625055266168,-0.038406126752528,-0.0384055071883665,-0.03813210237483,5.0,-0.0375336033948578,-0.0381768526091207,-0.0384069233350213,0.0003786668137956,-0.1908842630456037,0.0,0.0,0.0,5.0,0.0,0.0,0.0,0.0,0.0,0.0,0.0,0.0,5.0,0.0,-0.2,-1.0,0.447213595499958,-1.0,0.0,0.0,0.0,4.0,0.0,0.0,0.0,0.0,0.0,0.0,0.0,0.0,5.0,0.0,0.0,0.0,0.0,0.0,1.0,1.0,1.0,5.0,1.0,0.6,-1.0,0.8944271909999161,3.0,,,,0.0,-1.0,-1.0,-1.0,1.0,-1.0,-1.0,-1.0,,-1.0,,,,,,1.0,1.0,1.0,5.0,1.0,1.0,1.0,0.0,5.0,0.0,0.0,0.0,5.0,0.0,0.0,0.0,0.0,0.0,1.0,1.0,1.0,5.0,1.0,0.8,0.0,0.4472135954999579,4.0,0.0,0.0,0.0,5.0,0.0,-0.2,-1.0,0.447213595499958,-1.0
543125,stu_ZMPUE8773X,N,0.0,0.0,0.0,8.0,0.0,0.0,0.0,0.0,0.0,0.0,0.0,1.0,8.0,1.0,0.375,0.0,0.5175491695067657,3.0,0.0,0.0,1.0,8.0,1.0,0.375,0.0,0.5175491695067657,3.0,0.0,0.0,0.25,8.0,1.0,0.25,0.0,0.4629100498862757,2.0,-0.1149352394357959,-0.1147003361094359,-0.114651921595676,8.0,-0.1144901268403685,-0.1147579887673891,-0.1150033914935567,0.0001930515545532,-0.918063910139113,-0.1913534058795765,-0.1911383286063834,-0.1910807976485333,8.0,-0.1908616932082906,-0.1912015130872067,-0.1915088722295205,0.0002257663683338,-1.529612104697654,-0.0384060603706535,-0.0383005795721646,-0.0381684575147329,8.0,-0.0380726242153296,-0.0382730532215625,-0.0384076314083486,0.0001481772366186,-0.3061844257725007,1.75,3.0,3.0,8.0,4.0,2.5,1.0,1.0690449676496976,20.0,0.6428571428571428,0.8571428571428571,0.8571428571428571,8.0,0.8571428571428571,0.6428571428571428,0.0,0.3967800427596649,5.142857142857142,4.5,6.0,6.0,8.0,6.0,4.5,0.0,2.7774602993176543,36.0,0.0,0.0,0.0,8.0,0.0,0.0,0.0,0.0,0.0,4.0,5.0,5.0,8.0,5.0,4.0,1.0,1.8516401995451028,32.0,,,,0.0,-1.0,-1.0,-1.0,6.0,-1.0,-1.0,-1.0,0.0,-6.0,,,,,,0.0,0.0,0.25,8.0,1.0,0.25,0.0,0.4629100498862757,2.0,3.0,4.0,4.25,8.0,5.0,3.75,2.0,1.035098339013531,30.0,0.0,0.0,0.25,8.0,1.0,0.25,0.0,0.4629100498862757,2.0,4.5,6.0,6.0,8.0,6.0,4.5,0.0,2.7774602993176543,36.0
545077,stu_ZMPUE8773X,N,0.0,0.0,0.0,2.0,0.0,0.0,0.0,0.0,0.0,1.0,1.0,1.0,2.0,1.0,1.0,1.0,0.0,2.0,0.0,0.0,0.0,2.0,0.0,0.0,0.0,0.0,0.0,0.0,0.0,0.0,2.0,0.0,0.0,0.0,0.0,0.0,-0.1032691118029668,-0.0989909327589068,-0.0947127537148467,2.0,-0.0904345746707866,-0.0989909327589068,-0.1075472908470269,0.0121005176527402,-0.1979818655178136,-0.1661327411770732,-0.1660680188494919,-0.1660032965219106,2.0,-0.1659385741943294,-0.1660680188494919,-0.1661974635046545,0.0001830623869076,-0.3321360376989839,-0.0361125887359621,-0.0347586640248361,-0.03340473931371,2.0,-0.032050814602584,-0.0347586640248361,-0.0374665134470881,0.0038294773778129,-0.0695173280496722,0.0,0.0,0.0,2.0,0.0,0.0,0.0,0.0,0.0,0.5327600327600328,0.5925470925470926,0.6523341523341524,2.0,0.7121212121212122,0.5925470925470926,0.4729729729729729,0.1691033416105421,1.1850941850941852,79.0,111.0,143.0,2.0,175.0,111.0,47.0,90.50966799187808,222.0,2.0,2.0,2.0,2.0,2.0,2.0,2.0,0.0,4.0,1.0,1.0,1.0,2.0,1.0,1.0,1.0,0.0,2.0,0.779470630085778,0.824320667292961,0.869170704500144,2.0,0.779470630085778,0.824320667292961,0.869170704500144,2.0,0.914020741707327,0.824320667292961,0.734620592878595,0.1268550617826722,1.648641334585922,0.914020741707327,0.824320667292961,0.734620592878595,0.1268550617826722,1.648641334585922,1.0,1.0,1.0,2.0,1.0,1.0,1.0,0.0,2.0,0.25,0.5,0.75,2.0,1.0,0.5,0.0,0.7071067811865476,1.0,0.0,0.0,0.0,2.0,0.0,0.0,0.0,0.0,0.0,79.0,111.0,143.0,2.0,175.0,111.0,47.0,90.50966799187808,222.0
547412,stu_ZMPUE8773X,G,0.0,0.0,0.0,8.0,0.0,0.0,0.0,0.0,0.0,0.0,0.5,1.0,8.0,1.0,0.5,0.0,0.5345224838248488,4.0,0.0,0.5,1.0,8.0,1.0,0.5,0.0,0.5345224838248488,4.0,0.0,0.0,0.0,8.0,0.0,0.0,0.0,0.0,0.0,-0.1147843091806055,-0.1147110899730956,-0.1144525325721427,8.0,-0.1143431131157702,-0.114652220314111,-0.1149971958519421,0.0002228852256824,-0.917217762512888,-0.1912817798370488,-0.191147445050469,-0.1909894340620047,8.0,-0.1908596574974699,-0.1911332725202755,-0.191362743596577,0.0001922906971359,-1.5290661801622043,-0.0383268889217353,-0.0382756199873743,-0.0382605070472929,8.0,-0.0377975377276406,-0.0382321066686774,-0.0383408069880767,0.0001789911291467,-0.3058568533494192,2.0,3.0,3.0,8.0,4.0,2.75,2.0,0.7071067811865476,22.0,0.6196911196911197,0.6235207735207735,0.6290872006781097,8.0,0.6342975206611571,0.6203350169906929,0.5803108808290155,0.0172854615592413,4.962680135925544,307.0,321.0,332.5,8.0,367.0,316.875,224.0,44.5563447462071,2535.0,0.0,0.0,0.0,8.0,0.0,0.0,0.0,0.0,0.0,2.0,2.0,3.0,8.0,3.0,2.375,2.0,0.5175491695067657,19.0,,,,0.0,-1.0,-1.0,-1.0,5.0,-1.0,-1.0,-1.0,0.0,-5.0,,,,,,0.0,0.0,1.0,8.0,1.0,0.375,0.0,0.5175491695067657,3.0,2.0,3.0,3.0,8.0,4.0,2.625,1.0,0.9161253813129044,21.0,0.0,0.0,0.0,8.0,0.0,0.0,0.0,0.0,0.0,307.0,321.0,332.5,8.0,367.0,316.875,224.0,44.5563447462071,2535.0
548852,stu_GHWWK6691G,N,0.0,0.0,0.25,4.0,1.0,0.25,0.0,0.5,1.0,0.0,0.0,0.25,4.0,1.0,0.25,0.0,0.5,1.0,0.0,0.0,0.0,4.0,0.0,0.0,0.0,0.0,0.0,0.0,0.0,0.25,4.0,1.0,0.25,0.0,0.5,1.0,-0.1856156773391546,-0.1856142824494205,-0.185452940203519,4.0,-0.1849690388491614,-0.1854543350932531,-0.1856197366250097,0.0003235410474836,-0.7418173403730124,-0.3090122217599223,-0.3088302173833165,-0.3087596683534731,4.0,-0.3087420833390735,-0.3089416727300789,-0.3093641728146091,0.0002895719506106,-1.2357666909203155,-0.061875457164594,-0.0618555421096648,-0.0618453390398126,4.0,-0.0618412797539575,-0.0618652540947418,-0.06190865240568,3.0569439076066444e-05,-0.2474610163789672,1.75,2.0,2.0,4.0,2.0,1.75,1.0,0.5,7.0,0.75,0.75,0.75,4.0,0.75,0.75,0.75,0.0,3.0,3.0,3.0,3.0,4.0,3.0,3.0,3.0,0.0,12.0,0.0,0.5,1.0,4.0,1.0,0.5,0.0,0.5773502691896257,2.0,2.0,2.0,2.0,4.0,2.0,2.0,2.0,0.0,8.0,,,,0.0,-1.0,-1.0,-1.0,3.0,-1.0,-1.0,-1.0,0.0,-3.0,,,,,,0.0,0.0,0.25,4.0,1.0,0.25,0.0,0.5,1.0,0.75,1.5,2.25,4.0,3.0,1.5,0.0,1.2909944487358056,6.0,0.0,0.0,0.25,4.0,1.0,0.25,0.0,0.5,1.0,3.0,3.0,3.0,4.0,3.0,3.0,3.0,0.0,12.0
549452,stu_GHWWK6691G,N,0.0,0.0,0.0,2.0,0.0,0.0,0.0,0.0,0.0,1.0,1.0,1.0,2.0,1.0,1.0,1.0,0.0,2.0,0.0,0.0,0.0,2.0,0.0,0.0,0.0,0.0,0.0,0.0,0.0,0.0,2.0,0.0,0.0,0.0,0.0,0.0,-0.1857012775949295,-0.1856291612732501,-0.1855570449515707,2.0,-0.1854849286298913,-0.1856291612732501,-0.1857733939166088,0.0002039757603748,-0.3712583225465002,-0.309391960898861,-0.3093705987111366,-0.3093492365234123,2.0,-0.3093278743356879,-0.3093705987111366,-0.3094133230865853,6.0421391203502247e-05,-0.6187411974222733,-0.0618503439250755,-0.0618021914955682,-0.0617540390660609,2.0,-0.0617058866365536,-0.0618021914955682,-0.0618984963545828,0.0001361956377408,-0.1236043829911365,0.0,0.0,0.0,2.0,0.0,0.0,0.0,0.0,0.0,-0.7352941176470589,-0.4705882352941176,-0.2058823529411764,2.0,0.0588235294117647,-0.4705882352941176,-1.0,0.7487012977269327,-0.9411764705882352,1.0,1.0,1.0,1.0,1.0,1.0,1.0,,1.0,0.0,0.0,0.0,2.0,0.0,0.0,0.0,0.0,0.0,-0.5,0.0,0.5,2.0,1.0,0.0,-1.0,1.4142135623730951,0.0,0.821487603305785,0.821487603305785,0.821487603305785,1.0,-0.5446280991735537,-0.0892561983471075,0.3661157024793387,2.0,0.821487603305785,-0.0892561983471075,-1.0,1.2879862361447525,-0.178512396694215,0.821487603305785,0.821487603305785,0.821487603305785,,0.821487603305785,1.0,1.0,1.0,2.0,1.0,1.0,1.0,0.0,2.0,1.0,1.0,1.0,2.0,1.0,1.0,1.0,0.0,2.0,0.0,0.0,0.0,2.0,0.0,0.0,0.0,0.0,0.0,-0.5,0.0,0.5,2.0,1.0,0.0,-1.0,1.4142135623730951,0.0
550021,stu_GHWWK6691G,N,0.0,0.0,0.0,2.0,0.0,0.0,0.0,0.0,0.0,1.0,1.0,1.0,2.0,1.0,1.0,1.0,0.0,2.0,0.0,0.0,0.0,2.0,0.0,0.0,0.0,0.0,0.0,0.0,0.0,0.0,2.0,0.0,0.0,0.0,0.0,0.0,-0.1856324943805546,-0.1856062161207714,-0.1855799378609882,2.0,-0.185553659601205,-0.1856062161207714,-0.1856587726403378,7.432614276192849e-05,-0.3712124322415429,-0.3082922078904749,-0.3082921451988015,-0.308292082507128,2.0,-0.3082920198154546,-0.3082921451988015,-0.3082922705821483,1.7731882964173425e-07,-0.616584290397603,-0.0619208459361639,-0.0619010249187449,-0.0618812039013259,2.0,-0.0618613828839069,-0.0619010249187449,-0.0619406669535828,5.606230330790253e-05,-0.1238020498374898,0.0,0.0,0.0,2.0,0.0,0.0,0.0,0.0,0.0,-0.5954545454545455,-0.1909090909090909,0.2136363636363636,2.0,0.6181818181818182,-0.1909090909090909,-1.0,1.1442273368291405,-0.3818181818181818,68.0,68.0,68.0,1.0,68.0,68.0,68.0,,68.0,0.0,0.0,0.0,2.0,0.0,0.0,0.0,0.0,0.0,-0.5,0.0,0.5,2.0,1.0,0.0,-1.0,1.4142135623730951,0.0,,,,0.0,-1.0,-1.0,-1.0,1.0,-1.0,-1.0,-1.0,,-1.0,,,,,,1.0,1.0,1.0,2.0,1.0,1.0,1.0,0.0,2.0,0.0,0.0,0.0,2.0,0.0,0.0,0.0,0.0,0.0,0.0,0.0,0.0,2.0,0.0,0.0,0.0,0.0,0.0,16.25,33.5,50.75,2.0,68.0,33.5,-1.0,48.79036790187178,67.0
550746,stu_GHWWK6691G,G,0.0,0.0,0.0,3.0,0.0,0.0,0.0,0.0,0.0,0.0,0.0,0.0,3.0,0.0,0.0,0.0,0.0,0.0,0.0,0.0,0.0,3.0,0.0,0.0,0.0,0.0,0.0,0.0,0.0,0.5,3.0,1.0,0.3333333333333333,0.0,0.5773502691896258,1.0,-0.1858880569873288,-0.1858563558977932,-0.1858170377699347,3.0,-0.1857777196420761,-0.1858512778722446,-0.1859197580768645,7.115524574398758e-05,-0.5575538336167339,-0.3097200734447226,-0.3096737234008266,-0.3096539337292444,3.0,-0.3096341440576621,-0.3096914303157024,-0.3097664234886185,6.789413147943384e-05,-0.9290742909471074,-0.061931001987261,-0.0619309497441998,-0.0619233327058769,3.0,-0.0619157156675541,-0.0619259065473587,-0.0619310542303222,8.82571542319099e-06,-0.1857777196420761,0.0,0.0,0.0,3.0,0.0,0.0,0.0,0.0,0.0,0.594059405940594,0.594059405940594,0.594059405940594,3.0,0.594059405940594,0.594059405940594,0.594059405940594,0.0,1.782178217821782,60.0,60.0,60.0,3.0,60.0,60.0,60.0,0.0,180.0,2.5,3.0,3.5,3.0,4.0,3.0,2.0,1.0,9.0,1.0,1.0,1.0,3.0,1.0,1.0,1.0,0.0,3.0,,,,0.0,-1.0,-1.0,-1.0,3.0,-1.0,-1.0,-1.0,0.0,-3.0,,,,,,0.0,0.0,0.5,3.0,1.0,0.3333333333333333,0.0,0.5773502691896258,1.0,4.0,4.0,4.0,3.0,4.0,4.0,4.0,0.0,12.0,0.0,0.0,0.0,3.0,0.0,0.0,0.0,0.0,0.0,60.0,60.0,60.0,3.0,60.0,60.0,60.0,0.0,180.0
551858,stu_GHWWK6691G,N,0.0,0.0,0.0,1.0,0.0,0.0,0.0,,0.0,1.0,1.0,1.0,1.0,1.0,1.0,1.0,,1.0,0.0,0.0,0.0,1.0,0.0,0.0,0.0,,0.0,0.0,0.0,0.0,1.0,0.0,0.0,0.0,,0.0,-0.1847825102234558,-0.1847825102234558,-0.1847825102234558,1.0,-0.1847825102234558,-0.1847825102234558,-0.1847825102234558,,-0.1847825102234558,-0.3086647009168252,-0.3086647009168252,-0.3086647009168252,1.0,-0.3086647009168252,-0.3086647009168252,-0.3086647009168252,,-0.3086647009168252,-0.0619368218642786,-0.0619368218642786,-0.0619368218642786,1.0,-0.0619368218642786,-0.0619368218642786,-0.0619368218642786,,-0.0619368218642786,1.0,1.0,1.0,1.0,1.0,1.0,1.0,,1.0,0.25,0.25,0.25,1.0,0.25,0.25,0.25,,0.25,2.0,2.0,2.0,1.0,2.0,2.0,2.0,,2.0,0.0,0.0,0.0,1.0,0.0,0.0,0.0,,0.0,1.0,1.0,1.0,1.0,1.0,1.0,1.0,,1.0,,,,0.0,,,,0.0,,,,,,,,,,,1.0,1.0,1.0,1.0,1.0,1.0,1.0,,1.0,0.0,0.0,0.0,1.0,0.0,0.0,0.0,,0.0,0.0,0.0,0.0,1.0,0.0,0.0,0.0,,0.0,2.0,2.0,2.0,1.0,2.0,2.0,2.0,,2.0
553806,stu_GHWWK6691G,N,0.0,0.0,0.0,7.0,0.0,0.0,0.0,0.0,0.0,1.0,1.0,1.0,7.0,1.0,1.0,1.0,0.0,7.0,0.0,0.0,0.0,7.0,0.0,0.0,0.0,0.0,0.0,0.0,0.0,0.0,7.0,0.0,0.0,0.0,0.0,0.0,-0.1858156272072823,-0.1858082295898165,-0.1856742365864528,7.0,-0.1855684966305856,-0.1857555655988099,-0.1859325053837972,0.0001223064529801,-1.3002889591916695,-0.3096409670014547,-0.30955711688823,-0.3092963090781113,7.0,-0.3089694033469635,-0.3094506515001416,-0.3097534881066656,0.0003017475826731,-2.1661545605009915,-0.0619726292584245,-0.0619438433317037,-0.0618739003213702,7.0,-0.0617913562846755,-0.0619175158141771,-0.0619943519232711,7.45685038618454e-05,-0.4334226106992402,0.0,0.0,0.0,7.0,0.0,0.0,0.0,0.0,0.0,0.0,0.0,0.0,7.0,0.2307692307692307,-0.1098901098901098,-1.0,0.4018133032699389,-0.7692307692307692,0.0,0.0,0.0,6.0,3.0,0.5,0.0,1.224744871391589,3.0,0.0,0.0,0.0,7.0,0.0,0.0,0.0,0.0,0.0,1.0,1.0,1.0,7.0,1.0,0.7142857142857143,-1.0,0.7559289460184545,5.0,0.902456718090267,0.902456718090267,0.902456718090267,1.0,-0.5243858204774332,-0.0487716409548665,0.4268425385677002,2.0,0.902456718090267,-0.0487716409548665,-1.0,1.3452400462755318,-0.097543281909733,0.902456718090267,0.902456718090267,0.902456718090267,,0.902456718090267,1.0,1.0,1.0,7.0,1.0,1.0,1.0,0.0,7.0,0.0,0.0,0.0,7.0,0.0,0.0,0.0,0.0,0.0,0.5,1.0,1.0,7.0,1.0,0.7142857142857143,0.0,0.4879500364742665,5.0,0.0,0.0,0.0,7.0,3.0,0.2857142857142857,-1.0,1.2535663410560174,2.0
555019,stu_GHWWK6691G,N,0.0,0.0,0.0,7.0,0.0,0.0,0.0,0.0,0.0,1.0,1.0,1.0,7.0,1.0,1.0,1.0,0.0,7.0,0.0,0.0,0.0,7.0,0.0,0.0,0.0,0.0,0.0,0.0,0.0,0.0,7.0,0.0,0.0,0.0,0.0,0.0,-0.1859809242529166,-0.1859802346445087,-0.1859798271486314,7.0,-0.1858697301214602,-0.185964684124178,-0.1859813213001817,4.187484758704212e-05,-1.3017527888692466,-0.3099673711992151,-0.3099669950491745,-0.3098253223158145,7.0,-0.3097485354644639,-0.3098955056442295,-0.3099676219659089,9.488114475677964e-05,-2.1692685395096065,-0.0619936414176388,-0.061993474239843,-0.0619933802023328,7.0,-0.061992951809231,-0.0619935100636564,-0.0619941011565774,3.494097349794417e-07,-0.4339545704455949,0.0,0.0,0.5,7.0,1.0,0.2857142857142857,0.0,0.4879500364742666,2.0,0.0,0.0,0.0384615384615384,7.0,0.0769230769230769,0.0219780219780219,0.0,0.0375346181903282,0.1538461538461538,0.0,0.0,0.5,7.0,1.0,0.2857142857142857,0.0,0.4879500364742665,2.0,0.0,0.0,0.0,7.0,0.0,0.0,0.0,0.0,0.0,1.0,1.0,1.0,7.0,1.0,1.0,1.0,0.0,7.0,1.0,1.0,1.0,7.0,1.0,1.0,1.0,7.0,1.0,1.0,1.0,0.0,7.0,1.0,1.0,1.0,0.0,7.0,1.0,1.0,1.0,7.0,1.0,1.0,1.0,0.0,7.0,0.0,0.0,1.0,7.0,1.0,0.4285714285714285,0.0,0.5345224838248488,3.0,0.0,0.0,0.0,7.0,0.0,0.0,0.0,0.0,0.0,0.0,0.0,0.5,7.0,1.0,0.2857142857142857,0.0,0.4879500364742665,2.0
555689,stu_GHWWK6691G,N,0.0,0.0,0.0,5.0,1.0,0.2,0.0,0.447213595499958,1.0,1.0,1.0,1.0,5.0,1.0,0.8,0.0,0.447213595499958,4.0,0.0,0.0,0.0,5.0,0.0,0.0,0.0,0.0,0.0,0.0,0.0,0.0,5.0,0.0,0.0,0.0,0.0,0.0,-0.1856495987587912,-0.185603060639875,-0.1854371784719553,5.0,-0.185429676368367,-0.1855647351301792,-0.1857041614119077,0.0001251218789728,-0.9278236756508964,-0.3092930804569292,-0.3092823601807711,-0.3092807301972617,5.0,-0.309120552971625,-0.3092798232577193,-0.3094223924820095,0.0001070934400372,-1.5463991162885966,-0.0619313676886894,-0.061912184036617,-0.0618606096866012,5.0,-0.0617595089145685,-0.0618844784964019,-0.0619587221555333,7.852615917343274e-05,-0.3094223924820095,1.0,1.0,1.0,5.0,2.0,1.2,1.0,0.447213595499958,6.0,0.1,0.125,0.4375,5.0,0.4375,0.22,0.0,0.2039837616086143,1.1,1.0,1.0,7.0,5.0,7.0,3.2,0.0,3.492849839314596,16.0,0.0,0.0,0.0,5.0,0.0,0.0,0.0,0.0,0.0,1.0,1.0,2.0,5.0,2.0,1.4,1.0,0.5477225575051661,7.0,1.0,1.0,1.0,4.0,1.0,1.0,1.0,5.0,1.0,0.6,-1.0,0.8944271909999161,3.0,1.0,1.0,1.0,0.0,4.0,1.0,1.0,1.0,5.0,1.0,0.8,0.0,0.4472135954999579,4.0,1.0,1.0,1.0,5.0,2.0,1.2,1.0,0.4472135954999579,6.0,0.0,0.0,0.0,5.0,0.0,0.0,0.0,0.0,0.0,1.0,1.0,7.0,5.0,7.0,3.2,0.0,3.492849839314596,16.0
555968,stu_MBGAL4765X,?,0.0,0.0,0.0,1.0,0.0,0.0,0.0,,0.0,0.0,0.0,0.0,1.0,0.0,0.0,0.0,,0.0,1.0,1.0,1.0,1.0,1.0,1.0,1.0,,1.0,0.0,0.0,0.0,1.0,0.0,0.0,0.0,,0.0,-0.1709834172849137,-0.1709834172849137,-0.1709834172849137,1.0,-0.1709834172849137,-0.1709834172849137,-0.1709834172849137,,-0.1709834172849137,-0.2823059935729192,-0.2823059935729192,-0.2823059935729192,1.0,-0.2823059935729192,-0.2823059935729192,-0.2823059935729192,,-0.2823059935729192,-0.0551272969622662,-0.0551272969622662,-0.0551272969622662,1.0,-0.0551272969622662,-0.0551272969622662,-0.0551272969622662,,-0.0551272969622662,3.0,3.0,3.0,1.0,3.0,3.0,3.0,,3.0,0.6097560975609756,0.6097560975609756,0.6097560975609756,1.0,0.6097560975609756,0.6097560975609756,0.6097560975609756,,0.6097560975609756,25.0,25.0,25.0,1.0,25.0,25.0,25.0,,25.0,0.0,0.0,0.0,1.0,0.0,0.0,0.0,,0.0,5.0,5.0,5.0,1.0,5.0,5.0,5.0,,5.0,,,,0.0,,,,0.0,,,,,,,,,,,1.0,1.0,1.0,1.0,1.0,1.0,1.0,,1.0,2.0,2.0,2.0,1.0,2.0,2.0,2.0,,2.0,1.0,1.0,1.0,1.0,1.0,1.0,1.0,,1.0,25.0,25.0,25.0,1.0,25.0,25.0,25.0,,25.0
557028,stu_MBGAL4765X,G,0.0,0.0,0.0,3.0,0.0,0.0,0.0,0.0,0.0,0.0,0.0,0.5,3.0,1.0,0.3333333333333333,0.0,0.5773502691896258,1.0,0.0,0.0,0.5,3.0,1.0,0.3333333333333333,0.0,0.5773502691896258,1.0,0.0,0.0,0.5,3.0,1.0,0.3333333333333333,0.0,0.5773502691896258,1.0,-0.1739314462102697,-0.1739313315173364,-0.1739257497945848,3.0,-0.1739201680718332,-0.1739276868307908,-0.173931560903203,6.512446288982853e-06,-0.5217830604923727,-0.2899298431166157,-0.2899110143600733,-0.2898776769474744,3.0,-0.2898443395348756,-0.2899013419227023,-0.289948671873158,5.28344228357742e-05,-0.869704025768107,-0.0580042927309591,-0.0579407146149593,-0.0579261486124362,3.0,-0.057911582609913,-0.0579733893572771,-0.058067870846959,8.3109760852036e-05,-0.1739201680718314,2.0,2.0,2.5,3.0,3.0,2.333333333333333,2.0,0.5773502691896258,7.0,0.603112840466926,0.603112840466926,0.603112840466926,3.0,0.603112840466926,0.603112840466926,0.603112840466926,0.0,1.809338521400778,155.0,155.0,155.0,3.0,155.0,155.0,155.0,0.0,465.0,1.0,1.0,1.0,3.0,1.0,1.0,1.0,0.0,3.0,5.0,5.0,5.0,3.0,5.0,5.0,5.0,0.0,15.0,,,,0.0,-1.0,-1.0,-1.0,3.0,-1.0,-1.0,-1.0,0.0,-3.0,,,,,,0.0,0.0,0.0,3.0,0.0,0.0,0.0,0.0,0.0,5.0,5.0,5.0,3.0,5.0,5.0,5.0,0.0,15.0,0.0,0.0,0.0,3.0,0.0,0.0,0.0,0.0,0.0,155.0,155.0,155.0,3.0,155.0,155.0,155.0,0.0,465.0
557688,stu_MBGAL4765X,N,0.0,0.0,0.0,3.0,0.0,0.0,0.0,0.0,0.0,0.5,1.0,1.0,3.0,1.0,0.6666666666666666,0.0,0.5773502691896258,2.0,0.0,0.0,0.5,3.0,1.0,0.3333333333333333,0.0,0.5773502691896258,1.0,0.0,0.0,0.0,3.0,0.0,0.0,0.0,0.0,0.0,-0.1734141619658104,-0.1729478013837153,-0.1727361929218637,3.0,-0.1725245844600121,-0.1731176361305443,-0.1738805225479054,0.0006937397966621,-0.519352908391633,-0.2866734813557,-0.2847611869640859,-0.2847542862726019,3.0,-0.2847473855811178,-0.2860314494308393,-0.2885857757473141,0.0022121222429648,-0.8580943482925179,-0.0580305956436518,-0.0580223377524576,-0.0579208345065288,3.0,-0.0578193312606,-0.0579601741826345,-0.058038853534846,0.0001222527679948,-0.1738805225479036,1.5,2.0,2.0,3.0,2.0,1.6666666666666667,1.0,0.5773502691896257,5.0,0.0606060606060606,0.0606060606060606,0.0744206773618538,3.0,0.088235294117647,0.0698158051099227,0.0606060606060606,0.0159517454054174,0.2094474153297683,2.0,2.0,2.5,3.0,3.0,2.333333333333333,2.0,0.5773502691896258,7.0,0.0,0.0,0.0,3.0,0.0,0.0,0.0,0.0,0.0,1.5,2.0,2.0,3.0,2.0,1.6666666666666667,1.0,0.5773502691896257,5.0,0.5381578947368421,0.676315789473684,0.814473684210526,2.0,-0.2999999999999999,0.4,0.676315789473684,3.0,0.952631578947368,0.1175438596491226,-1.0,1.0064932310711578,0.3526315789473679,0.952631578947368,0.676315789473684,0.4,0.3907695369715128,1.352631578947368,0.5,1.0,1.0,3.0,1.0,0.6666666666666666,0.0,0.5773502691896258,2.0,1.0,1.0,1.5,3.0,2.0,1.3333333333333333,1.0,0.5773502691896257,4.0,0.0,0.0,0.0,3.0,0.0,0.0,0.0,0.0,0.0,2.0,2.0,2.5,3.0,3.0,2.333333333333333,2.0,0.5773502691896258,7.0
558217,stu_MBGAL4765X,N,0.0,0.0,0.0,5.0,0.0,0.0,0.0,0.0,0.0,1.0,1.0,1.0,5.0,1.0,1.0,1.0,0.0,5.0,0.0,0.0,0.0,5.0,0.0,0.0,0.0,0.0,0.0,0.0,0.0,0.0,5.0,0.0,0.0,0.0,0.0,0.0,-0.1740263737280253,-0.1740246533340265,-0.1739454769791043,5.0,-0.1727247236285384,-0.1737844404546217,-0.174200974603414,0.0005997222580126,-0.8689222022731089,-0.289903712243322,-0.288858439080633,-0.2888574833061892,5.0,-0.2887599943129243,-0.2893079359784422,-0.2901600509491422,0.000668252276647,-1.446539679892211,-0.0580672973822927,-0.058067259151315,-0.0580664180698044,5.0,-0.0578909378819275,-0.0580320101898286,-0.0580681384638032,7.886416435748336e-05,-0.290160050949143,1.0,2.0,2.0,5.0,2.0,1.4,0.0,0.8944271909999159,7.0,0.0,0.0,0.0,5.0,0.6666666666666666,0.1333333333333333,0.0,0.2981423969999719,0.6666666666666666,0.0,0.0,0.0,5.0,2.0,0.4,0.0,0.8944271909999161,2.0,0.0,0.0,0.0,5.0,0.0,0.0,0.0,0.0,0.0,1.0,1.0,1.0,5.0,3.0,1.4,1.0,0.8944271909999161,7.0,,,,0.0,-1.0,-1.0,-1.0,1.0,-1.0,-1.0,-1.0,,-1.0,,,,,,1.0,1.0,1.0,5.0,1.0,0.8,0.0,0.447213595499958,4.0,2.0,2.0,2.0,5.0,2.0,1.8,1.0,0.4472135954999579,9.0,1.0,1.0,1.0,5.0,1.0,0.8,0.0,0.447213595499958,4.0,0.0,0.0,0.0,5.0,2.0,0.4,0.0,0.8944271909999161,2.0
559370,stu_MBGAL4765X,N,0.0,0.0,0.0,5.0,0.0,0.0,0.0,0.0,0.0,1.0,1.0,1.0,5.0,1.0,1.0,1.0,0.0,5.0,0.0,0.0,0.0,5.0,0.0,0.0,0.0,0.0,0.0,0.0,0.0,0.0,5.0,0.0,0.0,0.0,0.0,0.0,-0.1736351179017202,-0.1735982632391683,-0.1729499423184675,5.0,-0.1728619346076848,-0.1733591208271405,-0.1737503460686616,0.0004186412117752,-0.8667956041357028,-0.2887790715708229,-0.2885207066231819,-0.2884682154907299,5.0,-0.2879023205580602,-0.2886332280368985,-0.2894958259416978,0.0005786755207608,-1.4431661401844926,-0.0579394912236712,-0.0579212168163063,-0.057889638028684,5.0,-0.057769133986813,-0.0578991651883395,-0.0579763458862232,7.916470755473529e-05,-0.2894958259416978,0.0,0.0,0.0,5.0,0.0,0.0,0.0,0.0,0.0,0.0,0.0,0.125,5.0,0.2,-0.135,-1.0,0.4910448044730746,-0.675,0.0,0.5,1.0,4.0,1.0,0.5,0.0,0.5773502691896257,2.0,0.0,0.0,0.0,5.0,0.0,0.0,0.0,0.0,0.0,1.0,1.0,1.0,5.0,1.0,0.6,-1.0,0.8944271909999161,3.0,0.6301633165482384,0.701582642764617,0.7730019689809955,2.0,-0.2206280048340699,0.55874399033186,0.701582642764617,3.0,0.844421295197374,0.1343884285097446,-1.0,0.9927389942383708,0.4031652855292339,0.844421295197374,0.701582642764617,0.55874399033186,0.2020043595015016,1.403165285529234,1.0,1.0,1.0,5.0,1.0,1.0,1.0,0.0,5.0,0.0,0.0,0.0,5.0,0.0,0.0,0.0,0.0,0.0,0.0,0.0,0.0,5.0,1.0,0.2,0.0,0.447213595499958,1.0,0.0,0.0,1.0,5.0,1.0,0.2,-1.0,0.8366600265340756,1.0
559776,stu_MBGAL4765X,N,0.0,0.0,0.0,3.0,0.0,0.0,0.0,0.0,0.0,1.0,1.0,1.0,3.0,1.0,1.0,1.0,0.0,3.0,0.0,0.0,0.0,3.0,0.0,0.0,0.0,0.0,0.0,0.0,0.0,0.0,3.0,0.0,0.0,0.0,0.0,0.0,-0.1737523723104824,-0.1737104711588674,-0.1733135953788346,3.0,-0.1729167195988019,-0.1734738214065889,-0.1737942734620975,0.0004842804194744,-0.5204214642197669,-0.2835241854479757,-0.2784892421401299,-0.2784648316608359,3.0,-0.2784404211815419,-0.2818295973591644,-0.2885591287558216,0.0058279962667665,-0.8454887920774934,-0.0579521839082846,-0.0578363058147214,-0.0578212045785098,3.0,-0.0578061033422981,-0.0579034903862891,-0.0580680620018477,0.0001433210027204,-0.1737104711588674,2.0,2.0,2.0,3.0,2.0,2.0,2.0,0.0,6.0,0.1818181818181818,0.1818181818181818,0.4692874692874693,3.0,0.7567567567567568,0.3734643734643734,0.1818181818181818,0.3319409410082861,1.1203931203931203,2.0,2.0,15.0,3.0,28.0,10.666666666666666,2.0,15.011106998930272,32.0,0.0,0.0,0.0,3.0,0.0,0.0,0.0,0.0,0.0,1.0,1.0,2.0,3.0,3.0,1.6666666666666667,1.0,1.1547005383792517,5.0,,,,0.0,-1.0,-1.0,-1.0,1.0,-1.0,-1.0,-1.0,,-1.0,,,,,,0.5,1.0,1.0,3.0,1.0,0.6666666666666666,0.0,0.5773502691896258,2.0,2.0,2.0,2.5,3.0,3.0,2.333333333333333,2.0,0.5773502691896258,7.0,0.5,1.0,1.0,3.0,1.0,0.6666666666666666,0.0,0.5773502691896258,2.0,2.0,2.0,15.0,3.0,28.0,10.666666666666666,2.0,15.011106998930272,32.0
561593,stu_MBGAL4765X,N,0.0,0.0,0.0,2.0,0.0,0.0,0.0,0.0,0.0,1.0,1.0,1.0,2.0,1.0,1.0,1.0,0.0,2.0,0.0,0.0,0.0,2.0,0.0,0.0,0.0,0.0,0.0,0.0,0.0,0.0,2.0,0.0,0.0,0.0,0.0,0.0,-0.1731197260906596,-0.1729411491935848,-0.1727625722965101,2.0,-0.1725839953994354,-0.1729411491935848,-0.1732983029877343,0.0005050917395391,-0.3458822983871697,-0.2881552662646049,-0.2880946414916363,-0.2880340167186677,2.0,-0.2879733919456991,-0.2880946414916363,-0.2882158910375735,0.0001714727522959,-0.5761892829832727,-0.0577798386605832,-0.057729526693863,-0.0576792147271427,2.0,-0.0576289027604225,-0.057729526693863,-0.0578301506273035,0.0001423037313709,-0.115459053387726,1.0,1.0,1.0,2.0,1.0,1.0,1.0,0.0,2.0,0.25,0.25,0.25,2.0,0.25,0.25,0.25,0.0,0.5,1.0,1.0,1.0,2.0,1.0,1.0,1.0,0.0,2.0,0.0,0.0,0.0,2.0,0.0,0.0,0.0,0.0,0.0,1.25,1.5,1.75,2.0,2.0,1.5,1.0,0.7071067811865476,3.0,1.0,1.0,1.0,1.0,-0.5,0.0,0.5,2.0,1.0,0.0,-1.0,1.4142135623730951,0.0,1.0,1.0,1.0,,1.0,0.25,0.5,0.75,2.0,1.0,0.5,0.0,0.7071067811865476,1.0,1.0,1.0,1.0,2.0,1.0,1.0,1.0,0.0,2.0,0.25,0.5,0.75,2.0,1.0,0.5,0.0,0.7071067811865476,1.0,1.0,1.0,1.0,2.0,1.0,1.0,1.0,0.0,2.0
561675,stu_MBGAL4765X,N,0.0,0.0,0.25,4.0,1.0,0.25,0.0,0.5,1.0,0.75,1.0,1.0,4.0,1.0,0.75,0.0,0.5,3.0,0.0,0.0,0.0,4.0,0.0,0.0,0.0,0.0,0.0,0.0,0.0,0.0,4.0,0.0,0.0,0.0,0.0,0.0,-0.1734803971347621,-0.1731936456861411,-0.1729052598632211,4.0,-0.1728673251755477,-0.1731920113118422,-0.1735134286995389,0.0003467956575332,-0.6927680452473689,-0.2886210342665447,-0.288546168454364,-0.2884517666125524,4.0,-0.2883122713324836,-0.2885266324247332,-0.2887019214577213,0.0001653579049864,-1.1541065296989328,-0.0580354509778262,-0.0579787544378215,-0.0578277707489385,4.0,-0.0575118777375268,-0.0578844672889432,-0.058068482542603,0.0002547149680512,-0.2315378691557729,1.0,1.0,1.0,4.0,1.0,1.0,1.0,0.0,4.0,0.15,0.25,0.35,4.0,0.35,0.2499999999999999,0.15,0.1154700538379251,1.0,3.0,8.5,14.0,4.0,14.0,8.5,3.0,6.350852961085884,34.0,0.0,0.0,0.25,4.0,1.0,0.25,0.0,0.5,1.0,1.0,1.5,2.0,4.0,2.0,1.5,1.0,0.5773502691896257,6.0,0.849220853728968,0.998311257980427,0.9991556289902136,3.0,0.2750978371081317,0.849220853728968,0.9987334434853202,4.0,1.0,0.424610426864484,-1.0,0.9601444258873912,1.698441707457936,1.0,0.8994805691526454,0.700130449477509,0.1726443327285044,2.698441707457936,0.0,0.5,1.0,4.0,1.0,0.5,0.0,0.5773502691896257,2.0,0.75,1.0,1.25,4.0,2.0,1.0,0.0,0.816496580927726,4.0,0.0,0.0,0.0,4.0,0.0,0.0,0.0,0.0,0.0,3.0,8.5,14.0,4.0,14.0,8.5,3.0,6.350852961085884,34.0
562481,stu_MBGAL4765X,N,0.0,0.0,0.0,5.0,1.0,0.2,0.0,0.447213595499958,1.0,0.0,0.0,1.0,5.0,1.0,0.4,0.0,0.5477225575051662,2.0,0.0,0.0,1.0,5.0,1.0,0.4,0.0,0.5477225575051662,2.0,0.0,0.0,0.0,5.0,0.0,0.0,0.0,0.0,0.0,-0.1738648478470258,-0.1736544245454845,-0.1736133262444022,5.0,-0.1729400404952301,-0.1735888890034238,-0.1738718058849764,0.0003814746773491,-0.8679444450171192,-0.2895439969736641,-0.2888675380533386,-0.2888534308225485,5.0,-0.2888072095704476,-0.2891330827786013,-0.2895932384730073,0.0003985932463771,-1.4456654138930063,-0.0579411351557145,-0.0579341771177639,-0.0579329919574536,5.0,-0.0577872554702669,-0.0579186476946014,-0.0579976787718082,7.820235697834643e-05,-0.2895932384730073,3.0,3.0,3.0,5.0,3.0,2.8,2.0,0.4472135954999578,14.0,0.2,0.4210526315789473,0.4594594594594595,5.0,0.4594594594594595,0.3479943100995732,0.2,0.1360065338731235,1.739971550497866,5.0,8.0,17.0,5.0,17.0,10.4,5.0,6.148170459575759,52.0,0.0,0.0,0.0,5.0,0.0,0.0,0.0,0.0,0.0,2.0,3.0,3.0,5.0,3.0,2.6,2.0,0.5477225575051661,13.0,,,,0.0,-1.0,-1.0,-1.0,3.0,-1.0,-1.0,-1.0,0.0,-3.0,,,,,,0.0,0.0,1.0,5.0,1.0,0.4,0.0,0.5477225575051662,2.0,2.0,3.0,3.0,5.0,3.0,2.6,2.0,0.5477225575051661,13.0,0.0,0.0,0.0,5.0,0.0,0.0,0.0,0.0,0.0,5.0,8.0,17.0,5.0,17.0,10.4,5.0,6.148170459575759,52.0
562931,stu_MBGAL4765X,N,0.0,0.0,0.0,6.0,0.0,0.0,0.0,0.0,0.0,1.0,1.0,1.0,6.0,1.0,1.0,1.0,0.0,6.0,0.0,0.0,0.0,6.0,0.0,0.0,0.0,0.0,0.0,0.0,0.0,0.0,6.0,0.0,0.0,0.0,0.0,0.0,-0.1738452066822062,-0.1738291783447841,-0.1738235297178214,6.0,-0.173645287341802,-0.1738059466539707,-0.1738598395889404,7.999276667763864e-05,-1.0428356799238248,-0.28976530654612,-0.2897005719430431,-0.2896786751505363,6.0,-0.2896131568124156,-0.2897402620697782,-0.2899690107533215,0.0001248281027813,-1.7384415724186697,-0.0579894495538473,-0.0579722934025816,-0.0579042135889515,6.0,-0.0578547331459974,-0.0579476917683988,-0.058010142070555,6.377929427238521e-05,-0.3476861506103932,0.0,0.5,1.75,6.0,3.0,1.0,0.0,1.2649110640673518,6.0,0.1561624649859944,0.2388842861088097,0.2964499324715415,6.0,0.3780487804878049,0.0500073930960442,-1.0,0.5209499954006678,0.3000443585762657,17.0,20.0,22.0,5.0,31.0,20.0,10.0,7.648529270389178,100.0,0.0,0.0,0.0,6.0,0.0,0.0,0.0,0.0,0.0,1.0,1.0,1.0,6.0,1.0,0.6666666666666666,-1.0,0.816496580927726,4.0,0.99999475040654,0.999999816954033,0.999999817021872,5.0,0.9999390526875604,0.9999972836802864,0.9999998170049124,6.0,0.999999872882774,0.6666524573410756,-1.0,0.8164896204079428,3.999914744046453,0.999999872882774,0.9999829488092906,0.999920486781234,3.4986703948037394e-05,4.999914744046453,1.0,1.0,1.0,6.0,1.0,1.0,1.0,0.0,6.0,0.25,1.5,2.75,6.0,4.0,1.6666666666666667,0.0,1.632993161855452,10.0,0.0,0.0,0.0,6.0,0.0,0.0,0.0,0.0,0.0,11.75,18.5,21.5,6.0,31.0,16.5,-1.0,10.96813566655701,99.0
563506,stu_MBGAL4765X,N,0.0,0.0,0.0,5.0,0.0,0.0,0.0,0.0,0.0,1.0,1.0,1.0,5.0,1.0,1.0,1.0,0.0,5.0,0.0,0.0,0.0,5.0,0.0,0.0,0.0,0.0,0.0,0.0,0.0,0.0,5.0,0.0,0.0,0.0,0.0,0.0,-0.1736770190533353,-0.1736557626297057,-0.1736525894585524,5.0,-0.1736511749123757,-0.1736738611745731,-0.1737327598188962,3.4546100440729746e-05,-0.8683693058728656,-0.289709040104615,-0.289551222628459,-0.2894286541137895,5.0,-0.289389429130617,-0.2895594193500889,-0.2897187507729637,0.0001531635404447,-1.4477970967504443,-0.057999093317985,-0.0578796979744687,-0.0578751102571386,5.0,-0.0577769713372519,-0.0579102445256918,-0.0580203497416145,9.993312493946832e-05,-0.289551222628459,0.0,0.0,0.0,5.0,1.0,0.2,0.0,0.447213595499958,1.0,0.0,0.0806451612903225,0.1212121212121212,5.0,0.1929824561403508,-0.121032052271441,-1.0,0.4962848124718966,-0.6051602613572054,3.75,6.5,8.75,4.0,11.0,6.0,0.0,4.69041575982343,24.0,1.0,1.0,1.0,5.0,1.0,1.0,1.0,0.0,5.0,1.0,1.0,1.0,5.0,1.0,0.6,-1.0,0.894427190999916,3.0,0.999992184181784,0.999993681081815,0.9999968405409074,3.0,0.4999930154613147,0.999992184181784,0.9999952608113613,4.0,1.0,0.499996092090892,-1.0,0.9999973947347958,1.999984368363568,1.0,0.9999947894545228,0.999990687281753,4.754266276868355e-06,2.999984368363568,1.0,1.0,1.0,5.0,1.0,1.0,1.0,0.0,5.0,1.0,2.0,3.0,5.0,4.0,2.0,0.0,1.5811388300841898,10.0,0.0,0.0,0.0,5.0,0.0,0.0,0.0,0.0,0.0,0.0,5.0,8.0,5.0,11.0,4.6,-1.0,5.128352561983234,23.0
568400,stu_MBGAL4765X,N,0.25,0.5,0.75,2.0,1.0,0.5,0.0,0.7071067811865476,1.0,0.25,0.5,0.75,2.0,1.0,0.5,0.0,0.7071067811865476,1.0,0.0,0.0,0.0,2.0,0.0,0.0,0.0,0.0,0.0,0.0,0.0,0.0,2.0,0.0,0.0,0.0,0.0,0.0,-0.1735030298735907,-0.1733341254138869,-0.1731652209541832,2.0,-0.1729963164944795,-0.1733341254138869,-0.1736719343332944,0.0004777339553166,-0.3466682508277739,-0.2888390750904031,-0.2887239807318837,-0.2886088863733645,2.0,-0.2884937920148452,-0.2887239807318837,-0.2889541694489223,0.0003255360055411,-0.5774479614637675,-0.0579510274212076,-0.0578361337753215,-0.0577212401294355,2.0,-0.0576063464835494,-0.0578361337753215,-0.0580659210670937,0.0003249683044851,-0.1156722675506431,2.25,2.5,2.75,2.0,3.0,2.5,2.0,0.7071067811865476,5.0,0.25,0.3333333333333333,0.4166666666666666,2.0,0.5,0.3333333333333333,0.1666666666666666,0.2357022603955158,0.6666666666666666,3.75,5.5,7.25,2.0,9.0,5.5,2.0,4.949747468305833,11.0,0.0,0.0,0.0,2.0,0.0,0.0,0.0,0.0,0.0,1.0,1.0,1.0,2.0,1.0,1.0,1.0,0.0,2.0,,,,0.0,,,,0.0,,,,,,,,,,,1.0,1.0,1.0,2.0,1.0,1.0,1.0,0.0,2.0,0.0,0.0,0.0,2.0,0.0,0.0,0.0,0.0,0.0,0.25,0.5,0.75,2.0,1.0,0.5,0.0,0.7071067811865476,1.0,3.75,5.5,7.25,2.0,9.0,5.5,2.0,4.949747468305833,11.0
568753,stu_MBGAL4765X,N,0.0,0.0,0.0,2.0,0.0,0.0,0.0,0.0,0.0,1.0,1.0,1.0,2.0,1.0,1.0,1.0,0.0,2.0,0.0,0.0,0.0,2.0,0.0,0.0,0.0,0.0,0.0,0.0,0.0,0.0,2.0,0.0,0.0,0.0,0.0,0.0,-0.1737345184438727,-0.1735544505386657,-0.1733743826334587,2.0,-0.1731943147282517,-0.1735544505386657,-0.1739145863490798,0.0005093089473837,-0.3471089010773315,-0.289073574350183,-0.2890438784382149,-0.2890141825262469,2.0,-0.2889844866142788,-0.2890438784382149,-0.289103270262151,8.399272290451578e-05,-0.5780877568764299,-0.0580664467430377,-0.0580662460304046,-0.0580660453177714,2.0,-0.0580658446051382,-0.0580662460304046,-0.0580666474556709,5.677010560011466e-07,-0.1161324920608092,1.25,1.5,1.75,2.0,2.0,1.5,1.0,0.7071067811865476,3.0,0.0,0.0,0.0,2.0,0.0,0.0,0.0,0.0,0.0,0.0,0.0,0.0,2.0,0.0,0.0,0.0,0.0,0.0,0.0,0.0,0.0,2.0,0.0,0.0,0.0,0.0,0.0,1.0,1.0,1.0,2.0,1.0,1.0,1.0,0.0,2.0,,,,0.0,,,,0.0,,,,,,,,,,,1.0,1.0,1.0,2.0,1.0,1.0,1.0,0.0,2.0,2.0,2.0,2.0,2.0,2.0,2.0,2.0,0.0,4.0,1.0,1.0,1.0,2.0,1.0,1.0,1.0,0.0,2.0,0.0,0.0,0.0,2.0,0.0,0.0,0.0,0.0,0.0
569724,stu_MBGAL4765X,N,0.0,0.0,0.0,2.0,0.0,0.0,0.0,0.0,0.0,1.0,1.0,1.0,2.0,1.0,1.0,1.0,0.0,2.0,0.0,0.0,0.0,2.0,0.0,0.0,0.0,0.0,0.0,0.0,0.0,0.0,2.0,0.0,0.0,0.0,0.0,0.0,-0.173973041514061,-0.173742929258978,-0.1735128170038949,2.0,-0.1732827047488119,-0.173742929258978,-0.174203153769144,0.0006508557440133,-0.347485858517956,-0.2885695562550032,-0.288440555378327,-0.2883115545016508,2.0,-0.2881825536249747,-0.288440555378327,-0.2886985571316794,0.0003648695787069,-0.576881110756654,-0.05783837028752,-0.0576082580324369,-0.0573781457773539,2.0,-0.0571480335222709,-0.0576082580324369,-0.058068482542603,0.0006508557440133,-0.1152165160648739,0.0,0.0,0.0,2.0,0.0,0.0,0.0,0.0,0.0,0.0,0.0,0.0,2.0,0.0,0.0,0.0,0.0,0.0,0.0,0.0,0.0,2.0,0.0,0.0,0.0,0.0,0.0,0.0,0.0,0.0,2.0,0.0,0.0,0.0,0.0,0.0,0.25,0.5,0.75,2.0,1.0,0.5,0.0,0.7071067811865476,1.0,0.884589973500288,0.884589973500288,0.884589973500288,1.0,-1.0,-1.0,-1.0,1.0,-1.0,-1.0,-1.0,,-1.0,0.884589973500288,0.884589973500288,0.884589973500288,,0.884589973500288,0.25,0.5,0.75,2.0,1.0,0.5,0.0,0.7071067811865476,1.0,2.0,2.0,2.0,2.0,2.0,2.0,2.0,0.0,4.0,0.25,0.5,0.75,2.0,1.0,0.5,0.0,0.7071067811865476,1.0,0.0,0.0,0.0,2.0,0.0,0.0,0.0,0.0,0.0
570707,stu_MBGAL4765X,N,0.0,0.0,0.5,3.0,1.0,0.3333333333333333,0.0,0.5773502691896258,1.0,0.5,1.0,1.0,3.0,1.0,0.6666666666666666,0.0,0.5773502691896258,2.0,0.0,0.0,0.0,3.0,0.0,0.0,0.0,0.0,0.0,0.0,0.0,0.0,3.0,0.0,0.0,0.0,0.0,0.0,-0.1734534634109366,-0.1734060761140142,-0.1733939377785783,3.0,-0.1733817994431424,-0.1734295754216718,-0.1735008507078589,6.290837784379803e-05,-0.5202887262650155,-0.2892850585613568,-0.2891316376476422,-0.2890103689862161,3.0,-0.2888891003247901,-0.2891530724825012,-0.2894384794750714,0.0002753160943352,-0.8674592174475036,-0.0579614166894114,-0.0579292835526117,-0.0576941248084656,3.0,-0.0574589660643194,-0.0577939331477141,-0.0579935498262111,0.0002918642641692,-0.1733817994431424,2.5,3.0,3.5,3.0,4.0,3.0,2.0,1.0,9.0,0.5613207547169812,0.5613207547169812,0.5822167975919537,3.0,0.603112840466926,0.5752514499669629,0.5613207547169812,0.0241286719577265,1.7257543499008885,119.0,119.0,137.0,3.0,155.0,131.0,119.0,20.784609690826528,393.0,0.0,0.0,0.0,3.0,0.0,0.0,0.0,0.0,0.0,2.0,3.0,3.0,3.0,3.0,2.333333333333333,1.0,1.1547005383792517,7.0,,,,0.0,-1.0,-1.0,-1.0,2.0,-1.0,-1.0,-1.0,0.0,-2.0,,,,,,0.0,0.0,0.5,3.0,1.0,0.3333333333333333,0.0,0.5773502691896258,1.0,3.0,3.0,3.5,3.0,4.0,3.333333333333333,3.0,0.5773502691896258,10.0,0.0,0.0,0.0,3.0,0.0,0.0,0.0,0.0,0.0,119.0,119.0,137.0,3.0,155.0,131.0,119.0,20.784609690826528,393.0
571319,stu_MBGAL4765X,N,0.0,0.0,0.0,5.0,0.0,0.0,0.0,0.0,0.0,1.0,1.0,1.0,5.0,1.0,0.8,0.0,0.447213595499958,4.0,0.0,0.0,0.0,5.0,0.0,0.0,0.0,0.0,0.0,0.0,0.0,0.0,5.0,0.0,0.0,0.0,0.0,0.0,-0.1738520404694792,-0.1738141918015057,-0.1737800133073964,5.0,-0.1737166263462853,-0.1738217997660782,-0.1739461269057243,8.549440812095431e-05,-0.869108998830391,-0.2898118432037873,-0.2898043881631259,-0.2896531464151431,5.0,-0.2896440092114606,-0.2897476228073612,-0.2898247270432894,9.076507322794792e-05,-1.4487381140368063,-0.0579789073617325,-0.057941058693759,-0.0578868089363304,5.0,-0.0578509100482223,-0.0579288018422921,-0.0579863241714162,5.873701466846476e-05,-0.2896440092114606,0.0,0.0,0.0,5.0,1.0,0.2,0.0,0.447213595499958,1.0,0.4210526315789473,0.4210526315789473,0.4787234042553192,5.0,0.52,0.1681657334826428,-1.0,0.6543600242435618,0.8408286674132139,50.25,54.0,56.0,4.0,56.0,52.25,45.0,5.188127472091127,209.0,2.0,2.0,2.0,5.0,2.0,2.0,2.0,0.0,10.0,1.0,1.0,1.0,5.0,1.0,0.6,-1.0,0.894427190999916,3.0,,,,0.0,-1.0,-1.0,-1.0,2.0,-1.0,-1.0,-1.0,0.0,-2.0,,,,,,0.0,1.0,1.0,5.0,1.0,0.6,0.0,0.5477225575051662,3.0,3.0,3.0,3.0,5.0,4.0,3.0,2.0,0.7071067811865476,15.0,0.0,0.0,0.0,5.0,0.0,0.0,0.0,0.0,0.0,45.0,52.0,56.0,5.0,56.0,41.6,-1.0,24.234273250914704,208.0
572344,stu_ZGGAC7428U,N,0.0,0.0,0.0,3.0,0.0,0.0,0.0,0.0,0.0,0.0,0.0,0.5,3.0,1.0,0.3333333333333333,0.0,0.5773502691896258,1.0,0.5,1.0,1.0,3.0,1.0,0.6666666666666666,0.0,0.5773502691896258,2.0,0.0,0.0,0.0,3.0,0.0,0.0,0.0,0.0,0.0,-0.1621206908768525,-0.1620989438536668,-0.1619637848147752,3.0,-0.1618286257758837,-0.1620233358431962,-0.1621424379000382,0.0001700204127511,-0.4860700075295887,-0.2703551564249951,-0.2703530591102268,-0.2702149167251942,3.0,-0.2700767743401617,-0.2702623623967173,-0.2703572537397634,0.0001607376551443,-0.8107870871901519,-0.0540022617917729,-0.0538942893357602,-0.053859195764049,3.0,-0.0538241021923378,-0.0539428752586279,-0.0541102342477856,0.0001491252232668,-0.1618286257758837,1.0,1.0,1.5,3.0,2.0,1.3333333333333333,1.0,0.5773502691896257,4.0,0.4599303135888501,0.6341463414634146,0.6341463414634146,3.0,0.6341463414634146,0.5180023228803717,0.2857142857142857,0.2011673411810542,1.554006968641115,16.0,26.0,26.0,3.0,26.0,19.33333333333333,6.0,11.547005383792516,58.0,0.0,0.0,0.5,3.0,1.0,0.3333333333333333,0.0,0.5773502691896258,1.0,2.5,4.0,4.0,3.0,4.0,3.0,1.0,1.7320508075688772,9.0,,,,0.0,-1.0,-1.0,-1.0,1.0,-1.0,-1.0,-1.0,,-1.0,,,,,,0.5,1.0,1.0,3.0,1.0,0.6666666666666666,0.0,0.5773502691896258,2.0,1.0,1.0,1.0,3.0,1.0,1.0,1.0,0.0,3.0,0.0,0.0,0.0,3.0,0.0,0.0,0.0,0.0,0.0,16.0,26.0,26.0,3.0,26.0,19.33333333333333,6.0,11.547005383792516,58.0
573336,stu_ZGGAC7428U,N,0.0,0.0,0.0,4.0,0.0,0.0,0.0,0.0,0.0,1.0,1.0,1.0,4.0,1.0,1.0,1.0,0.0,4.0,0.0,0.0,0.0,4.0,0.0,0.0,0.0,0.0,0.0,0.0,0.0,0.0,4.0,0.0,0.0,0.0,0.0,0.0,-0.1621558349187052,-0.162140127489117,-0.1621244424907027,4.0,-0.1621062564163883,-0.162140149920291,-0.1621740882865416,2.878533515716198e-05,-0.648560599681164,-0.2702447670099847,-0.2702343869842197,-0.2702104697449503,4.0,-0.2701583340887983,-0.2702208497707153,-0.2702562910256234,4.326782559449178e-05,-1.0808833990828612,-0.0540528160501584,-0.0540402826316901,-0.054027132355937,4.0,-0.0540240536773066,-0.0540396657744053,-0.0540540441569345,1.5760939485897042e-05,-0.2161586630976214,1.0,1.5,2.0,4.0,2.0,1.5,1.0,0.5773502691896257,6.0,0.3482142857142857,0.3988095238095238,0.4208333333333333,4.0,0.4333333333333333,0.3702380952380952,0.25,0.0830835258039469,1.480952380952381,7.0,9.0,10.75,4.0,13.0,8.75,4.0,3.774917217635375,35.0,0.0,0.0,0.0,4.0,0.0,0.0,0.0,0.0,0.0,1.0,1.0,1.25,4.0,2.0,1.25,1.0,0.5,5.0,,,,0.0,-1.0,-1.0,-1.0,1.0,-1.0,-1.0,-1.0,,-1.0,,,,,,0.75,1.0,1.0,4.0,1.0,0.75,0.0,0.5,3.0,1.75,2.0,2.0,4.0,2.0,1.75,1.0,0.5,7.0,0.0,0.0,0.0,4.0,0.0,0.0,0.0,0.0,0.0,7.0,9.0,10.75,4.0,13.0,8.75,4.0,3.774917217635375,35.0
574216,stu_ZGGAC7428U,N,0.0,0.0,0.0,8.0,0.0,0.0,0.0,0.0,0.0,1.0,1.0,1.0,8.0,1.0,1.0,1.0,0.0,8.0,0.0,0.0,0.0,8.0,0.0,0.0,0.0,0.0,0.0,0.0,0.0,0.0,8.0,0.0,0.0,0.0,0.0,0.0,-0.1624156888538208,-0.1623359516380711,-0.1623225153648497,8.0,-0.1623051760673535,-0.1623595912915624,-0.1624236126660337,4.984935732653712e-05,-1.2988767303324995,-0.2706042770433554,-0.2705813635991221,-0.2705299120937768,8.0,-0.2704780904740608,-0.2705648907057214,-0.2706238033803158,5.303255033091733e-05,-2.164519125645771,-0.0541475653291026,-0.0541381161970582,-0.0541282128337406,8.0,-0.0540538198451946,-0.0541282296571211,-0.0541534366888951,3.244200052625768e-05,-0.4330258372569688,0.0,0.0,0.0,8.0,0.0,0.0,0.0,0.0,0.0,0.1544117647058823,0.1885964912280701,0.3080357142857143,8.0,0.53125,0.2463897565605189,0.1176470588235294,0.1446075796041079,1.971118052484152,2.75,3.5,6.75,8.0,17.0,5.75,2.0,5.11998883927355,46.0,0.0,0.0,0.0,8.0,0.0,0.0,0.0,0.0,0.0,1.0,1.0,1.0,8.0,1.0,1.0,1.0,0.0,8.0,,,,0.0,,,,0.0,,,,,,,,,,,1.0,1.0,1.0,8.0,1.0,1.0,1.0,0.0,8.0,0.0,0.0,0.0,8.0,0.0,0.0,0.0,0.0,0.0,0.0,0.0,0.0,8.0,0.0,0.0,0.0,0.0,0.0,2.75,3.5,6.75,8.0,17.0,5.75,2.0,5.11998883927355,46.0
574579,stu_ZGGAC7428U,N,0.0,0.0,0.0,3.0,0.0,0.0,0.0,0.0,0.0,0.5,1.0,1.0,3.0,1.0,0.6666666666666666,0.0,0.5773502691896258,2.0,0.0,0.0,0.5,3.0,1.0,0.3333333333333333,0.0,0.5773502691896258,1.0,0.0,0.0,0.0,3.0,0.0,0.0,0.0,0.0,0.0,1.428844453569695,1.4288850315634471,1.4289763600883574,3.0,1.4290676886132678,1.4289188652508855,1.4288038755759425,0.0001351216802366,4.286756595752657,1.3210154427070528,1.3210316492302625,1.321074268460848,3.0,1.321116887691434,1.321049257701847,1.3209992361838434,6.0770165486224587e-05,3.96314777310554,-0.0540342262147122,-0.0540127035032664,0.7414703902448025,3.0,1.5369534839928716,0.476295010521149,-0.0540557489261579,0.918557183017884,1.4288850315634471,1.5,2.0,2.5,3.0,3.0,2.0,1.0,1.0,6.0,0.0333333333333333,0.0666666666666666,0.0666666666666666,3.0,0.0666666666666666,0.0444444444444444,0.0,0.038490017945975,0.1333333333333333,0.5,1.0,1.0,3.0,1.0,0.6666666666666666,0.0,0.5773502691896258,2.0,0.0,0.0,0.0,3.0,0.0,0.0,0.0,0.0,0.0,1.5,2.0,2.0,3.0,2.0,1.6666666666666667,1.0,0.5773502691896257,5.0,,,,0.0,-1.0,-1.0,-1.0,1.0,-1.0,-1.0,-1.0,,-1.0,,,,,,0.5,1.0,1.0,3.0,1.0,0.6666666666666666,0.0,0.5773502691896258,2.0,2.0,2.0,2.5,3.0,3.0,2.333333333333333,2.0,0.5773502691896258,7.0,0.5,1.0,1.0,3.0,1.0,0.6666666666666666,0.0,0.5773502691896258,2.0,0.5,1.0,1.0,3.0,1.0,0.6666666666666666,0.0,0.5773502691896258,2.0
575027,stu_ZGGAC7428U,N,0.0,0.0,0.0,2.0,0.0,0.0,0.0,0.0,0.0,1.0,1.0,1.0,2.0,1.0,1.0,1.0,0.0,2.0,0.0,0.0,0.0,2.0,0.0,0.0,0.0,0.0,0.0,0.0,0.0,0.0,2.0,0.0,0.0,0.0,0.0,0.0,-0.1621987008922048,-0.1621686487268484,-0.162138596561492,2.0,-0.1621085443961356,-0.1621686487268484,-0.1622287530575612,8.500035965139351e-05,-0.3243372974536968,-0.2699563637981702,-0.2699516083892838,-0.2699468529803973,2.0,-0.2699420975715109,-0.2699516083892838,-0.2699611192070565,1.3450327483569864e-05,-0.5399032167785676,-0.0541237882846706,-0.0541225826090685,-0.0541213769334664,2.0,-0.0541201712578643,-0.0541225826090685,-0.0541249939602726,3.410165576612318e-06,-0.108245165218137,0.0,0.0,0.0,2.0,0.0,0.0,0.0,0.0,0.0,0.0,0.0,0.0,2.0,0.0,0.0,0.0,0.0,0.0,0.0,0.0,0.0,2.0,0.0,0.0,0.0,0.0,0.0,0.0,0.0,0.0,2.0,0.0,0.0,0.0,0.0,0.0,1.0,1.0,1.0,2.0,1.0,1.0,1.0,0.0,2.0,,,,0.0,,,,0.0,,,,,,,,,,,1.0,1.0,1.0,2.0,1.0,1.0,1.0,0.0,2.0,0.0,0.0,0.0,2.0,0.0,0.0,0.0,0.0,0.0,1.0,1.0,1.0,2.0,1.0,1.0,1.0,0.0,2.0,0.0,0.0,0.0,2.0,0.0,0.0,0.0,0.0,0.0
575510,stu_ZGGAC7428U,N,0.0,0.0,0.0,7.0,0.0,0.0,0.0,0.0,0.0,1.0,1.0,1.0,7.0,1.0,1.0,1.0,0.0,7.0,0.0,0.0,0.0,7.0,0.0,0.0,0.0,0.0,0.0,0.0,0.0,0.0,7.0,0.0,0.0,0.0,0.0,0.0,-0.1625308224621307,-0.16252966725667,-0.1623530217614794,7.0,-0.1622019926669882,-0.1624329216032405,-0.1625311028518056,0.0001576184430209,-1.137030451222684,-0.2708837919024754,-0.2708564146546176,-0.2706870032130396,7.0,-0.2705565322895124,-0.2707770018897774,-0.2708844760532822,0.0001524314362012,-1.895439013228442,-0.0541772698112621,-0.0541765632292813,-0.054162655901406,7.0,-0.0538766808641761,-0.0541300666100484,-0.054177370751545,0.0001122056467229,-0.3789104662703388,0.0,0.0,0.0,7.0,0.0,0.0,0.0,0.0,0.0,0.0,0.0,0.0,7.0,0.0,-0.1428571428571428,-1.0,0.3779644730092272,-1.0,0.0,0.0,0.0,6.0,0.0,0.0,0.0,0.0,0.0,0.0,0.0,0.0,7.0,0.0,0.0,0.0,0.0,0.0,1.0,1.0,1.0,7.0,1.0,0.7142857142857143,-1.0,0.7559289460184545,5.0,0.99999989188795,0.999999984966752,0.99999999790959,5.0,0.9999993898540136,0.999999938427351,0.9999999946738806,6.0,0.999999999709323,0.6666665161638305,-1.0,0.8164965071967508,3.9999990969829833,0.999999999709323,0.9999998193965968,0.999999222509368,3.366461066361451e-07,4.999999096982983,0.5,1.0,1.0,7.0,1.0,0.7142857142857143,0.0,0.4879500364742665,5.0,1.0,1.0,2.0,7.0,2.0,1.4285714285714286,1.0,0.5345224838248488,10.0,0.0,1.0,1.0,7.0,1.0,0.5714285714285714,0.0,0.5345224838248488,4.0,0.0,0.0,0.0,7.0,0.0,-0.1428571428571428,-1.0,0.3779644730092272,-1.0
575527,stu_ZGGAC7428U,N,0.0,0.0,0.0,8.0,0.0,0.0,0.0,0.0,0.0,1.0,1.0,1.0,8.0,1.0,1.0,1.0,0.0,8.0,0.0,0.0,0.0,8.0,0.0,0.0,0.0,0.0,0.0,0.0,0.0,0.0,8.0,0.0,0.0,0.0,0.0,0.0,-0.1625306261893582,-0.1625302841139548,-0.1625299308229645,8.0,-0.1624678918034948,-0.1625225874173787,-0.1625311477141535,2.2104949922534665e-05,-1.3001806993390297,-0.2708841339778788,-0.2708835451595615,-0.2708218426077018,8.0,-0.2708204799138817,-0.2708605363828388,-0.270885148988502,3.262758751830802e-05,-2.1668842910627104,-0.054177370751545,-0.0541769221280652,-0.0541766249150098,8.0,-0.0541759127252355,-0.0541768884813042,-0.054177370751545,5.235923931734648e-07,-0.433415107850434,0.0,0.0,0.0,8.0,0.0,0.0,0.0,0.0,0.0,0.0,0.0,0.0,8.0,0.0,0.0,0.0,0.0,0.0,0.0,0.0,0.0,8.0,0.0,0.0,0.0,0.0,0.0,0.0,0.0,0.0,8.0,0.0,0.0,0.0,0.0,0.0,1.0,1.0,1.0,8.0,1.0,1.0,1.0,0.0,8.0,0.999999999999555,0.999999999999891,0.999999999999985,7.0,0.999999999999555,0.999999999999891,0.999999999999985,7.0,0.999999999999998,0.99999999999905,0.99999999999438,2.0776049282575798e-12,6.999999999993349,0.999999999999998,0.99999999999905,0.99999999999438,2.0776049282575798e-12,6.999999999993349,0.0,1.0,1.0,8.0,1.0,0.625,0.0,0.5175491695067657,5.0,1.0,2.0,2.0,8.0,2.0,1.625,1.0,0.5175491695067657,13.0,0.0,1.0,1.0,8.0,1.0,0.625,0.0,0.5175491695067657,5.0,0.0,0.0,0.0,8.0,0.0,0.0,0.0,0.0,0.0
578529,stu_ZGGAC7428U,N,0.0,0.0,0.0,4.0,0.0,0.0,0.0,0.0,0.0,1.0,1.0,1.0,4.0,1.0,1.0,1.0,0.0,4.0,0.0,0.0,0.0,4.0,0.0,0.0,0.0,0.0,0.0,0.0,0.0,0.0,4.0,0.0,0.0,0.0,0.0,0.0,-0.1625302448594003,-0.1625302056048459,-0.1625300990567694,4.0,-0.16252977941254,-0.1625301383113239,-0.1625303626230638,2.504535418891485e-07,-0.6501205532452956,-0.2708833825335501,-0.2708832199075386,-0.2708830348503532,4.0,-0.2708828161464067,-0.2708831974763646,-0.2708835339439746,3.081056002875721e-07,-1.0835327899054583,-0.0541767595020537,-0.0541766305228033,-0.0541765856604553,4.0,-0.0541765183669333,-0.0541767146397058,-0.0541770791462831,2.493629669425004e-07,-0.2167068585588232,0.0,0.0,0.0,4.0,0.0,0.0,0.0,0.0,0.0,0.0,0.0,0.0,4.0,0.0,0.0,0.0,0.0,0.0,0.0,0.0,0.0,4.0,0.0,0.0,0.0,0.0,0.0,0.0,0.0,0.0,4.0,0.0,0.0,0.0,0.0,0.0,1.0,1.0,1.0,4.0,1.0,1.0,1.0,0.0,4.0,1.0,1.0,1.0,4.0,1.0,1.0,1.0,4.0,1.0,1.0,1.0,0.0,4.0,1.0,1.0,1.0,0.0,4.0,1.0,1.0,1.0,4.0,1.0,1.0,1.0,0.0,4.0,0.0,0.0,0.0,4.0,0.0,0.0,0.0,0.0,0.0,0.0,0.0,0.0,4.0,0.0,0.0,0.0,0.0,0.0,0.0,0.0,0.0,4.0,0.0,0.0,0.0,0.0,0.0
578906,stu_ZGGAC7428U,N,0.0,0.0,0.0,8.0,0.0,0.0,0.0,0.0,0.0,1.0,1.0,1.0,8.0,1.0,1.0,1.0,0.0,8.0,0.0,0.0,0.0,8.0,0.0,0.0,0.0,0.0,0.0,0.0,0.0,0.0,8.0,0.0,0.0,0.0,0.0,0.0,-0.1624561659072902,-0.1624474906507487,-0.1624334263046554,8.0,-0.1624045910304881,-0.1624410136492584,-0.1624632709816524,2.2182351650460296e-05,-1.2995281091940671,-0.2707596690011882,-0.2707475337360582,-0.2707195620620897,8.0,-0.270703568635033,-0.2707402211733367,-0.2707732398614536,2.617566564715852e-05,-2.165921769386693,-0.0541554274555869,-0.0541434548164684,-0.0541400004156736,8.0,-0.0541059050312051,-0.0541431211527553,-0.054159560399395,1.713868540015944e-05,-0.4331449692220427,0.0,0.0,0.0,8.0,0.0,0.0,0.0,0.0,0.0,0.0,0.0833333333333333,0.1009615384615384,8.0,0.1538461538461538,0.0697115384615384,0.0,0.0646893926858467,0.5576923076923077,0.0,1.0,1.25,8.0,2.0,0.875,0.0,0.8345229603962802,7.0,0.0,0.0,0.0,8.0,0.0,0.0,0.0,0.0,0.0,1.0,1.0,1.0,8.0,1.0,1.0,1.0,0.0,8.0,1.0,1.0,1.0,8.0,1.0,1.0,1.0,8.0,1.0,1.0,1.0,0.0,8.0,1.0,1.0,1.0,0.0,8.0,1.0,1.0,1.0,8.0,1.0,1.0,1.0,0.0,8.0,0.0,0.0,0.0,8.0,0.0,0.0,0.0,0.0,0.0,0.0,0.0,0.0,8.0,0.0,0.0,0.0,0.0,0.0,0.0,1.0,1.25,8.0,2.0,0.875,0.0,0.8345229603962802,7.0
580456,stu_ZGGAC7428U,N,0.0,0.0,0.0,4.0,0.0,0.0,0.0,0.0,0.0,0.0,0.0,0.0,4.0,0.0,0.0,0.0,0.0,0.0,0.0,0.5,1.0,4.0,1.0,0.5,0.0,0.5773502691896257,2.0,0.0,0.0,0.25,4.0,1.0,0.25,0.0,0.5,1.0,-0.1619108528519456,-0.1612876867994676,-0.1607337713888977,4.0,-0.1606776149448076,-0.1613569374413758,-0.1621747612217604,0.0007555962072835,-0.6454277497655033,-0.2688724446085055,-0.2686981095242361,-0.2685128841049934,4.0,-0.2684242248897882,-0.2686872191892628,-0.2689284328187907,0.0002422498537838,-1.0747488767570512,-0.0540994392453017,-0.0539987064506951,-0.0538733554426317,4.0,-0.0537215917271922,-0.0539740882372384,-0.054177348320371,0.0001978722693757,-0.2158963529489536,3.0,3.0,3.25,4.0,4.0,3.25,3.0,0.5,13.0,0.492063492063492,0.492063492063492,0.492063492063492,4.0,0.492063492063492,0.492063492063492,0.492063492063492,0.0,1.968253968253968,31.0,31.0,31.0,4.0,31.0,31.0,31.0,0.0,124.0,1.0,1.0,1.0,4.0,1.0,1.0,1.0,0.0,4.0,4.0,4.0,4.0,4.0,4.0,4.0,4.0,0.0,16.0,,,,0.0,-1.0,-1.0,-1.0,4.0,-1.0,-1.0,-1.0,0.0,-4.0,,,,,,0.0,0.0,0.0,4.0,0.0,0.0,0.0,0.0,0.0,3.0,3.5,4.0,4.0,4.0,3.5,3.0,0.5773502691896257,14.0,0.0,0.0,0.0,4.0,0.0,0.0,0.0,0.0,0.0,31.0,31.0,31.0,4.0,31.0,31.0,31.0,0.0,124.0
581431,stu_JTILY0035Z,N,0.0,0.0,0.0,3.0,0.0,0.0,0.0,0.0,0.0,1.0,1.0,1.0,3.0,1.0,1.0,1.0,0.0,3.0,0.0,0.0,0.0,3.0,0.0,0.0,0.0,0.0,0.0,0.0,0.0,0.0,3.0,0.0,0.0,0.0,0.0,0.0,-0.2023994944639695,-0.202344586524977,-0.2023019075493306,3.0,-0.2022592285736842,-0.2023527391672077,-0.2024544024029619,9.784199042455562e-05,-0.6070582175016233,-0.3373201908557018,-0.3371656525199448,-0.3370324004563306,3.0,-0.3368991483927165,-0.33717984336804,-0.3374747291914588,0.0002880526845864,-1.01153953010412,-0.0676077503088855,-0.0676077503088855,-0.0674233260470399,3.0,-0.0672389017851944,-0.0674848008009885,-0.0676077503088855,0.0002129547944432,-0.2024544024029654,0.0,0.0,0.0,3.0,0.0,0.0,0.0,0.0,0.0,0.0689655172413793,0.0689655172413793,0.0689655172413793,3.0,0.0689655172413793,0.0689655172413793,0.0689655172413793,0.0,0.2068965517241379,2.0,2.0,2.0,3.0,2.0,2.0,2.0,0.0,6.0,0.0,0.0,0.0,3.0,0.0,0.0,0.0,0.0,0.0,1.0,1.0,1.0,3.0,1.0,1.0,1.0,0.0,3.0,0.9616567779255504,0.999053200821515,0.9995265561389626,3.0,0.9616567779255504,0.999053200821515,0.9995265561389626,3.0,0.99999991145641,0.9744378224358372,0.924260355029586,0.0434575395269404,2.923313467307511,0.99999991145641,0.9744378224358372,0.924260355029586,0.0434575395269404,2.923313467307511,0.0,0.0,0.5,3.0,1.0,0.3333333333333333,0.0,0.5773502691896258,1.0,0.5,1.0,1.5,3.0,2.0,1.0,0.0,1.0,3.0,0.0,0.0,0.0,3.0,0.0,0.0,0.0,0.0,0.0,2.0,2.0,2.0,3.0,2.0,2.0,2.0,0.0,6.0
581895,stu_JTILY0035Z,N,0.0,0.0,0.0,1.0,0.0,0.0,0.0,,0.0,1.0,1.0,1.0,1.0,1.0,1.0,1.0,,1.0,0.0,0.0,0.0,1.0,0.0,0.0,0.0,,0.0,0.0,0.0,0.0,1.0,0.0,0.0,0.0,,0.0,-0.2023515471359677,-0.2023515471359677,-0.2023515471359677,1.0,-0.2023515471359677,-0.2023515471359677,-0.2023515471359677,,-0.2023515471359677,-0.3374254514714482,-0.3374254514714482,-0.3374254514714482,1.0,-0.3374254514714482,-0.3374254514714482,-0.3374254514714482,,-0.3374254514714482,-0.0674221340157999,-0.0674221340157999,-0.0674221340157999,1.0,-0.0674221340157999,-0.0674221340157999,-0.0674221340157999,,-0.0674221340157999,0.0,0.0,0.0,1.0,0.0,0.0,0.0,,0.0,0.2,0.2,0.2,1.0,0.2,0.2,0.2,,0.2,2.0,2.0,2.0,1.0,2.0,2.0,2.0,,2.0,0.0,0.0,0.0,1.0,0.0,0.0,0.0,,0.0,1.0,1.0,1.0,1.0,1.0,1.0,1.0,,1.0,,,,0.0,,,,0.0,,,,,,,,,,,1.0,1.0,1.0,1.0,1.0,1.0,1.0,,1.0,0.0,0.0,0.0,1.0,0.0,0.0,0.0,,0.0,0.0,0.0,0.0,1.0,0.0,0.0,0.0,,0.0,2.0,2.0,2.0,1.0,2.0,2.0,2.0,,2.0
583074,stu_JTILY0035Z,N,0.0,0.0,0.0,8.0,0.0,0.0,0.0,0.0,0.0,1.0,1.0,1.0,8.0,1.0,1.0,1.0,0.0,8.0,0.0,0.0,0.0,8.0,0.0,0.0,0.0,0.0,0.0,0.0,0.0,0.0,8.0,0.0,0.0,0.0,0.0,0.0,-0.2028203559936416,-0.2028202069897366,-0.2028031513641822,8.0,-0.2026585164665396,-0.2027918510144584,-0.2028212287307995,5.8626063020808384e-05,-1.6223348081156672,-0.3380338290939951,-0.3380003298232104,-0.3378475848558814,8.0,-0.3370792302550453,-0.3378535796022736,-0.3380341537096453,0.000327122248862,-2.7028286368181886,-0.0676070212540646,-0.0676067604972309,-0.0676066647090062,8.0,-0.0676061538384748,-0.0676068004089911,-0.0676073245834427,3.699050339151741e-07,-0.5408544032719294,0.0,0.0,0.0,8.0,0.0,0.0,0.0,0.0,0.0,0.0,0.0,0.0,8.0,0.2040816326530612,0.0255102040816326,0.0,0.0721537531823007,0.2040816326530612,0.0,0.0,0.0,8.0,20.0,2.5,0.0,7.071067811865476,20.0,0.0,0.0,0.0,8.0,0.0,0.0,0.0,0.0,0.0,1.0,1.0,1.0,8.0,3.0,1.25,1.0,0.7071067811865476,10.0,0.9282083255781256,1.0,1.0,4.0,0.9282083255781256,1.0,1.0,4.0,1.0,0.9282083255781256,0.712833302312502,0.143583348843749,3.712833302312502,1.0,0.9282083255781256,0.712833302312502,0.143583348843749,3.712833302312502,1.0,1.0,1.0,8.0,1.0,1.0,1.0,0.0,8.0,0.0,0.0,0.0,8.0,0.0,0.0,0.0,0.0,0.0,1.0,1.0,1.0,8.0,1.0,0.875,0.0,0.3535533905932738,7.0,0.0,0.0,0.0,8.0,20.0,2.5,0.0,7.071067811865476,20.0
583240,stu_JTILY0035Z,N,0.0,0.0,0.0,8.0,0.0,0.0,0.0,0.0,0.0,1.0,1.0,1.0,8.0,1.0,1.0,1.0,0.0,8.0,0.0,0.0,0.0,8.0,0.0,0.0,0.0,0.0,0.0,0.0,0.0,0.0,8.0,0.0,0.0,0.0,0.0,0.0,-0.2028197120839093,-0.2027493556329092,-0.202044609734804,8.0,-0.2019232673404537,-0.2024963736100596,-0.2028203134210974,0.0004103998126605,-1.6199709888804767,-0.3379623817215454,-0.3372576517881444,-0.3371372938838807,8.0,-0.337010667172471,-0.3374698732606245,-0.3380337066979281,0.0004351681264544,-2.699758986084996,-0.0676070212540646,-0.0676065902070537,-0.0675883265855552,8.0,-0.0668306949443111,-0.067500824042344,-0.0676072181520819,0.0002719212520798,-0.5400065923387521,0.0,0.0,0.25,8.0,2.0,0.375,0.0,0.7440238091428449,3.0,0.0,0.0,0.0,8.0,0.2040816326530612,0.0255102040816326,0.0,0.0721537531823007,0.2040816326530612,0.0,0.0,0.0,8.0,20.0,2.5,0.0,7.071067811865476,20.0,0.0,0.0,0.0,8.0,0.0,0.0,0.0,0.0,0.0,1.0,1.0,1.0,8.0,1.0,1.0,1.0,0.0,8.0,0.9999999999999818,1.0,1.0,4.0,0.9999999999999818,1.0,1.0,4.0,1.0,0.9999999999999818,0.999999999999927,3.652639375242549e-14,3.999999999999927,1.0,0.9999999999999818,0.999999999999927,3.652639375242549e-14,3.999999999999927,1.0,1.0,1.0,8.0,1.0,0.875,0.0,0.3535533905932738,7.0,0.0,0.0,1.25,8.0,2.0,0.625,0.0,0.9161253813129044,5.0,1.0,1.0,1.0,8.0,1.0,0.875,0.0,0.3535533905932738,7.0,0.0,0.0,0.0,8.0,20.0,2.5,0.0,7.071067811865476,20.0
583547,stu_JTILY0035Z,N,0.0,0.0,0.0,6.0,0.0,0.0,0.0,0.0,0.0,1.0,1.0,1.0,6.0,1.0,1.0,1.0,0.0,6.0,0.0,0.0,0.0,6.0,0.0,0.0,0.0,0.0,0.0,0.0,0.0,0.0,6.0,0.0,0.0,0.0,0.0,0.0,-0.2026330048693764,-0.2023046215490288,-0.2016013550468375,6.0,-0.2014365567279077,-0.2021487599166869,-0.2027373608185567,0.0005958897675422,-1.2128925595001216,-0.3369970013857571,-0.3366587199488631,-0.3365976336693811,6.0,-0.3365794924439474,-0.3368778408343014,-0.337683079223193,0.0004416585235615,-2.021267045005809,-0.0675862777818614,-0.0675117811509295,-0.0674584377529395,6.0,-0.0669261638748717,-0.0674348738496774,-0.0676077503088855,0.0002571671066409,-0.4046092430980648,0.0,0.0,0.0,6.0,0.0,0.0,0.0,0.0,0.0,0.024390243902439,0.0975609756097561,0.0975609756097561,6.0,0.2040816326530612,-0.0838725734196117,-1.0,0.4534305003503739,-0.5032354405176704,4.0,4.0,4.0,5.0,20.0,6.4,0.0,7.797435475847171,32.0,0.0,0.0,0.0,6.0,0.0,0.0,0.0,0.0,0.0,1.0,1.0,1.0,6.0,1.0,0.6666666666666666,-1.0,0.816496580927726,4.0,0.978313253012048,0.978313253012048,0.978313253012048,5.0,0.919578313253012,0.978313253012048,0.978313253012048,6.0,0.999822799763733,0.6391270931333128,-1.0,0.803745662124805,3.834762558799877,0.999822799763733,0.9669525117599754,0.9,0.0385690743660294,4.834762558799877,0.25,1.0,1.0,6.0,1.0,0.6666666666666666,0.0,0.5163977794943223,4.0,1.25,2.0,2.0,6.0,2.0,1.6666666666666667,1.0,0.5163977794943223,10.0,0.0,0.0,0.0,6.0,0.0,0.0,0.0,0.0,0.0,1.0,4.0,4.0,6.0,20.0,5.166666666666667,-1.0,7.600438583836242,31.0
583957,stu_JTILY0035Z,N,0.0,0.0,0.0,1.0,0.0,0.0,0.0,,0.0,1.0,1.0,1.0,1.0,1.0,1.0,1.0,,1.0,0.0,0.0,0.0,1.0,0.0,0.0,0.0,,0.0,0.0,0.0,0.0,1.0,0.0,0.0,0.0,,0.0,-0.2027357217756017,-0.2027357217756017,-0.2027357217756017,1.0,-0.2027357217756017,-0.2027357217756017,-0.2027357217756017,,-0.2027357217756017,-0.3376328010483916,-0.3376328010483916,-0.3376328010483916,1.0,-0.3376328010483916,-0.3376328010483916,-0.3376328010483916,,-0.3376328010483916,-0.0676071542932655,-0.0676071542932655,-0.0676071542932655,1.0,-0.0676071542932655,-0.0676071542932655,-0.0676071542932655,,-0.0676071542932655,0.0,0.0,0.0,1.0,0.0,0.0,0.0,,0.0,0.0,0.0,0.0,1.0,0.0,0.0,0.0,,0.0,0.0,0.0,0.0,1.0,0.0,0.0,0.0,,0.0,0.0,0.0,0.0,1.0,0.0,0.0,0.0,,0.0,1.0,1.0,1.0,1.0,1.0,1.0,1.0,,1.0,,,,0.0,,,,0.0,,,,,,,,,,,1.0,1.0,1.0,1.0,1.0,1.0,1.0,,1.0,0.0,0.0,0.0,1.0,0.0,0.0,0.0,,0.0,1.0,1.0,1.0,1.0,1.0,1.0,1.0,,1.0,0.0,0.0,0.0,1.0,0.0,0.0,0.0,,0.0
585244,stu_JTILY0035Z,N,0.0,0.0,0.0,4.0,0.0,0.0,0.0,0.0,0.0,1.0,1.0,1.0,4.0,1.0,1.0,1.0,0.0,4.0,0.0,0.0,0.0,4.0,0.0,0.0,0.0,0.0,0.0,0.0,0.0,0.0,4.0,0.0,0.0,0.0,0.0,0.0,-0.2025007266527128,-0.2023699704045073,-0.2022130480062703,4.0,-0.2021229112868814,-0.2023438042544758,-0.2025123649220069,0.0001921554874615,-0.8093752170179032,-0.3372312195597126,-0.337164375343616,-0.3371002131978095,4.0,-0.337038892769334,-0.337167057413906,-0.3373005861990581,0.0001126849985194,-1.348668229655624,-0.0675847451702671,-0.0675287463098274,-0.0674673088068551,4.0,-0.0674393546099635,-0.0675233076672948,-0.0675963834395612,7.720149715829039e-05,-0.2700932306691795,0.0,0.0,0.25,4.0,1.0,0.25,0.0,0.5,1.0,-0.1617647058823529,0.142156862745098,0.21875,4.0,0.375,-0.0851715686274509,-1.0,0.6200072106617692,-0.3406862745098039,5.0,6.0,12.0,3.0,18.0,9.333333333333334,4.0,7.571877794400365,28.0,0.0,0.0,0.0,4.0,0.0,0.0,0.0,0.0,0.0,0.5,1.0,1.0,4.0,1.0,0.5,-1.0,1.0,2.0,0.909796020481248,0.909796020481248,0.909796020481248,1.0,-0.522550994879688,-0.0451019897593759,0.432347015360936,2.0,0.909796020481248,-0.045101989759376,-1.0,1.350429716765373,-0.090203979518752,0.909796020481248,0.909796020481248,0.909796020481248,,0.909796020481248,1.0,1.0,1.0,4.0,1.0,1.0,1.0,0.0,4.0,0.0,0.5,1.0,4.0,1.0,0.5,0.0,0.5773502691896257,2.0,0.0,0.0,0.0,4.0,0.0,0.0,0.0,0.0,0.0,2.75,5.0,9.0,4.0,18.0,6.75,-1.0,8.05708797684788,27.0
585383,stu_JTILY0035Z,N,0.0,0.0,0.0,5.0,1.0,0.2,0.0,0.447213595499958,1.0,1.0,1.0,1.0,5.0,1.0,0.8,0.0,0.447213595499958,4.0,0.0,0.0,0.0,5.0,0.0,0.0,0.0,0.0,0.0,0.0,0.0,0.0,5.0,0.0,0.0,0.0,0.0,0.0,-0.2025167498940683,-0.2025074052205976,-0.202500763903689,5.0,-0.2024746669340419,-0.2025060130983995,-0.2025304795396004,2.0772334940546032e-05,-1.0125300654919975,-0.3375377578432739,-0.337525709813241,-0.3375154498300682,5.0,-0.337488905848706,-0.3375274638020656,-0.3375694956750388,2.9609007908324424e-05,-1.687637319010328,-0.067522434930137,-0.0675192632755877,-0.067486524989032,5.0,-0.0674657070148763,-0.0675051419626482,-0.0675317796036077,2.7882471787786503e-05,-0.337525709813241,2.0,2.0,3.0,5.0,4.0,2.4,1.0,1.140175425099138,12.0,0.0,0.0,0.25,5.0,0.7142857142857143,0.1928571428571428,0.0,0.3109399837096988,0.9642857142857144,0.0,0.0,1.0,5.0,5.0,1.2,0.0,2.16794833886788,6.0,0.0,0.0,0.0,5.0,0.0,0.0,0.0,0.0,0.0,1.0,1.0,1.0,5.0,6.0,2.0,1.0,2.23606797749979,10.0,,,,0.0,-1.0,-1.0,-1.0,1.0,-1.0,-1.0,-1.0,,-1.0,,,,,,1.0,1.0,1.0,5.0,1.0,0.8,0.0,0.447213595499958,4.0,1.0,2.0,3.0,5.0,4.0,2.2,1.0,1.3038404810405295,11.0,0.0,0.0,0.0,5.0,0.0,0.0,0.0,0.0,0.0,0.0,0.0,1.0,5.0,5.0,1.2,0.0,2.16794833886788,6.0
585637,stu_JTILY0035Z,N,0.0,0.0,0.0,1.0,0.0,0.0,0.0,,0.0,1.0,1.0,1.0,1.0,1.0,1.0,1.0,,1.0,0.0,0.0,0.0,1.0,0.0,0.0,0.0,,0.0,0.0,0.0,0.0,1.0,0.0,0.0,0.0,,0.0,-0.2026976619210103,-0.2026976619210103,-0.2026976619210103,1.0,-0.2026976619210103,-0.2026976619210103,-0.2026976619210103,,-0.2026976619210103,-0.3377934485442536,-0.3377934485442536,-0.3377934485442536,1.0,-0.3377934485442536,-0.3377934485442536,-0.3377934485442536,,-0.3377934485442536,-0.0676073245834427,-0.0676073245834427,-0.0676073245834427,1.0,-0.0676073245834427,-0.0676073245834427,-0.0676073245834427,,-0.0676073245834427,0.0,0.0,0.0,1.0,0.0,0.0,0.0,,0.0,0.0,0.0,0.0,1.0,0.0,0.0,0.0,,0.0,0.0,0.0,0.0,1.0,0.0,0.0,0.0,,0.0,0.0,0.0,0.0,1.0,0.0,0.0,0.0,,0.0,1.0,1.0,1.0,1.0,1.0,1.0,1.0,,1.0,,,,0.0,,,,0.0,,,,,,,,,,,1.0,1.0,1.0,1.0,1.0,1.0,1.0,,1.0,0.0,0.0,0.0,1.0,0.0,0.0,0.0,,0.0,1.0,1.0,1.0,1.0,1.0,1.0,1.0,,1.0,0.0,0.0,0.0,1.0,0.0,0.0,0.0,,0.0
585859,stu_JTILY0035Z,N,0.0,0.0,0.0,2.0,0.0,0.0,0.0,0.0,0.0,1.0,1.0,1.0,2.0,1.0,1.0,1.0,0.0,2.0,0.0,0.0,0.0,2.0,0.0,0.0,0.0,0.0,0.0,0.0,0.0,0.0,2.0,0.0,0.0,0.0,0.0,0.0,7.607456182247189,15.417142814028123,23.22682944580906,2.0,31.03651607759,15.417142814028123,-0.2022304495337471,22.08912950509691,30.83428562805625,30.90134592205345,30.901373088658275,30.9014002552631,2.0,30.90142742186792,30.901373088658275,30.90131875544863,7.683876196751325e-05,61.80274617731655,-0.0674429466683876,-0.0673955793913017,-0.0673482121142159,2.0,-0.06730084483713,-0.0673955793913017,-0.0674903139454735,0.000133974891335,-0.1347911587826035,1.0,1.0,1.0,2.0,1.0,1.0,1.0,0.0,2.0,0.3636363636363636,0.3939393939393939,0.4242424242424242,2.0,0.4545454545454545,0.3939393939393939,0.3333333333333333,0.0857099128710966,0.7878787878787878,3.5,4.0,4.5,2.0,5.0,4.0,3.0,1.4142135623730951,8.0,0.0,0.0,0.0,2.0,0.0,0.0,0.0,0.0,0.0,1.0,1.0,1.0,2.0,1.0,1.0,1.0,0.0,2.0,,,,0.0,,,,0.0,,,,,,,,,,,1.0,1.0,1.0,2.0,1.0,1.0,1.0,0.0,2.0,1.25,1.5,1.75,2.0,2.0,1.5,1.0,0.7071067811865476,3.0,0.0,0.0,0.0,2.0,0.0,0.0,0.0,0.0,0.0,3.5,4.0,4.5,2.0,5.0,4.0,3.0,1.4142135623730951,8.0
588397,stu_JTILY0035Z,N,1.0,1.0,1.0,2.0,1.0,1.0,1.0,0.0,2.0,0.0,0.0,0.0,2.0,0.0,0.0,0.0,0.0,0.0,0.0,0.0,0.0,2.0,0.0,0.0,0.0,0.0,0.0,0.0,0.0,0.0,2.0,0.0,0.0,0.0,0.0,0.0,3.0060285959498727,6.214248793986831,9.422468992023791,2.0,12.63068919006075,6.214248793986831,-0.2021916020870864,9.074217030286327,12.428497587973665,12.495586368324563,12.495604578730385,12.4956227891362,2.0,12.49564099954202,12.495604578730385,12.495568157918743,5.150680576939103e-05,24.99120915746077,-0.0674297119286828,-0.0673808812203871,-0.0673320505120914,2.0,-0.0672832198037957,-0.0673808812203871,-0.0674785426369785,0.000138114099864,-0.1347617624407742,1.25,1.5,1.75,2.0,2.0,1.5,1.0,0.7071067811865476,3.0,0.4554455445544554,0.4554455445544554,0.4554455445544554,2.0,0.4554455445544554,0.4554455445544554,0.4554455445544554,0.0,0.9108910891089108,46.0,46.0,46.0,2.0,46.0,46.0,46.0,0.0,92.0,0.0,0.0,0.0,2.0,0.0,0.0,0.0,0.0,0.0,4.0,4.0,4.0,2.0,4.0,4.0,4.0,0.0,8.0,,,,0.0,-1.0,-1.0,-1.0,1.0,-1.0,-1.0,-1.0,,-1.0,,,,,,0.25,0.5,0.75,2.0,1.0,0.5,0.0,0.7071067811865476,1.0,1.0,1.0,1.0,2.0,1.0,1.0,1.0,0.0,2.0,0.0,0.0,0.0,2.0,0.0,0.0,0.0,0.0,0.0,46.0,46.0,46.0,2.0,46.0,46.0,46.0,0.0,92.0
589769,stu_ZDIDY7983I,N,0.0,0.0,0.0,8.0,0.0,0.0,0.0,0.0,0.0,1.0,1.0,1.0,8.0,1.0,1.0,1.0,0.0,8.0,0.0,0.0,0.0,8.0,0.0,0.0,0.0,0.0,0.0,0.0,0.0,0.0,8.0,0.0,0.0,0.0,0.0,0.0,-0.2527032795945252,-0.2526785191935617,-0.2525296958515616,8.0,-0.2524788295972524,-0.2526243728894295,-0.2527039360122026,9.81214673639956e-05,-2.020994983115437,-0.4211352509537522,-0.4209936237434333,-0.4208895835801228,8.0,-0.4208200766946256,-0.4210046768386106,-0.4211727972294762,0.0001393524823328,-3.368037414708885,-0.0842348423986084,-0.0842341615181603,-0.0842215224200232,8.0,-0.0841160226447343,-0.0842134150501375,-0.084235009560874,4.310677947211997e-05,-0.6737073204011006,0.0,0.0,1.25,8.0,2.0,0.625,0.0,0.9161253813129044,5.0,0.0,0.0,0.0843589743589743,8.0,0.1428571428571428,0.0408058608058608,0.0,0.0590183441186348,0.3264468864468864,0.0,0.0,1.25,8.0,8.0,1.375,0.0,2.774243783705493,11.0,0.0,0.0,0.0,8.0,0.0,0.0,0.0,0.0,0.0,1.0,1.0,1.0,8.0,2.0,1.125,1.0,0.3535533905932738,9.0,0.999998147674943,0.999998579465537,0.999999011256131,2.0,-1.1420578255316729e-06,0.999997715884349,0.999998579465537,3.0,0.999999443046725,0.333332386310358,-1.0,1.1546997182336198,0.999997158931074,0.999999443046725,0.999998579465537,0.999997715884349,1.2212882282073405e-06,1.999997158931074,1.0,1.0,1.0,8.0,1.0,0.875,0.0,0.3535533905932738,7.0,0.0,0.5,2.0,8.0,2.0,0.875,0.0,0.9910312089651148,7.0,0.0,1.0,1.0,8.0,1.0,0.625,0.0,0.5175491695067657,5.0,0.0,0.0,1.25,8.0,8.0,1.375,0.0,2.774243783705493,11.0
589851,stu_ZDIDY7983I,G,0.0,0.0,0.0,3.0,0.0,0.0,0.0,0.0,0.0,0.0,0.0,0.0,3.0,0.0,0.0,0.0,0.0,0.0,0.0,0.0,0.0,3.0,0.0,0.0,0.0,0.0,0.0,0.0,0.0,0.5,3.0,1.0,0.3333333333333333,0.0,0.5773502691896258,1.0,-0.2523821608821457,-0.2522771748250392,-0.2518563907081561,3.0,-0.2514356065912729,-0.2520666427851881,-0.2524871469392523,0.0005564863706417,-0.7561999283555645,-0.4196645451088769,-0.4196411342374243,-0.4195868513494896,3.0,-0.419532568461555,-0.4196205528931029,-0.4196879559803296,7.971206965249926e-05,-1.2588616586793089,-0.0841806451303708,-0.0841264927105459,-0.0841261746945283,3.0,-0.0841258566785106,-0.0841623823130841,-0.0842347975501956,6.271424127444209e-05,-0.2524871469392523,2.5,3.0,3.0,3.0,3.0,2.6666666666666665,2.0,0.5773502691896258,8.0,0.8571428571428571,0.8571428571428571,0.8571428571428571,3.0,0.8571428571428571,0.8571428571428571,0.8571428571428571,0.0,2.571428571428571,6.0,6.0,6.0,3.0,6.0,6.0,6.0,0.0,18.0,0.5,1.0,1.5,3.0,2.0,1.0,0.0,1.0,3.0,4.0,4.0,4.0,3.0,4.0,4.0,4.0,0.0,12.0,,,,0.0,-1.0,-1.0,-1.0,3.0,-1.0,-1.0,-1.0,0.0,-3.0,,,,,,0.0,0.0,0.0,3.0,0.0,0.0,0.0,0.0,0.0,3.5,4.0,4.5,3.0,5.0,4.0,3.0,1.0,12.0,0.0,0.0,0.0,3.0,0.0,0.0,0.0,0.0,0.0,6.0,6.0,6.0,3.0,6.0,6.0,6.0,0.0,18.0
591167,stu_ZDIDY7983I,N,0.0,0.0,0.0,6.0,0.0,0.0,0.0,0.0,0.0,1.0,1.0,1.0,6.0,1.0,1.0,1.0,0.0,6.0,0.0,0.0,0.0,6.0,0.0,0.0,0.0,0.0,0.0,0.0,0.0,0.0,6.0,0.0,0.0,0.0,0.0,0.0,-0.2525973965691655,-0.2525931033529273,-0.252536043940531,6.0,-0.2525005036119951,-0.2525786839087086,-0.2526695413567578,6.132855512613307e-05,-1.5154721034522516,-0.4210460556150602,-0.4209932568018745,-0.4209515518551505,6.0,-0.4208988794329463,-0.4209895765139439,-0.4210507606212699,6.396242882758772e-05,-2.5259374590836634,-0.0842298152992525,-0.0841902019194138,-0.0841506619278868,6.0,-0.0841200019220833,-0.0841859752962733,-0.0842349443268191,4.919532047250498e-05,-0.5051158517776402,0.0,0.0,0.0,6.0,0.0,0.0,0.0,0.0,0.0,-0.75,0.0,0.0,6.0,0.0,-0.3333333333333333,-1.0,0.5163977794943223,-2.0,0.0,0.0,0.0,4.0,0.0,0.0,0.0,0.0,0.0,0.0,0.0,0.0,6.0,0.0,0.0,0.0,0.0,0.0,-0.5,1.0,1.0,6.0,1.0,0.3333333333333333,-1.0,1.0327955589886446,2.0,0.8831763893409708,0.9219314834845675,0.9606865776281642,2.0,-1.0,-0.077789352401313,0.8831763893409708,4.0,0.999441671771761,-0.0390342582577162,-1.0,1.1114309523891297,-0.156137033030865,0.999441671771761,0.9219314834845675,0.844421295197374,0.1096159594978413,1.843862966969135,1.0,1.0,1.0,6.0,1.0,1.0,1.0,0.0,6.0,0.0,0.0,0.0,6.0,0.0,0.0,0.0,0.0,0.0,0.25,1.0,1.0,6.0,1.0,0.6666666666666666,0.0,0.5163977794943223,4.0,-0.75,0.0,0.0,6.0,0.0,-0.3333333333333333,-1.0,0.5163977794943223,-2.0
592564,stu_ZDIDY7983I,N,0.0,0.0,0.0,8.0,0.0,0.0,0.0,0.0,0.0,1.0,1.0,1.0,8.0,1.0,1.0,1.0,0.0,8.0,0.0,0.0,0.0,8.0,0.0,0.0,0.0,0.0,0.0,0.0,0.0,0.0,8.0,0.0,0.0,0.0,0.0,0.0,-0.2526737367219154,-0.2526177618256817,-0.2525768111477175,8.0,-0.2525406062472474,-0.2526159006165528,-0.2526739446554653,5.655716004087122e-05,-2.0209272049324225,-0.4210603663358545,-0.4210368983846039,-0.4210178418863158,8.0,-0.4209799490546751,-0.4210441454803906,-0.421143278819634,4.883713356491021e-05,-3.3683531638431248,-0.0842347037762417,-0.0842343490660681,-0.0841931333747559,8.0,-0.0841467478845927,-0.0842104917490523,-0.084235009560874,3.707099662700398e-05,-0.6736839339924185,0.0,0.0,0.0,8.0,0.0,0.0,0.0,0.0,0.0,0.0,0.0,0.0,8.0,0.0,-0.125,-1.0,0.3535533905932738,-1.0,0.0,0.0,0.0,7.0,0.0,0.0,0.0,0.0,0.0,0.0,0.0,0.0,8.0,0.0,0.0,0.0,0.0,0.0,1.0,1.0,1.0,8.0,1.0,0.75,-1.0,0.7071067811865476,6.0,0.9259897168629272,0.9755517492601216,0.998411811707124,4.0,0.844421295197374,0.953179190751445,0.997924307768798,5.0,0.999874323522102,0.5590798234479438,-1.0,0.8738346862259024,2.795399117239719,0.999874323522102,0.9488497793099298,0.844421295197374,0.0728831611850923,3.795399117239719,0.75,1.0,1.0,8.0,1.0,0.75,0.0,0.4629100498862757,6.0,1.0,1.0,1.25,8.0,2.0,1.25,1.0,0.4629100498862757,10.0,0.0,1.0,1.0,8.0,1.0,0.625,0.0,0.5175491695067657,5.0,0.0,0.0,0.0,8.0,0.0,-0.125,-1.0,0.3535533905932738,-1.0
593513,stu_HCFWU4201F,N,0.25,0.5,0.75,2.0,1.0,0.5,0.0,0.7071067811865476,1.0,0.25,0.5,0.75,2.0,1.0,0.5,0.0,0.7071067811865476,1.0,0.0,0.0,0.0,2.0,0.0,0.0,0.0,0.0,0.0,0.0,0.0,0.0,2.0,0.0,0.0,0.0,0.0,0.0,-0.1364992796773381,-0.1364992796773381,-0.1364992796773381,1.0,-0.1364992796773381,-0.1364992796773381,-0.1364992796773381,,-0.1364992796773381,,,,0.0,,,,,,-0.0455413329682852,-0.0454769658130764,-0.0454125986578676,2.0,-0.0453482315026588,-0.0454769658130764,-0.045605700123494,0.0001820578077353,-0.0909539316261529,,,,0.0,,,,,,0.5720338983050848,0.5720338983050848,0.5720338983050848,2.0,0.5720338983050848,0.5720338983050848,0.5720338983050848,0.0,1.1440677966101696,135.0,135.0,135.0,2.0,135.0,135.0,135.0,0.0,270.0,,,,0.0,,,,,,2.0,2.0,2.0,2.0,2.0,2.0,2.0,0.0,4.0,,,,0.0,-1.0,-1.0,-1.0,1.0,-1.0,-1.0,-1.0,,-1.0,,,,,,0.25,0.5,0.75,2.0,1.0,0.5,0.0,0.7071067811865476,1.0,,,,0.0,,,,,,0.25,0.5,0.75,2.0,1.0,0.5,0.0,0.7071067811865476,1.0,135.0,135.0,135.0,2.0,135.0,135.0,135.0,0.0,270.0
594564,stu_HCFWU4201F,N,0.0,0.0,0.5,3.0,1.0,0.3333333333333333,0.0,0.5773502691896258,1.0,0.5,1.0,1.0,3.0,1.0,0.6666666666666666,0.0,0.5773502691896258,2.0,0.0,0.0,0.0,3.0,0.0,0.0,0.0,0.0,0.0,0.0,0.0,0.0,3.0,0.0,0.0,0.0,0.0,0.0,-0.136620487137191,-0.1365970143448526,-0.1363437552696219,3.0,-0.1360904961943913,-0.1364438234895911,-0.1366439599295295,0.0003068894021143,-0.4093314704687734,-0.2270115521844912,-0.2269300837502639,-0.2264720211301855,3.0,-0.226013958510107,-0.2266790209596965,-0.2270930206187185,0.0005816942084685,-0.6800370628790895,-0.0456018795032986,-0.0455944899205253,-0.0452406135541597,3.0,-0.044886737187794,-0.0453634987314637,-0.0456092690860718,0.0004129537299447,-0.1360904961943913,2.0,2.0,2.5,3.0,3.0,2.333333333333333,2.0,0.5773502691896258,7.0,-0.5,0.0,0.5,3.0,1.0,0.0,-1.0,1.0,0.0,1.25,2.5,3.75,2.0,5.0,2.5,0.0,3.5355339059327378,5.0,0.0,0.0,0.0,3.0,0.0,0.0,0.0,0.0,0.0,0.0,1.0,1.0,3.0,1.0,0.3333333333333333,-1.0,1.1547005383792517,1.0,0.9579169763145964,0.9678322158661306,0.9777474554176648,2.0,-0.025999131618469,0.948001736763062,0.9678322158661306,3.0,0.987662694969199,0.3118881439107536,-1.0,1.136301511264356,0.9356644317322608,0.987662694969199,0.9678322158661306,0.948001736763062,0.0280445324959157,1.935664431732261,0.5,1.0,1.0,3.0,1.0,0.6666666666666666,0.0,0.5773502691896258,2.0,0.0,0.0,0.0,3.0,0.0,0.0,0.0,0.0,0.0,0.0,0.0,0.0,3.0,0.0,0.0,0.0,0.0,0.0,-0.5,0.0,2.5,3.0,5.0,1.3333333333333333,-1.0,3.2145502536643185,4.0
597886,stu_HCFWU4201F,N,0.0,0.0,0.0,3.0,0.0,0.0,0.0,0.0,0.0,0.0,0.0,0.5,3.0,1.0,0.3333333333333333,0.0,0.5773502691896258,1.0,0.0,0.0,0.5,3.0,1.0,0.3333333333333333,0.0,0.5773502691896258,1.0,0.0,0.0,0.5,3.0,1.0,0.3333333333333333,0.0,0.5773502691896258,1.0,-0.1368413510136388,-0.1368033735913368,-0.1367396813361027,3.0,-0.1366759890808685,-0.136786230369382,-0.1368793284359408,0.0001027479482741,-0.4103586911081461,-0.2279931770391363,-0.2279469177934167,-0.2279445613629967,3.0,-0.2279422049325768,-0.2279761863369498,-0.2280394362848559,5.482672429501732e-05,-0.6839285590108495,-0.0456042588116838,-0.0455371577396285,-0.0455023145985647,3.0,-0.0454674714575009,-0.0455586630269561,-0.045671359883739,0.0001036314654231,-0.1366759890808685,2.5,3.0,3.5,3.0,4.0,3.0,2.0,1.0,9.0,0.6722689075630253,0.6722689075630253,0.6722689075630253,3.0,0.6722689075630253,0.6722689075630252,0.6722689075630253,1.3597399555105182e-16,2.016806722689076,80.0,80.0,80.0,3.0,80.0,80.0,80.0,0.0,240.0,0.0,0.0,0.0,3.0,0.0,0.0,0.0,0.0,0.0,5.0,5.0,5.0,3.0,5.0,5.0,5.0,0.0,15.0,,,,0.0,-1.0,-1.0,-1.0,3.0,-1.0,-1.0,-1.0,0.0,-3.0,,,,,,0.0,0.0,0.0,3.0,0.0,0.0,0.0,0.0,0.0,4.5,5.0,5.0,3.0,5.0,4.666666666666667,4.0,0.5773502691896258,14.0,0.0,0.0,0.0,3.0,0.0,0.0,0.0,0.0,0.0,80.0,80.0,80.0,3.0,80.0,80.0,80.0,0.0,240.0
597907,stu_HCFWU4201F,N,0.0,0.0,0.0,7.0,1.0,0.1428571428571428,0.0,0.3779644730092273,1.0,0.5,1.0,1.0,7.0,1.0,0.7142857142857143,0.0,0.4879500364742666,5.0,0.0,0.0,0.0,7.0,1.0,0.1428571428571428,0.0,0.3779644730092273,1.0,0.0,0.0,0.0,7.0,0.0,0.0,0.0,0.0,0.0,-0.1366194805067204,-0.1364439150014521,-0.1360658566258255,7.0,-0.1359459989659218,-0.1363760916393513,-0.1368720532429937,0.000355832513811,-0.9546326414754596,-0.2274244765791468,-0.2271002042998045,-0.2269943021986986,7.0,-0.2263473362196157,-0.2271708841392798,-0.2279110908998475,0.0005031100465899,-1.5901961889749583,-0.0456196556822917,-0.0455281438213231,-0.0454382562958867,7.0,-0.0450315089518464,-0.0454782110280417,-0.0456720004667658,0.0002200323592617,-0.3183474771962923,1.0,2.0,2.0,7.0,2.0,1.5714285714285714,1.0,0.5345224838248488,11.0,0.0,0.5,0.5,7.0,1.0,0.3571428571428571,0.0,0.3779644730092272,2.5,0.0,1.0,1.0,7.0,1.0,0.5714285714285714,0.0,0.5345224838248488,4.0,2.0,2.0,2.0,7.0,2.0,1.8571428571428568,1.0,0.3779644730092272,13.0,1.0,1.0,2.5,7.0,3.0,1.7142857142857142,1.0,0.951189731211342,12.0,,,,0.0,-1.0,-1.0,-1.0,3.0,-1.0,-1.0,-1.0,0.0,-3.0,,,,,,0.5,1.0,1.0,7.0,1.0,0.7142857142857143,0.0,0.4879500364742666,5.0,1.0,2.0,2.0,7.0,2.0,1.5714285714285714,1.0,0.5345224838248488,11.0,0.5,1.0,1.0,7.0,1.0,0.7142857142857143,0.0,0.4879500364742666,5.0,0.0,1.0,1.0,7.0,1.0,0.5714285714285714,0.0,0.5345224838248488,4.0
599668,stu_HCFWU4201F,N,0.0,0.0,0.0,6.0,1.0,0.1666666666666666,0.0,0.408248290463863,1.0,1.0,1.0,1.0,6.0,1.0,0.8333333333333334,0.0,0.408248290463863,5.0,0.0,0.0,0.0,6.0,0.0,0.0,0.0,0.0,0.0,0.0,0.0,0.0,6.0,0.0,0.0,0.0,0.0,0.0,-0.1366502971259016,-0.1366158429102469,-0.1365453558993358,6.0,-0.1364170562702578,-0.1365863608390381,-0.1366857808499921,9.917449651190372e-05,-0.8195181650342289,-0.2276641118260758,-0.2275756999293975,-0.2247261120906956,6.0,-0.2237289988535816,-0.2263542072351767,-0.2277750127625871,0.0020119026060469,-1.358125243411061,-0.0456027259880125,-0.0455535154847766,-0.0455373522023331,6.0,-0.0453278243576628,-0.0455386143034156,-0.0456457365626678,0.0001120113044086,-0.2732316858204938,1.0,1.0,1.75,6.0,2.0,1.3333333333333333,1.0,0.5163977794943223,8.0,0.3899561846983485,0.4416885516973057,0.5043260289480068,6.0,0.5180722891566265,0.2165611071580291,-1.0,0.598461539482358,1.2993666429481747,58.0,69.0,86.0,5.0,86.0,69.6,49.0,16.56200470957547,348.0,0.0,0.0,0.0,6.0,0.0,0.0,0.0,0.0,0.0,2.0,2.0,2.0,6.0,2.0,1.5,-1.0,1.224744871391589,9.0,0.797569218130776,0.797569218130776,0.797569218130776,1.0,-1.0,-1.0,-1.0,6.0,0.797569218130776,-0.7004051303115374,-1.0,0.7338545602923522,-4.202430781869224,0.797569218130776,0.797569218130776,0.797569218130776,,0.797569218130776,0.0,0.0,0.75,6.0,1.0,0.3333333333333333,0.0,0.5163977794943223,2.0,0.0,0.0,0.75,6.0,1.0,0.3333333333333333,0.0,0.5163977794943223,2.0,0.0,0.0,0.0,6.0,0.0,0.0,0.0,0.0,0.0,51.25,63.5,81.75,6.0,86.0,57.833333333333336,-1.0,32.406275112494285,347.0
599984,stu_HCFWU4201F,N,0.0,0.0,0.0,8.0,0.0,0.0,0.0,0.0,0.0,1.0,1.0,1.0,8.0,1.0,1.0,1.0,0.0,8.0,0.0,0.0,0.0,8.0,0.0,0.0,0.0,0.0,0.0,0.0,0.0,0.0,8.0,0.0,0.0,0.0,0.0,0.0,-0.1370148803800005,-0.1370093896683424,-0.1370039447126148,8.0,-0.1368922316083373,-0.1369955713773362,-0.1370159098884364,4.2063997746271054e-05,-1.0959645710186896,-0.2283498559562441,-0.2283468703817801,-0.228193393551953,8.0,-0.2276770950713507,-0.2282198519187556,-0.228358766923706,0.0002376643885522,-1.8257588153500448,-0.0456719547108353,-0.0456718174430438,-0.045670845129521,8.0,-0.0456622086976421,-0.045670347533777,-0.0456720004667658,3.368620154656467e-06,-0.3653627802702165,0.0,0.0,0.25,8.0,1.0,0.25,0.0,0.4629100498862757,2.0,0.0,0.0,0.0,8.0,0.0,0.0,0.0,0.0,0.0,0.0,0.0,0.0,8.0,0.0,0.0,0.0,0.0,0.0,0.0,0.0,0.0,8.0,0.0,0.0,0.0,0.0,0.0,1.0,1.0,1.0,8.0,1.0,1.0,1.0,0.0,8.0,0.9943937300168624,0.99999979738254,0.999999898452626,3.0,0.9943937300168624,0.99999979738254,0.999999898452626,3.0,0.999999999522712,0.9962624865188122,0.988787662651185,0.0064733873589685,2.9887874595564368,0.999999999522712,0.9962624865188122,0.988787662651185,0.0064733873589685,2.9887874595564368,1.0,1.0,1.0,8.0,1.0,1.0,1.0,0.0,8.0,0.0,0.0,1.0,8.0,1.0,0.375,0.0,0.5175491695067657,3.0,1.0,1.0,1.0,8.0,1.0,1.0,1.0,0.0,8.0,0.0,0.0,0.0,8.0,0.0,0.0,0.0,0.0,0.0
602690,stu_HCFWU4201F,N,0.0,0.0,1.0,8.0,1.0,0.375,0.0,0.5175491695067657,3.0,0.0,1.0,1.0,8.0,1.0,0.625,0.0,0.5175491695067657,5.0,0.0,0.0,0.0,8.0,0.0,0.0,0.0,0.0,0.0,0.0,0.0,0.0,8.0,0.0,0.0,0.0,0.0,0.0,-0.1369630732277097,-0.1367055702899266,-0.1365498285415406,8.0,-0.1362979993391376,-0.1367110781600586,-0.1370177401256558,0.0002738582474771,-1.0936886252804694,-0.2280352496172167,-0.2279149115200429,-0.2277012198856985,8.0,-0.2275040003863286,-0.2278800226230486,-0.2282896297127442,0.0002640862874717,-1.8230401809843888,-0.0456729613413059,-0.0456353728444131,-0.0454741175064037,8.0,-0.0453972361042075,-0.0455734536314852,-0.0456729613413059,0.0001229883536407,-0.3645876290518818,0.0,1.0,2.0,8.0,3.0,1.125,0.0,1.1259916264596033,9.0,0.2653061224489796,0.2677105324888576,0.396551724137931,8.0,0.396551724137931,0.2819610602861834,0.0,0.1308584795072623,2.255688482289468,23.0,35.0,52.0,8.0,52.0,34.0,0.0,19.493588689617926,272.0,0.0,0.0,1.25,8.0,2.0,0.625,0.0,0.9161253813129044,5.0,1.0,1.0,4.0,8.0,4.0,2.125,1.0,1.5526475085202969,17.0,0.980018705770564,0.982277327917619,0.999963961766269,5.0,-0.051753655249234,0.980018705770564,0.991120644841944,7.0,0.999967802072091,0.4083886410040107,-1.0,0.9627563823241528,2.858720487028075,0.999967802072091,0.971744097405615,0.896492689501532,0.0431136020583792,4.858720487028075,0.0,0.0,1.0,8.0,1.0,0.375,0.0,0.5175491695067657,3.0,3.0,3.0,3.0,8.0,4.0,3.0,2.0,0.5345224838248488,24.0,0.0,0.0,0.0,8.0,0.0,0.0,0.0,0.0,0.0,23.0,35.0,52.0,8.0,52.0,34.0,0.0,19.493588689617926,272.0
602954,stu_HCFWU4201F,N,0.0,0.0,0.0,7.0,0.0,0.0,0.0,0.0,0.0,0.0,1.0,1.0,7.0,1.0,0.5714285714285714,0.0,0.5345224838248488,4.0,0.0,0.0,0.0,7.0,1.0,0.1428571428571428,0.0,0.3779644730092272,1.0,0.0,0.0,0.0,7.0,0.0,0.0,0.0,0.0,0.0,-0.1366583959255973,-0.1366270302352503,-0.1365751887660115,7.0,-0.1365049534127181,-0.1366153624729768,-0.1367083842796514,7.029784865811107e-05,-0.9563075373108376,-0.2277112518734572,-0.2276337184492516,-0.2275763862683547,7.0,-0.2275306303378704,-0.2276461967451508,-0.2277837521453096,9.61475560229006e-05,-1.593523377216056,-0.045588884819041,-0.0455821358192946,-0.0454913560532137,7.0,-0.0454492605971681,-0.0455422105016663,-0.0456035953506917,6.430756262040046e-05,-0.3187954735116642,1.0,1.0,1.5,7.0,2.0,1.2857142857142858,1.0,0.4879500364742666,9.0,0.5270768633540373,0.5758928571428571,0.8181818181818182,7.0,0.8181818181818182,0.440656005485198,-1.0,0.6507763417376108,3.0845920383963863,9.0,10.0,99.5,6.0,129.0,49.333333333333336,9.0,61.71439594346417,296.0,2.0,2.0,2.5,7.0,3.0,2.2857142857142856,2.0,0.4879500364742665,16.0,1.5,2.0,3.0,7.0,3.0,1.8571428571428568,-1.0,1.4638501094227998,13.0,,,,0.0,-1.0,-1.0,-1.0,5.0,-1.0,-1.0,-1.0,0.0,-5.0,,,,,,0.0,0.0,1.0,7.0,1.0,0.4285714285714285,0.0,0.5345224838248487,3.0,3.5,4.0,4.5,7.0,5.0,3.857142857142857,2.0,1.0690449676496976,27.0,0.0,0.0,0.0,7.0,0.0,0.0,0.0,0.0,0.0,9.0,9.0,70.0,7.0,129.0,42.142857142857146,-1.0,59.462673365814325,295.0
604372,stu_HCFWU4201F,N,0.0,0.0,0.0,6.0,0.0,0.0,0.0,0.0,0.0,1.0,1.0,1.0,6.0,1.0,1.0,1.0,0.0,6.0,0.0,0.0,0.0,6.0,0.0,0.0,0.0,0.0,0.0,0.0,0.0,0.0,6.0,0.0,0.0,0.0,0.0,0.0,-0.1367679127452115,-0.1366354950823899,-0.1365549989616854,6.0,-0.1364745257189461,-0.1366502818739247,-0.13681595647222,0.000139477088978,-0.8199016912435486,-0.2279213516672603,-0.2278043194360641,-0.2276946310317106,6.0,-0.2276746700070368,-0.2278276778385763,-0.2280643275110412,0.0001578188174191,-1.3669660670314585,-0.0455940552391857,-0.0455703994231254,-0.045489777473612,6.0,-0.045452463512302,-0.0455451650274633,-0.04561288380458,6.85744299612108e-05,-0.2732709901647798,0.0,0.0,0.0,6.0,0.0,0.0,0.0,0.0,0.0,0.0378787878787878,0.2007575757575757,0.2747641509433962,6.0,0.6989247311827957,0.0639097917704125,-1.0,0.570884494743737,0.3834587506224753,5.0,15.0,16.0,5.0,65.0,20.2,0.0,25.93646082255634,101.0,0.0,0.0,0.75,6.0,2.0,0.5,0.0,0.8366600265340756,3.0,1.0,1.0,1.0,6.0,1.0,0.6666666666666666,-1.0,0.816496580927726,4.0,0.7428579320674845,0.828555411956803,0.9142528918461216,2.0,-0.171419773910917,0.657160452178166,0.828555411956803,3.0,0.99995037173544,0.2190369413045353,-1.0,1.0695394010677486,0.6571108239136061,0.99995037173544,0.828555411956803,0.657160452178166,0.2423890766413395,1.657110823913606,1.0,1.0,1.0,6.0,1.0,1.0,1.0,0.0,6.0,0.0,0.0,0.0,6.0,0.0,0.0,0.0,0.0,0.0,0.0,0.0,0.0,6.0,0.0,0.0,0.0,0.0,0.0,1.25,10.0,15.75,6.0,65.0,16.666666666666668,-1.0,24.760183090330063,100.0
605222,stu_HCFWU4201F,N,0.0,0.0,1.0,8.0,1.0,0.375,0.0,0.5175491695067657,3.0,0.0,1.0,1.0,8.0,1.0,0.625,0.0,0.5175491695067657,5.0,0.0,0.0,0.0,8.0,0.0,0.0,0.0,0.0,0.0,0.0,0.0,0.0,8.0,0.0,0.0,0.0,0.0,0.0,-0.1366924612158429,-0.1366581671459449,-0.1366392928246201,8.0,-0.1366171469542657,-0.1366641039779252,-0.1367224313503101,3.639353315425144e-05,-1.0933128318234018,-0.2278290848334387,-0.2277980508735878,-0.227777094657426,8.0,-0.227712006846312,-0.227803507268298,-0.2279010703510732,6.205515787990515e-05,-1.8224280581463843,-0.0455833254734872,-0.0455638334471009,-0.0455453938071157,8.0,-0.0454966637411499,-0.0455580910778251,-0.0455971437644934,3.459622126414218e-05,-0.364464728622601,1.0,2.0,2.0,8.0,2.0,1.625,1.0,0.5175491695067657,13.0,0.4270833333333333,0.4722222222222222,0.5,8.0,0.5833333333333334,0.4392361111111111,0.1666666666666666,0.125536217607577,3.513888888888889,3.75,4.5,5.0,8.0,7.0,4.25,1.0,1.7525491637693282,34.0,0.0,0.0,0.0,8.0,0.0,0.0,0.0,0.0,0.0,2.0,2.0,2.0,8.0,3.0,2.0,1.0,0.5345224838248488,16.0,,,,0.0,-1.0,-1.0,-1.0,4.0,-1.0,-1.0,-1.0,0.0,-4.0,,,,,,0.0,0.5,1.0,8.0,1.0,0.5,0.0,0.5345224838248488,4.0,0.0,0.0,1.0,8.0,1.0,0.375,0.0,0.5175491695067657,3.0,0.0,0.0,0.0,8.0,0.0,0.0,0.0,0.0,0.0,3.75,4.5,5.0,8.0,7.0,4.25,1.0,1.7525491637693282,34.0
606321,stu_HCFWU4201F,N,0.0,0.0,0.0,7.0,1.0,0.1428571428571428,0.0,0.3779644730092273,1.0,1.0,1.0,1.0,7.0,1.0,0.8571428571428571,0.0,0.3779644730092272,6.0,0.0,0.0,0.0,7.0,0.0,0.0,0.0,0.0,0.0,0.0,0.0,0.0,7.0,0.0,0.0,0.0,0.0,0.0,-0.1366336419672053,-0.1365987073142805,-0.1349538044913348,7.0,-0.1332960900078535,-0.1356774051174174,-0.1366721455827078,0.0016145828874275,-0.9497418358219224,-0.2276931096470238,-0.2244378954845785,-0.22436056796206,7.0,-0.2242525382101866,-0.2257891857698872,-0.2277265114762773,0.0017923196798122,-1.5805243003892104,-0.0455528062678541,-0.0455407267022063,-0.0455188324894695,7.0,-0.0455164303031191,-0.0455410731399657,-0.0455870774597869,2.671433080861121e-05,-0.3187875119797599,0.5,2.0,2.0,7.0,3.0,1.4285714285714286,0.0,1.1338934190276817,10.0,0.0,0.3636363636363636,0.6,7.0,0.6666666666666666,0.1757575757575757,-1.0,0.5901030503562846,1.2303030303030305,1.0,6.0,12.5,6.0,14.0,6.666666666666667,0.0,6.408327915038889,40.0,0.0,0.0,0.0,7.0,0.0,0.0,0.0,0.0,0.0,1.0,1.0,2.0,7.0,3.0,1.2857142857142858,-1.0,1.3801311186847085,9.0,,,,0.0,-1.0,-1.0,-1.0,3.0,-1.0,-1.0,-1.0,0.0,-3.0,,,,,,0.5,1.0,1.0,7.0,1.0,0.7142857142857143,0.0,0.4879500364742666,5.0,1.5,2.0,2.5,7.0,3.0,1.8571428571428568,0.0,1.0690449676496976,13.0,0.0,1.0,1.0,7.0,1.0,0.5714285714285714,0.0,0.5345224838248488,4.0,0.0,4.0,11.0,7.0,14.0,5.571428571428571,-1.0,6.528326555791125,39.0
606397,stu_HCFWU4201F,N,0.0,0.0,0.25,8.0,1.0,0.25,0.0,0.4629100498862757,2.0,0.0,0.0,0.25,8.0,1.0,0.25,0.0,0.4629100498862757,2.0,0.0,0.0,0.0,8.0,0.0,0.0,0.0,0.0,0.0,0.0,0.0,0.0,8.0,1.0,0.125,0.0,0.3535533905932738,1.0,-0.1366875081363683,-0.1366516469258513,-0.1365862273842414,8.0,-0.1364374176593237,-0.1366141728187846,-0.1367127768489783,0.0001111143719308,-1.0929133825502773,-0.2277861085757327,-0.2276768205357709,-0.2275403877900493,8.0,-0.2274574666050291,-0.2276591129906735,-0.2278221871269196,0.0001484139333782,-1.821272903925388,-0.0455717263451094,-0.0455572674710764,-0.0455337031668769,8.0,-0.0455084687712148,-0.045557095886337,-0.0456307743733994,3.913741210389757e-05,-0.3644567670906967,0.75,2.5,4.25,8.0,5.0,2.5,0.0,2.070196678027062,20.0,0.7075098814229249,0.7075098814229249,0.7075098814229249,8.0,0.7075098814229249,0.4940711462450593,-1.0,0.603695908048594,3.9525691699604746,179.0,179.0,179.0,7.0,179.0,179.0,179.0,0.0,1253.0,0.0,1.5,3.0,8.0,3.0,1.5,0.0,1.4142135623730951,12.0,7.0,7.0,7.0,8.0,7.0,6.0,-1.0,2.8284271247461903,48.0,,,,0.0,-1.0,-1.0,-1.0,8.0,-1.0,-1.0,-1.0,0.0,-8.0,,,,,,0.0,0.0,0.0,8.0,1.0,0.125,0.0,0.3535533905932738,1.0,5.0,5.0,5.0,8.0,5.0,4.875,4.0,0.3535533905932738,39.0,0.0,0.0,0.0,8.0,0.0,0.0,0.0,0.0,0.0,179.0,179.0,179.0,8.0,179.0,156.5,-1.0,63.63961030678928,1252.0
608774,stu_HCFWU4201F,N,0.0,0.0,0.5,3.0,1.0,0.3333333333333333,0.0,0.5773502691896258,1.0,0.0,0.0,0.5,3.0,1.0,0.3333333333333333,0.0,0.5773502691896258,1.0,0.0,0.0,0.5,3.0,1.0,0.3333333333333333,0.0,0.5773502691896258,1.0,0.0,0.0,0.0,3.0,0.0,0.0,0.0,0.0,0.0,-0.1362190932370174,-0.1361934927939115,-0.1359984352622568,3.0,-0.1358033777306022,-0.1360805214015457,-0.1362446936801234,0.0002413749022687,-0.4082415642046372,-0.2269050323783308,-0.2268108895513594,-0.2267910314775292,3.0,-0.226771173403699,-0.2268604127201202,-0.2269991752053023,0.0001218015335152,-0.6805812381603608,-0.0454838978365448,-0.0454835317891009,-0.0453802148980673,3.0,-0.0452768980070338,-0.0454148978933744,-0.0454842638839886,0.0001195119678662,-0.1362446936801234,1.5,2.0,2.0,3.0,2.0,1.6666666666666667,1.0,0.5773502691896257,5.0,0.65625,0.65625,0.65625,3.0,0.65625,0.65625,0.65625,0.0,1.96875,21.0,21.0,21.0,3.0,21.0,21.0,21.0,0.0,63.0,1.0,1.0,1.0,3.0,1.0,1.0,1.0,0.0,3.0,3.0,3.0,3.0,3.0,3.0,3.0,3.0,0.0,9.0,,,,0.0,-1.0,-1.0,-1.0,2.0,-1.0,-1.0,-1.0,0.0,-2.0,,,,,,0.0,0.0,0.0,3.0,0.0,0.0,0.0,0.0,0.0,3.0,3.0,3.0,3.0,3.0,3.0,3.0,0.0,9.0,0.0,0.0,0.0,3.0,0.0,0.0,0.0,0.0,0.0,21.0,21.0,21.0,3.0,21.0,21.0,21.0,0.0,63.0
608777,stu_HCFWU4201F,N,0.25,0.5,0.75,2.0,1.0,0.5,0.0,0.7071067811865476,1.0,0.25,0.5,0.75,2.0,1.0,0.5,0.0,0.7071067811865476,1.0,0.0,0.0,0.0,2.0,0.0,0.0,0.0,0.0,0.0,0.0,0.0,0.0,2.0,0.0,0.0,0.0,0.0,0.0,-0.135423042997434,-0.1352794036926612,-0.1351357643878883,2.0,-0.1349921250831154,-0.1352794036926612,-0.1355666823022069,0.0004062733057992,-0.2705588073853224,-0.2261452551526389,-0.2260145990931409,-0.225883943033643,2.0,-0.225753286974145,-0.2260145990931409,-0.2262759112121368,0.0003695511426964,-0.4520291981862819,-0.0448320016559522,-0.0447542966470072,-0.0446765916380622,2.0,-0.0445988866291173,-0.0447542966470072,-0.0449097066648972,0.0002197829550286,-0.0895085932940145,3.0,3.0,3.0,2.0,3.0,3.0,3.0,0.0,6.0,0.525,0.525,0.525,2.0,0.525,0.525,0.525,0.0,1.05,63.0,63.0,63.0,2.0,63.0,63.0,63.0,0.0,126.0,1.0,1.0,1.0,2.0,1.0,1.0,1.0,0.0,2.0,2.0,2.0,2.0,2.0,2.0,2.0,2.0,0.0,4.0,,,,0.0,-1.0,-1.0,-1.0,1.0,-1.0,-1.0,-1.0,,-1.0,,,,,,0.0,0.0,0.0,2.0,0.0,0.0,0.0,0.0,0.0,2.25,2.5,2.75,2.0,3.0,2.5,2.0,0.7071067811865476,5.0,0.0,0.0,0.0,2.0,0.0,0.0,0.0,0.0,0.0,63.0,63.0,63.0,2.0,63.0,63.0,63.0,0.0,126.0
609037,stu_HCFWU4201F,N,0.0,0.0,0.0,1.0,0.0,0.0,0.0,,0.0,1.0,1.0,1.0,1.0,1.0,1.0,1.0,,1.0,0.0,0.0,0.0,1.0,0.0,0.0,0.0,,0.0,0.0,0.0,0.0,1.0,0.0,0.0,0.0,,0.0,-0.1365887782773663,-0.1365887782773663,-0.1365887782773663,1.0,-0.1365887782773663,-0.1365887782773663,-0.1365887782773663,,-0.1365887782773663,-0.2276987833824074,-0.2276987833824074,-0.2276987833824074,1.0,-0.2276987833824074,-0.2276987833824074,-0.2276987833824074,,-0.2276987833824074,-0.0454784986367476,-0.0454784986367476,-0.0454784986367476,1.0,-0.0454784986367476,-0.0454784986367476,-0.0454784986367476,,-0.0454784986367476,1.0,1.0,1.0,1.0,1.0,1.0,1.0,,1.0,0.5714285714285714,0.5714285714285714,0.5714285714285714,1.0,0.5714285714285714,0.5714285714285714,0.5714285714285714,,0.5714285714285714,16.0,16.0,16.0,1.0,16.0,16.0,16.0,,16.0,2.0,2.0,2.0,1.0,2.0,2.0,2.0,,2.0,3.0,3.0,3.0,1.0,3.0,3.0,3.0,,3.0,,,,0.0,-1.0,-1.0,-1.0,1.0,-1.0,-1.0,-1.0,,-1.0,,,,,,0.0,0.0,0.0,1.0,0.0,0.0,0.0,,0.0,5.0,5.0,5.0,1.0,5.0,5.0,5.0,,5.0,0.0,0.0,0.0,1.0,0.0,0.0,0.0,,0.0,16.0,16.0,16.0,1.0,16.0,16.0,16.0,,16.0
610918,stu_HCFWU4201F,N,0.0,0.0,0.0,3.0,0.0,0.0,0.0,0.0,0.0,0.0,0.0,0.5,3.0,1.0,0.3333333333333333,0.0,0.5773502691896258,1.0,0.5,1.0,1.0,3.0,1.0,0.6666666666666666,0.0,0.5773502691896258,2.0,0.0,0.0,0.0,3.0,0.0,0.0,0.0,0.0,0.0,-0.1328995233583478,-0.1327934611114851,-0.1327411163270111,3.0,-0.1326887715425371,-0.1328292727530775,-0.1330055856052104,0.0001614145062627,-0.3984878182592327,-0.2242224308079315,-0.2240952750771156,-0.2240293179033224,3.0,-0.2239633607295293,-0.2241360741151307,-0.2243495865387474,0.0001963186569171,-0.6724082223453923,-0.0454788875621567,-0.0454185583678132,-0.0435747773930174,3.0,-0.0417309964182217,-0.0442295905141784,-0.0455392167565003,0.0021646868027389,-0.1326887715425353,0.5,1.0,1.5,3.0,2.0,1.0,0.0,1.0,3.0,0.6382113821138211,0.6666666666666666,0.6666666666666666,3.0,0.6666666666666666,0.6476964769647696,0.6097560975609756,0.0328573323929055,1.9430894308943087,52.0,54.0,54.0,3.0,54.0,52.66666666666666,50.0,2.309401076758503,158.0,0.0,0.0,0.0,3.0,0.0,0.0,0.0,0.0,0.0,2.5,4.0,4.0,3.0,4.0,3.0,1.0,1.7320508075688772,9.0,0.4221304182395372,0.6146008793443996,0.8070713404492618,2.0,-0.3851700214326624,0.229659957134675,0.6146008793443996,3.0,0.999541801554124,0.0764005862295996,-1.0,1.0085426020343624,0.2292017586887988,0.999541801554124,0.6146008793443994,0.229659957134675,0.5443886729013989,1.2292017586887989,0.5,1.0,1.0,3.0,1.0,0.6666666666666666,0.0,0.5773502691896258,2.0,0.0,0.0,0.5,3.0,1.0,0.3333333333333333,0.0,0.5773502691896258,1.0,0.0,0.0,0.0,3.0,0.0,0.0,0.0,0.0,0.0,52.0,54.0,54.0,3.0,54.0,52.66666666666666,50.0,2.309401076758503,158.0
612026,stu_HCFWU4201F,N,0.0,0.0,0.0,7.0,0.0,0.0,0.0,0.0,0.0,1.0,1.0,1.0,7.0,1.0,1.0,1.0,0.0,7.0,0.0,0.0,0.0,7.0,0.0,0.0,0.0,0.0,0.0,0.0,0.0,0.0,7.0,0.0,0.0,0.0,0.0,0.0,-0.1367111753914109,-0.1366482152310645,-0.1365237819781125,7.0,-0.1364962140299956,-0.1366255202895443,-0.1367642980267032,0.0001108007829829,-0.9563786420268104,-0.2279390935293109,-0.227830926509646,-0.2276929495012706,7.0,-0.227609376294241,-0.2278156963213563,-0.2280054853844437,0.000154980968531,-1.594709874249494,-0.0455951305035521,-0.0455740370195989,-0.0455522114407578,7.0,-0.0453135027514212,-0.0455431060105915,-0.0456195184145003,0.0001051274641072,-0.3188017420741406,0.0,1.0,1.0,7.0,1.0,0.5714285714285714,0.0,0.5345224838248488,4.0,0.0,0.0,0.0833333333333333,7.0,0.25,0.0595238095238095,0.0,0.1044638617546681,0.4166666666666666,0.0,0.0,0.5,7.0,2.0,0.4285714285714285,0.0,0.7867957924694431,3.0,0.0,0.0,0.0,7.0,0.0,0.0,0.0,0.0,0.0,1.0,1.0,1.0,7.0,2.0,1.1428571428571428,1.0,0.3779644730092273,8.0,,,,0.0,-1.0,-1.0,-1.0,1.0,-1.0,-1.0,-1.0,,-1.0,,,,,,1.0,1.0,1.0,7.0,1.0,0.8571428571428571,0.0,0.3779644730092272,6.0,0.5,1.0,1.0,7.0,2.0,0.8571428571428571,0.0,0.6900655593423541,6.0,0.0,0.0,0.0,7.0,0.0,0.0,0.0,0.0,0.0,0.0,0.0,0.5,7.0,2.0,0.4285714285714285,0.0,0.7867957924694431,3.0
612824,stu_HCFWU4201F,N,0.0,0.0,0.0,1.0,0.0,0.0,0.0,,0.0,1.0,1.0,1.0,1.0,1.0,1.0,1.0,,1.0,0.0,0.0,0.0,1.0,0.0,0.0,0.0,,0.0,0.0,0.0,0.0,1.0,0.0,0.0,0.0,,0.0,-0.1361584437511604,-0.1361584437511604,-0.1361584437511604,1.0,-0.1361584437511604,-0.1361584437511604,-0.1361584437511604,,-0.1361584437511604,-0.2265032724307133,-0.2265032724307133,-0.2265032724307133,1.0,-0.2265032724307133,-0.2265032724307133,-0.2265032724307133,,-0.2265032724307133,-0.0454479794311146,-0.0454479794311146,-0.0454479794311146,1.0,-0.0454479794311146,-0.0454479794311146,-0.0454479794311146,,-0.0454479794311146,1.0,1.0,1.0,1.0,1.0,1.0,1.0,,1.0,0.3333333333333333,0.3333333333333333,0.3333333333333333,1.0,0.3333333333333333,0.3333333333333333,0.3333333333333333,,0.3333333333333333,2.0,2.0,2.0,1.0,2.0,2.0,2.0,,2.0,2.0,2.0,2.0,1.0,2.0,2.0,2.0,,2.0,1.0,1.0,1.0,1.0,1.0,1.0,1.0,,1.0,,,,0.0,,,,0.0,,,,,,,,,,,1.0,1.0,1.0,1.0,1.0,1.0,1.0,,1.0,1.0,1.0,1.0,1.0,1.0,1.0,1.0,,1.0,0.0,0.0,0.0,1.0,0.0,0.0,0.0,,0.0,2.0,2.0,2.0,1.0,2.0,2.0,2.0,,2.0
614026,stu_HCFWU4201F,N,0.0,0.0,0.0,7.0,1.0,0.1428571428571428,0.0,0.3779644730092273,1.0,0.5,1.0,1.0,7.0,1.0,0.7142857142857143,0.0,0.4879500364742666,5.0,0.0,0.0,0.0,7.0,1.0,0.1428571428571428,0.0,0.3779644730092273,1.0,0.0,0.0,0.0,7.0,0.0,0.0,0.0,0.0,0.0,-0.1365814573284879,-0.1364505038554418,-0.1364427024692942,7.0,-0.1364013162301712,-0.1365198175535641,-0.136738583193771,0.0001263932592298,-0.9556387228749488,-0.227648108689396,-0.2275544234217294,-0.2275316598463134,7.0,-0.2273234474846446,-0.2275589009663554,-0.2276748987866945,0.0001201606299813,-1.5929123067644877,-0.0456215774313721,-0.0455278692857402,-0.0454895944498901,7.0,-0.0454084463071761,-0.0455425111834952,-0.0456389189290256,8.863571742970957e-05,-0.3187975782844665,1.5,2.0,3.0,7.0,3.0,2.142857142857143,1.0,0.8997354108424372,15.0,0.0,0.0,0.1666666666666666,7.0,1.0,0.1904761904761904,0.0,0.365510442529189,1.3333333333333333,0.0,0.0,2.0,7.0,2.0,0.8571428571428571,0.0,1.0690449676496976,6.0,0.0,0.0,0.0,7.0,0.0,0.0,0.0,0.0,0.0,1.0,1.0,2.0,7.0,3.0,1.5714285714285714,1.0,0.9759000729485332,11.0,0.647466631455606,0.829188237147466,0.9079416389595476,3.0,-1.0,0.465745025763746,0.829188237147466,5.0,0.986695040771629,0.0563256607365681,-1.0,0.9826209550029537,0.2816283036828408,0.986695040771629,0.7605427678942803,0.465745025763746,0.2671729400050104,2.281628303682841,0.5,1.0,1.0,7.0,1.0,0.7142857142857143,0.0,0.4879500364742666,5.0,1.5,2.0,2.5,7.0,3.0,1.8571428571428568,0.0,1.0690449676496976,13.0,0.0,0.0,0.0,7.0,1.0,0.1428571428571428,0.0,0.3779644730092273,1.0,0.0,0.0,2.0,7.0,2.0,0.8571428571428571,0.0,1.0690449676496976,6.0
614630,stu_HCFWU4201F,N,0.0,0.0,0.0,5.0,0.0,0.0,0.0,0.0,0.0,0.0,1.0,1.0,5.0,1.0,0.6,0.0,0.5477225575051662,3.0,0.0,0.0,0.0,5.0,0.0,0.0,0.0,0.0,0.0,0.0,0.0,0.0,5.0,1.0,0.2,0.0,0.447213595499958,1.0,-0.1365762411524127,-0.1364644594142395,-0.1363982963387592,5.0,-0.1363457227746327,-0.1364769690856339,-0.1366001257481255,0.0001102202271468,-0.6823848454281698,-0.227622599758151,-0.2275070660336781,-0.227459342598183,5.0,-0.22741843679633,-0.2275327717154242,-0.2276564133907789,0.0001030551214178,-1.1376638585771213,-0.0454865059245824,-0.0454674714575009,-0.0454443189566758,5.0,-0.0453917453925494,-0.0454918685196351,-0.0456693008668672,0.0001053468241403,-0.2274593425981759,1.0,2.0,3.0,5.0,3.0,1.8,0.0,1.3038404810405295,9.0,0.1764705882352941,0.3125,0.3125,5.0,0.3125,0.2227941176470588,0.0,0.1377720256632794,1.1139705882352942,3.0,5.0,5.0,5.0,5.0,3.6,0.0,2.1908902300206643,18.0,1.0,1.0,2.0,5.0,2.0,1.4,1.0,0.5477225575051661,7.0,1.0,4.0,4.0,5.0,4.0,2.8,1.0,1.6431676725154984,14.0,0.999994950058225,0.999994950058225,0.999994950058225,1.0,-1.0,-1.0,-0.5000012624854437,4.0,0.999994950058225,-0.5000012624854437,-1.0,0.9999974750291124,-2.000005049941775,0.999994950058225,0.999994950058225,0.999994950058225,,0.999994950058225,0.0,0.0,1.0,5.0,1.0,0.4,0.0,0.5477225575051662,2.0,3.0,4.0,4.0,5.0,5.0,3.8,3.0,0.8366600265340756,19.0,0.0,0.0,0.0,5.0,0.0,0.0,0.0,0.0,0.0,3.0,5.0,5.0,5.0,5.0,3.6,0.0,2.1908902300206643,18.0
616225,stu_HCFWU4201F,N,0.25,0.5,0.75,2.0,1.0,0.5,0.0,0.7071067811865476,1.0,0.25,0.5,0.75,2.0,1.0,0.5,0.0,0.7071067811865476,1.0,0.0,0.0,0.0,2.0,0.0,0.0,0.0,0.0,0.0,0.0,0.0,0.0,2.0,0.0,0.0,0.0,0.0,0.0,-0.1366052847292876,-0.1365647792918264,-0.1365242738543652,2.0,-0.1364837684169039,-0.1365647792918264,-0.1366457901667488,0.000114566678015,-0.2731295585836528,-0.227499733645818,-0.2274858581598987,-0.2274719826739793,2.0,-0.2274581071880599,-0.2274858581598987,-0.2275136091317374,3.924580074336233e-05,-0.4549717163197974,-0.0455376839328291,-0.0455308891771522,-0.0455240944214752,2.0,-0.0455172996657983,-0.0455308891771522,-0.045544478688506,1.9218471262627315e-05,-0.0910617783543044,2.0,2.0,2.0,2.0,2.0,2.0,2.0,0.0,4.0,0.4666666666666667,0.4666666666666667,0.4666666666666667,2.0,0.4666666666666667,0.4666666666666667,0.4666666666666667,0.0,0.9333333333333332,7.0,7.0,7.0,2.0,7.0,7.0,7.0,0.0,14.0,0.0,0.0,0.0,2.0,0.0,0.0,0.0,0.0,0.0,2.0,2.0,2.0,2.0,2.0,2.0,2.0,0.0,4.0,0.766793405354952,0.766793405354952,0.766793405354952,1.0,-0.558301648661262,-0.116603297322524,0.3250950540162139,2.0,0.766793405354952,-0.116603297322524,-1.0,1.2493115978821592,-0.233206594645048,0.766793405354952,0.766793405354952,0.766793405354952,,0.766793405354952,0.25,0.5,0.75,2.0,1.0,0.5,0.0,0.7071067811865476,1.0,1.25,1.5,1.75,2.0,2.0,1.5,1.0,0.7071067811865476,3.0,0.0,0.0,0.0,2.0,0.0,0.0,0.0,0.0,0.0,7.0,7.0,7.0,2.0,7.0,7.0,7.0,0.0,14.0
621025,stu_MOVTU3163E,N,0.0,0.0,0.0,6.0,0.0,0.0,0.0,0.0,0.0,1.0,1.0,1.0,6.0,1.0,1.0,1.0,0.0,6.0,0.0,0.0,0.0,6.0,0.0,0.0,0.0,0.0,0.0,0.0,0.0,0.0,6.0,0.0,0.0,0.0,0.0,0.0,-0.1579353655794084,-0.1577667420423732,-0.1576614921676979,6.0,-0.1575818975326245,-0.1577888962035734,-0.1580000133028434,0.0001753415753244,-0.9467333772214408,-0.2629840825371052,-0.2629413175895032,-0.2628940406012153,6.0,-0.2628568442327517,-0.262960082541079,-0.2631443967099574,0.000104018889474,-1.5777604952464743,-0.0526726622954672,-0.0526412271690363,-0.0526356150853734,6.0,-0.0523427488412443,-0.0526042027470267,-0.0526831282410801,0.0001299437078286,-0.3156252164821605,0.0,0.5,1.75,6.0,2.0,0.8333333333333334,0.0,0.983192080250175,5.0,-0.75,0.0,0.0,6.0,0.0,-0.3333333333333333,-1.0,0.5163977794943223,-2.0,0.0,0.0,0.0,4.0,0.0,0.0,0.0,0.0,0.0,0.0,0.0,0.0,6.0,0.0,0.0,0.0,0.0,0.0,-0.5,1.0,1.0,6.0,1.0,0.3333333333333333,-1.0,1.0327955589886446,2.0,0.8613111180931282,0.9026222361862564,0.9439333542793849,2.0,-1.0,-0.0899999999999999,0.8613111180931282,4.0,0.985244472372513,-0.0486888819068717,-1.0,1.100548990497504,-0.194755527627487,0.985244472372513,0.9026222361862564,0.82,0.116845486968197,1.805244472372513,1.0,1.0,1.0,6.0,1.0,1.0,1.0,0.0,6.0,0.25,1.5,2.0,6.0,2.0,1.1666666666666667,0.0,0.9831920802501752,7.0,0.25,1.0,1.0,6.0,1.0,0.6666666666666666,0.0,0.5163977794943223,4.0,-0.75,0.0,0.0,6.0,0.0,-0.3333333333333333,-1.0,0.5163977794943223,-2.0
621929,stu_MOVTU3163E,N,0.0,0.0,0.0,6.0,1.0,0.1666666666666666,0.0,0.408248290463863,1.0,1.0,1.0,1.0,6.0,1.0,0.8333333333333334,0.0,0.408248290463863,5.0,0.0,0.0,0.0,6.0,0.0,0.0,0.0,0.0,0.0,0.0,0.0,0.0,6.0,0.0,0.0,0.0,0.0,0.0,-0.1578335028427134,-0.1578169089740755,-0.1577529200334403,6.0,-0.1577116653143322,-0.1577919829531702,-0.1578357899377167,5.460140246531082e-05,-0.9467518977190216,-0.2630183330277658,-0.262997388706676,-0.2629832124466149,6.0,-0.2629418645035257,-0.2630045607382895,-0.2630869210181358,4.871210570119645e-05,-1.5780273644297371,-0.052605236497395,-0.0525977475042457,-0.0525677355972598,6.0,-0.0525476178621358,-0.0525912425420081,-0.0526388779247123,3.3254591644901206e-05,-0.3155474552520491,0.0,0.5,1.0,6.0,1.0,0.5,0.0,0.5477225575051661,3.0,0.0,0.0666666666666666,0.1333333333333333,6.0,0.1333333333333333,0.0666666666666666,0.0,0.0730296743340221,0.4,0.0,1.0,2.0,6.0,2.0,1.0,0.0,1.095445115010332,6.0,0.0,0.0,0.0,6.0,0.0,0.0,0.0,0.0,0.0,1.0,1.0,1.75,6.0,2.0,1.3333333333333333,1.0,0.5163977794943223,8.0,,,,0.0,-1.0,-1.0,-1.0,1.0,-1.0,-1.0,-1.0,,-1.0,,,,,,1.0,1.0,1.0,6.0,1.0,0.8333333333333334,0.0,0.408248290463863,5.0,0.0,0.0,0.75,6.0,1.0,0.3333333333333333,0.0,0.5163977794943223,2.0,0.0,0.0,0.0,6.0,0.0,0.0,0.0,0.0,0.0,0.0,1.0,2.0,6.0,2.0,1.0,0.0,1.095445115010332,6.0
622586,stu_MOVTU3163E,?,0.0,0.0,0.0,2.0,0.0,0.0,0.0,0.0,0.0,0.0,0.0,0.0,2.0,0.0,0.0,0.0,0.0,0.0,1.0,1.0,1.0,2.0,1.0,1.0,1.0,0.0,2.0,0.0,0.0,0.0,2.0,0.0,0.0,0.0,0.0,0.0,-0.1551226924154174,-0.1550888023908172,-0.155054912366217,2.0,-0.1550210223416168,-0.1550888023908172,-0.1551565824400176,9.585546483755656e-05,-0.3101776047816345,-0.2600566133627731,-0.2600280681797566,-0.2599995229967402,2.0,-0.2599709778137237,-0.2600280681797566,-0.2600851585457896,8.073796992462211e-05,-0.5200561363595133,-0.0519144095077635,-0.0512597720675996,-0.0506051346274357,2.0,-0.0499504971872718,-0.0512597720675996,-0.0525690469479274,0.001851594292634,-0.1025195441351992,1.25,1.5,1.75,2.0,2.0,1.5,1.0,0.7071067811865476,3.0,-0.6551724137931034,-0.3103448275862069,0.0344827586206896,2.0,0.3793103448275862,-0.3103448275862069,-1.0,0.9753196981883416,-0.6206896551724138,11.0,11.0,11.0,1.0,11.0,11.0,11.0,,11.0,0.0,0.0,0.0,2.0,0.0,0.0,0.0,0.0,0.0,-0.25,0.5,1.25,2.0,2.0,0.5,-1.0,2.1213203435596424,1.0,,,,0.0,-1.0,-1.0,-1.0,1.0,-1.0,-1.0,-1.0,,-1.0,,,,,,0.25,0.5,0.75,2.0,1.0,0.5,0.0,0.7071067811865476,1.0,0.0,0.0,0.0,2.0,0.0,0.0,0.0,0.0,0.0,0.0,0.0,0.0,2.0,0.0,0.0,0.0,0.0,0.0,2.0,5.0,8.0,2.0,11.0,5.0,-1.0,8.48528137423857,10.0
624482,stu_MOVTU3163E,N,0.0,0.0,0.0,2.0,0.0,0.0,0.0,0.0,0.0,1.0,1.0,1.0,2.0,1.0,1.0,1.0,0.0,2.0,0.0,0.0,0.0,2.0,0.0,0.0,0.0,0.0,0.0,0.0,0.0,0.0,2.0,0.0,0.0,0.0,0.0,0.0,-0.1575295615896247,-0.1573944676111295,-0.1572593736326342,2.0,-0.1571242796541389,-0.1573944676111295,-0.15766465556812,0.0003821034731659,-0.314788935222259,-0.2623321299475973,-0.2623320305086842,-0.262331931069771,2.0,-0.2623318316308578,-0.2623320305086842,-0.2623322293865106,2.8125571931332945e-07,-0.5246640610173684,-0.0525802711152533,-0.0525643484592794,-0.0525484258033055,2.0,-0.0525325031473315,-0.0525643484592794,-0.0525961937712272,4.503607205460528e-05,-0.1051286969185588,1.0,1.0,1.0,2.0,1.0,1.0,1.0,0.0,2.0,0.0967365967365967,0.1328671328671328,0.168997668997669,2.0,0.2051282051282051,0.1328671328671328,0.0606060606060606,0.1021925884232306,0.2657342657342657,3.5,5.0,6.5,2.0,8.0,5.0,2.0,4.242640687119285,10.0,1.0,1.0,1.0,2.0,1.0,1.0,1.0,0.0,2.0,1.0,1.0,1.0,2.0,1.0,1.0,1.0,0.0,2.0,0.999999962713785,0.999999971828193,0.999999980942601,2.0,0.999999962713785,0.999999971828193,0.999999980942601,2.0,0.999999990057009,0.999999971828193,0.999999953599377,2.5779438830473016e-08,1.999999943656386,0.999999990057009,0.999999971828193,0.999999953599377,2.5779438830473016e-08,1.999999943656386,1.0,1.0,1.0,2.0,1.0,1.0,1.0,0.0,2.0,3.25,3.5,3.75,2.0,4.0,3.5,3.0,0.7071067811865476,7.0,0.0,0.0,0.0,2.0,0.0,0.0,0.0,0.0,0.0,3.5,5.0,6.5,2.0,8.0,5.0,2.0,4.242640687119285,10.0
624650,stu_MOVTU3163E,N,0.5,1.0,1.0,3.0,1.0,0.6666666666666666,0.0,0.5773502691896258,2.0,0.0,0.0,0.5,3.0,1.0,0.3333333333333333,0.0,0.5773502691896258,1.0,0.0,0.0,0.0,3.0,0.0,0.0,0.0,0.0,0.0,0.0,0.0,0.0,3.0,0.0,0.0,0.0,0.0,0.0,-0.157444733981745,-0.1570296883879707,-0.1570039337094556,3.0,-0.1569781790309404,-0.1572892156648101,-0.1578597795755193,0.0004947935787964,-0.4718676469944305,-0.2623631300287831,-0.2623448581284852,-0.2623053933098145,3.0,-0.2622659284911438,-0.2623307295162367,-0.262381401929081,5.901899677490135e-05,-0.7869921885487101,-0.0526275045990166,-0.0526235394723533,-0.0526141549249214,3.0,-0.0526047703774895,-0.0526199265251743,-0.0526314697256799,1.3711449191747056e-05,-0.1578597795755228,2.5,3.0,3.0,3.0,3.0,2.6666666666666665,2.0,0.5773502691896258,8.0,0.5352941176470588,0.6,0.6235294117647059,3.0,0.6470588235294118,0.5725490196078432,0.4705882352941176,0.0913818054724003,1.7176470588235295,8.5,9.0,10.0,3.0,11.0,9.333333333333334,8.0,1.5275252316519468,28.0,0.0,0.0,0.0,3.0,0.0,0.0,0.0,0.0,0.0,1.5,2.0,2.5,3.0,3.0,2.0,1.0,1.0,6.0,0.4916222677454758,0.5368433519012135,0.5820644360569512,2.0,-1.0,-1.0,-1.0,2.0,-1.0,-1.0,-1.0,0.0,-2.0,0.627285520212689,0.5368433519012135,0.446401183589738,0.1279045410365188,1.073686703802427,0.0,0.0,0.5,3.0,1.0,0.3333333333333333,0.0,0.5773502691896258,1.0,0.0,0.0,0.0,3.0,0.0,0.0,0.0,0.0,0.0,0.0,0.0,0.5,3.0,1.0,0.3333333333333333,0.0,0.5773502691896258,1.0,8.5,9.0,10.0,3.0,11.0,9.333333333333334,8.0,1.5275252316519468,28.0
625131,stu_MOVTU3163E,N,0.0,0.0,0.0,1.0,0.0,0.0,0.0,,0.0,1.0,1.0,1.0,1.0,1.0,1.0,1.0,,1.0,0.0,0.0,0.0,1.0,0.0,0.0,0.0,,0.0,0.0,0.0,0.0,1.0,0.0,0.0,0.0,,0.0,-0.1561745883137559,-0.1561745883137559,-0.1561745883137559,1.0,-0.1561745883137559,-0.1561745883137559,-0.1561745883137559,,-0.1561745883137559,-0.2613181513498396,-0.2613181513498396,-0.2613181513498396,1.0,-0.2613181513498396,-0.2613181513498396,-0.2613181513498396,,-0.2613181513498396,-0.050823570845045,-0.050823570845045,-0.050823570845045,1.0,-0.050823570845045,-0.050823570845045,-0.050823570845045,,-0.050823570845045,1.0,1.0,1.0,1.0,1.0,1.0,1.0,,1.0,0.0,0.0,0.0,1.0,0.0,0.0,0.0,,0.0,0.0,0.0,0.0,1.0,0.0,0.0,0.0,,0.0,0.0,0.0,0.0,1.0,0.0,0.0,0.0,,0.0,1.0,1.0,1.0,1.0,1.0,1.0,1.0,,1.0,,,,0.0,,,,0.0,,,,,,,,,,,1.0,1.0,1.0,1.0,1.0,1.0,1.0,,1.0,1.0,1.0,1.0,1.0,1.0,1.0,1.0,,1.0,1.0,1.0,1.0,1.0,1.0,1.0,1.0,,1.0,0.0,0.0,0.0,1.0,0.0,0.0,0.0,,0.0
625993,stu_MOVTU3163E,N,0.0,0.0,0.0,8.0,0.0,0.0,0.0,0.0,0.0,1.0,1.0,1.0,8.0,1.0,1.0,1.0,0.0,8.0,0.0,0.0,0.0,8.0,0.0,0.0,0.0,0.0,0.0,0.0,0.0,0.0,8.0,0.0,0.0,0.0,0.0,0.0,-0.1580507955128176,-0.1580501056553573,-0.1580492044902066,8.0,-0.158046724732309,-0.1580496830399763,-0.158051000605576,1.464163530152302e-06,-1.2643974643198104,-0.2634171576488266,-0.2634159270922759,-0.2634138575198952,8.0,-0.2630251197335907,-0.2633671181232317,-0.2634184254949697,0.0001381992625872,-2.106936944985854,-0.0526837435193554,-0.0526835757161894,-0.0526832525397215,8.0,-0.0526821835714048,-0.0526833581935668,-0.0526838491732007,5.9139437281773e-07,-0.4214668655485347,0.0,0.0,0.0,8.0,0.0,0.0,0.0,0.0,0.0,0.0,0.0,0.0,8.0,0.0,0.0,0.0,0.0,0.0,0.0,0.0,0.0,8.0,0.0,0.0,0.0,0.0,0.0,0.0,0.0,0.0,8.0,0.0,0.0,0.0,0.0,0.0,1.0,1.0,1.0,8.0,1.0,1.0,1.0,0.0,8.0,0.999999309231621,0.999999309231621,0.999999309231621,2.0,0.999999309231621,0.999999309231621,0.999999309231621,2.0,0.999999309231621,0.999999309231621,0.999999309231621,0.0,1.999998618463242,0.999999309231621,0.999999309231621,0.999999309231621,0.0,1.999998618463242,1.0,1.0,1.0,8.0,1.0,1.0,1.0,0.0,8.0,0.0,0.0,0.0,8.0,0.0,0.0,0.0,0.0,0.0,1.0,1.0,1.0,8.0,1.0,1.0,1.0,0.0,8.0,0.0,0.0,0.0,8.0,0.0,0.0,0.0,0.0,0.0
626067,stu_MOVTU3163E,N,0.0,0.0,0.0,8.0,0.0,0.0,0.0,0.0,0.0,1.0,1.0,1.0,8.0,1.0,1.0,1.0,0.0,8.0,0.0,0.0,0.0,8.0,0.0,0.0,0.0,0.0,0.0,0.0,0.0,0.0,8.0,0.0,0.0,0.0,0.0,0.0,-0.158049912992463,-0.1579989940539797,-0.1577718507165346,8.0,-0.1576963020022415,-0.1579172894494672,-0.1580505531304666,0.0001619112279657,-1.263338315595738,-0.2634158214384307,-0.2632889436001373,-0.2630636398825862,8.0,-0.2630614397966319,-0.2632519430020341,-0.2634171576488265,0.0001785272900915,-2.1060155440162727,-0.0526836751551026,-0.0526830909514876,-0.0526566339856481,8.0,-0.052429583872184,-0.0526389121068387,-0.0526839734718421,9.15475735412884e-05,-0.4211112968547098,0.0,0.0,0.0,8.0,0.0,0.0,0.0,0.0,0.0,0.0,0.0,0.0,8.0,0.0,-0.125,-1.0,0.3535533905932738,-1.0,0.0,0.0,0.0,7.0,0.0,0.0,0.0,0.0,0.0,0.0,0.0,0.0,8.0,0.0,0.0,0.0,0.0,0.0,0.75,1.0,1.0,8.0,1.0,0.625,-1.0,0.7440238091428449,5.0,0.812581926514399,0.812581926514399,0.812581926514399,4.0,-1.0,0.812581926514399,0.812581926514399,5.0,0.812581926514399,0.0875491559086393,-1.0,0.9927920084781076,0.4377457795431969,0.812581926514399,0.812581926514399,0.812581926514399,0.0,3.250327706057596,1.0,1.0,1.0,8.0,1.0,0.875,0.0,0.3535533905932738,7.0,0.0,0.0,0.25,8.0,1.0,0.25,0.0,0.4629100498862757,2.0,0.75,1.0,1.0,8.0,1.0,0.75,0.0,0.4629100498862757,6.0,0.0,0.0,0.0,8.0,0.0,-0.125,-1.0,0.3535533905932738,-1.0
627091,stu_MOVTU3163E,N,0.0,0.0,0.0,7.0,0.0,0.0,0.0,0.0,0.0,1.0,1.0,1.0,7.0,1.0,1.0,1.0,0.0,7.0,0.0,0.0,0.0,7.0,0.0,0.0,0.0,0.0,0.0,0.0,0.0,0.0,7.0,0.0,0.0,0.0,0.0,0.0,-0.1580497949087501,-0.1580493598635049,-0.1580492355648634,7.0,-0.1580489123883955,-0.1580494486482488,-0.1580498073386142,3.593519780859489e-07,-1.1063461405377415,-0.2634158276533627,-0.2634155914859439,-0.2634154920470307,7.0,-0.2634146965357252,-0.2634155914859439,-0.2634162129791513,4.708058884912409e-07,-1.8439091404016072,-0.0526834265578196,-0.0526831282410801,-0.0526830288021669,7.0,-0.0526825067478726,-0.0526831850633162,-0.0526837497342875,4.106784692602714e-07,-0.3687822954432134,0.0,0.0,0.0,7.0,0.0,0.0,0.0,0.0,0.0,0.0,0.0,0.0,7.0,0.0,0.0,0.0,0.0,0.0,0.0,0.0,0.0,7.0,0.0,0.0,0.0,0.0,0.0,0.0,0.0,0.0,7.0,0.0,0.0,0.0,0.0,0.0,1.0,1.0,1.0,7.0,1.0,1.0,1.0,0.0,7.0,1.0,1.0,1.0,7.0,1.0,1.0,1.0,7.0,1.0,1.0,1.0,0.0,7.0,1.0,1.0,1.0,0.0,7.0,1.0,1.0,1.0,7.0,1.0,1.0,1.0,0.0,7.0,0.0,0.0,0.0,7.0,0.0,0.0,0.0,0.0,0.0,0.0,0.0,0.0,7.0,0.0,0.0,0.0,0.0,0.0,0.0,0.0,0.0,7.0,0.0,0.0,0.0,0.0,0.0
627483,stu_MOVTU3163E,N,0.0,0.0,0.0,7.0,0.0,0.0,0.0,0.0,0.0,1.0,1.0,1.0,7.0,1.0,1.0,1.0,0.0,7.0,0.0,0.0,0.0,7.0,0.0,0.0,0.0,0.0,0.0,0.0,0.0,0.0,7.0,0.0,0.0,0.0,0.0,0.0,-0.157860637236142,-0.157860550227093,-0.1578504571774046,7.0,-0.1576792482286266,-0.1578318763061979,-0.1578611468605721,6.759103789337812e-05,-1.1048231341433854,-0.2630992887329633,-0.2630846339231325,-0.2620387105745138,7.0,-0.261081412157272,-0.2625062403818065,-0.2631016379772873,0.0009490918715304,-1.8375436826726457,-0.0526220478886556,-0.0526196364950108,-0.0526189528524826,7.0,-0.0526162804316908,-0.0526201017270689,-0.0526227936805044,2.319814256035215e-06,-0.3683407120894827,0.0,0.0,0.0,7.0,0.0,0.0,0.0,0.0,0.0,0.0,0.0,0.0,7.0,0.0714285714285714,0.010204081632653,0.0,0.0269974623578019,0.0714285714285714,0.0,0.0,0.0,7.0,1.0,0.1428571428571428,0.0,0.3779644730092272,1.0,0.0,0.0,0.0,7.0,0.0,0.0,0.0,0.0,0.0,1.0,1.0,1.0,7.0,1.0,1.0,1.0,0.0,7.0,1.0,1.0,1.0,7.0,1.0,1.0,1.0,7.0,1.0,1.0,1.0,0.0,7.0,1.0,1.0,1.0,0.0,7.0,1.0,1.0,1.0,7.0,1.0,1.0,1.0,0.0,7.0,0.0,0.0,0.0,7.0,0.0,0.0,0.0,0.0,0.0,0.0,0.0,0.0,7.0,0.0,0.0,0.0,0.0,0.0,0.0,0.0,0.0,7.0,1.0,0.1428571428571428,0.0,0.3779644730092272,1.0
628332,stu_MOVTU3163E,N,0.0,0.0,0.0,4.0,0.0,0.0,0.0,0.0,0.0,0.75,1.0,1.0,4.0,1.0,0.75,0.0,0.5,3.0,0.0,0.0,0.25,4.0,1.0,0.25,0.0,0.5,1.0,0.0,0.0,0.0,4.0,0.0,0.0,0.0,0.0,0.0,-0.1579438862512749,-0.1575406179537811,-0.1571339998078993,4.0,-0.1571225891926112,-0.1575372681053931,-0.1579452473213991,0.0004700876869696,-0.6301490724215726,-0.2624166903133979,-0.2616023104741327,-0.2607242151512436,4.0,-0.2605304211393083,-0.2615385949905088,-0.2624193378744615,0.0010204243632486,-1.0461543799620354,-0.0526527310083055,-0.0526475912594802,-0.0526428430513756,4.0,-0.0526313205673101,-0.0526479828002009,-0.0526654281145329,1.3951371289243007e-05,-0.2105919312008036,1.0,1.5,2.0,4.0,2.0,1.5,1.0,0.5773502691896257,6.0,0.1337209302325581,0.5116279069767442,0.541024301019075,4.0,0.6292134831460674,0.1631173242748889,-1.0,0.7773902477420243,0.6524692970995558,44.0,44.0,50.0,3.0,56.0,48.0,44.0,6.928203230275509,144.0,0.0,0.0,0.0,4.0,0.0,0.0,0.0,0.0,0.0,0.5,1.5,2.0,4.0,2.0,1.0,-1.0,1.4142135623730951,4.0,,,,0.0,-1.0,-1.0,-1.0,2.0,-1.0,-1.0,-1.0,0.0,-2.0,,,,,,0.75,1.0,1.0,4.0,1.0,0.75,0.0,0.5,3.0,1.0,1.5,2.0,4.0,2.0,1.5,1.0,0.5773502691896257,6.0,0.0,0.0,0.0,4.0,0.0,0.0,0.0,0.0,0.0,32.75,44.0,47.0,4.0,56.0,35.75,-1.0,25.14458192136032,143.0
632578,stu_GFQWI5404R,?,0.0,0.0,0.0,3.0,0.0,0.0,0.0,0.0,0.0,0.0,0.0,0.5,3.0,1.0,0.3333333333333333,0.0,0.5773502691896258,1.0,0.5,1.0,1.0,3.0,1.0,0.6666666666666666,0.0,0.5773502691896258,2.0,0.0,0.0,0.0,3.0,0.0,0.0,0.0,0.0,0.0,-0.2213096616153366,-0.2212558164210473,-0.2212270734650436,3.0,-0.2211983305090399,-0.221272551246571,-0.2213635068096258,8.385012437553855e-05,-0.6638176537397131,-0.3688867420403704,-0.368849135467866,-0.3688249178899606,3.0,-0.3688007003120551,-0.3688580614642653,-0.3689243486128748,6.230554255191734e-05,-1.106574184392796,-0.0737463444642915,-0.073712701850798,-0.0737091717156274,3.0,-0.0737056415804568,-0.0737327768363466,-0.0737799870777851,4.103738572119407e-05,-0.2211983305090399,3.0,3.0,3.0,3.0,3.0,3.0,3.0,0.0,9.0,0.6326530612244898,0.6326530612244898,0.7163265306122449,3.0,0.8,0.6884353741496598,0.6326530612244898,0.0966178001501006,2.0653061224489795,17.5,31.0,31.0,3.0,31.0,22.0,4.0,15.588457268119896,66.0,0.0,0.0,0.0,3.0,0.0,0.0,0.0,0.0,0.0,3.0,3.0,3.5,3.0,4.0,3.333333333333333,3.0,0.5773502691896258,10.0,,,,0.0,-1.0,-1.0,-1.0,2.0,-1.0,-1.0,-1.0,0.0,-2.0,,,,,,0.0,0.0,0.5,3.0,1.0,0.3333333333333333,0.0,0.5773502691896258,1.0,4.0,4.0,4.0,3.0,4.0,4.0,4.0,0.0,12.0,0.0,0.0,0.0,3.0,0.0,0.0,0.0,0.0,0.0,17.5,31.0,31.0,3.0,31.0,22.0,4.0,15.588457268119896,66.0
632907,stu_GFQWI5404R,N,0.75,1.0,1.0,4.0,1.0,0.75,0.0,0.5,3.0,0.0,0.0,0.25,4.0,1.0,0.25,0.0,0.5,1.0,0.0,0.0,0.0,4.0,0.0,0.0,0.0,0.0,0.0,0.0,0.0,0.0,4.0,0.0,0.0,0.0,0.0,0.0,-0.2212199791693032,-0.2212132251275551,-0.2211962422001619,4.0,-0.2211641519955084,-0.22120299624191,-0.2212213827170216,2.6678521830143808e-05,-0.8848119849676402,-0.3687172275013838,-0.3686746532205911,-0.3686287146784491,4.0,-0.3686083377174823,-0.3686712889592418,-0.3687275116783026,5.834193132453404e-05,-1.4746851558369671,-0.0737663641585664,-0.0737467782881318,-0.0737264481120889,4.0,-0.0737133823587827,-0.0737460339825235,-0.0737771969950478,2.9147706129891417e-05,-0.2949841359300942,3.0,3.5,4.0,4.0,4.0,3.5,3.0,0.5773502691896257,14.0,0.7291666666666666,0.75,0.75,4.0,0.75,0.7291666666666666,0.6666666666666666,0.0416666666666666,2.9166666666666665,2.75,3.0,3.0,4.0,3.0,2.75,2.0,0.5,11.0,0.0,0.0,0.0,4.0,0.0,0.0,0.0,0.0,0.0,3.75,4.0,4.0,4.0,4.0,3.75,3.0,0.5,15.0,,,,0.0,-1.0,-1.0,-1.0,3.0,-1.0,-1.0,-1.0,0.0,-3.0,,,,,,0.0,0.0,0.25,4.0,1.0,0.25,0.0,0.5,1.0,3.0,3.5,4.0,4.0,4.0,3.5,3.0,0.5773502691896257,14.0,0.0,0.0,0.25,4.0,1.0,0.25,0.0,0.5,1.0,2.75,3.0,3.0,4.0,3.0,2.75,2.0,0.5,11.0
634516,stu_UQOIQ9177W,N,0.0,0.0,0.0,1.0,0.0,0.0,0.0,,0.0,1.0,1.0,1.0,1.0,1.0,1.0,1.0,,1.0,0.0,0.0,0.0,1.0,0.0,0.0,0.0,,0.0,0.0,0.0,0.0,1.0,0.0,0.0,0.0,,0.0,-0.2098857259065851,-0.2098857259065851,-0.2098857259065851,1.0,-0.2098857259065851,-0.2098857259065851,-0.2098857259065851,,-0.2098857259065851,-0.3499176842901887,-0.3499176842901887,-0.3499176842901887,1.0,-0.3499176842901887,-0.3499176842901887,-0.3499176842901887,,-0.3499176842901887,-0.0700461088692434,-0.0700461088692434,-0.0700461088692434,1.0,-0.0700461088692434,-0.0700461088692434,-0.0700461088692434,,-0.0700461088692434,2.0,2.0,2.0,1.0,2.0,2.0,2.0,,2.0,0.0,0.0,0.0,1.0,0.0,0.0,0.0,,0.0,0.0,0.0,0.0,1.0,0.0,0.0,0.0,,0.0,0.0,0.0,0.0,1.0,0.0,0.0,0.0,,0.0,1.0,1.0,1.0,1.0,1.0,1.0,1.0,,1.0,,,,0.0,,,,0.0,,,,,,,,,,,1.0,1.0,1.0,1.0,1.0,1.0,1.0,,1.0,2.0,2.0,2.0,1.0,2.0,2.0,2.0,,2.0,1.0,1.0,1.0,1.0,1.0,1.0,1.0,,1.0,0.0,0.0,0.0,1.0,0.0,0.0,0.0,,0.0
635165,stu_UQOIQ9177W,N,0.0,0.0,0.0,3.0,0.0,0.0,0.0,0.0,0.0,0.5,1.0,1.0,3.0,1.0,0.6666666666666666,0.0,0.5773502691896258,2.0,0.0,0.0,0.5,3.0,1.0,0.3333333333333333,0.0,0.5773502691896258,1.0,0.0,0.0,0.0,3.0,0.0,0.0,0.0,0.0,0.0,-0.2097472832055241,-0.2097381357268774,-0.2097033554025275,3.0,-0.2096685750781775,-0.2097210471630752,-0.2097564306841707,4.635370681752784e-05,-0.6291631414892258,-0.3495739526247219,-0.3495694467450324,-0.3495431714947951,3.0,-0.3495168962445578,-0.3495549338313339,-0.3495784585044114,3.324825495551573e-05,-1.0486648014940017,-0.0699460566250546,-0.069889814560497,-0.0698679185186326,3.0,-0.0698460224767681,-0.0699127119089591,-0.0700022986896121,8.061501163034377e-05,-0.2097381357268774,1.0,1.0,1.0,3.0,1.0,1.0,1.0,0.0,3.0,0.5306122448979592,0.5306122448979592,0.5653061224489796,3.0,0.6,0.5537414965986395,0.5306122448979592,0.040061039086627,1.6612244897959183,22.0,26.0,26.0,3.0,26.0,23.33333333333333,18.0,4.618802153517007,70.0,0.0,0.0,0.0,3.0,0.0,0.0,0.0,0.0,0.0,1.5,2.0,2.0,3.0,2.0,1.6666666666666667,1.0,0.5773502691896257,5.0,,,,0.0,-1.0,-1.0,-1.0,1.0,-1.0,-1.0,-1.0,,-1.0,,,,,,0.5,1.0,1.0,3.0,1.0,0.6666666666666666,0.0,0.5773502691896258,2.0,1.0,1.0,1.0,3.0,1.0,1.0,1.0,0.0,3.0,0.0,0.0,0.0,3.0,0.0,0.0,0.0,0.0,0.0,22.0,26.0,26.0,3.0,26.0,23.33333333333333,18.0,4.618802153517007,70.0
635909,stu_UQOIQ9177W,N,0.0,0.0,0.0,7.0,1.0,0.1428571428571428,0.0,0.3779644730092273,1.0,0.0,1.0,1.0,7.0,1.0,0.5714285714285714,0.0,0.5345224838248488,4.0,0.0,0.0,0.5,7.0,1.0,0.2857142857142857,0.0,0.4879500364742666,2.0,0.0,0.0,0.0,7.0,0.0,0.0,0.0,0.0,0.0,-0.2100427259555237,-0.2099900306878301,-0.2098017247277961,7.0,-0.2097399091253094,-0.2099272508322602,-0.2100719146460422,0.0001409233814455,-1.4694907558258214,-0.3499365945081626,-0.3498003142674345,-0.3497437012368785,7.0,-0.3496968599936007,-0.3498484441974736,-0.3500813436311986,0.0001493641078594,-2.4489391093823154,-0.0700301030435995,-0.0700041082798489,-0.069956326049648,7.0,-0.0698511074253334,-0.0699802966574624,-0.0700340027105596,6.795212328859968e-05,-0.4898620766022371,2.0,2.0,2.5,7.0,3.0,2.2857142857142856,2.0,0.4879500364742665,16.0,0.5238544474393532,0.5571428571428572,0.6666666666666666,7.0,0.6666666666666666,0.5149788217173661,0.0,0.2374806622028932,3.6048517520215615,8.0,8.0,32.5,7.0,39.0,18.285714285714285,0.0,16.17317002233726,128.0,0.0,0.0,0.0,7.0,0.0,0.0,0.0,0.0,0.0,1.5,2.0,3.0,7.0,3.0,2.142857142857143,1.0,0.8997354108424372,15.0,,,,0.0,-1.0,-1.0,-1.0,3.0,-1.0,-1.0,-1.0,0.0,-3.0,,,,,,0.0,1.0,1.0,7.0,1.0,0.5714285714285714,0.0,0.5345224838248488,4.0,2.0,2.0,2.5,7.0,3.0,2.142857142857143,1.0,0.6900655593423541,15.0,0.0,0.0,0.5,7.0,1.0,0.2857142857142857,0.0,0.4879500364742666,2.0,8.0,8.0,32.5,7.0,39.0,18.285714285714285,0.0,16.17317002233726,128.0
636286,stu_UQOIQ9177W,N,0.0,0.0,0.0,7.0,0.0,0.0,0.0,0.0,0.0,1.0,1.0,1.0,7.0,1.0,1.0,1.0,0.0,7.0,0.0,0.0,0.0,7.0,0.0,0.0,0.0,0.0,0.0,0.0,0.0,0.0,7.0,0.0,0.0,0.0,0.0,0.0,-0.2100539906547474,-0.2100000377218393,-0.2099467271934652,7.0,-0.2099147336380799,-0.2100025608076551,-0.2101017185972411,7.677993697826241e-05,-1.4700179256535857,-0.3500218352562638,-0.3499705786128084,-0.3499696828656412,7.0,-0.3499689680774978,-0.3499984101106493,-0.350066287840429,4.631808967477101e-05,-2.449988870774545,-0.0700459007663661,-0.0700093198997306,-0.0699767563234207,7.0,-0.0699240701036783,-0.0700035964243248,-0.0700464707872907,5.043015962072492e-05,-0.4900251749702737,0.0,0.0,0.0,7.0,0.0,0.0,0.0,0.0,0.0,0.0,0.0,0.0,7.0,0.0,-0.1428571428571428,-1.0,0.3779644730092273,-1.0,0.0,0.0,0.0,6.0,0.0,0.0,0.0,0.0,0.0,0.0,0.0,0.0,7.0,0.0,0.0,0.0,0.0,0.0,1.0,1.0,1.0,7.0,1.0,0.7142857142857143,-1.0,0.7559289460184546,5.0,0.9883020080941776,0.991359543815842,0.991359543815842,3.0,0.4889333542793848,0.9883020080941776,0.991359543815842,4.0,0.991359543815842,0.4919908900010492,-1.0,0.9946647705289124,1.967963560004197,0.991359543815842,0.9893211866680656,0.985244472372513,0.0035305381439197,2.967963560004197,1.0,1.0,1.0,7.0,1.0,1.0,1.0,0.0,7.0,0.0,0.0,0.0,7.0,0.0,0.0,0.0,0.0,0.0,1.0,1.0,1.0,7.0,1.0,0.8571428571428571,0.0,0.3779644730092272,6.0,0.0,0.0,0.0,7.0,0.0,-0.1428571428571428,-1.0,0.3779644730092273,-1.0
636345,stu_UQOIQ9177W,N,0.0,0.5,1.0,6.0,1.0,0.5,0.0,0.5477225575051661,3.0,0.0,0.5,1.0,6.0,1.0,0.5,0.0,0.5477225575051661,3.0,0.0,0.0,0.0,6.0,0.0,0.0,0.0,0.0,0.0,0.0,0.0,0.0,6.0,0.0,0.0,0.0,0.0,0.0,-0.2099442344829141,-0.2099173937357278,-0.2099017362562045,6.0,-0.2098954976938634,-0.2099313939321927,-0.2100083799328306,4.285094193064881e-05,-1.2595883635931562,-0.349934495383488,-0.3499041214113645,-0.349888377976305,6.0,-0.3498462597635451,-0.3499108349911428,-0.3499827571551016,4.733469503865039e-05,-2.099465009946857,-0.0699990866669419,-0.0699870438439165,-0.0699601804768522,6.0,-0.0699464909267114,-0.0699798627866604,-0.0700042711429702,2.465065351339772e-05,-0.4198791767199626,2.0,2.5,3.0,6.0,3.0,2.333333333333333,1.0,0.816496580927726,14.0,0.2875,0.4,0.4,6.0,0.4,0.35,0.25,0.0774596669241483,2.1,1.25,2.0,2.0,6.0,2.0,1.6666666666666667,1.0,0.5163977794943223,10.0,0.0,0.0,0.0,6.0,0.0,0.0,0.0,0.0,0.0,2.0,2.5,3.0,6.0,3.0,2.333333333333333,1.0,0.816496580927726,14.0,,,,0.0,-1.0,-1.0,-1.0,3.0,-1.0,-1.0,-1.0,0.0,-3.0,,,,,,0.0,0.5,1.0,6.0,1.0,0.5,0.0,0.5477225575051661,3.0,2.0,2.0,2.75,6.0,3.0,2.1666666666666665,1.0,0.752772652709081,13.0,0.0,0.0,0.0,6.0,0.0,0.0,0.0,0.0,0.0,1.25,2.0,2.0,6.0,2.0,1.6666666666666667,1.0,0.5163977794943223,10.0
637260,stu_UQOIQ9177W,?,0.0,0.0,0.0,1.0,0.0,0.0,0.0,,0.0,0.0,0.0,0.0,1.0,0.0,0.0,0.0,,0.0,0.0,0.0,0.0,1.0,0.0,0.0,0.0,,0.0,1.0,1.0,1.0,1.0,1.0,1.0,1.0,,1.0,-0.2088913741674045,-0.2088913741674045,-0.2088913741674045,1.0,-0.2088913741674045,-0.2088913741674045,-0.2088913741674045,,-0.2088913741674045,-0.3480737118389612,-0.3480737118389612,-0.3480737118389612,1.0,-0.3480737118389612,-0.3480737118389612,-0.3480737118389612,,-0.3480737118389612,-0.0699661611725846,-0.0699661611725846,-0.0699661611725846,1.0,-0.0699661611725846,-0.0699661611725846,-0.0699661611725846,,-0.0699661611725846,1.0,1.0,1.0,1.0,1.0,1.0,1.0,,1.0,0.5274725274725275,0.5274725274725275,0.5274725274725275,1.0,0.5274725274725275,0.5274725274725275,0.5274725274725275,,0.5274725274725275,48.0,48.0,48.0,1.0,48.0,48.0,48.0,,48.0,0.0,0.0,0.0,1.0,0.0,0.0,0.0,,0.0,4.0,4.0,4.0,1.0,4.0,4.0,4.0,,4.0,,,,0.0,-1.0,-1.0,-1.0,1.0,-1.0,-1.0,-1.0,,-1.0,,,,,,0.0,0.0,0.0,1.0,0.0,0.0,0.0,,0.0,0.0,0.0,0.0,1.0,0.0,0.0,0.0,,0.0,0.0,0.0,0.0,1.0,0.0,0.0,0.0,,0.0,48.0,48.0,48.0,1.0,48.0,48.0,48.0,,48.0
645832,stu_VYURU8795K,N,0.0,0.5,1.0,4.0,1.0,0.5,0.0,0.5773502691896257,2.0,0.0,0.5,1.0,4.0,1.0,0.5,0.0,0.5773502691896257,2.0,0.0,0.0,0.0,4.0,0.0,0.0,0.0,0.0,0.0,0.0,0.0,0.0,4.0,0.0,0.0,0.0,0.0,0.0,-0.0983431554886924,-0.0982503212355909,-0.0981656455187141,4.0,-0.0980542867969986,-0.0982584797718156,-0.0984789898190818,0.0001779285894259,-0.3930339190872625,-0.1637509150647919,-0.1636813114489274,-0.1636637405754566,4.0,-0.1636637405754566,-0.1637333441913211,-0.163907013291973,0.0001169585448121,-0.6549333767652845,-0.0328432591966795,-0.0328045679567051,-0.0327205986066009,4.0,-0.0325581695672196,-0.0327592898465753,-0.0328698539056715,0.0001397058972756,-0.1310371593863014,2.0,2.0,2.0,4.0,2.0,2.0,2.0,0.0,8.0,0.1213592233009708,0.4951456310679611,0.4951456310679611,4.0,0.4951456310679611,0.1213592233009708,-1.0,0.7475728155339806,0.4854368932038835,102.0,102.0,102.0,3.0,102.0,102.0,102.0,0.0,306.0,0.0,0.0,0.0,4.0,0.0,0.0,0.0,0.0,0.0,1.25,2.0,2.0,4.0,2.0,1.25,-1.0,1.5,5.0,0.340028203353462,0.411083348548944,0.482138493744426,2.0,-1.0,-0.36551347092101,0.340028203353462,4.0,0.553193638939908,-0.294458325725528,-1.0,0.8229108671502865,-1.177833302902112,0.553193638939908,0.411083348548944,0.26897305815798,0.2009743000236802,0.822166697097888,0.0,0.5,1.0,4.0,1.0,0.5,0.0,0.5773502691896257,2.0,3.0,3.0,3.0,4.0,3.0,3.0,3.0,0.0,12.0,0.0,0.0,0.0,4.0,0.0,0.0,0.0,0.0,0.0,76.25,102.0,102.0,4.0,102.0,76.25,-1.0,51.5,305.0
646741,stu_VYURU8795K,N,0.0,0.0,0.0,7.0,1.0,0.1428571428571428,0.0,0.3779644730092272,1.0,0.0,0.0,0.0,7.0,1.0,0.1428571428571428,0.0,0.3779644730092272,1.0,0.0,0.0,0.0,7.0,1.0,0.1428571428571428,0.0,0.3779644730092272,1.0,0.0,0.0,1.0,7.0,1.0,0.4285714285714285,0.0,0.5345224838248488,3.0,-0.0983715514329548,-0.0981173653498003,-0.098085914369246,7.0,-0.0980285397281338,-0.0982386283427643,-0.0986095617170146,0.0002201084511642,-0.6876703983993506,-0.1638126603503101,-0.1636845077585738,-0.1635791708135956,7.0,-0.1635168162867359,-0.1637172781313499,-0.1640359605463285,0.0001874515640111,-1.1460209469194498,-0.0328698539056715,-0.0327192565097328,-0.0326990544200337,7.0,-0.0326540941749516,-0.0327687173202523,-0.0328698539056715,9.670171621928454e-05,-0.2293810212417666,0.0,0.0,1.5,7.0,2.0,0.7142857142857143,0.0,0.9511897312113418,5.0,0.4654503105590062,0.5178571428571429,0.5178571428571429,7.0,0.5178571428571429,0.4589793583337225,0.2105263157894736,0.1163127873304661,3.212855508336058,24.0,29.0,29.0,7.0,29.0,24.0,4.0,9.57427107756338,168.0,0.0,1.0,1.0,7.0,1.0,0.5714285714285714,0.0,0.5345224838248488,4.0,1.0,1.0,1.5,7.0,2.0,1.2857142857142858,1.0,0.4879500364742666,9.0,0.727139833049598,0.755239909204638,0.755239909204638,5.0,-1.0,-1.0,0.2953548747871984,6.0,0.982915245858808,-0.3816574868485989,-1.0,0.9613407401898192,-2.289944921091594,0.982915245858808,0.7592544967903474,0.575737586634055,0.1455731538104859,3.796272483951737,0.0,0.0,0.5,7.0,1.0,0.2857142857142857,0.0,0.4879500364742666,2.0,2.0,3.0,3.5,7.0,4.0,2.7142857142857144,1.0,1.1126972805283737,19.0,0.0,0.0,0.0,7.0,0.0,0.0,0.0,0.0,0.0,24.0,29.0,29.0,7.0,29.0,24.0,4.0,9.57427107756338,168.0
647252,stu_VYURU8795K,N,0.0,0.0,0.0,2.0,0.0,0.0,0.0,0.0,0.0,1.0,1.0,1.0,2.0,1.0,1.0,1.0,0.0,2.0,0.0,0.0,0.0,2.0,0.0,0.0,0.0,0.0,0.0,0.0,0.0,0.0,2.0,0.0,0.0,0.0,0.0,0.0,-0.0974566475297902,-0.0966268255043968,-0.0957970034790034,2.0,-0.09496718145361,-0.0966268255043968,-0.0982864695551836,0.0023470911253345,-0.1932536510087937,-0.1602221803855294,-0.1600290950282131,-0.1598360096708967,2.0,-0.1596429243135804,-0.1600290950282131,-0.1604152657428457,0.0005461278620248,-0.3200581900564262,-0.032713896951845,-0.0327085020756185,-0.032703107199392,2.0,-0.0326977123231656,-0.0327085020756185,-0.0327192918280714,1.525901425357281e-05,-0.0654170041512371,0.0,0.0,0.0,2.0,0.0,0.0,0.0,0.0,0.0,0.0769230769230769,0.1538461538461538,0.2307692307692307,2.0,0.3076923076923077,0.1538461538461538,0.0,0.2175713172881684,0.3076923076923077,2.0,4.0,6.0,2.0,8.0,4.0,0.0,5.656854249492381,8.0,0.25,0.5,0.75,2.0,1.0,0.5,0.0,0.7071067811865476,1.0,1.0,1.0,1.0,2.0,1.0,1.0,1.0,0.0,2.0,0.997278000813953,0.9981812043452468,0.999084407876541,2.0,0.997278000813953,0.9981812043452468,0.999084407876541,2.0,0.999987611407835,0.9981812043452468,0.996374797282659,0.0025546453670784,1.9963624086904936,0.999987611407835,0.9981812043452468,0.996374797282659,0.0025546453670784,1.9963624086904936,1.0,1.0,1.0,2.0,1.0,1.0,1.0,0.0,2.0,0.0,0.0,0.0,2.0,0.0,0.0,0.0,0.0,0.0,0.25,0.5,0.75,2.0,1.0,0.5,0.0,0.7071067811865476,1.0,2.0,4.0,6.0,2.0,8.0,4.0,0.0,5.656854249492381,8.0
647555,stu_VYURU8795K,N,0.0,0.0,0.25,4.0,1.0,0.25,0.0,0.5,1.0,0.75,1.0,1.0,4.0,1.0,0.75,0.0,0.5,3.0,0.0,0.0,0.0,4.0,0.0,0.0,0.0,0.0,0.0,0.0,0.0,0.0,4.0,0.0,0.0,0.0,0.0,0.0,-0.0978569632390461,-0.0973571557698561,-0.0968708663947785,4.0,-0.0967488856827186,-0.0973706738639685,-0.0980194982334433,0.0006338058954393,-0.3894826954558742,-0.1621373437867542,-0.1614651916546111,-0.1607572885341849,4.0,-0.1606063026365212,-0.161429440666328,-0.1621810767195687,0.0008386253937587,-0.6457177626653122,-0.0326700139160913,-0.0326077388554935,-0.0325904858470704,4.0,-0.0325873071965933,-0.0326527609076682,-0.0328082587230924,0.0001049479004718,-0.1306110436306728,2.0,2.0,2.0,4.0,2.0,2.0,2.0,0.0,8.0,0.09375,0.2125,0.3,4.0,0.3,0.18125,0.0,0.1463087488839953,0.725,0.75,2.0,3.0,4.0,3.0,1.75,0.0,1.5,7.0,0.0,0.0,0.0,4.0,0.0,0.0,0.0,0.0,0.0,1.0,2.0,3.0,4.0,3.0,2.0,1.0,1.1547005383792517,8.0,0.972031154668333,0.972031154668333,0.972031154668333,1.0,-1.0,-1.0,-0.0139844226658335,3.0,0.972031154668333,-0.3426562817772223,-1.0,1.1385527179980908,-1.0279688453316669,0.972031154668333,0.972031154668333,0.972031154668333,,0.972031154668333,0.0,0.5,1.0,4.0,1.0,0.5,0.0,0.5773502691896257,2.0,1.75,2.0,2.0,4.0,2.0,1.75,1.0,0.5,7.0,0.0,0.0,0.0,4.0,0.0,0.0,0.0,0.0,0.0,0.75,2.0,3.0,4.0,3.0,1.75,0.0,1.5,7.0
648985,stu_VYURU8795K,N,0.25,0.5,0.75,2.0,1.0,0.5,0.0,0.7071067811865476,1.0,0.25,0.5,0.75,2.0,1.0,0.5,0.0,0.7071067811865476,1.0,0.0,0.0,0.0,2.0,0.0,0.0,0.0,0.0,0.0,0.0,0.0,0.0,2.0,0.0,0.0,0.0,0.0,0.0,-0.0977318568540171,-0.097697942419343,-0.097664027984669,2.0,-0.0976301135499949,-0.097697942419343,-0.0977657712886911,9.592450695250508e-05,-0.195395884838686,-0.1631082184270702,-0.1630801403478556,-0.1630520622686409,2.0,-0.1630239841894263,-0.1630801403478556,-0.1631362965062849,7.9416800861487e-05,-0.3261602806957112,-0.0324670394239572,-0.0324325952142036,-0.0323981510044501,2.0,-0.0323637067946965,-0.0324325952142036,-0.0325014836337108,9.742293715743544e-05,-0.0648651904284073,1.25,1.5,1.75,2.0,2.0,1.5,1.0,0.7071067811865476,3.0,0.5428571428571428,0.5428571428571428,0.5428571428571428,2.0,0.5428571428571428,0.5428571428571428,0.5428571428571428,0.0,1.0857142857142856,57.0,57.0,57.0,2.0,57.0,57.0,57.0,0.0,114.0,0.0,0.0,0.0,2.0,0.0,0.0,0.0,0.0,0.0,2.0,2.0,2.0,2.0,2.0,2.0,2.0,0.0,4.0,,,,0.0,-1.0,-1.0,-1.0,1.0,-1.0,-1.0,-1.0,,-1.0,,,,,,0.25,0.5,0.75,2.0,1.0,0.5,0.0,0.7071067811865476,1.0,3.0,3.0,3.0,2.0,3.0,3.0,3.0,0.0,6.0,0.0,0.0,0.0,2.0,0.0,0.0,0.0,0.0,0.0,57.0,57.0,57.0,2.0,57.0,57.0,57.0,0.0,114.0
649560,stu_VYURU8795K,N,0.0,0.0,0.0,1.0,0.0,0.0,0.0,,0.0,1.0,1.0,1.0,1.0,1.0,1.0,1.0,,1.0,0.0,0.0,0.0,1.0,0.0,0.0,0.0,,0.0,0.0,0.0,0.0,1.0,0.0,0.0,0.0,,0.0,-0.0964202132233834,-0.0964202132233834,-0.0964202132233834,1.0,-0.0964202132233834,-0.0964202132233834,-0.0964202132233834,,-0.0964202132233834,-0.1549392279742008,-0.1549392279742008,-0.1549392279742008,1.0,-0.1549392279742008,-0.1549392279742008,-0.1549392279742008,,-0.1549392279742008,-0.0325555560101606,-0.0325555560101606,-0.0325555560101606,1.0,-0.0325555560101606,-0.0325555560101606,-0.0325555560101606,,-0.0325555560101606,1.0,1.0,1.0,1.0,1.0,1.0,1.0,,1.0,0.5833333333333334,0.5833333333333334,0.5833333333333334,1.0,0.5833333333333334,0.5833333333333334,0.5833333333333334,,0.5833333333333334,49.0,49.0,49.0,1.0,49.0,49.0,49.0,,49.0,0.0,0.0,0.0,1.0,0.0,0.0,0.0,,0.0,2.0,2.0,2.0,1.0,2.0,2.0,2.0,,2.0,,,,0.0,-1.0,-1.0,-1.0,1.0,-1.0,-1.0,-1.0,,-1.0,,,,,,0.0,0.0,0.0,1.0,0.0,0.0,0.0,,0.0,1.0,1.0,1.0,1.0,1.0,1.0,1.0,,1.0,0.0,0.0,0.0,1.0,0.0,0.0,0.0,,0.0,49.0,49.0,49.0,1.0,49.0,49.0,49.0,,49.0
649909,stu_VYURU8795K,N,0.0,0.0,1.0,7.0,1.0,0.4285714285714285,0.0,0.5345224838248487,3.0,0.0,1.0,1.0,7.0,1.0,0.5714285714285714,0.0,0.5345224838248488,4.0,0.0,0.0,0.0,7.0,0.0,0.0,0.0,0.0,0.0,0.0,0.0,0.0,7.0,0.0,0.0,0.0,0.0,0.0,-0.0982040895303184,-0.0981693186259325,-0.0973687048665901,7.0,-0.0970102413886164,-0.0978054035101167,-0.0983126757624511,0.0005463608852484,-0.6846378245708173,-0.1633330019933113,-0.162648903433125,-0.1622757122079406,7.0,-0.1618872281421273,-0.1627904240160345,-0.1637794081344855,0.0007501735707364,-1.1395329681122417,-0.0327914825122409,-0.0327450035785976,-0.0326932092349896,7.0,-0.0320273349375389,-0.0326502495215174,-0.0328100246400242,0.0002788179689053,-0.228551746650622,2.0,3.0,3.0,7.0,3.0,2.571428571428572,2.0,0.5345224838248488,18.0,0.4,0.45,0.45,7.0,0.5833333333333334,0.2476190476190476,-1.0,0.5535599077142161,1.7333333333333334,8.0,8.5,9.0,6.0,9.0,8.333333333333334,7.0,0.816496580927726,50.0,0.0,0.0,0.0,7.0,0.0,0.0,0.0,0.0,0.0,3.0,4.0,4.0,7.0,5.0,3.142857142857143,-1.0,1.9518001458970664,22.0,,,,0.0,-1.0,-1.0,-1.0,7.0,-1.0,-1.0,-1.0,0.0,-7.0,,,,,,0.0,0.0,0.0,7.0,0.0,0.0,0.0,0.0,0.0,1.5,2.0,2.5,7.0,3.0,2.0,1.0,0.816496580927726,14.0,0.0,0.0,0.0,7.0,0.0,0.0,0.0,0.0,0.0,7.5,8.0,9.0,7.0,9.0,7.0,-1.0,3.605551275463989,49.0
651687,stu_VYURU8795K,N,0.0,0.0,0.0,4.0,0.0,0.0,0.0,0.0,0.0,1.0,1.0,1.0,4.0,1.0,1.0,1.0,0.0,4.0,0.0,0.0,0.0,4.0,0.0,0.0,0.0,0.0,0.0,0.0,0.0,0.0,4.0,0.0,0.0,0.0,0.0,0.0,-0.0984385150030068,-0.0984057395847537,-0.0983313415044195,4.0,-0.0981707666778165,-0.0983641169226726,-0.0984742218433666,0.0001339697460068,-0.3934564676906906,-0.1638395729243494,-0.1635843626093745,-0.1633527537741923,4.0,-0.1632710359681761,-0.1636079640891672,-0.1639920951697437,0.0003394727013606,-0.6544318563566691,-0.0328232336986736,-0.032803614361562,-0.0327398206124029,4.0,-0.0325635379546921,-0.0327594399495145,-0.0328669931202421,0.0001340381698043,-0.1310377597980582,0.0,0.5,1.0,4.0,1.0,0.5,0.0,0.5773502691896257,2.0,0.0551470588235294,0.170485636114911,0.3176700029437739,4.0,0.4683544303797468,0.2023314256523922,0.0,0.2101868790336553,0.809325702609569,3.75,14.0,26.5,4.0,37.0,16.25,0.0,16.99754884289693,65.0,0.0,0.0,0.0,4.0,0.0,0.0,0.0,0.0,0.0,1.0,1.0,1.0,4.0,1.0,1.0,1.0,0.0,4.0,,,,0.0,,,,0.0,,,,,,,,,,,1.0,1.0,1.0,4.0,1.0,1.0,1.0,0.0,4.0,0.75,1.0,1.0,4.0,1.0,0.75,0.0,0.5,3.0,0.0,0.0,0.0,4.0,0.0,0.0,0.0,0.0,0.0,3.75,14.0,26.5,4.0,37.0,16.25,0.0,16.99754884289693,65.0
651983,stu_VYURU8795K,N,0.0,0.0,0.0,6.0,0.0,0.0,0.0,0.0,0.0,1.0,1.0,1.0,6.0,1.0,1.0,1.0,0.0,6.0,0.0,0.0,0.0,6.0,0.0,0.0,0.0,0.0,0.0,0.0,0.0,0.0,6.0,0.0,0.0,0.0,0.0,0.0,-0.0984013336220095,-0.0962539874625997,-0.094176280237393,6.0,-0.0941102526033153,-0.096274260188976,-0.0984265067678714,0.0023225722957457,-0.5776455611338565,-0.1598103508978776,-0.1597423101184978,-0.1596466150799668,6.0,-0.1594947992013453,-0.1603999905613853,-0.16397277603851,0.001754204061878,-0.9623999433683116,-0.0327824498471351,-0.032774017593786,-0.0327714393550657,6.0,-0.0285351988866867,-0.0320846624875329,-0.0328689003105283,0.0017392787833683,-0.1925079749251976,0.0,0.0,0.0,6.0,0.0,0.0,0.0,0.0,0.0,0.0183823529411764,0.0735294117647058,0.2189637482900136,6.0,0.5263157894736842,0.1568027455780354,0.0,0.2058271127147329,0.9408164734682124,1.25,5.0,18.5,6.0,70.0,17.166666666666668,0.0,27.242736034889493,103.0,0.0,0.0,0.0,6.0,0.0,0.0,0.0,0.0,0.0,1.0,1.0,1.0,6.0,1.0,1.0,1.0,0.0,6.0,0.9437355965578716,0.958187214598668,0.9650749271516754,3.0,0.9437355965578716,0.958187214598668,0.9650749271516754,3.0,0.971962639704683,0.953144610940142,0.929283978517075,0.021781595876666,2.859433832820426,0.971962639704683,0.953144610940142,0.929283978517075,0.021781595876666,2.859433832820426,1.0,1.0,1.0,6.0,1.0,1.0,1.0,0.0,6.0,0.0,0.0,0.0,6.0,0.0,0.0,0.0,0.0,0.0,0.0,0.0,0.0,6.0,0.0,0.0,0.0,0.0,0.0,1.25,5.0,18.5,6.0,70.0,17.166666666666668,0.0,27.242736034889493,103.0
655965,stu_VYURU8795K,N,0.0,0.0,0.0,5.0,1.0,0.2,0.0,0.447213595499958,1.0,1.0,1.0,1.0,5.0,1.0,0.8,0.0,0.447213595499958,4.0,0.0,0.0,0.0,5.0,0.0,0.0,0.0,0.0,0.0,0.0,0.0,0.0,5.0,0.0,0.0,0.0,0.0,0.0,-0.098135095155795,-0.0981149990211118,-0.0981129152391323,5.0,-0.0979391490130492,-0.0981283917351221,-0.0983398002465222,0.0001422763061048,-0.4906419586756106,-0.1638063207085252,-0.1635807424796649,-0.1634216333641152,5.0,-0.1634090953538998,-0.1636058043727601,-0.1638112299575954,0.0001972612283403,-0.8180290218638007,-0.0328284608127915,-0.0328062808961289,-0.0326636654447217,5.0,-0.0326429688982817,-0.0327622459915191,-0.0328698539056715,0.0001022840258134,-0.1638112299575955,1.0,1.0,1.0,5.0,1.0,0.8,0.0,0.447213595499958,4.0,0.0,0.2615384615384615,0.2727272727272727,5.0,0.2727272727272727,0.1613986013986013,0.0,0.1474068814330717,0.8069930069930069,0.0,17.0,18.0,5.0,18.0,10.6,0.0,9.685040010242602,53.0,0.0,0.0,0.0,5.0,0.0,0.0,0.0,0.0,0.0,1.0,1.0,2.0,5.0,2.0,1.4,1.0,0.5477225575051661,7.0,0.9999961529233804,0.999999842183222,0.9999999210460137,3.0,0.4999943477476543,0.9999961529233804,0.9999998816146176,4.0,0.999999999908805,0.4999980764388915,-1.0,0.9999987176321088,1.999992305755566,0.999999999908805,0.9999974352518554,0.999992463663539,4.30624397011242e-06,2.999992305755566,0.0,1.0,1.0,5.0,1.0,0.6,0.0,0.5477225575051662,3.0,1.0,1.0,2.0,5.0,2.0,1.4,1.0,0.5477225575051661,7.0,0.0,0.0,0.0,5.0,0.0,0.0,0.0,0.0,0.0,0.0,17.0,18.0,5.0,18.0,10.6,0.0,9.685040010242602,53.0
657700,stu_VYURU8795K,N,0.0,0.0,0.0,8.0,0.0,0.0,0.0,0.0,0.0,1.0,1.0,1.0,8.0,1.0,1.0,1.0,0.0,8.0,0.0,0.0,0.0,8.0,0.0,0.0,0.0,0.0,0.0,0.0,0.0,0.0,8.0,0.0,0.0,0.0,0.0,0.0,-0.0985278880589216,-0.0985166744864051,-0.0984669727543613,8.0,-0.0984431417053675,-0.0985005560796107,-0.0985404790466449,3.819911608303815e-05,-0.7880044486368857,-0.1642040846678147,-0.164157332017047,-0.1641352227370616,8.0,-0.1641284239568744,-0.1641682453836851,-0.1642220175542565,3.779985867716868e-05,-1.313345963069481,-0.0328481684457497,-0.0328398156586626,-0.0328307476752181,8.0,-0.0327947317993953,-0.0328347695510302,-0.032850075636036,1.8455454746596436e-05,-0.2626781564082417,0.0,0.0,0.0,8.0,0.0,0.0,0.0,0.0,0.0,0.0,0.0,0.0119047619047619,8.0,0.0769230769230769,0.0155677655677655,0.0,0.0298708908979855,0.1245421245421245,0.0,0.0,0.25,8.0,2.0,0.375,0.0,0.7440238091428449,3.0,0.0,0.0,0.0,8.0,0.0,0.0,0.0,0.0,0.0,1.0,1.0,1.0,8.0,1.0,1.0,1.0,0.0,8.0,1.0,1.0,1.0,8.0,1.0,1.0,1.0,8.0,1.0,1.0,1.0,0.0,8.0,1.0,1.0,1.0,0.0,8.0,1.0,1.0,1.0,8.0,1.0,1.0,1.0,0.0,8.0,0.0,0.0,0.0,8.0,0.0,0.0,0.0,0.0,0.0,0.0,0.0,0.0,8.0,0.0,0.0,0.0,0.0,0.0,0.0,0.0,0.25,8.0,2.0,0.375,0.0,0.7440238091428449,3.0
662358,stu_VYURU8795K,N,0.0,0.0,0.0,2.0,0.0,0.0,0.0,0.0,0.0,1.0,1.0,1.0,2.0,1.0,1.0,1.0,0.0,2.0,0.0,0.0,0.0,2.0,0.0,0.0,0.0,0.0,0.0,0.0,0.0,0.0,2.0,0.0,0.0,0.0,0.0,0.0,-0.0981245261429585,-0.0980661714179492,-0.0980078166929399,2.0,-0.0979494619679306,-0.0980661714179492,-0.0981828808679678,0.0001650520870734,-0.1961323428358984,-0.1623195864141096,-0.1612398959724598,-0.16016020553081,2.0,-0.1590805150891602,-0.1612398959724598,-0.1633992768557594,0.0030538257314914,-0.3224797919449197,-0.0327919593098125,-0.0327599079175014,-0.0327278565251904,2.0,-0.0326958051328793,-0.0327599079175014,-0.0328240107021235,9.065502739848451e-05,-0.0655198158350029,0.0,0.0,0.0,2.0,0.0,0.0,0.0,0.0,0.0,-0.625,-0.25,0.125,2.0,0.5,-0.25,-1.0,1.0606601717798212,-0.5,200.0,200.0,200.0,1.0,200.0,200.0,200.0,,200.0,0.0,0.0,0.0,2.0,0.0,0.0,0.0,0.0,0.0,-0.5,0.0,0.5,2.0,1.0,0.0,-1.0,1.4142135623730951,0.0,,,,0.0,-1.0,-1.0,-1.0,1.0,-1.0,-1.0,-1.0,,-1.0,,,,,,0.0,0.0,0.0,2.0,0.0,0.0,0.0,0.0,0.0,0.0,0.0,0.0,2.0,0.0,0.0,0.0,0.0,0.0,0.0,0.0,0.0,2.0,0.0,0.0,0.0,0.0,0.0,49.25,99.5,149.75,2.0,200.0,99.5,-1.0,142.12846301849606,199.0
668513,stu_IXIYN0463Z,N,0.0,0.0,0.0,4.0,0.0,0.0,0.0,0.0,0.0,0.0,0.5,1.0,4.0,1.0,0.5,0.0,0.5773502691896257,2.0,0.0,0.5,1.0,4.0,1.0,0.5,0.0,0.5773502691896257,2.0,0.0,0.0,0.0,4.0,0.0,0.0,0.0,0.0,0.0,-0.1613839315245339,-0.1612818623818925,-0.1612209323483008,4.0,-0.1612104790170383,-0.1613230014909422,-0.1615178021829453,0.000142119035681,-0.6452920059637688,-0.2689028700383371,-0.2688851315943625,-0.2688664325417503,4.0,-0.2688331035985811,-0.2688841709857248,-0.2689333171555931,4.139350880457567e-05,-1.0755366839428997,-0.0538597902111526,-0.0538265626987091,-0.0537677686768708,4.0,-0.0536861825743117,-0.0538009961893142,-0.053864676785527,8.27478645016027e-05,-0.2152039847572571,2.75,3.0,3.25,4.0,4.0,3.0,2.0,0.816496580927726,12.0,0.2010869565217391,0.6014492753623188,0.6014492753623188,4.0,0.6014492753623188,0.2010869565217391,-1.0,0.8007246376811595,0.8043478260869565,83.0,83.0,83.0,3.0,83.0,83.0,83.0,0.0,249.0,0.0,0.0,0.0,4.0,0.0,0.0,0.0,0.0,0.0,2.0,3.0,3.0,4.0,3.0,2.0,-1.0,2.0,8.0,,,,0.0,-1.0,-1.0,-1.0,3.0,-1.0,-1.0,-1.0,0.0,-3.0,,,,,,0.0,0.5,1.0,4.0,1.0,0.5,0.0,0.5773502691896257,2.0,3.0,3.0,3.25,4.0,4.0,3.25,3.0,0.5,13.0,0.0,0.0,0.0,4.0,0.0,0.0,0.0,0.0,0.0,62.0,83.0,83.0,4.0,83.0,62.0,-1.0,42.0,248.0
670097,stu_IXIYN0463Z,N,0.0,0.0,0.0,6.0,0.0,0.0,0.0,0.0,0.0,0.25,1.0,1.0,6.0,1.0,0.6666666666666666,0.0,0.5163977794943223,4.0,0.0,0.0,0.75,6.0,1.0,0.3333333333333333,0.0,0.5163977794943223,2.0,0.0,0.0,0.0,6.0,0.0,0.0,0.0,0.0,0.0,-0.1614824446252618,-0.1606746264595693,-0.1598617069250244,6.0,-0.15983180872699,-0.1606728802600167,-0.1615137688199696,0.0008902060153085,-0.9640372815601004,-0.2675392830938548,-0.2675194444372064,-0.2675014494331609,6.0,-0.267316344325234,-0.2677547557655273,-0.2691319543156338,0.000679792494451,-1.606528534593164,-0.0538433465005593,-0.05382503527131,-0.05378536989104,6.0,-0.0522104967783682,-0.0535570751823336,-0.0538602854317546,0.0006603475167269,-0.3213424510940021,1.0,1.5,2.0,6.0,2.0,1.5,1.0,0.5477225575051661,9.0,0.5379714576962283,0.5555555555555556,0.561965811965812,6.0,0.5866666666666667,0.5543500875610968,0.5321100917431193,0.0206475820275259,3.3261005253665807,58.0,64.0,70.0,6.0,88.0,61.0,22.0,22.0454076850486,366.0,0.0,0.0,0.0,6.0,0.0,0.0,0.0,0.0,0.0,1.25,2.0,2.0,6.0,2.0,1.6666666666666667,1.0,0.5163977794943222,10.0,,,,0.0,-1.0,-1.0,-1.0,2.0,-1.0,-1.0,-1.0,0.0,-2.0,,,,,,0.25,1.0,1.0,6.0,1.0,0.6666666666666666,0.0,0.5163977794943223,4.0,1.0,1.0,1.75,6.0,2.0,1.3333333333333333,1.0,0.5163977794943223,8.0,0.0,0.0,0.0,6.0,0.0,0.0,0.0,0.0,0.0,58.0,64.0,70.0,6.0,88.0,61.0,22.0,22.0454076850486,366.0
671462,stu_IXIYN0463Z,N,0.0,0.0,0.0,4.0,0.0,0.0,0.0,0.0,0.0,0.0,0.5,1.0,4.0,1.0,0.5,0.0,0.5773502691896257,2.0,0.0,0.0,0.25,4.0,1.0,0.25,0.0,0.5,1.0,0.0,0.0,0.25,4.0,1.0,0.25,0.0,0.5,1.0,-0.1614154884132596,-0.1614019205620661,-0.1613229656918625,4.0,-0.1610928671073085,-0.161336533543056,-0.1614494259407831,0.0001639909784304,-0.645346134172224,-0.2688531451166809,-0.2685970564002893,-0.2683540224149493,4.0,-0.2682826569496349,-0.2686101111313409,-0.26896367477515,0.0003310143597939,-1.0744404445253637,-0.0538476125575528,-0.0537797494355324,-0.0537135509707165,4.0,-0.0536762304301645,-0.0537814140927369,-0.0538899270697181,9.76799494024998e-05,-0.2151256563709476,1.0,1.0,1.0,4.0,1.0,1.0,1.0,0.0,4.0,0.1333333333333333,0.1333333333333333,0.1901639344262295,4.0,0.360655737704918,0.1901639344262295,0.1333333333333333,0.1136612021857923,0.7606557377049181,6.0,6.0,10.0,4.0,22.0,10.0,6.0,8.0,40.0,0.0,0.0,0.0,4.0,0.0,0.0,0.0,0.0,0.0,1.75,2.0,2.0,4.0,2.0,1.75,1.0,0.5,7.0,,,,0.0,-1.0,-1.0,-1.0,2.0,-1.0,-1.0,-1.0,0.0,-2.0,,,,,,0.0,0.5,1.0,4.0,1.0,0.5,0.0,0.5773502691896257,2.0,0.75,1.5,2.0,4.0,2.0,1.25,0.0,0.957427107756338,5.0,0.0,0.0,0.0,4.0,0.0,0.0,0.0,0.0,0.0,6.0,6.0,10.0,4.0,22.0,10.0,6.0,8.0,40.0
672027,stu_IXIYN0463Z,N,0.0,0.0,0.0,4.0,0.0,0.0,0.0,0.0,0.0,0.0,0.0,0.25,4.0,1.0,0.25,0.0,0.5,1.0,0.0,0.0,0.25,4.0,1.0,0.25,0.0,0.5,1.0,0.0,0.5,1.0,4.0,1.0,0.5,0.0,0.5773502691896257,2.0,-0.161536208876407,-0.1614810603941813,-0.1614210492036344,4.0,-0.161339284105677,-0.16147619768586,-0.1616033858494004,0.0001112285649878,-0.6459047907434402,-0.2691708679152309,-0.2691023484767499,-0.2686636247889284,4.0,-0.2674959841069986,-0.2687321442274094,-0.2692278958491391,0.0008272175029554,-1.0749285769096375,-0.0538894199160895,-0.0538120282723647,-0.0537297560207787,4.0,-0.0537147741059384,-0.0538071476645035,-0.0538897600073464,9.547980465208602e-05,-0.2152285906580143,2.0,2.5,3.0,4.0,3.0,2.5,2.0,0.5773502691896257,10.0,0.2467783505154639,0.25,0.25,4.0,0.25,0.2467783505154639,0.2371134020618556,0.0064432989690721,0.9871134020618556,4.0,4.0,8.75,4.0,23.0,8.75,4.0,9.5,35.0,0.0,0.0,0.0,4.0,0.0,0.0,0.0,0.0,0.0,1.0,1.0,2.25,4.0,6.0,2.25,1.0,2.5,9.0,,,,0.0,-1.0,-1.0,-1.0,3.0,-1.0,-1.0,-1.0,0.0,-3.0,,,,,,0.0,0.0,0.0,4.0,0.0,0.0,0.0,0.0,0.0,2.0,2.0,2.0,4.0,2.0,2.0,2.0,0.0,8.0,0.0,0.0,0.0,4.0,0.0,0.0,0.0,0.0,0.0,4.0,4.0,8.75,4.0,23.0,8.75,4.0,9.5,35.0
674964,stu_IXIYN0463Z,N,0.0,0.0,0.0,8.0,0.0,0.0,0.0,0.0,0.0,1.0,1.0,1.0,8.0,1.0,1.0,1.0,0.0,8.0,0.0,0.0,0.0,8.0,0.0,0.0,0.0,0.0,0.0,0.0,0.0,0.0,8.0,0.0,0.0,0.0,0.0,0.0,-0.1615924850296421,-0.1615882428387017,-0.1615785651541653,8.0,-0.1615145802657754,-0.1615809278934232,-0.1616102354066432,2.921202672364324e-05,-1.292647423147386,-0.2693213732126605,-0.2692966778142042,-0.2692481640947433,8.0,-0.2692101395056246,-0.2692839184255599,-0.2693328348846669,4.541462019598539e-05,-2.154271347404479,-0.053871317514805,-0.053865643360678,-0.0538563594660179,8.0,-0.0538428870790369,-0.0538624840918974,-0.0538728867077971,1.0824394480364302e-05,-0.4308998727351798,0.0,0.0,0.0,8.0,0.0,0.0,0.0,0.0,0.0,0.0,0.0,0.0227272727272727,8.0,0.0909090909090909,0.0227272727272727,0.0,0.0420827318078432,0.1818181818181818,0.0,0.0,0.25,8.0,1.0,0.25,0.0,0.4629100498862757,2.0,0.0,0.0,0.0,8.0,0.0,0.0,0.0,0.0,0.0,1.0,1.0,1.0,8.0,1.0,1.0,1.0,0.0,8.0,1.0,1.0,1.0,7.0,1.0,1.0,1.0,7.0,1.0,1.0,1.0,0.0,7.0,1.0,1.0,1.0,0.0,7.0,1.0,1.0,1.0,8.0,1.0,1.0,1.0,0.0,8.0,0.0,0.0,0.0,8.0,0.0,0.0,0.0,0.0,0.0,0.0,0.0,0.0,8.0,0.0,0.0,0.0,0.0,0.0,0.0,0.0,0.25,8.0,1.0,0.25,0.0,0.4629100498862757,2.0
676481,stu_IXIYN0463Z,G,0.0,0.0,0.0,8.0,0.0,0.0,0.0,0.0,0.0,0.0,0.0,0.25,8.0,1.0,0.25,0.0,0.4629100498862757,2.0,0.0,0.0,0.0,8.0,0.0,0.0,0.0,0.0,0.0,0.0,0.0,0.25,8.0,1.0,0.25,0.0,0.4629100498862757,2.0,-0.1615195444048224,-0.1615084228240728,-0.1614671703512709,8.0,-0.1614049634838378,-0.1614864421891578,-0.1615324559395553,5.192085889229926e-05,-1.291891537513263,-0.269178755645784,-0.2691317037220762,-0.268810239919701,8.0,-0.2679856439186717,-0.26886289141612,-0.2692084450158538,0.0005392202320181,-2.15090313132896,-0.0538450946889496,-0.0538376484803791,-0.0538198802038381,8.0,-0.0538084006322918,-0.0538350351475634,-0.0538635550810308,1.982079456912969e-05,-0.4306802811805079,0.0,0.0,0.0,8.0,0.0,0.0,0.0,0.0,0.0,0.6666666666666666,0.7083333333333333,0.75,8.0,0.75,0.7083333333333333,0.6666666666666666,0.0445435403187374,5.666666666666666,4.0,4.0,6.0,8.0,6.0,4.625,3.0,1.1877349391654208,37.0,3.0,4.0,4.0,8.0,4.0,3.5,2.0,0.7559289460184544,28.0,1.0,1.0,1.0,8.0,1.0,1.0,1.0,0.0,8.0,,,,0.0,-1.0,-1.0,-1.0,6.0,-1.0,-1.0,-1.0,0.0,-6.0,,,,,,0.0,0.0,0.25,8.0,1.0,0.25,0.0,0.4629100498862757,2.0,3.0,4.0,4.0,8.0,4.0,3.625,3.0,0.5175491695067657,29.0,0.0,0.0,0.0,8.0,0.0,0.0,0.0,0.0,0.0,4.0,4.0,6.0,8.0,6.0,4.625,3.0,1.1877349391654208,37.0
678759,stu_XTUTZ4920I,N,0.0,0.0,0.0,2.0,0.0,0.0,0.0,0.0,0.0,1.0,1.0,1.0,2.0,1.0,1.0,1.0,0.0,2.0,0.0,0.0,0.0,2.0,0.0,0.0,0.0,0.0,0.0,0.0,0.0,0.0,2.0,0.0,0.0,0.0,0.0,0.0,-0.1345955975185154,-0.1344588490822196,-0.1343221006459239,2.0,-0.1341853522096281,-0.1344588490822196,-0.1347323459548112,0.0003867829864856,-0.2689176981644393,-0.225080946037506,-0.2250445245032674,-0.2250081029690289,2.0,-0.2249716814347903,-0.2250445245032674,-0.2251173675717446,0.0001030156553652,-0.4500890490065349,-0.0452911164354422,-0.0451218496379803,-0.0449525828405183,2.0,-0.0447833160430563,-0.0451218496379803,-0.0454603832329042,0.0004787588012603,-0.0902436992759606,0.0,0.0,0.0,2.0,0.0,0.0,0.0,0.0,0.0,-0.7134146341463414,-0.4268292682926828,-0.1402439024390243,2.0,0.1463414634146341,-0.4268292682926829,-1.0,0.8105858223357983,-0.8536585365853658,6.0,6.0,6.0,1.0,6.0,6.0,6.0,,6.0,0.0,0.0,0.0,2.0,0.0,0.0,0.0,0.0,0.0,-0.5,0.0,0.5,2.0,1.0,0.0,-1.0,1.4142135623730951,0.0,0.999710901632539,0.999710901632539,0.999710901632539,1.0,-0.5000722745918653,-0.0001445491837305,0.4997831762244042,2.0,0.999710901632539,-0.0001445491837305,-1.0,1.4140091389570333,-0.000289098367461,0.999710901632539,0.999710901632539,0.999710901632539,,0.999710901632539,1.0,1.0,1.0,2.0,1.0,1.0,1.0,0.0,2.0,0.0,0.0,0.0,2.0,0.0,0.0,0.0,0.0,0.0,0.0,0.0,0.0,2.0,0.0,0.0,0.0,0.0,0.0,0.75,2.5,4.25,2.0,6.0,2.5,-1.0,4.949747468305833,5.0
679919,stu_XTUTZ4920I,N,0.0,0.0,0.0,3.0,0.0,0.0,0.0,0.0,0.0,0.0,0.0,0.5,3.0,1.0,0.3333333333333333,0.0,0.5773502691896258,1.0,0.0,0.0,0.5,3.0,1.0,0.3333333333333333,0.0,0.5773502691896258,1.0,0.0,0.0,0.5,3.0,1.0,0.3333333333333333,0.0,0.5773502691896258,1.0,-0.1360119725586739,-0.1359764480269427,-0.1359298847075989,3.0,-0.135883321388255,-0.135969088835201,-0.1360474970904052,8.233488672150487e-05,-0.407907266505603,-0.2267165371769079,-0.2267085692086897,-0.2267017325949853,3.0,-0.2266948959812809,-0.2267093234450322,-0.226724505145126,1.4818984453983416e-05,-0.6801279703350966,-0.0453305360591422,-0.0453229074972782,-0.0452725783836243,3.0,-0.0452222492699705,-0.0452944404627516,-0.0453381646210062,6.298310243617695e-05,-0.135883321388255,2.0,2.0,2.5,3.0,3.0,2.333333333333333,2.0,0.5773502691896258,7.0,0.5022274633123689,0.5138888888888888,0.5138888888888888,3.0,0.5138888888888888,0.5061146051712089,0.490566037735849,0.013465454391477,1.5183438155136266,31.5,37.0,37.0,3.0,37.0,33.333333333333336,26.0,6.350852961085884,100.0,1.5,2.0,2.0,3.0,2.0,1.6666666666666667,1.0,0.5773502691896257,5.0,2.5,3.0,3.0,3.0,3.0,2.6666666666666665,2.0,0.5773502691896258,8.0,,,,0.0,-1.0,-1.0,-1.0,2.0,-1.0,-1.0,-1.0,0.0,-2.0,,,,,,0.0,0.0,0.5,3.0,1.0,0.3333333333333333,0.0,0.5773502691896258,1.0,3.0,3.0,3.0,3.0,3.0,3.0,3.0,0.0,9.0,0.0,0.0,0.0,3.0,0.0,0.0,0.0,0.0,0.0,31.5,37.0,37.0,3.0,37.0,33.333333333333336,26.0,6.350852961085884,100.0
681561,stu_XTUTZ4920I,N,0.0,0.0,0.0,8.0,0.0,0.0,0.0,0.0,0.0,1.0,1.0,1.0,8.0,1.0,1.0,1.0,0.0,8.0,0.0,0.0,0.0,8.0,0.0,0.0,0.0,0.0,0.0,0.0,0.0,0.0,8.0,0.0,0.0,0.0,0.0,0.0,-0.1365812863121933,-0.1364306060531712,-0.13627682265034,8.0,-0.1362311320901925,-0.136424864429014,-0.1365965595981287,0.0001720463544782,-1.0913989154321122,-0.2274399818207152,-0.2273140701444402,-0.2272665290115524,8.0,-0.2272037469171439,-0.2273809695611685,-0.2276784309466921,0.0001759437135966,-1.819047756489348,-0.0455479500722672,-0.0455236421124293,-0.0454862346835431,8.0,-0.0452325930826675,-0.0454870104694953,-0.0455492107244397,0.0001068320665088,-0.3638960837559629,0.0,0.0,0.0,8.0,0.0,0.0,0.0,0.0,0.0,0.0,0.0,0.0,8.0,0.0,-0.125,-1.0,0.3535533905932738,-1.0,0.0,0.0,0.0,7.0,0.0,0.0,0.0,0.0,0.0,0.0,0.0,0.0,8.0,0.0,0.0,0.0,0.0,0.0,1.0,1.0,1.0,8.0,1.0,0.75,-1.0,0.7071067811865476,6.0,0.9529167660638336,0.994520857054819,0.9999682525411356,4.0,0.844421295197374,0.98908192301932,0.999959791090318,5.0,0.999993636893589,0.5666913292401202,-1.0,0.8782855342472337,2.833456646200601,0.999993636893589,0.9583641615501504,0.844421295197374,0.0761353340584521,3.833456646200601,1.0,1.0,1.0,8.0,1.0,0.875,0.0,0.3535533905932738,7.0,1.0,1.0,1.25,8.0,2.0,1.125,0.0,0.6408699444616557,9.0,0.75,1.0,1.0,8.0,1.0,0.75,0.0,0.4629100498862757,6.0,0.0,0.0,0.0,8.0,0.0,-0.125,-1.0,0.3535533905932738,-1.0
683303,stu_XTUTZ4920I,N,0.0,0.0,0.0,8.0,0.0,0.0,0.0,0.0,0.0,1.0,1.0,1.0,8.0,1.0,1.0,1.0,0.0,8.0,0.0,0.0,0.0,8.0,0.0,0.0,0.0,0.0,0.0,0.0,0.0,0.0,8.0,0.0,0.0,0.0,0.0,0.0,-0.1364998611116182,-0.1363101006352503,-0.1361085902341469,8.0,-0.1360388341472715,-0.1363027508714628,-0.1365556045647306,0.0002163102312886,-1.090422006971703,-0.2273398246218351,-0.2270994360309776,-0.2270275303705261,8.0,-0.2268013079544013,-0.22715317537038,-0.2274869411141389,0.0002334886996232,-1.81722540296304,-0.045548297559725,-0.0455025504318518,-0.0453820530950355,8.0,-0.0452054405743379,-0.0454523102103384,-0.0455492107244397,0.0001243660837542,-0.3636184816827073,0.0,0.0,0.0,8.0,0.0,0.0,0.0,0.0,0.0,0.0,0.0,0.0,8.0,0.0,0.0,0.0,0.0,0.0,0.0,0.0,0.0,8.0,0.0,0.0,0.0,0.0,0.0,0.0,0.0,0.0,8.0,0.0,0.0,0.0,0.0,0.0,1.0,1.0,1.0,8.0,1.0,1.0,1.0,0.0,8.0,0.9811390479192996,0.985244472372513,0.9947543489197268,6.0,0.9811390479192996,0.985244472372513,0.9947543489197268,6.0,0.997924307768798,0.9747608085790752,0.902456718090267,0.0361825622212601,5.848564851474451,0.997924307768798,0.9747608085790752,0.902456718090267,0.0361825622212601,5.848564851474451,1.0,1.0,1.0,8.0,1.0,0.875,0.0,0.3535533905932738,7.0,0.0,1.0,1.0,8.0,1.0,0.625,0.0,0.5175491695067657,5.0,1.0,1.0,1.0,8.0,1.0,0.875,0.0,0.3535533905932738,7.0,0.0,0.0,0.0,8.0,0.0,0.0,0.0,0.0,0.0
684647,stu_XTUTZ4920I,N,0.0,0.0,0.0,4.0,0.0,0.0,0.0,0.0,0.0,1.0,1.0,1.0,4.0,1.0,1.0,1.0,0.0,4.0,0.0,0.0,0.0,4.0,0.0,0.0,0.0,0.0,0.0,0.0,0.0,0.0,4.0,0.0,0.0,0.0,0.0,0.0,-0.1361817484656671,-0.136135387173915,-0.1360862298202932,4.0,-0.1360712232107789,-0.1361325911120454,-0.1361883668895724,5.99776269707658e-05,-0.5445303644481816,-0.2269278095512441,-0.2269215062903818,-0.2268979337109778,4.0,-0.2268286220848043,-0.2269042369718401,-0.2269453132217923,5.1645482358972254e-05,-0.9076169478873604,-0.0454053670791221,-0.0453786994370126,-0.0453516762263417,4.0,-0.0453338331494394,-0.0453783438684511,-0.04542214345034,3.995086685637232e-05,-0.1815133754738047,1.75,2.0,2.0,4.0,2.0,1.75,1.0,0.5,7.0,0.2,0.2895833333333333,0.3786057692307692,4.0,0.5769230769230769,0.2890224358974358,0.0,0.2362708361105618,1.1560897435897437,3.0,4.5,7.5,4.0,15.0,6.0,0.0,6.377042156569663,24.0,0.0,0.0,0.25,4.0,1.0,0.25,0.0,0.5,1.0,1.0,1.0,1.0,4.0,1.0,1.0,1.0,0.0,4.0,0.7573625024941052,0.8709117903853045,0.9823094243885064,4.0,0.7573625024941052,0.8709117903853045,0.9823094243885064,4.0,0.993044173381312,0.8687601364973072,0.740172791837308,0.1356963835654864,3.475040545989229,0.993044173381312,0.8687601364973072,0.740172791837308,0.1356963835654864,3.475040545989229,1.0,1.0,1.0,4.0,1.0,1.0,1.0,0.0,4.0,0.0,0.0,0.0,4.0,0.0,0.0,0.0,0.0,0.0,0.0,0.0,0.0,4.0,0.0,0.0,0.0,0.0,0.0,3.0,4.5,7.5,4.0,15.0,6.0,0.0,6.377042156569663,24.0
685228,stu_XTUTZ4920I,N,0.0,0.0,0.0,8.0,0.0,0.0,0.0,0.0,0.0,0.75,1.0,1.0,8.0,1.0,0.75,0.0,0.4629100498862757,6.0,0.0,0.0,0.0,8.0,0.0,0.0,0.0,0.0,0.0,0.0,0.0,0.0,8.0,0.0,0.0,0.0,0.0,0.0,-0.1364911658440697,-0.1363896995063951,-0.1363413987497623,8.0,-0.1361852637457634,-0.1363912753216107,-0.1365132272570876,0.0001103852409885,-1.0911302025728855,-0.2274460830539857,-0.2273179329119943,-0.22714300126086,8.0,-0.2270021072183817,-0.2272783597473246,-0.2274657686225247,0.0001854573394768,-1.8182268779785973,-0.0455455823088921,-0.0454641167027995,-0.0454250203232464,8.0,-0.0453975122463553,-0.0454768323194235,-0.0455492107244397,6.357965377825736e-05,-0.3638146585553887,0.0,0.0,1.0,8.0,1.0,0.375,0.0,0.5175491695067657,3.0,0.0,0.0,0.8,8.0,0.8,0.3,0.0,0.4140393356054126,2.4000000000000004,0.0,0.0,4.0,8.0,4.0,1.5,0.0,2.070196678027062,12.0,2.0,2.0,2.0,8.0,2.0,1.875,1.0,0.3535533905932738,15.0,1.0,1.0,2.0,8.0,2.0,1.375,1.0,0.5175491695067657,11.0,0.938379068697497,0.950502515290711,0.9685950701787116,3.0,-1.0,-0.0368721889478584,0.944440791994104,6.0,0.986687625066712,-0.0227590395897157,-1.0,1.0706866147678575,-0.1365542375382942,0.986687625066712,0.9544819208205686,0.926255622104283,0.0304118972902226,2.863445762461706,0.0,0.5,1.0,8.0,1.0,0.5,0.0,0.5345224838248488,4.0,2.0,3.0,4.0,8.0,4.0,2.875,1.0,1.1259916264596033,23.0,0.0,0.5,1.0,8.0,1.0,0.5,0.0,0.5345224838248488,4.0,0.0,0.0,4.0,8.0,4.0,1.5,0.0,2.070196678027062,12.0
686256,stu_XTUTZ4920I,N,0.0,0.0,0.25,4.0,1.0,0.25,0.0,0.5,1.0,0.75,1.0,1.0,4.0,1.0,0.75,0.0,0.5,3.0,0.0,0.0,0.0,4.0,0.0,0.0,0.0,0.0,0.0,0.0,0.0,0.0,4.0,0.0,0.0,0.0,0.0,0.0,-0.1356527594194597,-0.1354541501345736,-0.135371561255071,4.0,-0.1351642324593256,-0.1355701705399571,-0.1362081494313555,0.0004468734504441,-0.5422806821598285,-0.2259552164002012,-0.2256462758069151,-0.2253360826425602,4.0,-0.2249362862007175,-0.2256450232358463,-0.2263512551288375,0.0005954498635646,-0.9025800929433854,-0.0453881300849949,-0.0453294855156652,-0.0451888177440897,4.0,-0.0447816998223224,-0.0452474623134194,-0.045549178400025,0.0003273490213389,-0.1809898492536779,1.75,2.0,2.0,4.0,2.0,1.75,1.0,0.5,7.0,0.3465909090909091,0.4166666666666667,0.4461633663366336,4.0,0.5346534653465347,0.3760876087608761,0.1363636363636363,0.1692178415511587,1.5043504350435044,67.5,85.0,90.75,4.0,108.0,73.25,15.0,40.31852345179984,293.0,0.0,0.0,0.0,4.0,0.0,0.0,0.0,0.0,0.0,1.0,1.5,2.0,4.0,2.0,1.5,1.0,0.5773502691896257,6.0,,,,0.0,-1.0,-1.0,-1.0,1.0,-1.0,-1.0,-1.0,,-1.0,,,,,,0.75,1.0,1.0,4.0,1.0,0.75,0.0,0.5,3.0,1.75,2.0,2.0,4.0,2.0,1.75,1.0,0.5,7.0,0.0,0.0,0.0,4.0,0.0,0.0,0.0,0.0,0.0,67.5,85.0,90.75,4.0,108.0,73.25,15.0,40.31852345179984,293.0
688000,stu_XTUTZ4920I,N,0.0,0.0,0.0,7.0,0.0,0.0,0.0,0.0,0.0,1.0,1.0,1.0,7.0,1.0,1.0,1.0,0.0,7.0,0.0,0.0,0.0,7.0,0.0,0.0,0.0,0.0,0.0,0.0,0.0,0.0,7.0,0.0,0.0,0.0,0.0,0.0,-0.1365995172820708,-0.1365346260196045,-0.136429733293974,7.0,-0.1364181288291045,-0.1365222272976886,-0.136644335083022,9.906194860537716e-05,-0.9556555910838208,-0.2275832678698797,-0.2275147077863474,-0.2274709243666658,7.0,-0.2274269470004963,-0.2275290875331056,-0.2276535734718046,8.832546089473791e-05,-1.5927036127317395,-0.0455480147210966,-0.0455474975304618,-0.0454926268365456,7.0,-0.0454318084503288,-0.0455155933331745,-0.0455485642361461,5.4966258116951615e-05,-0.3186091533322215,0.0,0.0,0.0,7.0,0.0,0.0,0.0,0.0,0.0,0.0,0.0,0.0,7.0,0.0,0.0,0.0,0.0,0.0,0.0,0.0,0.0,7.0,0.0,0.0,0.0,0.0,0.0,0.0,0.0,0.0,7.0,0.0,0.0,0.0,0.0,0.0,1.0,1.0,1.0,7.0,1.0,1.0,1.0,0.0,7.0,,,,0.0,,,,0.0,,,,,,,,,,,1.0,1.0,1.0,7.0,1.0,1.0,1.0,0.0,7.0,0.0,0.0,0.0,7.0,0.0,0.0,0.0,0.0,0.0,1.0,1.0,1.0,7.0,1.0,0.8571428571428571,0.0,0.3779644730092272,6.0,0.0,0.0,0.0,7.0,0.0,0.0,0.0,0.0,0.0
688815,stu_XTUTZ4920I,N,0.0,0.0,0.0,2.0,0.0,0.0,0.0,0.0,0.0,0.25,0.5,0.75,2.0,1.0,0.5,0.0,0.7071067811865476,1.0,0.25,0.5,0.75,2.0,1.0,0.5,0.0,0.7071067811865476,1.0,0.0,0.0,0.0,2.0,0.0,0.0,0.0,0.0,0.0,-0.1359767793521931,-0.1358516919484925,-0.1357266045447918,2.0,-0.1356015171410912,-0.1358516919484925,-0.1361018667558938,0.000353800605591,-0.271703383896985,-0.2270164835018098,-0.2268828139660121,-0.2267491444302145,2.0,-0.2266154748944167,-0.2268828139660121,-0.2271501530376075,0.0003780745408024,-0.4537656279320243,-0.0453569774303489,-0.0452379266110894,-0.0451188757918299,2.0,-0.0449998249725704,-0.0452379266110894,-0.0454760282496084,0.0003367265664168,-0.0904758532221788,2.25,2.5,2.75,2.0,3.0,2.5,2.0,0.7071067811865476,5.0,0.3050675675675676,0.3601351351351352,0.4152027027027027,2.0,0.4702702702702703,0.3601351351351352,0.25,0.1557546018019017,0.7202702702702704,25.5,46.0,66.5,2.0,87.0,46.0,5.0,57.982756057296896,92.0,0.0,0.0,0.0,2.0,0.0,0.0,0.0,0.0,0.0,2.0,3.0,4.0,2.0,5.0,3.0,1.0,2.8284271247461903,6.0,,,,0.0,,,,0.0,,,,,,,,,,,1.0,1.0,1.0,2.0,1.0,1.0,1.0,0.0,2.0,2.0,2.0,2.0,2.0,2.0,2.0,2.0,0.0,4.0,0.0,0.0,0.0,2.0,0.0,0.0,0.0,0.0,0.0,25.5,46.0,66.5,2.0,87.0,46.0,5.0,57.982756057296896,92.0
689271,stu_XTUTZ4920I,N,0.0,0.0,0.0,8.0,0.0,0.0,0.0,0.0,0.0,1.0,1.0,1.0,8.0,1.0,1.0,1.0,0.0,8.0,0.0,0.0,0.0,8.0,0.0,0.0,0.0,0.0,0.0,0.0,0.0,0.0,8.0,0.0,0.0,0.0,0.0,0.0,-0.1364755854761949,-0.1363905884277988,-0.1361057618478625,8.0,-0.1359386284617693,-0.1362996517682055,-0.1365000388958989,0.0002176806998532,-1.0903972141456446,-0.2273730541201242,-0.2271049796680949,-0.2269178455504195,8.0,-0.2263700356137658,-0.2270778473625244,-0.2274674494920879,0.0003625636204068,-1.816622778900196,-0.0454940733541025,-0.0454837052980945,-0.0454464190857633,8.0,-0.045105202564421,-0.0454325882768329,-0.045507609202749,0.0001344666050327,-0.3634607062146633,0.0,0.0,0.25,8.0,2.0,0.375,0.0,0.7440238091428449,3.0,0.0,0.0,0.0333333333333333,8.0,0.1333333333333333,0.0333333333333333,0.0,0.0617213399848367,0.2666666666666666,0.0,0.0,0.5,8.0,2.0,0.5,0.0,0.9258200997725514,4.0,0.0,0.0,0.0,8.0,0.0,0.0,0.0,0.0,0.0,1.0,1.0,1.0,8.0,1.0,1.0,1.0,0.0,8.0,0.9999997590220324,1.0,1.0,8.0,0.9999997590220324,1.0,1.0,8.0,1.0,0.9999993853753952,0.999996046915031,1.3904726650690627e-06,7.999995083003161,1.0,0.9999993853753952,0.999996046915031,1.3904726650690627e-06,7.999995083003161,1.0,1.0,1.0,8.0,1.0,1.0,1.0,0.0,8.0,0.0,0.0,1.25,8.0,2.0,0.625,0.0,0.9161253813129044,5.0,0.0,0.0,0.0,8.0,0.0,0.0,0.0,0.0,0.0,0.0,0.0,0.5,8.0,2.0,0.5,0.0,0.9258200997725514,4.0
690381,stu_XTUTZ4920I,N,0.0,0.0,0.25,4.0,1.0,0.25,0.0,0.5,1.0,0.0,0.5,1.0,4.0,1.0,0.5,0.0,0.5773502691896257,2.0,0.0,0.0,0.25,4.0,1.0,0.25,0.0,0.5,1.0,0.0,0.0,0.0,4.0,0.0,0.0,0.0,0.0,0.0,-0.1361340941973277,-0.1359326484450536,-0.1357816530229885,4.0,-0.1357616522914063,-0.1359830987752625,-0.1363054459195364,0.0002580039642819,-0.5439323951010502,-0.2264263366630296,-0.2262567708647319,-0.2261350613623651,4.0,-0.2261108907812895,-0.2263046271606628,-0.226594076131898,0.0002248916686119,-0.9052185086426514,-0.0454760767362304,-0.0454028780991918,-0.0453209680323975,4.0,-0.0452712207582079,-0.0453941666694361,-0.0454996897211528,0.0001079166208754,-0.1815766666777445,2.0,2.0,2.25,4.0,3.0,2.25,2.0,0.5,9.0,0.3766089257789005,0.441735024470945,0.4662921348314606,4.0,0.4662921348314606,0.4011660361394161,0.2549019607843137,0.1002203862118108,1.6046641445576644,57.5,75.5,83.0,4.0,83.0,65.0,26.0,26.94438717061496,260.0,0.0,0.0,0.0,4.0,0.0,0.0,0.0,0.0,0.0,2.0,2.0,2.25,4.0,3.0,2.25,2.0,0.5,9.0,,,,0.0,-1.0,-1.0,-1.0,2.0,-1.0,-1.0,-1.0,0.0,-2.0,,,,,,0.0,0.5,1.0,4.0,1.0,0.5,0.0,0.5773502691896257,2.0,0.0,0.0,0.0,4.0,0.0,0.0,0.0,0.0,0.0,0.0,0.0,0.0,4.0,0.0,0.0,0.0,0.0,0.0,57.5,75.5,83.0,4.0,83.0,65.0,26.0,26.94438717061496,260.0
691942,stu_XTUTZ4920I,N,0.0,0.0,0.0,8.0,0.0,0.0,0.0,0.0,0.0,1.0,1.0,1.0,8.0,1.0,1.0,1.0,0.0,8.0,0.0,0.0,0.0,8.0,0.0,0.0,0.0,0.0,0.0,0.0,0.0,0.0,8.0,0.0,0.0,0.0,0.0,0.0,-0.1366413935612863,-0.1365586915463323,-0.1363552174370372,8.0,-0.136269759765732,-0.1365032026479855,-0.1366452078422183,0.0001525886776121,-1.0920256211838844,-0.2277386513312374,-0.2276534280119385,-0.2273663791284931,8.0,-0.2273652396928757,-0.227577611097311,-0.227739297819531,0.0001789606739321,-1.8206208887784885,-0.0455483945329691,-0.0455480308833039,-0.0455258482537311,8.0,-0.0452598748886558,-0.0455013059418867,-0.0455484995873168,0.0001020923011984,-0.3640104475350941,0.0,0.0,0.0,8.0,0.0,0.0,0.0,0.0,0.0,0.0,0.0,0.0,8.0,0.0,0.0,0.0,0.0,0.0,0.0,0.0,0.0,8.0,0.0,0.0,0.0,0.0,0.0,0.0,0.0,0.0,8.0,0.0,0.0,0.0,0.0,0.0,1.0,1.0,1.0,8.0,1.0,1.0,1.0,0.0,8.0,1.0,1.0,1.0,4.0,1.0,1.0,1.0,4.0,1.0,1.0,1.0,0.0,4.0,1.0,1.0,1.0,0.0,4.0,1.0,1.0,1.0,8.0,1.0,1.0,1.0,0.0,8.0,0.0,0.0,0.25,8.0,2.0,0.375,0.0,0.7440238091428449,3.0,1.0,1.0,1.0,8.0,1.0,1.0,1.0,0.0,8.0,0.0,0.0,0.0,8.0,0.0,0.0,0.0,0.0,0.0
692608,stu_XTUTZ4920I,N,0.0,0.0,0.0,5.0,0.0,0.0,0.0,0.0,0.0,1.0,1.0,1.0,5.0,1.0,1.0,1.0,0.0,5.0,0.0,0.0,0.0,5.0,0.0,0.0,0.0,0.0,0.0,0.0,0.0,0.0,5.0,0.0,0.0,0.0,0.0,0.0,-0.1362777762205722,-0.1361721723578187,-0.1361214553511887,5.0,-0.136039286689077,-0.1361957239263532,-0.1363679290131094,0.0001293544333752,-0.6809786196317662,-0.2269908906464884,-0.226969944425777,-0.2269007378539511,5.0,-0.2267702441918956,-0.2269437616498877,-0.2270869911313265,0.0001176655426111,-1.1347188082494388,-0.0455492107244397,-0.0454984937178097,-0.0453202245708599,5.0,-0.0450737509089392,-0.0453981781292976,-0.0455492107244397,0.0002043371512181,-0.2269908906464884,0.0,0.0,0.0,5.0,0.0,0.0,0.0,0.0,0.0,0.0638297872340425,0.0983606557377049,0.303030303030303,5.0,0.303030303030303,-0.0463497901935292,-1.0,0.544670146554281,-0.2317489509676464,5.25,18.0,30.0,4.0,30.0,17.25,3.0,14.773286702694158,69.0,0.0,0.0,0.0,5.0,0.0,0.0,0.0,0.0,0.0,1.0,1.0,1.0,5.0,1.0,0.6,-1.0,0.894427190999916,3.0,0.815126527095779,0.9135849328383764,0.9999891344391738,4.0,0.778953049109552,0.827184353091188,0.999985512585565,5.0,1.0,0.521224582957261,-1.0,0.8562414237091834,2.606122914786305,1.0,0.9015307286965762,0.778953049109552,0.1153866152842281,3.606122914786305,0.0,1.0,1.0,5.0,1.0,0.6,0.0,0.5477225575051662,3.0,1.0,2.0,2.0,5.0,2.0,1.6,1.0,0.5477225575051661,8.0,0.0,0.0,0.0,5.0,0.0,0.0,0.0,0.0,0.0,3.0,6.0,30.0,5.0,30.0,13.6,-1.0,15.17563837207516,68.0
693893,stu_CEEBR4975X,N,0.0,0.0,0.0,5.0,0.0,0.0,0.0,0.0,0.0,0.0,1.0,1.0,5.0,1.0,0.6,0.0,0.5477225575051662,3.0,0.0,0.0,0.0,5.0,1.0,0.2,0.0,0.447213595499958,1.0,0.0,0.0,0.0,5.0,1.0,0.2,0.0,0.447213595499958,1.0,-0.1170087946224811,-0.1169984560357555,-0.1169240877144358,5.0,-0.1168948529713002,-0.1169699684509883,-0.117023650910969,5.689507417960567e-05,-0.5848498422549417,-0.194957042526851,-0.1949256358117142,-0.1948174716060564,5.0,-0.1947224695507257,-0.1948779566823447,-0.1949671639163764,0.000105262164778,-0.9743897834117238,-0.038978011782067,-0.0389758398100658,-0.0389655012233403,5.0,-0.0389513399658928,-0.0389851271623428,-0.0390549430303481,4.042861331966085e-05,-0.1949256358117142,2.0,3.0,3.0,5.0,3.0,2.4,1.0,0.8944271909999159,12.0,0.7213114754098361,0.7213114754098361,0.7213114754098361,5.0,0.7846153846153846,0.3897099621689786,-1.0,0.7773549321867326,1.9485498108448929,111.75,132.0,132.0,4.0,132.0,111.75,51.0,40.5,447.0,0.0,0.0,0.0,5.0,0.0,0.0,0.0,0.0,0.0,2.0,3.0,3.0,5.0,3.0,2.0,-1.0,1.7320508075688772,10.0,,,,0.0,-1.0,-1.0,-1.0,5.0,-1.0,-1.0,-1.0,0.0,-5.0,,,,,,0.0,0.0,0.0,5.0,1.0,0.2,0.0,0.447213595499958,1.0,1.0,1.0,1.0,5.0,1.0,1.0,1.0,0.0,5.0,0.0,0.0,0.0,5.0,0.0,0.0,0.0,0.0,0.0,51.0,132.0,132.0,5.0,132.0,89.2,-1.0,61.4223086508477,446.0
698175,stu_CEEBR4975X,?,0.0,0.0,1.0,8.0,1.0,0.375,0.0,0.5175491695067657,3.0,0.0,0.0,0.0,8.0,0.0,0.0,0.0,0.0,0.0,0.0,0.0,1.0,8.0,1.0,0.375,0.0,0.5175491695067657,3.0,0.0,0.0,0.25,8.0,1.0,0.25,0.0,0.4629100498862757,2.0,-0.1170471733677424,-0.116978886568026,-0.1169328950609014,8.0,-0.1168678770790467,-0.1169825843503579,-0.1170872896906039,7.532909912558351e-05,-0.9358606748028636,-0.1950027842571954,-0.194921465625472,-0.1947389330984945,8.0,-0.1945487552300729,-0.1948602757442693,-0.195078759837796,0.0002064062607038,-1.5588822059541547,-0.0390277608007536,-0.0389939323368355,-0.0389691827158823,8.0,-0.0388971709841838,-0.0389933296146052,-0.0390567674868291,5.351498707135464e-05,-0.3119466369168419,3.0,3.5,4.0,8.0,5.0,3.625,3.0,0.7440238091428449,29.0,0.9333333333333332,0.9333333333333332,0.9333333333333332,8.0,0.9333333333333332,0.6916666666666667,-1.0,0.683536555146996,5.533333333333333,14.0,14.0,14.0,7.0,14.0,14.0,14.0,0.0,98.0,0.0,0.5,2.25,8.0,3.0,1.125,0.0,1.3562026818605375,9.0,10.0,10.0,10.0,8.0,10.0,8.625,-1.0,3.8890872965260113,69.0,,,,0.0,-1.0,-1.0,-1.0,8.0,-1.0,-1.0,-1.0,0.0,-8.0,,,,,,0.0,0.0,0.0,8.0,1.0,0.125,0.0,0.3535533905932738,1.0,4.0,4.5,5.0,8.0,5.0,4.5,4.0,0.5345224838248488,36.0,0.0,0.0,0.0,8.0,0.0,0.0,0.0,0.0,0.0,14.0,14.0,14.0,8.0,14.0,12.125,-1.0,5.303300858899107,97.0
698944,stu_CEEBR4975X,N,0.0,0.0,0.25,8.0,1.0,0.25,0.0,0.4629100498862757,2.0,0.0,0.5,1.0,8.0,1.0,0.5,0.0,0.5345224838248488,4.0,0.0,0.0,0.0,8.0,0.0,0.0,0.0,0.0,0.0,0.0,0.0,0.0,8.0,1.0,0.125,0.0,0.3535533905932738,1.0,-0.1170586956792095,-0.1169185274661146,-0.1168688653263081,8.0,-0.1164238825625703,-0.1169161654465633,-0.1171674354574476,0.0002362611886098,-0.935329323572507,-0.1949718227963189,-0.1948154733918154,-0.19450604340067,8.0,-0.1850632322277251,-0.1935987889760653,-0.1951351876703862,0.0034575285586389,-1.548790311808523,-0.039054693253568,-0.0389862001165114,-0.0389559879859752,8.0,-0.0389120272726718,-0.0389934707927853,-0.0390567240473891,5.7400211886387545e-05,-0.3119477663422825,0.0,1.0,1.0,8.0,2.0,0.75,0.0,0.7071067811865476,6.0,0.215701950751519,0.55,0.55,8.0,0.7272727272727273,0.4144380323865453,0.0,0.2518344485924185,3.315504259092363,12.5,55.0,55.0,8.0,120.0,45.25,0.0,38.50695669987066,362.0,0.0,0.5,1.0,8.0,1.0,0.5,0.0,0.5345224838248488,4.0,1.75,2.0,2.0,8.0,3.0,1.875,1.0,0.6408699444616557,15.0,,,,0.0,-1.0,-1.0,-1.0,4.0,-1.0,-1.0,-1.0,0.0,-4.0,,,,,,0.0,0.5,1.0,8.0,1.0,0.5,0.0,0.5345224838248488,4.0,1.0,1.0,2.25,8.0,3.0,1.5,0.0,1.0690449676496976,12.0,0.0,0.0,0.0,8.0,0.0,0.0,0.0,0.0,0.0,12.5,55.0,55.0,8.0,120.0,45.25,0.0,38.50695669987066,362.0
699040,stu_CEEBR4975X,N,0.0,0.0,0.0,8.0,1.0,0.125,0.0,0.3535533905932738,1.0,0.75,1.0,1.0,8.0,1.0,0.75,0.0,0.4629100498862757,6.0,0.0,0.0,0.0,8.0,0.0,0.0,0.0,0.0,0.0,0.0,0.0,0.0,8.0,1.0,0.125,0.0,0.3535533905932738,1.0,-0.1170257903033919,-0.1169556681873344,-0.1168610679468239,8.0,-0.1168373825921512,-0.1169715181530129,-0.1171699115055289,0.0001341292993283,-0.9357721452241036,-0.1949592579382922,-0.1949092591428255,-0.1948544168497962,8.0,-0.194754875372983,-0.1949123324832071,-0.1950900540922021,0.0001028690797278,-1.5592986598656573,-0.0390567892065491,-0.0390559638571886,-0.0389034045438271,8.0,-0.0387569050323489,-0.0389775285182967,-0.0390571584417893,0.0001173995058694,-0.3118202281463743,0.75,1.5,3.25,8.0,4.0,1.875,0.0,1.6420805617960927,15.0,0.215701950751519,0.5,0.5212765957446809,8.0,0.55,0.3725980904136247,0.0,0.2119344409619436,2.980784723308997,12.5,28.0,49.0,8.0,55.0,28.875,0.0,20.649714629643537,231.0,0.0,0.0,0.0,8.0,0.0,0.0,0.0,0.0,0.0,1.0,1.0,4.25,8.0,14.0,4.25,1.0,6.017830648521585,34.0,,,,0.0,-1.0,-1.0,-1.0,3.0,-1.0,-1.0,-1.0,0.0,-3.0,,,,,,0.0,0.5,1.0,8.0,1.0,0.5,0.0,0.5345224838248488,4.0,1.0,1.5,3.0,8.0,3.0,1.75,0.0,1.164964745021435,14.0,0.0,0.0,0.0,8.0,0.0,0.0,0.0,0.0,0.0,12.5,28.0,49.0,8.0,55.0,28.875,0.0,20.649714629643537,231.0
700017,stu_CEEBR4975X,N,0.0,0.0,0.0,8.0,0.0,0.0,0.0,0.0,0.0,0.0,1.0,1.0,8.0,1.0,0.625,0.0,0.5175491695067657,5.0,0.0,0.0,0.0,8.0,0.0,0.0,0.0,0.0,0.0,0.0,0.0,1.0,8.0,1.0,0.375,0.0,0.5175491695067657,3.0,-0.1170306446608198,-0.1170285161282587,-0.1170063620138469,8.0,-0.1169084060765945,-0.1170069212966372,-0.1170315568890603,4.313171376012744e-05,-0.9360553703730976,-0.1950080947287383,-0.1949960077045519,-0.194988742458208,8.0,-0.1949573466029312,-0.1950118250906503,-0.1951433977245506,5.619096208879256e-05,-1.5600946007252026,-0.0390570498431892,-0.0390561376149487,-0.0389297940036412,8.0,-0.0389156327461937,-0.0390064754751422,-0.0390576362756295,6.976547077583826e-05,-0.312051803801138,0.0,0.5,2.25,8.0,3.0,1.125,0.0,1.3562026818605375,9.0,0.012396694214876,0.4464285714285714,0.8484848484848485,8.0,0.8484848484848485,0.4318550767414403,0.0,0.4227411441183901,3.454840613931523,0.75,2.5,28.0,8.0,28.0,11.25,0.0,13.90529190118434,90.0,0.0,0.0,0.0,8.0,0.0,0.0,0.0,0.0,0.0,1.0,1.0,1.0,8.0,4.0,1.375,1.0,1.0606601717798212,11.0,0.766793873763533,0.766793873763533,0.766793873763533,3.0,-1.0,-1.0,-1.0,4.0,-1.0,-1.0,-1.0,0.0,-4.0,0.766793873763533,0.766793873763533,0.766793873763533,0.0,2.300381621290599,0.0,0.5,1.0,8.0,1.0,0.5,0.0,0.5345224838248488,4.0,1.0,2.0,3.0,8.0,3.0,1.875,0.0,1.1259916264596033,15.0,0.0,0.0,0.0,8.0,1.0,0.125,0.0,0.3535533905932738,1.0,0.75,2.5,28.0,8.0,28.0,11.25,0.0,13.90529190118434,90.0
701148,stu_CEEBR4975X,N,0.0,0.0,0.0,8.0,1.0,0.125,0.0,0.3535533905932738,1.0,0.0,0.0,0.0,8.0,1.0,0.125,0.0,0.3535533905932738,1.0,0.0,0.0,0.0,8.0,1.0,0.125,0.0,0.3535533905932738,1.0,0.0,0.0,1.0,8.0,1.0,0.375,0.0,0.5175491695067657,3.0,-0.1169833608303546,-0.1168424867263593,-0.1164552458382724,8.0,-0.1153659150008104,-0.1165717775660638,-0.1171729088268887,0.0006941279212677,-0.9325742205285106,-0.1948684043494836,-0.1941175753484025,-0.1933344382638041,8.0,-0.1927782505336069,-0.1940338132481777,-0.1950700719497914,0.0009528509365047,-1.552270505985422,-0.0390576362756295,-0.0389610052412979,-0.0389345289026038,8.0,-0.0388710204412898,-0.0389771592830565,-0.0390576362756295,7.295077543200937e-05,-0.3118172742644527,0.0,0.5,1.25,8.0,2.0,0.75,0.0,0.8864052604279183,6.0,0.7,0.7,0.7043478260869565,8.0,0.717391304347826,0.7043478260869565,0.7,0.0080506095632395,5.634782608695652,21.0,21.0,24.0,8.0,33.0,24.0,21.0,5.5549205986353085,192.0,0.0,1.5,2.0,8.0,2.0,1.125,0.0,0.9910312089651148,9.0,1.0,1.0,2.0,8.0,5.0,2.0,1.0,1.8516401995451028,16.0,0.201,0.201,0.245897541849029,5.0,-1.0,-1.0,-1.0,7.0,0.261003429961673,-0.8198566528626181,-1.0,0.4766144968682917,-5.738996570038327,0.261003429961673,0.2219801943621404,0.201,0.0292205325665223,1.109900971810702,0.0,0.0,0.0,8.0,1.0,0.125,0.0,0.3535533905932738,1.0,3.75,4.0,4.25,8.0,5.0,3.875,2.0,0.9910312089651148,31.0,0.0,0.0,0.0,8.0,1.0,0.125,0.0,0.3535533905932738,1.0,21.0,21.0,24.0,8.0,33.0,24.0,21.0,5.5549205986353085,192.0
702053,stu_CEEBR4975X,N,0.0,0.0,0.0,5.0,0.0,0.0,0.0,0.0,0.0,0.0,0.0,0.0,5.0,1.0,0.2,0.0,0.447213595499958,1.0,0.0,1.0,1.0,5.0,1.0,0.6,0.0,0.5477225575051662,3.0,0.0,0.0,0.0,5.0,1.0,0.2,0.0,0.447213595499958,1.0,-0.1165729232812953,-0.1163415213842916,-0.1162830953374604,5.0,-0.1161198933612932,-0.116443221801274,-0.1168986756420293,0.0003019873400933,-0.5822161090063701,-0.1941475051225785,-0.1939890380453738,-0.1939617146375992,5.0,-0.1936573779207966,-0.1940041984099419,-0.1942653563233615,0.0002297060234765,-0.9700209920497098,-0.0389254066201989,-0.0389164146561141,-0.0388669805733677,5.0,-0.0384997001079715,-0.0388530712646723,-0.0390568543657091,0.0002096646038457,-0.1942653563233615,1.0,2.0,3.0,5.0,3.0,1.8,0.0,1.3038404810405295,9.0,0.6129032258064516,0.7837837837837838,0.7837837837837838,5.0,0.7837837837837838,0.5928509154315605,0.0,0.3395734028641792,2.964254577157803,19.0,29.0,29.0,5.0,29.0,21.2,0.0,12.617448236470004,106.0,0.0,0.0,0.0,5.0,0.0,0.0,0.0,0.0,0.0,3.0,4.0,4.0,5.0,4.0,3.2,1.0,1.3038404810405295,16.0,0.754182533070956,0.754182533070956,0.754182533070956,1.0,-1.0,-1.0,-0.122908733464522,3.0,0.754182533070956,-0.415272488976348,-1.0,1.012777757676256,-1.245817466929044,0.754182533070956,0.754182533070956,0.754182533070956,,0.754182533070956,0.0,1.0,1.0,5.0,1.0,0.6,0.0,0.5477225575051662,3.0,0.0,0.0,1.0,5.0,2.0,0.6,0.0,0.8944271909999159,3.0,0.0,0.0,0.0,5.0,0.0,0.0,0.0,0.0,0.0,19.0,29.0,29.0,5.0,29.0,21.2,0.0,12.617448236470004,106.0
703263,stu_CEEBR4975X,G,0.0,0.0,0.0,5.0,0.0,0.0,0.0,0.0,0.0,0.0,0.0,1.0,5.0,1.0,0.4,0.0,0.5477225575051662,2.0,0.0,0.0,0.0,5.0,0.0,0.0,0.0,0.0,0.0,0.0,0.0,0.0,5.0,1.0,0.2,0.0,0.447213595499958,1.0,-0.1165608905564088,-0.1153785993172972,-0.1150360793327142,5.0,-0.114724966063268,-0.1156634491013054,-0.1166167102368387,0.0008760123567239,-0.5783172455065271,-0.1929380207940123,-0.1927251240984586,-0.192439553219746,5.0,-0.1922862119964641,-0.1926657163202828,-0.1929396714927332,0.000294916821695,-0.9633285816014144,-0.0389998183809587,-0.0389021230803465,-0.0386589490950965,5.0,-0.037321492176222,-0.0385876041588024,-0.0390556380613885,0.000723883295721,-0.1929380207940123,0.0,0.0,0.0,5.0,0.0,0.0,0.0,0.0,0.0,0.0,0.6361416361416361,0.6361416361416361,5.0,0.6361416361416361,0.3816849816849816,0.0,0.3484291238830178,1.9084249084249083,0.0,521.0,521.0,5.0,521.0,312.6,0.0,285.3634524601915,1563.0,0.0,0.0,1.0,5.0,2.0,0.6,0.0,0.8944271909999159,3.0,1.0,1.0,1.0,5.0,1.0,1.0,1.0,0.0,5.0,0.88254119687771,0.88254119687771,0.88254119687771,1.0,-1.0,-1.0,-0.5293647007805725,4.0,0.88254119687771,-0.5293647007805725,-1.0,0.941270598438855,-2.11745880312229,0.88254119687771,0.88254119687771,0.88254119687771,,0.88254119687771,0.0,1.0,1.0,5.0,1.0,0.6,0.0,0.5477225575051662,3.0,0.0,0.0,1.0,5.0,2.0,0.6,0.0,0.8944271909999159,3.0,0.0,0.0,1.0,5.0,1.0,0.4,0.0,0.5477225575051662,2.0,0.0,521.0,521.0,5.0,521.0,312.6,0.0,285.3634524601915,1563.0
704708,stu_CEEBR4975X,N,0.0,0.0,0.0,8.0,0.0,0.0,0.0,0.0,0.0,0.0,0.0,1.0,8.0,1.0,0.375,0.0,0.5175491695067657,3.0,0.0,0.0,1.0,8.0,1.0,0.375,0.0,0.5175491695067657,3.0,0.0,0.0,0.0,8.0,1.0,0.125,0.0,0.3535533905932738,1.0,-0.1169910061717986,-0.1169264986033642,-0.116860644412289,8.0,-0.1167706596122809,-0.1169258035723238,-0.117070261430121,9.714596199446528e-05,-0.9354064285785908,-0.194921682822672,-0.1948607590080394,-0.1948327731488045,8.0,-0.1947798096115562,-0.1948819846044208,-0.1950380570824942,8.77100104992602e-05,-1.5590558768353664,-0.0390006763098991,-0.0389838978261901,-0.0389520349969331,8.0,-0.0388944777389024,-0.038976089586846,-0.0390562462135488,5.345703625370924e-05,-0.3118087166947682,1.0,2.0,3.0,8.0,3.0,2.0,1.0,0.9258200997725514,16.0,0.5789473684210527,0.5789473684210527,0.6050738356683074,8.0,0.6944444444444444,0.606447736547604,0.5789473684210527,0.0510054468328578,4.851581892380832,22.0,22.0,40.25,8.0,100.0,40.875,22.0,34.97524634856568,327.0,2.0,2.0,2.25,8.0,3.0,2.125,1.0,0.6408699444616557,17.0,3.75,4.0,4.0,8.0,4.0,3.5,1.0,1.0690449676496976,28.0,,,,0.0,-1.0,-1.0,-1.0,6.0,-1.0,-1.0,-1.0,0.0,-6.0,,,,,,0.0,0.0,0.25,8.0,1.0,0.25,0.0,0.4629100498862757,2.0,4.0,4.0,4.25,8.0,5.0,4.25,4.0,0.4629100498862757,34.0,0.0,0.0,0.0,8.0,0.0,0.0,0.0,0.0,0.0,22.0,22.0,40.25,8.0,100.0,40.875,22.0,34.97524634856568,327.0
705727,stu_CEEBR4975X,N,0.0,0.0,0.0,7.0,1.0,0.1428571428571428,0.0,0.3779644730092272,1.0,1.0,1.0,1.0,7.0,1.0,0.8571428571428571,0.0,0.3779644730092272,6.0,0.0,0.0,0.0,7.0,0.0,0.0,0.0,0.0,0.0,0.0,0.0,0.0,7.0,0.0,0.0,0.0,0.0,0.0,-0.1170053411870063,-0.1169582745537411,-0.1167620368834363,7.0,-0.1167250047608165,-0.1168911047681967,-0.117019697921934,0.0001343655557683,-0.8182377333773772,-0.1950429005800568,-0.1947852829809992,-0.1947502273529005,7.0,-0.1946738608173397,-0.1948767602360538,-0.195091921988123,0.0001749601384138,-1.3641373216523769,-0.0390200828797295,-0.0389767954777464,-0.0389556839098951,7.0,-0.0387214150098499,-0.0389566644001127,-0.0390469067339438,0.0001105152822827,-0.2726966508007895,0.0,0.0,0.5,7.0,1.0,0.2857142857142857,0.0,0.4879500364742665,2.0,-0.5,0.0,0.0,7.0,1.0,-0.1428571428571428,-1.0,0.6900655593423543,-1.0,0.0,0.0,0.0,5.0,154.0,30.8,0.0,68.87089370699353,154.0,0.0,0.0,0.0,7.0,0.0,0.0,0.0,0.0,0.0,0.0,1.0,1.0,7.0,1.0,0.4285714285714285,-1.0,0.9759000729485332,3.0,0.6542418721590162,0.7497397539861725,0.8452376358133288,2.0,-1.0,-0.2206280048340699,0.6542418721590162,4.0,0.940735517640485,-0.1251301230069137,-1.0,1.0221787140135818,-0.500520492027655,0.940735517640485,0.7497397539861725,0.55874399033186,0.270108799315735,1.499479507972345,1.0,1.0,1.0,7.0,1.0,1.0,1.0,0.0,7.0,0.0,0.0,0.0,7.0,0.0,0.0,0.0,0.0,0.0,0.0,1.0,1.0,7.0,1.0,0.5714285714285714,0.0,0.5345224838248488,4.0,-0.5,0.0,0.0,7.0,154.0,21.714285714285715,-1.0,58.33442175855317,152.0
706538,stu_CEEBR4975X,N,0.0,0.5,1.0,6.0,1.0,0.5,0.0,0.5477225575051661,3.0,0.0,0.0,0.75,6.0,1.0,0.3333333333333333,0.0,0.5163977794943223,2.0,0.0,0.0,0.0,6.0,1.0,0.1666666666666666,0.0,0.408248290463863,1.0,0.0,0.0,0.0,6.0,0.0,0.0,0.0,0.0,0.0,-0.1167731573800823,-0.1167626015961566,-0.1166930767723995,6.0,-0.1165796563944989,-0.1167356546635289,-0.11686249058849,9.780735189383862e-05,-0.7004139279811736,-0.1946115686603464,-0.1945049248350894,-0.1942921693177158,6.0,-0.1942244363708596,-0.1944625062219068,-0.1946723838763789,0.0001964185740903,-1.166775037331441,-0.0389457145584098,-0.0389203242057162,-0.0388778947326735,6.0,-0.0387999535174119,-0.0389070244971624,-0.03898361546983,6.554436839705767e-05,-0.2334421469829747,2.25,3.0,3.0,6.0,4.0,2.6666666666666665,1.0,1.0327955589886444,16.0,0.5192307692307693,0.5192307692307693,0.6923076923076923,6.0,0.75,0.5961538461538461,0.5192307692307693,0.1191687183448435,3.5769230769230766,27.0,27.0,63.0,6.0,75.0,43.0,27.0,24.78709341572747,258.0,0.0,0.0,0.0,6.0,0.0,0.0,0.0,0.0,0.0,2.5,4.0,4.0,6.0,4.0,3.333333333333333,2.0,1.0327955589886446,20.0,0.6384337912344318,0.6737697541030985,0.7091057169717652,2.0,-1.0,-1.0,0.2023233712743237,6.0,0.744441679840432,-0.4420767486323005,-1.0,0.8654859092065346,-2.652460491793803,0.744441679840432,0.6737697541030985,0.603097828365765,0.0999451958567612,1.347539508206197,0.0,0.0,0.75,6.0,1.0,0.3333333333333333,0.0,0.5163977794943223,2.0,1.25,2.5,3.0,6.0,4.0,2.1666666666666665,0.0,1.4719601443879744,13.0,0.0,0.0,0.0,6.0,0.0,0.0,0.0,0.0,0.0,27.0,27.0,63.0,6.0,75.0,43.0,27.0,24.78709341572747,258.0
708088,stu_CEEBR4975X,N,0.0,0.0,0.0,5.0,1.0,0.2,0.0,0.447213595499958,1.0,1.0,1.0,1.0,5.0,1.0,0.8,0.0,0.447213595499958,4.0,0.0,0.0,0.0,5.0,0.0,0.0,0.0,0.0,0.0,0.0,0.0,0.0,5.0,0.0,0.0,0.0,0.0,0.0,-0.1168862954016227,-0.1168339508763948,-0.1168186167540666,5.0,-0.1166745715709496,-0.11683253475065,-0.1169492391502163,0.0001020517107319,-0.5841626737532503,-0.1948451859687912,-0.1947650836413884,-0.1947504445501006,5.0,-0.1945531860529552,-0.1947545886726788,-0.1948590431501586,0.0001222793331681,-0.9737729433633942,-0.0389764914016662,-0.0389553363943749,-0.0389021230803465,5.0,-0.0387018238223994,-0.038910637210591,-0.0390174113541681,0.0001239062455564,-0.1945531860529553,1.0,1.0,1.0,5.0,1.0,1.0,1.0,0.0,5.0,0.1509433962264151,0.2372881355932203,0.5212765957446809,5.0,0.6666666666666666,0.3152349588461966,0.0,0.2731290471002043,1.5761747942309832,6.0,8.0,14.0,5.0,49.0,15.4,0.0,19.43707796969493,77.0,0.0,0.0,0.0,5.0,0.0,0.0,0.0,0.0,0.0,1.0,1.0,1.0,5.0,1.0,1.0,1.0,0.0,5.0,,,,0.0,,,,0.0,,,,,,,,,,,1.0,1.0,1.0,5.0,1.0,1.0,1.0,0.0,5.0,0.0,0.0,0.0,5.0,0.0,0.0,0.0,0.0,0.0,0.0,0.0,0.0,5.0,0.0,0.0,0.0,0.0,0.0,6.0,8.0,14.0,5.0,49.0,15.4,0.0,19.43707796969493,77.0
711844,stu_CEEBR4975X,N,0.0,0.0,0.0,7.0,0.0,0.0,0.0,0.0,0.0,1.0,1.0,1.0,7.0,1.0,0.8571428571428571,0.0,0.3779644730092272,6.0,0.0,0.0,0.0,7.0,1.0,0.1428571428571428,0.0,0.3779644730092272,1.0,0.0,0.0,0.0,7.0,0.0,0.0,0.0,0.0,0.0,-0.1170093376154884,-0.116888684570824,-0.1166110848293557,7.0,-0.1165222294547882,-0.1168185919315294,-0.1170783846054053,0.0002355054152146,-0.817730143520706,-0.1948200128132978,-0.1945848099652922,-0.1945832895848914,7.0,-0.1945435424972701,-0.1947324668275654,-0.1951923105340168,0.0002570533545341,-1.3631272677929578,-0.0390364378288982,-0.0389640242823795,-0.0388949121333026,7.0,-0.0386371424962049,-0.0389315936375851,-0.0390572887601094,0.0001474185540706,-0.2725211554630957,0.5,1.0,2.5,7.0,4.0,1.5714285714285714,0.0,1.511857892036909,11.0,0.0,0.0,0.0876295421749967,7.0,0.926829268292683,0.0145840503775252,-1.0,0.5602071193702525,0.1020883526426764,0.0,1.0,15.5,6.0,38.0,10.0,0.0,15.7987341265052,60.0,0.0,0.0,0.0,7.0,0.0,0.0,0.0,0.0,0.0,1.0,1.0,2.0,7.0,10.0,2.2857142857142856,-1.0,3.5923198500080566,16.0,0.5755300065829637,0.6206770664053984,0.6658241262278333,2.0,-1.0,-1.0,-0.2348085266197355,3.0,0.530382946760529,-0.4898723510798237,-1.0,0.8835670062754041,-1.469617053239471,0.710971186050268,0.6206770664053984,0.530382946760529,0.1276951686043133,1.2413541328107969,1.0,1.0,1.0,7.0,1.0,0.8571428571428571,0.0,0.3779644730092272,6.0,0.5,2.0,3.5,7.0,5.0,2.142857142857143,0.0,1.9518001458970664,15.0,0.0,0.0,0.5,7.0,1.0,0.2857142857142857,0.0,0.4879500364742666,2.0,0.0,0.0,11.0,7.0,38.0,8.428571428571429,-1.0,15.009520788010333,59.0
713321,stu_CEEBR4975X,N,0.0,0.0,0.0,4.0,0.0,0.0,0.0,0.0,0.0,0.0,0.0,0.0,4.0,0.0,0.0,0.0,0.0,0.0,0.0,0.0,0.25,4.0,1.0,0.25,0.0,0.5,1.0,0.0,0.0,0.25,4.0,1.0,0.25,0.0,0.5,1.0,-0.1165845867709415,-0.1163992306803625,-0.1161825764732467,4.0,-0.1160883563278364,-0.1163679325638258,-0.1165849125667417,0.0002554966432668,-0.4654717302553032,-0.194155975813383,-0.1938842186765978,-0.1936414573660281,4.0,-0.1936368310656656,-0.1939132145028133,-0.1942475895923919,0.0003195045308574,-0.7756528580112533,-0.039036112033098,-0.0390165860048076,-0.0388857029720177,4.0,-0.038551306162719,-0.0389052290003081,-0.0390364378288982,0.0002366657063742,-0.1556209160012326,2.0,2.0,2.25,4.0,3.0,2.25,2.0,0.5,9.0,0.6904761904761905,0.6904761904761905,0.6904761904761905,4.0,0.6904761904761905,0.6904761904761905,0.6904761904761905,0.0,2.761904761904762,29.0,29.0,29.0,4.0,29.0,29.0,29.0,0.0,116.0,0.0,0.5,1.25,4.0,2.0,0.75,0.0,0.957427107756338,3.0,3.0,3.0,3.0,4.0,3.0,3.0,3.0,0.0,12.0,,,,0.0,-1.0,-1.0,-1.0,4.0,-1.0,-1.0,-1.0,0.0,-4.0,,,,,,0.0,0.0,0.0,4.0,0.0,0.0,0.0,0.0,0.0,2.75,3.0,3.25,4.0,4.0,3.0,2.0,0.816496580927726,12.0,0.0,0.0,0.0,4.0,0.0,0.0,0.0,0.0,0.0,29.0,29.0,29.0,4.0,29.0,29.0,29.0,0.0,116.0
716053,stu_CEEBR4975X,N,0.0,0.0,0.25,8.0,1.0,0.25,0.0,0.4629100498862757,2.0,0.0,0.0,1.0,8.0,1.0,0.375,0.0,0.5175491695067657,3.0,0.0,0.0,0.0,8.0,0.0,0.0,0.0,0.0,0.0,0.0,0.0,0.0,8.0,1.0,0.125,0.0,0.3535533905932738,1.0,-0.1169800051336129,-0.1168534769046853,-0.1167916734413923,8.0,-0.1167028506464048,-0.1168991426160088,-0.1171729088268887,0.0001595485491446,-0.9351931409280704,-0.1948562413062771,-0.1946956239767913,-0.1925673194727142,8.0,-0.1856097872620971,-0.1926159987951902,-0.1950603849546662,0.0040677577831912,-1.5409279903615225,-0.0389790651884876,-0.038970540198383,-0.0389113648212114,8.0,-0.0388399178022332,-0.0389509598707926,-0.0390576362756295,6.633302565277651e-05,-0.3116076789663408,0.0,0.0,0.25,8.0,2.0,0.375,0.0,0.7440238091428449,3.0,0.5302469135802469,0.6,0.6019607843137255,8.0,0.717391304347826,0.3807777619904644,-1.0,0.5691124675538359,3.0462220959237154,30.0,30.0,30.5,7.0,33.0,30.0,26.0,2.0816659994661326,210.0,1.75,2.0,2.0,8.0,2.0,1.625,0.0,0.7440238091428449,13.0,1.0,1.0,1.0,8.0,2.0,0.875,-1.0,0.8345229603962802,7.0,0.802952380089412,0.873241723878068,0.936589698744842,3.0,-1.0,-1.0,-1.0,5.0,0.999937673611616,-0.6000124652776768,-1.0,0.894399317791672,-3.000062326388384,0.999937673611616,0.8686141445968133,0.732663036300756,0.1336973964029074,2.60584243379044,0.0,0.5,1.0,8.0,1.0,0.5,0.0,0.5345224838248488,4.0,2.75,4.0,4.25,8.0,5.0,3.5,1.0,1.4142135623730951,28.0,0.0,0.0,0.0,8.0,0.0,0.0,0.0,0.0,0.0,29.0,30.0,30.25,8.0,33.0,26.125,-1.0,11.128310101461304,209.0
716896,stu_CEEBR4975X,N,0.0,0.0,0.0,8.0,0.0,0.0,0.0,0.0,0.0,0.0,0.0,0.25,8.0,1.0,0.25,0.0,0.4629100498862757,2.0,0.0,1.0,1.0,8.0,1.0,0.625,0.0,0.5175491695067657,5.0,0.0,0.0,0.0,8.0,1.0,0.125,0.0,0.3535533905932738,1.0,-0.1170009863831449,-0.116896438510869,-0.1167843213161691,8.0,-0.1167276545666588,-0.1168906773551359,-0.1170445452816281,0.0001227683958573,-0.9351254188410878,-0.1949154927024688,-0.1947796141340762,-0.194777463881795,8.0,-0.1947184296828035,-0.1948359062184163,-0.1949879279687075,0.0001013875571312,-1.5586872497473303,-0.0389937042797754,-0.038972386374584,-0.0389411316974873,8.0,-0.0387782772368403,-0.0389531155530037,-0.039056680607949,8.316403829418303e-05,-0.31162492442403,2.75,3.0,3.0,8.0,3.0,2.75,2.0,0.4629100498862757,22.0,0.5,0.5,0.607057057057057,8.0,0.6444444444444445,0.5479354354354354,0.5,0.067922313423042,4.383483483483484,6.0,6.0,23.75,8.0,29.0,13.75,6.0,10.91198554670178,110.0,0.0,0.0,0.0,8.0,0.0,0.0,0.0,0.0,0.0,4.0,4.0,4.0,8.0,5.0,4.125,4.0,0.3535533905932738,33.0,,,,0.0,-1.0,-1.0,-1.0,6.0,-1.0,-1.0,-1.0,0.0,-6.0,,,,,,0.0,0.0,0.25,8.0,1.0,0.25,0.0,0.4629100498862757,2.0,4.0,4.0,4.0,8.0,5.0,4.125,4.0,0.3535533905932738,33.0,0.0,0.0,0.0,8.0,0.0,0.0,0.0,0.0,0.0,6.0,6.0,23.75,8.0,29.0,13.75,6.0,10.91198554670178,110.0
721506,stu_YFSKZ4986K,N,0.0,0.0,0.0,8.0,0.0,0.0,0.0,0.0,0.0,1.0,1.0,1.0,8.0,1.0,1.0,1.0,0.0,8.0,0.0,0.0,0.0,8.0,0.0,0.0,0.0,0.0,0.0,0.0,0.0,0.0,8.0,0.0,0.0,0.0,0.0,0.0,-0.1817681287129179,-0.181760608903957,-0.18170403464028,8.0,-0.1815350732006234,-0.1817071239698959,-0.1817683512617812,0.0001059575504107,-1.4536569917591675,-0.3029420749136218,-0.3029395214582426,-0.3028823673962111,8.0,-0.3027058920041428,-0.3028840833650783,-0.3029475332173224,0.0001075609386996,-2.4230726669206266,-0.0605899423707126,-0.0605889818966709,-0.0605869555307048,8.0,-0.0603557038355131,-0.0605593155475347,-0.060590176632674,8.231432263318828e-05,-0.4844745243802776,0.0,0.0,0.0,8.0,0.0,0.0,0.0,0.0,0.0,0.0,0.0,0.0,8.0,0.0,-0.125,-1.0,0.3535533905932738,-1.0,0.0,0.0,0.0,7.0,0.0,0.0,0.0,0.0,0.0,0.0,0.0,0.0,8.0,0.0,0.0,0.0,0.0,0.0,1.0,1.0,1.0,8.0,1.0,0.75,-1.0,0.7071067811865476,6.0,0.6446721722714617,0.7306003542110635,0.8165285361506652,2.0,-0.2206280048340699,0.55874399033186,0.7306003542110635,3.0,0.902456718090267,0.1537335694740423,-1.0,1.013834538672,0.461200708422127,0.902456718090267,0.7306003542110635,0.55874399033186,0.2430416005780953,1.461200708422127,1.0,1.0,1.0,8.0,1.0,0.875,0.0,0.3535533905932738,7.0,0.0,0.0,0.0,8.0,1.0,0.125,0.0,0.3535533905932738,1.0,0.75,1.0,1.0,8.0,1.0,0.75,0.0,0.4629100498862757,6.0,0.0,0.0,0.0,8.0,0.0,-0.125,-1.0,0.3535533905932738,-1.0
723146,stu_YFSKZ4986K,N,0.0,0.0,0.0,8.0,1.0,0.125,0.0,0.3535533905932738,1.0,1.0,1.0,1.0,8.0,1.0,0.875,0.0,0.3535533905932738,7.0,0.0,0.0,0.0,8.0,0.0,0.0,0.0,0.0,0.0,0.0,0.0,0.0,8.0,0.0,0.0,0.0,0.0,0.0,-0.1816606024726368,-0.1816483037196635,-0.1816396067443467,8.0,-0.1816064293940641,-0.1816457180532646,-0.1816669861110848,2.035034245174521e-05,-1.4531657444261177,-0.3027548059016819,-0.3027434441965543,-0.302695402924821,8.0,-0.3024794778184536,-0.3026972125984728,-0.3027562114734503,9.816587777811723e-05,-2.4215777007877826,-0.0605552188914848,-0.060554088577521,-0.0605519333674762,8.0,-0.0605419655210188,-0.0605526859340272,-0.0605588089560431,5.4865465619298776e-06,-0.4844214874722177,1.0,1.0,1.0,8.0,2.0,1.125,1.0,0.3535533905932738,9.0,0.25,0.2916666666666666,0.425,8.0,0.5,0.1854166666666666,-1.0,0.4904191194258364,1.4833333333333332,1.0,1.0,2.5,7.0,3.0,1.7142857142857142,1.0,0.951189731211342,12.0,0.0,0.0,0.0,8.0,0.0,0.0,0.0,0.0,0.0,1.0,1.0,1.25,8.0,2.0,1.0,-1.0,0.9258200997725514,8.0,,,,0.0,-1.0,-1.0,-1.0,2.0,-1.0,-1.0,-1.0,0.0,-2.0,,,,,,1.0,1.0,1.0,8.0,1.0,0.875,0.0,0.3535533905932738,7.0,1.0,1.0,1.25,8.0,2.0,1.25,1.0,0.4629100498862757,10.0,0.0,0.0,0.0,8.0,0.0,0.0,0.0,0.0,0.0,1.0,1.0,2.25,8.0,3.0,1.375,-1.0,1.3024701806293193,11.0
727787,stu_YFSKZ4986K,N,0.0,0.0,0.0,5.0,0.0,0.0,0.0,0.0,0.0,1.0,1.0,1.0,5.0,1.0,1.0,1.0,0.0,5.0,0.0,0.0,0.0,5.0,0.0,0.0,0.0,0.0,0.0,0.0,0.0,0.0,5.0,0.0,0.0,0.0,0.0,0.0,-0.1815302005518166,-0.1815020422640568,-0.1813850049881435,5.0,-0.1813691688795532,-0.1814702201192208,-0.181564683912534,8.80435702455494e-05,-0.9073511005961044,-0.3024313838377802,-0.3023643380644287,-0.3018777525444139,5.0,-0.3018151343221328,-0.3022087974925406,-0.3025553786939469,0.0003385326901402,-1.511043987462703,-0.0605350313669615,-0.0605183050629178,-0.0605068730792017,5.0,-0.0604556634144406,-0.0605110757387892,-0.0605395057704241,3.362510217295899e-05,-0.302555378693946,0.0,0.0,0.0,5.0,0.0,0.0,0.0,0.0,0.0,0.0,0.0,0.3181818181818182,5.0,0.4137931034482758,0.1463949843260188,0.0,0.2032897837470975,0.731974921630094,0.0,0.0,7.0,5.0,12.0,3.8,0.0,5.495452665613634,19.0,0.0,0.0,0.0,5.0,0.0,0.0,0.0,0.0,0.0,1.0,1.0,1.0,5.0,1.0,1.0,1.0,0.0,5.0,,,,0.0,,,,0.0,,,,,,,,,,,1.0,1.0,1.0,5.0,1.0,1.0,1.0,0.0,5.0,0.0,0.0,0.0,5.0,1.0,0.2,0.0,0.447213595499958,1.0,0.0,0.0,0.0,5.0,0.0,0.0,0.0,0.0,0.0,0.0,0.0,7.0,5.0,12.0,3.8,0.0,5.495452665613634,19.0
730703,stu_EBNPB0510K,N,0.0,0.0,0.0,5.0,0.0,0.0,0.0,0.0,0.0,1.0,1.0,1.0,5.0,1.0,1.0,1.0,0.0,5.0,0.0,0.0,0.0,5.0,0.0,0.0,0.0,0.0,0.0,0.0,0.0,0.0,5.0,0.0,0.0,0.0,0.0,0.0,-0.1305135219085829,-0.1304130836023663,-0.1301338713246778,5.0,-0.1291428031064637,-0.1302337504074484,-0.1309654720951514,0.0006793362496956,-0.6511687520372422,-0.2174210478148431,-0.2164978853007879,-0.2160600044659962,5.0,-0.2160381681219138,-0.2167453283608053,-0.2177095361004853,0.0007773779418725,-1.0837266418040266,-0.0436690195970323,-0.0436181568931329,-0.0435177185869163,5.0,-0.0432263454184176,-0.043541907220097,-0.043678295604986,0.0001875751190824,-0.2177095361004853,0.0,1.0,1.0,5.0,1.0,0.6,0.0,0.5477225575051662,3.0,0.032258064516129,0.0636363636363636,0.125,5.0,0.6153846153846154,0.1691788856304985,0.0096153846153846,0.2531789748679146,0.8458944281524926,2.0,6.0,8.0,5.0,14.0,6.2,1.0,5.215361924162119,31.0,0.0,0.0,0.0,5.0,0.0,0.0,0.0,0.0,0.0,1.0,1.0,1.0,5.0,2.0,1.2,1.0,0.447213595499958,6.0,0.9999896703707998,0.9999994788037868,1.0,4.0,0.999961808660477,0.999998957607574,1.0,5.0,1.0,0.5999921532536102,-1.0,0.894422804685548,2.999960766268051,1.0,0.9999901915670129,0.999961808660477,1.8928317110155408e-05,3.999960766268051,1.0,1.0,1.0,5.0,1.0,1.0,1.0,0.0,5.0,0.0,0.0,0.0,5.0,0.0,0.0,0.0,0.0,0.0,0.0,0.0,0.0,5.0,0.0,0.0,0.0,0.0,0.0,2.0,6.0,8.0,5.0,14.0,6.2,1.0,5.215361924162119,31.0
731685,stu_EBNPB0510K,N,0.0,0.0,0.0,3.0,0.0,0.0,0.0,0.0,0.0,1.0,1.0,1.0,3.0,1.0,1.0,1.0,0.0,3.0,0.0,0.0,0.0,3.0,0.0,0.0,0.0,0.0,0.0,0.0,0.0,0.0,3.0,0.0,0.0,0.0,0.0,0.0,-0.1309193139694486,-0.1306802681376841,-0.1303341931519464,3.0,-0.1299881181662087,-0.1306089153683687,-0.1311583598012131,0.0005883746972305,-0.391826746105106,-0.2136608249255625,-0.2098820944031876,-0.2091663771579158,3.0,-0.208450659912644,-0.2119241032545896,-0.2174395554479374,0.0048298458410189,-0.6357723097637691,-0.0437257186408643,-0.043725252621326,-0.0437160875704052,3.0,-0.0437069225194844,-0.043719453267071,-0.0437261846604026,1.0861947363141451e-05,-0.1311583598012131,1.0,1.0,1.0,3.0,1.0,1.0,1.0,0.0,3.0,-0.5,0.0,0.1666666666666666,3.0,0.3333333333333333,-0.2222222222222222,-1.0,0.693888666488711,-0.6666666666666667,2.25,4.5,6.75,2.0,9.0,4.5,0.0,6.363961030678928,9.0,1.0,1.0,1.0,3.0,1.0,1.0,1.0,0.0,3.0,0.0,1.0,1.0,3.0,1.0,0.3333333333333333,-1.0,1.1547005383792517,1.0,,,,0.0,-1.0,-1.0,-1.0,1.0,-1.0,-1.0,-1.0,,-1.0,,,,,,1.0,1.0,1.0,3.0,1.0,1.0,1.0,0.0,3.0,1.5,2.0,2.5,3.0,3.0,2.0,1.0,1.0,6.0,0.0,0.0,0.5,3.0,1.0,0.3333333333333333,0.0,0.5773502691896258,1.0,-0.5,0.0,4.5,3.0,9.0,2.6666666666666665,-1.0,5.507570547286102,8.0
735179,stu_EBNPB0510K,N,0.0,0.0,0.0,8.0,1.0,0.125,0.0,0.3535533905932738,1.0,1.0,1.0,1.0,8.0,1.0,0.875,0.0,0.3535533905932738,7.0,0.0,0.0,0.0,8.0,0.0,0.0,0.0,0.0,0.0,0.0,0.0,0.0,8.0,0.0,0.0,0.0,0.0,0.0,-0.1310648674052584,-0.1309026704145077,-0.1307013499739426,8.0,-0.1305520018076063,-0.1308614276853642,-0.1310862821126157,0.0002248263081262,-1.046891421482914,-0.2182276388700922,-0.2180578302268819,-0.2180340854218328,8.0,-0.2178872005016278,-0.2181327761547807,-0.2184698580729988,0.000202518723632,-1.7450622092382462,-0.0437503511021768,-0.0436083704828277,-0.0435302567316384,8.0,-0.0432458738562149,-0.0435905896182992,-0.0437519266920446,0.0001765100700584,-0.3487247169463936,0.0,0.0,0.0,8.0,1.0,0.125,0.0,0.3535533905932738,1.0,0.0,0.0,0.0,8.0,0.3333333333333333,0.0416666666666666,0.0,0.1178511301977579,0.3333333333333333,0.0,0.0,0.0,8.0,1.0,0.125,0.0,0.3535533905932738,1.0,0.0,0.0,0.0,8.0,0.0,0.0,0.0,0.0,0.0,1.0,1.0,1.0,8.0,2.0,1.125,1.0,0.3535533905932738,9.0,0.55874399033186,0.55874399033186,0.701582642764617,3.0,0.55874399033186,0.55874399033186,0.701582642764617,3.0,0.844421295197374,0.6539697586203647,0.55874399033186,0.1649358688654713,1.9619092758610936,0.844421295197374,0.6539697586203647,0.55874399033186,0.1649358688654713,1.9619092758610936,1.0,1.0,1.0,8.0,1.0,1.0,1.0,0.0,8.0,0.0,0.0,0.0,8.0,0.0,0.0,0.0,0.0,0.0,1.0,1.0,1.0,8.0,1.0,1.0,1.0,0.0,8.0,0.0,0.0,0.0,8.0,1.0,0.125,0.0,0.3535533905932738,1.0
735539,stu_EBNPB0510K,N,0.0,0.0,0.0,8.0,0.0,0.0,0.0,0.0,0.0,1.0,1.0,1.0,8.0,1.0,1.0,1.0,0.0,8.0,0.0,0.0,0.0,8.0,0.0,0.0,0.0,0.0,0.0,0.0,0.0,0.0,8.0,0.0,0.0,0.0,0.0,0.0,-0.1312525290350687,-0.1312125955989138,-0.1310713472959821,8.0,-0.1309154526647024,-0.1311556801888676,-0.1312570227949027,0.0001257618406672,-1.0492454415109411,-0.2186944240119646,-0.2185730481136323,-0.2182275390087625,8.0,-0.2178170756568101,-0.218423417006862,-0.2187574143195643,0.0003740660686899,-1.7473873360548962,-0.0437520820318907,-0.0437517047779787,-0.0437289363948196,8.0,-0.0436493580107955,-0.043728520305946,-0.043752548051429,4.294925763041719e-05,-0.3498281624475685,0.0,0.0,0.25,8.0,1.0,0.25,0.0,0.4629100498862757,2.0,0.0,0.0,0.0,8.0,0.0,0.0,0.0,0.0,0.0,0.0,0.0,0.0,8.0,0.0,0.0,0.0,0.0,0.0,0.0,0.0,0.0,8.0,0.0,0.0,0.0,0.0,0.0,1.0,1.0,1.0,8.0,1.0,1.0,1.0,0.0,8.0,0.9998419364293109,0.999999967078463,0.9999999857489936,6.0,0.9998419364293109,0.999999967078463,0.9999999857489936,6.0,0.999999991972504,0.99952686430425,0.997372008177305,0.00105901919168,5.997161185825499,0.999999991972504,0.99952686430425,0.997372008177305,0.00105901919168,5.997161185825499,0.75,1.0,1.0,8.0,1.0,0.75,0.0,0.4629100498862757,6.0,0.0,1.0,1.0,8.0,2.0,0.75,0.0,0.7071067811865476,6.0,0.75,1.0,1.0,8.0,1.0,0.75,0.0,0.4629100498862757,6.0,0.0,0.0,0.0,8.0,0.0,0.0,0.0,0.0,0.0
736040,stu_EBNPB0510K,N,0.0,0.0,0.0,1.0,0.0,0.0,0.0,,0.0,1.0,1.0,1.0,1.0,1.0,1.0,1.0,,1.0,0.0,0.0,0.0,1.0,0.0,0.0,0.0,,0.0,0.0,0.0,0.0,1.0,0.0,0.0,0.0,,0.0,-0.1309272141101939,-0.1309272141101939,-0.1309272141101939,1.0,-0.1309272141101939,-0.1309272141101939,-0.1309272141101939,,-0.1309272141101939,-0.2181508787947048,-0.2181508787947048,-0.2181508787947048,1.0,-0.2181508787947048,-0.2181508787947048,-0.2181508787947048,,-0.2181508787947048,-0.0437513497154733,-0.0437513497154733,-0.0437513497154733,1.0,-0.0437513497154733,-0.0437513497154733,-0.0437513497154733,,-0.0437513497154733,0.0,0.0,0.0,1.0,0.0,0.0,0.0,,0.0,0.1538461538461538,0.1538461538461538,0.1538461538461538,1.0,0.1538461538461538,0.1538461538461538,0.1538461538461538,,0.1538461538461538,4.0,4.0,4.0,1.0,4.0,4.0,4.0,,4.0,2.0,2.0,2.0,1.0,2.0,2.0,2.0,,2.0,1.0,1.0,1.0,1.0,1.0,1.0,1.0,,1.0,,,,0.0,,,,0.0,,,,,,,,,,,1.0,1.0,1.0,1.0,1.0,1.0,1.0,,1.0,2.0,2.0,2.0,1.0,2.0,2.0,2.0,,2.0,0.0,0.0,0.0,1.0,0.0,0.0,0.0,,0.0,4.0,4.0,4.0,1.0,4.0,4.0,4.0,,4.0
741848,stu_EBNPB0510K,N,0.0,0.0,0.5,7.0,1.0,0.2857142857142857,0.0,0.4879500364742666,2.0,0.5,1.0,1.0,7.0,1.0,0.7142857142857143,0.0,0.4879500364742666,5.0,0.0,0.0,0.0,7.0,0.0,0.0,0.0,0.0,0.0,0.0,0.0,0.0,7.0,0.0,0.0,0.0,0.0,0.0,-0.1310453389674611,-0.1310333777993102,-0.1310098992911403,7.0,-0.1309846898532565,-0.1310268028025583,-0.131059075448139,2.9188040581413768e-05,-0.9171876196179086,-0.218393275528864,-0.2183602325244547,-0.2183235279379584,7.0,-0.2182518940774927,-0.2183530171471127,-0.2184253864941966,6.092074706616964e-05,-1.5284711200297891,-0.0436959377732234,-0.0436652914407256,-0.0436647144641543,7.0,-0.0436369308231063,-0.0436753536585127,-0.0437039488710016,2.4303372446783376e-05,-0.305727475609589,1.5,2.0,2.5,7.0,3.0,2.0,1.0,0.816496580927726,14.0,0.0,0.3333333333333333,0.4166666666666666,7.0,0.5,0.0952380952380952,-1.0,0.5257899071445042,0.6666666666666665,0.25,1.0,1.0,6.0,1.0,0.6666666666666666,0.0,0.5163977794943223,4.0,0.0,0.0,0.0,7.0,0.0,0.0,0.0,0.0,0.0,1.0,2.0,2.0,7.0,2.0,1.2857142857142858,-1.0,1.1126972805283737,9.0,,,,0.0,-1.0,-1.0,-1.0,3.0,-1.0,-1.0,-1.0,0.0,-3.0,,,,,,0.5,1.0,1.0,7.0,1.0,0.7142857142857143,0.0,0.4879500364742666,5.0,2.0,2.0,2.5,7.0,3.0,2.142857142857143,1.0,0.6900655593423543,15.0,0.0,0.0,0.0,7.0,1.0,0.1428571428571428,0.0,0.3779644730092273,1.0,0.0,1.0,1.0,7.0,1.0,0.4285714285714285,-1.0,0.7867957924694432,3.0
743879,stu_EBNPB0510K,N,0.0,0.0,0.0,7.0,0.0,0.0,0.0,0.0,0.0,1.0,1.0,1.0,7.0,1.0,1.0,1.0,0.0,7.0,0.0,0.0,0.0,7.0,0.0,0.0,0.0,0.0,0.0,0.0,0.0,0.0,7.0,0.0,0.0,0.0,0.0,0.0,-0.1308881350431927,-0.1308751086875256,-0.1308430864878193,7.0,-0.130810309780289,-0.1308866165169419,-0.1310584540887545,8.171040928929595e-05,-0.9162063156185934,-0.2183369315475374,-0.218206002248669,-0.2181120216417694,7.0,-0.2179984682142593,-0.21821338247646,-0.2183913004936777,0.0001533293227589,-1.52749367733522,-0.0437141347266254,-0.043643188799764,-0.0435548004273246,7.0,-0.0434671665627091,-0.0436286756198556,-0.0437525036686159,0.0001143963314618,-0.3054007293389894,0.0,0.0,0.0,7.0,0.0,0.0,0.0,0.0,0.0,0.0,0.0476190476190476,0.1071428571428571,7.0,0.2857142857142857,0.0782312925170067,0.0,0.1088612513930172,0.5476190476190476,0.0,1.0,2.5,7.0,8.0,2.0,0.0,3.0,14.0,0.0,0.0,0.0,7.0,0.0,0.0,0.0,0.0,0.0,1.0,1.0,1.0,7.0,1.0,1.0,1.0,0.0,7.0,0.818664885878509,0.818664885878509,0.818664885878509,1.0,0.818664885878509,0.818664885878509,0.818664885878509,1.0,0.818664885878509,0.818664885878509,0.818664885878509,,0.818664885878509,0.818664885878509,0.818664885878509,0.818664885878509,,0.818664885878509,1.0,1.0,1.0,7.0,1.0,1.0,1.0,0.0,7.0,0.0,0.0,0.0,7.0,0.0,0.0,0.0,0.0,0.0,0.0,0.0,0.5,7.0,1.0,0.2857142857142857,0.0,0.4879500364742666,2.0,0.0,1.0,2.5,7.0,8.0,2.0,0.0,3.0,14.0
745844,stu_EBNPB0510K,N,0.0,0.0,0.0,4.0,0.0,0.0,0.0,0.0,0.0,1.0,1.0,1.0,4.0,1.0,1.0,1.0,0.0,4.0,0.0,0.0,0.0,4.0,0.0,0.0,0.0,0.0,0.0,0.0,0.0,0.0,4.0,0.0,0.0,0.0,0.0,0.0,-0.1308896995373571,-0.1291309307039392,-0.1273216542291274,4.0,-0.127144067497908,-0.1290804230625453,-0.1309157633443946,0.0021014768746303,-0.5163216922501812,-0.2145705505429287,-0.2145555602477786,-0.2139920649559962,4.0,-0.2123364639718053,-0.2140070552511463,-0.2145806365372229,0.0011138307189744,-0.8560282210045854,-0.043711249843769,-0.0436999322264092,-0.0436412914345008,4.0,-0.0434811471488595,-0.0436526090518606,-0.0437294246057645,0.000115230350468,-0.1746104362074425,0.0,0.0,0.0,4.0,0.0,0.0,0.0,0.0,0.0,0.1148648648648649,0.500226483466707,0.5159693658297011,4.0,0.521978021978022,0.1306077472278589,-1.0,0.7538917175654409,0.5224309889114358,55.0,92.0,93.5,3.0,95.0,68.33333333333333,18.0,43.61574639202376,205.0,0.0,0.0,0.0,4.0,0.0,0.0,0.0,0.0,0.0,0.5,1.0,1.0,4.0,1.0,0.5,-1.0,1.0,2.0,,,,0.0,-1.0,-1.0,-1.0,1.0,-1.0,-1.0,-1.0,,-1.0,,,,,,0.0,0.0,0.0,4.0,0.0,0.0,0.0,0.0,0.0,0.0,0.0,0.0,4.0,0.0,0.0,0.0,0.0,0.0,0.0,0.0,0.0,4.0,0.0,0.0,0.0,0.0,0.0,13.25,55.0,92.75,4.0,95.0,51.0,-1.0,49.69909455915671,204.0
747363,stu_EBNPB0510K,N,0.0,0.0,0.0,4.0,0.0,0.0,0.0,0.0,0.0,1.0,1.0,1.0,4.0,1.0,1.0,1.0,0.0,4.0,0.0,0.0,0.0,4.0,0.0,0.0,0.0,0.0,0.0,0.0,0.0,0.0,4.0,0.0,0.0,0.0,0.0,0.0,-0.1305716633938431,-0.1295365008507391,-0.1285102037745668,4.0,-0.128395263384145,-0.1295453663176709,-0.1307132001850605,0.0012435102372525,-0.5181814652706838,-0.2157398823302634,-0.2157034995191626,-0.2156319655200266,4.0,-0.2154453912691392,-0.2156683483311274,-0.2158210030170454,0.0001588070992819,-0.8626733933245099,-0.0435934911447105,-0.0435209585322781,-0.043450478624955,4.0,-0.0433788447644894,-0.0435230112373875,-0.0436712831205043,0.0001253268189306,-0.17409204494955,0.0,0.0,0.0,4.0,0.0,0.0,0.0,0.0,0.0,-0.25,0.03125,0.0625,4.0,0.0625,-0.21875,-1.0,0.5216660010645381,-0.875,0.5,1.0,1.0,3.0,1.0,0.6666666666666666,0.0,0.5773502691896258,2.0,0.0,0.0,0.0,4.0,0.0,0.0,0.0,0.0,0.0,0.5,1.0,1.0,4.0,1.0,0.5,-1.0,1.0,2.0,0.9999829696404354,0.999990687281753,0.999990687281753,3.0,0.4999814389993384,0.9999829696404354,0.999990687281753,4.0,0.999990687281753,0.499989156640656,-1.0,0.9999927711202428,1.999956626562624,0.999990687281753,0.9999855421875412,0.999975251999118,8.911564584355168e-06,2.999956626562624,1.0,1.0,1.0,4.0,1.0,1.0,1.0,0.0,4.0,0.0,0.0,0.0,4.0,0.0,0.0,0.0,0.0,0.0,0.0,0.0,0.0,4.0,0.0,0.0,0.0,0.0,0.0,-0.25,0.5,1.0,4.0,1.0,0.25,-1.0,0.957427107756338,1.0
748483,stu_EBNPB0510K,N,0.0,0.0,0.0,3.0,0.0,0.0,0.0,0.0,0.0,1.0,1.0,1.0,3.0,1.0,1.0,1.0,0.0,3.0,0.0,0.0,0.0,3.0,0.0,0.0,0.0,0.0,0.0,0.0,0.0,0.0,3.0,0.0,0.0,0.0,0.0,0.0,-0.1311391198517014,-0.1311314194336154,-0.131113133714587,3.0,-0.1310948479955586,-0.1311243625663205,-0.1311468202697874,2.6695109180171144e-05,-0.3933730876989616,-0.2185444877733537,-0.2185261354801055,-0.218495045319476,3.0,-0.2184639551588464,-0.2185176435685179,-0.2185628400666019,4.998640482435007e-05,-0.6555529307055539,-0.0437122262656589,-0.0437089197460773,-0.043689657605159,3.0,-0.0436703954642408,-0.0436982826651862,-0.0437155327852405,2.4376321588195064e-05,-0.1310948479955586,0.0,0.0,0.0,3.0,0.0,0.0,0.0,0.0,0.0,-0.2391304347826087,0.5217391304347826,0.5326086956521738,3.0,0.5434782608695652,0.0217391304347825,-1.0,0.884918801610766,0.0652173913043476,79.0,86.0,93.0,2.0,100.0,86.0,72.0,19.79898987322333,172.0,0.0,0.0,0.0,3.0,0.0,0.0,0.0,0.0,0.0,0.0,1.0,1.0,3.0,1.0,0.3333333333333333,-1.0,1.1547005383792517,1.0,,,,0.0,-1.0,-1.0,-1.0,1.0,-1.0,-1.0,-1.0,,-1.0,,,,,,1.0,1.0,1.0,3.0,1.0,1.0,1.0,0.0,3.0,0.0,0.0,0.0,3.0,0.0,0.0,0.0,0.0,0.0,0.0,0.0,0.0,3.0,0.0,0.0,0.0,0.0,0.0,35.5,72.0,86.0,3.0,100.0,57.0,-1.0,52.14403129793476,171.0
748974,stu_EBNPB0510K,N,0.0,0.0,0.0,6.0,0.0,0.0,0.0,0.0,0.0,1.0,1.0,1.0,6.0,1.0,1.0,1.0,0.0,6.0,0.0,0.0,0.0,6.0,0.0,0.0,0.0,0.0,0.0,0.0,0.0,0.0,6.0,0.0,0.0,0.0,0.0,0.0,-0.1308446398862804,-0.1307708090765626,-0.1307037355501508,6.0,-0.1306317577228831,-0.1307704762054638,-0.1308988534925746,0.0001017075630646,-0.7846228572327831,-0.2180718108130322,-0.2179644931707733,-0.2179440548853059,6.0,-0.2178321658132899,-0.218003061835423,-0.2182123933737663,0.0001342095901134,-1.3080183710125382,-0.0436633164055392,-0.0436216187525606,-0.0435617130504767,6.0,-0.0434874495083304,-0.0436078378890696,-0.0436973802146516,7.912861265363744e-05,-0.2616470273344177,0.0,0.0,0.0,6.0,0.0,0.0,0.0,0.0,0.0,0.0,0.0,0.0,6.0,0.2727272727272727,-0.1212121212121212,-1.0,0.4441229323772426,-0.7272727272727273,0.0,0.0,0.0,5.0,9.0,1.8,0.0,4.024922359499622,9.0,0.0,0.0,0.0,6.0,0.0,0.0,0.0,0.0,0.0,1.0,1.0,1.0,6.0,1.0,0.6666666666666666,-1.0,0.816496580927726,4.0,0.9999929525558504,0.9999999997143424,0.999999999953054,4.0,0.999971811760875,0.999999999487509,0.999999999941176,5.0,0.999999999988688,0.5999943622356496,-1.0,0.894424039477117,2.999971811178248,0.999999999988688,0.999992952794562,0.999971811760875,1.4094022459810224e-05,3.999971811178248,1.0,1.0,1.0,6.0,1.0,1.0,1.0,0.0,6.0,0.0,0.0,0.0,6.0,1.0,0.1666666666666666,0.0,0.408248290463863,1.0,0.25,1.0,1.0,6.0,1.0,0.6666666666666666,0.0,0.5163977794943223,4.0,0.0,0.0,0.0,6.0,9.0,1.3333333333333333,-1.0,3.777124126457412,8.0
751680,stu_EBNPB0510K,N,0.0,0.0,0.0,7.0,0.0,0.0,0.0,0.0,0.0,0.5,1.0,1.0,7.0,1.0,0.7142857142857143,0.0,0.4879500364742665,5.0,0.0,0.0,0.0,7.0,1.0,0.1428571428571428,0.0,0.3779644730092272,1.0,0.0,0.0,0.0,7.0,0.0,0.0,0.0,0.0,0.0,-0.1310560796082496,-0.1308872695783358,-0.13083163572202,7.0,-0.1307884290533934,-0.1309575402523967,-0.1312516524745085,0.000181532650227,-0.9167027817667772,-0.2182869121170879,-0.2182140355378534,-0.2181692088965459,7.0,-0.2180815528405238,-0.2182362523060488,-0.2184459357366966,0.0001183133861856,-1.5276537661423415,-0.0437496853599792,-0.0436660015657364,-0.0435612137438285,7.0,-0.0432963814976089,-0.0436194947179301,-0.04375228175455,0.0001668683629773,-0.3053364630255109,0.0,1.0,1.0,7.0,2.0,0.7142857142857143,0.0,0.7559289460184544,5.0,0.0,0.0,0.5551470588235294,7.0,0.875,0.2836134453781512,0.0,0.413028896689737,1.9852941176470589,0.0,0.0,7.0,7.0,12.0,3.7142857142857135,0.0,4.923220007078217,26.0,1.0,1.0,1.0,7.0,1.0,1.0,1.0,0.0,7.0,1.0,1.0,3.5,7.0,5.0,2.2857142857142856,1.0,1.889822365046136,16.0,0.245897541849029,0.245897541849029,0.245897541849029,1.0,-1.0,-1.0,-0.6885256145377427,4.0,0.245897541849029,-0.6885256145377427,-1.0,0.6229487709245145,-2.754102458150971,0.245897541849029,0.245897541849029,0.245897541849029,,0.245897541849029,0.0,1.0,1.0,7.0,1.0,0.5714285714285714,0.0,0.5345224838248488,4.0,1.5,3.0,4.5,7.0,5.0,2.857142857142857,0.0,1.9518001458970664,20.0,0.0,0.0,1.0,7.0,1.0,0.4285714285714285,0.0,0.5345224838248487,3.0,0.0,0.0,7.0,7.0,12.0,3.7142857142857135,0.0,4.923220007078217,26.0
752323,stu_EBNPB0510K,N,0.0,0.0,0.0,4.0,0.0,0.0,0.0,0.0,0.0,1.0,1.0,1.0,4.0,1.0,1.0,1.0,0.0,4.0,0.0,0.0,0.0,4.0,0.0,0.0,0.0,0.0,0.0,0.0,0.0,0.0,4.0,0.0,0.0,0.0,0.0,0.0,-0.130819330587067,-0.130732773005671,-0.1306331668772014,4.0,-0.1304469920716325,-0.1307197244585974,-0.1309663597514149,0.0002147650928319,-0.5228788978343897,-0.2181680327519972,-0.2180998607509593,-0.2179769314541658,4.0,-0.2177308398508097,-0.2180451034552037,-0.2182498524680866,0.0002236261103734,-0.8721804138208149,-0.0436034994690816,-0.043544547997481,-0.0434534522734378,4.0,-0.0433543898344296,-0.0435124037450385,-0.0436061291507623,0.0001191144325692,-0.174049614980154,0.75,1.5,2.25,4.0,3.0,1.5,0.0,1.2909944487358056,6.0,0.0,0.0,0.0,4.0,0.0,0.0,0.0,0.0,0.0,0.0,0.0,0.0,4.0,0.0,0.0,0.0,0.0,0.0,0.0,0.0,0.0,4.0,0.0,0.0,0.0,0.0,0.0,1.0,1.0,1.0,4.0,1.0,1.0,1.0,0.0,4.0,,,,0.0,,,,0.0,,,,,,,,,,,1.0,1.0,1.0,4.0,1.0,1.0,1.0,0.0,4.0,1.75,2.5,3.0,4.0,3.0,2.25,1.0,0.957427107756338,9.0,1.0,1.0,1.0,4.0,1.0,1.0,1.0,0.0,4.0,0.0,0.0,0.0,4.0,0.0,0.0,0.0,0.0,0.0
753481,stu_EBNPB0510K,N,0.0,0.0,0.0,4.0,0.0,0.0,0.0,0.0,0.0,0.0,0.0,0.25,4.0,1.0,0.25,0.0,0.5,1.0,0.0,0.0,0.25,4.0,1.0,0.25,0.0,0.5,1.0,0.0,0.0,0.25,4.0,1.0,0.25,0.0,0.5,1.0,-0.1309960185663191,-0.1309798299352133,-0.1309370781904218,4.0,-0.1308554914841015,-0.1309532668215276,-0.1309979159315824,6.695457883133381e-05,-0.5238130672861105,-0.2182251090497412,-0.218203095174406,-0.218191089623442,4.0,-0.2181679217949643,-0.2182131034987771,-0.2182783018513323,4.66520161196001e-05,-0.8728524139951087,-0.0436790168257001,-0.0436377740965566,-0.0436134745063429,4.0,-0.0435910389942826,-0.0436547172354864,-0.04375228175455,7.003282939206806e-05,-0.1746188689419459,1.0,1.0,1.0,4.0,1.0,1.0,1.0,0.0,4.0,0.5836431226765799,0.5836431226765799,0.5836431226765799,4.0,0.5836431226765799,0.5836431226765799,0.5836431226765799,0.0,2.33457249070632,157.0,157.0,157.0,4.0,157.0,157.0,157.0,0.0,628.0,2.0,2.5,3.0,4.0,3.0,2.5,2.0,0.5773502691896257,10.0,5.0,5.0,5.0,4.0,5.0,5.0,5.0,0.0,20.0,,,,0.0,-1.0,-1.0,-1.0,4.0,-1.0,-1.0,-1.0,0.0,-4.0,,,,,,0.0,0.0,0.0,4.0,0.0,0.0,0.0,0.0,0.0,4.0,4.0,4.0,4.0,4.0,4.0,4.0,0.0,16.0,0.0,0.0,0.0,4.0,0.0,0.0,0.0,0.0,0.0,157.0,157.0,157.0,4.0,157.0,157.0,157.0,0.0,628.0
755728,stu_RXVMD0506G,N,0.0,0.0,0.5,3.0,1.0,0.3333333333333333,0.0,0.5773502691896258,1.0,0.5,1.0,1.0,3.0,1.0,0.6666666666666666,0.0,0.5773502691896258,2.0,0.0,0.0,0.0,3.0,0.0,0.0,0.0,0.0,0.0,0.0,0.0,0.0,3.0,0.0,0.0,0.0,0.0,0.0,-0.227142277869791,-0.2271260762762534,-0.2268523329424563,3.0,-0.2265785896086593,-0.2269543817827471,-0.2271584794633286,0.0003258486001387,-0.6808631453482413,-0.378037363964222,-0.3780288044350751,-0.378015459493165,3.0,-0.3780021145512551,-0.3780256141598997,-0.378045923493369,2.20780262717495e-05,-1.1340768424796992,-0.0757208328615021,-0.0757025513336589,-0.0756934809434545,3.0,-0.07568441055325,-0.0757086920920847,-0.0757391143893452,2.786411861902185e-05,-0.2271260762762542,0.0,0.0,0.5,3.0,1.0,0.3333333333333333,0.0,0.5773502691896258,1.0,0.4810450819672131,0.5245901639344263,0.5526176626123744,3.0,0.5806451612903226,0.5142451084082497,0.4375,0.0721311266416092,1.5427353252247489,19.5,32.0,34.0,3.0,36.0,25.0,7.0,15.716233645501712,75.0,1.0,1.0,1.0,3.0,1.0,1.0,1.0,0.0,3.0,1.0,1.0,3.5,3.0,6.0,2.6666666666666665,1.0,2.886751345948129,8.0,,,,0.0,,,,0.0,,,,,,,,,,,0.5,1.0,1.0,3.0,1.0,0.6666666666666666,0.0,0.5773502691896258,2.0,2.0,2.0,2.0,3.0,2.0,2.0,2.0,0.0,6.0,0.0,0.0,0.0,3.0,0.0,0.0,0.0,0.0,0.0,19.5,32.0,34.0,3.0,36.0,25.0,7.0,15.716233645501712,75.0
756467,stu_RXVMD0506G,N,0.0,0.0,0.0,1.0,0.0,0.0,0.0,,0.0,1.0,1.0,1.0,1.0,1.0,1.0,1.0,,1.0,0.0,0.0,0.0,1.0,0.0,0.0,0.0,,0.0,0.0,0.0,0.0,1.0,0.0,0.0,0.0,,0.0,-0.2269823158043797,-0.2269823158043797,-0.2269823158043797,1.0,-0.2269823158043797,-0.2269823158043797,-0.2269823158043797,,-0.2269823158043797,-0.3782752896824478,-0.3782752896824478,-0.3782752896824478,1.0,-0.3782752896824478,-0.3782752896824478,-0.3782752896824478,,-0.3782752896824478,-0.0757788468687351,-0.0757788468687351,-0.0757788468687351,1.0,-0.0757788468687351,-0.0757788468687351,-0.0757788468687351,,-0.0757788468687351,0.0,0.0,0.0,1.0,0.0,0.0,0.0,,0.0,0.0,0.0,0.0,1.0,0.0,0.0,0.0,,0.0,0.0,0.0,0.0,1.0,0.0,0.0,0.0,,0.0,0.0,0.0,0.0,1.0,0.0,0.0,0.0,,0.0,1.0,1.0,1.0,1.0,1.0,1.0,1.0,,1.0,,,,0.0,,,,0.0,,,,,,,,,,,1.0,1.0,1.0,1.0,1.0,1.0,1.0,,1.0,0.0,0.0,0.0,1.0,0.0,0.0,0.0,,0.0,0.0,0.0,0.0,1.0,0.0,0.0,0.0,,0.0,0.0,0.0,0.0,1.0,0.0,0.0,0.0,,0.0
756707,stu_RXVMD0506G,N,0.0,0.0,0.0,5.0,0.0,0.0,0.0,0.0,0.0,0.0,0.0,0.0,5.0,1.0,0.2,0.0,0.447213595499958,1.0,0.0,0.0,1.0,5.0,1.0,0.4,0.0,0.5477225575051662,2.0,0.0,0.0,1.0,5.0,1.0,0.4,0.0,0.5477225575051662,2.0,-0.2271996298427973,-0.2271897879481387,-0.2271817184285774,5.0,-0.227150191003315,-0.2272019318452768,-0.2272883320035554,5.1728758310186417e-05,-1.136009659226384,-0.3786908490883782,-0.3786102268729172,-0.3785539904536496,5.0,-0.378536527346072,-0.378620035405221,-0.3787085832650884,7.79214990972293e-05,-1.8931001770261051,-0.0757792013437546,-0.0757297520785364,-0.0757216825589752,5.0,-0.0756808345258476,-0.0757381698176756,-0.0757793785812643,4.186816227621803e-05,-0.3786908490883783,2.0,2.0,3.0,5.0,3.0,2.4,2.0,0.5477225575051661,12.0,0.5806451612903226,0.5806451612903226,0.5806451612903226,5.0,0.5806451612903226,0.552016129032258,0.4375,0.0640164622590665,2.76008064516129,36.0,36.0,36.0,5.0,36.0,30.2,7.0,12.96919426949878,151.0,0.0,0.0,0.0,5.0,0.0,0.0,0.0,0.0,0.0,6.0,6.0,6.0,5.0,6.0,5.4,3.0,1.3416407864998738,27.0,,,,0.0,-1.0,-1.0,-1.0,4.0,-1.0,-1.0,-1.0,0.0,-4.0,,,,,,0.0,0.0,0.0,5.0,1.0,0.2,0.0,0.447213595499958,1.0,5.0,5.0,5.0,5.0,5.0,4.8,4.0,0.4472135954999579,24.0,0.0,0.0,0.0,5.0,0.0,0.0,0.0,0.0,0.0,36.0,36.0,36.0,5.0,36.0,30.2,7.0,12.96919426949878,151.0
758055,stu_WEBYU1452N,N,0.25,0.5,0.75,2.0,1.0,0.5,0.0,0.7071067811865476,1.0,0.0,0.0,0.0,2.0,0.0,0.0,0.0,0.0,0.0,0.25,0.5,0.75,2.0,1.0,0.5,0.0,0.7071067811865476,1.0,0.0,0.0,0.0,2.0,0.0,0.0,0.0,0.0,0.0,-0.166465646222029,-0.166408702941399,-0.1663517596607689,2.0,-0.1662948163801389,-0.166408702941399,-0.1665225895026591,0.000161059919506,-0.332817405882798,-0.2788127510733747,-0.2787818633618597,-0.2787509756503447,2.0,-0.2787200879388297,-0.2787818633618597,-0.2788436387848897,8.736364107034153e-05,-0.5575637267237195,-0.0555112716207185,-0.0549805575749871,-0.0544498435292557,2.0,-0.0539191294835243,-0.0549805575749871,-0.0560419856664499,0.0015010860024304,-0.1099611151499743,1.25,1.5,1.75,2.0,2.0,1.5,1.0,0.7071067811865476,3.0,0.4516129032258064,0.4516129032258064,0.4516129032258064,2.0,0.4516129032258064,0.4516129032258064,0.4516129032258064,0.0,0.9032258064516128,42.0,42.0,42.0,2.0,42.0,42.0,42.0,0.0,84.0,2.0,2.0,2.0,2.0,2.0,2.0,2.0,0.0,4.0,3.0,3.0,3.0,2.0,3.0,3.0,3.0,0.0,6.0,,,,0.0,-1.0,-1.0,-1.0,1.0,-1.0,-1.0,-1.0,,-1.0,,,,,,0.25,0.5,0.75,2.0,1.0,0.5,0.0,0.7071067811865476,1.0,3.0,3.0,3.0,2.0,3.0,3.0,3.0,0.0,6.0,0.0,0.0,0.0,2.0,0.0,0.0,0.0,0.0,0.0,42.0,42.0,42.0,2.0,42.0,42.0,42.0,0.0,84.0
761669,stu_WEBYU1452N,G,0.0,0.0,0.0,6.0,0.0,0.0,0.0,0.0,0.0,0.0,0.0,0.0,6.0,1.0,0.1666666666666666,0.0,0.408248290463863,1.0,0.0,0.0,0.75,6.0,1.0,0.3333333333333333,0.0,0.5163977794943223,2.0,0.0,0.0,0.0,6.0,1.0,0.1666666666666666,0.0,0.408248290463863,1.0,-0.1689081529895573,-0.168644305690247,-0.1683068824756271,6.0,-0.1682412095009695,-0.1686062613413341,-0.1689172370064601,0.0003328034775226,-1.0116375680480048,-0.2809700227912253,-0.2808799477542036,-0.2808740012920367,6.0,-0.2806315828240068,-0.2809646394799083,-0.2815242916054885,0.0002993836567419,-1.6857878368794497,-0.056318485886986,-0.0563035272995142,-0.0562790173997534,6.0,-0.0557643197750054,-0.0562147685634156,-0.0563229174904835,0.0002214815780895,-0.337288611380494,1.0,1.5,2.0,6.0,2.0,1.5,1.0,0.5477225575051661,9.0,0.5,0.5,0.5810810810810811,6.0,0.6081081081081081,0.536036036036036,0.5,0.0558267869723591,3.216216216216216,11.0,11.0,36.5,6.0,45.0,22.33333333333333,11.0,17.557524502806956,134.0,2.0,2.0,2.75,6.0,3.0,2.333333333333333,2.0,0.5163977794943222,14.0,2.0,2.0,2.0,6.0,2.0,2.0,2.0,0.0,12.0,,,,0.0,-1.0,-1.0,-1.0,4.0,-1.0,-1.0,-1.0,0.0,-4.0,,,,,,0.0,0.0,0.75,6.0,1.0,0.3333333333333333,0.0,0.5163977794943223,2.0,3.0,3.0,3.75,6.0,4.0,3.333333333333333,3.0,0.5163977794943222,20.0,0.0,0.0,0.0,6.0,0.0,0.0,0.0,0.0,0.0,11.0,11.0,36.5,6.0,45.0,22.33333333333333,11.0,17.557524502806956,134.0
764951,stu_WEBYU1452N,N,0.0,0.0,0.0,1.0,0.0,0.0,0.0,,0.0,1.0,1.0,1.0,1.0,1.0,1.0,1.0,,1.0,0.0,0.0,0.0,1.0,0.0,0.0,0.0,,0.0,0.0,0.0,0.0,1.0,0.0,0.0,0.0,,0.0,-0.1679403328936401,-0.1679403328936401,-0.1679403328936401,1.0,-0.1679403328936401,-0.1679403328936401,-0.1679403328936401,,-0.1679403328936401,-0.279632659341781,-0.279632659341781,-0.279632659341781,1.0,-0.279632659341781,-0.279632659341781,-0.279632659341781,,-0.279632659341781,-0.055870780961228,-0.055870780961228,-0.055870780961228,1.0,-0.055870780961228,-0.055870780961228,-0.055870780961228,,-0.055870780961228,0.0,0.0,0.0,1.0,0.0,0.0,0.0,,0.0,0.4782608695652174,0.4782608695652174,0.4782608695652174,1.0,0.4782608695652174,0.4782608695652174,0.4782608695652174,,0.4782608695652174,44.0,44.0,44.0,1.0,44.0,44.0,44.0,,44.0,0.0,0.0,0.0,1.0,0.0,0.0,0.0,,0.0,1.0,1.0,1.0,1.0,1.0,1.0,1.0,,1.0,,,,0.0,,,,0.0,,,,,,,,,,,1.0,1.0,1.0,1.0,1.0,1.0,1.0,,1.0,0.0,0.0,0.0,1.0,0.0,0.0,0.0,,0.0,0.0,0.0,0.0,1.0,0.0,0.0,0.0,,0.0,44.0,44.0,44.0,1.0,44.0,44.0,44.0,,44.0
768359,stu_ZZZQD954L,N,0.0,0.0,0.0,7.0,0.0,0.0,0.0,0.0,0.0,0.0,0.0,0.5,7.0,1.0,0.2857142857142857,0.0,0.4879500364742666,2.0,0.0,0.0,0.0,7.0,1.0,0.1428571428571428,0.0,0.3779644730092272,1.0,0.0,0.0,1.0,7.0,1.0,0.4285714285714285,0.0,0.5345224838248488,3.0,-0.1302815504777186,-0.130249673781491,-0.1302102192488474,7.0,-0.1301352851475318,-0.1302433031346312,-0.130334623560264,6.904484067449845e-05,-0.9117031219424188,-0.2171224169557921,-0.2170428535226464,-0.217022465473095,7.0,-0.2170164735164301,-0.2170704506164203,-0.2171440624180913,5.66702620221881e-05,-1.5194931543149424,-0.043444874520088,-0.0434320591746556,-0.0434231264118502,7.0,-0.0433904003204809,-0.0434290479827287,-0.043444874520088,1.982295961612327e-05,-0.3040033358791011,0.0,0.0,0.0,7.0,1.0,0.1428571428571428,0.0,0.3779644730092272,1.0,0.6785714285714286,0.8571428571428571,0.8571428571428571,7.0,0.8571428571428571,0.6836734693877551,0.0,0.3295460257541865,4.785714285714286,3.5,6.0,6.0,7.0,6.0,4.428571428571429,0.0,2.6992062325273123,31.0,0.0,1.0,1.0,7.0,1.0,0.5714285714285714,0.0,0.5345224838248488,4.0,1.0,1.0,1.0,7.0,2.0,1.1428571428571428,1.0,0.3779644730092272,8.0,1.0,1.0,1.0,5.0,-1.0,-1.0,0.5,6.0,1.0,-0.3333333333333333,-1.0,1.0327955589886446,-2.0,1.0,1.0,1.0,0.0,5.0,0.0,0.0,0.5,7.0,1.0,0.2857142857142857,0.0,0.4879500364742665,2.0,2.5,3.0,4.0,7.0,5.0,3.142857142857143,1.0,1.3451854182690983,22.0,0.0,0.0,0.5,7.0,1.0,0.2857142857142857,0.0,0.4879500364742665,2.0,3.5,6.0,6.0,7.0,6.0,4.428571428571429,0.0,2.6992062325273123,31.0
768817,stu_IVWPX2523A,N,0.0,0.0,0.0,1.0,0.0,0.0,0.0,,0.0,1.0,1.0,1.0,1.0,1.0,1.0,1.0,,1.0,0.0,0.0,0.0,1.0,0.0,0.0,0.0,,0.0,0.0,0.0,0.0,1.0,0.0,0.0,0.0,,0.0,,,,0.0,,,,,,,,,0.0,,,,,,,,,0.0,,,,,,,,,0.0,,,,,,0.5,0.5,0.5,1.0,0.5,0.5,0.5,,0.5,27.0,27.0,27.0,1.0,27.0,27.0,27.0,,27.0,,,,0.0,,,,,,1.0,1.0,1.0,1.0,1.0,1.0,1.0,,1.0,,,,0.0,,,,0.0,,,,,,,,,,,1.0,1.0,1.0,1.0,1.0,1.0,1.0,,1.0,,,,0.0,,,,,,1.0,1.0,1.0,1.0,1.0,1.0,1.0,,1.0,27.0,27.0,27.0,1.0,27.0,27.0,27.0,,27.0
771194,stu_IVWPX2523A,N,0.0,0.0,0.0,4.0,0.0,0.0,0.0,0.0,0.0,1.0,1.0,1.0,4.0,1.0,1.0,1.0,0.0,4.0,0.0,0.0,0.0,4.0,0.0,0.0,0.0,0.0,0.0,0.0,0.0,0.0,4.0,0.0,0.0,0.0,0.0,0.0,-0.2051589180882722,-0.2051510654885429,-0.2051140174767666,4.0,-0.2050135124475226,-0.2051218700764959,-0.2051718368813753,7.295650417600944e-05,-0.8204874803059838,-0.3418630030089973,-0.3410459143816468,-0.3402227934496279,4.0,-0.3402041486798279,-0.3410398820769784,-0.3418635508647923,0.0009507232711295,-1.3641595283079138,-0.0684428863766611,-0.0684160414427027,-0.0683757593144587,4.0,-0.068322528938499,-0.0684026042484172,-0.0684558051697642,5.949647867742344e-05,-0.2736104169936688,0.0,0.0,0.0,4.0,0.0,0.0,0.0,0.0,0.0,0.4315410199556541,0.4695121951219512,0.5224358974358975,4.0,0.5897435897435898,0.4844647222696003,0.4090909090909091,0.0797308394505505,1.9378588890784012,8.0,13.5,19.25,4.0,23.0,13.75,5.0,8.220908303425682,55.0,2.0,2.0,2.0,4.0,2.0,2.0,2.0,0.0,8.0,1.0,1.0,1.0,4.0,1.0,1.0,1.0,0.0,4.0,,,,0.0,,,,0.0,,,,,,,,,,,0.75,1.0,1.0,4.0,1.0,0.75,0.0,0.5,3.0,2.75,3.0,3.0,4.0,3.0,2.75,2.0,0.5,11.0,0.0,0.0,0.0,4.0,0.0,0.0,0.0,0.0,0.0,8.0,13.5,19.25,4.0,23.0,13.75,5.0,8.220908303425682,55.0
774594,stu_IVWPX2523A,N,0.0,0.0,0.0,8.0,0.0,0.0,0.0,0.0,0.0,1.0,1.0,1.0,8.0,1.0,1.0,1.0,0.0,8.0,0.0,0.0,0.0,8.0,0.0,0.0,0.0,0.0,0.0,0.0,0.0,0.0,8.0,0.0,0.0,0.0,0.0,0.0,-0.2055259814709691,-0.2055257988523708,-0.2055256397974625,8.0,-0.2055255514336246,-0.2055258842707474,-0.2055265411086093,3.359523296598868e-07,-1.6442070741659798,-0.3425434399064743,-0.3425432219423407,-0.3425427212139258,8.0,-0.3425424443405671,-0.3425430864511226,-0.3425435282703122,4.207195838406918e-07,-2.740344691608981,-0.0685090885640267,-0.0685086349629921,-0.0685080635435069,8.0,-0.0685079044885986,-0.0685085819446893,-0.0685092240552448,5.371502517611966e-07,-0.5480686555575148,0.0,0.0,0.0,8.0,0.0,0.0,0.0,0.0,0.0,0.0,0.0,0.0,8.0,0.0,0.0,0.0,0.0,0.0,0.0,0.0,0.0,8.0,0.0,0.0,0.0,0.0,0.0,0.0,0.0,0.0,8.0,0.0,0.0,0.0,0.0,0.0,1.0,1.0,1.0,8.0,1.0,1.0,1.0,0.0,8.0,1.0,1.0,1.0,8.0,1.0,1.0,1.0,8.0,1.0,1.0,1.0,0.0,8.0,1.0,1.0,1.0,0.0,8.0,1.0,1.0,1.0,8.0,1.0,1.0,1.0,0.0,8.0,0.0,0.0,0.0,8.0,0.0,0.0,0.0,0.0,0.0,0.0,0.0,0.0,8.0,1.0,0.125,0.0,0.3535533905932738,1.0,0.0,0.0,0.0,8.0,0.0,0.0,0.0,0.0,0.0
774725,stu_IVWPX2523A,N,0.0,0.0,0.0,5.0,0.0,0.0,0.0,0.0,0.0,1.0,1.0,1.0,5.0,1.0,1.0,1.0,0.0,5.0,0.0,0.0,0.0,5.0,0.0,0.0,0.0,0.0,0.0,0.0,0.0,0.0,5.0,0.0,0.0,0.0,0.0,0.0,-0.2055263997264686,-0.2055260227074268,-0.2055259755800466,5.0,-0.2054994428649821,-0.2055209188121489,-0.2055267531818203,1.2009550850579282e-05,-1.0276045940607448,-0.342543693216143,-0.3425169484278674,-0.3424852081372885,5.0,-0.3424632939054858,-0.3425106192207038,-0.3425439524167342,3.5813609899209015e-05,-1.7125530961035191,-0.0685088234725129,-0.0685086820903723,-0.0685084700171613,5.0,-0.0685084700171613,-0.0685087386432286,-0.0685092476189349,3.2162494880036254e-07,-0.342543693216143,0.0,0.0,0.0,5.0,0.0,0.0,0.0,0.0,0.0,0.0,0.0,0.0,5.0,0.0,0.0,0.0,0.0,0.0,0.0,0.0,0.0,5.0,0.0,0.0,0.0,0.0,0.0,0.0,0.0,0.0,5.0,0.0,0.0,0.0,0.0,0.0,1.0,1.0,1.0,5.0,1.0,1.0,1.0,0.0,5.0,1.0,1.0,1.0,5.0,1.0,1.0,1.0,5.0,1.0,1.0,1.0,0.0,5.0,1.0,1.0,1.0,0.0,5.0,1.0,1.0,1.0,5.0,1.0,1.0,1.0,0.0,5.0,0.0,0.0,0.0,5.0,0.0,0.0,0.0,0.0,0.0,0.0,0.0,0.0,5.0,0.0,0.0,0.0,0.0,0.0,0.0,0.0,0.0,5.0,0.0,0.0,0.0,0.0,0.0
775171,stu_IVWPX2523A,N,0.0,0.0,0.0,8.0,0.0,0.0,0.0,0.0,0.0,1.0,1.0,1.0,8.0,1.0,1.0,1.0,0.0,8.0,0.0,0.0,0.0,8.0,0.0,0.0,0.0,0.0,0.0,0.0,0.0,0.0,8.0,0.0,0.0,0.0,0.0,0.0,-0.2054307252536973,-0.2054290934681571,-0.2054209463223014,8.0,-0.2053953620457639,-0.2054223984347045,-0.205434619153488,1.513733432147807e-05,-1.643379187477636,-0.3423762025068372,-0.3423675075051864,-0.3423615458915884,8.0,-0.3423294050182777,-0.3423670539041518,-0.3423975512100773,2.121459000021004e-05,-2.7389364312332143,-0.0684901492481003,-0.0684803820985495,-0.0684599582701462,8.0,-0.0684480291520278,-0.0684749889589755,-0.0684922817620554,1.7335947386475075e-05,-0.5477999116718042,0.0,0.0,0.0,8.0,0.0,0.0,0.0,0.0,0.0,0.0,0.0,0.0,8.0,0.0555555555555555,0.0069444444444444,0.0,0.0196418550329596,0.0555555555555555,0.0,0.0,0.0,8.0,1.0,0.125,0.0,0.3535533905932738,1.0,0.0,0.0,0.0,8.0,0.0,0.0,0.0,0.0,0.0,1.0,1.0,1.0,8.0,1.0,1.0,1.0,0.0,8.0,1.0,1.0,1.0,8.0,1.0,1.0,1.0,8.0,1.0,1.0,1.0,0.0,8.0,1.0,1.0,1.0,0.0,8.0,1.0,1.0,1.0,8.0,1.0,1.0,1.0,0.0,8.0,0.0,0.0,0.0,8.0,0.0,0.0,0.0,0.0,0.0,0.0,0.0,0.0,8.0,0.0,0.0,0.0,0.0,0.0,0.0,0.0,0.0,8.0,1.0,0.125,0.0,0.3535533905932738,1.0
781146,stu_GXNEN7072F,N,0.0,0.0,0.0,1.0,0.0,0.0,0.0,,0.0,1.0,1.0,1.0,1.0,1.0,1.0,1.0,,1.0,0.0,0.0,0.0,1.0,0.0,0.0,0.0,,0.0,0.0,0.0,0.0,1.0,0.0,0.0,0.0,,0.0,-0.1576275695897378,-0.1576275695897378,-0.1576275695897378,1.0,-0.1576275695897378,-0.1576275695897378,-0.1576275695897378,,-0.1576275695897378,-0.2625506913671243,-0.2625506913671243,-0.2625506913671243,1.0,-0.2625506913671243,-0.2625506913671243,-0.2625506913671243,,-0.2625506913671243,-0.0525552177720392,-0.0525552177720392,-0.0525552177720392,1.0,-0.0525552177720392,-0.0525552177720392,-0.0525552177720392,,-0.0525552177720392,1.0,1.0,1.0,1.0,1.0,1.0,1.0,,1.0,0.0,0.0,0.0,1.0,0.0,0.0,0.0,,0.0,0.0,0.0,0.0,1.0,0.0,0.0,0.0,,0.0,0.0,0.0,0.0,1.0,0.0,0.0,0.0,,0.0,1.0,1.0,1.0,1.0,1.0,1.0,1.0,,1.0,,,,0.0,,,,0.0,,,,,,,,,,,1.0,1.0,1.0,1.0,1.0,1.0,1.0,,1.0,1.0,1.0,1.0,1.0,1.0,1.0,1.0,,1.0,1.0,1.0,1.0,1.0,1.0,1.0,1.0,,1.0,0.0,0.0,0.0,1.0,0.0,0.0,0.0,,0.0
781595,stu_GXNEN7072F,N,0.0,0.0,0.0,4.0,0.0,0.0,0.0,0.0,0.0,1.0,1.0,1.0,4.0,1.0,1.0,1.0,0.0,4.0,0.0,0.0,0.0,4.0,0.0,0.0,0.0,0.0,0.0,0.0,0.0,0.0,4.0,0.0,0.0,0.0,0.0,0.0,-0.1575665530931378,-0.1574636798694019,-0.1574209977983504,4.0,-0.1573348083123321,-0.1575238710220863,-0.1578333160372095,0.000215357226844,-0.6300954840883455,-0.2626155005155256,-0.2625663139483792,-0.2624642660685587,4.0,-0.2621843565749781,-0.262513452635705,-0.2627368260710835,0.0002337673242529,-1.05005381054282,-0.0526071554855701,-0.0525871507211454,-0.0524994481046156,4.0,-0.0522754261847322,-0.0525194528690403,-0.0526280838491381,0.000164169832734,-0.2100778114761614,0.0,0.0,0.0,4.0,0.0,0.0,0.0,0.0,0.0,0.4299964054636951,0.5054425508521165,0.5569281045751634,4.0,0.5688888888888889,0.4814819591867421,0.3461538461538461,0.1026549695406858,1.9259278367469683,46.5,72.5,105.5,4.0,128.0,79.5,45.0,40.58324777540605,318.0,0.0,0.0,0.0,4.0,0.0,0.0,0.0,0.0,0.0,1.0,1.0,1.75,4.0,4.0,1.75,1.0,1.5,7.0,,,,0.0,,,,0.0,,,,,,,,,,,1.0,1.0,1.0,4.0,1.0,1.0,1.0,0.0,4.0,0.0,0.0,0.0,4.0,0.0,0.0,0.0,0.0,0.0,0.0,0.0,0.0,4.0,0.0,0.0,0.0,0.0,0.0,46.5,72.5,105.5,4.0,128.0,79.5,45.0,40.58324777540605,318.0
782178,stu_GXNEN7072F,N,0.0,0.0,0.0,3.0,0.0,0.0,0.0,0.0,0.0,0.5,1.0,1.0,3.0,1.0,0.6666666666666666,0.0,0.5773502691896258,2.0,0.0,0.0,0.5,3.0,1.0,0.3333333333333333,0.0,0.5773502691896258,1.0,0.0,0.0,0.0,3.0,0.0,0.0,0.0,0.0,0.0,-0.1575237138137215,-0.1574223733715427,-0.1574006786171961,3.0,-0.1573789838628495,-0.1574754704967641,-0.1576250542559003,0.0001313473947748,-0.4724264114902925,-0.2622467486447701,-0.2620567819869182,-0.2588123943577297,3.0,-0.2555680067285413,-0.2600205013393605,-0.2624367153026222,0.003860650013356,-0.7800615040180816,-0.0526039523651367,-0.052597192405449,-0.0524058305233591,3.0,-0.0522144686412692,-0.0524741244571808,-0.0526107123248244,0.0002249701182546,-0.1574223733715427,1.5,2.0,2.0,3.0,2.0,1.6666666666666667,1.0,0.5773502691896257,5.0,0.2976190476190476,0.4285714285714285,0.4285714285714285,3.0,0.4285714285714285,0.3412698412698412,0.1666666666666666,0.1512107847877591,1.0238095238095235,47.5,90.0,90.0,3.0,90.0,61.66666666666666,5.0,49.07477288111819,185.0,0.0,0.0,0.0,3.0,0.0,0.0,0.0,0.0,0.0,2.0,2.0,2.0,3.0,2.0,2.0,2.0,0.0,6.0,,,,0.0,-1.0,-1.0,-1.0,2.0,-1.0,-1.0,-1.0,0.0,-2.0,,,,,,0.0,0.0,0.5,3.0,1.0,0.3333333333333333,0.0,0.5773502691896258,1.0,1.0,1.0,1.5,3.0,2.0,1.3333333333333333,1.0,0.5773502691896257,4.0,0.0,0.0,0.0,3.0,0.0,0.0,0.0,0.0,0.0,47.5,90.0,90.0,3.0,90.0,61.66666666666666,5.0,49.07477288111819,185.0
783075,stu_GXNEN7072F,N,0.0,0.0,0.0,5.0,0.0,0.0,0.0,0.0,0.0,1.0,1.0,1.0,5.0,1.0,0.8,0.0,0.4472135954999579,4.0,0.0,0.0,0.0,5.0,1.0,0.2,0.0,0.447213595499958,1.0,0.0,0.0,0.0,5.0,0.0,0.0,0.0,0.0,0.0,-0.1578730111493292,-0.1578509626761617,-0.1578414908721806,5.0,-0.1575440133438302,-0.1578116684453723,-0.1579488641853598,0.0001554495621536,-0.7890583422268617,-0.263118567282983,-0.2630772214830326,-0.2628625534608567,5.0,-0.259903027388741,-0.262435441914867,-0.2632158399587219,0.0014215405370919,-1.312177209574335,-0.0526372805384807,-0.0526152320653132,-0.0525324225591388,5.0,-0.0523743102462106,-0.0525725106921706,-0.0527033080517095,0.0001265095581026,-0.2628625534608531,1.0,2.0,2.0,5.0,2.0,1.6,1.0,0.5477225575051661,8.0,0.0,0.0,0.6,5.0,0.6666666666666666,0.2533333333333333,0.0,0.3476907949441412,1.2666666666666666,0.0,0.0,2.0,5.0,6.0,1.6,0.0,2.6076809620810595,8.0,0.0,0.0,0.0,5.0,0.0,0.0,0.0,0.0,0.0,1.0,1.0,2.0,5.0,3.0,1.6,1.0,0.8944271909999159,8.0,0.604921740255665,0.999998330556589,0.999998912058792,3.0,-0.0926161375339442,0.604921740255665,0.9999986213076906,4.0,0.999999493560995,0.3024607435180813,-1.0,0.9448281377618714,1.209842974072325,0.999999493560995,0.736614324690775,0.209845149954741,0.45619548725234,2.209842974072325,1.0,1.0,1.0,5.0,1.0,0.8,0.0,0.447213595499958,4.0,2.0,2.0,2.0,5.0,2.0,1.8,1.0,0.4472135954999579,9.0,0.0,0.0,0.0,5.0,1.0,0.2,0.0,0.447213595499958,1.0,0.0,0.0,2.0,5.0,6.0,1.6,0.0,2.6076809620810595,8.0
784266,stu_GXNEN7072F,N,0.0,0.0,0.0,7.0,0.0,0.0,0.0,0.0,0.0,1.0,1.0,1.0,7.0,1.0,1.0,1.0,0.0,7.0,0.0,0.0,0.0,7.0,0.0,0.0,0.0,0.0,0.0,0.0,0.0,0.0,7.0,0.0,0.0,0.0,0.0,0.0,-0.1577740877857596,-0.1577335280276333,-0.1576776011518449,7.0,-0.1575715641097668,-0.157723489150622,-0.157855954041745,9.382488080087356e-05,-1.1040644240543542,-0.2629910516480599,-0.2628882963305977,-0.2628585053454623,7.0,-0.2627543548037621,-0.2629079642199548,-0.2630139844182796,9.61937954647665e-05,-1.840355749539684,-0.05265645995899,-0.0525306146629433,-0.0525139505762712,7.0,-0.0524135337332358,-0.0525654475449221,-0.0526731633477533,9.856203820062536e-05,-0.3679581328144551,0.0,0.0,0.0,7.0,0.0,0.0,0.0,0.0,0.0,0.0,0.05,0.1818181818181818,7.0,0.5657894736842105,0.139917976760082,0.0,0.2114328400409081,0.9794258373205742,0.0,1.0,2.0,7.0,43.0,6.857142857142857,0.0,15.97319182702246,48.0,0.0,0.0,0.0,7.0,0.0,0.0,0.0,0.0,0.0,1.0,1.0,1.0,7.0,1.0,1.0,1.0,0.0,7.0,0.9999999999796608,1.0,1.0,7.0,0.9999999999796608,1.0,1.0,7.0,1.0,0.9999884459824208,0.999919121917624,3.05690392207718e-05,6.999919121876945,1.0,0.9999884459824208,0.999919121917624,3.05690392207718e-05,6.999919121876945,1.0,1.0,1.0,7.0,1.0,1.0,1.0,0.0,7.0,0.0,0.0,0.0,7.0,0.0,0.0,0.0,0.0,0.0,0.0,0.0,0.0,7.0,0.0,0.0,0.0,0.0,0.0,0.0,1.0,2.0,7.0,43.0,6.857142857142857,0.0,15.97319182702246,48.0
784707,stu_GXNEN7072F,N,0.0,0.0,0.0,5.0,0.0,0.0,0.0,0.0,0.0,0.0,0.0,0.0,5.0,1.0,0.2,0.0,0.447213595499958,1.0,0.0,1.0,1.0,5.0,1.0,0.6,0.0,0.5477225575051662,3.0,0.0,0.0,0.0,5.0,1.0,0.2,0.0,0.447213595499958,1.0,-0.1575111567955807,-0.1573000652637046,-0.1571579489018978,5.0,-0.1569217040316489,-0.1573501597091578,-0.157859923552957,0.0003566538776474,-0.7867507985457891,-0.2623156255596151,-0.2619250413771938,-0.2619038968521241,5.0,-0.2618726516896141,-0.2621159473550257,-0.2625625212965813,0.0003081813425669,-1.3105797367751286,-0.0525974675200874,-0.0525602091376226,-0.0523534801378706,5.0,-0.0523491176057465,-0.0525125042593148,-0.0527022468952469,0.0001561094557924,-0.2625625212965742,2.0,2.0,3.0,5.0,3.0,2.2,1.0,0.8366600265340756,11.0,0.5688888888888889,0.5688888888888889,0.5688888888888889,5.0,0.5688888888888889,0.5464405908798973,0.4566473988439306,0.0501959203272785,2.7322029543994866,128.0,128.0,128.0,5.0,128.0,118.2,79.0,21.91346617949794,591.0,0.0,0.0,0.0,5.0,0.0,0.0,0.0,0.0,0.0,4.0,4.0,4.0,5.0,4.0,3.4,1.0,1.3416407864998738,17.0,,,,0.0,-1.0,-1.0,-1.0,3.0,-1.0,-1.0,-1.0,0.0,-3.0,,,,,,0.0,0.0,1.0,5.0,1.0,0.4,0.0,0.5477225575051662,2.0,2.0,2.0,3.0,5.0,3.0,2.2,1.0,0.8366600265340756,11.0,0.0,0.0,0.0,5.0,0.0,0.0,0.0,0.0,0.0,128.0,128.0,128.0,5.0,128.0,118.2,79.0,21.91346617949794,591.0
785042,stu_GXNEN7072F,N,0.0,0.0,0.0,2.0,0.0,0.0,0.0,0.0,0.0,1.0,1.0,1.0,2.0,1.0,1.0,1.0,0.0,2.0,0.0,0.0,0.0,2.0,0.0,0.0,0.0,0.0,0.0,0.0,0.0,0.0,2.0,0.0,0.0,0.0,0.0,0.0,23.087200831743107,23.08727940644896,23.087357981154803,2.0,23.08743655586065,23.08727940644896,23.08712225703726,0.0002222428293357,46.17455881289792,22.98320895336584,22.983851218314832,22.984493483263822,2.0,22.985135748212816,22.983851218314832,22.98256668841685,0.0018165996030017,45.96770243662967,5.758228242863664,11.569066136895692,17.37990403092772,2.0,23.190741924959745,11.569066136895692,-0.0526096511683618,16.43553151698321,23.138132273791385,1.0,1.0,1.0,2.0,1.0,1.0,1.0,0.0,2.0,0.4569715304413592,0.4572956620387877,0.4576197936362163,2.0,0.4579439252336448,0.4572956620387877,0.4566473988439306,0.0009167826021542,0.9145913240775756,83.75,88.5,93.25,2.0,98.0,88.5,79.0,13.435028842544405,177.0,0.0,0.0,0.0,2.0,0.0,0.0,0.0,0.0,0.0,3.75,4.5,5.25,2.0,6.0,4.5,3.0,2.1213203435596424,9.0,,,,0.0,,,,0.0,,,,,,,,,,,0.0,0.0,0.0,2.0,0.0,0.0,0.0,0.0,0.0,1.25,1.5,1.75,2.0,2.0,1.5,1.0,0.7071067811865476,3.0,0.0,0.0,0.0,2.0,0.0,0.0,0.0,0.0,0.0,83.75,88.5,93.25,2.0,98.0,88.5,79.0,13.435028842544405,177.0
785817,stu_GXNEN7072F,N,0.75,1.0,1.0,4.0,1.0,0.75,0.0,0.5,3.0,0.0,0.0,0.25,4.0,1.0,0.25,0.0,0.5,1.0,0.0,0.0,0.0,4.0,0.0,0.0,0.0,0.0,0.0,0.0,0.0,0.0,4.0,0.0,0.0,0.0,0.0,0.0,-0.1577219142596815,-0.1576469258696574,-0.157564656767237,4.0,-0.1573193232883963,-0.1576396451572611,-0.1579454056013336,0.0002557355724721,-0.6305585806290447,-0.262750915870785,-0.2626580057271702,-0.2626394453145974,4.0,-0.2626379420096087,-0.2627323554582122,-0.2629754683688997,0.0001630192514738,-1.0509294218328489,-0.0526446496805822,-0.0526205771497175,-0.0525439773739538,4.0,-0.0523267940179406,-0.0525680499048185,-0.0527042513018985,0.0001656389808478,-0.2102721996192742,1.75,2.5,3.0,4.0,3.0,2.25,1.0,0.957427107756338,9.0,0.5,1.0,1.0,4.0,1.0,0.5,-1.0,1.0,2.0,17.0,17.0,17.0,3.0,17.0,17.0,17.0,0.0,51.0,0.0,0.0,0.0,4.0,0.0,0.0,0.0,0.0,0.0,1.25,2.0,2.0,4.0,2.0,1.25,-1.0,1.5,5.0,0.6729779411764705,0.769485294117647,0.8659926470588235,2.0,-1.0,-1.0,-1.0,3.0,-1.0,-1.0,-1.0,0.0,-3.0,0.9625,0.769485294117647,0.576470588235294,0.2729640147962776,1.538970588235294,0.0,0.5,1.0,4.0,1.0,0.5,0.0,0.5773502691896257,2.0,1.0,1.5,2.0,4.0,2.0,1.5,1.0,0.5773502691896257,6.0,0.0,0.0,0.0,4.0,0.0,0.0,0.0,0.0,0.0,12.5,17.0,17.0,4.0,17.0,12.5,-1.0,9.0,50.0
786647,stu_GXNEN7072F,N,0.0,0.0,0.0,7.0,1.0,0.1428571428571428,0.0,0.3779644730092273,1.0,0.0,0.0,0.0,7.0,0.0,0.0,0.0,0.0,0.0,0.0,0.0,0.5,7.0,1.0,0.2857142857142857,0.0,0.4879500364742665,2.0,0.0,0.0,0.5,7.0,1.0,0.2857142857142857,0.0,0.4879500364742666,2.0,-0.1579832535151665,-0.1577391089245848,-0.1577023221672145,7.0,-0.1576765006932911,-0.1578371564129789,-0.1580733339082143,0.0001762362517793,-1.1048600948908525,-0.2630677693301008,-0.262912113397873,-0.2627861501955526,7.0,-0.2626513833248017,-0.2629362561110434,-0.2632824570033223,0.0002175726659535,-1.840553792777304,-0.0526717484724698,-0.0525512875629185,-0.0525267237559137,7.0,-0.0524925309365631,-0.0525893095288696,-0.0526844037458386,8.32713990188438e-05,-0.3681251667020875,2.0,3.0,3.0,7.0,4.0,2.571428571428572,1.0,0.9759000729485332,18.0,0.4017857142857143,0.4017857142857143,0.4017857142857143,7.0,0.4017857142857143,0.4017857142857143,0.4017857142857143,5.99588961666477e-17,2.8125000000000004,45.0,45.0,45.0,7.0,45.0,45.0,45.0,0.0,315.0,1.0,2.0,2.0,7.0,2.0,1.5714285714285714,1.0,0.5345224838248488,11.0,8.0,8.0,8.0,7.0,8.0,8.0,8.0,0.0,56.0,,,,0.0,-1.0,-1.0,-1.0,7.0,-1.0,-1.0,-1.0,0.0,-7.0,,,,,,0.0,0.0,0.0,7.0,0.0,0.0,0.0,0.0,0.0,4.0,5.0,5.0,7.0,5.0,4.571428571428571,4.0,0.5345224838248488,32.0,0.0,0.0,0.0,7.0,0.0,0.0,0.0,0.0,0.0,45.0,45.0,45.0,7.0,45.0,45.0,45.0,0.0,315.0
787880,stu_GXNEN7072F,N,0.0,0.0,0.25,4.0,1.0,0.25,0.0,0.5,1.0,0.75,1.0,1.0,4.0,1.0,0.75,0.0,0.5,3.0,0.0,0.0,0.0,4.0,0.0,0.0,0.0,0.0,0.0,0.0,0.0,0.0,4.0,0.0,0.0,0.0,0.0,0.0,-0.1574117028537798,-0.157407674389431,-0.1573916980893551,4.0,-0.157354852378848,-0.1573957265537039,-0.1574127050571056,2.7518275364597467e-05,-0.6295829062148157,-0.262538478242285,-0.2624219770184228,-0.262351390462614,4.0,-0.2623210885502929,-0.2624678916864761,-0.262706524158766,0.0001732339687157,-1.0498715667459046,-0.0524691560178174,-0.0524545258143653,-0.052452010480528,4.0,-0.0524464688856678,-0.0524666406839801,-0.0525110422215219,2.984867906078291e-05,-0.2098665627359204,1.0,1.0,1.0,4.0,1.0,1.0,1.0,0.0,4.0,0.0596689895470383,0.158355795148248,0.2452830188679245,4.0,0.2452830188679245,0.1465962132667148,0.024390243902439,0.1155604380505595,0.5863848530668595,1.0,7.0,13.0,4.0,13.0,7.0,1.0,6.928203230275509,28.0,0.0,0.0,0.0,4.0,0.0,0.0,0.0,0.0,0.0,1.0,1.5,2.0,4.0,2.0,1.5,1.0,0.5773502691896257,6.0,,,,0.0,-1.0,-1.0,-1.0,1.0,-1.0,-1.0,-1.0,,-1.0,,,,,,0.75,1.0,1.0,4.0,1.0,0.75,0.0,0.5,3.0,0.75,1.0,1.0,4.0,1.0,0.75,0.0,0.5,3.0,0.0,0.0,0.0,4.0,0.0,0.0,0.0,0.0,0.0,1.0,7.0,13.0,4.0,13.0,7.0,1.0,6.928203230275509,28.0
790199,stu_GXNEN7072F,N,0.0,0.0,0.75,6.0,1.0,0.3333333333333333,0.0,0.5163977794943223,2.0,0.25,1.0,1.0,6.0,1.0,0.6666666666666666,0.0,0.5163977794943223,4.0,0.0,0.0,0.0,6.0,0.0,0.0,0.0,0.0,0.0,0.0,0.0,0.0,6.0,0.0,0.0,0.0,0.0,0.0,-0.1578150209137523,-0.1578006363483703,-0.1577671509666614,6.0,-0.1575697562135712,-0.1577709632695086,-0.1578789457651015,0.0001062322039244,-0.9466257796170516,-0.2630198502553958,-0.2628841696110244,-0.2627133528971133,6.0,-0.2617774620247092,-0.2627151640684831,-0.2630236920348114,0.0004812593378331,-1.5762909844108988,-0.0526590145949185,-0.0526126577783391,-0.0525863155517072,6.0,-0.0525314793089498,-0.0526163259735185,-0.0526891592988748,5.895275645328528e-05,-0.3156979558411114,1.0,1.5,2.0,6.0,2.0,1.5,1.0,0.5477225575051661,9.0,0.0625,0.25,0.25,6.0,0.25,0.0,-1.0,0.5,0.0,1.0,1.0,1.0,5.0,1.0,0.8,0.0,0.4472135954999579,4.0,0.0,0.0,0.0,6.0,0.0,0.0,0.0,0.0,0.0,1.25,2.0,2.0,6.0,2.0,1.3333333333333333,-1.0,1.2110601416389966,8.0,,,,0.0,-1.0,-1.0,-1.0,3.0,-1.0,-1.0,-1.0,0.0,-3.0,,,,,,0.25,1.0,1.0,6.0,1.0,0.6666666666666666,0.0,0.5163977794943223,4.0,1.0,1.5,2.0,6.0,2.0,1.5,1.0,0.5477225575051661,9.0,0.0,0.0,0.0,6.0,0.0,0.0,0.0,0.0,0.0,0.25,1.0,1.0,6.0,1.0,0.5,-1.0,0.8366600265340756,3.0
793890,stu_GXNEN7072F,N,0.0,0.0,0.0,3.0,0.0,0.0,0.0,0.0,0.0,1.0,1.0,1.0,3.0,1.0,1.0,1.0,0.0,3.0,0.0,0.0,0.0,3.0,0.0,0.0,0.0,0.0,0.0,0.0,0.0,0.0,3.0,0.0,0.0,0.0,0.0,0.0,-0.1580936923914599,-0.1580781680654329,-0.1580440735013103,3.0,-0.1580099789371877,-0.1580657879067025,-0.1581092167174869,5.076401784061822e-05,-0.4741973637201075,-0.263484292892719,-0.2634825832517515,-0.2634338879607453,3.0,-0.263385192669739,-0.263451259485059,-0.2634860025336866,5.7241077358258094e-05,-0.7903537784551771,-0.0527032687496183,-0.0527029543328886,-0.0526531978854198,3.0,-0.052603441437951,-0.0526699929790625,-0.052703583166348,5.7636182872590845e-05,-0.1580099789371877,0.0,0.0,0.0,3.0,0.0,0.0,0.0,0.0,0.0,-0.5,0.0,0.0,3.0,0.0,-0.3333333333333333,-1.0,0.5773502691896258,-1.0,0.0,0.0,0.0,2.0,0.0,0.0,0.0,0.0,0.0,0.0,0.0,0.0,3.0,0.0,0.0,0.0,0.0,0.0,0.0,1.0,1.0,3.0,1.0,0.3333333333333333,-1.0,1.1547005383792517,1.0,0.9999661143499684,0.999992212965385,0.9999954142976456,3.0,-2.999213272392165e-05,0.999940015734552,0.9999661143499684,3.0,0.999992212965385,0.333310742899979,-1.0,1.1546809747850306,0.999932228699937,0.999998615629906,0.9999769481099476,0.999940015734552,3.2144187538573046e-05,2.999930844329843,1.0,1.0,1.0,3.0,1.0,1.0,1.0,0.0,3.0,0.5,1.0,1.0,3.0,1.0,0.6666666666666666,0.0,0.5773502691896258,2.0,0.5,1.0,1.0,3.0,1.0,0.6666666666666666,0.0,0.5773502691896258,2.0,-0.5,0.0,0.0,3.0,0.0,-0.3333333333333333,-1.0,0.5773502691896258,-1.0
795026,stu_JRNRJ2363K,?,1.0,1.0,1.0,1.0,1.0,1.0,1.0,,1.0,0.0,0.0,0.0,1.0,0.0,0.0,0.0,,0.0,0.0,0.0,0.0,1.0,0.0,0.0,0.0,,0.0,0.0,0.0,0.0,1.0,0.0,0.0,0.0,,0.0,-0.2404717493008357,-0.2404717493008357,-0.2404717493008357,1.0,-0.2404717493008357,-0.2404717493008357,-0.2404717493008357,,-0.2404717493008357,-0.4008979017138209,-0.4008979017138209,-0.4008979017138209,1.0,-0.4008979017138209,-0.4008979017138209,-0.4008979017138209,,-0.4008979017138209,-0.0801794150165313,-0.0801794150165313,-0.0801794150165313,1.0,-0.0801794150165313,-0.0801794150165313,-0.0801794150165313,,-0.0801794150165313,2.0,2.0,2.0,1.0,2.0,2.0,2.0,,2.0,0.6333333333333333,0.6333333333333333,0.6333333333333333,1.0,0.6333333333333333,0.6333333333333333,0.6333333333333333,,0.6333333333333333,76.0,76.0,76.0,1.0,76.0,76.0,76.0,,76.0,4.0,4.0,4.0,1.0,4.0,4.0,4.0,,4.0,3.0,3.0,3.0,1.0,3.0,3.0,3.0,,3.0,,,,0.0,-1.0,-1.0,-1.0,1.0,-1.0,-1.0,-1.0,,-1.0,,,,,,0.0,0.0,0.0,1.0,0.0,0.0,0.0,,0.0,5.0,5.0,5.0,1.0,5.0,5.0,5.0,,5.0,0.0,0.0,0.0,1.0,0.0,0.0,0.0,,0.0,76.0,76.0,76.0,1.0,76.0,76.0,76.0,,76.0
797173,stu_JRNRJ2363K,N,0.0,0.0,0.0,8.0,0.0,0.0,0.0,0.0,0.0,0.0,1.0,1.0,8.0,1.0,0.625,0.0,0.5175491695067657,5.0,0.0,0.0,1.0,8.0,1.0,0.375,0.0,0.5175491695067657,3.0,0.0,0.0,0.0,8.0,0.0,0.0,0.0,0.0,0.0,-0.2406124952715109,-0.2406092824637598,-0.2405434787783016,8.0,-0.2404761708163646,-0.2405747597991697,-0.2406178227171237,5.7432062009067547e-05,-1.9245980783933576,-0.4010156293707726,-0.4009380990571726,-0.4008935667062045,8.0,-0.4007692836718817,-0.4009363424659489,-0.401033344268859,9.01103880658901e-05,-3.207490739727591,-0.0802128743546966,-0.0802077607758676,-0.0801939363308471,8.0,-0.0801506271056422,-0.0801989561927709,-0.0802130762064925,2.1350973118653167e-05,-0.6415916495421679,1.75,2.5,3.0,8.0,4.0,2.25,0.0,1.2817398889233114,18.0,0.0,0.375,0.75,8.0,0.75,0.375,0.0,0.4008918628686366,3.0,0.0,1.5,3.0,8.0,3.0,1.5,0.0,1.6035674514745464,12.0,0.0,0.0,0.0,8.0,0.0,0.0,0.0,0.0,0.0,1.0,2.0,3.0,8.0,3.0,2.0,1.0,1.0690449676496976,16.0,0.935205045257103,0.9956688165385226,0.9999965275870396,4.0,-0.558301648661262,0.879067831956386,0.9978320955288738,6.0,0.999999986790483,0.29302183753708,-1.0,1.0055398091669503,1.7581310252224802,0.999999986790483,0.93953275630562,0.766793405354952,0.1152318272790876,3.75813102522248,0.0,0.5,1.0,8.0,1.0,0.5,0.0,0.5345224838248488,4.0,1.75,2.5,3.0,8.0,3.0,2.125,0.0,1.1259916264596033,17.0,0.0,0.5,1.0,8.0,1.0,0.5,0.0,0.5345224838248488,4.0,0.0,1.5,3.0,8.0,3.0,1.5,0.0,1.6035674514745464,12.0
797586,stu_CAVWB8612A,N,0.0,0.0,0.0,4.0,0.0,0.0,0.0,0.0,0.0,0.0,0.5,1.0,4.0,1.0,0.5,0.0,0.5773502691896257,2.0,0.0,0.0,0.25,4.0,1.0,0.25,0.0,0.5,1.0,0.0,0.0,0.25,4.0,1.0,0.25,0.0,0.5,1.0,-0.1548243997159422,-0.1547567209551476,-0.154672558813616,4.0,-0.1546085580764625,-0.1547402375744107,-0.1548389503108848,0.0001088147580827,-0.6189609502976428,-0.2578326355784682,-0.25763691887571,-0.2574562945730767,4.0,-0.2574176753248456,-0.2576520112758349,-0.2579165320270739,0.0002460495007066,-1.0306080451033397,-0.051608391985353,-0.0515542427251191,-0.051497217729687,4.0,-0.051454144217698,-0.051551366989921,-0.0516428382917477,8.461043860644395e-05,-0.206205467959684,2.75,3.0,3.0,4.0,3.0,2.75,2.0,0.5,11.0,0.6261180679785332,0.6410256410256411,0.6410256410256411,4.0,0.6410256410256411,0.6261180679785332,0.5813953488372093,0.0298151460942158,2.504472271914133,25.0,25.0,31.25,4.0,50.0,31.25,25.0,12.5,125.0,0.0,0.0,0.0,4.0,0.0,0.0,0.0,0.0,0.0,3.25,4.0,4.0,4.0,4.0,3.25,1.0,1.5,13.0,,,,0.0,-1.0,-1.0,-1.0,3.0,-1.0,-1.0,-1.0,0.0,-3.0,,,,,,0.0,0.0,0.25,4.0,1.0,0.25,0.0,0.5,1.0,2.75,3.5,4.0,4.0,4.0,3.25,2.0,0.957427107756338,13.0,0.0,0.0,0.0,4.0,0.0,0.0,0.0,0.0,0.0,25.0,25.0,31.25,4.0,50.0,31.25,25.0,12.5,125.0
798087,stu_CAVWB8612A,N,0.0,0.0,0.0,6.0,0.0,0.0,0.0,0.0,0.0,0.0,0.0,0.75,6.0,1.0,0.3333333333333333,0.0,0.5163977794943223,2.0,0.0,0.0,0.75,6.0,1.0,0.3333333333333333,0.0,0.5163977794943223,2.0,0.0,0.0,0.0,6.0,1.0,0.1666666666666666,0.0,0.408248290463863,1.0,-0.1546841659477128,-0.1539147557019278,-0.1530896124576839,6.0,-0.153040407169738,-0.1538931668492812,-0.1547338817828496,0.0008763423452459,-0.9233590010956872,-0.2562668863274073,-0.2562211194185027,-0.2559863041783137,6.0,-0.2557978028618769,-0.2563816708810665,-0.2578598091922242,0.0007492918315593,-1.5382900252863994,-0.0515836356562562,-0.0515572539116127,-0.0515218542364839,6.0,-0.0499697022116314,-0.0513049185673092,-0.0516428174530869,0.0006555600464921,-0.3078295114038557,2.0,2.5,3.0,6.0,3.0,2.333333333333333,1.0,0.816496580927726,14.0,0.7083333333333334,0.7083333333333334,0.7083333333333334,6.0,0.7083333333333334,0.4236111111111111,-1.0,0.697424162875766,2.541666666666667,17.0,17.0,17.0,5.0,17.0,17.0,17.0,0.0,85.0,0.0,0.5,1.0,6.0,1.0,0.5,0.0,0.5477225575051661,3.0,4.0,4.0,4.0,6.0,4.0,3.1666666666666665,-1.0,2.0412414523193148,19.0,,,,0.0,-1.0,-1.0,-1.0,6.0,-1.0,-1.0,-1.0,0.0,-6.0,,,,,,0.0,0.0,0.0,6.0,1.0,0.1666666666666666,0.0,0.408248290463863,1.0,2.25,3.5,4.0,6.0,5.0,3.1666666666666665,1.0,1.4719601443879746,19.0,0.0,0.0,0.0,6.0,0.0,0.0,0.0,0.0,0.0,17.0,17.0,17.0,6.0,17.0,14.0,-1.0,7.3484692283495345,84.0
799610,stu_CAVWB8612A,N,0.0,0.0,0.0,8.0,0.0,0.0,0.0,0.0,0.0,1.0,1.0,1.0,8.0,1.0,1.0,1.0,0.0,8.0,0.0,0.0,0.0,8.0,0.0,0.0,0.0,0.0,0.0,0.0,0.0,0.0,8.0,0.0,0.0,0.0,0.0,0.0,-0.1548974548512376,-0.1548679994041179,-0.1548145951260096,8.0,-0.1546746166313756,-0.1548349336590049,-0.1549265768797837,0.0001015659147143,-1.238679469272039,-0.2581509044457196,-0.2581458823284533,-0.2579987457538154,8.0,-0.2578939012413844,-0.2580750100428826,-0.2581677004063694,0.0001165186859679,-2.064600080343061,-0.0516423433735524,-0.0516419318100005,-0.0516199834904541,8.0,-0.0513896485623491,-0.0516025988376351,-0.0516431925489823,8.80370487211553e-05,-0.412820790701081,0.0,0.0,0.25,8.0,1.0,0.25,0.0,0.4629100498862757,2.0,0.0,0.0,0.0,8.0,0.4414414414414414,0.0551801801801801,0.0,0.1560731183700037,0.4414414414414414,0.0,0.0,0.0,8.0,98.0,12.25,0.0,34.64823227814083,98.0,0.0,0.0,0.0,8.0,0.0,0.0,0.0,0.0,0.0,1.0,1.0,1.0,8.0,1.0,1.0,1.0,0.0,8.0,0.9998095586740676,0.9999999999999296,1.0,4.0,0.9998095586740676,0.9999999999999296,1.0,4.0,1.0,0.999809558674138,0.999238234696693,0.0003808826516299,3.999238234696552,1.0,0.999809558674138,0.999238234696693,0.0003808826516299,3.999238234696552,0.75,1.0,1.0,8.0,1.0,0.75,0.0,0.4629100498862757,6.0,1.0,1.0,1.0,8.0,1.0,0.875,0.0,0.3535533905932738,7.0,0.75,1.0,1.0,8.0,1.0,0.75,0.0,0.4629100498862757,6.0,0.0,0.0,0.0,8.0,98.0,12.25,0.0,34.64823227814083,98.0
802604,stu_CAVWB8612A,N,0.0,0.0,0.0,5.0,0.0,0.0,0.0,0.0,0.0,1.0,1.0,1.0,5.0,1.0,0.8,0.0,0.4472135954999579,4.0,0.0,0.0,0.0,5.0,1.0,0.2,0.0,0.447213595499958,1.0,0.0,0.0,0.0,5.0,0.0,0.0,0.0,0.0,0.0,-0.15475970088365,-0.1546618633709318,-0.1546354191103057,5.0,-0.1545831349102184,-0.1546863029523836,-0.1547913964868117,8.697989817070145e-05,-0.773431514761918,-0.257869520008183,-0.2578394081432463,-0.2578100673087613,5.0,-0.2577820393099101,-0.2578757632709754,-0.2580777815847764,0.000117550215953,-1.2893788163548772,-0.0516130806840456,-0.0515874074538712,-0.0515327684851071,5.0,-0.0514349309723889,-0.051556407861982,-0.0516138517144972,7.547853087796554e-05,-0.2577820393099101,0.0,0.0,0.0,5.0,1.0,0.2,0.0,0.447213595499958,1.0,0.074074074074074,0.5,0.5098039215686274,5.0,0.8275862068965517,0.1822928405078506,-1.0,0.7131150920854222,0.9114642025392532,19.25,25.5,49.5,4.0,120.0,43.25,2.0,52.35376458925057,173.0,1.0,1.0,1.0,5.0,1.0,1.0,1.0,0.0,5.0,1.0,1.0,1.0,5.0,2.0,0.8,-1.0,1.0954451150103324,4.0,0.5276795432832773,0.6452614263665245,0.7628433094497717,2.0,-0.294951169899985,0.41009766020003,0.6452614263665245,3.0,0.880425192533019,0.0968409509110163,-1.0,0.9785688788297668,0.290522852733049,0.880425192533019,0.6452614263665245,0.41009766020003,0.3325717874913917,1.290522852733049,1.0,1.0,1.0,5.0,1.0,0.8,0.0,0.447213595499958,4.0,2.0,3.0,4.0,5.0,5.0,3.0,1.0,1.5811388300841898,15.0,0.0,0.0,0.0,5.0,0.0,0.0,0.0,0.0,0.0,2.0,25.0,26.0,5.0,120.0,34.4,-1.0,49.470193045914016,172.0
803820,stu_CAVWB8612A,G,0.0,0.0,0.0,8.0,0.0,0.0,0.0,0.0,0.0,0.0,0.5,1.0,8.0,1.0,0.5,0.0,0.5345224838248488,4.0,0.0,0.5,1.0,8.0,1.0,0.5,0.0,0.5345224838248488,4.0,0.0,0.0,0.0,8.0,0.0,0.0,0.0,0.0,0.0,-0.1548404611137969,-0.1548348867720179,-0.1548222689628697,8.0,-0.1548153817854569,-0.1548319068435155,-0.1548458895849498,1.2191295937350825e-05,-1.2386552547481249,-0.2580549528318053,-0.2580502016171301,-0.2580442521794558,8.0,-0.2580383131611119,-0.2580509335750927,-0.2580679874141706,9.598181693982127e-06,-2.064407468600742,-0.0516138204565059,-0.0516118512030551,-0.051607954373475,8.0,-0.0516017861298617,-0.0516104211499538,-0.0516171442229125,5.70229076386136e-06,-0.4128833691996311,2.0,3.0,3.0,8.0,4.0,2.75,2.0,0.7071067811865476,22.0,0.5,0.6666666666666666,0.6666666666666666,8.0,0.75,0.5104166666666666,0.0,0.3163453883999335,4.083333333333333,1.5,2.0,2.0,8.0,6.0,2.0,0.0,1.8516401995451028,16.0,0.0,0.0,0.0,8.0,0.0,0.0,0.0,0.0,0.0,1.75,3.0,3.0,8.0,3.0,2.375,1.0,0.9161253813129044,19.0,,,,0.0,-1.0,-1.0,-1.0,4.0,-1.0,-1.0,-1.0,0.0,-4.0,,,,,,0.0,0.5,1.0,8.0,1.0,0.5,0.0,0.5345224838248488,4.0,1.75,2.5,3.0,8.0,3.0,2.25,1.0,0.8864052604279183,18.0,0.0,0.0,1.0,8.0,1.0,0.375,0.0,0.5175491695067657,3.0,1.5,2.0,2.0,8.0,6.0,2.0,0.0,1.8516401995451028,16.0
805902,stu_CAVWB8612A,N,0.0,0.0,0.0,8.0,0.0,0.0,0.0,0.0,0.0,1.0,1.0,1.0,8.0,1.0,1.0,1.0,0.0,8.0,0.0,0.0,0.0,8.0,0.0,0.0,0.0,0.0,0.0,0.0,0.0,0.0,8.0,0.0,0.0,0.0,0.0,0.0,-0.1548815184853481,-0.1548784083152154,-0.1548732559563188,8.0,-0.1548681452747439,-0.1548773950353313,-0.1548862749096884,6.228886896569657e-06,-1.2390191602826504,-0.2581325351661716,-0.2581309305892857,-0.2581260126653237,8.0,-0.2581186045213895,-0.2581292400529238,-0.2581369842202644,5.809155494936844e-06,-2.0650339204233905,-0.0516308039651035,-0.0516260527504283,-0.0516215620190139,8.0,-0.0516158105486177,-0.0516257349608503,-0.051633252507754,6.2859447549769565e-06,-0.4130058796868026,0.0,0.0,0.0,8.0,0.0,0.0,0.0,0.0,0.0,0.0,0.0227272727272727,0.0658567774936061,8.0,0.0869565217391304,0.0347738897930713,0.0,0.0395969143280967,0.278191118344571,0.0,0.5,1.25,8.0,2.0,0.75,0.0,0.8864052604279183,6.0,0.0,0.0,0.0,8.0,0.0,0.0,0.0,0.0,0.0,1.0,1.0,1.0,8.0,1.0,1.0,1.0,0.0,8.0,1.0,1.0,1.0,7.0,1.0,1.0,1.0,7.0,1.0,1.0,1.0,0.0,7.0,1.0,1.0,1.0,0.0,7.0,1.0,1.0,1.0,8.0,1.0,1.0,1.0,0.0,8.0,0.0,0.0,0.0,8.0,0.0,0.0,0.0,0.0,0.0,0.0,0.0,0.0,8.0,0.0,0.0,0.0,0.0,0.0,0.0,0.5,1.25,8.0,2.0,0.75,0.0,0.8864052604279183,6.0
808492,stu_QHDFE4652N,G,1.0,1.0,1.0,8.0,1.0,0.875,0.0,0.3535533905932738,7.0,0.0,0.0,0.0,8.0,1.0,0.125,0.0,0.3535533905932738,1.0,0.0,0.0,0.0,8.0,0.0,0.0,0.0,0.0,0.0,0.0,0.0,0.0,8.0,0.0,0.0,0.0,0.0,0.0,-0.167938736563309,-0.1679250404713387,-0.1678856664684981,8.0,-0.1678770046401879,-0.1679186628327396,-0.1679668705435122,3.3959995108314805e-05,-1.3433493026619172,-0.2798601274945767,-0.2798512847403489,-0.2798165650567412,8.0,-0.2717262003039611,-0.2788321177380441,-0.2799025862843142,0.002871463535634,-2.2306569419043534,-0.0559866379806588,-0.0559784601291785,-0.05595673544961,8.0,-0.0559412888993859,-0.0559730753215528,-0.0559980453597701,1.947622260089512e-05,-0.4477846025724226,4.0,4.0,5.0,8.0,5.0,4.25,3.0,0.7071067811865476,34.0,0.5535714285714286,0.6278195488721805,0.6881578947368421,8.0,0.7142857142857143,0.6156954887218045,0.5,0.09016327737266,4.925563909774436,7.5,10.5,13.25,8.0,15.0,10.375,6.0,3.7392703642746743,83.0,0.0,0.0,0.25,8.0,2.0,0.375,0.0,0.7440238091428449,3.0,2.75,4.0,4.0,8.0,4.0,3.375,2.0,0.9161253813129044,27.0,,,,0.0,-1.0,-1.0,-1.0,5.0,-1.0,-1.0,-1.0,0.0,-5.0,,,,,,0.0,0.0,1.0,8.0,1.0,0.375,0.0,0.5175491695067657,3.0,0.0,0.0,0.0,8.0,0.0,0.0,0.0,0.0,0.0,0.0,0.0,0.0,8.0,0.0,0.0,0.0,0.0,0.0,7.5,10.5,13.25,8.0,15.0,10.375,6.0,3.7392703642746743,83.0
809493,stu_QHDFE4652N,N,0.0,0.0,0.0,4.0,0.0,0.0,0.0,0.0,0.0,0.75,1.0,1.0,4.0,1.0,0.75,0.0,0.5,3.0,0.0,0.0,0.25,4.0,1.0,0.25,0.0,0.5,1.0,0.0,0.0,0.0,4.0,0.0,0.0,0.0,0.0,0.0,-0.1677702131172623,-0.1676568901687075,-0.1675518445808877,4.0,-0.1675516817475617,-0.1676651675294425,-0.1677952080327933,0.0001316218509873,-0.6706606701177702,-0.2796245709960201,-0.2795637572719314,-0.2795246908431508,4.0,-0.2794635876375937,-0.2795855045672396,-0.2797509160875018,0.0001209268108684,-1.1183420182689583,-0.0560137090210955,-0.0559070396231643,-0.0557843130500367,4.0,-0.0557311072607875,-0.0558909824479679,-0.0560187432847556,0.0001465661659603,-0.2235639297918717,1.0,1.5,2.0,4.0,2.0,1.5,1.0,0.5773502691896257,6.0,-0.25,0.0,0.25,4.0,1.0,0.0,-1.0,0.816496580927726,0.0,0.0,0.0,0.5,3.0,1.0,0.3333333333333333,0.0,0.5773502691896258,1.0,0.0,0.0,0.0,4.0,0.0,0.0,0.0,0.0,0.0,0.5,1.0,1.0,4.0,1.0,0.5,-1.0,1.0,2.0,0.9999989167030928,0.9999992138187396,0.9999995109343862,2.0,-6.902062770208772e-07,0.999998619587446,0.9999992138187396,3.0,0.999999808050033,0.333332809212493,-1.0,1.154700084477442,0.9999984276374788,0.999999808050033,0.9999992138187396,0.999998619587446,8.403699544609624e-07,1.999998427637479,1.0,1.0,1.0,4.0,1.0,1.0,1.0,0.0,4.0,0.75,1.0,1.0,4.0,1.0,0.75,0.0,0.5,3.0,0.75,1.0,1.0,4.0,1.0,0.75,0.0,0.5,3.0,-0.25,0.0,0.25,4.0,1.0,0.0,-1.0,0.816496580927726,0.0
813478,stu_QHDFE4652N,N,0.0,0.0,0.0,7.0,0.0,0.0,0.0,0.0,0.0,1.0,1.0,1.0,7.0,1.0,1.0,1.0,0.0,7.0,0.0,0.0,0.0,7.0,0.0,0.0,0.0,0.0,0.0,0.0,0.0,0.0,7.0,0.0,0.0,0.0,0.0,0.0,-0.167907906786932,-0.1677941043846953,-0.1677015245926054,7.0,-0.1675975102825165,-0.1677978547205037,-0.1679745056172394,0.0001422405619753,-1.1745849830435264,-0.279772183929128,-0.2796764469797742,-0.2795574158185158,7.0,-0.2795313263011826,-0.2796701197419665,-0.2798238654175206,0.0001224959420035,-1.9576908381937652,-0.055988673397233,-0.0559752125089557,-0.0559043528732863,7.0,-0.0557888045359438,-0.0559353183441016,-0.0559971588227733,7.78240877291563e-05,-0.3915472284087117,0.0,0.0,0.0,7.0,0.0,0.0,0.0,0.0,0.0,0.0737564322469983,0.1388888888888889,0.3404292142609899,7.0,0.855072463768116,0.1174760922389973,-1.0,0.5731537290330155,0.8223326456729814,5.0,6.5,44.75,6.0,295.0,62.16666666666666,3.0,115.93863319302444,373.0,2.0,2.0,2.0,7.0,2.0,1.8571428571428568,1.0,0.3779644730092272,13.0,1.0,1.0,1.0,7.0,1.0,0.7142857142857143,-1.0,0.7559289460184546,5.0,1.0,1.0,1.0,5.0,0.9999999980132868,1.0,1.0,6.0,1.0,0.6666666662251749,-1.0,0.8164965807114399,3.9999999973510496,1.0,0.9999999994702098,0.999999997351049,1.1846468775261818e-09,4.999999997351049,1.0,1.0,1.0,7.0,1.0,0.8571428571428571,0.0,0.3779644730092272,6.0,0.5,2.0,3.5,7.0,5.0,2.142857142857143,0.0,1.9518001458970664,15.0,0.0,0.0,0.0,7.0,0.0,0.0,0.0,0.0,0.0,4.0,5.0,32.5,7.0,295.0,53.142857142857146,-1.0,108.4964339988932,372.0
813696,stu_QHDFE4652N,?,0.25,0.5,0.75,2.0,1.0,0.5,0.0,0.7071067811865476,1.0,0.25,0.5,0.75,2.0,1.0,0.5,0.0,0.7071067811865476,1.0,0.0,0.0,0.0,2.0,0.0,0.0,0.0,0.0,0.0,0.0,0.0,0.0,2.0,0.0,0.0,0.0,0.0,0.0,-0.1679641430853028,-0.16795443188667,-0.1679447206880371,2.0,-0.1679350094894043,-0.16795443188667,-0.1679738542839357,2.7467417626908424e-05,-0.33590886377334,-0.2798906632663375,-0.2798774013965697,-0.2798641395268018,2.0,-0.279850877657034,-0.2798774013965697,-0.2799039251361053,3.751023217613615e-05,-0.5597548027931394,-0.0559852493742404,-0.055973611314584,-0.0559619732549276,2.0,-0.0559503351952712,-0.055973611314584,-0.0559968874338968,3.291740361158361e-05,-0.111947222629168,0.25,0.5,0.75,2.0,1.0,0.5,0.0,0.7071067811865476,1.0,0.2755503144654088,0.4122117400419287,0.5488731656184487,2.0,0.6855345911949685,0.4122117400419287,0.1388888888888889,0.3865368830071116,0.8244234800838575,31.0,57.0,83.0,2.0,109.0,57.0,5.0,73.53910524340094,114.0,0.25,0.5,0.75,2.0,1.0,0.5,0.0,0.7071067811865476,1.0,1.25,1.5,1.75,2.0,2.0,1.5,1.0,0.7071067811865476,3.0,0.999999999260962,0.999999999507308,0.999999999753654,2.0,0.999999999260962,0.999999999507308,0.999999999753654,2.0,1.0,0.999999999507308,0.999999999014616,6.96771706083539e-10,1.999999999014616,1.0,0.999999999507308,0.999999999014616,6.96771706083539e-10,1.999999999014616,1.0,1.0,1.0,2.0,1.0,1.0,1.0,0.0,2.0,0.0,0.0,0.0,2.0,0.0,0.0,0.0,0.0,0.0,0.0,0.0,0.0,2.0,0.0,0.0,0.0,0.0,0.0,31.0,57.0,83.0,2.0,109.0,57.0,5.0,73.53910524340094,114.0
816178,stu_ZPOVA4671H,N,0.0,0.0,0.0,8.0,0.0,0.0,0.0,0.0,0.0,0.75,1.0,1.0,8.0,1.0,0.75,0.0,0.4629100498862757,6.0,0.0,0.0,0.0,8.0,1.0,0.125,0.0,0.3535533905932738,1.0,0.0,0.0,0.0,8.0,1.0,0.125,0.0,0.3535533905932738,1.0,-0.2370451263429271,-0.2370275669641064,-0.2370121152451747,8.0,-0.2369762816868738,-0.2370230860992238,-0.2370473475692759,2.543045439327301e-05,-1.8961846887937908,-0.3950553253070891,-0.3950275649880139,-0.3950095647041134,8.0,-0.3949778696412204,-0.3950306847254722,-0.3950790239551264,3.304331466459924e-05,-3.1602454778037776,-0.0790152035568256,-0.0790118834079673,-0.0789969126763953,8.0,-0.0789706855045293,-0.07900683638088,-0.0790342960828554,1.946696299598545e-05,-0.6320546910470406,0.0,0.5,1.0,8.0,1.0,0.5,0.0,0.5345224838248488,4.0,0.0,0.1111111111111111,0.6666666666666666,8.0,0.6666666666666666,0.2777777777777778,0.0,0.330677248507931,2.2222222222222223,0.0,1.0,2.0,8.0,2.0,1.0,0.0,1.0690449676496976,8.0,0.0,0.0,0.0,8.0,1.0,0.125,0.0,0.3535533905932738,1.0,1.0,1.0,2.0,8.0,2.0,1.375,1.0,0.5175491695067657,11.0,0.846380800840483,0.953326013391064,0.999998478630337,5.0,-0.2186987579864475,0.846380800840483,0.9766622460107004,7.0,0.999999629033072,0.3374724865602944,-1.0,0.9259675087807616,2.362307405922061,0.999999629033072,0.8724614811844121,0.562602484027105,0.1842305196280758,4.362307405922061,0.75,1.0,1.0,8.0,1.0,0.75,0.0,0.4629100498862757,6.0,0.0,0.0,1.25,8.0,2.0,0.625,0.0,0.9161253813129044,5.0,0.0,1.0,1.0,8.0,1.0,0.625,0.0,0.5175491695067657,5.0,0.0,1.0,2.0,8.0,2.0,1.0,0.0,1.0690449676496976,8.0
816198,stu_ZPOVA4671H,N,0.0,0.0,0.0,4.0,0.0,0.0,0.0,0.0,0.0,1.0,1.0,1.0,4.0,1.0,1.0,1.0,0.0,4.0,0.0,0.0,0.0,4.0,0.0,0.0,0.0,0.0,0.0,0.0,0.0,0.0,4.0,0.0,0.0,0.0,0.0,0.0,-0.2369754199178542,-0.2369312292041778,-0.2369132456212274,4.0,-0.2368916011900389,-0.2369574363349038,-0.2370756857412208,8.14918170127541e-05,-0.9478297453396154,-0.3949541008491931,-0.3949424569468593,-0.394914893698994,4.0,-0.3948371140346954,-0.3949265376013278,-0.394984122476897,6.278216523950591e-05,-1.5797061504053111,-0.07902562494962,-0.0790109147528679,-0.0789645261941726,4.0,-0.0788686493804637,-0.0789792363909248,-0.0790264666774996,7.501922419367405e-05,-0.3159169455636992,1.0,1.0,1.0,4.0,1.0,1.0,1.0,0.0,4.0,0.0,0.0,0.0454545454545454,4.0,0.1818181818181818,0.0454545454545454,0.0,0.0909090909090909,0.1818181818181818,0.0,0.0,0.5,4.0,2.0,0.5,0.0,1.0,2.0,0.0,0.0,0.0,4.0,0.0,0.0,0.0,0.0,0.0,1.0,1.0,1.25,4.0,2.0,1.25,1.0,0.5,5.0,0.9999995789134444,0.999999909544436,0.9999999534708364,3.0,0.4999994362118397,0.9999995789134444,0.9999999315076362,4.0,0.999999997397237,0.4999997888060314,-1.0,0.9999998592040767,1.9999991552241256,0.999999997397237,0.999999718408042,0.999999248282453,4.095034562985743e-07,2.999999155224126,0.75,1.0,1.0,4.0,1.0,0.75,0.0,0.5,3.0,0.0,0.0,0.0,4.0,0.0,0.0,0.0,0.0,0.0,0.75,1.0,1.0,4.0,1.0,0.75,0.0,0.5,3.0,0.0,0.0,0.5,4.0,2.0,0.5,0.0,1.0,2.0
816625,stu_ZPOVA4671H,N,0.0,0.0,0.0,6.0,0.0,0.0,0.0,0.0,0.0,1.0,1.0,1.0,6.0,1.0,1.0,1.0,0.0,6.0,0.0,0.0,0.0,6.0,0.0,0.0,0.0,0.0,0.0,0.0,0.0,0.0,6.0,0.0,0.0,0.0,0.0,0.0,-0.2371040773562056,-0.2370806492635581,-0.2370192432106309,6.0,-0.2370057020803781,-0.2370636588304338,-0.2371042911283655,4.809391206510384e-05,-1.4223819529826032,-0.3951143564849276,-0.3950756036005682,-0.3950665216239631,6.0,-0.3950495233970622,-0.3950941037995718,-0.3951731237877562,4.677114723204579e-05,-2.370564622797431,-0.0790347637094551,-0.0790347236271752,-0.0790342827220954,6.0,-0.0789887091697597,-0.079026972159586,-0.0790347637094551,1.874649451869277e-05,-0.474161832957516,0.0,0.0,0.0,6.0,1.0,0.1666666666666666,0.0,0.408248290463863,1.0,0.0,0.0,0.0,6.0,0.0,-0.1666666666666666,-1.0,0.408248290463863,-1.0,0.0,0.0,0.0,5.0,0.0,0.0,0.0,0.0,0.0,0.0,0.0,0.0,6.0,0.0,0.0,0.0,0.0,0.0,1.0,1.0,1.0,6.0,1.0,0.6666666666666666,-1.0,0.816496580927726,4.0,0.997616667025155,0.998808328718819,0.999999990412483,4.0,0.997616667025155,0.997616667025155,0.999999990412483,5.0,0.999999990412483,0.5990466629750552,-1.0,0.893895053710857,2.995233314875276,0.999999990412483,0.998808328718819,0.997616667025155,0.0013760123992397,3.995233314875276,0.0,0.5,1.0,6.0,1.0,0.5,0.0,0.5477225575051661,3.0,2.0,2.5,3.0,6.0,3.0,2.5,2.0,0.5477225575051661,15.0,0.0,0.0,0.75,6.0,1.0,0.3333333333333333,0.0,0.5163977794943223,2.0,0.0,0.0,0.0,6.0,0.0,-0.1666666666666666,-1.0,0.408248290463863,-1.0
818370,stu_FAGBY2230A,N,0.0,0.0,0.0,2.0,0.0,0.0,0.0,0.0,0.0,1.0,1.0,1.0,2.0,1.0,1.0,1.0,0.0,2.0,0.0,0.0,0.0,2.0,0.0,0.0,0.0,0.0,0.0,0.0,0.0,0.0,2.0,0.0,0.0,0.0,0.0,0.0,,,,0.0,,,,,,,,,0.0,,,,,,-0.0455005548198978,-0.0455005548198978,-0.0455005548198978,1.0,-0.0455005548198978,-0.0455005548198978,-0.0455005548198978,,-0.0455005548198978,,,,0.0,,,,,,0.5313339403596631,0.5322330981106306,0.5331322558615981,2.0,0.5340314136125655,0.5322330981106306,0.5304347826086957,0.002543202172262,1.0644661962212612,71.25,81.5,91.75,2.0,102.0,81.5,61.0,28.991378028648448,163.0,,,,0.0,,,,,,1.0,1.0,1.0,2.0,1.0,1.0,1.0,0.0,2.0,,,,0.0,,,,0.0,,,,,,,,,,,1.0,1.0,1.0,2.0,1.0,1.0,1.0,0.0,2.0,,,,0.0,,,,,,1.0,1.0,1.0,2.0,1.0,1.0,1.0,0.0,2.0,71.25,81.5,91.75,2.0,102.0,81.5,61.0,28.991378028648448,163.0
818641,stu_FAGBY2230A,N,0.0,0.5,1.0,4.0,1.0,0.5,0.0,0.5773502691896257,2.0,0.0,0.5,1.0,4.0,1.0,0.5,0.0,0.5773502691896257,2.0,0.0,0.0,0.0,4.0,0.0,0.0,0.0,0.0,0.0,0.0,0.0,0.0,4.0,0.0,0.0,0.0,0.0,0.0,-0.1382212759889135,-0.1381362653362218,-0.1380484880331734,4.0,-0.1379705004160026,-0.1381334986858651,-0.1382909636550142,0.0001402531657919,-0.5525339947434605,-0.2304814775650901,-0.2303810907209928,-0.2303594257205071,4.0,-0.2303377820019472,-0.2304598125646044,-0.2307392868144849,0.00018780237983,-0.9218392502584176,-0.0461558785207388,-0.0460374552445083,-0.0459120089327568,4.0,-0.0458769895238184,-0.0460304322089874,-0.0461698288231145,0.0001516172710221,-0.1841217288359496,1.75,2.0,2.0,4.0,2.0,1.75,1.0,0.5,7.0,0.1527777777777778,0.2,0.2,4.0,0.2,0.1527777777777778,0.0111111111111111,0.0944444444444444,0.6111111111111112,1.75,2.0,2.0,4.0,2.0,1.75,1.0,0.5,7.0,0.0,0.0,0.0,4.0,0.0,0.0,0.0,0.0,0.0,2.5,3.0,3.0,4.0,3.0,2.5,1.0,1.0,10.0,0.4607782191068452,0.6405141273669855,0.8202500356271258,2.0,-1.0,-0.3594788445766475,0.4607782191068452,4.0,0.999985943887266,-0.1797429363165072,-1.0,0.9915856957142674,-0.7189717452660289,0.999985943887266,0.6405141273669855,0.281042310846705,0.5083699182138736,1.281028254733971,0.0,0.5,1.0,4.0,1.0,0.5,0.0,0.5773502691896257,2.0,0.75,1.5,2.0,4.0,2.0,1.25,0.0,0.957427107756338,5.0,0.0,0.0,0.0,4.0,0.0,0.0,0.0,0.0,0.0,1.75,2.0,2.0,4.0,2.0,1.75,1.0,0.5,7.0
820149,stu_FAGBY2230A,N,0.0,0.0,0.0,2.0,0.0,0.0,0.0,0.0,0.0,1.0,1.0,1.0,2.0,1.0,1.0,1.0,0.0,2.0,0.0,0.0,0.0,2.0,0.0,0.0,0.0,0.0,0.0,0.0,0.0,0.0,2.0,0.0,0.0,0.0,0.0,0.0,-0.1386046379596889,-0.1385677563822412,-0.1385308748047935,2.0,-0.1384939932273458,-0.1385677563822412,-0.1386415195371365,0.0001043168540564,-0.2771355127644824,-0.2311918895309186,-0.231154880261916,-0.2311178709929134,2.0,-0.2310808617239108,-0.231154880261916,-0.2312288987999212,0.0001046780203139,-0.4623097605238321,-0.046174521487758,-0.0461631675803325,-0.046151813672907,2.0,-0.0461404597654816,-0.0461631675803325,-0.0461858753951834,3.21136997340523e-05,-0.0923263351606651,1.0,1.0,1.0,2.0,1.0,1.0,1.0,0.0,2.0,0.3933823529411764,0.5367647058823529,0.6801470588235294,2.0,0.8235294117647058,0.5367647058823529,0.25,0.4055465362687552,1.0735294117647058,6.5,9.0,11.5,2.0,14.0,9.0,4.0,7.071067811865476,18.0,1.0,1.0,1.0,2.0,1.0,1.0,1.0,0.0,2.0,2.25,3.5,4.75,2.0,6.0,3.5,1.0,3.5355339059327378,7.0,0.999640236279929,0.999640236279929,0.999640236279929,1.0,-0.5000899409300177,-0.0001798818600354,0.4997301772099468,2.0,0.999640236279929,-0.0001798818600354,-1.0,1.413959171007008,-0.0003597637200709,0.999640236279929,0.999640236279929,0.999640236279929,,0.999640236279929,0.25,0.5,0.75,2.0,1.0,0.5,0.0,0.7071067811865476,1.0,4.25,4.5,4.75,2.0,5.0,4.5,4.0,0.7071067811865476,9.0,0.0,0.0,0.0,2.0,0.0,0.0,0.0,0.0,0.0,6.5,9.0,11.5,2.0,14.0,9.0,4.0,7.071067811865476,18.0
820297,stu_FAGBY2230A,N,0.0,0.0,0.0,5.0,0.0,0.0,0.0,0.0,0.0,0.0,1.0,1.0,5.0,1.0,0.6,0.0,0.5477225575051662,3.0,0.0,0.0,1.0,5.0,1.0,0.4,0.0,0.5477225575051662,2.0,0.0,0.0,0.0,5.0,0.0,0.0,0.0,0.0,0.0,-0.1384106957696827,-0.1375622705149055,-0.137480803302863,5.0,-0.1345165289829687,-0.1372807617129166,-0.1384335099941628,0.0016098001429662,-0.6864038085645829,-0.2297808340032134,-0.226688101979064,-0.2251161338102268,5.0,-0.2251129415213536,-0.2273265767792326,-0.2299348725823053,0.0023989828449986,-1.1366328838961632,-0.0461334792938123,-0.0461106650693323,-0.0460609079267629,5.0,-0.0453906975188102,-0.045986974516461,-0.0462391227735874,0.000339615279881,-0.2299348725823053,1.0,1.0,1.0,5.0,2.0,1.2,1.0,0.4472135954999579,6.0,0.0,0.0277777777777777,0.7692307692307693,5.0,0.7692307692307693,0.3132478632478633,0.0,0.4164079845698907,1.5662393162393164,0.0,1.0,10.0,5.0,10.0,4.2,0.0,5.310367218940701,21.0,0.0,0.0,0.0,5.0,0.0,0.0,0.0,0.0,0.0,1.0,1.0,3.0,5.0,3.0,1.8,1.0,1.0954451150103324,9.0,0.99756354245167,0.999719294707617,0.9998596473538084,3.0,0.4965558426467922,0.99756354245167,0.9997894710307128,4.0,1.0,0.498781771225835,-1.0,0.9991900579576612,1.99512708490334,1.0,0.99837569496778,0.995407790195723,0.0025741101214384,2.99512708490334,1.0,1.0,1.0,5.0,1.0,0.8,0.0,0.4472135954999579,4.0,1.0,1.0,1.0,5.0,1.0,1.0,1.0,0.0,5.0,0.0,0.0,0.0,5.0,1.0,0.2,0.0,0.447213595499958,1.0,0.0,1.0,10.0,5.0,10.0,4.2,0.0,5.310367218940701,21.0
821317,stu_FAGBY2230A,N,0.0,0.0,0.0,5.0,1.0,0.2,0.0,0.447213595499958,1.0,1.0,1.0,1.0,5.0,1.0,0.8,0.0,0.4472135954999579,4.0,0.0,0.0,0.0,5.0,0.0,0.0,0.0,0.0,0.0,0.0,0.0,0.0,5.0,0.0,0.0,0.0,0.0,0.0,-0.1389972682091592,-0.1384374258685138,-0.1384349571651186,5.0,-0.1382647017585511,-0.1386263838314927,-0.1389975661561207,0.0003458665718065,-0.6931319191574637,-0.2314449954747069,-0.2311015051919571,-0.2311011221172923,5.0,-0.2309292918482141,-0.2312481206353226,-0.2316636885444428,0.0002984178435929,-1.1562406031766137,-0.0463331888857159,-0.046331401203947,-0.0461604647757533,5.0,-0.0457703670754556,-0.0461858583696428,-0.0463338699073422,0.0002439642714783,-0.2309292918482141,0.0,0.0,0.0,5.0,1.0,0.2,0.0,0.447213595499958,1.0,0.0,0.0,0.0,5.0,0.5331230283911672,0.1066246056782334,0.0,0.23841986637064,0.5331230283911672,0.0,0.0,0.0,5.0,169.0,33.8,0.0,75.57909763949289,169.0,0.0,1.0,1.0,5.0,1.0,0.6,0.0,0.5477225575051662,3.0,1.0,1.0,1.0,5.0,2.0,1.2,1.0,0.4472135954999579,6.0,,,,0.0,,,,0.0,,,,,,,,,,,1.0,1.0,1.0,5.0,1.0,0.8,0.0,0.4472135954999579,4.0,0.0,0.0,0.0,5.0,1.0,0.2,0.0,0.447213595499958,1.0,1.0,1.0,1.0,5.0,1.0,0.8,0.0,0.4472135954999579,4.0,0.0,0.0,0.0,5.0,169.0,33.8,0.0,75.57909763949289,169.0
822248,stu_FAGBY2230A,N,0.0,0.0,0.0,1.0,0.0,0.0,0.0,,0.0,1.0,1.0,1.0,1.0,1.0,1.0,1.0,,1.0,0.0,0.0,0.0,1.0,0.0,0.0,0.0,,0.0,0.0,0.0,0.0,1.0,0.0,0.0,0.0,,0.0,-0.138688765412459,-0.138688765412459,-0.138688765412459,1.0,-0.138688765412459,-0.138688765412459,-0.138688765412459,,-0.138688765412459,-0.2312235357546139,-0.2312235357546139,-0.2312235357546139,1.0,-0.2312235357546139,-0.2312235357546139,-0.2312235357546139,,-0.2312235357546139,-0.0462423576263122,-0.0462423576263122,-0.0462423576263122,1.0,-0.0462423576263122,-0.0462423576263122,-0.0462423576263122,,-0.0462423576263122,0.0,0.0,0.0,1.0,0.0,0.0,0.0,,0.0,-1.0,-1.0,-1.0,1.0,-1.0,-1.0,-1.0,,-1.0,,,,0.0,,,,,,0.0,0.0,0.0,1.0,0.0,0.0,0.0,,0.0,-1.0,-1.0,-1.0,1.0,-1.0,-1.0,-1.0,,-1.0,,,,0.0,-1.0,-1.0,-1.0,1.0,-1.0,-1.0,-1.0,,-1.0,,,,,,1.0,1.0,1.0,1.0,1.0,1.0,1.0,,1.0,1.0,1.0,1.0,1.0,1.0,1.0,1.0,,1.0,0.0,0.0,0.0,1.0,0.0,0.0,0.0,,0.0,-1.0,-1.0,-1.0,1.0,-1.0,-1.0,-1.0,,-1.0
824253,stu_FAGBY2230A,N,0.0,0.0,0.0,8.0,0.0,0.0,0.0,0.0,0.0,0.75,1.0,1.0,8.0,1.0,0.75,0.0,0.4629100498862757,6.0,0.0,0.0,0.0,8.0,0.0,0.0,0.0,0.0,0.0,0.0,0.0,0.0,8.0,1.0,0.125,0.0,0.3535533905932738,1.0,-0.1389950868117626,-0.1387446943135164,-0.1386082558870784,8.0,-0.13850965672475,-0.1387677160367732,-0.1390003328064774,0.0002124249041198,-1.110141728294186,-0.2312488399644154,-0.2311723952868666,-0.2310919070434119,8.0,-0.2309899027729521,-0.2312092609028699,-0.2316619859903772,0.0002168746822812,-1.84967408722296,-0.0463333697820854,-0.046332231199054,-0.0462868581332038,8.0,-0.0460162584463906,-0.0462714553393909,-0.0463335719603807,0.0001190628958063,-0.3701716427151272,0.0,0.5,1.25,8.0,3.0,0.875,0.0,1.1259916264596033,7.0,0.0,0.0,0.5331230283911672,8.0,0.5331230283911672,0.1999211356466877,0.0,0.2759173805887804,1.5993690851735016,0.0,0.0,169.0,8.0,169.0,63.375,0.0,87.4658096466434,507.0,1.0,1.0,1.0,8.0,1.0,0.875,0.0,0.3535533905932738,7.0,1.0,1.0,5.0,8.0,5.0,2.5,1.0,2.070196678027062,20.0,,,,0.0,-1.0,-1.0,-1.0,3.0,-1.0,-1.0,-1.0,0.0,-3.0,,,,,,0.0,1.0,1.0,8.0,1.0,0.625,0.0,0.5175491695067657,5.0,1.75,3.5,5.0,8.0,5.0,3.125,0.0,1.9594095320493148,25.0,0.0,1.0,1.0,8.0,1.0,0.625,0.0,0.5175491695067657,5.0,0.0,0.0,169.0,8.0,169.0,63.375,0.0,87.4658096466434,507.0
824255,stu_FAGBY2230A,N,0.0,0.0,0.0,8.0,0.0,0.0,0.0,0.0,0.0,1.0,1.0,1.0,8.0,1.0,1.0,1.0,0.0,8.0,0.0,0.0,0.0,8.0,0.0,0.0,0.0,0.0,0.0,0.0,0.0,0.0,8.0,0.0,0.0,0.0,0.0,0.0,-0.1389983535873761,-0.1389951187346513,-0.138636348029162,8.0,-0.13850965672475,-0.1388358181994002,-0.1390003328064774,0.0002289927820364,-1.1106865455952015,-0.2316606133061617,-0.2312590765707353,-0.2311259687656883,8.0,-0.2309899027729521,-0.2313320788967826,-0.2316651782792503,0.0002958587608628,-1.8506566311742607,-0.046333412345937,-0.046333295295345,-0.0463306563365432,8.0,-0.0460162584463906,-0.0462928862386925,-0.0463335719603807,0.0001117885031847,-0.3703430899095407,0.0,0.0,0.25,8.0,1.0,0.25,0.0,0.4629100498862757,2.0,0.0,0.0,0.0,8.0,0.5331230283911672,0.0666403785488959,0.0,0.1884874542910513,0.5331230283911672,0.0,0.0,0.0,8.0,169.0,21.125,0.0,59.75052301026327,169.0,1.0,1.0,1.0,8.0,1.0,0.875,0.0,0.3535533905932738,7.0,1.0,1.0,1.0,8.0,5.0,1.5,1.0,1.4142135623730951,12.0,,,,0.0,-1.0,-1.0,-1.0,1.0,-1.0,-1.0,-1.0,,-1.0,,,,,,1.0,1.0,1.0,8.0,1.0,0.875,0.0,0.3535533905932738,7.0,0.0,1.5,3.25,8.0,5.0,1.875,0.0,1.9594095320493148,15.0,1.0,1.0,1.0,8.0,1.0,0.875,0.0,0.3535533905932738,7.0,0.0,0.0,0.0,8.0,169.0,21.125,0.0,59.75052301026327,169.0
825888,stu_FAGBY2230A,N,0.0,0.0,0.0,3.0,0.0,0.0,0.0,0.0,0.0,0.5,1.0,1.0,3.0,1.0,0.6666666666666666,0.0,0.5773502691896258,2.0,0.0,0.0,0.5,3.0,1.0,0.3333333333333333,0.0,0.5773502691896258,1.0,0.0,0.0,0.0,3.0,0.0,0.0,0.0,0.0,0.0,-0.1382390783198627,-0.138159654172699,-0.1381298381946239,3.0,-0.1381000222165488,-0.1381927262854247,-0.1383185024670264,0.0001129324065195,-0.4145781788562743,-0.2304673676482708,-0.2304461070043757,-0.2303686620763134,3.0,-0.230291217148251,-0.2304086508149309,-0.230488628292166,0.0001038990593376,-0.6912259524447928,-0.0460888936592175,-0.0459724176791995,-0.0459473262886566,3.0,-0.0459222348981137,-0.0460333407388496,-0.0462053696392354,0.0001510795644862,-0.1381000222165488,1.0,1.0,1.0,3.0,1.0,1.0,1.0,0.0,3.0,-0.4166666666666667,0.1666666666666666,0.1666666666666666,3.0,0.1666666666666666,-0.2222222222222222,-1.0,0.6735753140545634,-0.6666666666666667,3.0,3.0,3.0,2.0,3.0,3.0,3.0,0.0,6.0,0.0,0.0,0.0,3.0,0.0,0.0,0.0,0.0,0.0,0.5,2.0,2.0,3.0,2.0,1.0,-1.0,1.7320508075688772,3.0,0.999989864694816,0.999989864694816,0.999989864694816,1.0,-1.0,-1.0,-5.0676525920057e-06,3.0,0.999989864694816,-0.3333367117683947,-1.0,1.1546946867580752,-1.000010135305184,0.999989864694816,0.999989864694816,0.999989864694816,,0.999989864694816,0.5,1.0,1.0,3.0,1.0,0.6666666666666666,0.0,0.5773502691896258,2.0,0.5,1.0,1.0,3.0,1.0,0.6666666666666666,0.0,0.5773502691896258,2.0,0.0,0.0,0.0,3.0,0.0,0.0,0.0,0.0,0.0,1.0,3.0,3.0,3.0,3.0,1.6666666666666667,-1.0,2.309401076758504,5.0
828183,stu_FAGBY2230A,G,0.0,0.0,0.0,5.0,0.0,0.0,0.0,0.0,0.0,0.0,0.0,0.0,5.0,1.0,0.2,0.0,0.447213595499958,1.0,0.0,0.0,0.0,5.0,0.0,0.0,0.0,0.0,0.0,0.0,0.0,0.0,5.0,1.0,0.2,0.0,0.447213595499958,1.0,-0.1386749747245268,-0.1376909410384186,-0.137507746220952,5.0,-0.1374295138616343,-0.1380054538509706,-0.1387240934093215,0.0006409054299405,-0.6900272692548535,-0.2301763373126696,-0.2300981049533518,-0.2300316202170872,5.0,-0.2298975440844154,-0.2300933973913602,-0.2302633803892772,0.000139615855448,-1.1504669869568014,-0.0462560631865409,-0.0462002194131868,-0.046151100728392,5.0,-0.0450223499467015,-0.045979508816883,-0.046267810809594,0.0005371011107234,-0.2298975440844154,0.0,0.0,0.0,5.0,0.0,0.0,0.0,0.0,0.0,0.6222222222222222,0.6222222222222222,0.6222222222222222,5.0,0.6222222222222222,0.5763492063492064,0.3928571428571428,0.1025751818249903,2.881746031746032,28.0,28.0,28.0,5.0,28.0,24.6,11.0,7.602631123499286,123.0,0.0,1.0,2.0,5.0,3.0,1.2,0.0,1.3038404810405295,6.0,1.0,1.0,1.0,5.0,1.0,1.0,1.0,0.0,5.0,,,,0.0,-1.0,-1.0,-1.0,4.0,-1.0,-1.0,-1.0,0.0,-4.0,,,,,,0.0,0.0,1.0,5.0,1.0,0.4,0.0,0.5477225575051662,2.0,3.0,3.0,3.0,5.0,3.0,3.0,3.0,0.0,15.0,0.0,0.0,0.0,5.0,0.0,0.0,0.0,0.0,0.0,28.0,28.0,28.0,5.0,28.0,24.6,11.0,7.602631123499286,123.0
834344,stu_FAGBY2230A,?,0.0,0.0,0.0,8.0,0.0,0.0,0.0,0.0,0.0,0.0,0.0,0.0,8.0,0.0,0.0,0.0,0.0,0.0,0.0,0.0,0.0,8.0,0.0,0.0,0.0,0.0,0.0,1.0,1.0,1.0,8.0,1.0,1.0,1.0,0.0,8.0,-0.139002886637576,-0.139002886637576,1.544490234994666,8.0,1.5450980467961115,0.4924224352172787,-0.139002886637576,0.8714497631953849,3.93937948173823,-0.2316714777292933,1.451979342973281,1.4524431399826967,8.0,1.452484192817605,0.8207927617622858,-0.2316714777292933,0.8715232286922328,6.566342094098286,-0.0463342955458586,-0.0463342955458586,-0.0463342955458586,8.0,1.6370011270160494,0.1640826322743798,-0.0463342955458586,0.5951489461525238,1.3126610581950386,0.0,0.0,0.0,8.0,0.0,0.0,0.0,0.0,0.0,0.6,0.6,0.6,8.0,0.6,0.6,0.6,0.0,4.8,33.0,33.0,33.0,8.0,33.0,33.0,33.0,0.0,264.0,0.75,2.0,2.0,8.0,2.0,1.375,0.0,0.9161253813129044,11.0,1.0,1.0,1.0,8.0,1.0,1.0,1.0,0.0,8.0,0.634255014475894,0.7792237693045589,0.924192524133224,8.0,-1.0,-1.0,-1.0,8.0,-1.0,-1.0,-1.0,0.0,-8.0,0.924192524133224,0.7792237693045589,0.634255014475894,0.154978117816027,6.233790154436472,0.0,0.0,0.0,8.0,1.0,0.125,0.0,0.3535533905932738,1.0,4.0,4.0,5.0,8.0,5.0,4.375,4.0,0.5175491695067657,35.0,0.0,0.0,0.0,8.0,0.0,0.0,0.0,0.0,0.0,33.0,33.0,33.0,8.0,33.0,33.0,33.0,0.0,264.0
836905,stu_FAGBY2230A,G,0.0,0.0,0.0,4.0,0.0,0.0,0.0,0.0,0.0,0.0,0.0,0.25,4.0,1.0,0.25,0.0,0.5,1.0,0.0,0.0,0.0,4.0,0.0,0.0,0.0,0.0,0.0,0.0,0.0,0.25,4.0,1.0,0.25,0.0,0.5,1.0,-0.1380307814708868,-0.1377902637862216,-0.1376385236551183,4.0,-0.1375156205335024,-0.1378790413397836,-0.1384200172531887,0.000393714612864,-0.5515161653591345,-0.2300443893725798,-0.2297844093667513,-0.2288861737645902,4.0,-0.2268606983974718,-0.2291461537704187,-0.2301550979507003,0.0015444029978923,-0.9165846150816748,-0.0462059442512326,-0.0460470533930535,-0.0458024708605565,4.0,-0.0454254296217499,-0.0459613617187355,-0.0463259104670852,0.000392886988276,-0.1838454468749423,0.0,0.0,0.0,4.0,0.0,0.0,0.0,0.0,0.0,0.75,0.75,0.75,4.0,0.75,0.75,0.75,0.0,3.0,3.0,3.0,3.0,4.0,3.0,3.0,3.0,0.0,12.0,3.75,4.0,4.0,4.0,4.0,3.75,3.0,0.5,15.0,1.0,1.0,1.0,4.0,1.0,1.0,1.0,0.0,4.0,,,,0.0,-1.0,-1.0,-1.0,3.0,-1.0,-1.0,-1.0,0.0,-3.0,,,,,,0.0,0.0,0.25,4.0,1.0,0.25,0.0,0.5,1.0,3.75,4.0,4.0,4.0,4.0,3.75,3.0,0.5,15.0,0.0,0.0,0.25,4.0,1.0,0.25,0.0,0.5,1.0,3.0,3.0,3.0,4.0,3.0,3.0,3.0,0.0,12.0
837840,stu_FAGBY2230A,N,0.0,0.0,0.0,6.0,0.0,0.0,0.0,0.0,0.0,1.0,1.0,1.0,6.0,1.0,1.0,1.0,0.0,6.0,0.0,0.0,0.0,6.0,0.0,0.0,0.0,0.0,0.0,0.0,0.0,0.0,6.0,0.0,0.0,0.0,0.0,0.0,-0.1385186483384023,-0.1384308284715022,-0.1384147712584703,6.0,-0.1383348895499015,-0.1384551608066908,-0.1385770778657437,9.033853053969264e-05,-0.8307309648401453,-0.2308214456891165,-0.2307397975807045,-0.2306828577881707,6.0,-0.2306471786395319,-0.2307592989187318,-0.2309164801288699,0.0001033791172744,-1.3845557935123909,-0.0462466459343651,-0.0461697011315595,-0.0460779441083826,6.0,-0.0460408603526396,-0.0461595567469182,-0.0462574252297934,0.0001000584725863,-0.2769573404815096,0.0,0.0,0.0,6.0,0.0,0.0,0.0,0.0,0.0,0.0357142857142857,0.1748768472906404,0.3926332288401253,6.0,0.5,0.0507165248544558,-1.0,0.5485240051754714,0.3042991491267353,1.0,5.0,6.0,5.0,6.0,3.6,0.0,2.8809720581775866,18.0,0.0,0.0,0.0,6.0,0.0,0.0,0.0,0.0,0.0,1.0,1.0,1.0,6.0,1.0,0.6666666666666666,-1.0,0.816496580927726,4.0,0.9968004863661996,0.999999999971916,1.0,4.0,0.987201945633302,0.999999999943832,1.0,5.0,1.0,0.5974403891154269,-1.0,0.8930135201409155,2.987201945577134,1.0,0.9968004863942836,0.987201945633302,0.0063990271739876,3.987201945577134,1.0,1.0,1.0,6.0,1.0,1.0,1.0,0.0,6.0,0.0,0.0,0.0,6.0,0.0,0.0,0.0,0.0,0.0,0.0,0.0,0.0,6.0,0.0,0.0,0.0,0.0,0.0,0.25,3.0,5.75,6.0,6.0,2.833333333333333,-1.0,3.188521078284832,17.0
837881,stu_FAGBY2230A,N,0.0,0.0,0.0,3.0,0.0,0.0,0.0,0.0,0.0,1.0,1.0,1.0,3.0,1.0,1.0,1.0,0.0,3.0,0.0,0.0,0.0,3.0,0.0,0.0,0.0,0.0,0.0,0.0,0.0,0.0,3.0,0.0,0.0,0.0,0.0,0.0,-0.1385852288433331,-0.1385626061561854,-0.138447960421788,3.0,-0.1383333146873907,-0.138501257458019,-0.1386078515304807,0.0001471915983624,-0.415503772374057,-0.230885216979839,-0.2308326293411355,-0.2307363711906474,3.0,-0.2306401130401593,-0.2308035156666125,-0.2309378046185425,0.000150966133597,-0.6924105469998375,-0.0462488273317618,-0.0462418468600925,-0.0460387534419833,3.0,-0.0458356600238742,-0.0461111048957992,-0.046255807803431,0.0002386443694853,-0.1383333146873978,0.0,0.0,0.0,3.0,0.0,0.0,0.0,0.0,0.0,-0.5,0.0,0.1034482758620689,3.0,0.2068965517241379,-0.264367816091954,-1.0,0.6454204662697222,-0.7931034482758621,1.5,3.0,4.5,2.0,6.0,3.0,0.0,4.242640687119285,6.0,0.0,0.0,0.0,3.0,0.0,0.0,0.0,0.0,0.0,0.0,1.0,1.0,3.0,1.0,0.3333333333333333,-1.0,1.1547005383792517,1.0,0.9993920335928628,0.9995458324890324,0.9996996313852022,2.0,-0.0003808826516534,0.999238234696693,0.9995458324890324,3.0,0.999853430281372,0.3330305549926883,-1.0,1.154438365623946,0.999091664978065,0.999853430281372,0.9995458324890324,0.999238234696693,0.0004350089696824,1.999091664978065,1.0,1.0,1.0,3.0,1.0,1.0,1.0,0.0,3.0,0.0,0.0,0.0,3.0,0.0,0.0,0.0,0.0,0.0,0.0,0.0,0.0,3.0,0.0,0.0,0.0,0.0,0.0,-0.5,0.0,3.0,3.0,6.0,1.6666666666666667,-1.0,3.7859388972001824,5.0
838166,stu_FAGBY2230A,N,0.0,0.0,0.0,5.0,0.0,0.0,0.0,0.0,0.0,1.0,1.0,1.0,5.0,1.0,1.0,1.0,0.0,5.0,0.0,0.0,0.0,5.0,0.0,0.0,0.0,0.0,0.0,0.0,0.0,0.0,5.0,0.0,0.0,0.0,0.0,0.0,-0.1386041910392395,-0.1384539832067954,-0.1384378089431715,5.0,-0.137753424772622,-0.1384088229602034,-0.1387947068391885,0.0003935420796219,-0.692044114801017,-0.2309665777822524,-0.2302844069319883,-0.2302714249572375,5.0,-0.2300987008472748,-0.2305199893380557,-0.2309788361715253,0.0004197466405462,-1.1525999466902783,-0.0462659380001218,-0.0462589149646009,-0.0460925328685328,5.0,-0.0460793380745239,-0.046195767234305,-0.0462821122637457,0.0001007225394954,-0.2309788361715253,0.0,0.0,0.0,5.0,0.0,0.0,0.0,0.0,0.0,0.0,0.04,0.0769230769230769,5.0,0.2222222222222222,-0.1321709401709401,-1.0,0.4923296884924636,-0.6608547008547008,0.75,1.5,2.0,4.0,2.0,1.25,0.0,0.957427107756338,5.0,0.0,0.0,0.0,5.0,0.0,0.0,0.0,0.0,0.0,1.0,1.0,1.0,5.0,1.0,0.6,-1.0,0.8944271909999161,3.0,0.991583371361316,0.99935801856631,0.9996788687119976,3.0,0.4878565431172415,0.991583371361316,0.9995184436391538,4.0,0.999999718857685,0.4957916153950792,-1.0,0.99722250762306,1.983166461580317,0.999999718857685,0.9943888205267722,0.983808724156322,0.0091682481544731,2.983166461580317,1.0,1.0,1.0,5.0,1.0,1.0,1.0,0.0,5.0,0.0,0.0,0.0,5.0,0.0,0.0,0.0,0.0,0.0,0.0,0.0,0.0,5.0,0.0,0.0,0.0,0.0,0.0,0.0,1.0,2.0,5.0,2.0,0.8,-1.0,1.3038404810405295,4.0
838379,stu_FAGBY2230A,G,0.0,0.0,0.0,8.0,0.0,0.0,0.0,0.0,0.0,0.0,0.0,0.25,8.0,1.0,0.25,0.0,0.4629100498862757,2.0,0.0,0.0,0.0,8.0,0.0,0.0,0.0,0.0,0.0,0.0,0.0,0.25,8.0,1.0,0.25,0.0,0.4629100498862757,2.0,-0.1386698138575084,-0.1386534799794408,-0.1386359117496756,8.0,-0.1386108735639473,-0.1386537726059208,-0.1386920428290283,2.8519336429744573e-05,-1.109230180847367,-0.2311022607003238,-0.2310696887128548,-0.231015228264679,8.0,-0.2309386133317237,-0.2310560576393665,-0.2311664150657109,7.922239775226791e-05,-1.8484484611149323,-0.0462537647385522,-0.0461993681361539,-0.0461860030867384,8.0,-0.0461808528606897,-0.0462161276527379,-0.0462699815660278,3.7489049732820346e-05,-0.3697290212219035,0.0,0.0,0.0,8.0,0.0,0.0,0.0,0.0,0.0,0.5029940119760479,0.5304347826086957,0.5304347826086957,8.0,0.7222222222222222,0.5441179235731436,0.5029940119760479,0.0732350256747111,4.352943388585149,61.0,61.0,84.0,8.0,84.0,65.25,26.0,19.521050908478998,522.0,2.75,4.0,4.0,8.0,4.0,3.375,2.0,0.9161253813129044,27.0,1.0,1.0,1.0,8.0,1.0,1.0,1.0,0.0,8.0,,,,0.0,-1.0,-1.0,-1.0,6.0,-1.0,-1.0,-1.0,0.0,-6.0,,,,,,0.0,0.0,0.25,8.0,1.0,0.25,0.0,0.4629100498862757,2.0,3.75,4.0,4.0,8.0,4.0,3.75,3.0,0.4629100498862757,30.0,0.0,0.0,0.0,8.0,0.0,0.0,0.0,0.0,0.0,61.0,61.0,84.0,8.0,84.0,65.25,26.0,19.521050908478998,522.0
844227,stu_VIBEL9280Q,N,0.0,0.0,1.0,8.0,1.0,0.375,0.0,0.5175491695067657,3.0,0.0,1.0,1.0,8.0,1.0,0.625,0.0,0.5175491695067657,5.0,0.0,0.0,0.0,8.0,0.0,0.0,0.0,0.0,0.0,0.0,0.0,0.0,8.0,0.0,0.0,0.0,0.0,0.0,-0.1815184176102096,-0.1814773919964268,-0.1814589083286468,8.0,-0.1814046705624437,-0.1814817626832123,-0.1815333950226641,4.422997843800189e-05,-1.451854101465699,-0.3024951744557108,-0.3024480523253153,-0.3023923404759908,8.0,-0.302245199076033,-0.3024231294014314,-0.3025299943615385,0.0001053624860556,-2.419385035211452,-0.0605086728469573,-0.0604908989229023,-0.0604877991020177,8.0,-0.0604817147177764,-0.0604963736554824,-0.0605155155044092,1.2778122755242967e-05,-0.4839709892438597,1.0,1.5,2.25,8.0,3.0,1.75,1.0,0.8864052604279183,14.0,0.0,0.1785714285714285,0.5178571428571428,8.0,1.0,0.3392857142857143,0.0,0.4365749278628858,2.7142857142857144,0.0,0.5,2.0,8.0,5.0,1.5,0.0,2.2038926600773587,12.0,0.0,0.0,0.0,8.0,0.0,0.0,0.0,0.0,0.0,1.0,1.0,1.5,8.0,3.0,1.5,1.0,0.9258200997725514,12.0,0.999999999999613,0.999999999999802,0.99999999999988,6.0,0.4999999999992695,0.9999999999996628,0.999999999999854,8.0,0.999999999999942,0.4999999999997535,-1.0,0.9258200997723992,3.999999999998028,0.999999999999942,0.9999999999996714,0.999999999999026,3.428659689803456e-13,5.999999999998028,0.75,1.0,1.0,8.0,1.0,0.75,0.0,0.4629100498862757,6.0,0.0,0.0,0.0,8.0,0.0,0.0,0.0,0.0,0.0,0.75,1.0,1.0,8.0,1.0,0.75,0.0,0.4629100498862757,6.0,0.0,0.5,2.0,8.0,5.0,1.5,0.0,2.2038926600773587,12.0
845603,stu_VIBEL9280Q,G,0.0,0.0,0.0,7.0,0.0,0.0,0.0,0.0,0.0,0.0,0.0,1.0,7.0,1.0,0.4285714285714285,0.0,0.5345224838248487,3.0,0.0,1.0,1.0,7.0,1.0,0.5714285714285714,0.0,0.5345224838248488,4.0,0.0,0.0,0.0,7.0,0.0,0.0,0.0,0.0,0.0,-0.1814165360216421,-0.1813855984746523,-0.1804766412117197,7.0,-0.177578169162285,-0.1805999026384325,-0.1814491963653663,0.0014992081080771,-1.2641993184690277,-0.3023470139365577,-0.3005419354596005,-0.2981133501532702,7.0,-0.2973410761861758,-0.3001661092585206,-0.3023590249842126,0.002281392059889,-2.1011627648096445,-0.0604867132547802,-0.0604830735433696,-0.0604789000076188,7.0,-0.0604117594644652,-0.0604739222689659,-0.0604913963501285,2.7886768437723857e-05,-0.4233174558827617,3.0,3.0,3.0,7.0,4.0,3.142857142857143,3.0,0.3779644730092272,22.0,0.6923076923076923,0.6923076923076923,0.7019230769230769,7.0,0.7019230769230769,0.6866493598144975,0.6238532110091743,0.0281047617185227,4.8065455187014825,54.0,68.0,73.0,7.0,73.0,64.14285714285714,54.0,9.651054716602593,449.0,0.0,0.0,1.0,7.0,2.0,0.5714285714285714,0.0,0.7867957924694431,4.0,3.0,3.0,3.0,7.0,3.0,2.857142857142857,2.0,0.3779644730092273,20.0,,,,0.0,-1.0,-1.0,-1.0,5.0,-1.0,-1.0,-1.0,0.0,-5.0,,,,,,0.0,0.0,0.5,7.0,1.0,0.2857142857142857,0.0,0.4879500364742666,2.0,3.0,3.0,3.5,7.0,4.0,3.2857142857142856,3.0,0.4879500364742665,23.0,0.0,0.0,0.0,7.0,0.0,0.0,0.0,0.0,0.0,54.0,68.0,73.0,7.0,73.0,64.14285714285714,54.0,9.651054716602593,449.0
849062,stu_VIBEL9280Q,N,0.0,0.0,0.25,8.0,1.0,0.25,0.0,0.4629100498862757,2.0,0.75,1.0,1.0,8.0,1.0,0.75,0.0,0.4629100498862757,6.0,0.0,0.0,0.0,8.0,0.0,0.0,0.0,0.0,0.0,0.0,0.0,0.0,8.0,0.0,0.0,0.0,0.0,0.0,-0.1814389323791885,-0.1813978157726204,-0.1813934966484132,8.0,-0.1813543940154923,-0.1814084224982894,-0.1814472309212046,3.249037775058838e-05,-1.4512673799863154,-0.302380347626893,-0.3023497922496013,-0.30232637677286,8.0,-0.3022987756279965,-0.3023506718465255,-0.3024063654972929,3.801040057283053e-05,-2.4188053747722043,-0.0604894491045238,-0.0604754301494074,-0.0604581293878359,8.0,-0.0604432793652808,-0.0604726154392499,-0.060496977240958,2.1058461826769688e-05,-0.4837809235139998,1.0,1.5,2.0,8.0,2.0,1.5,1.0,0.5345224838248488,12.0,0.0,0.25,0.5,8.0,0.5,0.125,-1.0,0.5175491695067657,1.0,0.0,1.0,1.0,7.0,1.0,0.5714285714285714,0.0,0.5345224838248488,4.0,0.0,0.0,0.0,8.0,0.0,0.0,0.0,0.0,0.0,1.0,1.5,2.0,8.0,2.0,1.25,-1.0,1.035098339013531,10.0,,,,0.0,-1.0,-1.0,-1.0,3.0,-1.0,-1.0,-1.0,0.0,-3.0,,,,,,0.75,1.0,1.0,8.0,1.0,0.75,0.0,0.4629100498862757,6.0,1.0,2.0,2.0,8.0,2.0,1.625,1.0,0.5175491695067657,13.0,0.0,1.0,1.0,8.0,1.0,0.625,0.0,0.5175491695067657,5.0,0.0,0.5,1.0,8.0,1.0,0.375,-1.0,0.7440238091428449,3.0
850062,stu_AHXPD2103M,N,0.0,0.0,0.0,7.0,0.0,0.0,0.0,0.0,0.0,0.0,1.0,1.0,7.0,1.0,0.5714285714285714,0.0,0.5345224838248488,4.0,0.0,0.0,1.0,7.0,1.0,0.4285714285714285,0.0,0.5345224838248487,3.0,0.0,0.0,0.0,7.0,0.0,0.0,0.0,0.0,0.0,-0.1306721849932746,-0.1304980793649546,-0.1297646117193828,7.0,-0.1289265670614439,-0.130142576891592,-0.1306997983894306,0.0007841451969928,-0.9109980382411444,-0.2176132481450548,-0.2162670910240466,-0.2160669953620724,7.0,-0.2160127425872617,-0.2167715996223619,-0.2177608767309702,0.0008387611325852,-1.5174011973565331,-0.0435581525669257,-0.0435400196077804,-0.0435187697926316,7.0,-0.0433886248208608,-0.043523711771905,-0.0435834932555791,6.425794491241568e-05,-0.3046659824033351,1.5,2.0,2.0,7.0,2.0,1.7142857142857142,1.0,0.4879500364742666,12.0,0.6341463414634146,0.6341463414634146,0.6708333333333334,7.0,0.675,0.6504645760743323,0.6341463414634146,0.0205411007383346,4.553252032520326,104.0,104.0,108.0,7.0,108.0,105.71428571428572,104.0,2.138089935299395,740.0,0.0,0.0,0.0,7.0,0.0,0.0,0.0,0.0,0.0,2.0,2.0,2.0,7.0,2.0,1.8571428571428568,1.0,0.3779644730092272,13.0,,,,0.0,-1.0,-1.0,-1.0,3.0,-1.0,-1.0,-1.0,0.0,-3.0,,,,,,0.0,1.0,1.0,7.0,1.0,0.5714285714285714,0.0,0.5345224838248488,4.0,2.0,2.0,2.5,7.0,3.0,2.142857142857143,1.0,0.6900655593423541,15.0,0.0,0.0,0.0,7.0,1.0,0.1428571428571428,0.0,0.3779644730092272,1.0,104.0,104.0,108.0,7.0,108.0,105.71428571428572,104.0,2.138089935299395,740.0
851087,stu_AHXPD2103M,?,0.0,0.5,1.0,6.0,1.0,0.5,0.0,0.5477225575051661,3.0,0.0,0.5,1.0,6.0,1.0,0.5,0.0,0.5477225575051661,3.0,0.0,0.0,0.0,6.0,0.0,0.0,0.0,0.0,0.0,0.0,0.0,0.0,6.0,0.0,0.0,0.0,0.0,0.0,-0.1306350505760455,-0.13060109794932,-0.1305558954204568,6.0,-0.1305347673574957,-0.1305972884586491,-0.1306595714666355,5.086703100186394e-05,-0.7835837307518946,-0.2176627607013603,-0.2176029397931682,-0.21753756698522,6.0,-0.2175142230324439,-0.2176061432285052,-0.2177182796989225,8.221613310101692e-05,-1.3056368593710317,-0.0435591184676143,-0.0435240294871375,-0.0435031124613015,6.0,-0.0434555722904358,-0.0435285099676425,-0.0436004736273481,5.118232179795607e-05,-0.2611710598058552,2.0,2.0,2.75,6.0,3.0,2.1666666666666665,1.0,0.752772652709081,13.0,0.0416666666666666,0.1666666666666666,0.1666666666666666,6.0,0.4444444444444444,0.1574074074074073,0.0,0.1626048253223347,0.9444444444444444,1.25,5.0,5.0,6.0,20.0,5.833333333333333,0.0,7.359800721939873,35.0,0.0,0.0,0.0,6.0,0.0,0.0,0.0,0.0,0.0,1.25,2.0,2.75,6.0,3.0,2.0,1.0,0.8944271909999159,12.0,,,,0.0,-1.0,-1.0,-1.0,2.0,-1.0,-1.0,-1.0,0.0,-2.0,,,,,,0.25,1.0,1.0,6.0,1.0,0.6666666666666666,0.0,0.5163977794943223,4.0,1.0,1.0,1.0,6.0,1.0,0.8333333333333334,0.0,0.408248290463863,5.0,0.0,0.0,0.0,6.0,0.0,0.0,0.0,0.0,0.0,1.25,5.0,5.0,6.0,20.0,5.833333333333333,0.0,7.359800721939873,35.0
852758,stu_AHXPD2103M,N,0.0,0.0,0.0,6.0,0.0,0.0,0.0,0.0,0.0,0.0,0.0,0.0,6.0,0.0,0.0,0.0,0.0,0.0,0.0,0.0,0.0,6.0,1.0,0.1666666666666666,0.0,0.408248290463863,1.0,0.25,1.0,1.0,6.0,1.0,0.6666666666666666,0.0,0.5163977794943223,4.0,-0.1307396600556627,-0.1304924625306983,-0.1300646334601565,6.0,-0.1297304886395946,-0.1303894818247913,-0.1308773942471295,0.0004609601789689,-0.7823368909487478,-0.2174738175397736,-0.2170935124064725,-0.2168731896477257,6.0,-0.2168346510219325,-0.217210004899603,-0.2178380189170566,0.0004126494664648,-1.3032600293976182,-0.0436257980823765,-0.0435824705372029,-0.0434508970064305,6.0,-0.04314690614434,-0.0434974875102327,-0.0436257980823765,0.0001896365832825,-0.2609849250613966,0.0,0.0,0.0,6.0,1.0,0.1666666666666666,0.0,0.408248290463863,1.0,0.7747747747747747,0.7747747747747747,0.7747747747747747,6.0,0.7747747747747747,0.7747747747747747,0.7747747747747747,0.0,4.648648648648648,86.0,86.0,86.0,6.0,86.0,86.0,86.0,0.0,516.0,0.0,0.0,0.75,6.0,1.0,0.3333333333333333,0.0,0.5163977794943223,2.0,2.0,2.0,2.0,6.0,2.0,2.0,2.0,0.0,12.0,0.269364560198443,0.269364560198443,0.269364560198443,5.0,-1.0,-1.0,-1.0,6.0,0.269368997273402,-0.7884385004544331,-1.0,0.5182177231046944,-4.730631002726598,0.269368997273402,0.2693654476134348,0.269364560198443,1.98432024592046e-06,1.3468272380671742,0.0,0.0,0.0,6.0,1.0,0.1666666666666666,0.0,0.408248290463863,1.0,1.25,2.5,3.75,6.0,5.0,2.5,0.0,1.8708286933869709,15.0,0.0,0.0,0.0,6.0,0.0,0.0,0.0,0.0,0.0,86.0,86.0,86.0,6.0,86.0,86.0,86.0,0.0,516.0
853513,stu_AHXPD2103M,G,0.0,0.0,0.0,5.0,1.0,0.2,0.0,0.447213595499958,1.0,0.0,0.0,0.0,5.0,1.0,0.2,0.0,0.447213595499958,1.0,0.0,0.0,0.0,5.0,0.0,0.0,0.0,0.0,0.0,0.0,0.0,0.0,5.0,1.0,0.2,0.0,0.447213595499958,1.0,-0.1304018464358468,-0.1303568143600463,-0.1293796150684515,5.0,-0.1293560438449251,-0.1299996551292962,-0.1305039559372112,0.0005792937576179,-0.649998275646481,-0.2164808553982861,-0.216441505091242,-0.2163612785164022,5.0,-0.2163212139298573,-0.2165841272272018,-0.2173157832002215,0.0004138573295818,-1.082920636136009,-0.0434987212657341,-0.0434428775956715,-0.0434152154986405,5.0,-0.0433966117643697,-0.0434631566400443,-0.0435623570758054,6.753403255759972e-05,-0.2173157832002215,1.0,1.0,1.0,5.0,1.0,1.0,1.0,0.0,5.0,0.5,0.5,0.5,5.0,0.5106382978723404,0.502127659574468,0.5,0.0047575914414888,2.5106382978723403,24.0,24.0,24.0,5.0,24.0,24.0,24.0,0.0,120.0,1.0,2.0,2.0,5.0,2.0,1.4,0.0,0.8944271909999159,7.0,2.0,2.0,2.0,5.0,2.0,2.0,2.0,0.0,10.0,,,,0.0,-1.0,-1.0,-1.0,4.0,-1.0,-1.0,-1.0,0.0,-4.0,,,,,,0.0,0.0,0.0,5.0,1.0,0.2,0.0,0.447213595499958,1.0,2.0,3.0,4.0,5.0,4.0,2.8,1.0,1.3038404810405295,14.0,0.0,0.0,0.0,5.0,0.0,0.0,0.0,0.0,0.0,24.0,24.0,24.0,5.0,24.0,24.0,24.0,0.0,120.0
854080,stu_AHXPD2103M,N,0.0,1.0,1.0,7.0,1.0,0.5714285714285714,0.0,0.5345224838248488,4.0,0.0,0.0,1.0,7.0,1.0,0.4285714285714285,0.0,0.5345224838248488,3.0,0.0,0.0,0.0,7.0,0.0,0.0,0.0,0.0,0.0,0.0,0.0,0.0,7.0,0.0,0.0,0.0,0.0,0.0,-0.1306490033767487,-0.1304848976614398,-0.1304613426715384,7.0,-0.1304245085763722,-0.1305610936590966,-0.1307975572792901,0.0001392001283812,-0.9139276556136764,-0.2176342382222033,-0.2174967231846742,-0.2173532666403885,7.0,-0.2172750043341758,-0.2174925859293839,-0.2177013642616535,0.0001702359925906,-1.5224481015056874,-0.0435858795984568,-0.0435207015940087,-0.0434519034911817,7.0,-0.0434087869831334,-0.0435186932626851,-0.0436257980823765,8.668083776821769e-05,-0.3046308528387957,1.5,2.0,3.0,7.0,4.0,2.2857142857142856,1.0,1.1126972805283737,16.0,0.2217180883242589,0.7129186602870813,0.7129186602870813,7.0,0.7129186602870813,0.3278729739709775,-1.0,0.6371820216135188,2.295110817796843,113.75,149.0,149.0,6.0,149.0,116.66666666666669,2.0,59.23737558895285,700.0,0.0,0.0,0.0,7.0,0.0,0.0,0.0,0.0,0.0,1.0,13.0,13.0,7.0,13.0,7.571428571428571,-1.0,6.80336051416609,53.0,0.114714904651972,0.136,0.473170731707317,5.0,-0.442642547674014,0.114714904651972,0.3045853658536585,7.0,0.999964555067641,-0.0230621291315854,-1.0,0.737666550553626,-0.1614349039210979,0.999964555067641,0.3677130192157804,0.114714904651972,0.384892955550878,1.8385650960789024,0.0,1.0,1.0,7.0,1.0,0.5714285714285714,0.0,0.5345224838248488,4.0,1.5,2.0,3.0,7.0,4.0,2.2857142857142856,1.0,1.1126972805283737,16.0,0.0,0.0,0.0,7.0,0.0,0.0,0.0,0.0,0.0,52.0,149.0,149.0,7.0,149.0,99.85714285714286,-1.0,70.01530444940491,699.0
855098,stu_AHXPD2103M,N,0.0,0.0,0.0,8.0,0.0,0.0,0.0,0.0,0.0,1.0,1.0,1.0,8.0,1.0,0.875,0.0,0.3535533905932738,7.0,0.0,0.0,0.0,8.0,1.0,0.125,0.0,0.3535533905932738,1.0,0.0,0.0,0.0,8.0,0.0,0.0,0.0,0.0,0.0,-0.1307290594985259,-0.1307053178219367,-0.1306521608168147,8.0,-0.130561780109526,-0.1306819698107544,-0.1307375902684729,6.247447970716898e-05,-1.0454557584860351,-0.2178702913635928,-0.2178399831856838,-0.2178170450735331,8.0,-0.217750876817959,-0.217837020549118,-0.2179076611683847,5.766692517026483e-05,-1.7426961643929442,-0.043580335815513,-0.0435480552521644,-0.0435346219274618,8.0,-0.0434871953919712,-0.0435526656016695,-0.0435991749373467,3.782988582277563e-05,-0.3484213248133567,0.0,1.0,1.0,8.0,1.0,0.625,0.0,0.5175491695067657,5.0,0.0,0.0,0.1076923076923077,8.0,0.6666666666666666,0.1179487179487179,0.0,0.2327065606791364,0.9435897435897436,0.0,0.0,1.25,8.0,3.0,0.75,0.0,1.164964745021435,6.0,0.0,0.0,0.0,8.0,0.0,0.0,0.0,0.0,0.0,1.0,1.0,1.0,8.0,2.0,1.125,1.0,0.3535533905932738,9.0,0.98823559142032,0.999968299955954,1.0,7.0,0.98823559142032,0.999968299955954,1.0,7.0,1.0,0.9526997241908688,0.692458586539488,0.1150297258124406,6.668898069336082,1.0,0.9526997241908688,0.692458586539488,0.1150297258124406,6.668898069336082,1.0,1.0,1.0,8.0,1.0,1.0,1.0,0.0,8.0,0.0,0.0,0.0,8.0,0.0,0.0,0.0,0.0,0.0,0.75,1.0,1.0,8.0,1.0,0.75,0.0,0.4629100498862757,6.0,0.0,0.0,1.25,8.0,3.0,0.75,0.0,1.164964745021435,6.0
856095,stu_AHXPD2103M,N,0.25,0.5,0.75,2.0,1.0,0.5,0.0,0.7071067811865476,1.0,0.25,0.5,0.75,2.0,1.0,0.5,0.0,0.7071067811865476,1.0,0.0,0.0,0.0,2.0,0.0,0.0,0.0,0.0,0.0,0.0,0.0,0.0,2.0,0.0,0.0,0.0,0.0,0.0,-0.1306343444133572,-0.1305875266388048,-0.1305407088642523,2.0,-0.1304938910896999,-0.1305875266388048,-0.1306811621879097,0.0001324206634644,-0.2611750532776096,-0.2176069089144852,-0.2175352131095924,-0.2174635173046995,2.0,-0.2173918214998067,-0.2175352131095924,-0.217678604719378,0.0002027863592893,-0.4350704262191848,-0.0435334368728355,-0.0435015621501123,-0.0434696874273891,2.0,-0.0434378127046659,-0.0435015621501123,-0.0435653115955587,9.015533034408766e-05,-0.0870031243002246,1.25,1.5,1.75,2.0,2.0,1.5,1.0,0.7071067811865476,3.0,0.2013888888888889,0.2546296296296296,0.3078703703703703,2.0,0.3611111111111111,0.2546296296296296,0.1481481481481481,0.1505875552526906,0.5092592592592593,6.25,8.5,10.75,2.0,13.0,8.5,4.0,6.363961030678928,17.0,0.0,0.0,0.0,2.0,0.0,0.0,0.0,0.0,0.0,2.25,3.5,4.75,2.0,6.0,3.5,1.0,3.5355339059327378,7.0,0.7551452135969587,0.8301234680012894,0.9051017224056204,2.0,0.7551452135969587,0.8301234680012894,0.9051017224056204,2.0,0.980079976809951,0.8301234680012894,0.680166959192628,0.2120705285233295,1.6602469360025789,0.980079976809951,0.8301234680012894,0.680166959192628,0.2120705285233295,1.6602469360025789,1.0,1.0,1.0,2.0,1.0,1.0,1.0,0.0,2.0,2.0,2.0,2.0,2.0,2.0,2.0,2.0,0.0,4.0,0.0,0.0,0.0,2.0,0.0,0.0,0.0,0.0,0.0,6.25,8.5,10.75,2.0,13.0,8.5,4.0,6.363961030678928,17.0
856403,stu_AHXPD2103M,G,0.0,0.0,0.0,8.0,1.0,0.125,0.0,0.3535533905932738,1.0,0.0,0.0,0.25,8.0,1.0,0.25,0.0,0.4629100498862757,2.0,0.0,0.0,0.0,8.0,1.0,0.125,0.0,0.3535533905932738,1.0,0.0,0.0,0.25,8.0,1.0,0.25,0.0,0.4629100498862757,2.0,-0.1307102609607548,-0.1306132407008336,-0.1305961791609395,8.0,-0.1305585009172723,-0.1306428954753355,-0.1307466810984831,7.263718404314152e-05,-1.045143163802685,-0.2177847807438095,-0.2177423379311994,-0.2176673954013029,8.0,-0.2153049890037187,-0.217427811446472,-0.2178252917550424,0.0008636755495373,-1.7394224915717766,-0.0435778683045103,-0.043539646234405,-0.0435023170136756,8.0,-0.0434720331862042,-0.043541464400407,-0.0436248565321254,5.426350318107909e-05,-0.3483317152032563,1.0,2.0,2.0,8.0,3.0,1.75,1.0,0.7071067811865476,14.0,0.6961279461279462,0.7121212121212122,0.7934782608695652,8.0,0.7934782608695652,0.7266368394085785,0.6481481481481481,0.0613612098117873,5.813094715268628,44.0,47.0,73.0,8.0,73.0,53.75,35.0,16.696877381286427,430.0,1.0,1.0,1.0,8.0,2.0,1.125,1.0,0.3535533905932738,9.0,2.0,2.0,4.0,8.0,4.0,2.75,2.0,1.035098339013531,22.0,0.587718980473154,0.587718980473154,0.587718980473154,1.0,-1.0,-1.0,-1.0,8.0,0.587718980473154,-0.8015351274408558,-1.0,0.5613434288555794,-6.412281019526846,0.587718980473154,0.587718980473154,0.587718980473154,,0.587718980473154,0.0,0.0,0.0,8.0,1.0,0.125,0.0,0.3535533905932738,1.0,3.0,3.5,4.0,8.0,4.0,3.5,3.0,0.5345224838248488,28.0,0.0,0.0,0.0,8.0,0.0,0.0,0.0,0.0,0.0,44.0,47.0,73.0,8.0,73.0,53.75,35.0,16.696877381286427,430.0
856797,stu_AHXPD2103M,N,0.0,0.0,0.0,5.0,0.0,0.0,0.0,0.0,0.0,0.0,0.0,1.0,5.0,1.0,0.4,0.0,0.5477225575051662,2.0,0.0,0.0,0.0,5.0,1.0,0.2,0.0,0.447213595499958,1.0,0.0,0.0,0.0,5.0,0.0,0.0,0.0,0.0,0.0,-0.1304380149523873,-0.130394054295838,-0.1301008100935095,5.0,-0.1300553234762085,-0.1303085680264923,-0.1305546373145179,0.0002190380471205,-0.6515428401324614,-0.2171024084329822,-0.2171016941534814,-0.2170711100039472,5.0,-0.2169535136243154,-0.217143271713878,-0.2174876323546638,0.0002019889830603,-1.0857163585693903,-0.0435398248042802,-0.0435050199122412,-0.0434958641477309,5.0,-0.0433931702358659,-0.0434975264709328,-0.0435537532545458,6.30470835523733e-05,-0.217487632354664,0.0,0.0,0.0,5.0,1.0,0.2,0.0,0.447213595499958,1.0,0.7045454545454546,0.75,0.75,5.0,0.75,0.7178932178932179,0.6349206349206349,0.050386378822275,3.589466089466089,9.0,9.0,31.0,5.0,80.0,27.6,9.0,30.80259729308553,138.0,2.0,2.0,2.0,5.0,2.0,1.8,1.0,0.447213595499958,9.0,1.0,1.0,1.0,5.0,4.0,1.6,1.0,1.3416407864998738,8.0,,,,0.0,-1.0,-1.0,-1.0,2.0,-1.0,-1.0,-1.0,0.0,-2.0,,,,,,0.0,0.0,1.0,5.0,1.0,0.4,0.0,0.5477225575051662,2.0,2.0,3.0,3.0,5.0,3.0,2.4,1.0,0.8944271909999159,12.0,0.0,0.0,0.0,5.0,0.0,0.0,0.0,0.0,0.0,9.0,9.0,31.0,5.0,80.0,27.6,9.0,30.80259729308553,138.0
858845,stu_AHXPD2103M,N,0.0,0.0,0.0,6.0,0.0,0.0,0.0,0.0,0.0,1.0,1.0,1.0,6.0,1.0,1.0,1.0,0.0,6.0,0.0,0.0,0.0,6.0,0.0,0.0,0.0,0.0,0.0,0.0,0.0,0.0,6.0,0.0,0.0,0.0,0.0,0.0,-0.1305884681890559,-0.1305507412445136,-0.1305129899495338,6.0,-0.1304839885784388,-0.1305858978650946,-0.1308284661013248,0.0001255234079748,-0.7835153871905678,-0.2177983033534496,-0.2177210394151756,-0.2175650992132509,6.0,-0.2174756844066507,-0.2176971813976072,-0.2179281480031576,0.0001726390711499,-1.3061830883856431,-0.0435748082661944,-0.0435628278509309,-0.0434503775304299,6.0,-0.0433583328765768,-0.0435169083369628,-0.0436257656151264,0.0001051633773333,-0.2611014500217772,0.0,0.0,0.0,6.0,0.0,0.0,0.0,0.0,0.0,0.0,0.1951219512195122,0.4399522799575822,6.0,0.4897959183673469,0.056093593322801,-1.0,0.5624452855287607,0.3365615599368061,0.0,32.0,42.0,5.0,48.0,24.4,0.0,22.995651762887697,122.0,0.0,0.0,0.0,6.0,0.0,0.0,0.0,0.0,0.0,1.0,1.0,1.0,6.0,1.0,0.6666666666666666,-1.0,0.816496580927726,4.0,0.736865082052955,0.736865082052955,0.736865082052955,1.0,-0.5657837294867613,-0.1315674589735225,0.3026488115397162,2.0,0.736865082052955,-0.1315674589735225,-1.0,1.2281490775257735,-0.263134917947045,0.736865082052955,0.736865082052955,0.736865082052955,,0.736865082052955,1.0,1.0,1.0,6.0,1.0,1.0,1.0,0.0,6.0,0.25,1.5,2.75,6.0,3.0,1.5,0.0,1.378404875209022,9.0,0.0,0.0,0.75,6.0,1.0,0.3333333333333333,0.0,0.5163977794943223,2.0,0.0,16.0,39.5,6.0,48.0,20.166666666666668,-1.0,23.03403279208108,121.0
863871,stu_AHXPD2103M,N,0.0,0.0,0.0,5.0,0.0,0.0,0.0,0.0,0.0,1.0,1.0,1.0,5.0,1.0,1.0,1.0,0.0,5.0,0.0,0.0,0.0,5.0,0.0,0.0,0.0,0.0,0.0,0.0,0.0,0.0,5.0,0.0,0.0,0.0,0.0,0.0,-0.1308735955788753,-0.1308735955788753,-0.1308734657098751,5.0,-0.1308726215613742,-0.1308734527229751,-0.1308739851858757,5.038180781229931e-07,-0.6543672636148758,-0.2181234709793764,-0.2181227566998756,-0.2181221073548749,5.0,-0.2181216852806244,-0.2181227631933256,-0.2181237956518768,8.886779201858371e-07,-1.0906138159666283,-0.0436245318596251,-0.043624499392375,-0.0436241097853746,5.0,-0.043623590309374,-0.0436244214709749,-0.043625376008126,6.552434837065231e-07,-0.2181221073548749,0.0,0.0,0.0,5.0,0.0,0.0,0.0,0.0,0.0,0.0,0.0,0.0,5.0,0.0,0.0,0.0,0.0,0.0,0.0,0.0,0.0,5.0,0.0,0.0,0.0,0.0,0.0,0.0,0.0,0.0,5.0,0.0,0.0,0.0,0.0,0.0,1.0,1.0,1.0,5.0,1.0,1.0,1.0,0.0,5.0,1.0,1.0,1.0,5.0,1.0,1.0,1.0,5.0,1.0,1.0,1.0,0.0,5.0,1.0,1.0,1.0,0.0,5.0,1.0,1.0,1.0,5.0,1.0,1.0,1.0,0.0,5.0,0.0,0.0,0.0,5.0,0.0,0.0,0.0,0.0,0.0,0.0,0.0,0.0,5.0,0.0,0.0,0.0,0.0,0.0,0.0,0.0,0.0,5.0,0.0,0.0,0.0,0.0,0.0
867134,stu_AHXPD2103M,N,0.0,0.0,0.0,4.0,0.0,0.0,0.0,0.0,0.0,1.0,1.0,1.0,4.0,1.0,1.0,1.0,0.0,4.0,0.0,0.0,0.0,4.0,0.0,0.0,0.0,0.0,0.0,0.0,0.0,0.0,4.0,0.0,0.0,0.0,0.0,0.0,-0.130250273079052,-0.1293445179711622,-0.1283997453455412,4.0,-0.1282622871256997,-0.129305500453431,-0.1302706787456998,0.0011013842345475,-0.5172220018137241,-0.2154090465400853,-0.2153285926944952,-0.2152787148816268,4.0,-0.2151719382130696,-0.2153591687272169,-0.2156075513068077,0.0001816838967274,-0.8614366749088678,-0.0434283809685303,-0.0433883326156104,-0.0433713035429664,4.0,-0.0433610276583298,-0.0434113518958862,-0.0435077146939942,6.645353718358151e-05,-0.1736454075835451,0.0,0.0,0.25,4.0,1.0,0.25,0.0,0.5,1.0,0.0625,0.0833333333333333,0.1160714285714285,4.0,0.2142857142857142,0.0952380952380952,0.0,0.0885552127159579,0.3809523809523809,0.75,1.0,1.5,4.0,3.0,1.25,0.0,1.2583057392117916,5.0,0.0,0.0,0.0,4.0,0.0,0.0,0.0,0.0,0.0,1.0,1.0,1.0,4.0,1.0,1.0,1.0,0.0,4.0,0.890943396226415,0.890943396226415,0.890943396226415,2.0,0.890943396226415,0.890943396226415,0.890943396226415,2.0,0.890943396226415,0.890943396226415,0.890943396226415,0.0,1.78188679245283,0.890943396226415,0.890943396226415,0.890943396226415,0.0,1.78188679245283,1.0,1.0,1.0,4.0,1.0,1.0,1.0,0.0,4.0,0.0,0.5,1.25,4.0,2.0,0.75,0.0,0.957427107756338,3.0,0.0,0.0,0.0,4.0,0.0,0.0,0.0,0.0,0.0,0.75,1.0,1.5,4.0,3.0,1.25,0.0,1.2583057392117916,5.0
868275,stu_GTIKZ1782H,N,0.0,0.0,0.5,7.0,1.0,0.2857142857142857,0.0,0.4879500364742666,2.0,0.5,1.0,1.0,7.0,1.0,0.7142857142857143,0.0,0.4879500364742666,5.0,0.0,0.0,0.0,7.0,0.0,0.0,0.0,0.0,0.0,0.0,0.0,0.0,7.0,0.0,0.0,0.0,0.0,0.0,-0.2619987203743339,-0.261967403322187,-0.2614978272232359,7.0,-0.2609916537029901,-0.261713955539491,-0.2620455365561201,0.0004818306427737,-1.831997688776437,-0.4366709542523872,-0.4366364666602579,-0.4361292266329615,7.0,-0.4356319213506917,-0.4363649362836383,-0.4366858042038217,0.0004996764876193,-3.0545545539854686,-0.0873512885814459,-0.0873271356744875,-0.0873018351132028,7.0,-0.0863256739613941,-0.0871883224951423,-0.0873592004408168,0.0003813364197676,-0.6103182574659961,1.0,2.0,3.0,7.0,3.0,2.0,1.0,1.0,14.0,0.1612903225806451,0.5888888888888889,0.6291218637992831,7.0,0.6693548387096774,0.2627240143369175,-1.0,0.5997935519094465,1.8390681003584228,17.0,53.0,75.5,6.0,83.0,47.0,5.0,35.19090791667644,282.0,0.0,0.0,0.0,7.0,0.0,0.0,0.0,0.0,0.0,1.0,2.0,2.0,7.0,2.0,1.2857142857142858,-1.0,1.1126972805283737,9.0,0.623981035756476,0.996068811947993,0.9977473095381976,3.0,-1.0,-0.3740533702175205,0.8100249238522346,6.0,0.999425807128402,-0.1254353535597743,-1.0,0.9959970952535966,-0.7526121213586459,0.999425807128402,0.7491292928804514,0.251893259564959,0.4306223077996011,2.247387878641354,0.0,0.0,1.0,7.0,1.0,0.4285714285714285,0.0,0.5345224838248487,3.0,2.5,3.0,3.0,7.0,4.0,2.857142857142857,2.0,0.6900655593423541,20.0,0.0,0.0,0.0,7.0,0.0,0.0,0.0,0.0,0.0,5.0,53.0,68.0,7.0,83.0,40.142857142857146,-1.0,36.89366960798095,281.0
868994,stu_GTIKZ1782H,N,0.0,0.0,0.0,4.0,0.0,0.0,0.0,0.0,0.0,1.0,1.0,1.0,4.0,1.0,1.0,1.0,0.0,4.0,0.0,0.0,0.0,4.0,0.0,0.0,0.0,0.0,0.0,0.0,0.0,0.0,4.0,0.0,0.0,0.0,0.0,0.0,-0.262076268188637,-0.2620762334112332,-0.2620692112737769,4.0,-0.2620481448614082,-0.2620692460511808,-0.2620763725208485,1.406761269424372e-05,-1.0482769842047233,-0.4367942575376587,-0.4367941242242773,-0.4367868905242811,4.0,-0.4367655371983309,-0.4367870238376625,-0.4367943097037644,1.4325005780630802e-05,-1.7471480953506502,-0.0873588410743105,-0.0873586266136536,-0.0873514363854122,4.0,-0.0873303699730435,-0.0873516508460691,-0.0873589801839259,1.4188891499574307e-05,-0.3494066033842767,0.0,0.0,0.0,4.0,0.0,0.0,0.0,0.0,0.0,-0.25,0.0,0.0,4.0,0.0,-0.25,-1.0,0.5,-1.0,0.0,0.0,0.0,3.0,0.0,0.0,0.0,0.0,0.0,0.0,0.5,1.25,4.0,2.0,0.75,0.0,0.957427107756338,3.0,0.5,1.0,1.0,4.0,1.0,0.5,-1.0,1.0,2.0,0.9999999380201604,0.9999999586801068,0.9999999793400536,2.0,-4.1319892951641186e-08,0.999999917360214,0.9999999586801068,3.0,1.0,0.333333305786738,-1.0,1.154700514523201,0.999999917360214,1.0,0.9999999586801068,0.999999917360214,5.8435153086520034e-08,1.9999999173602137,0.75,1.0,1.0,4.0,1.0,0.75,0.0,0.5,3.0,0.0,0.0,0.0,4.0,0.0,0.0,0.0,0.0,0.0,0.75,1.0,1.0,4.0,1.0,0.75,0.0,0.5,3.0,-0.25,0.0,0.0,4.0,0.0,-0.25,-1.0,0.5,-1.0
873689,stu_RNRGS7346P,N,0.0,0.0,0.0,6.0,0.0,0.0,0.0,0.0,0.0,1.0,1.0,1.0,6.0,1.0,1.0,1.0,0.0,6.0,0.0,0.0,0.0,6.0,0.0,0.0,0.0,0.0,0.0,0.0,0.0,0.0,6.0,0.0,0.0,0.0,0.0,0.0,-0.222361479862805,-0.2223326159169522,-0.2223205867854333,6.0,-0.2222893199981728,-0.2223361405818327,-0.2223746134059025,3.217838285466752e-05,-1.3340168434909965,-0.3705743735903298,-0.3705517107662462,-0.3705462185573145,6.0,-0.3705165860007009,-0.3705548598316935,-0.3705828357709392,2.4655955508295404e-05,-2.223329158990161,-0.0741413440309756,-0.074113521067658,-0.0740843884811509,6.0,-0.0740635762926856,-0.0741108719723174,-0.0741493174348391,3.581715819093529e-05,-0.4446652318339044,0.0,0.0,0.0,6.0,0.0,0.0,0.0,0.0,0.0,-0.75,0.0,0.0,6.0,0.0,-0.3333333333333333,-1.0,0.5163977794943223,-2.0,0.0,0.0,0.0,4.0,0.0,0.0,0.0,0.0,0.0,0.0,0.0,0.0,6.0,0.0,0.0,0.0,0.0,0.0,-0.5,1.0,1.0,6.0,1.0,0.3333333333333333,-1.0,1.0327955589886446,2.0,0.9674573929608976,0.9774793122596446,0.9875012315583912,2.0,-1.0,-0.0212822631689245,0.9674573929608976,4.0,0.997523150857138,-0.0112603438701777,-1.0,1.141815504849816,-0.0450413754807109,0.997523150857138,0.9774793122596446,0.957435473662151,0.0283462683865926,1.9549586245192887,1.0,1.0,1.0,6.0,1.0,1.0,1.0,0.0,6.0,0.0,0.0,0.0,6.0,0.0,0.0,0.0,0.0,0.0,0.25,1.0,1.0,6.0,1.0,0.6666666666666666,0.0,0.5163977794943223,4.0,-0.75,0.0,0.0,6.0,0.0,-0.3333333333333333,-1.0,0.5163977794943223,-2.0
877488,stu_AHXLQ6210A,N,0.0,0.0,0.0,6.0,0.0,0.0,0.0,0.0,0.0,1.0,1.0,1.0,6.0,1.0,1.0,1.0,0.0,6.0,0.0,0.0,0.0,6.0,0.0,0.0,0.0,0.0,0.0,0.0,0.0,0.0,6.0,0.0,0.0,0.0,0.0,0.0,-0.1554968033918054,-0.1554040322300128,-0.1553308632769556,6.0,-0.1550700371082274,-0.15537297172535,-0.1555255280455077,0.0001693448224647,-0.9322378303521004,-0.259025280928824,-0.258803753874227,-0.2585525867648757,6.0,-0.258306501709641,-0.2587710519607812,-0.2591443146311444,0.0003325454317094,-1.5526263117646877,-0.0518884650043836,-0.0518002708478513,-0.0517361296431005,6.0,-0.0517233455939253,-0.0518135809895851,-0.0519249863498051,9.149207523007609e-05,-0.3108814859375111,0.0,0.0,0.0,6.0,0.0,0.0,0.0,0.0,0.0,0.0,0.0,0.1666666666666666,6.0,0.4705882352941176,0.1154684095860566,0.0,0.1953654429896006,0.6928104575163399,0.0,0.0,6.0,6.0,14.0,3.6666666666666665,0.0,5.988878581726855,22.0,0.0,0.0,0.0,6.0,0.0,0.0,0.0,0.0,0.0,1.0,1.0,1.0,6.0,1.0,1.0,1.0,0.0,6.0,0.9998506522936372,0.999917122770691,0.999961808660477,6.0,0.9998506522936372,0.999917122770691,0.999961808660477,6.0,0.999978229545788,0.9928421913623908,0.957435473662151,0.0173457645857491,5.957053148174346,0.999978229545788,0.9928421913623908,0.957435473662151,0.0173457645857491,5.957053148174346,1.0,1.0,1.0,6.0,1.0,1.0,1.0,0.0,6.0,0.0,0.0,0.0,6.0,0.0,0.0,0.0,0.0,0.0,0.0,0.0,0.0,6.0,0.0,0.0,0.0,0.0,0.0,0.0,0.0,6.0,6.0,14.0,3.6666666666666665,0.0,5.988878581726855,22.0
878650,stu_AHXLQ6210A,N,0.0,0.0,0.0,1.0,0.0,0.0,0.0,,0.0,1.0,1.0,1.0,1.0,1.0,1.0,1.0,,1.0,0.0,0.0,0.0,1.0,0.0,0.0,0.0,,0.0,0.0,0.0,0.0,1.0,0.0,0.0,0.0,,0.0,-0.1554324096626265,-0.1554324096626265,-0.1554324096626265,1.0,-0.1554324096626265,-0.1554324096626265,-0.1554324096626265,,-0.1554324096626265,-0.2591530267239156,-0.2591530267239156,-0.2591530267239156,1.0,-0.2591530267239156,-0.2591530267239156,-0.2591530267239156,,-0.2591530267239156,-0.0516703785951202,-0.0516703785951202,-0.0516703785951202,1.0,-0.0516703785951202,-0.0516703785951202,-0.0516703785951202,,-0.0516703785951202,0.0,0.0,0.0,1.0,0.0,0.0,0.0,,0.0,0.36,0.36,0.36,1.0,0.36,0.36,0.36,,0.36,9.0,9.0,9.0,1.0,9.0,9.0,9.0,,9.0,3.0,3.0,3.0,1.0,3.0,3.0,3.0,,3.0,2.0,2.0,2.0,1.0,2.0,2.0,2.0,,2.0,,,,0.0,-1.0,-1.0,-1.0,1.0,-1.0,-1.0,-1.0,,-1.0,,,,,,0.0,0.0,0.0,1.0,0.0,0.0,0.0,,0.0,5.0,5.0,5.0,1.0,5.0,5.0,5.0,,5.0,0.0,0.0,0.0,1.0,0.0,0.0,0.0,,0.0,9.0,9.0,9.0,1.0,9.0,9.0,9.0,,9.0
879819,stu_AHXLQ6210A,N,0.0,0.0,0.0,8.0,0.0,0.0,0.0,0.0,0.0,0.0,0.0,1.0,8.0,1.0,0.375,0.0,0.5175491695067657,3.0,0.0,0.0,1.0,8.0,1.0,0.375,0.0,0.5175491695067657,3.0,0.0,0.0,0.0,8.0,1.0,0.125,0.0,0.3535533905932738,1.0,-0.1556074564396665,-0.1554704461546169,-0.1553733505119922,8.0,-0.1552230037805809,-0.1554641646094666,-0.1556280529633377,0.0001551638552643,-1.2437133168757333,-0.2591894533726767,-0.2590274905175703,-0.258934372134689,8.0,-0.258892295251848,-0.259072826543812,-0.2593520159732999,0.0001722538075061,-2.072582612350496,-0.0518766279218139,-0.051846230293775,-0.0518019438221878,8.0,-0.0517275753780968,-0.0518318521841471,-0.051894935942855,6.125607072841925e-05,-0.4146548174731771,1.75,2.0,2.25,8.0,3.0,2.0,1.0,0.7559289460184544,16.0,0.6192660550458715,0.6201780415430267,0.6508995327102804,8.0,0.655,0.6322108698130052,0.6192660550458715,0.0174479538994951,5.057686958504042,134.0,135.0,156.5,8.0,209.0,153.0,131.0,34.65750794767069,1224.0,0.0,0.0,0.0,8.0,1.0,0.125,0.0,0.3535533905932738,1.0,1.75,2.5,3.0,8.0,3.0,2.25,1.0,0.8864052604279183,18.0,,,,0.0,-1.0,-1.0,-1.0,5.0,-1.0,-1.0,-1.0,0.0,-5.0,,,,,,0.0,0.5,1.0,8.0,1.0,0.5,0.0,0.5345224838248488,4.0,2.0,2.0,3.0,8.0,3.0,2.25,1.0,0.7071067811865476,18.0,0.0,0.0,0.0,8.0,0.0,0.0,0.0,0.0,0.0,134.0,135.0,156.5,8.0,209.0,153.0,131.0,34.65750794767069,1224.0
882218,stu_AHXLQ6210A,N,0.0,0.0,0.0,4.0,0.0,0.0,0.0,0.0,0.0,1.0,1.0,1.0,4.0,1.0,1.0,1.0,0.0,4.0,0.0,0.0,0.0,4.0,0.0,0.0,0.0,0.0,0.0,0.0,0.0,0.0,4.0,0.0,0.0,0.0,0.0,0.0,-0.1552250397587829,-0.1551259081379562,-0.1550431906049594,4.0,-0.1549810222473036,-0.1551423222257861,-0.1553364503799285,0.0001548428936982,-0.6205692889031446,-0.2585619932998244,-0.2585206424247144,-0.2578943502773423,4.0,-0.2561149053288113,-0.2579357011524523,-0.2585866144315693,0.0012145637268038,-1.0317428046098094,-0.0517271176775708,-0.0516237562725726,-0.0515581946179134,4.0,-0.0514858463692477,-0.0516615560229117,-0.0519128651772538,0.0001828690665813,-0.2066462240916468,0.0,0.0,0.0,4.0,0.0,0.0,0.0,0.0,0.0,0.175,0.2572916666666667,0.3413722826086957,4.0,0.5217391304347826,0.259080615942029,0.0,0.2139054814193121,1.036322463768116,5.25,8.0,12.75,4.0,24.0,10.0,0.0,10.099504938362076,40.0,0.0,0.0,0.0,4.0,0.0,0.0,0.0,0.0,0.0,1.0,1.0,1.0,4.0,1.0,1.0,1.0,0.0,4.0,0.9869961447298125,0.9946207748854924,0.9999538939386258,4.0,0.9869961447298125,0.9946207748854924,0.9999538939386258,4.0,0.999995528550847,0.9923292637829456,0.980079976809951,0.0095900528244137,3.969317055131783,0.999995528550847,0.9923292637829456,0.980079976809951,0.0095900528244137,3.969317055131783,1.0,1.0,1.0,4.0,1.0,1.0,1.0,0.0,4.0,0.0,0.0,0.0,4.0,0.0,0.0,0.0,0.0,0.0,0.0,0.0,0.0,4.0,0.0,0.0,0.0,0.0,0.0,5.25,8.0,12.75,4.0,24.0,10.0,0.0,10.099504938362076,40.0
886226,stu_AHXLQ6210A,N,0.0,0.0,0.0,8.0,0.0,0.0,0.0,0.0,0.0,1.0,1.0,1.0,8.0,1.0,0.875,0.0,0.3535533905932738,7.0,0.0,0.0,0.0,8.0,1.0,0.125,0.0,0.3535533905932738,1.0,0.0,0.0,0.0,8.0,0.0,0.0,0.0,0.0,0.0,-0.1555476239329711,-0.1555053576568091,-0.1553754496213013,8.0,-0.1552527385319959,-0.1554960537099093,-0.155841941153983,0.000177987998738,-1.2439684296792746,-0.2591753277874769,-0.2590638540352242,-0.2588589146790016,8.0,-0.258450377502581,-0.2590118182202481,-0.2595266997464745,0.0003655853326888,-2.072094545761985,-0.0520105289998418,-0.0518346457356335,-0.0517660064395063,8.0,-0.0516736614126862,-0.0518605137067424,-0.0520110971798052,0.0001351464672307,-0.4148841096539397,1.0,1.0,1.25,8.0,2.0,1.125,0.0,0.6408699444616557,9.0,0.0,0.0,0.125,8.0,0.5,0.125,0.0,0.2314550249431378,1.0,0.0,0.0,0.25,8.0,1.0,0.25,0.0,0.4629100498862757,2.0,0.0,0.0,0.0,8.0,0.0,0.0,0.0,0.0,0.0,1.0,1.0,1.25,8.0,2.0,1.25,1.0,0.4629100498862757,10.0,0.7444918596420268,0.7992867495870835,0.8540816395321402,2.0,-0.1551515151515149,0.68969696969697,0.7992867495870835,3.0,0.908876529477197,0.1995244997247223,-1.0,1.0445832608922314,0.598573499174167,0.908876529477197,0.7992867495870835,0.68969696969697,0.1549833530180807,1.598573499174167,1.0,1.0,1.0,8.0,1.0,0.875,0.0,0.3535533905932738,7.0,1.0,1.0,2.0,8.0,2.0,1.25,0.0,0.7071067811865476,10.0,1.0,1.0,1.0,8.0,1.0,0.875,0.0,0.3535533905932738,7.0,0.0,0.0,0.25,8.0,1.0,0.25,0.0,0.4629100498862757,2.0
895092,stu_AHXLQ6210A,N,0.0,0.0,0.0,3.0,0.0,0.0,0.0,0.0,0.0,1.0,1.0,1.0,3.0,1.0,1.0,1.0,0.0,3.0,0.0,0.0,0.0,3.0,0.0,0.0,0.0,0.0,0.0,0.0,0.0,0.0,3.0,0.0,0.0,0.0,0.0,0.0,-0.1546406824492609,-0.1543445344261449,-0.1543417566574352,3.0,-0.1543389788887255,-0.1545401145957491,-0.1549368304723769,0.0003435772563418,-0.4636203437872475,-0.2583623096082628,-0.2583616782971923,-0.2582818174467891,3.0,-0.2582019565963858,-0.2583088586043038,-0.2583629409193331,9.258200703340766e-05,-0.7749265758129114,-0.0519314888538301,-0.051850365381286,-0.0514621090730014,3.0,-0.0510738527647167,-0.0516456101574589,-0.0520126123263741,0.0005017578150005,-0.1549368304723769,0.0,0.0,0.0,3.0,0.0,0.0,0.0,0.0,0.0,-0.2,0.6,0.6,3.0,0.6,0.0666666666666666,-1.0,0.9237604307034012,0.1999999999999999,57.0,57.0,57.0,2.0,57.0,57.0,57.0,0.0,114.0,0.0,0.0,0.0,3.0,0.0,0.0,0.0,0.0,0.0,0.0,1.0,1.0,3.0,1.0,0.3333333333333333,-1.0,1.1547005383792517,1.0,0.774984939098219,0.774984939098219,0.774984939098219,2.0,-0.1125075304508905,0.774984939098219,0.774984939098219,3.0,0.774984939098219,0.1833232927321459,-1.0,1.0247880323958882,0.549969878196438,0.774984939098219,0.774984939098219,0.774984939098219,0.0,1.549969878196438,0.5,1.0,1.0,3.0,1.0,0.6666666666666666,0.0,0.5773502691896258,2.0,0.5,1.0,1.0,3.0,1.0,0.6666666666666666,0.0,0.5773502691896258,2.0,0.0,0.0,0.0,3.0,0.0,0.0,0.0,0.0,0.0,28.0,57.0,57.0,3.0,57.0,37.66666666666666,-1.0,33.48631561299829,113.0
896565,stu_AHXLQ6210A,N,0.0,0.0,0.0,2.0,0.0,0.0,0.0,0.0,0.0,1.0,1.0,1.0,2.0,1.0,1.0,1.0,0.0,2.0,0.0,0.0,0.0,2.0,0.0,0.0,0.0,0.0,0.0,0.0,0.0,0.0,2.0,0.0,0.0,0.0,0.0,0.0,-0.1484441591173677,-0.1483404820568343,-0.1482368049963009,2.0,-0.1481331279357675,-0.1483404820568343,-0.1485478361779011,0.0002932430102266,-0.2966809641136687,1.442650666430682,1.4426743721613748,1.4426980778920675,2.0,1.4427217836227604,1.4426743721613748,1.442626960699989,6.704993170351326e-05,2.8853487443227497,-0.0500521862767414,-0.0485079836158113,-0.0469637809548811,2.0,-0.045419578293951,-0.0485079836158113,-0.0515963889376715,0.00436766469228,-0.0970159672316226,0.0,0.0,0.0,2.0,0.0,0.0,0.0,0.0,0.0,0.0,0.0,0.0,2.0,0.0,0.0,0.0,0.0,0.0,0.0,0.0,0.0,2.0,0.0,0.0,0.0,0.0,0.0,0.25,0.5,0.75,2.0,1.0,0.5,0.0,0.7071067811865476,1.0,1.0,1.0,1.0,2.0,1.0,1.0,1.0,0.0,2.0,,,,0.0,,,,0.0,,,,,,,,,,,1.0,1.0,1.0,2.0,1.0,1.0,1.0,0.0,2.0,0.0,0.0,0.0,2.0,0.0,0.0,0.0,0.0,0.0,1.0,1.0,1.0,2.0,1.0,1.0,1.0,0.0,2.0,0.0,0.0,0.0,2.0,0.0,0.0,0.0,0.0,0.0
896599,stu_AHXLQ6210A,N,0.0,0.0,0.0,1.0,0.0,0.0,0.0,,0.0,1.0,1.0,1.0,1.0,1.0,1.0,1.0,,1.0,0.0,0.0,0.0,1.0,0.0,0.0,0.0,,0.0,0.0,0.0,0.0,1.0,0.0,0.0,0.0,,0.0,-0.1549009720035792,-0.1549009720035792,-0.1549009720035792,1.0,-0.1549009720035792,-0.1549009720035792,-0.1549009720035792,,-0.1549009720035792,-0.2573895855110187,-0.2573895855110187,-0.2573895855110187,1.0,-0.2573895855110187,-0.2573895855110187,-0.2573895855110187,,-0.2573895855110187,-0.0517482192500983,-0.0517482192500983,-0.0517482192500983,1.0,-0.0517482192500983,-0.0517482192500983,-0.0517482192500983,,-0.0517482192500983,0.0,0.0,0.0,1.0,0.0,0.0,0.0,,0.0,0.263803680981595,0.263803680981595,0.263803680981595,1.0,0.263803680981595,0.263803680981595,0.263803680981595,,0.263803680981595,43.0,43.0,43.0,1.0,43.0,43.0,43.0,,43.0,0.0,0.0,0.0,1.0,0.0,0.0,0.0,,0.0,1.0,1.0,1.0,1.0,1.0,1.0,1.0,,1.0,,,,0.0,,,,0.0,,,,,,,,,,,1.0,1.0,1.0,1.0,1.0,1.0,1.0,,1.0,1.0,1.0,1.0,1.0,1.0,1.0,1.0,,1.0,0.0,0.0,0.0,1.0,0.0,0.0,0.0,,0.0,43.0,43.0,43.0,1.0,43.0,43.0,43.0,,43.0
897363,stu_AHXLQ6210A,N,0.0,0.0,1.0,5.0,1.0,0.4,0.0,0.5477225575051662,2.0,0.0,1.0,1.0,5.0,1.0,0.6,0.0,0.5477225575051662,3.0,0.0,0.0,0.0,5.0,0.0,0.0,0.0,0.0,0.0,0.0,0.0,0.0,5.0,0.0,0.0,0.0,0.0,0.0,-0.155605388895911,-0.1555765379799946,-0.1555716768847526,5.0,-0.1554396697399358,-0.1555645178172145,-0.1556293155854785,7.357305010543133e-05,-0.7778225890860726,-0.2593528998087985,-0.2592582662793483,-0.2591493019886004,5.0,-0.2591141379619801,-0.2592460314708043,-0.2593555513152941,0.0001121579454833,-1.2962301573540214,-0.0518972086627083,-0.051850302250179,-0.0518480926614327,5.0,-0.0518263755606115,-0.0518705799617597,-0.0519309206738667,4.248818246175192e-05,-0.2593528998087985,2.0,2.0,3.0,5.0,3.0,2.4,2.0,0.5477225575051661,12.0,0.25,0.5,0.5,5.0,0.5,0.15,-1.0,0.6519202405202649,0.75,4.75,6.0,6.0,4.0,6.0,4.75,1.0,2.5,19.0,0.0,0.0,0.0,5.0,0.0,0.0,0.0,0.0,0.0,1.0,3.0,3.0,5.0,3.0,1.8,-1.0,1.7888543819998317,9.0,,,,0.0,-1.0,-1.0,-1.0,3.0,-1.0,-1.0,-1.0,0.0,-3.0,,,,,,0.0,1.0,1.0,5.0,1.0,0.6,0.0,0.5477225575051662,3.0,2.0,2.0,3.0,5.0,3.0,2.4,2.0,0.5477225575051661,12.0,0.0,0.0,0.0,5.0,0.0,0.0,0.0,0.0,0.0,1.0,6.0,6.0,5.0,6.0,3.6,-1.0,3.361547262794322,18.0
898492,stu_AHXLQ6210A,N,0.0,0.0,0.0,3.0,0.0,0.0,0.0,0.0,0.0,1.0,1.0,1.0,3.0,1.0,1.0,1.0,0.0,3.0,0.0,0.0,0.0,3.0,0.0,0.0,0.0,0.0,0.0,0.0,0.0,0.0,3.0,0.0,0.0,0.0,0.0,0.0,-0.1550795383398358,-0.1550640396530579,-0.1546428604724529,3.0,-0.1542216812918478,-0.1547935859905065,-0.1550950370266137,0.0004955264347668,-0.4643807579715194,-0.2584053650232628,-0.258187436441767,-0.2581805867166534,3.0,-0.2581737369915398,-0.2583281556793551,-0.2586232936047585,0.000255688707206,-0.7749844670380654,-0.0519822778294423,-0.0519792159707509,-0.0515548486692404,3.0,-0.0511304813677299,-0.0516983456755381,-0.0519853396881336,0.0004917944479561,-0.1550950370266146,0.0,0.0,0.0,3.0,0.0,0.0,0.0,0.0,0.0,0.1527777777777778,0.25,0.2788461538461538,3.0,0.3076923076923077,0.2044159544159544,0.0555555555555555,0.1321047476564478,0.6132478632478633,3.5,6.0,7.0,3.0,8.0,5.0,1.0,3.605551275463989,15.0,0.0,0.0,0.0,3.0,0.0,0.0,0.0,0.0,0.0,1.0,1.0,1.0,3.0,1.0,1.0,1.0,0.0,3.0,1.0,1.0,1.0,3.0,1.0,1.0,1.0,3.0,1.0,1.0,1.0,0.0,3.0,1.0,1.0,1.0,0.0,3.0,1.0,1.0,1.0,3.0,1.0,1.0,1.0,0.0,3.0,0.0,0.0,0.0,3.0,0.0,0.0,0.0,0.0,0.0,0.0,0.0,0.0,3.0,0.0,0.0,0.0,0.0,0.0,3.5,6.0,7.0,3.0,8.0,5.0,1.0,3.605551275463989,15.0
901724,stu_AHXLQ6210A,N,0.0,0.0,0.5,3.0,1.0,0.3333333333333333,0.0,0.5773502691896258,1.0,0.5,1.0,1.0,3.0,1.0,0.6666666666666666,0.0,0.5773502691896258,2.0,0.0,0.0,0.0,3.0,0.0,0.0,0.0,0.0,0.0,0.0,0.0,0.0,3.0,0.0,0.0,0.0,0.0,0.0,-0.1555053576568082,-0.15549434127863,-0.155469593884671,3.0,-0.1554448464907121,-0.1554851872681095,-0.1555163740349863,3.663187585877613e-05,-0.4664555618043285,-0.2591831402619728,-0.2591115495865916,-0.2591019220927683,3.0,-0.2590922945989449,-0.2591528583742968,-0.2592547309373541,8.874797442874792e-05,-0.7774585751228906,-0.0518951569017296,-0.0518911480764327,-0.0518086041539803,3.0,-0.0517260602315279,-0.0518387913449957,-0.0518991657270265,9.771027908070645e-05,-0.1555163740349872,2.5,3.0,3.5,3.0,4.0,3.0,2.0,1.0,9.0,-0.1363636363636363,0.7272727272727273,0.7272727272727273,3.0,0.7272727272727273,0.1515151515151515,-1.0,0.9972413740548082,0.4545454545454546,8.0,8.0,8.0,2.0,8.0,8.0,8.0,0.0,16.0,0.0,0.0,0.0,3.0,0.0,0.0,0.0,0.0,0.0,1.5,4.0,4.0,3.0,4.0,2.333333333333333,-1.0,2.886751345948129,7.0,,,,0.0,-1.0,-1.0,-1.0,3.0,-1.0,-1.0,-1.0,0.0,-3.0,,,,,,0.0,0.0,0.5,3.0,1.0,0.3333333333333333,0.0,0.5773502691896258,1.0,3.0,3.0,3.5,3.0,4.0,3.333333333333333,3.0,0.5773502691896258,10.0,0.0,0.0,0.0,3.0,0.0,0.0,0.0,0.0,0.0,3.5,8.0,8.0,3.0,8.0,5.0,-1.0,5.196152422706632,15.0
904067,stu_AHXLQ6210A,N,0.0,0.0,0.0,8.0,0.0,0.0,0.0,0.0,0.0,1.0,1.0,1.0,8.0,1.0,1.0,1.0,0.0,8.0,0.0,0.0,0.0,8.0,0.0,0.0,0.0,0.0,0.0,0.0,0.0,0.0,8.0,0.0,0.0,0.0,0.0,0.0,-0.1558922882118424,-0.1557986647801048,-0.1555855657282975,8.0,-0.154961009686369,-0.1556911840703723,-0.1560351854726233,0.0003381486705831,-1.2455294725629789,-0.2597402091504776,-0.2595276151475266,-0.258812355487561,8.0,-0.2583863625600442,-0.2593031840620059,-0.2599155242347225,0.0005695327206526,-2.074425472496048,-0.0520118389703129,-0.0519592665409269,-0.0518198572738098,8.0,-0.0513778921762125,-0.0518595667401368,-0.0520126123263741,0.0002271189053579,-0.4148765339210951,0.0,0.0,0.0,8.0,0.0,0.0,0.0,0.0,0.0,0.0,0.0,0.0416666666666666,8.0,0.6240601503759399,0.0988408521303258,0.0,0.2200885330517916,0.7907268170426065,0.0,0.0,0.5,8.0,83.0,10.625,0.0,29.2522892877024,85.0,0.0,0.0,0.0,8.0,0.0,0.0,0.0,0.0,0.0,1.0,1.0,1.0,8.0,1.0,1.0,1.0,0.0,8.0,0.9950540627962776,0.99670268429775,0.9983513057992224,2.0,-0.0032972793525974,0.993405441294805,0.99670268429775,3.0,0.999999927300695,0.3311351228651666,-1.0,1.1528015476678402,0.9934053685955,0.999999927300695,0.99670268429775,0.993405441294805,0.0046630057732045,1.9934053685955,1.0,1.0,1.0,8.0,1.0,0.875,0.0,0.3535533905932738,7.0,0.0,0.0,0.0,8.0,0.0,0.0,0.0,0.0,0.0,0.0,0.5,1.0,8.0,1.0,0.5,0.0,0.5345224838248488,4.0,0.0,0.0,0.5,8.0,83.0,10.625,0.0,29.2522892877024,85.0
904735,stu_KXJSL1573I,N,0.0,0.0,0.0,1.0,0.0,0.0,0.0,,0.0,1.0,1.0,1.0,1.0,1.0,1.0,1.0,,1.0,0.0,0.0,0.0,1.0,0.0,0.0,0.0,,0.0,0.0,0.0,0.0,1.0,0.0,0.0,0.0,,0.0,-0.171429371733567,-0.171429371733567,-0.171429371733567,1.0,-0.171429371733567,-0.171429371733567,-0.171429371733567,,-0.171429371733567,-0.2899647357953409,-0.2899647357953409,-0.2899647357953409,1.0,-0.2899647357953409,-0.2899647357953409,-0.2899647357953409,,-0.2899647357953409,-0.0592885410253858,-0.0592885410253858,-0.0592885410253858,1.0,-0.0592885410253858,-0.0592885410253858,-0.0592885410253858,,-0.0592885410253858,2.0,2.0,2.0,1.0,2.0,2.0,2.0,,2.0,0.4347826086956521,0.4347826086956521,0.4347826086956521,1.0,0.4347826086956521,0.4347826086956521,0.4347826086956521,,0.4347826086956521,50.0,50.0,50.0,1.0,50.0,50.0,50.0,,50.0,0.0,0.0,0.0,1.0,0.0,0.0,0.0,,0.0,3.0,3.0,3.0,1.0,3.0,3.0,3.0,,3.0,,,,0.0,-1.0,-1.0,-1.0,1.0,-1.0,-1.0,-1.0,,-1.0,,,,,,0.0,0.0,0.0,1.0,0.0,0.0,0.0,,0.0,2.0,2.0,2.0,1.0,2.0,2.0,2.0,,2.0,0.0,0.0,0.0,1.0,0.0,0.0,0.0,,0.0,50.0,50.0,50.0,1.0,50.0,50.0,50.0,,50.0
907471,stu_KXJSL1573I,N,0.0,0.0,0.0,4.0,0.0,0.0,0.0,0.0,0.0,1.0,1.0,1.0,4.0,1.0,1.0,1.0,0.0,4.0,0.0,0.0,0.0,4.0,0.0,0.0,0.0,0.0,0.0,0.0,0.0,0.0,4.0,0.0,0.0,0.0,0.0,0.0,-0.1774024036413976,-0.177254422446578,-0.1770890801501831,4.0,-0.1770271128911409,-0.1772370613450027,-0.177412287595714,0.0001976982545733,-0.708948245380011,-0.2954606208782384,-0.2920857425375138,-0.2886642577152344,4.0,-0.2884758528587678,-0.292039136055959,-0.2955092062900405,0.0039709035337674,-1.168156544223836,-0.0591618894895564,-0.0590573805786566,-0.0589984726388076,4.0,-0.0589949747458839,-0.0591029815497073,-0.0593021902956323,0.0001439638412072,-0.2364119261988295,0.0,0.0,0.0,4.0,0.0,0.0,0.0,0.0,0.0,0.0394736842105263,0.0526315789473684,0.0526315789473684,4.0,0.0526315789473684,0.0394736842105263,0.0,0.0263157894736842,0.1578947368421052,0.75,1.0,1.0,4.0,1.0,0.75,0.0,0.5,3.0,0.0,0.0,0.0,4.0,0.0,0.0,0.0,0.0,0.0,1.0,1.0,1.0,4.0,1.0,1.0,1.0,0.0,4.0,,,,0.0,,,,0.0,,,,,,,,,,,1.0,1.0,1.0,4.0,1.0,1.0,1.0,0.0,4.0,0.0,0.0,0.0,4.0,0.0,0.0,0.0,0.0,0.0,0.0,0.0,0.0,4.0,0.0,0.0,0.0,0.0,0.0,0.75,1.0,1.0,4.0,1.0,0.75,0.0,0.5,3.0
907603,stu_KXJSL1573I,N,0.0,0.0,0.0,3.0,0.0,0.0,0.0,0.0,0.0,1.0,1.0,1.0,3.0,1.0,1.0,1.0,0.0,3.0,0.0,0.0,0.0,3.0,0.0,0.0,0.0,0.0,0.0,0.0,0.0,0.0,3.0,0.0,0.0,0.0,0.0,0.0,-0.1772980658812219,-0.1766039855135,-0.1765543304096723,3.0,-0.1765046753058446,-0.1770336023560962,-0.1779921462489438,0.0008316071339417,-0.5311008070682885,-0.2952453560550094,-0.2952448212089966,-0.2952060983576704,3.0,-0.2951673755063442,-0.2952193625387877,-0.2952458909010222,4.5025267539099344e-05,-0.8856580876163631,-0.0593502194675811,-0.0593294460484442,-0.0593105766811129,3.0,-0.0592917073137815,-0.0593307154163146,-0.059370992886718,3.9658025544124506e-05,-0.1779921462489438,1.0,1.0,1.0,3.0,1.0,1.0,1.0,0.0,3.0,0.0,0.0,0.25,3.0,0.5,0.1666666666666666,0.0,0.2886751345948129,0.5,0.0,0.0,0.5,3.0,1.0,0.3333333333333333,0.0,0.5773502691896258,1.0,0.0,0.0,0.0,3.0,0.0,0.0,0.0,0.0,0.0,1.0,1.0,1.0,3.0,1.0,1.0,1.0,0.0,3.0,,,,0.0,,,,0.0,,,,,,,,,,,0.5,1.0,1.0,3.0,1.0,0.6666666666666666,0.0,0.5773502691896258,2.0,1.0,1.0,1.0,3.0,1.0,1.0,1.0,0.0,3.0,0.0,0.0,0.5,3.0,1.0,0.3333333333333333,0.0,0.5773502691896258,1.0,0.0,0.0,0.5,3.0,1.0,0.3333333333333333,0.0,0.5773502691896258,1.0
907954,stu_KXJSL1573I,N,0.0,0.0,0.0,3.0,0.0,0.0,0.0,0.0,0.0,1.0,1.0,1.0,3.0,1.0,1.0,1.0,0.0,3.0,0.0,0.0,0.0,3.0,0.0,0.0,0.0,0.0,0.0,0.0,0.0,0.0,3.0,0.0,0.0,0.0,0.0,0.0,-0.1773577546962496,-0.1770331887418462,-0.1770298940904074,3.0,-0.1770265994389686,-0.1772473696104893,-0.177682320650653,0.0003766930583813,-0.531742108831468,-0.2952762487607084,-0.2951645087317157,-0.2951407401749071,3.0,-0.2951169716180986,-0.2952231563798385,-0.2953879887897011,0.0001447143282422,-0.8856694691395155,-0.0591559420018941,-0.0589428165627163,-0.0588287659989483,3.0,-0.0587147154351803,-0.0590088664796562,-0.0593690674410719,0.0003321386465761,-0.1770265994389686,0.0,0.0,0.5,3.0,1.0,0.3333333333333333,0.0,0.5773502691896258,1.0,0.0,0.0,0.0967741935483871,3.0,0.1935483870967742,0.064516129032258,0.0,0.1117452133915404,0.1935483870967742,0.0,0.0,12.0,3.0,24.0,8.0,0.0,13.856406460551018,24.0,0.0,0.0,0.0,3.0,0.0,0.0,0.0,0.0,0.0,1.0,1.0,1.0,3.0,1.0,1.0,1.0,0.0,3.0,,,,0.0,,,,0.0,,,,,,,,,,,1.0,1.0,1.0,3.0,1.0,1.0,1.0,0.0,3.0,0.5,1.0,1.0,3.0,1.0,0.6666666666666666,0.0,0.5773502691896258,2.0,1.0,1.0,1.0,3.0,1.0,1.0,1.0,0.0,3.0,0.0,0.0,12.0,3.0,24.0,8.0,0.0,13.856406460551018,24.0
909790,stu_KXJSL1573I,N,0.5,1.0,1.0,3.0,1.0,0.6666666666666666,0.0,0.5773502691896258,2.0,0.0,0.0,0.5,3.0,1.0,0.3333333333333333,0.0,0.5773502691896258,1.0,0.0,0.0,0.0,3.0,0.0,0.0,0.0,0.0,0.0,0.0,0.0,0.0,3.0,0.0,0.0,0.0,0.0,0.0,-0.1763579991352962,-0.1762118364169201,-0.1756075673916664,3.0,-0.1750032983664128,-0.1759064322123351,-0.1765041618536723,0.0007956768175464,-0.5277192966370053,-0.2935504076466275,-0.2934787596747538,-0.2932510436363469,3.0,-0.2930233275979401,-0.2933747142970651,-0.2936220556185013,0.0003126305984945,-0.8801241428911952,-0.0590100146157636,-0.0588794907948016,-0.0585356489900972,3.0,-0.0581918071853927,-0.05873727880564,-0.0591405384367257,0.000490092781226,-0.1762118364169201,1.0,1.0,1.5,3.0,2.0,1.3333333333333333,1.0,0.5773502691896257,4.0,0.2702702702702703,0.2702702702702703,0.3362845604224914,3.0,0.4022988505747126,0.3142797970384177,0.2702702702702703,0.0762267363794939,0.9428393911152532,20.0,20.0,27.5,3.0,35.0,25.0,20.0,8.660254037844387,75.0,0.0,0.0,0.0,3.0,0.0,0.0,0.0,0.0,0.0,1.5,2.0,2.0,3.0,2.0,1.6666666666666667,1.0,0.5773502691896257,5.0,,,,0.0,-1.0,-1.0,-1.0,1.0,-1.0,-1.0,-1.0,,-1.0,,,,,,0.5,1.0,1.0,3.0,1.0,0.6666666666666666,0.0,0.5773502691896258,2.0,0.5,1.0,1.0,3.0,1.0,0.6666666666666666,0.0,0.5773502691896258,2.0,0.0,0.0,0.0,3.0,0.0,0.0,0.0,0.0,0.0,20.0,20.0,27.5,3.0,35.0,25.0,20.0,8.660254037844387,75.0
910259,stu_KXJSL1573I,N,0.0,0.0,0.0,3.0,0.0,0.0,0.0,0.0,0.0,1.0,1.0,1.0,3.0,1.0,1.0,1.0,0.0,3.0,0.0,0.0,0.0,3.0,0.0,0.0,0.0,0.0,0.0,0.0,0.0,0.0,3.0,0.0,0.0,0.0,0.0,0.0,-0.1770989748014198,-0.176998145631088,3.691201041573319,3.0,7.559400228777726,2.4017340930582955,-0.1771998039717515,4.466669898909788,7.205202279174887,7.441093201175734,7.4412937256428515,7.441385890307776,3.0,7.4414780549727,7.441221485774723,7.440892676708618,0.0002993006463832,22.32366445732417,-0.0591721799268425,-0.0590667296869602,-0.0589610869025133,3.0,-0.0588554441180664,-0.0590666013239172,-0.0592776301667248,0.0002110930536001,-0.1771998039717516,0.0,0.0,0.0,3.0,0.0,0.0,0.0,0.0,0.0,0.1007751937984496,0.2015503875968992,0.2802623732856291,3.0,0.358974358974359,0.1868415821904193,0.0,0.1799386265303457,0.5605247465712582,7.0,14.0,20.0,3.0,26.0,13.333333333333334,0.0,13.012814197295423,40.0,0.0,0.0,0.0,3.0,0.0,0.0,0.0,0.0,0.0,1.0,1.0,1.0,3.0,1.0,1.0,1.0,0.0,3.0,0.9995973498097016,0.999731551367684,0.9998657529256664,2.0,0.9995973498097016,0.999731551367684,0.9998657529256664,2.0,0.999999954483649,0.999731551367684,0.999463148251719,0.0003795793267808,1.999463102735368,0.999999954483649,0.999731551367684,0.999463148251719,0.0003795793267808,1.999463102735368,1.0,1.0,1.0,3.0,1.0,1.0,1.0,0.0,3.0,0.0,0.0,0.0,3.0,0.0,0.0,0.0,0.0,0.0,0.0,0.0,0.0,3.0,0.0,0.0,0.0,0.0,0.0,7.0,14.0,20.0,3.0,26.0,13.333333333333334,0.0,13.012814197295423,40.0
910741,stu_KXJSL1573I,N,0.0,0.0,0.0,3.0,0.0,0.0,0.0,0.0,0.0,1.0,1.0,1.0,3.0,1.0,1.0,1.0,0.0,3.0,0.0,0.0,0.0,3.0,0.0,0.0,0.0,0.0,0.0,0.0,0.0,0.0,3.0,0.0,0.0,0.0,0.0,0.0,-0.1777299219457916,-0.1774062545326897,-0.177336617581824,3.0,-0.1772669806309584,-0.1775756081741805,-0.1780535893588935,0.0004197604252792,-0.5327268245225416,-0.2964715226300976,-0.2961478552169957,-0.2960788814751859,3.0,-0.2960099077333761,-0.296317650997857,-0.2967951900431994,0.0004192732187119,-0.8889529529935711,-0.0592714259529764,-0.0592321896494779,-0.0589781591872417,3.0,-0.0587241287250055,-0.0590889935436527,-0.0593106622564749,0.0003184089185734,-0.1772669806309584,0.0,0.0,0.0,3.0,0.0,0.0,0.0,0.0,0.0,0.04,0.08,0.1690322580645161,3.0,0.2580645161290322,0.1126881720430107,0.0,0.1321011395290101,0.3380645161290322,1.0,2.0,5.0,3.0,8.0,3.333333333333333,0.0,4.163331998932265,10.0,0.0,0.0,0.0,3.0,0.0,0.0,0.0,0.0,0.0,1.0,1.0,1.0,3.0,1.0,1.0,1.0,0.0,3.0,0.475539568345324,0.475539568345324,0.475539568345324,1.0,0.475539568345324,0.475539568345324,0.475539568345324,1.0,0.475539568345324,0.475539568345324,0.475539568345324,,0.475539568345324,0.475539568345324,0.475539568345324,0.475539568345324,,0.475539568345324,1.0,1.0,1.0,3.0,1.0,1.0,1.0,0.0,3.0,2.0,2.0,2.5,3.0,3.0,2.333333333333333,2.0,0.5773502691896258,7.0,0.0,0.0,0.0,3.0,0.0,0.0,0.0,0.0,0.0,1.0,2.0,5.0,3.0,8.0,3.333333333333333,0.0,4.163331998932265,10.0
911630,stu_KXJSL1573I,G,1.0,1.0,1.0,5.0,1.0,0.8,0.0,0.447213595499958,4.0,0.0,0.0,0.0,5.0,1.0,0.2,0.0,0.447213595499958,1.0,0.0,0.0,0.0,5.0,0.0,0.0,0.0,0.0,0.0,0.0,0.0,0.0,5.0,0.0,0.0,0.0,0.0,0.0,-0.1777200593853157,-0.1776425281073012,-0.1776402175725259,5.0,-0.1776326869406658,-0.1776747814612567,-0.1777384153004748,5.026491273759244e-05,-0.8883739073062835,-0.2961366020568838,-0.2960560328535166,-0.296042126857184,5.0,-0.2960212036811636,-0.2960874475689241,-0.2961812723958723,6.827950966584516e-05,-1.4804372378446204,-0.0592236749009542,-0.0592191821944468,-0.0591973604771248,5.0,-0.0591898298452647,-0.0592273204113774,-0.0593065546390967,4.6531503766783286e-05,-0.2961366020568874,3.0,3.0,3.0,5.0,4.0,3.2,3.0,0.4472135954999579,16.0,0.3157894736842105,0.3157894736842105,0.3157894736842105,5.0,0.3157894736842105,0.3141700404858299,0.3076923076923077,0.0036211627165988,1.57085020242915,12.0,12.0,12.0,5.0,12.0,12.0,12.0,0.0,60.0,0.0,0.0,0.0,5.0,0.0,0.0,0.0,0.0,0.0,5.0,5.0,5.0,5.0,5.0,4.4,2.0,1.3416407864998738,22.0,0.983013336435281,0.983013336435281,0.983013336435281,1.0,-1.0,-1.0,-1.0,5.0,0.983013336435281,-0.6033973327129438,-1.0,0.8868305241115897,-3.016986663564719,0.983013336435281,0.983013336435281,0.983013336435281,,0.983013336435281,0.0,0.0,0.0,5.0,1.0,0.2,0.0,0.447213595499958,1.0,1.0,2.0,2.0,5.0,3.0,1.8,1.0,0.8366600265340756,9.0,0.0,0.0,0.0,5.0,0.0,0.0,0.0,0.0,0.0,12.0,12.0,12.0,5.0,12.0,12.0,12.0,0.0,60.0
912712,stu_KXJSL1573I,G,0.0,0.0,0.0,6.0,1.0,0.1666666666666666,0.0,0.408248290463863,1.0,0.0,0.0,0.0,6.0,1.0,0.1666666666666666,0.0,0.408248290463863,1.0,0.0,0.0,0.0,6.0,0.0,0.0,0.0,0.0,0.0,0.0,0.0,0.0,6.0,1.0,0.1666666666666666,0.0,0.408248290463863,1.0,-0.1776405598739741,-0.1775489514489029,-0.1775210110931946,6.0,-0.1774697086636475,-0.1775876885627895,-0.1777757261583272,0.0001131495955939,-1.065526131376737,-0.2960567709410143,-0.295938987152077,-0.2957893693284583,6.0,-0.2952296315822298,-0.2958382578196677,-0.2960864121070433,0.000323170029823,-1.7750295469180064,-0.0592560330847282,-0.0592382655001832,-0.0591777851130566,6.0,-0.0591487964591632,-0.059222911853976,-0.059292563067402,5.670366080750108e-05,-0.3553374711238561,1.0,1.0,1.75,6.0,3.0,1.3333333333333333,0.0,1.0327955589886444,8.0,0.6875,0.6875,0.7191722972972973,6.0,0.7297297297297297,0.7015765765765766,0.6875,0.0218073386610777,4.20945945945946,22.0,22.0,25.75,6.0,27.0,23.666666666666668,22.0,2.581988897471611,142.0,2.25,3.0,3.0,6.0,3.0,2.5,1.0,0.8366600265340756,15.0,5.0,5.0,5.75,6.0,6.0,5.333333333333333,5.0,0.5163977794943223,32.0,,,,0.0,-1.0,-1.0,-1.0,6.0,-1.0,-1.0,-1.0,0.0,-6.0,,,,,,0.0,0.0,0.0,6.0,0.0,0.0,0.0,0.0,0.0,4.25,5.0,5.0,6.0,5.0,4.666666666666667,4.0,0.5163977794943223,28.0,0.0,0.0,0.0,6.0,0.0,0.0,0.0,0.0,0.0,22.0,22.0,25.75,6.0,27.0,23.666666666666668,22.0,2.581988897471611,142.0
912929,stu_KXJSL1573I,N,0.0,0.0,0.0,2.0,0.0,0.0,0.0,0.0,0.0,1.0,1.0,1.0,2.0,1.0,1.0,1.0,0.0,2.0,0.0,0.0,0.0,2.0,0.0,0.0,0.0,0.0,0.0,0.0,0.0,0.0,2.0,0.0,0.0,0.0,0.0,0.0,-0.1774999809479716,-0.1774981196838471,-0.1774962584197225,2.0,-0.177494397155598,-0.1774981196838471,-0.1775018422120961,5.26444993612812e-06,-0.3549962393676942,-0.2959659754818826,-0.2959068108159474,-0.2958476461500122,2.0,-0.295788481484077,-0.2959068108159474,-0.2960251401478178,0.0001673429459576,-0.5918136216318948,-0.0592759935379256,-0.0592436781418327,-0.0592113627457397,2.0,-0.0591790473496468,-0.0592436781418327,-0.0593083089340186,9.140174285624596e-05,-0.1184873562836654,1.0,1.0,1.0,2.0,1.0,1.0,1.0,0.0,2.0,0.394702743902439,0.4235518292682927,0.4524009146341463,2.0,0.48125,0.4235518292682927,0.3658536585365853,0.0815975355728988,0.8471036585365854,53.0,61.0,69.0,2.0,77.0,61.0,45.0,22.62741699796952,122.0,0.0,0.0,0.0,2.0,0.0,0.0,0.0,0.0,0.0,1.25,1.5,1.75,2.0,2.0,1.5,1.0,0.7071067811865476,3.0,,,,0.0,-1.0,-1.0,-1.0,1.0,-1.0,-1.0,-1.0,,-1.0,,,,,,0.0,0.0,0.0,2.0,0.0,0.0,0.0,0.0,0.0,1.0,1.0,1.0,2.0,1.0,1.0,1.0,0.0,2.0,0.0,0.0,0.0,2.0,0.0,0.0,0.0,0.0,0.0,53.0,61.0,69.0,2.0,77.0,61.0,45.0,22.62741699796952,122.0
913419,stu_KXJSL1573I,N,0.0,0.0,0.0,4.0,0.0,0.0,0.0,0.0,0.0,0.0,0.5,1.0,4.0,1.0,0.5,0.0,0.5773502691896257,2.0,0.0,0.5,1.0,4.0,1.0,0.5,0.0,0.5773502691896257,2.0,0.0,0.0,0.0,4.0,0.0,0.0,0.0,0.0,0.0,-0.1770633219662071,-0.1768490305627214,-0.1767559352657346,4.0,-0.1765713813005602,-0.1769702266692203,-0.1776114642508782,0.0004478223269442,-0.7078809066768813,-0.2951344931734741,-0.2950311395299619,-0.2949394669233692,4.0,-0.2949265664375406,-0.2950428205668813,-0.2951824367700609,0.0001272117502359,-1.1801712822675254,-0.0593030888369338,-0.0591505293602446,-0.0588951938737372,4.0,-0.0585795491508272,-0.0590477533504263,-0.0593104055303888,0.0003437050736462,-0.2361910134017054,0.75,1.5,2.0,4.0,2.0,1.25,0.0,0.957427107756338,5.0,0.4929436492843559,0.5051546391752577,0.5051546391752577,4.0,0.5051546391752577,0.4929436492843559,0.4563106796116505,0.0244219797818036,1.971774597137424,48.5,49.0,49.0,4.0,49.0,48.5,47.0,1.0,194.0,0.0,0.0,0.0,4.0,0.0,0.0,0.0,0.0,0.0,2.5,3.0,3.0,4.0,3.0,2.5,1.0,1.0,10.0,,,,0.0,-1.0,-1.0,-1.0,2.0,-1.0,-1.0,-1.0,0.0,-2.0,,,,,,0.0,0.5,1.0,4.0,1.0,0.5,0.0,0.5773502691896257,2.0,0.0,0.5,1.25,4.0,2.0,0.75,0.0,0.957427107756338,3.0,0.0,0.0,0.0,4.0,0.0,0.0,0.0,0.0,0.0,48.5,49.0,49.0,4.0,49.0,48.5,47.0,1.0,194.0
918403,stu_KXJSL1573I,N,0.0,0.0,0.0,7.0,0.0,0.0,0.0,0.0,0.0,1.0,1.0,1.0,7.0,1.0,1.0,1.0,0.0,7.0,0.0,0.0,0.0,7.0,0.0,0.0,0.0,0.0,0.0,0.0,0.0,0.0,7.0,0.0,0.0,0.0,0.0,0.0,-0.1778359070316867,-0.1777131705686709,-0.17759565420274,7.0,-0.1774514383238505,-0.1777201082855226,-0.1780130266372832,0.0002003943510186,-1.2440407579986583,-0.2963125663950963,-0.2961382279887663,-0.2960384043289386,7.0,-0.2958537754853224,-0.2961584726744162,-0.2964153637987551,0.0002059423959333,-2.0731093087209134,-0.0593487860802668,-0.0593320133093056,-0.0592754907826736,7.0,-0.0590530804167137,-0.0592862610532398,-0.0593701799207785,0.0001110992463574,-0.4150038273726791,0.0,0.0,0.0,7.0,0.0,0.0,0.0,0.0,0.0,0.0,0.0,0.0,7.0,0.1666666666666666,-0.119047619047619,-1.0,0.3933978962347215,-0.8333333333333334,0.0,0.0,0.0,6.0,1.0,0.1666666666666666,0.0,0.408248290463863,1.0,0.0,0.0,0.0,7.0,0.0,0.0,0.0,0.0,0.0,1.0,1.0,1.0,7.0,1.0,0.7142857142857143,-1.0,0.7559289460184545,5.0,0.989302934422203,0.999999998042598,0.999999999522712,5.0,0.989302934422203,0.9946514662324004,0.9999999991526836,6.0,0.999999999998313,0.6631009777346715,-1.0,0.8147666104110975,3.978605866408029,0.999999999998313,0.9957211732816058,0.989302934422203,0.0058590236712519,4.978605866408029,1.0,1.0,1.0,7.0,1.0,1.0,1.0,0.0,7.0,0.0,0.0,0.0,7.0,0.0,0.0,0.0,0.0,0.0,0.0,0.0,0.5,7.0,1.0,0.2857142857142857,0.0,0.4879500364742666,2.0,0.0,0.0,0.0,7.0,1.0,0.0,-1.0,0.5773502691896257,0.0
918778,stu_KXJSL1573I,N,0.0,0.0,0.5,3.0,1.0,0.3333333333333333,0.0,0.5773502691896258,1.0,0.5,1.0,1.0,3.0,1.0,0.6666666666666666,0.0,0.5773502691896258,2.0,0.0,0.0,0.0,3.0,0.0,0.0,0.0,0.0,0.0,0.0,0.0,0.0,3.0,0.0,0.0,0.0,0.0,0.0,-0.1767866033361081,-0.176322913236857,-0.1762840620224877,3.0,-0.1762452108081184,-0.1766061391601115,-0.1772502934353592,0.0005592052079495,-0.5298184174803346,-0.2947922131191306,-0.2947343213867058,-0.2945334974058223,3.0,-0.2943326734249387,-0.2946390332210666,-0.2948501048515553,0.0002715579057876,-0.8839170996631998,-0.0592445552892937,-0.059174041190967,-0.0589676120238694,3.0,-0.0587611828567718,-0.0590834311451197,-0.0593150693876203,0.0002878458051982,-0.1772502934353592,1.5,2.0,2.5,3.0,3.0,2.0,1.0,1.0,6.0,-0.1923076923076923,0.6153846153846154,0.6153846153846154,3.0,0.6153846153846154,0.0769230769230769,-1.0,0.9326427425370878,0.2307692307692308,8.0,8.0,8.0,2.0,8.0,8.0,8.0,0.0,16.0,0.0,0.0,0.0,3.0,0.0,0.0,0.0,0.0,0.0,0.5,2.0,2.0,3.0,2.0,1.0,-1.0,1.7320508075688772,3.0,,,,0.0,-1.0,-1.0,-1.0,2.0,-1.0,-1.0,-1.0,0.0,-2.0,,,,,,0.5,1.0,1.0,3.0,1.0,0.6666666666666666,0.0,0.5773502691896258,2.0,2.0,2.0,2.5,3.0,3.0,2.333333333333333,2.0,0.5773502691896258,7.0,0.0,0.0,0.0,3.0,0.0,0.0,0.0,0.0,0.0,3.5,8.0,8.0,3.0,8.0,5.0,-1.0,5.196152422706632,15.0
918890,stu_KXJSL1573I,N,0.0,0.0,0.0,3.0,0.0,0.0,0.0,0.0,0.0,0.5,1.0,1.0,3.0,1.0,0.6666666666666666,0.0,0.5773502691896258,2.0,0.0,0.0,0.5,3.0,1.0,0.3333333333333333,0.0,0.5773502691896258,1.0,0.0,0.0,0.0,3.0,0.0,0.0,0.0,0.0,0.0,-0.1770906953851418,-0.1769738422282667,-0.1765187310590608,3.0,-0.1760636198898549,-0.1767483368867128,-0.1772075485420168,0.0006043862048485,-0.5302450106601385,-0.2943499382542317,-0.2942067492796867,-0.2941087440963025,3.0,-0.2940107389129183,-0.2942368718071272,-0.2944931272287767,0.000242600797224,-0.8827106154213817,-0.0590400301740016,-0.0590267232052033,-0.0589602525427334,3.0,-0.0588937818802634,-0.0589912807427555,-0.0590533371427999,8.547863217809936e-05,-0.1769738422282667,1.5,2.0,2.0,3.0,2.0,1.6666666666666667,1.0,0.5773502691896257,5.0,0.4954545454545455,0.5,0.5154320987654322,3.0,0.5308641975308642,0.5072577628133184,0.4909090909090909,0.0209429935080949,1.521773288439955,14.0,27.0,35.0,3.0,43.0,23.666666666666668,1.0,21.197484127446195,71.0,0.0,0.0,0.0,3.0,0.0,0.0,0.0,0.0,0.0,1.0,1.0,1.5,3.0,2.0,1.3333333333333333,1.0,0.5773502691896257,4.0,,,,0.0,,,,0.0,,,,,,,,,,,1.0,1.0,1.0,3.0,1.0,1.0,1.0,0.0,3.0,1.5,2.0,2.5,3.0,3.0,2.0,1.0,1.0,6.0,0.0,0.0,0.5,3.0,1.0,0.3333333333333333,0.0,0.5773502691896258,1.0,14.0,27.0,35.0,3.0,43.0,23.666666666666668,1.0,21.197484127446195,71.0
922859,stu_BIUWV8427I,N,0.0,0.0,0.0,2.0,0.0,0.0,0.0,0.0,0.0,0.0,0.0,0.0,2.0,0.0,0.0,0.0,0.0,0.0,0.0,0.0,0.0,2.0,0.0,0.0,0.0,0.0,0.0,0.0,0.0,0.0,2.0,0.0,0.0,0.0,0.0,0.0,-0.1379040677076776,-0.1378215953955465,-0.1377391230834154,2.0,-0.1376566507712844,-0.1378215953955465,-0.1379865400198086,0.000233266924672,-0.275643190791093,-0.2298227855394867,-0.2297883762869458,-0.2297539670344049,2.0,-0.229719557781864,-0.2297883762869458,-0.2298571947920276,9.732406322895424e-05,-0.4595767525738916,-0.0458681158211131,-0.0458125986329973,-0.0457570814448814,2.0,-0.0457015642567655,-0.0458125986329973,-0.045923633009229,0.0001570263207565,-0.0916251972659946,0.0,0.0,0.0,2.0,0.0,0.0,0.0,0.0,0.0,0.695906432748538,0.695906432748538,0.695906432748538,2.0,0.695906432748538,0.695906432748538,0.695906432748538,0.0,1.391812865497076,119.0,119.0,119.0,2.0,119.0,119.0,119.0,0.0,238.0,3.0,3.0,3.0,2.0,3.0,3.0,3.0,0.0,6.0,2.0,2.0,2.0,2.0,2.0,2.0,2.0,0.0,4.0,0.228571428571543,0.228571428571543,0.228571428571543,1.0,-1.0,-1.0,-1.0,2.0,-1.0,-1.0,-1.0,0.0,-2.0,0.228571428571543,0.228571428571543,0.228571428571543,,0.228571428571543,0.0,0.0,0.0,2.0,0.0,0.0,0.0,0.0,0.0,4.25,4.5,4.75,2.0,5.0,4.5,4.0,0.7071067811865476,9.0,0.0,0.0,0.0,2.0,0.0,0.0,0.0,0.0,0.0,119.0,119.0,119.0,2.0,119.0,119.0,119.0,0.0,238.0
924455,stu_BIUWV8427I,N,0.0,0.0,0.0,4.0,0.0,0.0,0.0,0.0,0.0,0.75,1.0,1.0,4.0,1.0,0.75,0.0,0.5,3.0,0.0,0.0,0.0,4.0,0.0,0.0,0.0,0.0,0.0,0.0,0.0,0.25,4.0,1.0,0.25,0.0,0.5,1.0,-0.1376224488658513,-0.1375780662174247,-0.1374943394552915,4.0,-0.1373027507276759,-0.1375387221037179,-0.1376960052523465,0.000167636057206,-0.5501548884148719,-0.2292986742550777,-0.2292869073067096,-0.2292157146772433,4.0,-0.2290186830880477,-0.2292274816256115,-0.229317428800979,0.0001400130789094,-0.916909926502446,-0.0458928004942978,-0.0457890647362609,-0.0456878793476501,4.0,-0.0456082580582514,-0.045791615105687,-0.0459800728919747,0.0001635979753104,-0.1831664604227481,1.75,2.0,2.0,4.0,2.0,1.75,1.0,0.5,7.0,0.7180180589643366,0.770495718957851,0.8156028368794326,4.0,0.8156028368794326,0.7631251768859182,0.695906432748538,0.0617797656115459,3.0525007075436728,134.75,185.0,230.0,4.0,230.0,179.75,119.0,58.653644388051454,719.0,0.0,0.0,0.0,4.0,0.0,0.0,0.0,0.0,0.0,1.0,1.0,1.5,4.0,3.0,1.5,1.0,1.0,6.0,0.9505427617738856,0.984202406664617,0.9921012033232786,3.0,-1.0,-0.0078987966676914,0.9881518049939476,4.0,0.99999999998194,-0.0039493983383607,-1.0,1.150158247990157,-0.0157975933534431,0.99999999998194,0.9670285078432372,0.916883116883154,0.0441396778936996,2.9010855235297117,0.0,0.5,1.0,4.0,1.0,0.5,0.0,0.5773502691896257,2.0,2.0,2.5,3.0,4.0,3.0,2.5,2.0,0.5773502691896257,10.0,0.0,0.0,0.0,4.0,0.0,0.0,0.0,0.0,0.0,134.75,185.0,230.0,4.0,230.0,179.75,119.0,58.653644388051454,719.0
924722,stu_BIUWV8427I,?,0.0,0.0,0.0,2.0,0.0,0.0,0.0,0.0,0.0,0.25,0.5,0.75,2.0,1.0,0.5,0.0,0.7071067811865476,1.0,0.0,0.0,0.0,2.0,0.0,0.0,0.0,0.0,0.0,0.25,0.5,0.75,2.0,1.0,0.5,0.0,0.7071067811865476,1.0,-0.1368290558925306,-0.1368288174433566,-0.1368285789941827,2.0,-0.1368283405450087,-0.1368288174433566,-0.1368292943417046,6.744361115650248e-07,-0.2736576348867133,-0.2287076520589787,-0.2286992648684678,-0.228690877677957,2.0,-0.2286824904874461,-0.2286992648684678,-0.2287160392494896,2.372255714137694e-05,-0.4573985297369357,-0.0459031574823329,-0.0458414198809827,-0.0457796822796326,2.0,-0.0457179446782824,-0.0458414198809827,-0.045964895083683,0.0001746203062755,-0.0916828397619655,0.0,0.0,0.0,2.0,0.0,0.0,0.0,0.0,0.0,0.5096670247046187,0.59828141783029,0.6868958109559613,2.0,0.7755102040816326,0.59828141783029,0.4210526315789473,0.2506393531595711,1.19656283566058,15.5,23.0,30.5,2.0,38.0,23.0,8.0,21.213203435596427,46.0,4.0,4.0,4.0,2.0,4.0,4.0,4.0,0.0,8.0,1.0,1.0,1.0,2.0,1.0,1.0,1.0,0.0,2.0,,,,0.0,-1.0,-1.0,-1.0,1.0,-1.0,-1.0,-1.0,,-1.0,,,,,,0.25,0.5,0.75,2.0,1.0,0.5,0.0,0.7071067811865476,1.0,3.25,3.5,3.75,2.0,4.0,3.5,3.0,0.7071067811865476,7.0,0.0,0.0,0.0,2.0,0.0,0.0,0.0,0.0,0.0,15.5,23.0,30.5,2.0,38.0,23.0,8.0,21.213203435596427,46.0
926335,stu_BIUWV8427I,N,0.0,0.0,0.0,5.0,1.0,0.2,0.0,0.447213595499958,1.0,0.0,1.0,1.0,5.0,1.0,0.6,0.0,0.5477225575051662,3.0,0.0,0.0,0.0,5.0,1.0,0.2,0.0,0.447213595499958,1.0,0.0,0.0,0.0,5.0,0.0,0.0,0.0,0.0,0.0,-0.1376580192621959,-0.1375869821430605,-0.1369836849981792,5.0,-0.1369068421600252,-0.1373737961406955,-0.1377334521400169,0.0003955427334141,-0.6868689807034778,-0.2288359273472248,-0.2287326270181143,-0.2271519370764426,5.0,-0.2271395377193956,-0.2282320910998632,-0.2293004263381387,0.0010145072946892,-1.1411604554993162,-0.0459076672819277,-0.0458812097909713,-0.0458057769131503,5.0,-0.0457611972849714,-0.0458600852676277,-0.0459445750671177,7.512830736327176e-05,-0.2293004263381386,2.0,2.0,2.0,5.0,2.0,2.0,2.0,0.0,10.0,0.6482758620689655,0.7389830508474576,0.7389830508474576,5.0,0.8482142857142857,0.7112846925185841,0.5819672131147541,0.1012141724203662,3.55642346259292,94.0,218.0,218.0,5.0,285.0,177.2,71.0,91.0368057436112,886.0,1.0,2.0,3.0,5.0,3.0,1.8,0.0,1.3038404810405295,9.0,1.0,3.0,3.0,5.0,4.0,2.4,1.0,1.3416407864998738,12.0,0.634647115175167,0.999922696159356,0.9999610050068816,3.0,-1.0,0.269371534190978,0.999922696159356,5.0,0.999999313854407,0.0538587088409482,-1.0,1.0072116518942544,0.269293544204741,0.999999313854407,0.7564311814015804,0.269371534190978,0.4218060293822921,2.269293544204741,0.0,1.0,1.0,5.0,1.0,0.6,0.0,0.5477225575051662,3.0,2.0,2.0,3.0,5.0,3.0,2.4,2.0,0.5477225575051661,12.0,0.0,0.0,0.0,5.0,0.0,0.0,0.0,0.0,0.0,94.0,218.0,218.0,5.0,285.0,177.2,71.0,91.0368057436112,886.0
927150,stu_BIUWV8427I,N,0.0,0.0,0.0,4.0,0.0,0.0,0.0,0.0,0.0,0.75,1.0,1.0,4.0,1.0,0.75,0.0,0.5,3.0,0.0,0.0,0.25,4.0,1.0,0.25,0.0,0.5,1.0,0.0,0.0,0.0,4.0,0.0,0.0,0.0,0.0,0.0,-0.1368484324797554,-0.1364128998798024,-0.1360562732217262,4.0,-0.1358545141184726,-0.1364918058216792,-0.1372869094086392,0.0006372484895857,-0.5459672232867169,-0.2274338565715752,12.257785036815491,24.742952870977263,4.0,24.742964192129342,12.257733977590194,-0.2275983553995556,14.416693335769708,49.030935910360775,-0.0457921749428781,-0.0456277486863855,-0.0455189951283396,4.0,-0.0454467761306897,-0.0456834213848322,-0.0460314120358682,0.0002566703218193,-0.182733685539329,2.0,2.0,2.25,4.0,3.0,2.25,2.0,0.5,9.0,0.3137096774193548,0.7516129032258064,0.7522080799752654,4.0,0.7539936102236422,0.3143048541688137,-1.0,0.8762039548401989,1.2572194166752548,233.0,233.0,234.5,3.0,236.0,234.0,233.0,1.7320508075688772,702.0,0.0,0.0,0.25,4.0,1.0,0.25,0.0,0.5,1.0,1.25,2.0,2.0,4.0,2.0,1.25,-1.0,1.5,5.0,,,,0.0,-1.0,-1.0,-1.0,3.0,-1.0,-1.0,-1.0,0.0,-3.0,,,,,,0.0,0.5,1.0,4.0,1.0,0.5,0.0,0.5773502691896257,2.0,1.75,2.0,2.0,4.0,2.0,1.75,1.0,0.5,7.0,0.0,0.0,0.0,4.0,0.0,0.0,0.0,0.0,0.0,174.5,233.0,233.75,4.0,236.0,175.25,-1.0,117.50851033010332,701.0
932321,stu_BIUWV8427I,G,0.0,0.0,0.0,6.0,0.0,0.0,0.0,0.0,0.0,0.0,0.0,0.0,6.0,1.0,0.1666666666666666,0.0,0.408248290463863,1.0,0.0,0.0,0.0,6.0,0.0,0.0,0.0,0.0,0.0,0.0,0.0,0.75,6.0,1.0,0.3333333333333333,0.0,0.5163977794943223,2.0,-0.1378334867521793,-0.1377631442458551,-0.1376348274881875,6.0,-0.1375713481711317,-0.1377451741631783,-0.137924418826309,0.0001386254340092,-0.8264710449790702,-0.2296464679263613,-0.2295842637940185,-0.2295249832558959,6.0,-0.2295100957335552,-0.229592295038661,-0.2297027211967098,7.946156443109239e-05,-1.3775537702319662,-0.0459715405584883,-0.0459538849522584,-0.0458926242492562,6.0,-0.0457462682932091,-0.0459159611662401,-0.0459920990242276,9.280147572936566e-05,-0.2754957669974408,0.0,0.0,0.0,6.0,0.0,0.0,0.0,0.0,0.0,0.5740909090909091,0.66,0.66,6.0,0.66,0.6218181818181818,0.5454545454545454,0.0591510183784405,3.730909090909091,12.75,33.0,33.0,6.0,33.0,24.0,6.0,13.9427400463467,144.0,4.0,4.0,4.0,6.0,4.0,4.0,4.0,0.0,24.0,1.0,1.0,1.0,6.0,1.0,1.0,1.0,0.0,6.0,,,,0.0,-1.0,-1.0,-1.0,5.0,-1.0,-1.0,-1.0,0.0,-5.0,,,,,,0.0,0.0,0.75,6.0,1.0,0.3333333333333333,0.0,0.5163977794943223,2.0,3.25,4.0,4.0,6.0,4.0,3.6666666666666665,3.0,0.5163977794943222,22.0,0.0,0.0,0.0,6.0,0.0,0.0,0.0,0.0,0.0,12.75,33.0,33.0,6.0,33.0,24.0,6.0,13.9427400463467,144.0
933463,stu_BIUWV8427I,N,0.0,0.0,0.0,2.0,0.0,0.0,0.0,0.0,0.0,1.0,1.0,1.0,2.0,1.0,1.0,1.0,0.0,2.0,0.0,0.0,0.0,2.0,0.0,0.0,0.0,0.0,0.0,0.0,0.0,0.0,2.0,0.0,0.0,0.0,0.0,0.0,-0.1374644814717669,-0.1374643985329238,-0.1374643155940807,2.0,-0.1374642326552376,-0.1374643985329238,-0.13746456441061,2.3458647357503505e-07,-0.2749287970658477,-0.2295266938695354,-0.2295262480732535,-0.2295258022769717,2.0,-0.22952535648069,-0.2295262480732535,-0.2295271396658171,1.2609022955320515e-06,-0.4590524961465071,-0.0459255406026209,-0.0458214108850792,-0.0457172811675374,2.0,-0.0456131514499957,-0.0458214108850792,-0.0460296703201626,0.0002945233175871,-0.0916428217701584,0.0,0.0,0.0,2.0,0.0,0.0,0.0,0.0,0.0,0.0,0.0,0.0,2.0,0.0,0.0,0.0,0.0,0.0,0.0,0.0,0.0,2.0,0.0,0.0,0.0,0.0,0.0,0.0,0.0,0.0,2.0,0.0,0.0,0.0,0.0,0.0,1.0,1.0,1.0,2.0,1.0,1.0,1.0,0.0,2.0,0.987439762515602,0.987439762515602,0.987439762515602,1.0,0.987439762515602,0.987439762515602,0.987439762515602,1.0,0.987439762515602,0.987439762515602,0.987439762515602,,0.987439762515602,0.987439762515602,0.987439762515602,0.987439762515602,,0.987439762515602,1.0,1.0,1.0,2.0,1.0,1.0,1.0,0.0,2.0,1.25,1.5,1.75,2.0,2.0,1.5,1.0,0.7071067811865476,3.0,1.0,1.0,1.0,2.0,1.0,1.0,1.0,0.0,2.0,0.0,0.0,0.0,2.0,0.0,0.0,0.0,0.0,0.0
934128,stu_BIUWV8427I,N,0.0,0.0,0.0,8.0,1.0,0.125,0.0,0.3535533905932738,1.0,0.0,0.5,1.0,8.0,1.0,0.5,0.0,0.5345224838248488,4.0,0.0,0.0,0.0,8.0,0.0,0.0,0.0,0.0,0.0,0.0,0.0,0.0,8.0,1.0,0.125,0.0,0.3535533905932738,1.0,-0.1377949201901269,-0.1377734079276917,-0.1367605484081105,8.0,-0.1365789019743144,-0.1373895617780378,-0.1378832811601197,0.000579984193825,-1.0991164942243028,-0.2296418855552787,-0.2286808317105836,-0.2284422477609831,8.0,-0.2283618074505086,-0.2289508235633395,-0.2297209262727755,0.0006152427069844,-1.8316065885067163,-0.0459621477345046,-0.0459349126918938,-0.0458769591752612,8.0,-0.0449627865116418,-0.045811396019772,-0.0459815657911509,0.0003455583003069,-0.3664911681581762,0.0,0.5,1.0,8.0,1.0,0.5,0.0,0.5345224838248488,4.0,0.5714285714285714,0.5857142857142856,0.6,8.0,0.6470588235294118,0.587475759534583,0.5384615384615384,0.0320616413412063,4.699806076276664,7.75,8.5,9.0,8.0,110.0,20.5,4.0,36.20181526624637,164.0,2.0,3.0,4.0,8.0,4.0,3.0,2.0,0.9258200997725514,24.0,1.0,1.0,1.5,8.0,3.0,1.5,1.0,0.9258200997725514,12.0,,,,0.0,-1.0,-1.0,-1.0,5.0,-1.0,-1.0,-1.0,0.0,-5.0,,,,,,0.0,0.0,1.0,8.0,1.0,0.375,0.0,0.5175491695067657,3.0,2.75,3.0,4.0,8.0,4.0,3.0,1.0,1.0690449676496976,24.0,0.0,0.0,0.0,8.0,1.0,0.125,0.0,0.3535533905932738,1.0,7.75,8.5,9.0,8.0,110.0,20.5,4.0,36.20181526624637,164.0
935155,stu_BIUWV8427I,N,0.0,0.0,0.0,8.0,0.0,0.0,0.0,0.0,0.0,1.0,1.0,1.0,8.0,1.0,1.0,1.0,0.0,8.0,0.0,0.0,0.0,8.0,0.0,0.0,0.0,0.0,0.0,0.0,0.0,0.0,8.0,0.0,0.0,0.0,0.0,0.0,-0.1380917479423109,-0.1380906697373503,-0.1380406990843683,8.0,-0.1378901236146774,-0.1380412278194933,-0.1380923285142128,9.256443282958113e-05,-1.1043298225559464,-0.2301526540533001,-0.2301515240115626,-0.2301007239701494,8.0,-0.2299502936434339,-0.2301018384608538,-0.2301537011561946,9.313266319701368e-05,-1.8408147076868309,-0.0460307381577678,-0.0460301679532213,-0.0460290586461945,8.0,-0.0458309903214599,-0.0460053277697058,-0.0460314535052897,7.044962718738486e-05,-0.3680426221576467,0.0,0.0,0.0,8.0,0.0,0.0,0.0,0.0,0.0,0.0,0.0,0.0,8.0,0.0,0.0,0.0,0.0,0.0,0.0,0.0,0.0,8.0,0.0,0.0,0.0,0.0,0.0,0.0,0.0,0.0,8.0,0.0,0.0,0.0,0.0,0.0,1.0,1.0,1.0,8.0,1.0,1.0,1.0,0.0,8.0,1.0,1.0,1.0,6.0,1.0,1.0,1.0,6.0,1.0,0.9999992715957208,0.999995629574325,1.784218810428962e-06,5.999995629574325,1.0,0.9999992715957208,0.999995629574325,1.784218810428962e-06,5.999995629574325,0.75,1.0,1.0,8.0,1.0,0.75,0.0,0.4629100498862757,6.0,1.0,1.5,2.0,8.0,2.0,1.5,1.0,0.5345224838248488,12.0,0.75,1.0,1.0,8.0,1.0,0.75,0.0,0.4629100498862757,6.0,0.0,0.0,0.0,8.0,0.0,0.0,0.0,0.0,0.0
935305,stu_BIUWV8427I,N,0.0,0.0,0.0,3.0,0.0,0.0,0.0,0.0,0.0,1.0,1.0,1.0,3.0,1.0,1.0,1.0,0.0,3.0,0.0,0.0,0.0,3.0,0.0,0.0,0.0,0.0,0.0,0.0,0.0,0.0,3.0,0.0,0.0,0.0,0.0,0.0,-0.1370107645304591,-0.1370105986527729,-0.1368057397102575,3.0,-0.1366008807677421,-0.1368741366095534,-0.1370109304081453,0.0002366465588771,-0.4106224098286604,-0.2282285247296089,-0.2279773029737874,-0.2279767638713071,3.0,-0.2279762247688268,-0.2281444247426815,-0.2284797464854304,0.0002903976480648,-0.6844332742280447,-0.0458319233834451,-0.0456341764467276,-0.0454904641663051,3.0,-0.0453467518858826,-0.0456701995509243,-0.0460296703201626,0.0003428813861918,-0.1370105986527729,0.0,0.0,0.0,3.0,0.0,0.0,0.0,0.0,0.0,-0.5,0.0,0.0,3.0,0.0,-0.3333333333333333,-1.0,0.5773502691896258,-1.0,0.0,0.0,0.0,2.0,0.0,0.0,0.0,0.0,0.0,0.0,0.0,0.0,3.0,0.0,0.0,0.0,0.0,0.0,0.0,1.0,1.0,3.0,1.0,0.3333333333333333,-1.0,1.1547005383792517,1.0,1.0,1.0,1.0,1.0,-0.5,0.0,0.5,2.0,1.0,0.0,-1.0,1.4142135623730951,0.0,1.0,1.0,1.0,,1.0,1.0,1.0,1.0,3.0,1.0,1.0,1.0,0.0,3.0,0.0,0.0,0.0,3.0,0.0,0.0,0.0,0.0,0.0,0.5,1.0,1.0,3.0,1.0,0.6666666666666666,0.0,0.5773502691896258,2.0,-0.5,0.0,0.0,3.0,0.0,-0.3333333333333333,-1.0,0.5773502691896258,-1.0
935479,stu_BIUWV8427I,N,0.0,0.0,0.0,6.0,0.0,0.0,0.0,0.0,0.0,0.0,0.0,0.75,6.0,1.0,0.3333333333333333,0.0,0.5163977794943223,2.0,0.0,0.5,1.0,6.0,1.0,0.5,0.0,0.5477225575051661,3.0,0.0,0.0,0.0,6.0,0.0,0.0,0.0,0.0,0.0,-0.1378654907782697,-0.1376336974464499,-0.1374152157989515,6.0,-0.137385731040221,-0.1376396137505927,-0.1378994127651072,0.0002487999347132,-0.8258376825035567,-0.2294628620623963,-0.22941622969785,-0.2293285115038914,6.0,-0.2292536903000385,-0.2294710246268738,-0.2299623197756868,0.0002543246866474,-1.376826147761243,-0.0460115067135185,-0.0459251051736945,-0.0458412851053627,6.0,-0.0455320787308424,-0.0458778991488166,-0.0460314535052897,0.0001874508358809,-0.2752673948928998,0.0,0.5,1.75,6.0,3.0,1.0,0.0,1.2649110640673518,6.0,0.5902503293807642,0.7117918313570488,0.8333333333333334,6.0,0.8333333333333334,0.6134167764602548,0.0,0.3232470838674941,3.680500658761529,5.0,5.0,337.25,6.0,448.0,151.83333333333334,0.0,229.417886544765,911.0,2.0,2.0,2.0,6.0,2.0,2.0,2.0,0.0,12.0,1.0,2.5,4.0,6.0,4.0,2.5,1.0,1.6431676725154984,15.0,0.999999990670069,0.999999993778496,0.9999999968869232,2.0,-1.0,-6.2191790606291875e-09,0.999999990670069,4.0,0.99999999999535,-3.1107519893325275e-09,-1.0,1.1547005347872643,-1.2443007957330112e-08,0.99999999999535,0.999999993778496,0.999999987561642,8.791959286741586e-09,1.999999987556992,0.0,0.0,0.75,6.0,1.0,0.3333333333333333,0.0,0.5163977794943223,2.0,3.0,3.5,4.75,6.0,5.0,3.8333333333333335,3.0,0.983192080250175,23.0,0.0,0.0,0.75,6.0,1.0,0.3333333333333333,0.0,0.5163977794943223,2.0,5.0,5.0,337.25,6.0,448.0,151.83333333333334,0.0,229.417886544765,911.0
937751,stu_BIUWV8427I,N,0.0,0.0,0.0,5.0,0.0,0.0,0.0,0.0,0.0,1.0,1.0,1.0,5.0,1.0,0.8,0.0,0.4472135954999579,4.0,0.0,0.0,0.0,5.0,1.0,0.2,0.0,0.447213595499958,1.0,0.0,0.0,0.0,5.0,0.0,0.0,0.0,0.0,0.0,-0.1378477003964197,-0.1378411896972345,-0.137563842205829,5.0,-0.1373642913492736,-0.1376940810711861,-0.1378533817071736,0.0002215513260498,-0.6884704053559305,-0.229774919459649,-0.2297397533901645,-0.2294515823797315,5.0,-0.2292439035165499,-0.2295985914791681,-0.2297827986497457,0.0002410216534111,-1.1479929573958407,-0.0459599602225172,-0.0459196519447591,-0.0457604093659617,5.0,-0.0456423044533537,-0.0458487807033099,-0.0459615775299581,0.0001419054945362,-0.2292439035165499,0.0,1.0,1.0,5.0,1.0,0.6,0.0,0.5477225575051662,3.0,0.2291666666666666,0.2558139534883721,0.6636363636363637,5.0,0.6636363636363637,0.3624506694855532,0.0,0.2923748224192813,1.8122533474277664,11.0,11.0,73.0,5.0,73.0,33.6,0.0,36.246379129507545,168.0,0.0,0.0,0.0,5.0,0.0,0.0,0.0,0.0,0.0,1.0,1.0,2.0,5.0,2.0,1.4,1.0,0.5477225575051661,7.0,,,,0.0,-1.0,-1.0,-1.0,1.0,-1.0,-1.0,-1.0,,-1.0,,,,,,1.0,1.0,1.0,5.0,1.0,0.8,0.0,0.4472135954999579,4.0,0.0,0.0,1.0,5.0,1.0,0.4,0.0,0.5477225575051662,2.0,0.0,0.0,0.0,5.0,0.0,0.0,0.0,0.0,0.0,11.0,11.0,73.0,5.0,73.0,33.6,0.0,36.246379129507545,168.0
938737,stu_BIUWV8427I,N,0.0,0.0,0.25,8.0,1.0,0.25,0.0,0.4629100498862757,2.0,0.0,1.0,1.0,8.0,1.0,0.625,0.0,0.5175491695067657,5.0,0.0,0.0,0.0,8.0,0.0,0.0,0.0,0.0,0.0,0.0,0.0,0.0,8.0,1.0,0.125,0.0,0.3535533905932738,1.0,-0.1379517471751182,-0.1377954074558302,-0.1377729517640545,8.0,-0.1375851989579334,-0.1378361304278039,-0.1380678200860698,0.0001490921749946,-1.1026890434224317,-0.2298298249737968,-0.2297615041017737,-0.2292189078227035,8.0,-0.2286144806360847,-0.2294974527436565,-0.2299899798798685,0.0005132045697433,-1.8359796219492528,-0.0460306759536355,-0.0460071938936761,-0.0459053449943203,8.0,-0.0457284364419376,-0.0459534961764312,-0.0460308314639663,0.0001078697410032,-0.3676279694114501,1.0,1.5,2.25,8.0,3.0,1.625,0.0,1.0606601717798212,13.0,0.0,0.4,0.8500000000000001,8.0,1.0,0.325,-1.0,0.700510018282598,2.6,0.0,4.0,103.0,7.0,202.0,58.85714285714285,0.0,97.80154833714472,412.0,0.0,0.0,0.0,8.0,0.0,0.0,0.0,0.0,0.0,1.0,1.5,2.5,8.0,4.0,1.75,-1.0,1.6690459207925603,14.0,0.985244472372513,0.985244472372513,0.985244472372513,1.0,-1.0,-1.0,-1.0,5.0,0.985244472372513,-0.6029511055254975,-1.0,0.8878283184361284,-3.014755527627488,0.985244472372513,0.985244472372513,0.985244472372513,,0.985244472372513,0.0,1.0,1.0,8.0,1.0,0.625,0.0,0.5175491695067657,5.0,0.75,2.5,3.25,8.0,4.0,2.125,0.0,1.6420805617960927,17.0,0.0,0.0,1.0,8.0,1.0,0.375,0.0,0.5175491695067657,3.0,0.0,2.0,53.5,8.0,202.0,51.375,-1.0,92.98684622799384,411.0
939062,stu_BIUWV8427I,N,0.0,0.0,0.0,8.0,0.0,0.0,0.0,0.0,0.0,0.0,1.0,1.0,8.0,1.0,0.625,0.0,0.5175491695067657,5.0,0.0,0.0,0.0,8.0,0.0,0.0,0.0,0.0,0.0,0.0,0.0,0.0,8.0,1.0,0.125,0.0,0.3535533905932738,1.0,-0.1379122993878576,-0.1377749630310002,-0.1370249470726332,8.0,-0.1363278046267576,-0.137450464807279,-0.1380870618976744,0.0006702872056601,-1.0996037184582326,-0.229762623776156,-0.2287323782015851,-0.228286115388803,8.0,-0.2279471547043121,-0.2289276525240419,-0.2299464784566503,0.0008126553565591,-1.831421220192336,-0.0460275864817291,-0.0459511065010137,-0.045912374061275,8.0,-0.0453093879370554,-0.0458889075523487,-0.0460308314639663,0.0002401155600363,-0.3671112604187899,0.0,0.0,0.0,8.0,1.0,0.125,0.0,0.3535533905932738,1.0,0.0714285714285714,0.6284584980237153,0.6666666666666666,8.0,0.6666666666666666,0.4190193864106907,0.0,0.3230713221549261,3.352155091285526,1.5,4.0,4.0,8.0,448.0,58.25,0.0,157.4926302130629,466.0,2.0,2.5,3.0,8.0,3.0,2.375,1.0,0.7440238091428449,19.0,1.0,1.5,2.0,8.0,2.0,1.5,1.0,0.5345224838248488,12.0,0.8050349748947857,0.8700232132958365,0.9350114516968872,2.0,-1.0,-1.0,0.3050350523703012,6.0,0.999999690097938,-0.3766589289013878,-1.0,0.9691683919798618,-2.259953573408327,0.999999690097938,0.8700232132958365,0.740046736493735,0.1838144962830039,1.740046426591673,0.0,0.5,1.0,8.0,1.0,0.5,0.0,0.5345224838248488,4.0,2.75,3.5,4.0,8.0,4.0,3.125,1.0,1.1259916264596033,25.0,0.0,0.0,0.0,8.0,1.0,0.125,0.0,0.3535533905932738,1.0,1.5,4.0,4.0,8.0,448.0,58.25,0.0,157.4926302130629,466.0
942798,stu_BIUWV8427I,N,0.0,0.0,0.0,8.0,1.0,0.125,0.0,0.3535533905932738,1.0,1.0,1.0,1.0,8.0,1.0,0.875,0.0,0.3535533905932738,7.0,0.0,0.0,0.0,8.0,0.0,0.0,0.0,0.0,0.0,0.0,0.0,0.0,8.0,0.0,0.0,0.0,0.0,0.0,-0.137887749490293,-0.1378562845666829,-0.1376905831254773,8.0,-0.1376425096985318,-0.137809408569285,-0.1379462732114721,0.0001211267376137,-1.1024752685542802,-0.2297372341228029,-0.229610451733733,-0.2295631869605079,8.0,-0.2295108421831415,-0.2296498580515721,-0.2298290785242069,0.0001189624908528,-1.8371988644125772,-0.0459857956721502,-0.0459666782688102,-0.0459380954699987,8.0,-0.0457597043857952,-0.0459376963268162,-0.0459881179597576,7.79098967995207e-05,-0.3675015706145297,0.0,0.5,1.0,8.0,1.0,0.5,0.0,0.5345224838248488,4.0,0.5337519623233908,0.5760942760942761,0.6456766917293233,8.0,0.7105263157894737,0.4020828656167002,-1.0,0.5724384516714145,3.2166629249336016,27.0,77.0,82.5,7.0,96.0,56.85714285714285,6.0,35.64373984974347,398.0,0.0,0.0,0.0,8.0,0.0,0.0,0.0,0.0,0.0,1.0,1.0,1.25,8.0,2.0,1.0,-1.0,0.9258200997725514,8.0,,,,0.0,-1.0,-1.0,-1.0,2.0,-1.0,-1.0,-1.0,0.0,-2.0,,,,,,1.0,1.0,1.0,8.0,1.0,0.875,0.0,0.3535533905932738,7.0,0.0,0.5,1.0,8.0,1.0,0.5,0.0,0.5345224838248488,4.0,0.0,0.0,0.0,8.0,0.0,0.0,0.0,0.0,0.0,21.75,52.0,82.25,8.0,96.0,49.625,-1.0,38.82538749691643,397.0
