answer rank,anon_stu_id,Who am I?,random values for sorting,code,valence,coder,note
1,stu_AGZKP8305N,I am a female,0.109115169,1,female,frank,
2,stu_AGZKP8305N,I am one who can get overwhelmed and stressed at times,0.438787325,45,negative,frank,
3,stu_AGZKP8305N,"I am someone who really likes dinosaurs and dragons, and art",0.019993193,26,positive,used for IRR check,
3,stu_AGZKP8305N,"I am someone who really likes dinosaurs and dragons, and art",0.019993193,24,positive,used for IRR check,
4,stu_AGZKP8305N,"I am an extrovert, and do not like being alone for extended periods of time",0.8247315959999999,45,negative,clara,
4,stu_AGZKP8305N,"I am an extrovert, and do not like being alone for extended periods of time",0.8247315959999999,44,neutral,clara,
5,stu_AGZKP8305N,I am someone who can get stressed if I answer a question wrong,0.230999713,45,negative,frank,
6,stu_AGZKP8305N,"I am one who likes talking, a lot",0.503108984,44,positive,frank,
6,stu_AGZKP8305N,"I am one who likes talking, a lot",0.503108984,24,positive,frank,
7,stu_AGZKP8305N,I am someone who can get un-motivated by a topic if I find it too boring,0.8958427809999999,41,negative,clara,
8,stu_AGZKP8305N,I am someone who has ADHD,0.280953629,38,none,frank,
9,stu_AGZKP8305N,I am someone who can have trouble sleeping from anxiety,0.607496791,37,negative,clara,
10,stu_AGZKP8305N,I am someone who tries to keep my grades up,0.160152994,25,neutral,frank,
11,stu_AGZKP8305N,I am someone who enjoys math and science,0.14950671699999998,25,positive,frank,
11,stu_AGZKP8305N,I am someone who enjoys math and science,0.14950671699999998,24,positive,frank,
12,stu_AGZKP8305N,I am someone who can get stressed over deadlines,0.895841142,43,negative,clara,
13,stu_AGZKP8305N,I am someone who can get nervous for asking for help,0.554845134,45,negative,clara,
14,stu_AGZKP8305N,I am someone who likes to animate,0.835754159,26,positive,clara,
14,stu_AGZKP8305N,I am someone who likes to animate,0.835754159,24,positive,clara,
15,stu_AGZKP8305N,I am someone who can sometimes get distracted,0.39384997200000005,45,neutral,frank,
16,stu_AGZKP8305N,"I am someone who is trusting, unless you break it",0.062328565999999995,44,neutral,used for IRR check,
17,stu_AGZKP8305N,I am someone who can forget simple things often,0.46105888100000003,45,neutral,frank,
18,stu_AGZKP8305N,"I am someone who likes being active, if its nice out and I'm in the mood",0.7953691009999999,29,positive,clara,
18,stu_AGZKP8305N,"I am someone who likes being active, if its nice out and I'm in the mood",0.7953691009999999,24,positive,clara,
19,stu_AGZKP8305N,I am someone who likes to listen to music and daydream at the same time,0.8837988370000001,31,positive,clara,
19,stu_AGZKP8305N,I am someone who likes to listen to music and daydream at the same time,0.8837988370000001,24,positive,clara,
20,stu_AGZKP8305N,"I am myself, unique, and me.",0.43029429799999996,19,none,frank,
1,stu_APHPM7796P,A girl,0.574966271,2,girl,clara,
2,stu_APHPM7796P,Kind,0.42166233399999997,44,positive,frank,
3,stu_APHPM7796P,Eager to learn,0.617067623,25,positive,clara,
4,stu_APHPM7796P,Dancer,0.7105906259999999,26,neutral,clara,
5,stu_APHPM7796P,Actress,0.326256825,26,neutral,frank,
6,stu_APHPM7796P,Vocalist,0.28869749899999997,26,neutral,frank,
7,stu_APHPM7796P,Scientist-to-be,0.693680628,25,neutral,clara,
7,stu_APHPM7796P,Scientist-to-be,0.693680628,13,neutral,clara,
8,stu_APHPM7796P,A dream pharmacist,0.599624687,13,positive,clara,
9,stu_APHPM7796P,People person,0.72004958,44,positive,clara,
10,stu_APHPM7796P,Energetic,0.121950165,45,neutral,frank,
11,stu_APHPM7796P,Helpful,0.661849234,46,positive,clara,
12,stu_APHPM7796P,Artist,0.489430262,26,neutral,frank,
13,stu_APHPM7796P,Thinker,0.706250767,25,neutral,clara,
14,stu_APHPM7796P,Friendly,0.7741213020000001,44,positive,clara,
15,stu_APHPM7796P,Interesting,0.048681529,46,positive,used for IRR check,
16,stu_APHPM7796P,Welcoming,0.256297525,44,positive,frank,
17,stu_APHPM7796P,Tired,0.096940448,47,negative,frank,
18,stu_APHPM7796P,Water-drinker,0.848472476,31,neutral,clara,
19,stu_APHPM7796P,Influenced person,0.928811394,45,neutral,clara,
20,stu_APHPM7796P,Funny,0.974185362,46,positive,clara,
1,stu_AUZQS7805M,I am a girl.,0.143893824,2,girl,frank,
2,stu_AUZQS7805M,I am a 7th grader,0.5730404379999999,22,7thgrade,clara,
2,stu_AUZQS7805M,I am a 7th grader,0.5730404379999999,4,7thgrade,clara,
2,stu_AUZQS7805M,I am a 7th grader,0.5730404379999999,14,neutral,clara,
3,stu_AUZQS7805M,I am Haitian.,0.116092435,7,haitian,frank,
4,stu_AUZQS7805M,I am next to [first name].,0.24114019399999997,47,neutral,frank,
5,stu_AUZQS7805M,I am a person on the [school name] track team.,0.924721749,29,neutral,clara,
6,stu_AUZQS7805M,I am an older sister.,0.073838949,12,neutral,used for IRR check,
6,stu_AUZQS7805M,I am an older sister.,0.073838949,2,girl,used for IRR check,
7,stu_AUZQS7805M,I am a person whos always near a friend.,0.10399019400000001,44,positive,frank,
8,stu_AUZQS7805M,I am always hungry.,0.965015665,45,negative,clara,
9,stu_AUZQS7805M,I am trying to become a nurse.,0.7113132109999999,13,positive,clara,
10,stu_AUZQS7805M,I am trying to get into a good college.,0.634342934,14,positive,clara,
11,stu_AUZQS7805M,I am a person who gets mad over small things.,0.050757447000000004,45,negative,used for IRR check,
12,stu_AUZQS7805M,I am who loves hygiene.,0.777919369,24,positive,clara,
13,stu_AUZQS7805M,I am good friend.,0.9653567129999999,40,positive,clara,
13,stu_AUZQS7805M,I am good friend.,0.9653567129999999,10,positive,clara,
14,stu_AUZQS7805M,I am a person who likes trying to new things.,0.130074275,24,positive,frank,
15,stu_AUZQS7805M,I am a person who loves anything oreo.,0.9768170429999999,24,positive,clara,
16,stu_AUZQS7805M,I am a person who trys hard.,0.299574408,41,positive,frank,
16,stu_AUZQS7805M,I am a person who trys hard.,0.299574408,21,none,frank,
17,stu_AUZQS7805M,I am mean to my classmates.,0.272493568,44,negative,frank,
18,stu_AUZQS7805M,I am a person who is mean to [first name].,0.483229785,44,negative,frank,
19,stu_AUZQS7805M,I am a calm person.,0.228634403,45,positive,frank,
19,stu_AUZQS7805M,I am a calm person.,0.228634403,21,none,frank,
20,stu_AUZQS7805M,I am a person who needs a pencil all the time.,0.762204643,33,none,clara,
1,stu_AZSAJ4875U,Im a good listener,0.287481532,43,positive,frank,
2,stu_AZSAJ4875U,Im kind,0.080005272,44,positive,used for IRR check,
3,stu_AZSAJ4875U,Im respectful,0.677570398,44,positive,clara,
4,stu_AZSAJ4875U,Im nice,0.8785759479999999,44,positive,clara,
5,stu_AZSAJ4875U,I like donuts,0.22419306100000003,24,positive,frank,
6,stu_AZSAJ4875U,i like food,0.124765744,24,positive,frank,
7,stu_AZSAJ4875U,I like being on my phone,0.603883013,27,positive,clara,
7,stu_AZSAJ4875U,I like being on my phone,0.603883013,24,positive,clara,
8,stu_AZSAJ4875U,I like to be in my bed,0.023005201,31,positive,used for IRR check,
8,stu_AZSAJ4875U,I like to be in my bed,0.023005201,24,positive,used for IRR check,
9,stu_AZSAJ4875U,I like doing my mathia with my math teacher,0.529585605,25,positive,frank,
9,stu_AZSAJ4875U,I like doing my mathia with my math teacher,0.529585605,24,positive,frank,
10,stu_AZSAJ4875U,My favorite class to be in is my math class,0.490276266,25,positive,frank,
10,stu_AZSAJ4875U,My favorite class to be in is my math class,0.490276266,24,positive,frank,
11,stu_AZSAJ4875U,I love wearing sweaters,0.252815865,24,positive,frank,
12,stu_AZSAJ4875U,My birthday is in [date],0.295615371,48,none,frank,
13,stu_AZSAJ4875U,i got 2 dogs,0.33067732699999997,32,none,frank,
14,stu_AZSAJ4875U,i got 1 bird,0.924452811,32,neutral,clara,
15,stu_AZSAJ4875U,Im [student first + middle + last name],0.983741225,5,none,clara,
16,stu_AZSAJ4875U,i love traveling,0.325056621,24,positive,frank,
17,stu_AZSAJ4875U,i love wearing comfy clothes,0.868441217,24,positive,clara,
18,stu_AZSAJ4875U,I like doodling on my paper,0.472705559,26,positive,frank,
18,stu_AZSAJ4875U,I like doodling on my paper,0.472705559,24,positive,frank,
19,stu_AZSAJ4875U,i like playing soccer,0.807021798,29,positive,clara,
19,stu_AZSAJ4875U,i like playing soccer,0.807021798,24,positive,clara,
20,stu_AZSAJ4875U,i like takis,0.095276897,24,positive,used for IRR check,
1,stu_BKDWS8011M,I am a 7th grade student,0.374058089,22,seventhgrader,frank,
1,stu_BKDWS8011M,I am a 7th grade student,0.374058089,14,neutral,frank,
2,stu_BKDWS8011M,I am a girl,0.343534245,2,girl,frank,
3,stu_BKDWS8011M,I am the oldest,0.999671602,12,neutral,clara,
4,stu_BKDWS8011M,I am kind,0.170741781,44,positive,frank,
5,stu_BKDWS8011M,"I am Vietnamese, Chinese, and American",0.338476379,8,american,frank,
5,stu_BKDWS8011M,"I am Vietnamese, Chinese, and American",0.338476379,7,vietnameseandchinese,frank,
6,stu_BKDWS8011M,I am a bookworm,0.021576263999999998,25,neutral,used for IRR check,
7,stu_BKDWS8011M,I am tired,0.851150472,47,negative,clara,
8,stu_BKDWS8011M,I am artistic,0.426770694,26,neutral,frank,
9,stu_BKDWS8011M,I am quiet.....most times,0.788499008,44,neutral,clara,
10,stu_BKDWS8011M,I am an Honors student,0.749536414,25,positive,clara,
10,stu_BKDWS8011M,I am an Honors student,0.749536414,22,honorsstudent,clara,
11,stu_BKDWS8011M,I am an older sister to two brothers,0.6212683139999999,12,neutral,clara,
11,stu_BKDWS8011M,I am an older sister to two brothers,0.6212683139999999,2,girl,clara,
12,stu_BKDWS8011M,I am sleepy,0.33884706700000006,47,neutral,frank,
13,stu_BKDWS8011M,I am unsure of what to write next,0.066865852,47,neutral,used for IRR check,
14,stu_BKDWS8011M,I am not tall or short,0.11033449599999999,35,neutral,frank,
15,stu_BKDWS8011M,I am prepared,0.207456379,43,positive,frank,
16,stu_BKDWS8011M,I am forgetful,0.060704492,45,negative,used for IRR check,
17,stu_BKDWS8011M,I am typing hurridly,0.040108143,47,neutral,used for IRR check,
18,stu_BKDWS8011M,I am smart,0.855158683,43,positive,clara,
19,stu_BKDWS8011M,I am an animal lover,0.605487114,24,positive,clara,
20,stu_BKDWS8011M,I am not a person who curses frequently,0.17500528899999998,44,neutral,frank,
1,stu_BTOKM4244J,I am from Africa,0.19681990600000002,7,from african,frank,
2,stu_BTOKM4244J,I am a Soccer and Basketball player,0.44141118,29,neutral,frank,
3,stu_BTOKM4244J,I am the oldest sibling,0.9990594890000001,12,neutral,clara,
4,stu_BTOKM4244J,I am Originally from [country] (North Africa),0.160917156,7,north african,frank,
5,stu_BTOKM4244J,I am a YouTuber with 180+ subs,0.39091949299999995,27,neutral,frank,
5,stu_BTOKM4244J,I am a YouTuber with 180+ subs,0.39091949299999995,13,neutral,frank,
6,stu_BTOKM4244J,I am Muslim,0.240847719,16,muslim,frank,
7,stu_BTOKM4244J,I am 12,0.7823978509999999,4,12,clara,
8,stu_BTOKM4244J,I am a Fortnite Kid,0.50078329,28,neutral,frank,
9,stu_BTOKM4244J,I am almost done with Mathia,0.12864118900000002,47,neutral,frank,
10,stu_BTOKM4244J,I am Almost done with the whole lexia Grammar,0.194667882,47,neutral,frank,
11,stu_BTOKM4244J,I am That Guy,0.778681385,43,positive,clara,
12,stu_BTOKM4244J,I am A True friend,0.486556311,12,neutral,frank,
13,stu_BTOKM4244J,I am better than [initials] at basketball,0.164517943,29,positive,frank,
14,stu_BTOKM4244J,I am A PRO GAMER,0.995667104,28,positive,clara,
15,stu_BTOKM4244J,I am a Math star,0.532862111,43,positive,frank,
15,stu_BTOKM4244J,I am a Math star,0.532862111,25,positive,frank,
16,stu_BTOKM4244J,I am looking at [first name],0.890882249,47,neutral,clara,
17,stu_BTOKM4244J,I am about to leave math class,0.8769182059999999,47,neutral,clara,
18,stu_BTOKM4244J,I am a fighter,0.771400688,41,positive,clara,
19,stu_BTOKM4244J,I am Skinny,0.380224305,35,neutral,frank,
20,stu_BTOKM4244J,I am Not Fat,0.7054647959999999,35,neutral,clara,
1,stu_CKFZF0338R,I am a child,0.744111174,22,child,clara,
1,stu_CKFZF0338R,I am a child,0.744111174,4,child,clara,
2,stu_CKFZF0338R,I am a seventh grader,0.328078711,22,seventhgrader,frank,
2,stu_CKFZF0338R,I am a seventh grader,0.328078711,14,neutral,frank,
3,stu_CKFZF0338R,I am a girl,0.463378656,2,girl,frank,
4,stu_CKFZF0338R,I am a human,0.574322656,21,none,clara,
5,stu_CKFZF0338R,I am haitian,0.356580984,7,haitian,frank,
6,stu_CKFZF0338R,I am the youngest of the family,0.6303715120000001,12,neutral,clara,
7,stu_CKFZF0338R,I am a Christian,0.6480374010000001,16,christian,clara,
8,stu_CKFZF0338R,I am someone who wants better grades,0.54109823,25,neutral,clara,
8,stu_CKFZF0338R,I am someone who wants better grades,0.54109823,14,neutral,clara,
9,stu_CKFZF0338R,I am someone who likes to take care of babies,0.803603237,44,positive,clara,
9,stu_CKFZF0338R,I am someone who likes to take care of babies,0.803603237,24,positive,clara,
10,stu_CKFZF0338R,I am someone who likes to help others,0.09839407,44,positive,frank,
11,stu_CKFZF0338R,I am someone who likes pink.,0.758624227,24,positive,clara,
12,stu_CKFZF0338R,I am someone who thinks module 5 is better than the rest,0.012641878999999998,25,positive,used for IRR check,
13,stu_CKFZF0338R,I am someone who thinks the mathia robot is a boy,0.044101767,48,none,used for IRR check,
14,stu_CKFZF0338R,I am someone who likes to swim,0.030829289,29,positive,used for IRR check,
15,stu_CKFZF0338R,I am someone who likes oversized clothing,0.205823268,24,positive,frank,
16,stu_CKFZF0338R,I am someone who is turning into a responsible big kid.,0.9219977159999999,43,positive,clara,
16,stu_CKFZF0338R,I am someone who is turning into a responsible big kid.,0.9219977159999999,4,child,clara,
16,stu_CKFZF0338R,I am someone who is turning into a responsible big kid.,0.9219977159999999,22,child,clara,
17,stu_CKFZF0338R,I am someone who likes cats,0.251893981,24,positive,frank,
18,stu_CKFZF0338R,I am someone who likes volleyball,0.9889735340000001,29,positive,clara,
18,stu_CKFZF0338R,I am someone who likes volleyball,0.9889735340000001,24,positive,clara,
19,stu_CKFZF0338R,I am someone who likes water,0.193871586,24,positive,frank,
20,stu_CKFZF0338R,I am someone who got 3rd place in a spelling bee at elementary.,0.240507848,31,neutral,frank,
1,stu_COGEG8137Y,11 years old,0.082828457,4,11,used for IRR check,
2,stu_COGEG8137Y,6th grader,0.475120486,22,sixthgrader,frank,
2,stu_COGEG8137Y,6th grader,0.475120486,14,neutral,frank,
3,stu_COGEG8137Y,a person who likes drama club,0.972014041,26,positive,clara,
3,stu_COGEG8137Y,a person who likes drama club,0.972014041,24,positive,clara,
4,stu_COGEG8137Y,someone who enjoy's singing,0.724092016,26,positive,clara,
4,stu_COGEG8137Y,someone who enjoy's singing,0.724092016,24,positive,clara,
5,stu_COGEG8137Y,I like helping out,0.118864372,44,positive,frank,
5,stu_COGEG8137Y,I like helping out,0.118864372,24,positive,frank,
6,stu_COGEG8137Y,someone whose favorite color is pink,0.7984886459999999,24,positive,clara,
7,stu_COGEG8137Y,someone who enjoys watching shows,0.39412706,31,positive,frank,
7,stu_COGEG8137Y,someone who enjoys watching shows,0.39412706,24,positive,frank,
8,stu_COGEG8137Y,someone who who enjoys movies,0.86523936,31,positive,clara,
8,stu_COGEG8137Y,someone who who enjoys movies,0.86523936,24,positive,clara,
9,stu_COGEG8137Y,someone who enjoys books,0.8000516240000001,25,positive,clara,
9,stu_COGEG8137Y,someone who enjoys books,0.8000516240000001,24,positive,clara,
10,stu_COGEG8137Y,I like doing art,0.156065973,26,positive,frank,
10,stu_COGEG8137Y,I like doing art,0.156065973,24,positive,frank,
11,stu_COGEG8137Y,someone who enjoys doing nail art for fun,0.629954804,30,positive,clara,
12,stu_COGEG8137Y,my hobby is crocheting,0.565914927,26,neutral,clara,
13,stu_COGEG8137Y,I'm going to be 12 later on this year,0.99636557,4,11,clara,
14,stu_COGEG8137Y,I like having fun with my friends,0.919464838,31,positive,clara,
14,stu_COGEG8137Y,I like having fun with my friends,0.919464838,10,positive,clara,
14,stu_COGEG8137Y,I like having fun with my friends,0.919464838,24,positive,clara,
15,stu_COGEG8137Y,I like having fun with my family,0.371005708,24,positive,frank,
15,stu_COGEG8137Y,I like having fun with my family,0.371005708,12,positive,frank,
16,stu_COGEG8137Y,I have a pretty large family,0.891033324,12,neutral,clara,
17,stu_COGEG8137Y,I love going on vacation,0.374099137,24,positive,frank,
18,stu_COGEG8137Y,I am someone who enjoys going shopping,0.8772802590000001,31,positive,clara,
18,stu_COGEG8137Y,I am someone who enjoys going shopping,0.8772802590000001,24,positive,clara,
19,stu_COGEG8137Y,I like having fun with my cousins,0.633956281,31,positive,clara,
19,stu_COGEG8137Y,I like having fun with my cousins,0.633956281,12,neutral,clara,
19,stu_COGEG8137Y,I like having fun with my cousins,0.633956281,24,positive,clara,
20,stu_COGEG8137Y,I enjoy going to places with family and friends.,0.542464237,31,positive,clara,
20,stu_COGEG8137Y,I enjoy going to places with family and friends.,0.542464237,10,neutral,clara,
20,stu_COGEG8137Y,I enjoy going to places with family and friends.,0.542464237,12,neutral,clara,
20,stu_COGEG8137Y,I enjoy going to places with family and friends.,0.542464237,24,positive,clara,
1,stu_DLGAU8137C,I am a seventh grade student.,0.9795227190000001,22,7thgrade,clara,
1,stu_DLGAU8137C,I am a seventh grade student.,0.9795227190000001,4,7thgrade,clara,
1,stu_DLGAU8137C,I am a seventh grade student.,0.9795227190000001,14,neutral,clara,
2,stu_DLGAU8137C,I love to play basketball.,0.385639068,29,positive,frank,
2,stu_DLGAU8137C,I love to play basketball.,0.385639068,24,positive,frank,
3,stu_DLGAU8137C,My favorite color would be red.,0.466715119,24,positive,frank,
4,stu_DLGAU8137C,I am Haitian.,0.659163985,7,haitian,clara,
5,stu_DLGAU8137C,I am also Dominican.,0.6680881320000001,7,dominican,clara,
6,stu_DLGAU8137C,My favorite subject would have to be ELA or math.,0.483391678,25,positive,frank,
6,stu_DLGAU8137C,My favorite subject would have to be ELA or math.,0.483391678,24,positive,frank,
7,stu_DLGAU8137C,I would say I am pretty athletic.,0.513930821,29,neutral,frank,
8,stu_DLGAU8137C,I have big goals/dreams.,0.102920934,41,positive,frank,
9,stu_DLGAU8137C,I am next to [first name].,0.30367448199999997,47,neutral,frank,
10,stu_DLGAU8137C,I go by she/her,0.199018589,2,she/her,frank,
11,stu_DLGAU8137C,I would say I'm smart I just get confused.,0.256527054,43,positive,frank,
12,stu_DLGAU8137C,My all time food would be black rice.,0.19216652899999997,24,positive,frank,
13,stu_DLGAU8137C,I hope to achieve my goals when I'm older.,0.131008854,41,positive,frank,
14,stu_DLGAU8137C,I am 13 years old.,0.799083036,4,13,clara,
15,stu_DLGAU8137C,I am a big sister and a little sister.,0.7156638909999999,12,neutral,clara,
15,stu_DLGAU8137C,I am a big sister and a little sister.,0.7156638909999999,2,girl,clara,
16,stu_DLGAU8137C,I have 4 other siblings.,0.6451515520000001,12,neutral,clara,
17,stu_DLGAU8137C,I love cooking.,0.213029209,24,positive,frank,
18,stu_DLGAU8137C,People say I don't look my age.,0.286572387,46,neutral,frank,
19,stu_DLGAU8137C,I'm tall.,0.5221092629999999,35,neutral,frank,
20,stu_DLGAU8137C,I am confident sometimes.,0.9882044590000001,43,neutral,clara,
1,stu_DQGFA2151C,[student first name],0.695186358,5,none,clara,
2,stu_DQGFA2151C,student,0.704058738,14,neutral,clara,
3,stu_DQGFA2151C,baskeball player,0.355706066,29,neutral,frank,
4,stu_DQGFA2151C,a child,0.013977713999999999,22,child,used for IRR check,
4,stu_DQGFA2151C,a child,0.013977713999999999,4,child,used for IRR check,
5,stu_DQGFA2151C,I am a 6 grade student,0.775339235,22,6thgrade,clara,
5,stu_DQGFA2151C,I am a 6 grade student,0.775339235,4,6thgrade,clara,
5,stu_DQGFA2151C,I am a 6 grade student,0.775339235,14,neutral,clara,
6,stu_DQGFA2151C,I am MW2 player,0.443449596,28,neutral,frank,
7,stu_DQGFA2151C,I enjoy playing games.,0.685965618,31,positive,clara,
7,stu_DQGFA2151C,I enjoy playing games.,0.685965618,24,positive,clara,
8,stu_DQGFA2151C,I enjoy buying shoes.,0.311047949,47,neutral,frank,
9,stu_DQGFA2151C,I am 11.,0.11019554699999999,4,11 years old,frank,
10,stu_DQGFA2151C,I like playing basketball.,0.225728194,29,positive,frank,
10,stu_DQGFA2151C,I like playing basketball.,0.225728194,24,positive,frank,
11,stu_DQGFA2151C,I like riding my electric scooter.,0.24916902300000002,24,positive,frank,
12,stu_DQGFA2151C,I like playing games with my friends.,0.558303721,31,positive,clara,
12,stu_DQGFA2151C,I like playing games with my friends.,0.558303721,10,positive,clara,
12,stu_DQGFA2151C,I like playing games with my friends.,0.558303721,24,positive,clara,
13,stu_DQGFA2151C,I like talking to my friends.,0.230007997,24,positive,frank,
13,stu_DQGFA2151C,I like talking to my friends.,0.230007997,10,positive,frank,
14,stu_DQGFA2151C,I like shoes.,0.41613082799999995,24,positive,frank,
15,stu_DQGFA2151C,"I enjoy riding on my bike,",0.585681781,29,positive,clara,
15,stu_DQGFA2151C,"I enjoy riding on my bike,",0.585681781,24,positive,clara,
16,stu_DQGFA2151C,I like eating pizza.,0.14970771800000002,24,positive,frank,
17,stu_DQGFA2151C,I like swimming.,0.710712916,29,positive,clara,
17,stu_DQGFA2151C,I like swimming.,0.710712916,24,positive,clara,
18,stu_DQGFA2151C,Im healthy.,0.842029395,36,positive,clara,
19,stu_DQGFA2151C,I like drinking water.,0.13591751900000001,24,positive,frank,
20,stu_DQGFA2151C,I like to go in my trampoline.,0.8497244829999999,31,positive,clara,
20,stu_DQGFA2151C,I like to go in my trampoline.,0.8497244829999999,24,positive,clara,
1,stu_EJTTZ5380Q,I'm a 7th grade student,0.43447936600000003,22,seventhgrader,frank,
1,stu_EJTTZ5380Q,I'm a 7th grade student,0.43447936600000003,14,neutral,frank,
2,stu_EJTTZ5380Q,I go to [school name] Middle School,0.128745859,22,middleschooler,frank,
2,stu_EJTTZ5380Q,I go to [school name] Middle School,0.128745859,14,neutral,frank,
3,stu_EJTTZ5380Q,I am in the band and jazz band.,0.8935226479999999,26,neutral,clara,
4,stu_EJTTZ5380Q,I am an the oldest in my family.,0.9096742959999999,12,neutral,clara,
5,stu_EJTTZ5380Q,I'm a gamer,0.860744825,28,neutral,clara,
6,stu_EJTTZ5380Q,I own two dogs,0.6142509970000001,32,neutral,clara,
7,stu_EJTTZ5380Q,I'm Catholic,0.127814661,16,catholic,frank,
8,stu_EJTTZ5380Q,I'm not a fan of school,0.470769034,24,negative,frank,
9,stu_EJTTZ5380Q,I'm someone who sleeps rather late,0.810195784,35,neutral,clara,
10,stu_EJTTZ5380Q,I'm quite smart,0.223405157,43,positive,frank,
11,stu_EJTTZ5380Q,I'm part Irish with a little bit of Portuguese blood.,0.448411639,7,irish and portugueuse,frank,
12,stu_EJTTZ5380Q,I'm myself,0.9092988590000001,19,none,clara,
13,stu_EJTTZ5380Q,I'm someone who enjoys a lot of sports.,0.494972698,24,positive,frank,
14,stu_EJTTZ5380Q,I'm no one else,0.6046835070000001,19,none,clara,
15,stu_EJTTZ5380Q,I'm apart of the Nation Juniors Honor Society,0.064351955,25,nationalhonorssociety,used for IRR check,
15,stu_EJTTZ5380Q,I'm apart of the Nation Juniors Honor Society,0.064351955,18,neutral,used for IRR check,
16,stu_EJTTZ5380Q,I'm in a large group of people that I can truly call friends,0.03319314,10,positive,used for IRR check,
17,stu_EJTTZ5380Q,I'm someone who has manners,0.214883577,44,positive,frank,
18,stu_EJTTZ5380Q,I'm someone who jokes around sometimes,0.617275795,44,neutral,clara,
19,stu_EJTTZ5380Q,I am unsure what to write next.,0.248680199,47,none,frank,
20,stu_EJTTZ5380Q,I am someone who can get distracted easily.,0.716092428,41,negative,clara,
1,stu_EVJGP1336O,I am a student in the [school name] Middle School.,0.535547772,22,middleschooler,frank,
1,stu_EVJGP1336O,I am a student in the [school name] Middle School.,0.535547772,14,neutral,frank,
2,stu_EVJGP1336O,I am kind to a lot of people.,0.208329598,44,positive,frank,
3,stu_EVJGP1336O,I am very caring to everyone.,0.86932934,44,positive,clara,
4,stu_EVJGP1336O,I am very thoughtful.,0.326633483,45,positive,frank,
5,stu_EVJGP1336O,I am nice to everyone.,0.926379602,44,positive,clara,
6,stu_EVJGP1336O,I put my needs before everyone's elses.,0.086533073,44,neutral,used for IRR check,
6,stu_EVJGP1336O,I put my needs before everyone's elses.,0.086533073,40,neutral,used for IRR check,
7,stu_EVJGP1336O,I am respectful.,0.962531895,44,positive,clara,
8,stu_EVJGP1336O,I am intelligent.,0.10133359800000001,43,positive,frank,
9,stu_EVJGP1336O,I am nice to the teachers.,0.460005211,44,positive,frank,
10,stu_EVJGP1336O,I am very smart.,0.41533963399999996,43,positive,frank,
11,stu_EVJGP1336O,I am happy.,0.296929722,45,positive,frank,
12,stu_EVJGP1336O,I am where I belong.,0.044240687,42,positive,used for IRR check,
13,stu_EVJGP1336O,I am protected.,0.052186696,42,positive,used for IRR check,
14,stu_EVJGP1336O,I am happy.,0.13538886,45,positive,frank,
15,stu_EVJGP1336O,I am loved.,0.285901694,42,positive,frank,
16,stu_EVJGP1336O,I am responsible.,0.112225597,43,positive,frank,
17,stu_EVJGP1336O,I am creative.,0.981380838,43,positive,clara,
18,stu_EVJGP1336O,I am artistic.,0.750065553,43,positive,clara,
19,stu_EVJGP1336O,I am loyal.,0.7651874329999999,40,positive,clara,
20,stu_EVJGP1336O,I am very excited for this test.,0.617771644,47,positive,clara,
1,stu_FSPWJ4873F,A student,0.110626655,14,neutral,frank,
2,stu_FSPWJ4873F,[student first name],0.070918735,5,none,used for IRR check,
3,stu_FSPWJ4873F,[student first name],0.617195936,5,none,clara,
4,stu_FSPWJ4873F,[student first name],0.145278162,5,none,frank,
5,stu_FSPWJ4873F,[student first name],0.988724829,5,none,clara,
6,stu_FSPWJ4873F,[student first name],0.467680785,5,none,frank,
7,stu_FSPWJ4873F,[student first name],0.25391939199999997,5,none,frank,
8,stu_FSPWJ4873F,[student first name],0.612211678,5,none,clara,
9,stu_FSPWJ4873F,[student first name],0.39520699600000003,5,none,frank,
10,stu_FSPWJ4873F,[student first name],0.987935283,5,none,clara,
11,stu_FSPWJ4873F,a student,0.309154412,48,none,frank,
12,stu_FSPWJ4873F,[student first name],0.2875881,5,none,frank,
13,stu_FSPWJ4873F,[student first name],0.311914517,24,positive,frank,
14,stu_FSPWJ4873F,[student first name],0.569551766,5,none,clara,
15,stu_FSPWJ4873F,[student first name],0.213750446,5,none,frank,
16,stu_FSPWJ4873F,[student first name],0.515411055,5,none,frank,
17,stu_FSPWJ4873F,[student first name],0.6956563240000001,5,none,clara,
18,stu_FSPWJ4873F,[student first name],0.556249354,5,none,clara,
19,stu_FSPWJ4873F,[student first name],0.45010092799999996,5,none,frank,
20,stu_FSPWJ4873F,[student first name],0.304832145,5,none,frank,
1,stu_GFFKY6093O,A daydreamer.,0.205643732,45,neutral,frank,
2,stu_GFFKY6093O,a very creative person.,0.084817296,43,positive,used for IRR check,
2,stu_GFFKY6093O,a very creative person.,0.084817296,21,none,used for IRR check,
3,stu_GFFKY6093O,lost in thought often.,0.147328682,45,neutral,frank,
4,stu_GFFKY6093O,very pretty!,0.982435018,35,positive,clara,
5,stu_GFFKY6093O,a forgetful girl.,0.115525175,45,negative,frank,
5,stu_GFFKY6093O,a forgetful girl.,0.115525175,2,girl,frank,
6,stu_GFFKY6093O,a flower lover,0.071083825,24,positive,used for IRR check,
7,stu_GFFKY6093O,the sun of somebody's day,0.409551834,44,positive,frank,
8,stu_GFFKY6093O,sometimes one thing sometimes another.,0.699305128,42,neutral,clara,
9,stu_GFFKY6093O,tired all the time.,0.266910013,45,neutral,frank,
10,stu_GFFKY6093O,"someone i dont know yet,",0.930264003,42,neutral,clara,
11,stu_GFFKY6093O,a lover of horror games.,0.660115359,24,positive,clara,
12,stu_GFFKY6093O,[first name].,0.255710631,5,none,frank,
13,stu_GFFKY6093O,a person with interest in psychology.,0.164048912,25,positive,frank,
14,stu_GFFKY6093O,An author.,0.977287692,26,neutral,clara,
15,stu_GFFKY6093O,Someone who wants an older sister.,0.6748645259999999,33,neutral,clara,
15,stu_GFFKY6093O,Someone who wants an older sister.,0.6748645259999999,12,neutral,clara,
16,stu_GFFKY6093O,colorful.,0.39164954799999996,45,positive,frank,
17,stu_GFFKY6093O,Saved.,0.018881842,16,saved,used for IRR check,
18,stu_GFFKY6093O,"a person whos sometimes confident,",0.736093743,41,neutral,clara,
19,stu_GFFKY6093O,A book reader.,0.600058489,25,neutral,clara,
20,stu_GFFKY6093O,A person I don't want to be.,0.41675018799999997,42,negative,frank,
1,stu_HIOQV7845M,[student first name],0.8731466790000001,5,none,clara,
2,stu_HIOQV7845M,skincare ambassador,0.23222595899999998,13,neutral,frank,
3,stu_HIOQV7845M,A 12 year old,0.5675372670000001,4,12,clara,
4,stu_HIOQV7845M,A baker,0.20047907199999998,31,neutral,frank,
5,stu_HIOQV7845M,Am a biker,0.329865891,31,neutral,frank,
6,stu_HIOQV7845M,I am a gta player,0.30394712,28,neutral,frank,
7,stu_HIOQV7845M,I am walker,0.107730261,31,neutral,frank,
8,stu_HIOQV7845M,I am a smart person,0.377281918,43,positive,frank,
9,stu_HIOQV7845M,I am a sibling,0.206416834,12,neutral,frank,
10,stu_HIOQV7845M,I am a hard worker,0.6768491999999999,41,positive,clara,
11,stu_HIOQV7845M,I am a person,0.7975168029999999,21,none,clara,
12,stu_HIOQV7845M,I am a math person,0.641229713,25,neutral,clara,
12,stu_HIOQV7845M,I am a math person,0.641229713,22,mathperson,clara,
13,stu_HIOQV7845M,I am a science person,0.033032743999999996,25,positive,used for IRR check,
13,stu_HIOQV7845M,I am a science person,0.033032743999999996,22,scienceperson,used for IRR check,
14,stu_HIOQV7845M,I am a ela person,0.5045473629999999,25,neutral,frank,
15,stu_HIOQV7845M,A person that draws,0.42659154299999996,26,neutral,frank,
16,stu_HIOQV7845M,I am a person that like to write,0.6925557390000001,25,positive,clara,
16,stu_HIOQV7845M,I am a person that like to write,0.6925557390000001,24,positive,clara,
17,stu_HIOQV7845M,I am a sketch,0.186425683,48,none,frank,
18,stu_HIOQV7845M,I am a person that like shoes,0.224608515,24,positive,frank,
18,stu_HIOQV7845M,I am a person that like shoes,0.224608515,21,none,frank,
19,stu_HIOQV7845M,I am a person that does not like school,0.60671948,14,negative,clara,
20,stu_HIOQV7845M,I am a person that like to play basket ball,0.7844589940000001,29,positive,clara,
20,stu_HIOQV7845M,I am a person that like to play basket ball,0.7844589940000001,24,positive,clara,
1,stu_HQLEQ8686E,An Athlete,0.009154922,29,neutral,used for IRR check,
2,stu_HQLEQ8686E,A trustworthy person,0.65135702,46,positive,clara,
3,stu_HQLEQ8686E,A respectful student,0.581252028,44,positive,clara,
3,stu_HQLEQ8686E,A respectful student,0.581252028,14,positive,clara,
4,stu_HQLEQ8686E,A son,0.251100736,12,neutral,frank,
4,stu_HQLEQ8686E,A son,0.251100736,2,boy,frank,
5,stu_HQLEQ8686E,A brother,0.640703922,12,neutral,clara,
5,stu_HQLEQ8686E,A brother,0.640703922,2,boy,clara,
6,stu_HQLEQ8686E,A role Model,0.423849061,40,positive,frank,
7,stu_HQLEQ8686E,A soccer player,0.733599186,29,neutral,clara,
8,stu_HQLEQ8686E,A captain,0.756426514,22,captain,clara,
9,stu_HQLEQ8686E,I am competitive,0.41301791,44,neutral,frank,
10,stu_HQLEQ8686E,I am easily angered,0.131217491,44,negative,frank,
11,stu_HQLEQ8686E,I am forever loved,0.068642827,42,positive,used for IRR check,
12,stu_HQLEQ8686E,I am buff,0.557767376,35,neutral,clara,
13,stu_HQLEQ8686E,I am masculine,0.606433879,2,masculine,clara,
14,stu_HQLEQ8686E,I am amazing,0.588098725,43,positive,clara,
15,stu_HQLEQ8686E,I am wonderful,0.660222796,43,positive,clara,
16,stu_HQLEQ8686E,I am the best me,0.708052523,42,positive,clara,
16,stu_HQLEQ8686E,I am the best me,0.708052523,19,none,clara,
17,stu_HQLEQ8686E,I am special,0.7489291640000001,46,positive,clara,
18,stu_HQLEQ8686E,I am able to do anything if I try,0.960717802,43,positive,clara,
19,stu_HQLEQ8686E,I am capable,0.22908568399999998,43,positive,frank,
20,stu_HQLEQ8686E,I am ME,0.09968734,19,none,frank,
1,stu_ISGJY3101F,him,0.6667105720000001,48,none,clara,
2,stu_ISGJY3101F,cool,0.279625004,46,positive,frank,
3,stu_ISGJY3101F,nice,0.223363217,44,positive,frank,
4,stu_ISGJY3101F,friendly,0.201347153,44,positive,frank,
5,stu_ISGJY3101F,black,0.185309219,6,black,frank,
6,stu_ISGJY3101F,fun,0.13911790699999999,45,positive,frank,
7,stu_ISGJY3101F,child,0.7592024959999999,22,child,clara,
7,stu_ISGJY3101F,child,0.7592024959999999,4,child,clara,
8,stu_ISGJY3101F,kid,0.560742049,22,child,clara,
8,stu_ISGJY3101F,kid,0.560742049,4,child,clara,
9,stu_ISGJY3101F,fine,0.12359764,47,neutral,frank,
10,stu_ISGJY3101F,boy,0.333200981,2,boy,frank,
11,stu_ISGJY3101F,i love math,0.520508902,25,positive,frank,
11,stu_ISGJY3101F,i love math,0.520508902,24,positive,frank,
12,stu_ISGJY3101F,so,0.024082489,48,none,used for IRR check,
13,stu_ISGJY3101F,word,0.841852182,48,none,clara,
14,stu_ISGJY3101F,smart,0.591258234,43,positive,clara,
15,stu_ISGJY3101F,basketball,0.444359602,29,neutral,frank,
16,stu_ISGJY3101F,football,0.093240194,48,none,used for IRR check,
17,stu_ISGJY3101F,tall,0.23112020600000002,35,neutral,frank,
18,stu_ISGJY3101F,taken,0.541617544,48,none,clara,
19,stu_ISGJY3101F,i like dogs,0.9834336909999999,24,positive,clara,
20,stu_ISGJY3101F,i like cats,0.290091645,24,postitive,frank,
1,stu_JDLQP0371P,smart,0.715456694,43,positive,clara,
2,stu_JDLQP0371P,kind,0.118593307,44,positive,frank,
3,stu_JDLQP0371P,believer,0.481013216,16,believer,frank,
4,stu_JDLQP0371P,pretty,0.98124167,35,positive,clara,
5,stu_JDLQP0371P,respectful,0.040625493,44,positive,used for IRR check,
6,stu_JDLQP0371P,fashionist,0.257247874,26,neutral,frank,
7,stu_JDLQP0371P,short,0.018921369,35,neutral,used for IRR check,
8,stu_JDLQP0371P,singer,0.067396421,26,neutral,used for IRR check,
9,stu_JDLQP0371P,dancer,0.9391340859999999,26,neutral,clara,
10,stu_JDLQP0371P,generous,0.608670531,44,positive,clara,
11,stu_JDLQP0371P,young,0.102874816,4,child,frank,
12,stu_JDLQP0371P,talkative,0.512817641,44,neutral,frank,
13,stu_JDLQP0371P,thinker,0.54210062,25,neutral,clara,
14,stu_JDLQP0371P,helpful,0.645292549,46,positive,clara,
15,stu_JDLQP0371P,uncalm,0.097301296,45,negative,frank,
16,stu_JDLQP0371P,funny,0.844714203,46,positive,clara,
17,stu_JDLQP0371P,fun loving,0.23311059,44,postive,frank,
18,stu_JDLQP0371P,sassy,0.782110047,44,neutral,clara,
19,stu_JDLQP0371P,actress,0.392496411,26,neutral,frank,
19,stu_JDLQP0371P,actress,0.392496411,2,girl,frank,
20,stu_JDLQP0371P,translating,0.174849705,47,neutral,frank,
1,stu_KCGJR0046I,I am a 7th grader,0.43604710799999996,22,seventhgrader,frank,
1,stu_KCGJR0046I,I am a 7th grader,0.43604710799999996,14,neutral,frank,
2,stu_KCGJR0046I,I play softball for the [team name],0.065042137,29,softballplayer,used for IRR check,
2,stu_KCGJR0046I,I play softball for the [team name],0.065042137,18,softballplayer,used for IRR check,
3,stu_KCGJR0046I,i am 13years old,0.94114285,4,13,clara,
4,stu_KCGJR0046I,I am an only child,0.439322105,12,neutral,frank,
5,stu_KCGJR0046I,i am a bestfriend,0.9814767790000001,10,positive,clara,
6,stu_KCGJR0046I,I am funny,0.24867036899999997,45,positive,frank,
7,stu_KCGJR0046I,I am good with kids,0.38317535700000005,44,positive,frank,
8,stu_KCGJR0046I,I love mint chocolate chip ice cream,0.878325604,24,positive,clara,
9,stu_KCGJR0046I,I am a daughter,0.068970608,12,neutral,used for IRR check,
9,stu_KCGJR0046I,I am a daughter,0.068970608,2,girl,used for IRR check,
10,stu_KCGJR0046I,I am always sleepy,0.030594362000000003,45,neutral,used for IRR check,
11,stu_KCGJR0046I,I am Philopena and Puerto Rican,0.691793911,7,filipina and puerto rican,clara,
12,stu_KCGJR0046I,I like to draw,0.18788598399999998,26,positive,frank,
12,stu_KCGJR0046I,I like to draw,0.18788598399999998,24,positive,frank,
13,stu_KCGJR0046I,My favorite subject is history,0.5932757120000001,25,positive,clara,
13,stu_KCGJR0046I,My favorite subject is history,0.5932757120000001,14,positive,clara,
13,stu_KCGJR0046I,My favorite subject is history,0.5932757120000001,24,positive,clara,
14,stu_KCGJR0046I,I am like .5% Hawaiian,0.5083435470000001,7,hawaiian,frank,
15,stu_KCGJR0046I,I have two cats,0.299814759,32,none,frank,
16,stu_KCGJR0046I,I love to go on walks,0.038695932999999995,29,positive,used for IRR check,
16,stu_KCGJR0046I,I love to go on walks,0.038695932999999995,24,positive,used for IRR check,
17,stu_KCGJR0046I,I love shopping,0.6811195179999999,30,positive,clara,
17,stu_KCGJR0046I,I love shopping,0.6811195179999999,24,positive,clara,
18,stu_KCGJR0046I,I love eating,0.715476283,31,positive,clara,
18,stu_KCGJR0046I,I love eating,0.715476283,24,positive,clara,
19,stu_KCGJR0046I,I am cool,0.8566344709999999,46,positive,clara,
20,stu_KCGJR0046I,I am a sweet and salty person,0.668932987,44,neutral,clara,
1,stu_KHMHV6549P,a child,0.122089962,4,child,frank,
2,stu_KHMHV6549P,a girl,0.620849375,2,girl,clara,
3,stu_KHMHV6549P,a baker,0.6802301070000001,31,neutral,clara,
4,stu_KHMHV6549P,a student,0.027670907999999998,14,neutral,used for IRR check,
5,stu_KHMHV6549P,a best friend,0.570365556,10,positive,clara,
6,stu_KHMHV6549P,a sister,0.17689173100000002,12,neutral,frank,
6,stu_KHMHV6549P,a sister,0.17689173100000002,2,girl,frank,
7,stu_KHMHV6549P,a dog owner,0.47926490299999996,32,none,frank,
8,stu_KHMHV6549P,a friend,0.6045921710000001,10,neutral,clara,
9,stu_KHMHV6549P,a sneaker head,0.174296582,30,neutral,frank,
10,stu_KHMHV6549P,a stylest,0.611698425,30,neutral,clara,
11,stu_KHMHV6549P,a latio,0.21803023800000002,7,latino,frank,
12,stu_KHMHV6549P,a helper,0.199183255,44,positive,frank,
13,stu_KHMHV6549P,a fan,0.321263156,48,none,frank,
14,stu_KHMHV6549P,a typer,0.444514887,27,neutral,frank,
15,stu_KHMHV6549P,a book worm,0.612012952,25,neutral,clara,
16,stu_KHMHV6549P,a 12 yearold,0.030688225,4,12,used for IRR check,
17,stu_KHMHV6549P,a smartie,0.008269081,43,positive,used for IRR check,
1,stu_KZEBH3470C,my favorite color is pink almost everything I own is pink.,0.536468936,24,positive,frank,
2,stu_KZEBH3470C,I'm Brazilian.,0.12089248400000001,7,brazilian,frank,
3,stu_KZEBH3470C,I am an overthinker at times.,0.128546192,45,negative,frank,
4,stu_KZEBH3470C,I do dance.,0.968996972,26,neutral,clara,
5,stu_KZEBH3470C,I am a girl.,0.400788081,2,girl,frank,
6,stu_KZEBH3470C,I workout every week.,0.9611149859999999,29,neutral,clara,
7,stu_KZEBH3470C,My favorite food is rice.,0.24681967100000002,24,positive,frank,
8,stu_KZEBH3470C,I have glasses.,0.312228624,35,neutral,frank,
9,stu_KZEBH3470C,My hair is dyed to be pink but now is blonde.,0.278408557,35,neutral,frank,
10,stu_KZEBH3470C,I speak Portuguese.,0.058132591,31,neutral,used for IRR check,language
11,stu_KZEBH3470C,I'm not athletic,0.43076950700000005,43,neutral,frank,
12,stu_KZEBH3470C,I like writing.,0.761014477,25,positive,clara,
12,stu_KZEBH3470C,I like writing.,0.761014477,24,positive,clara,
13,stu_KZEBH3470C,I'm not strong in math,0.051148328,25,negative,used for IRR check,
14,stu_KZEBH3470C,I am more strong in English.,0.9747198159999999,25,positive,clara,
14,stu_KZEBH3470C,I am more strong in English.,0.9747198159999999,14,positive,clara,
15,stu_KZEBH3470C,Pronouns are she/her.,0.331777926,2,she/her,frank,
16,stu_KZEBH3470C,I'm straight.,0.158872089,3,straight,frank,
17,stu_KZEBH3470C,I stress a lot over little things.,0.45384479899999997,45,negative,frank,
18,stu_KZEBH3470C,I'm hard on myself.,0.299719719,45,neutal,frank,
19,stu_KZEBH3470C,I get nervous.,0.26492747,45,neutral,frank,
20,stu_KZEBH3470C,I was stressed about answering these questions.,0.820807242,47,negative,clara,
2,stu_LLHUT8775H,human,0.38793760899999996,21,none,frank,
2,stu_LLHUT8775H,grown kid,0.479354455,4,child,frank,
4,stu_LLHUT8775H,someone,0.025783767000000003,21,none,used for IRR check,
4,stu_LLHUT8775H,person,0.249151873,21,none,frank,
6,stu_LLHUT8775H,somebody,0.297678503,19,none,frank,
6,stu_LLHUT8775H,kid,0.865422445,22,child,clara,
6,stu_LLHUT8775H,kid,0.865422445,4,child,clara,
8,stu_LLHUT8775H,someone you don't know,0.168698063,48,none,frank,
8,stu_LLHUT8775H,girl,0.45794880299999996,2,girl,frank,
10,stu_LLHUT8775H,lady,0.18650251899999998,2,girl,frank,
10,stu_LLHUT8775H,somebody you don't know,0.656743224,20,none,clara,
12,stu_LLHUT8775H,woman,0.612743548,2,woman,clara,
12,stu_LLHUT8775H,student,0.9231253220000001,14,neutral,clara,
14,stu_LLHUT8775H,someone you will or not meet,0.103013223,48,none,frank,
14,stu_LLHUT8775H,not a monster,0.9642908309999999,40,positive,clara,
16,stu_LLHUT8775H,not an animal,0.290308728,48,none,frank,
16,stu_LLHUT8775H,somebody you will or not meet,0.384355114,20,none,frank,
18,stu_LLHUT8775H,not an alien,0.540344698,21,none,clara,
18,stu_LLHUT8775H,normal kid,0.8965872909999999,46,neutral,clara,
18,stu_LLHUT8775H,normal kid,0.8965872909999999,4,child,clara,
18,stu_LLHUT8775H,normal kid,0.8965872909999999,22,child,clara,
20,stu_LLHUT8775H,little kid,0.05582983,22,child,used for IRR check,
20,stu_LLHUT8775H,little kid,0.05582983,4,child,used for IRR check,
20,stu_LLHUT8775H,normal human,0.9192186809999999,46,neutral,clara,
20,stu_LLHUT8775H,normal human,0.9192186809999999,21,none,clara,
1,stu_LMIGF8560S,smart,0.894275574,43,positive,clara,
2,stu_LMIGF8560S,strong,0.619846354,35,positive,clara,
3,stu_LMIGF8560S,confident,0.8389593679999999,43,positive,clara,
4,stu_LMIGF8560S,brave,0.036759642,43,positive,used for IRR check,
5,stu_LMIGF8560S,kindly,0.026700994,44,positive,used for IRR check,
6,stu_LMIGF8560S,tall,0.35456809899999997,35,neutral,frank,
7,stu_LMIGF8560S,confident,0.326140565,45,positive,frank,
8,stu_LMIGF8560S,respectful,0.10031937199999999,40,positive,frank,
9,stu_LMIGF8560S,young,0.167964925,4,child,frank,
10,stu_LMIGF8560S,handsome,0.610906131,35,positive,clara,
11,stu_LMIGF8560S,playful,0.40049587200000003,44,positive,frank,
12,stu_LMIGF8560S,anoying sometimes,0.073353154,46,negative,used for IRR check,
13,stu_LMIGF8560S,patient,0.562503255,45,positive,clara,
14,stu_LMIGF8560S,participater,0.225802814,31,neutral,frank,
15,stu_LMIGF8560S,sportful,0.8914199540000001,29,neutral,clara,
16,stu_LMIGF8560S,focus,0.247253101,48,none,frank,
17,stu_LMIGF8560S,courage,0.258458793,48,none,frank,
18,stu_LMIGF8560S,anime watcher,0.25435773,31,neutral,frank,
19,stu_LMIGF8560S,motivator,0.545797371,44,positive,clara,
20,stu_LMIGF8560S,I love every class,0.6235649870000001,14,positive,clara,
1,stu_LOGLA0073Z,I am a video game developer,0.90413439,28,neutral,clara,
2,stu_LOGLA0073Z,I am a 6th grader in [school name],0.63230018,22,6thgrade,clara,
2,stu_LOGLA0073Z,I am a 6th grader in [school name],0.63230018,4,6thgrade,clara,
2,stu_LOGLA0073Z,I am a 6th grader in [school name],0.63230018,14,neutral,clara,
3,stu_LOGLA0073Z,I am a person that plays video games,0.732012225,28,neutral,clara,
4,stu_LOGLA0073Z,I am somebody who completed Lexia early.,0.096016469,14,positive,used for IRR check,
5,stu_LOGLA0073Z,I am somebody that finished Mathia early,0.314222073,47,neutral,frank,
6,stu_LOGLA0073Z,I am brave,0.600177277,43,positive,clara,
7,stu_LOGLA0073Z,I am somebody that is in [honor society name],0.242516048,25,neutral,frank,
8,stu_LOGLA0073Z,I am somebody that is frustrated with Mathstream.,0.39746318,47,negative,frank,
9,stu_LOGLA0073Z,I am somebody that enjoys math.,0.277282782,25,positive,frank,
9,stu_LOGLA0073Z,I am somebody that enjoys math.,0.277282782,24,positive,frank,
10,stu_LOGLA0073Z,I am someone that loves reading.,0.277362588,25,positive,frank,
10,stu_LOGLA0073Z,I am someone that loves reading.,0.277362588,24,positive,frank,
11,stu_LOGLA0073Z,I am somebody that loves speaking my mind about problems.,0.708971198,41,positive,clara,
11,stu_LOGLA0073Z,I am somebody that loves speaking my mind about problems.,0.708971198,24,positive,clara,
12,stu_LOGLA0073Z,I am somebody that won an eversource challenge,0.9095814759999999,43,positive,clara,
13,stu_LOGLA0073Z,I am somebody that finished cub scouts,0.543354408,43,positive,clara,
14,stu_LOGLA0073Z,I am somebody that got [ranking] place in the pinewood derby,0.125686521,29,neutral,frank,
15,stu_LOGLA0073Z,I am somebody who has an amazing family,0.21042092,12,positive,frank,
16,stu_LOGLA0073Z,I am funny.,0.872215532,46,positive,clara,
17,stu_LOGLA0073Z,I am someone that is distracted easily,0.8084292009999999,41,negative,clara,
18,stu_LOGLA0073Z,I am someone that has awesome friends.,0.9258441340000001,10,positive,clara,
19,stu_LOGLA0073Z,I am somebody that is extremely curious in science.,0.738491048,25,positive,clara,
20,stu_LOGLA0073Z,I am somebody that loves lots of music.,0.806089037,26,positive,clara,
20,stu_LOGLA0073Z,I am somebody that loves lots of music.,0.806089037,24,positive,clara,
1,stu_LZYOJ9601W,I 'am smart,0.49589351200000004,43,positive,frank,
2,stu_LZYOJ9601W,I' am calm,0.573117714,45,neutral,clara,
3,stu_LZYOJ9601W,I 'am tall,0.730366098,35,neutral,clara,
4,stu_LZYOJ9601W,I'am funny,0.083343949,45,positive,used for IRR check,
5,stu_LZYOJ9601W,I'am like sports,0.584985915,24,positive,clara,
6,stu_LZYOJ9601W,I'am like gril,0.912398837,48,none,clara,
7,stu_LZYOJ9601W,I 'dont like to listen,0.7409487779999999,45,negative,clara,
8,stu_LZYOJ9601W,I like  play soccer,0.704822023,29,positive,clara,
8,stu_LZYOJ9601W,I like  play soccer,0.704822023,24,positive,clara,
9,stu_LZYOJ9601W,"I, like shoes",0.532467502,24,positive,frank,
10,stu_LZYOJ9601W,I love my sicience class,0.17507582100000002,25,positive,frank,
10,stu_LZYOJ9601W,I love my sicience class,0.17507582100000002,24,positive,frank,
11,stu_LZYOJ9601W,I'm pretty,0.511152161,35,positive,frank,
12,stu_LZYOJ9601W,I'm beliver,0.30721628300000003,5,none,frank,
13,stu_LZYOJ9601W,"I,m like phone",0.299628399,24,positive,frank,
14,stu_LZYOJ9601W,"I,m like eat",0.7762664570000001,48,none,clara,
15,stu_LZYOJ9601W,"""I'm like music",0.636316956,24,positive,clara,
16,stu_LZYOJ9601W,"I,m like christiano ronaldo",0.957590552,24,positive,clara,
17,stu_LZYOJ9601W,"I,m like cardi b",0.399929482,45,neutral,frank,
18,stu_LZYOJ9601W,"I,m like hati foods",0.117629225,24,positive,frank,
19,stu_LZYOJ9601W,"i,m like wachtings movies",0.569299876,31,positive,clara,
19,stu_LZYOJ9601W,"i,m like wachtings movies",0.569299876,24,positive,clara,
20,stu_LZYOJ9601W,"I,m like gentil",0.842554435,48,none,clara,
1,stu_MHVWW3327H,a boy,0.943522593,2,boy,clara,
2,stu_MHVWW3327H,a base ball player,0.286695102,29,neutral,frank,
3,stu_MHVWW3327H,a kid,0.037142682,22,child,used for IRR check,
3,stu_MHVWW3327H,a kid,0.037142682,4,child,used for IRR check,
4,stu_MHVWW3327H,I want to be a author,0.342694654,13,neutral,frank,
5,stu_MHVWW3327H,I think I am funny,0.334010197,45,positive,frank,
6,stu_MHVWW3327H,happy,0.59808881,45,positive,clara,
7,stu_MHVWW3327H,a person,0.902995239,21,none,clara,
8,stu_MHVWW3327H,a math guy,0.960436098,25,neutral,clara,
8,stu_MHVWW3327H,a math guy,0.960436098,2,boy,clara,
9,stu_MHVWW3327H,a ELA guy,0.598310595,14,neutral,clara,
10,stu_MHVWW3327H,I like to draw,0.7640419540000001,26,positive,clara,
10,stu_MHVWW3327H,I like to draw,0.7640419540000001,24,positive,clara,
11,stu_MHVWW3327H,I to play video games,0.9756543129999999,28,neutral,clara,
12,stu_MHVWW3327H,I like to play with my friends,0.323594844,14,positive,frank,
12,stu_MHVWW3327H,I like to play with my friends,0.323594844,10,positive,frank,
13,stu_MHVWW3327H,I like to play with my family,0.111049255,24,positive,frank,
13,stu_MHVWW3327H,I like to play with my family,0.111049255,12,positive,frank,
14,stu_MHVWW3327H,I only drink water,0.769674376,31,neutral,clara,
15,stu_MHVWW3327H,I really like fries,0.766249737,24,positive,clara,
16,stu_MHVWW3327H,I really like bacon,0.090415988,24,positive,used for IRR check,
17,stu_MHVWW3327H,I really like breakfast food,0.127461679,24,positive,frank,
18,stu_MHVWW3327H,I really like brunch,0.516125708,24,positive,frank,
19,stu_MHVWW3327H,I like amusement parks,0.557949404,24,positive,clara,
20,stu_MHVWW3327H,I like super hero's (Spider man,0.8032335420000001,24,positive,clara,
1,stu_MXXDK3270V,I am young black girl.,0.630394351,6,black,clara,
1,stu_MXXDK3270V,I am young black girl.,0.630394351,2,girl,clara,
1,stu_MXXDK3270V,I am young black girl.,0.630394351,4,young,clara,
2,stu_MXXDK3270V,I am a student at [school name] Middle School.,0.268835492,22,middleschooler,frank,
2,stu_MXXDK3270V,I am a student at [school name] Middle School.,0.268835492,14,neutral,frank,
3,stu_MXXDK3270V,I am cape verden.,0.634412573,7,cape verdean,clara,
4,stu_MXXDK3270V,I'm someone who loves to dance.,0.768345334,26,positive,clara,
4,stu_MXXDK3270V,I'm someone who loves to dance.,0.768345334,24,positive,clara,
5,stu_MXXDK3270V,I'm someone who wants [city name of school] to be a better place.,0.203555674,47,neutral,frank,
6,stu_MXXDK3270V,I am someone who loves my family,0.25154749,24,positive,frank,
6,stu_MXXDK3270V,I am someone who loves my family,0.25154749,12,positive,frank,
7,stu_MXXDK3270V,I am a hardworking young girl,0.647276813,41,positive,clara,
7,stu_MXXDK3270V,I am a hardworking young girl,0.647276813,2,girl,clara,
7,stu_MXXDK3270V,I am a hardworking young girl,0.647276813,4,young,clara,
8,stu_MXXDK3270V,I am someone who has good grades,0.577515343,14,positive,clara,
9,stu_MXXDK3270V,I am someone who would love to be a better person and just have a good life with being me.,0.7369225709999999,41,positive,clara,
9,stu_MXXDK3270V,I am someone who would love to be a better person and just have a good life with being me.,0.7369225709999999,19,none,clara,
10,stu_MXXDK3270V,I am someone who is emotional.,0.644617448,45,neutral,clara,
11,stu_MXXDK3270V,I am someone who likes basketball.,0.17745762399999998,24,positive,frank,
12,stu_MXXDK3270V,I am someone who likes being alone.,0.454273466,44,neutral,frank,
13,stu_MXXDK3270V,I am someone who would do anything to save the people important in my life.,0.6712657129999999,44,positive,clara,
13,stu_MXXDK3270V,I am someone who would do anything to save the people important in my life.,0.6712657129999999,41,positive,clara,
14,stu_MXXDK3270V,I am someone who is a big sister maybe not the best but I am a sister.,0.589130401,12,negative,clara,
14,stu_MXXDK3270V,I am someone who is a big sister maybe not the best but I am a sister.,0.589130401,2,girl,clara,
15,stu_MXXDK3270V,I am someone who likes to help people,0.051933497,44,positive,used for IRR check,
16,stu_MXXDK3270V,I am someone who wants everyone to be peaceful.,0.248325904,42,none,frank,
17,stu_MXXDK3270V,"I am a daughter, cousin, sister.",0.496509494,12,neutral,frank,
17,stu_MXXDK3270V,"I am a daughter, cousin, sister.",0.496509494,2,girl,frank,
18,stu_MXXDK3270V,I am someone who wants to have fame,0.045972986,41,positive,used for IRR check,
19,stu_MXXDK3270V,"I am someone who is active, and energetic.",0.885978602,44,positive,clara,
20,stu_MXXDK3270V,"I am someone who loves people, clothes, shoes, and once I heard the question who am I, I didn't know but I finally found my true self.",0.542875397,24,positive,clara,
20,stu_MXXDK3270V,"I am someone who loves people, clothes, shoes, and once I heard the question who am I, I didn't know but I finally found my true self.",0.542875397,19,none,clara,
1,stu_NEKRF5472J,student,0.537231944,14,neutral,frank,
2,stu_NEKRF5472J,kind,0.090013539,44,positive,used for IRR check,
3,stu_NEKRF5472J,respectful,0.558189582,44,positive,clara,
4,stu_NEKRF5472J,responsible,0.5719806789999999,43,positive,clara,
5,stu_NEKRF5472J,loyal,0.7526605470000001,40,positive,clara,
6,stu_NEKRF5472J,CV,0.9552592209999999,48,none,clara,
7,stu_NEKRF5472J,hardworking,0.8368397890000001,41,positive,clara,
8,stu_NEKRF5472J,smart,0.146194311,43,positive,frank,
9,stu_NEKRF5472J,caring,0.570716908,44,positive,clara,
10,stu_NEKRF5472J,creative,0.5670270279999999,43,positive,clara,
11,stu_NEKRF5472J,A kid,0.281628402,4,child,frank,
12,stu_NEKRF5472J,a friend,0.47345241299999996,10,neutral,frank,
13,stu_NEKRF5472J,a daughter,0.54904826,12,neutral,clara,
13,stu_NEKRF5472J,a daughter,0.54904826,2,girl,clara,
14,stu_NEKRF5472J,nice,0.094512696,44,positive,used for IRR check,
15,stu_NEKRF5472J,brave,0.7346906190000001,41,positive,clara,
16,stu_NEKRF5472J,achiever,0.568519067,41,positive,clara,
17,stu_NEKRF5472J,listener,0.507223202,44,positive,frank,
18,stu_NEKRF5472J,leader,0.16595135800000002,44,positive,frank,
19,stu_NEKRF5472J,awesome,0.526630704,43,positive,frank,
20,stu_NEKRF5472J,intelligent,0.895706033,43,positive,clara,
1,stu_NOZOJ9789V,artistic,0.829852768,43,positive,clara,
2,stu_NOZOJ9789V,kind,0.139062207,44,positive,frank,
3,stu_NOZOJ9789V,funny,0.323786136,45,positive,frank,
4,stu_NOZOJ9789V,nice,0.523928072,44,positive,frank,
5,stu_NOZOJ9789V,friendly,0.39588001899999997,44,positive,frank,
6,stu_NOZOJ9789V,boring,0.6914012140000001,46,negative,clara,
7,stu_NOZOJ9789V,short,0.33270037,35,neutral,frank,
8,stu_NOZOJ9789V,smart,0.922891252,43,positive,clara,
9,stu_NOZOJ9789V,a person,0.831185517,21,none,clara,
10,stu_NOZOJ9789V,not tall,0.038232337000000005,35,neutral,used for IRR check,
11,stu_NOZOJ9789V,white,0.842798575,6,white,clara,
12,stu_NOZOJ9789V,American,0.951448605,8,american,clara,
13,stu_NOZOJ9789V,Germen,0.5329981460000001,7,german,frank,
14,stu_NOZOJ9789V,Irish,0.884272114,7,irish,clara,
15,stu_NOZOJ9789V,British,0.072697522,8,british,used for IRR check,
16,stu_NOZOJ9789V,Portuguese,0.38643626299999995,7,portuguese,frank,
17,stu_NOZOJ9789V,Ukrainian,0.22827095100000003,7,ukrainian,frank,
18,stu_NOZOJ9789V,Blind,0.254318608,36,neutral,frank,
19,stu_NOZOJ9789V,I like the Dallas Mavericks,0.19315268800000002,24,positive,frank,
20,stu_NOZOJ9789V,I like Luka Doncic,0.865398275,24,positive,clara,
1,stu_OOZVD2952W,Gymnast,0.072958329,29,neutral,used for IRR check,
2,stu_OOZVD2952W,I am a student at the [school name] middle school in [city name].,0.866438707,14,neutral,clara,
2,stu_OOZVD2952W,I am a student at the [school name] middle school in [city name].,0.866438707,9,[cityname],clara,
3,stu_OOZVD2952W,Dancer,0.200450412,26,neutral,frank,
4,stu_OOZVD2952W,Flexible with my back.,0.889727921,35,neutral,clara,
5,stu_OOZVD2952W,Kind,0.050976445999999995,44,positive,used for IRR check,
6,stu_OOZVD2952W,I am an honors student.,0.20265415399999998,25,positive,frank,
6,stu_OOZVD2952W,I am an honors student.,0.20265415399999998,14,neutral,frank,
7,stu_OOZVD2952W,I love the warm weather and summer.,0.8758449779999999,24,positive,clara,
8,stu_OOZVD2952W,Honest,0.952816015,40,positive,clara,
9,stu_OOZVD2952W,Responsible,0.155081865,40,positive,frank,
10,stu_OOZVD2952W,I am a hard worker.,0.7131503240000001,41,positive,clara,
11,stu_OOZVD2952W,I love swimming.,0.679717494,29,positive,clara,
11,stu_OOZVD2952W,I love swimming.,0.679717494,24,positive,clara,
12,stu_OOZVD2952W,I love the beach,0.8567567859999999,24,positive,clara,
13,stu_OOZVD2952W,I am exided for the interview.,0.45917953200000006,47,positive,frank,
14,stu_OOZVD2952W,I love doing dance and gymnastics.,0.47774342700000005,29,positive,frank,
14,stu_OOZVD2952W,I love doing dance and gymnastics.,0.47774342700000005,24,positive,frank,
14,stu_OOZVD2952W,I love doing dance and gymnastics.,0.47774342700000005,26,positive,frank,
15,stu_OOZVD2952W,Loyal,0.050951605999999997,44,positive,used for IRR check,
16,stu_OOZVD2952W,I love cookie dough.,0.297162535,24,positive,frank,
17,stu_OOZVD2952W,I love coking.,0.8874027090000001,31,positive,clara,
17,stu_OOZVD2952W,I love coking.,0.8874027090000001,24,positive,clara,
18,stu_OOZVD2952W,I love baking.,0.32813771399999997,24,positive,frank,
19,stu_OOZVD2952W,My favorite color is purple.,0.748896366,24,positive,clara,
20,stu_OOZVD2952W,My favorite drink is water.,0.67386376,24,positive,clara,
1,stu_PJBLR5239H,I am a athlete,0.287801703,29,neutral,frank,
2,stu_PJBLR5239H,I am a guy,0.843774839,2,boy,clara,
3,stu_PJBLR5239H,I am a middle schooler,0.106532755,22,middleschooler,frank,
3,stu_PJBLR5239H,I am a middle schooler,0.106532755,14,neutral,frank,
4,stu_PJBLR5239H,I am a child,0.258403123,4,child,frank,
5,stu_PJBLR5239H,I am a gamer,0.597948889,28,neutral,clara,
6,stu_PJBLR5239H,I am a wrestler,0.918592234,29,neutral,clara,
7,stu_PJBLR5239H,I am a singer,0.7112425,26,neutral,clara,
8,stu_PJBLR5239H,I am a theater person,0.37658412,26,neutral,frank,
9,stu_PJBLR5239H,I am a candy person,0.718197757,22,candy person,clara,
10,stu_PJBLR5239H,I am a kind guy,0.075893234,44,positive,used for IRR check,
10,stu_PJBLR5239H,I am a kind guy,0.075893234,2,boy,used for IRR check,
11,stu_PJBLR5239H,I am a artist,0.569250455,26,neutral,clara,
12,stu_PJBLR5239H,I am a reader,0.315082132,25,neutral,frank,
13,stu_PJBLR5239H,I am a talker,0.728186316,44,neutral,clara,
14,stu_PJBLR5239H,I am caring,0.44205218399999996,44,positive,frank,
15,stu_PJBLR5239H,I am active,0.7306585790000001,44,neutral,clara,
16,stu_PJBLR5239H,I am a yard work guy,0.035309173,31,neutral,used for IRR check,
16,stu_PJBLR5239H,I am a yard work guy,0.035309173,2,boy,used for IRR check,
17,stu_PJBLR5239H,I am a summer guy,0.18538331,24,positive,frank,
17,stu_PJBLR5239H,I am a summer guy,0.18538331,2,boy,frank,
18,stu_PJBLR5239H,I am a pool guy,0.974789163,31,neutral,clara,
18,stu_PJBLR5239H,I am a pool guy,0.974789163,2,boy,clara,
19,stu_PJBLR5239H,I am a band guy,0.401983169,26,positive,frank,
19,stu_PJBLR5239H,I am a band guy,0.401983169,2,boy,frank,
20,stu_PJBLR5239H,I am a gym guy,0.340025349,29,neutral,frank,
20,stu_PJBLR5239H,I am a gym guy,0.340025349,2,boy,frank,
1,stu_PMXEL5291N,i like fortnite,0.34794337299999994,28,positive,frank,
1,stu_PMXEL5291N,i like fortnite,0.34794337299999994,24,positive,frank,
2,stu_PMXEL5291N,i play warzone,0.214946435,28,neutral,frank,
3,stu_PMXEL5291N,i play soccer,0.11975053699999999,29,neutral,frank,
4,stu_PMXEL5291N,my favorite player is RONALDO,0.569814956,24,positive,clara,
5,stu_PMXEL5291N,i'm black,0.7257633529999999,6,black,clara,
6,stu_PMXEL5291N,im from haiti,0.33602211600000004,7,haitian,frank,
7,stu_PMXEL5291N,my name is [first name] people call me [nickname/first name],0.5045305170000001,5,none,frank,
8,stu_PMXEL5291N,i like girl not boy,0.21168889100000002,3,like girls,frank,
9,stu_PMXEL5291N,nobody love me,0.619444612,46,negative,clara,
10,stu_PMXEL5291N,i like baskettball,0.25743542399999997,24,postive,frank,
11,stu_PMXEL5291N,i think lebron james is good,0.081776559,24,positive,used for IRR check,
12,stu_PMXEL5291N,i have a lot of hair,0.507904027,35,neutral,frank,
13,stu_PMXEL5291N,my favorite color is red and black,0.335150518,24,positive,frank,
14,stu_PMXEL5291N,im 13,0.213239722,4,13 years old,frank,
15,stu_PMXEL5291N,im nice sometime,0.18840545399999997,44,positive,frank,
16,stu_PMXEL5291N,i like school,0.856337679,24,positive,clara,
16,stu_PMXEL5291N,i like school,0.856337679,14,positive,clara,
17,stu_PMXEL5291N,i have a ps4,0.35636406200000004,32,none,frank,
18,stu_PMXEL5291N,i like math,0.653246991,25,positive,clara,
18,stu_PMXEL5291N,i like math,0.653246991,24,positive,clara,
19,stu_PMXEL5291N,im good at math,0.963362286,25,positive,clara,
19,stu_PMXEL5291N,im good at math,0.963362286,14,positive,clara,
20,stu_PMXEL5291N,i like fufu,0.914609482,24,positive,clara,
1,stu_PPZYX6964Q,I am a male,0.971256083,1,male,clara,
2,stu_PPZYX6964Q,I am white,0.010406525,6,white,used for IRR check,
3,stu_PPZYX6964Q,I am 12,0.400738941,4,12 years old,frank,
4,stu_PPZYX6964Q,I am a student at [middle school name],0.597369587,14,neutral,clara,
5,stu_PPZYX6964Q,I am a sixth grader,0.706450919,22,6thgrade,clara,
5,stu_PPZYX6964Q,I am a sixth grader,0.706450919,4,6thgrade,clara,
5,stu_PPZYX6964Q,I am a sixth grader,0.706450919,14,neutral,clara,
6,stu_PPZYX6964Q,I am a only child,0.40743436899999996,12,neutral,frank,
7,stu_PPZYX6964Q,I like to cook,0.055589803,31,positive,used for IRR check,
7,stu_PPZYX6964Q,I like to cook,0.055589803,24,positive,used for IRR check,
8,stu_PPZYX6964Q,I like to ride dirt bikes,0.783929115,31,positive,clara,
8,stu_PPZYX6964Q,I like to ride dirt bikes,0.783929115,24,positive,clara,
9,stu_PPZYX6964Q,I am working on a old car that I own,0.896111427,32,neutral,clara,
9,stu_PPZYX6964Q,I am working on a old car that I own,0.896111427,31,neutral,clara,
10,stu_PPZYX6964Q,I like watching movies,0.631483907,31,positive,clara,
10,stu_PPZYX6964Q,I like watching movies,0.631483907,24,positive,clara,
11,stu_PPZYX6964Q,I love listening to music,0.256759271,24,positive,frank,
12,stu_PPZYX6964Q,My favorite artist is Eminem,0.08816159,24,positive,used for IRR check,
13,stu_PPZYX6964Q,I like cars,0.45442267399999997,24,positive,frank,
14,stu_PPZYX6964Q,my favorite drink is a Shirley temple,0.9024733070000001,24,positive,clara,
15,stu_PPZYX6964Q,I like to go to my house in Florida,0.955694206,31,positive,clara,
15,stu_PPZYX6964Q,I like to go to my house in Florida,0.955694206,24,positive,clara,
16,stu_PPZYX6964Q,I love animals,0.35584064299999996,24,positive,frank,
17,stu_PPZYX6964Q,I own a bearded dragon,0.647578341,32,neutral,clara,
18,stu_PPZYX6964Q,I love reptiles,0.151811596,24,positive,frank,
19,stu_PPZYX6964Q,I want a snake,0.209162966,33,none,frank,
20,stu_PPZYX6964Q,I am looking for a new dirt bike,0.953726128,33,none,clara,
1,stu_RCLUW4235R,I am a 7th grade student,0.28801732399999996,22,seventhgrader,frank,
1,stu_RCLUW4235R,I am a 7th grade student,0.28801732399999996,14,neutral,frank,
2,stu_RCLUW4235R,I play softball,0.270961972,29,neutral,frank,
3,stu_RCLUW4235R,I like to shop,0.327922788,24,positive,frank,
4,stu_RCLUW4235R,I shop online a lot,0.420761771,27,neutral,frank,
5,stu_RCLUW4235R,I am a girl,0.598306785,2,girl,clara,
6,stu_RCLUW4235R,I play on a top softball club team,0.6292757729999999,29,positive,clara,
7,stu_RCLUW4235R,I am a older sister,0.20882149600000002,12,neutral,frank,
7,stu_RCLUW4235R,I am a older sister,0.20882149600000002,2,girl,frank,
8,stu_RCLUW4235R,I am tried,0.058209684000000005,47,neutral,used for IRR check,
9,stu_RCLUW4235R,I am a volleyball player,0.7677271109999999,29,neutral,clara,
10,stu_RCLUW4235R,I am a not a boy,0.18157620600000002,2,not a boy,frank,
11,stu_RCLUW4235R,I am baptized,0.15986304099999998,16,religious,frank,
12,stu_RCLUW4235R,I am not tall,0.7499993070000001,35,neutral,clara,
13,stu_RCLUW4235R,I am a leader,0.772411663,46,positive,clara,
14,stu_RCLUW4235R,I am obsessed with scary things,0.707995066,24,neutral,clara,
15,stu_RCLUW4235R,I am interested in being a nurse,0.576168663,13,positive,clara,
16,stu_RCLUW4235R,I am stress at answering these,0.12651496199999998,47,negative,frank,
17,stu_RCLUW4235R,I am not a cat person,0.38894606200000004,24,negative,frank,
18,stu_RCLUW4235R,I am catcher,0.231283087,29,neutral,frank,
19,stu_RCLUW4235R,I am a dog person,0.942373605,22,dog person,clara,
20,stu_RCLUW4235R,I am a third basemen,0.759252107,29,neutral,clara,
1,stu_RFYCX7752L,A kind person,0.57436573,44,positive,clara,
2,stu_RFYCX7752L,A basketball player,0.178717872,29,positive,frank,
3,stu_RFYCX7752L,A nice person,0.282384621,44,nonepositive,frank,
3,stu_RFYCX7752L,A nice person,0.282384621,21,nonepositive,frank,
4,stu_RFYCX7752L,A smart person,0.7469361409999999,43,positive,clara,
5,stu_RFYCX7752L,A respectful person,0.289632901,40,positive,frank,
1,stu_RKOSD6492Q,I'm a 7th grade student.,0.563961235,22,7thgrade,clara,
1,stu_RKOSD6492Q,I'm a 7th grade student.,0.563961235,4,7thgrade,clara,
1,stu_RKOSD6492Q,I'm a 7th grade student.,0.563961235,14,neutral,clara,
2,stu_RKOSD6492Q,I do competitive ice skating.,0.6028794989999999,29,neutral,clara,
3,stu_RKOSD6492Q,I do musical theater.,0.387803995,26,neutral,frank,
4,stu_RKOSD6492Q,I do tap dancing.,0.9814959190000001,26,neutral,clara,
5,stu_RKOSD6492Q,I like to sing.,0.425165671,26,positive,frank,
5,stu_RKOSD6492Q,I like to sing.,0.425165671,24,positive,frank,
6,stu_RKOSD6492Q,I knew how to sew.,0.056359345,30,neutral,used for IRR check,
7,stu_RKOSD6492Q,I like harry potter,0.18644827100000003,24,positive,frank,
8,stu_RKOSD6492Q,I am the younger sibling.,0.107672882,12,neutral,frank,
8,stu_RKOSD6492Q,I am the younger sibling.,0.107672882,4,child,frank,
9,stu_RKOSD6492Q,I have 1 sister. Her name is [first name],0.673955173,12,neutral,clara,
10,stu_RKOSD6492Q,I am 12 years old.,0.920923574,4,12,clara,
11,stu_RKOSD6492Q,My dream is to be an actress.,0.683423287,26,neutral,clara,
11,stu_RKOSD6492Q,My dream is to be an actress.,0.683423287,13,positive,clara,
12,stu_RKOSD6492Q,I am a young female.,0.084522557,4,young,used for IRR check,
12,stu_RKOSD6492Q,I am a young female.,0.084522557,1,female,used for IRR check,
13,stu_RKOSD6492Q,I am a part in my schools [club name] club.,0.486100015,14,neutral,frank,
14,stu_RKOSD6492Q,I hope to go to [school name] for high school.,0.542952519,14,positive,clara,
15,stu_RKOSD6492Q,I would like to go to [college name] collage.,0.5476349979999999,14,positive,clara,
16,stu_RKOSD6492Q,I have long brown hair.,0.6038266379999999,35,neutral,clara,
17,stu_RKOSD6492Q,I am in 2 musicals at the moment.,0.23151931399999998,26,neutral,frank,
18,stu_RKOSD6492Q,I am very friendly and alert.,0.594786123,44,positive,clara,
19,stu_RKOSD6492Q,I am 50% Porto Rican.,0.050882158,7,puerto rican,used for IRR check,
20,stu_RKOSD6492Q,I try my best in all classes.,0.653965405,41,positive,clara,
20,stu_RKOSD6492Q,I try my best in all classes.,0.653965405,14,positive,clara,
1,stu_RWMXK6270S,I am a 7th grader,0.6932050820000001,22,7thgrade,clara,
1,stu_RWMXK6270S,I am a 7th grader,0.6932050820000001,4,7thgrade,clara,
1,stu_RWMXK6270S,I am a 7th grader,0.6932050820000001,14,neutral,clara,
2,stu_RWMXK6270S,I am a soccer player,0.94163729,29,neutral,clara,
3,stu_RWMXK6270S,I am the oldest brother,0.677930629,12,neutral,clara,
3,stu_RWMXK6270S,I am the oldest brother,0.677930629,2,boy,clara,
4,stu_RWMXK6270S,I am a gamer,0.374843052,28,neutral,frank,
5,stu_RWMXK6270S,I am creative,0.113081435,43,positive,frank,
6,stu_RWMXK6270S,I am a christian,0.219364676,16,christian,frank,
7,stu_RWMXK6270S,I believe in god,0.196346155,15,religious,frank,
8,stu_RWMXK6270S,I am tired of school,0.15409531,47,negative,frank,
9,stu_RWMXK6270S,I am who I wanna be.,0.861746736,42,positive,clara,
10,stu_RWMXK6270S,I am african american,0.357195035,8,african american,frank,
11,stu_RWMXK6270S,I am nigerian,0.173176264,7,nigerian,frank,
12,stu_RWMXK6270S,I am the person that will make it pro in a sport,0.238150119,41,positive,frank,
13,stu_RWMXK6270S,I am a person that plays football,0.26514392600000003,29,neutral,frank,
13,stu_RWMXK6270S,I am a person that plays football,0.26514392600000003,21,none,frank,
14,stu_RWMXK6270S,I am good at every sport.,0.911373242,43,positive,clara,
14,stu_RWMXK6270S,I am good at every sport.,0.911373242,29,positive,clara,
15,stu_RWMXK6270S,I am the guy who owns a mansion in nigeria,0.510419374,32,none,frank,
15,stu_RWMXK6270S,I am the guy who owns a mansion in nigeria,0.510419374,2,boy,frank,
16,stu_RWMXK6270S,I am a guy who is very good pvp player on mobile.,0.8483706109999999,28,positive,clara,
16,stu_RWMXK6270S,I am a guy who is very good pvp player on mobile.,0.8483706109999999,2,boy,clara,
17,stu_RWMXK6270S,I am fighter,0.798832058,41,positive,clara,
18,stu_RWMXK6270S,I am a guy who promotes grading teachers.,0.612894999,48,none,clara,
18,stu_RWMXK6270S,I am a guy who promotes grading teachers.,0.612894999,2,boy,clara,
19,stu_RWMXK6270S,I am a swimmer.,0.029151617999999997,29,neutral,used for IRR check,
20,stu_RWMXK6270S,I play midfielder in soccer.,0.454428034,29,neutral,frank,
1,stu_RYJDD8400B,I am a 7th grade student.,0.8590135109999999,22,7thgrade,clara,
1,stu_RYJDD8400B,I am a 7th grade student.,0.8590135109999999,4,7thgrade,clara,
1,stu_RYJDD8400B,I am a 7th grade student.,0.8590135109999999,14,neutral,clara,
2,stu_RYJDD8400B,I am a girl.,0.8930378370000001,2,girl,clara,
3,stu_RYJDD8400B,I am hardworking.,0.17714091,41,positive,frank,
4,stu_RYJDD8400B,I am next to [first name + last initial].,0.10278009699999999,47,neutral,frank,
5,stu_RYJDD8400B,I am a person that loves animal.,0.009592863,24,positive,used for IRR check,
6,stu_RYJDD8400B,I am stressed about figuring out what to put for an answer.,0.37046754299999995,47,negative,frank,
7,stu_RYJDD8400B,I am looking forward to summer.,0.168142298,47,positive,frank,
8,stu_RYJDD8400B,I am excited for a $5 giftcard.,0.136530172,47,positive,frank,
9,stu_RYJDD8400B,I am hungry.,0.252412358,47,neutral,frank,
10,stu_RYJDD8400B,I am trying to become a vet.,0.005346576,13,neutral,used for IRR check,
11,stu_RYJDD8400B,I am am trying hard to achieve my goals.,0.010374592,41,positive,used for IRR check,
12,stu_RYJDD8400B,I am trying my best in school.,0.37662846899999997,41,positive,frank,
12,stu_RYJDD8400B,I am trying my best in school.,0.37662846899999997,14,positive,frank,
13,stu_RYJDD8400B,I am an only child.,0.817011505,12,neutral,clara,
14,stu_RYJDD8400B,I am fun to hang out with.,0.957646544,46,positive,clara,
15,stu_RYJDD8400B,I am trustworthy.,0.056754645,46,positive,used for IRR check,
15,stu_RYJDD8400B,I am trustworthy.,0.056754645,40,positive,used for IRR check,
16,stu_RYJDD8400B,I am loyal.,0.9651186209999999,40,positive,clara,
17,stu_RYJDD8400B,I am a good friend.,0.9939481309999999,40,positive,clara,
17,stu_RYJDD8400B,I am a good friend.,0.9939481309999999,10,positive,clara,
18,stu_RYJDD8400B,I am short.,0.470539879,35,neutral,frank,
19,stu_RYJDD8400B,I am always wearing crocs.,0.430943003,47,neutral,frank,
20,stu_RYJDD8400B,"I am in love with the color green, black, and beige.",0.273300606,24,positive,frank,
1,stu_SJVEV0642E,I am a 7th grade Honors student.,0.550390803,22,7thgrade,clara,
1,stu_SJVEV0642E,I am a 7th grade Honors student.,0.550390803,4,7thgrade,clara,
1,stu_SJVEV0642E,I am a 7th grade Honors student.,0.550390803,14,positive,clara,
2,stu_SJVEV0642E,I am a catcher on my softball team.,0.639129126,29,neutral,clara,
3,stu_SJVEV0642E,I am a finalist in eventing on horses.,0.95656049,43,neutral,clara,
3,stu_SJVEV0642E,I am a finalist in eventing on horses.,0.95656049,29,neutral,clara,
4,stu_SJVEV0642E,I am a young female who loves to read.,0.302634668,25,positive,frank,
4,stu_SJVEV0642E,I am a young female who loves to read.,0.302634668,2,child,frank,
4,stu_SJVEV0642E,I am a young female who loves to read.,0.302634668,4,girl,frank,
4,stu_SJVEV0642E,I am a young female who loves to read.,0.302634668,24,positive,frank,
5,stu_SJVEV0642E,I am allergic to everything.,0.6454606420000001,36,neutral,clara,
6,stu_SJVEV0642E,I am the oldest child.,0.778297342,12,neutral,clara,
7,stu_SJVEV0642E,I am a bestfriend.,0.049742969000000005,10,neutral,used for IRR check,
8,stu_SJVEV0642E,I am good at math.,0.43088806,43,positive,frank,
8,stu_SJVEV0642E,I am good at math.,0.43088806,25,positive,frank,
9,stu_SJVEV0642E,I come from an italian/english speaking hous.,0.071866672,12,neutral,used for IRR check,language
10,stu_SJVEV0642E,I am good with kids.,0.8181906809999999,44,positive,clara,
11,stu_SJVEV0642E,I am funny.,0.23546965,45,positive,frank,
12,stu_SJVEV0642E,I am a good speller.,0.62425692,14,positive,clara,
13,stu_SJVEV0642E,I am not fond of computer work.,0.407522586,27,negative,frank,
13,stu_SJVEV0642E,I am not fond of computer work.,0.407522586,24,negative,frank,
14,stu_SJVEV0642E,I am more fond of work on paper.,0.9153279609999999,24,positive,clara,
16,stu_SJVEV0642E,I am excited for summer.,0.9060401240000001,24,positive,clara,
17,stu_SJVEV0642E,I am in love with the color yellow.,0.743808318,24,positive,clara,
18,stu_SJVEV0642E,I am asthmatic.,0.277106933,37,neutral,frank,
19,stu_SJVEV0642E,I am looking forward to this study.,0.309304464,14,neutral,frank,
20,stu_SJVEV0642E,I am [student first name].,0.22378957600000002,5,none,frank,
1,stu_SSTKI8334K,smart,0.314185043,43,positive,frank,
2,stu_SSTKI8334K,people,0.7724593590000001,48,none,clara,
3,stu_SSTKI8334K,nice,0.519330366,44,positive,frank,
4,stu_SSTKI8334K,kind,0.557429634,44,positive,clara,
5,stu_SSTKI8334K,kids,0.335395908,48,none,frank,
6,stu_SSTKI8334K,short,0.642780514,35,neutral,clara,
7,stu_SSTKI8334K,cool,0.45628218200000004,46,positive,frank,
8,stu_SSTKI8334K,respect,0.746926312,44,positive,clara,
9,stu_SSTKI8334K,Boy,0.36617322399999996,2,boy,frank,
10,stu_SSTKI8334K,little,0.5411797429999999,35,neutral,clara,
11,stu_SSTKI8334K,Focus,0.039188894,47,positive,used for IRR check,
12,stu_SSTKI8334K,talking,0.970901586,47,neutral,clara,
13,stu_SSTKI8334K,sleep,0.6553587479999999,48,none,clara,
14,stu_SSTKI8334K,money,0.34963660799999996,48,none,frank,
15,stu_SSTKI8334K,Math,0.7150452690000001,48,none,clara,
16,stu_SSTKI8334K,good,0.985559265,40,positive,clara,
17,stu_SSTKI8334K,eating,0.34720839,47,neutral,frank,
18,stu_SSTKI8334K,love Dog,0.133208979,24,positive,frank,
19,stu_SSTKI8334K,Love my life,0.118214901,24,positive,frank,
20,stu_SSTKI8334K,Love art,0.128921586,24,positive,frank,
1,stu_STBWH2237D,I am a boy,0.946555259,2,boy,clara,
2,stu_STBWH2237D,I am a student,0.997999526,14,neutral,clara,
3,stu_STBWH2237D,I am a human,0.8802369529999999,21,none,clara,
4,stu_STBWH2237D,I am [school name] middle school student,0.859770501,22,middleschool,clara,
4,stu_STBWH2237D,I am [school name] middle school student,0.859770501,4,middleschool,clara,
4,stu_STBWH2237D,I am [school name] middle school student,0.859770501,14,neutral,clara,
5,stu_STBWH2237D,I am a friend,0.254394983,12,neutral,frank,
6,stu_STBWH2237D,I am a kid who likes Pokemon,0.35176097,28,positive,frank,
6,stu_STBWH2237D,I am a kid who likes Pokemon,0.35176097,4,child,frank,
6,stu_STBWH2237D,I am a kid who likes Pokemon,0.35176097,24,positive,frank,
7,stu_STBWH2237D,I am a kid who likes  Dinosaurs,0.7461427709999999,24,positive,clara,
7,stu_STBWH2237D,I am a kid who likes  Dinosaurs,0.7461427709999999,4,child,clara,
7,stu_STBWH2237D,I am a kid who likes  Dinosaurs,0.7461427709999999,22,child,clara,
8,stu_STBWH2237D,I am a kid who likes Star Wars,0.687759569,24,positive,clara,
8,stu_STBWH2237D,I am a kid who likes Star Wars,0.687759569,4,childchild,clara,
8,stu_STBWH2237D,I am a kid who likes Star Wars,0.687759569,22,positive,clara,
9,stu_STBWH2237D,I am a kid who likes a lot of stuff,0.264862115,24,positive,frank,
9,stu_STBWH2237D,I am a kid who likes a lot of stuff,0.264862115,4,child,frank,
10,stu_STBWH2237D,I am a kid who likes ELA,0.27523254199999997,25,positive,frank,
10,stu_STBWH2237D,I am a kid who likes ELA,0.27523254199999997,4,child,frank,
10,stu_STBWH2237D,I am a kid who likes ELA,0.27523254199999997,24,positive,frank,
1,stu_TMCTU7971Z,I am a 6th grade student,0.345102306,22,sixthgrader,frank,
1,stu_TMCTU7971Z,I am a 6th grade student,0.345102306,14,neutral,frank,
2,stu_TMCTU7971Z,I am a girl,0.862649428,2,girl,clara,
3,stu_TMCTU7971Z,I am a 12 year old,0.19180988399999999,4,12 years old,frank,
4,stu_TMCTU7971Z,I am african american,0.75305643,6,black,clara,
5,stu_TMCTU7971Z,I am a law abiding citizen,0.8295844059999999,40,positive,clara,
6,stu_TMCTU7971Z,I am a atheist,0.208536568,16,atheist,frank,
7,stu_TMCTU7971Z,I am a honor role student,0.473436471,25,neutral,frank,
7,stu_TMCTU7971Z,I am a honor role student,0.473436471,14,neutral,frank,
8,stu_TMCTU7971Z,I am a student at [school name] middle school,0.043418513,14,neutral,used for IRR check,
9,stu_TMCTU7971Z,I am a kind person,0.228794088,44,positive,frank,
9,stu_TMCTU7971Z,I am a kind person,0.228794088,21,none,frank,
10,stu_TMCTU7971Z,I am a respectful person,0.9132665640000001,44,positive,clara,
11,stu_TMCTU7971Z,I am a cartoon enjoyer,0.15538938800000002,24,positive,frank,
12,stu_TMCTU7971Z,I am a good friend,0.683006475,10,positive,clara,
13,stu_TMCTU7971Z,I am an artist,0.246250857,26,neutral,frank,
14,stu_TMCTU7971Z,I am a creative person,0.782211923,43,positive,clara,
15,stu_TMCTU7971Z,I am smart person,0.40424530799999997,43,positive,frank,
16,stu_TMCTU7971Z,I am a happy person,0.801724219,45,positive,clara,
17,stu_TMCTU7971Z,I am strong person,0.579892548,41,positive,clara,
18,stu_TMCTU7971Z,I am a resilient person,0.680583652,41,positive,clara,
19,stu_TMCTU7971Z,I am a intelligent person,0.480135281,43,positive,frank,
20,stu_TMCTU7971Z,I am a brave person,0.7717544690000001,41,positive,clara,
1,stu_UGQWV7532K,am cute,0.4056335,35,positive,frank,
2,stu_UGQWV7532K,am sleepy,0.6790015770000001,47,negative,clara,
3,stu_UGQWV7532K,am smart,0.987445624,43,positive,clara,
4,stu_UGQWV7532K,am fonny,0.93095317,46,positive,clara,
5,stu_UGQWV7532K,i love art,0.748796575,26,positive,clara,
5,stu_UGQWV7532K,i love art,0.748796575,24,positive,clara,
6,stu_UGQWV7532K,i love cat,0.849513347,24,positive,clara,
7,stu_UGQWV7532K,am friendsy,0.6270514070000001,44,positive,clara,
8,stu_UGQWV7532K,i love my friends,0.333879129,24,positive,frank,
8,stu_UGQWV7532K,i love my friends,0.333879129,10,positive,frank,
9,stu_UGQWV7532K,i love to rende,0.7328419629999999,24,positive,clara,
10,stu_UGQWV7532K,am lovely,0.228413544,44,positive,frank,
11,stu_UGQWV7532K,am smort,0.556357646,43,positive,clara,
12,stu_UGQWV7532K,i love to elepe,0.835886308,48,none,clara,
13,stu_UGQWV7532K,i like to renne,0.578699544,24,positive,clara,
14,stu_UGQWV7532K,am sleepy,0.016324262,47,neutral,used for IRR check,
15,stu_UGQWV7532K,ilove to play,0.769948193,31,positive,clara,
15,stu_UGQWV7532K,ilove to play,0.769948193,24,positive,clara,
16,stu_UGQWV7532K,i like to chopigne,0.5376475789999999,48,none,frank,
17,stu_UGQWV7532K,i like pizza,0.32850159999999995,24,positive,frank,
18,stu_UGQWV7532K,and ilove haiti foude,0.876523669,24,positive,clara,
19,stu_UGQWV7532K,i love my frends,0.124470701,10,positive,frank,
19,stu_UGQWV7532K,i love my frends,0.124470701,24,positive,frank,
20,stu_UGQWV7532K,i love smart cat,0.49661509,24,positive,frank,
1,stu_UQFAD1981W,Im a soccer player,0.588591408,29,neutral,clara,
2,stu_UQFAD1981W,Im a pround Catholic-Christian,0.070915415,24,positive,used for IRR check,
2,stu_UQFAD1981W,Im a pround Catholic-Christian,0.070915415,16,catholic,used for IRR check,
3,stu_UQFAD1981W,Im a bascketball player,0.923971393,29,neutral,clara,
4,stu_UQFAD1981W,Im from HAiti,0.12336631599999999,7,haitian,frank,
5,stu_UQFAD1981W,Im good at math,0.883792461,25,positive,clara,
5,stu_UQFAD1981W,Im good at math,0.883792461,14,positive,clara,
6,stu_UQFAD1981W,Im a fortnite player,0.036975891000000004,28,neutral,used for IRR check,
7,stu_UQFAD1981W,Im a gamer,0.26179957,28,neutral,frank,
8,stu_UQFAD1981W,Im the greatest at physical activities,0.127114765,43,positive,frank,
8,stu_UQFAD1981W,Im the greatest at physical activities,0.127114765,29,positive,frank,
9,stu_UQFAD1981W,Im Bilangual,0.456496004,43,neutral,frank,
10,stu_UQFAD1981W,"Im a French, Creol, and English speaker",0.960207829,,,clara,
11,stu_UQFAD1981W,Im learning spanish,0.239874538,47,neutral,frank,
12,stu_UQFAD1981W,Im fast,0.030929343999999998,43,positive,used for IRR check,
13,stu_UQFAD1981W,Im a blue color lover,0.57678843,24,positive,clara,
13,stu_UQFAD1981W,Im a blue color lover,0.57678843,22,bluecolorlover,clara,
14,stu_UQFAD1981W,Im  92 pounds,0.670710775,35,neutral,clara,
15,stu_UQFAD1981W,Im black,0.5191856429999999,6,black,frank,
16,stu_UQFAD1981W,Im a brown eyes person,0.853346105,35,neutral,clara,
17,stu_UQFAD1981W,Im 13 years old,0.372054675,3,13 years old,frank,
18,stu_UQFAD1981W,Im [student first name],0.88984829,5,none,clara,
19,stu_UQFAD1981W,Im a orange lover,0.111377644,24,positive,frank,
20,stu_UQFAD1981W,Im a history lover,0.954083111,25,positive,clara,
1,stu_UZEQK9449D,[student first name],0.36283858799999996,5,none,frank,
2,stu_UZEQK9449D,A boy,0.43663031399999996,2,boy,frank,
3,stu_UZEQK9449D,Haitian,0.057087472,7,haitian,used for IRR check,
4,stu_UZEQK9449D,kind,0.25515078399999996,44,positive,frank,
5,stu_UZEQK9449D,loving,0.6850350540000001,44,positive,clara,
6,stu_UZEQK9449D,smart,0.5885750439999999,43,positive,clara,
7,stu_UZEQK9449D,caring,0.073627187,44,positive,used for IRR check,
8,stu_UZEQK9449D,loyal,0.9759684470000001,40,positive,clara,
9,stu_UZEQK9449D,A human,0.623637648,21,none,clara,
10,stu_UZEQK9449D,I like to paly basketball,0.259330501,29,positive,frank,
10,stu_UZEQK9449D,I like to paly basketball,0.259330501,24,positive,frank,
11,stu_UZEQK9449D,I like video games,0.036927311000000004,28,positive,used for IRR check,
11,stu_UZEQK9449D,I like video games,0.036927311000000004,24,positive,used for IRR check,
12,stu_UZEQK9449D,I like Ice cream,0.284410267,24,positive,frank,
13,stu_UZEQK9449D,I like fried chicken,0.91605933,24,positive,clara,
14,stu_UZEQK9449D,I like cars,0.570695461,24,positive,clara,
15,stu_UZEQK9449D,I like to play with friend,0.551238751,31,positive,clara,
15,stu_UZEQK9449D,I like to play with friend,0.551238751,10,positive,clara,
15,stu_UZEQK9449D,I like to play with friend,0.551238751,24,positive,clara,
16,stu_UZEQK9449D,I have 26 friends,0.262883506,10,neutral,frank,
17,stu_UZEQK9449D,I am from Hati,0.364088684,7,haitian,frank,
18,stu_UZEQK9449D,I like to play soccer,0.68833732,29,positive,clara,
18,stu_UZEQK9449D,I like to play soccer,0.68833732,24,positive,clara,
19,stu_UZEQK9449D,I like to play football,0.9994803059999999,29,positive,clara,
19,stu_UZEQK9449D,I like to play football,0.9994803059999999,24,positive,clara,
20,stu_UZEQK9449D,I like to play with frisbes,0.759790655,29,positive,clara,
20,stu_UZEQK9449D,I like to play with frisbes,0.759790655,24,positive,clara,
1,stu_UZPVQ3560H,i am a 11 year old girl,0.8049969370000001,4,11,clara,
1,stu_UZPVQ3560H,i am a 11 year old girl,0.8049969370000001,2,girl,clara,
2,stu_UZPVQ3560H,i am a black african and amrican,0.064922881,7,africanandamerican,used for IRR check,
2,stu_UZPVQ3560H,i am a black african and amrican,0.064922881,6,black,used for IRR check,
3,stu_UZPVQ3560H,i am cape verdean,0.586358492,7,cape verdean,clara,
4,stu_UZPVQ3560H,my name is [student first name],0.5228313960000001,5,none,frank,
5,stu_UZPVQ3560H,i am a student at [school name] middle school,0.155055097,22,middleschooler,frank,
5,stu_UZPVQ3560H,i am a student at [school name] middle school,0.155055097,14,neutral,frank,
6,stu_UZPVQ3560H,i am a girl that loves to do sports,0.5920863989999999,29,positive,clara,
6,stu_UZPVQ3560H,i am a girl that loves to do sports,0.5920863989999999,2,girl,clara,
6,stu_UZPVQ3560H,i am a girl that loves to do sports,0.5920863989999999,24,positive,clara,
7,stu_UZPVQ3560H,i am a girl that loves english class,0.142669928,25,positive,frank,
7,stu_UZPVQ3560H,i am a girl that loves english class,0.142669928,2,girl,frank,
7,stu_UZPVQ3560H,i am a girl that loves english class,0.142669928,24,positive,frank,
8,stu_UZPVQ3560H,i am a girl that loves soccer,0.204563578,24,positive,frank,
8,stu_UZPVQ3560H,i am a girl that loves soccer,0.204563578,2,girl,frank,
9,stu_UZPVQ3560H,i am a girl that's bad at math,0.9439495990000001,25,negative,clara,
9,stu_UZPVQ3560H,i am a girl that's bad at math,0.9439495990000001,2,girl,clara,
9,stu_UZPVQ3560H,i am a girl that's bad at math,0.9439495990000001,14,negative,clara,
10,stu_UZPVQ3560H,i am a girl that has 2 sibilings,0.725266372,12,neutral,clara,
10,stu_UZPVQ3560H,i am a girl that has 2 sibilings,0.725266372,2,girl,clara,
11,stu_UZPVQ3560H,i am a girl that has an annoying cousin named [first name] in my class,0.643092631,12,negative,clara,
11,stu_UZPVQ3560H,i am a girl that has an annoying cousin named [first name] in my class,0.643092631,2,girl,clara,
12,stu_UZPVQ3560H,i am a girl that loves new born babys,0.669279097,24,positive,clara,
12,stu_UZPVQ3560H,i am a girl that loves new born babys,0.669279097,2,girl,clara,
13,stu_UZPVQ3560H,i am a girl that lloves to babysit,0.158555219,24,positive,frank,
13,stu_UZPVQ3560H,i am a girl that lloves to babysit,0.158555219,2,girl,frank,
14,stu_UZPVQ3560H,i am a girl that has a crush,0.43765776100000003,47,neutral,frank,
14,stu_UZPVQ3560H,i am a girl that has a crush,0.43765776100000003,2,girl,frank,
15,stu_UZPVQ3560H,i am a girl that struggles in class sometimes,0.720465268,25,negative,clara,
15,stu_UZPVQ3560H,i am a girl that struggles in class sometimes,0.720465268,2,girl,clara,
15,stu_UZPVQ3560H,i am a girl that struggles in class sometimes,0.720465268,14,negative,clara,
16,stu_UZPVQ3560H,i am a girl that loves drawing,0.66774383,26,positive,clara,
16,stu_UZPVQ3560H,i am a girl that loves drawing,0.66774383,2,girl,clara,
16,stu_UZPVQ3560H,i am a girl that loves drawing,0.66774383,24,positive,clara,
17,stu_UZPVQ3560H,i am a girl that has 3 bestfriends,0.902440556,10,positive,clara,
17,stu_UZPVQ3560H,i am a girl that has 3 bestfriends,0.902440556,2,girl,clara,
18,stu_UZPVQ3560H,i am a girl that hates doing laps,0.644077781,29,negative,clara,
18,stu_UZPVQ3560H,i am a girl that hates doing laps,0.644077781,2,girl,clara,
18,stu_UZPVQ3560H,i am a girl that hates doing laps,0.644077781,24,negative,clara,
19,stu_UZPVQ3560H,i am a girl that loves jordens,0.445301655,24,positive,frank,
19,stu_UZPVQ3560H,i am a girl that loves jordens,0.445301655,2,girl,frank,
20,stu_UZPVQ3560H,i am a girl that loves dressing nice.,0.413606515,24,positive,frank,
20,stu_UZPVQ3560H,i am a girl that loves dressing nice.,0.413606515,2,girl,frank,
1,stu_VNILP4467H,nice,0.204865126,44,positive,frank,
2,stu_VNILP4467H,emo,0.981999258,22,emo,clara,
3,stu_VNILP4467H,cute,0.076943042,35,positive,used for IRR check,
4,stu_VNILP4467H,queen,0.42432574,40,positive,frank,
4,stu_VNILP4467H,queen,0.42432574,2,girl,frank,
5,stu_VNILP4467H,helper,0.991906466,46,positive,clara,
6,stu_VNILP4467H,Fighter,0.648884875,41,positive,clara,
7,stu_VNILP4467H,shy,0.9030198970000001,44,neutral,clara,
8,stu_VNILP4467H,lovely,0.257067289,45,positive,frank,
9,stu_VNILP4467H,dandy,0.322665298,47,positive,frank,
10,stu_VNILP4467H,I love spider,0.020933535,24,positive,used for IRR check,
11,stu_VNILP4467H,I love money,0.05314407,24,positive,used for IRR check,
12,stu_VNILP4467H,am i'm,0.693693855,48,none,clara,
13,stu_VNILP4467H,emo,0.019694391000000002,45,neutral,used for IRR check,
14,stu_VNILP4467H,i want a big boy,0.602991366,48,none,clara,
15,stu_VNILP4467H,"I""m a show off",0.49962612100000003,44,neutral,frank,
16,stu_VNILP4467H,kind,0.2506756,44,positive,frank,
17,stu_VNILP4467H,i love to play with my friends [first name] and [first name],0.25268347,24,positive,frank,
17,stu_VNILP4467H,i love to play with my friends [first name] and [first name],0.25268347,10,positive,frank,
18,stu_VNILP4467H,sometime i'm mean,0.5271433289999999,44,negative,frank,
19,stu_VNILP4467H,i love to do drama,0.005895287,26,positive,used for IRR check,
19,stu_VNILP4467H,i love to do drama,0.005895287,24,positive,used for IRR check,
20,stu_VNILP4467H,i love to fight,0.213929646,24,positive,frank,
1,stu_WFOJG2118N,[student first name],0.625530816,5,none,clara,
2,stu_WFOJG2118N,Cool,0.769368264,46,positive,clara,
3,stu_WFOJG2118N,Silly,0.966639021,45,neutral,clara,
4,stu_WFOJG2118N,Funny,0.814376074,46,positive,clara,
5,stu_WFOJG2118N,Smart,0.960123156,43,positive,clara,
6,stu_WFOJG2118N,Chill,0.022472218999999998,45,neutral,used for IRR check,
7,stu_WFOJG2118N,Tired,0.654809874,47,negative,clara,
8,stu_WFOJG2118N,Happy,0.667721665,45,positive,clara,
9,stu_WFOJG2118N,someone who plays videogames,0.485015045,28,neutral,frank,
10,stu_WFOJG2118N,Good sport,0.49749504899999997,44,positive,frank,
11,stu_WFOJG2118N,Intelligent,0.7656646540000001,43,positive,clara,
12,stu_WFOJG2118N,goofy,0.21886664399999997,45,neutral,frank,
13,stu_WFOJG2118N,Someone who is ready to learn,0.817022292,25,positive,clara,
14,stu_WFOJG2118N,Someone who likes laugh,0.332113432,45,positive,frank,
14,stu_WFOJG2118N,Someone who likes laugh,0.332113432,24,positive,frank,
15,stu_WFOJG2118N,Someone who likes to play outside,0.628740351,31,positive,clara,
15,stu_WFOJG2118N,Someone who likes to play outside,0.628740351,24,positive,clara,
16,stu_WFOJG2118N,Someone who enjoys being around friends.,0.214229915,24,positive,frank,
16,stu_WFOJG2118N,Someone who enjoys being around friends.,0.214229915,10,positive,frank,
17,stu_WFOJG2118N,A dog person,0.382847221,24,positive,frank,
18,stu_WFOJG2118N,Someone who likes to try new things,0.929395703,45,positive,clara,
18,stu_WFOJG2118N,Someone who likes to try new things,0.929395703,24,positive,clara,
19,stu_WFOJG2118N,Optimist,0.934554966,45,positive,clara,
20,stu_WFOJG2118N,Someone who enjoys mathia.,0.8273445629999999,47,positive,clara,
20,stu_WFOJG2118N,Someone who enjoys mathia.,0.8273445629999999,25,positive,clara,
1,stu_WMIXO5420V,An eighth grader.,0.610991043,22,8thgrade,clara,
1,stu_WMIXO5420V,An eighth grader.,0.610991043,4,8thgrade,clara,
1,stu_WMIXO5420V,An eighth grader.,0.610991043,14,neutral,clara,
2,stu_WMIXO5420V,A book lover.,0.8777625520000001,25,positive,clara,
2,stu_WMIXO5420V,A book lover.,0.8777625520000001,24,positive,clara,
3,stu_WMIXO5420V,Someone who isn't that great at math.,0.178383367,25,negative,frank,
4,stu_WMIXO5420V,A person whose favorite subject is English.,0.685918,25,positive,clara,
4,stu_WMIXO5420V,A person whose favorite subject is English.,0.685918,14,positive,clara,
5,stu_WMIXO5420V,A movie lover.,0.207378643,24,positive,frank,
6,stu_WMIXO5420V,A horrible artist.,0.796042129,26,negative,clara,
7,stu_WMIXO5420V,Someone who hates state testing.,0.572110525,24,negative,clara,
7,stu_WMIXO5420V,Someone who hates state testing.,0.572110525,14,neutral,clara,
8,stu_WMIXO5420V,A question asker.,0.8070541,25,positive,clara,
9,stu_WMIXO5420V,Someone who is very interested in baking.,0.44419174200000006,31,positive,frank,
9,stu_WMIXO5420V,Someone who is very interested in baking.,0.44419174200000006,24,positive,frank,
10,stu_WMIXO5420V,An honor roll student.,0.862895498,25,positive,clara,
10,stu_WMIXO5420V,An honor roll student.,0.862895498,14,positive,clara,
11,stu_WMIXO5420V,Someone who hates dresscode.,0.12635159099999999,24,negative,frank,
12,stu_WMIXO5420V,A person who is confused by Mathia.,0.176933405,47,negative,frank,
13,stu_WMIXO5420V,Writer.,0.963393374,25,neutral,clara,
14,stu_WMIXO5420V,Dancer.,0.914430086,26,neutral,clara,
15,stu_WMIXO5420V,Rainy day hater.,0.834076245,24,negative,clara,
16,stu_WMIXO5420V,Sunny day lover.,0.604075371,24,positive,clara,
17,stu_WMIXO5420V,Fall lover.,0.39765925,24,positive,frank,
18,stu_WMIXO5420V,Winter hater.,0.10079881800000001,24,negative,frank,
19,stu_WMIXO5420V,A person who hates questions.,0.855141375,45,negative,clara,
20,stu_WMIXO5420V,Someone who just answered twenty questions.,0.59011876,47,neutral,clara,
1,stu_WTVEM3699W,I am a football player.,0.8186252270000001,29,neutral,clara,
2,stu_WTVEM3699W,I am an Africain/Amaricain.,0.631997087,7,african and american,clara,
3,stu_WTVEM3699W,I am Cave Verdian.,0.41854511899999997,7,cape verdean,frank,
4,stu_WTVEM3699W,I am a male.,0.680220855,1,male,clara,
5,stu_WTVEM3699W,I am a brother.,0.016295422,12,neutral,used for IRR check,
5,stu_WTVEM3699W,I am a brother.,0.016295422,2,boy,used for IRR check,
6,stu_WTVEM3699W,I am a student.,0.8639200840000001,14,neutral,clara,
7,stu_WTVEM3699W,I am a friend.,0.440292935,10,neutral,frank,
8,stu_WTVEM3699W,I am a son.,0.676544292,12,neutral,clara,
8,stu_WTVEM3699W,I am a son.,0.676544292,2,boy,clara,
9,stu_WTVEM3699W,I am a nice person.,0.865535542,44,positive,clara,
10,stu_WTVEM3699W,I am helpful,0.377386714,44,positive,frank,
11,stu_WTVEM3699W,I am careful.,0.25332263,43,positive,frank,
12,stu_WTVEM3699W,I am a funny guy.,0.551866455,46,positive,clara,
12,stu_WTVEM3699W,I am a funny guy.,0.551866455,2,boy,clara,
13,stu_WTVEM3699W,I am a middle schooler.,0.672010201,22,middleschool,clara,
13,stu_WTVEM3699W,I am a middle schooler.,0.672010201,4,middleschool,clara,
13,stu_WTVEM3699W,I am a middle schooler.,0.672010201,14,neutral,clara,
14,stu_WTVEM3699W,I am clean.,0.615429451,43,positive,clara,
15,stu_WTVEM3699W,I am a helper.,0.601802519,46,positive,clara,
16,stu_WTVEM3699W,I am African.,0.748051013,7,african,clara,
17,stu_WTVEM3699W,I am a gamer.,0.621836739,28,neutral,clara,
18,stu_WTVEM3699W,I am a Bike rider.,0.023975659,29,neutral,used for IRR check,
19,stu_WTVEM3699W,I am a shoe lover.,0.115160758,24,positive,frank,
20,stu_WTVEM3699W,I am all about fashion.,0.79048081,30,neutral,clara,
1,stu_WUDHR2640D,I'm Tupac lover,0.285552582,24,positive,frank,
2,stu_WUDHR2640D,I'm fried chicken eater,0.546682577,31,neutral,clara,
3,stu_WUDHR2640D,I'm a kobe bryant fan,0.253832493,24,positive,frank,
4,stu_WUDHR2640D,I have 2 siblings,0.123915086,12,neutral,frank,
5,stu_WUDHR2640D,I love basketball,0.630306788,24,positive,clara,
6,stu_WUDHR2640D,I am black,0.369878301,6,black,frank,
7,stu_WUDHR2640D,My favorite movie Rugrats in Paris,0.7749006359999999,24,positive,clara,
8,stu_WUDHR2640D,I have 5 best friends,0.253578486,10,positive,frank,
9,stu_WUDHR2640D,I'm a great swimmer,0.33446691,29,positive,frank,
10,stu_WUDHR2640D,I have a pool cleaning,0.37266035200000003,47,neutral,frank,
11,stu_WUDHR2640D,I'm a master at 2k23 nba,0.67360662,28,positive,clara,
12,stu_WUDHR2640D,I love Jayson Tatum,0.8512558509999999,24,positive,clara,
13,stu_WUDHR2640D,I've never been to a Celtics game,0.436447655,47,neutral,frank,
14,stu_WUDHR2640D,I have swalload a screw,0.314238426,47,neutral,frank,
15,stu_WUDHR2640D,My favorite drink is Kool aid on a nice hot summer day,0.819957253,24,positive,clara,
16,stu_WUDHR2640D,My middle name is [name] like the painting,0.858920637,26,positive,clara,
16,stu_WUDHR2640D,My middle name is [name] like the painting,0.858920637,5,none,clara,
16,stu_WUDHR2640D,My middle name is [name] like the painting,0.858920637,24,positive,clara,
17,stu_WUDHR2640D,I'm a wilderness person,0.474160484,24,positive,frank,
18,stu_WUDHR2640D,I love playing video games,0.462398773,28,positive,frank,
18,stu_WUDHR2640D,I love playing video games,0.462398773,24,positive,frank,
19,stu_WUDHR2640D,I think MJ is the G.O.A.T,0.39159684899999997,29,neutral,frank,
20,stu_WUDHR2640D,I'm a future wnba player,0.124422103,41,neutral,frank,
20,stu_WUDHR2640D,I'm a future wnba player,0.124422103,29,neutral,frank,
1,stu_WVHWF6332A,A girl,0.9300977029999999,2,girl,clara,
2,stu_WVHWF6332A,A 7th grade student,0.945489261,22,7thgrade,clara,
2,stu_WVHWF6332A,A 7th grade student,0.945489261,4,7thgrade,clara,
2,stu_WVHWF6332A,A 7th grade student,0.945489261,14,neutral,clara,
3,stu_WVHWF6332A,tall,0.6351204570000001,35,neutral,clara,
4,stu_WVHWF6332A,black hair,0.9720578120000001,35,neutral,clara,
5,stu_WVHWF6332A,volleyball player,0.21982289100000002,29,neutral,frank,
6,stu_WVHWF6332A,dancer,0.8143988940000001,26,neutral,clara,
7,stu_WVHWF6332A,nice,0.954157617,44,positive,clara,
8,stu_WVHWF6332A,mean,0.18633097,44,negative,frank,
9,stu_WVHWF6332A,smart,0.38257413100000004,43,positive,frank,
10,stu_WVHWF6332A,pretty,0.795555737,35,positive,clara,
11,stu_WVHWF6332A,middle class,0.851374815,17,neutral,clara,
12,stu_WVHWF6332A,short hair,0.407257319,35,neutral,frank,
13,stu_WVHWF6332A,funny,0.48630458200000004,45,positive,frank,
14,stu_WVHWF6332A,grateful,0.7860276420000001,45,positive,clara,
15,stu_WVHWF6332A,5'6,0.27067197,35,neutral,frank,
16,stu_WVHWF6332A,trustworthy,0.16533329800000002,40,positive,frank,
17,stu_WVHWF6332A,determined,0.149756505,41,positive,frank,
18,stu_WVHWF6332A,clumsy,0.115456296,43,neutral,frank,
19,stu_WVHWF6332A,Haitian,0.075549395,7,haitian,used for IRR check,
20,stu_WVHWF6332A,Libra,0.888407866,22,libra,clara,
1,stu_WZSYO1566I,I am a 7th grade student at [school name] middle school,0.547234694,22,7thgrade,clara,
1,stu_WZSYO1566I,I am a 7th grade student at [school name] middle school,0.547234694,4,7thgrade,clara,
1,stu_WZSYO1566I,I am a 7th grade student at [school name] middle school,0.547234694,14,neutral,clara,
2,stu_WZSYO1566I,A human,0.184831071,21,none,frank,
3,stu_WZSYO1566I,A 13 year old,0.697830572,4,13,clara,
4,stu_WZSYO1566I,A kid with brown hair,0.460582996,35,neutral,frank,
4,stu_WZSYO1566I,A kid with brown hair,0.460582996,4,child,frank,
5,stu_WZSYO1566I,A kid who finished Mathia mid January,0.009352021,22,child,used for IRR check,
5,stu_WZSYO1566I,A kid who finished Mathia mid January,0.009352021,4,child,used for IRR check,
5,stu_WZSYO1566I,A kid who finished Mathia mid January,0.009352021,14,positive,used for IRR check,
6,stu_WZSYO1566I,A stressed child figuring out whoelse I can be,0.5009203529999999,47,neutral,frank,
6,stu_WZSYO1566I,A stressed child figuring out whoelse I can be,0.5009203529999999,4,child,frank,
6,stu_WZSYO1566I,A stressed child figuring out whoelse I can be,0.5009203529999999,45,negative,frank,
7,stu_WZSYO1566I,A slacker,0.25504439100000004,43,negative,frank,
8,stu_WZSYO1566I,Determined boy,0.37384437600000003,41,positive,frank,
8,stu_WZSYO1566I,Determined boy,0.37384437600000003,2,boy,frank,
9,stu_WZSYO1566I,A kid who get oushed out of bed when they wake up from a 8 hour nap,0.669213415,31,neutral,clara,
9,stu_WZSYO1566I,A kid who get oushed out of bed when they wake up from a 8 hour nap,0.669213415,4,child,clara,
9,stu_WZSYO1566I,A kid who get oushed out of bed when they wake up from a 8 hour nap,0.669213415,22,child,clara,
10,stu_WZSYO1566I,A kid who gets headaches way to much,0.573094061,36,negative,clara,
10,stu_WZSYO1566I,A kid who gets headaches way to much,0.573094061,4,child,clara,
10,stu_WZSYO1566I,A kid who gets headaches way to much,0.573094061,22,child,clara,
11,stu_WZSYO1566I,A kid who helps everyone else understand math,0.364549653,44,positive,frank,
11,stu_WZSYO1566I,A kid who helps everyone else understand math,0.364549653,4,child,frank,
12,stu_WZSYO1566I,I boy who signed up for the survey,0.818500006,47,neutral,clara,
12,stu_WZSYO1566I,I boy who signed up for the survey,0.818500006,2,boy,clara,
13,stu_WZSYO1566I,A guy who has a mathia addiction,0.805054578,14,positive,clara,
13,stu_WZSYO1566I,A guy who has a mathia addiction,0.805054578,2,boy,clara,
14,stu_WZSYO1566I,A boy who is eager to lean more math,0.719095684,25,positive,clara,
14,stu_WZSYO1566I,A boy who is eager to lean more math,0.719095684,2,boy,clara,
14,stu_WZSYO1566I,A boy who is eager to lean more math,0.719095684,14,positive,clara,
15,stu_WZSYO1566I,The middle child of a family,0.423565807,12,neutral,frank,
15,stu_WZSYO1566I,The middle child of a family,0.423565807,4,child,frank,
16,stu_WZSYO1566I,A guy who gets allergies easily,0.713374744,36,neutral,clara,
16,stu_WZSYO1566I,A guy who gets allergies easily,0.713374744,2,boy,clara,
17,stu_WZSYO1566I,A boy who plays videogames on an Ipad because the screen is big,0.863011917,28,neutral,clara,
17,stu_WZSYO1566I,A boy who plays videogames on an Ipad because the screen is big,0.863011917,2,boy,clara,
18,stu_WZSYO1566I,A guy who gives money to parents when needed,0.417955669,44,neutral,frank,
18,stu_WZSYO1566I,A guy who gives money to parents when needed,0.417955669,2,boy,frank,
18,stu_WZSYO1566I,A guy who gives money to parents when needed,0.417955669,12,neutral,frank,
19,stu_WZSYO1566I,A short person,0.543177794,35,neutral,clara,
20,stu_WZSYO1566I,I positive person that always has a smile unless sick or annoyed,0.885502615,45,positive,clara,
1,stu_XBVIF2629F,I am a 7th grade student,0.684914183,22,7thgrade,clara,
1,stu_XBVIF2629F,I am a 7th grade student,0.684914183,4,7thgrade,clara,
1,stu_XBVIF2629F,I am a 7th grade student,0.684914183,14,neutral,clara,
2,stu_XBVIF2629F,I am a baseball player,0.173343528,29,neutral,frank,
3,stu_XBVIF2629F,I am a boy,0.58700694,2,boy,clara,
4,stu_XBVIF2629F,I am 13 years old,0.322964708,4,13 years old,frank,
5,stu_XBVIF2629F,I am good at just about any sport I play,0.961517064,43,positive,clara,
5,stu_XBVIF2629F,I am good at just about any sport I play,0.961517064,29,positive,clara,
6,stu_XBVIF2629F,I am a very nice and kind person,0.275469129,44,positive,frank,
6,stu_XBVIF2629F,I am a very nice and kind person,0.275469129,21,none,frank,
7,stu_XBVIF2629F,I am smart,0.536857048,43,positive,frank,
8,stu_XBVIF2629F,I am good at school academics,0.345154555,43,positive,frank,
8,stu_XBVIF2629F,I am good at school academics,0.345154555,14,neutral,frank,
8,stu_XBVIF2629F,I am good at school academics,0.345154555,25,neutral,frank,
9,stu_XBVIF2629F,I am the oldest child,0.37901224,12,neutral,frank,
9,stu_XBVIF2629F,I am the oldest child,0.37901224,4,child,frank,
10,stu_XBVIF2629F,I am loved by a bunch of people,0.15973810900000002,24,positive,frank,
11,stu_XBVIF2629F,I am [student first name + last name],0.494086419,5,none,frank,
12,stu_XBVIF2629F,I am a good kid,0.6036673060000001,40,positive,clara,
12,stu_XBVIF2629F,I am a good kid,0.6036673060000001,4,child,clara,
12,stu_XBVIF2629F,I am a good kid,0.6036673060000001,22,child,clara,
13,stu_XBVIF2629F,I am a fun guy,0.8157687259999999,46,positive,clara,
13,stu_XBVIF2629F,I am a fun guy,0.8157687259999999,2,boy,clara,
14,stu_XBVIF2629F,I am not a quitter,0.899580552,41,positive,clara,
15,stu_XBVIF2629F,I am black,0.711988038,6,black,clara,
16,stu_XBVIF2629F,I am white,0.096919365,6,white,frank,
17,stu_XBVIF2629F,"I am Asian, Cape Virden, Mexican, Irish, light-skin, Scottish, Polish, Indian, Portuguese",0.624262099,7,"multiracial (asian, cape virden, mexican, irish, light-skin, scottish, polish, indian, portuguese)",clara,
18,stu_XBVIF2629F,I am a lover,0.7444821140000001,45,positive,clara,
19,stu_XBVIF2629F,I am a believer,0.463202936,16,believer,frank,
20,stu_XBVIF2629F,I am done with this test and I am 5'4ft,0.523511156,47,neutral,frank,
20,stu_XBVIF2629F,I am done with this test and I am 5'4ft,0.523511156,35,neutral,frank,
1,stu_XTVLS2669A,[student first name],0.42068988,5,none,frank,
2,stu_XTVLS2669A,a kid who like cat's,0.25717421,24,positive,frank,
2,stu_XTVLS2669A,a kid who like cat's,0.25717421,4,child,frank,
3,stu_XTVLS2669A,a kid who like brid's,0.24941481399999998,24,positive,frank,
3,stu_XTVLS2669A,a kid who like brid's,0.24941481399999998,3,child,frank,
4,stu_XTVLS2669A,a kid who like math,0.184985255,25,positive,frank,
4,stu_XTVLS2669A,a kid who like math,0.184985255,4,child,frank,
4,stu_XTVLS2669A,a kid who like math,0.184985255,24,positive,frank,
5,stu_XTVLS2669A,a kid who like to clime tree's,0.052578248,29,positive,used for IRR check,
5,stu_XTVLS2669A,a kid who like to clime tree's,0.052578248,4,child,used for IRR check,
5,stu_XTVLS2669A,a kid who like to clime tree's,0.052578248,22,child,used for IRR check,
5,stu_XTVLS2669A,a kid who like to clime tree's,0.052578248,24,positive,used for IRR check,
6,stu_XTVLS2669A,a kid who like baseball,0.45258508399999997,29,positive,frank,
6,stu_XTVLS2669A,a kid who like baseball,0.45258508399999997,4,child,frank,
6,stu_XTVLS2669A,a kid who like baseball,0.45258508399999997,24,positive,frank,
7,stu_XTVLS2669A,a kid who does not like basketball,0.5754051410000001,24,negative,clara,
7,stu_XTVLS2669A,a kid who does not like basketball,0.5754051410000001,4,child,clara,
7,stu_XTVLS2669A,a kid who does not like basketball,0.5754051410000001,22,child,clara,
8,stu_XTVLS2669A,a kid who has 5 siblings,0.370507886,12,neutral,frank,
8,stu_XTVLS2669A,a kid who has 5 siblings,0.370507886,4,child,frank,
9,stu_XTVLS2669A,a kid who like to sleep,0.076186102,31,positive,used for IRR check,
9,stu_XTVLS2669A,a kid who like to sleep,0.076186102,4,child,used for IRR check,
9,stu_XTVLS2669A,a kid who like to sleep,0.076186102,22,child,used for IRR check,
9,stu_XTVLS2669A,a kid who like to sleep,0.076186102,24,positive,used for IRR check,
10,stu_XTVLS2669A,i like to eat,0.346427551,24,positive,frank,
11,stu_XTVLS2669A,ammaracen,0.299377888,8,american,frank,
12,stu_XTVLS2669A,a student,0.031701136,14,neutral,used for IRR check,
20,stu_XTVLS2669A,try,0.817226762,48,none,clara,
1,stu_ZMXXH2486L,I am a Seventh Grade student,0.186487832,22,seventhgrader,frank,
1,stu_ZMXXH2486L,I am a Seventh Grade student,0.186487832,14,neutral,frank,
2,stu_ZMXXH2486L,I am 12 years old,0.107850166,4,12 years old,frank,
3,stu_ZMXXH2486L,I am a girl,0.117642207,2,girl,frank,
4,stu_ZMXXH2486L,I am a soccer player,0.779158405,29,neutral,clara,
5,stu_ZMXXH2486L,I am the oldest child,0.929216478,12,neutral,clara,
5,stu_ZMXXH2486L,I am the oldest child,0.929216478,4,child,clara,
6,stu_ZMXXH2486L,I go by she/her,0.771086624,2,she/her,clara,
7,stu_ZMXXH2486L,I am a sister,0.37883887,12,neutral,frank,
7,stu_ZMXXH2486L,I am a sister,0.37883887,2,girl,frank,
8,stu_ZMXXH2486L,I am american,0.838757469,8,american,clara,
9,stu_ZMXXH2486L,I am a hard-working person,0.46487367799999996,41,positive,frank,
10,stu_ZMXXH2486L,I am helpful,0.42701586399999997,44,positive,frank,
11,stu_ZMXXH2486L,I am able to cook,0.949475944,43,neutral,clara,
12,stu_ZMXXH2486L,I like working in groups,0.389271065,44,positive,frank,
12,stu_ZMXXH2486L,I like working in groups,0.389271065,24,positive,frank,
13,stu_ZMXXH2486L,I am interested in making jewelry,0.639448044,30,positive,clara,
14,stu_ZMXXH2486L,I am good at writing,0.7337561459999999,25,positive,clara,
15,stu_ZMXXH2486L,I am good at dancing,0.6229310570000001,26,positive,clara,
16,stu_ZMXXH2486L,I was born in december,0.117770777,48,none,frank,
17,stu_ZMXXH2486L,I am in honors classes,0.342315272,25,neutral,frank,
17,stu_ZMXXH2486L,I am in honors classes,0.342315272,14,neutral,frank,
18,stu_ZMXXH2486L,I am pretty good at drawing,0.636417394,26,positive,clara,
19,stu_ZMXXH2486L,I like to read,0.57007896,25,positive,clara,
19,stu_ZMXXH2486L,I like to read,0.57007896,24,positive,clara,
20,stu_ZMXXH2486L,I enjoy chatting with my friends,0.259169011,24,positive,frank,
20,stu_ZMXXH2486L,I enjoy chatting with my friends,0.259169011,10,positive,frank,