stu_id,cls_id,sch_id,BROMP Observed?,variable,Who am I?,Random values for sorting,Rater Assigned,code,valence,note
stu_NZWIU92234,cls_JYBSH30995,sch_QQLIR33891,,TST Respose 8,I am going to 7grade,0.000205606,Clara,22,6thgrade,
stu_NZWIU92234,cls_JYBSH30995,sch_QQLIR33891,,TST Respose 8,I am going to 7grade,0.000205606,Clara,4,6thgrade,
stu_NZWIU92234,cls_JYBSH30995,sch_QQLIR33891,,TST Respose 8,I am going to 7grade,0.000205606,Clara,14,neutral,
stu_DJCZE13885,cls_FBBRP25979,sch_QQLIR33891,,TST Respose 12,I like going outside.,0.00027614,Clara,31,positive,
stu_DJCZE13885,cls_FBBRP25979,sch_QQLIR33891,,TST Respose 12,I like going outside.,0.00027614,Clara,24,positive,
stu_CDXSC86692,cls_MAEBK64434,sch_QQLIR33891,,TST Respose 17,i am the person that goes to my brothers dad's house,0.000617106,Clara,12,neutral,
stu_KWMWG76590,cls_CXLDP17094,sch_KACVP55227,YES,TST Respose 16,i have a lot of friends,0.0008194,Clara,10,positive,
stu_RFRYE74718,cls_OUMSN73782,sch_QQLIR33891,YES,TST Respose 8,I am a fellow citizen for united states.,0.000942508,Clara,8,american,
stu_XSQUV53095,cls_OUMSN73782,sch_QQLIR33891,YES,TST Respose 5,I AM [FIRST NAME] A AFRICAN AND INDIAN,0.001105652,Clara,7,africanandindian,
stu_XSQUV53095,cls_OUMSN73782,sch_QQLIR33891,YES,TST Respose 5,I AM [FIRST NAME] A AFRICAN AND INDIAN,0.001105652,Clara,5,none,
stu_YXBHV58732,cls_VFZRA31361,sch_KACVP55227,YES,TST Respose 5,I like playing games,0.001209216,Clara,31,positive,
stu_YXBHV58732,cls_VFZRA31361,sch_KACVP55227,YES,TST Respose 5,I like playing games,0.001209216,Clara,24,positive,
stu_ZARRQ26344,cls_JYBSH30995,sch_QQLIR33891,,TST Respose 7,i like to paint and draw,0.001407841,Clara,26,positive,
stu_ZARRQ26344,cls_JYBSH30995,sch_QQLIR33891,,TST Respose 7,i like to paint and draw,0.001407841,Clara,24,positive,
stu_MKEGQ97127,cls_GIJEF48865,sch_KACVP55227,,TST Respose 15,I'm a friendly person,0.001578729,Clara,44,positive,
stu_EXNUN73314,cls_CIIPB03795,sch_RSWHG50450,YES,TST Respose 13,I am pretty,0.001709453,Clara,35,positive,
stu_MKGYA55892,cls_MMBNN48363,sch_QQLIR33891,,TST Respose 5,like music,0.002073456,Clara,24,positive,
stu_OCRTY88035,cls_MAEBK64434,sch_QQLIR33891,,TST Respose 17,I am someone that want to go to cape verde.,0.002391487,Clara,24,positive,flag for later
stu_FBWGP41232,cls_JYBSH30995,sch_QQLIR33891,,TST Respose 5,I enjoy math (sometimes),0.003009266,Clara,25,positive,
stu_FBWGP41232,cls_JYBSH30995,sch_QQLIR33891,,TST Respose 5,I enjoy math (sometimes),0.003009266,Clara,24,positive,
stu_DERZZ01872,cls_GIJEF48865,sch_KACVP55227,,TST Respose 12,I have a snake,0.003106838,Clara,32,none,
stu_BESSB35006,cls_CIIPB03795,sch_RSWHG50450,YES,TST Respose 8,i like to talk to my friends,0.003284685,Clara,31,positive,
stu_BESSB35006,cls_CIIPB03795,sch_RSWHG50450,YES,TST Respose 8,i like to talk to my friends,0.003284685,Clara,10,positive,
stu_BESSB35006,cls_CIIPB03795,sch_RSWHG50450,YES,TST Respose 8,i like to talk to my friends,0.003284685,Clara,24,positive,
stu_SOWGI28002,cls_MAEBK64434,sch_QQLIR33891,,TST Respose 16,I am someone who loves water,0.003496579,Clara,24,positive,
stu_EHXGF51692,cls_OUMSN73782,sch_QQLIR33891,YES,TST Respose 1,I am a honor student.,0.003677328,Clara,14,positive,
stu_QQMSX84242,cls_TNHXN45809,sch_RSWHG50450,YES,TST Respose 16,a friend,0.003807374,Clara,10,neutral,
stu_CDXSC86692,cls_MAEBK64434,sch_QQLIR33891,,TST Respose 19,i am the person that loves to go outside,0.004260331,Clara,31,positive,
stu_CDXSC86692,cls_MAEBK64434,sch_QQLIR33891,,TST Respose 19,i am the person that loves to go outside,0.004260331,Clara,24,positive,
stu_MXNSF14478,cls_JYBSH30995,sch_QQLIR33891,,TST Respose 19,I have 9 siblings,0.004294846,Clara,12,neutral,
stu_FQKSK24193,cls_FBBRP25979,sch_QQLIR33891,,TST Respose 16,i have 2 brothers,0.004453959,Clara,12,neutral,
stu_EJIML93711,cls_AJBUO63250,sch_KACVP55227,,TST Respose 16,I like doing group work.,0.004454458,Clara,14,positive,
stu_NWRRN03456,cls_MCLLA54915,sch_KACVP55227,,TST Respose 5,I complete 13 assignment on MATH Stream.,0.004775885,Clara,14,neutral,
stu_CWJCN88700,cls_DLRQP13887,sch_QQLIR33891,,TST Respose 13,I am short compared to others,0.004898781,Clara,35,neutral,
stu_ABSGH36082,cls_JYBSH30995,sch_QQLIR33891,,TST Respose 13,I want a fish,0.005005422,Clara,33,none,
stu_FASQN45304,cls_MAEBK64434,sch_QQLIR33891,,TST Respose 4,I am someone who loves math.,0.005163853,Clara,25,positive,
stu_FASQN45304,cls_MAEBK64434,sch_QQLIR33891,,TST Respose 4,I am someone who loves math.,0.005163853,Clara,24,positive,
stu_SBUBU63586,cls_OUKFK08724,sch_RSWHG50450,YES,TST Respose 3,i am a student,0.00544023,Clara,14,neutral,
stu_XSQUV53095,cls_OUMSN73782,sch_QQLIR33891,YES,TST Respose 2,I AM [FIRST NAME] A STUDENT,0.005551533,Clara,14,neutral,
stu_XSQUV53095,cls_OUMSN73782,sch_QQLIR33891,YES,TST Respose 2,I AM [FIRST NAME] A STUDENT,0.005551533,Clara,5,none,
stu_ZARRQ26344,cls_JYBSH30995,sch_QQLIR33891,,TST Respose 14,I am a moms girl,0.005799935,Clara,12,neutral,
stu_ZARRQ26344,cls_JYBSH30995,sch_QQLIR33891,,TST Respose 14,I am a moms girl,0.005799935,Clara,2,girl,
stu_WWNBY52737,cls_OUMSN73782,sch_QQLIR33891,YES,TST Respose 15,I am an honors student.,0.005862623,Clara,14,positive,
stu_WEADW20158,cls_JYBSH30995,sch_QQLIR33891,,TST Respose 12,i like going out with my parents,0.0063524,Clara,24,positive,
stu_WEADW20158,cls_JYBSH30995,sch_QQLIR33891,,TST Respose 12,i like going out with my parents,0.0063524,Clara,12,positive,
stu_JVLXZ63894,cls_CIIPB03795,sch_RSWHG50450,YES,TST Respose 2,english student,0.006390995,Clara,14,neutral,
stu_VKCWY07846,cls_DLRQP13887,sch_QQLIR33891,,TST Respose 5,im a only child,0.006402252,Clara,22,onlychild,
stu_VKCWY07846,cls_DLRQP13887,sch_QQLIR33891,,TST Respose 5,im a only child,0.006402252,Clara,12,neutral,
stu_HBPKA70291,cls_CIIPB03795,sch_RSWHG50450,YES,TST Respose 12,call of duty player,0.006505484,Clara,28,neutral,
stu_IGLSS89625,cls_VFZRA31361,sch_KACVP55227,YES,TST Respose 11,i like my mom,0.007188715,Clara,12,positive,
stu_MXNSF14478,cls_JYBSH30995,sch_QQLIR33891,,TST Respose 3,I'm a 11 year old,0.008020813,Clara,4,11,
stu_VNSDU81090,cls_JYBSH30995,sch_QQLIR33891,,TST Respose 10,my favorite food is rice and chiken,0.00839801,Clara,24,positive,
stu_PUHUL75671,cls_HEZZN95002,sch_QQLIR33891,,TST Respose 10,[DATE POSSIBLE BIRTHDAY],0.008824922,Clara,48,neutral,
stu_IKUOQ66846,cls_USLPT75423,sch_QQLIR33891,YES,TST Respose 18,I like to do something when i'm bored,0.008834053,Clara,31,positive,
stu_IKUOQ66846,cls_USLPT75423,sch_QQLIR33891,YES,TST Respose 18,I like to do something when i'm bored,0.008834053,Clara,24,positive,
stu_HLKZL24322,cls_MAEBK64434,sch_QQLIR33891,,TST Respose 19,i like popcorn,0.009570636,Clara,24,positive,
stu_MTCIM85775,cls_TNHXN45809,sch_RSWHG50450,,TST Respose 20,A [CITY] resident,0.0100124,Clara,9,neutral,
stu_UHXBA77476,cls_FBBRP25979,sch_QQLIR33891,,TST Respose 12,l like butterflies,0.010686592,Clara,24,positive,
stu_FASQN45304,cls_MAEBK64434,sch_QQLIR33891,,TST Respose 3,I am someone who likes to run.,0.01087546,Clara,29,positive,
stu_FASQN45304,cls_MAEBK64434,sch_QQLIR33891,,TST Respose 3,I am someone who likes to run.,0.01087546,Clara,24,positive,
stu_FPTDO32773,cls_TNHXN45809,sch_RSWHG50450,YES,TST Respose 3,Girlfriend,0.010885561,Clara,11,neutral,
stu_RDPGG44681,cls_ZLIZG21375,sch_RSWHG50450,,TST Respose 12,I am truthful,0.011653195,Clara,40,positive,
stu_XSQUV53095,cls_OUMSN73782,sch_QQLIR33891,YES,TST Respose 6,I AM [FIRST NAME] A ANTISOCIAL,0.011877463,Clara,44,negative,
stu_XSQUV53095,cls_OUMSN73782,sch_QQLIR33891,YES,TST Respose 6,I AM [FIRST NAME] A ANTISOCIAL,0.011877463,Clara,5,neutral,
stu_DHTXQ91573,cls_VFZRA31361,sch_KACVP55227,YES,TST Respose 7,I am a students from 6 grades,0.012000676,Clara,22,6thgrade,
stu_DHTXQ91573,cls_VFZRA31361,sch_KACVP55227,YES,TST Respose 7,I am a students from 6 grades,0.012000676,Clara,4,6thgrade,
stu_DHTXQ91573,cls_VFZRA31361,sch_KACVP55227,YES,TST Respose 7,I am a students from 6 grades,0.012000676,Clara,14,neutral,
stu_CWQDV67579,cls_CIIPB03795,sch_RSWHG50450,YES,TST Respose 1,I am Christian,0.012109183,Clara,16,christian,
stu_UYUIH18635,cls_FBBRP25979,sch_QQLIR33891,,TST Respose 14,my favortie holiday is christmas,0.012891804,Clara,24,positive,
stu_PYEUW09959,cls_HEZZN95002,sch_QQLIR33891,,TST Respose 12,I like to go to dunkin' donuts,0.013195797,Clara,31,positive,
stu_PYEUW09959,cls_HEZZN95002,sch_QQLIR33891,,TST Respose 12,I like to go to dunkin' donuts,0.013195797,Clara,24,positive,
stu_MMZHT88458,cls_QZQQW97177,sch_KACVP55227,,TST Respose 20,i have long hair,0.013316948,Clara,35,neutral,
stu_KWMWG76590,cls_CXLDP17094,sch_KACVP55227,YES,TST Respose 9,i like hang out with my friends,0.013402267,Clara,31,positive,
stu_KWMWG76590,cls_CXLDP17094,sch_KACVP55227,YES,TST Respose 9,i like hang out with my friends,0.013402267,Clara,10,positive,
stu_KWMWG76590,cls_CXLDP17094,sch_KACVP55227,YES,TST Respose 9,i like hang out with my friends,0.013402267,Clara,24,positive,
stu_SJXEZ38047,cls_JYBSH30995,sch_QQLIR33891,,TST Respose 13,I speak 2 different languages,0.013624938,Clara,25,neutral,
stu_SJXEZ38047,cls_JYBSH30995,sch_QQLIR33891,,TST Respose 13,I speak 2 different languages,0.013624938,Clara,22,bilingual,
stu_TDURA35752,cls_USLPT75423,sch_QQLIR33891,YES,TST Respose 8,I am quiet,0.013822005,Clara,44,neutral,
stu_CAGAM03126,cls_HOJKW39162,sch_KACVP55227,YES,TST Respose 14,I am a person who likes to play games.,0.014003499,Clara,31,positive,
stu_CAGAM03126,cls_HOJKW39162,sch_KACVP55227,YES,TST Respose 14,I am a person who likes to play games.,0.014003499,Clara,24,positive,
stu_ORUUL82324,cls_FBBRP25979,sch_QQLIR33891,,TST Respose 9,My older brother is in military-basic training,0.014244321,Clara,12,neutral,
stu_FVHVM49769,cls_SLKYU63739,sch_QQLIR33891,YES,TST Respose 3,I am half brazilian,0.014661144,Clara,7,brazilian,
stu_WZRKM29688,cls_HEBLM24075,sch_KACVP55227,,TST Respose 2,im a sports player,0.014775019,Clara,29,neutral,
stu_XKMAG80800,cls_TNHXN45809,sch_RSWHG50450,YES,TST Respose 16,I like strawberry cheesecake.,0.014785483,Clara,24,positive,
stu_BJJXN95776,cls_MAEBK64434,sch_QQLIR33891,,TST Respose 18,I like homemade food,0.014901524,Clara,24,positive,
stu_IZQGI75719,cls_JYBSH30995,sch_QQLIR33891,,TST Respose 1,i like tv,0.015022889,Clara,24,positive,
stu_EHLZF06092,cls_MCLLA54915,sch_KACVP55227,YES,TST Respose 9,I don't like spanish class,0.015113065,Clara,24,negative,
stu_EHLZF06092,cls_MCLLA54915,sch_KACVP55227,YES,TST Respose 9,I don't like spanish class,0.015113065,Clara,14,negative,
stu_KFYJM61476,cls_SYHWK05211,sch_KACVP55227,YES,TST Respose 3,I like to wear sweaters.,0.015402884,Clara,24,positive,
stu_QHOON52054,cls_MCLLA54915,sch_KACVP55227,YES,TST Respose 20,I am done with this test and I am 5'4ft,0.015606833,Clara,47,neutral,
stu_QHOON52054,cls_MCLLA54915,sch_KACVP55227,YES,TST Respose 20,I am done with this test and I am 5'4ft,0.015606833,Clara,35,neutral,
stu_XCKNQ66212,cls_USLPT75423,sch_QQLIR33891,YES,TST Respose 1,im black,0.015872508,Clara,6,black,
stu_MMNSJ38829,cls_YLGBO89611,sch_KACVP55227,,TST Respose 1,I like to dance.,0.016351869,Clara,26,positive,
stu_MMNSJ38829,cls_YLGBO89611,sch_KACVP55227,,TST Respose 1,I like to dance.,0.016351869,Clara,24,positive,
stu_UAFAK64772,cls_AJBUO63250,sch_KACVP55227,YES,TST Respose 2,A 7th grade student,0.016506104,Clara,22,7thgrade,
stu_UAFAK64772,cls_AJBUO63250,sch_KACVP55227,YES,TST Respose 2,A 7th grade student,0.016506104,Clara,4,7thgrade,
stu_UAFAK64772,cls_AJBUO63250,sch_KACVP55227,YES,TST Respose 2,A 7th grade student,0.016506104,Clara,14,neutral,
stu_IKUOQ66846,cls_USLPT75423,sch_QQLIR33891,YES,TST Respose 14,I have cornrows,0.016732288,Clara,35,neutral,
stu_CPBCK00658,cls_SIVDJ49041,sch_KACVP55227,,TST Respose 15,I like babies,0.017023956,Clara,24,positive,
stu_FBWGP41232,cls_JYBSH30995,sch_QQLIR33891,,TST Respose 11,I like to sleep,0.017544342,Clara,31,positive,
stu_FBWGP41232,cls_JYBSH30995,sch_QQLIR33891,,TST Respose 11,I like to sleep,0.017544342,Clara,24,positive,
stu_CTAZU65504,cls_USLPT75423,sch_QQLIR33891,YES,TST Respose 9,I am Cape Verdean,0.017746828,Clara,7,cape verdean,
stu_VQFBG95862,cls_USLPT75423,sch_QQLIR33891,,TST Respose 18,i am a person with a dog,0.018155658,Clara,32,none,
stu_ABSGH36082,cls_JYBSH30995,sch_QQLIR33891,,TST Respose 14,I was born in April,0.018878814,Clara,22,april birthday,
stu_LJAAE92948,cls_ERQJB18593,sch_QQLIR33891,YES,TST Respose 20,I can't do my hair,0.018882043,Clara,30,negative,
stu_QACJQ31561,cls_JYBSH30995,sch_QQLIR33891,,TST Respose 10,i like jordans,0.019062651,Clara,30,positive,
stu_QACJQ31561,cls_JYBSH30995,sch_QQLIR33891,,TST Respose 10,i like jordans,0.019062651,Clara,24,positive,
stu_WWNBY52737,cls_OUMSN73782,sch_QQLIR33891,YES,TST Respose 6,I am a singer.,0.019233994,Clara,26,neutral,
stu_NWRRC44615,cls_JYBSH30995,sch_QQLIR33891,,TST Respose 5,i hang out with my friends,0.019446175,Clara,31,neutral,
stu_NWRRC44615,cls_JYBSH30995,sch_QQLIR33891,,TST Respose 5,i hang out with my friends,0.019446175,Clara,10,neutral,
stu_XHGVP79664,cls_HEZZN95002,sch_QQLIR33891,,TST Respose 4,Im white,0.019785979,Clara,6,white,
stu_SELBD60428,cls_AJBUO63250,sch_KACVP55227,,TST Respose 1,[FIRST LAST NAME],0.019850113,Clara,5,none,
stu_PKXZK94759,cls_JYBSH30995,sch_QQLIR33891,,TST Respose 5,I love music,0.019860392,Clara,24,positive,
stu_NJZBY59884,cls_MAEBK64434,sch_QQLIR33891,,TST Respose 8,i like to eat.,0.019952764,Clara,31,positive,
stu_NJZBY59884,cls_MAEBK64434,sch_QQLIR33891,,TST Respose 8,i like to eat.,0.019952764,Clara,24,positive,
stu_WXAMH04104,cls_FBBRP25979,sch_QQLIR33891,,TST Respose 2,i am 12 years old,0.020130519,Clara,4,12,
stu_LJAAE92948,cls_ERQJB18593,sch_QQLIR33891,YES,TST Respose 19,I'm a good sister,0.020577412,Clara,12,positive,
stu_LJAAE92948,cls_ERQJB18593,sch_QQLIR33891,YES,TST Respose 19,I'm a good sister,0.020577412,Clara,2,girl,
stu_DKGHS98193,cls_FXSNE83092,sch_QQLIR33891,,TST Respose 9,i have a baby brother i love alot,0.020591293,Clara,12,positive,
stu_MRIWT64391,cls_SYHWK05211,sch_KACVP55227,YES,TST Respose 1,A person who loves science,0.020628984,Clara,25,positive,
stu_MRIWT64391,cls_SYHWK05211,sch_KACVP55227,YES,TST Respose 1,A person who loves science,0.020628984,Clara,24,positive,
stu_EHYTZ32137,cls_USLPT75423,sch_QQLIR33891,YES,TST Respose 4,I'm a good writer,0.020690713,Clara,25,positive,
stu_JVLXZ63894,cls_CIIPB03795,sch_RSWHG50450,YES,TST Respose 7,artist,0.020822981,Clara,26,neutral,
stu_OAZKI17777,cls_TNHXN45809,sch_RSWHG50450,YES,TST Respose 18,[FIRST NAME],0.021175114,Clara,5,none,
stu_WQGUY90279,cls_JYBSH30995,sch_QQLIR33891,,TST Respose 4,I'm Vietnamese and Chinese,0.021355805,Clara,7,vietnamese and chinese,
stu_STIXI97047,cls_CXLDP17094,sch_KACVP55227,,TST Respose 7,I am [LAST NAME].,0.021404606,Clara,5,none,
stu_THKBG93560,cls_OUMSN73782,sch_QQLIR33891,YES,TST Respose 20,I'm an outside kid,0.021513461,Clara,22,outsidekid,
stu_THKBG93560,cls_OUMSN73782,sch_QQLIR33891,YES,TST Respose 20,I'm an outside kid,0.021513461,Clara,4,child,
stu_MRIWT64391,cls_SYHWK05211,sch_KACVP55227,YES,TST Respose 4,A english speaker,0.021562825,Clara,25,neutral,flag for later
stu_MRIWT64391,cls_SYHWK05211,sch_KACVP55227,YES,TST Respose 4,A english speaker,0.021562825,Clara,22,englishspeaker,flag for later
stu_VENGZ10475,cls_HEZZN95002,sch_QQLIR33891,,TST Respose 9,A coder,0.021595809,Clara,26,neutral,
stu_BCRYB29652,cls_OUMSN73782,sch_QQLIR33891,YES,TST Respose 13,"I,m good at srose.",0.021856726,Clara,48,positive,
stu_FBOFA96484,cls_MAEBK64434,sch_QQLIR33891,,TST Respose 9,i am a thankful person,0.021888129,Clara,45,positive,
stu_PJCOJ15115,cls_HEZZN95002,sch_QQLIR33891,,TST Respose 11,I am a spiderman enjoyer,0.022437152,Clara,24,positive,
stu_CLLRZ76280,cls_MAEBK64434,sch_QQLIR33891,,TST Respose 8,I'm someone who's birthday is january,0.022444792,Clara,22,january birthday,
stu_OFAWH83528,cls_FBBRP25979,sch_QQLIR33891,,TST Respose 18,i like hanging out with family,0.0224597,Clara,31,positive,
stu_OFAWH83528,cls_FBBRP25979,sch_QQLIR33891,,TST Respose 18,i like hanging out with family,0.0224597,Clara,12,positive,
stu_OFAWH83528,cls_FBBRP25979,sch_QQLIR33891,,TST Respose 18,i like hanging out with family,0.0224597,Clara,24,positive,
stu_EHLZF06092,cls_MCLLA54915,sch_KACVP55227,YES,TST Respose 18,I like spring,0.023021043,Clara,24,positive,
stu_CNIFN64507,cls_OUMSN73782,sch_QQLIR33891,YES,TST Respose 4,im me,0.023091206,Clara,19,none,
stu_QHOON52054,cls_MCLLA54915,sch_KACVP55227,YES,TST Respose 2,I am a baseball player,0.023134009,Clara,29,neutral,
stu_IIOVZ06372,cls_HJQZF25095,sch_KACVP55227,YES,TST Respose 18,I like the mall,0.023140297,Clara,24,positive,
stu_FHADA27602,cls_OUMSN73782,sch_QQLIR33891,YES,TST Respose 9,i love mac n cheese,0.023446799,Clara,24,positive,
stu_XKMAG80800,cls_TNHXN45809,sch_RSWHG50450,YES,TST Respose 7,A nice guy,0.023535799,Clara,44,positive,
stu_XKMAG80800,cls_TNHXN45809,sch_RSWHG50450,YES,TST Respose 7,A nice guy,0.023535799,Clara,2,boy,
stu_EUIXK95276,cls_JDASF17902,sch_KACVP55227,,TST Respose 5,"I'm a student at the [SCHOOL NAME] I love dancing, singing, gym class, Art class, eating food",0.023671976,Clara,31,positive,
stu_EUIXK95276,cls_JDASF17902,sch_KACVP55227,,TST Respose 5,"I'm a student at the [SCHOOL NAME] I love dancing, singing, gym class, Art class, eating food",0.023671976,Clara,14,neutral,
stu_EUIXK95276,cls_JDASF17902,sch_KACVP55227,,TST Respose 5,"I'm a student at the [SCHOOL NAME] I love dancing, singing, gym class, Art class, eating food",0.023671976,Clara,24,positive,
stu_EUIXK95276,cls_JDASF17902,sch_KACVP55227,,TST Respose 5,"I'm a student at the [SCHOOL NAME] I love dancing, singing, gym class, Art class, eating food",0.023671976,Clara,26,positive,
stu_EUIXK95276,cls_JDASF17902,sch_KACVP55227,,TST Respose 5,"I'm a student at the [SCHOOL NAME] I love dancing, singing, gym class, Art class, eating food",0.023671976,Clara,29,positive,
stu_QACJQ31561,cls_JYBSH30995,sch_QQLIR33891,,TST Respose 2,im 11,0.023674808,Clara,4,11,
stu_CPBCK00658,cls_SIVDJ49041,sch_KACVP55227,,TST Respose 1,I am a girl.,0.023743661,Clara,2,girl,
stu_QZOUO83023,cls_FBBRP25979,sch_QQLIR33891,YES,TST Respose 7,I also like money,0.023745965,Clara,34,positive,
stu_QZOUO83023,cls_FBBRP25979,sch_QQLIR33891,YES,TST Respose 7,I also like money,0.023745965,Clara,24,positive,
stu_FSPCV10901,cls_OUMSN73782,sch_QQLIR33891,YES,TST Respose 13,I love the park.,0.024075289,Clara,24,positive,
stu_EUWJA76858,cls_HJQZF25095,sch_KACVP55227,YES,TST Respose 3,I am a volleyball player.,0.025047834,Clara,29,neutral,
stu_YXBHV58732,cls_VFZRA31361,sch_KACVP55227,YES,TST Respose 1,I'm a student,0.025083794,Clara,14,neutral,
stu_SULZI60933,cls_JYBSH30995,sch_QQLIR33891,,TST Respose 19,i like art,0.025243102,Clara,26,positive,
stu_SULZI60933,cls_JYBSH30995,sch_QQLIR33891,,TST Respose 19,i like art,0.025243102,Clara,24,positive,
stu_DUOEM76163,cls_FXSNE83092,sch_QQLIR33891,,TST Respose 13,I was born in [CITY],0.025245228,Clara,9,neutral,
stu_IIOVZ06372,cls_HJQZF25095,sch_KACVP55227,YES,TST Respose 17,I like the weekends,0.025348144,Clara,24,positive,
stu_EHYTZ32137,cls_USLPT75423,sch_QQLIR33891,YES,TST Respose 9,I'm the oldest,0.025377361,Clara,12,neutral,
stu_CAGAM03126,cls_HOJKW39162,sch_KACVP55227,YES,TST Respose 17,I am a person who likes hoodies.,0.025655652,Clara,30,positive,
stu_CAGAM03126,cls_HOJKW39162,sch_KACVP55227,YES,TST Respose 17,I am a person who likes hoodies.,0.025655652,Clara,24,positive,
stu_NWVEW24693,cls_AVBRA70624,sch_KACVP55227,YES,TST Respose 16,i am excited for spring,0.02579545,Clara,47,positive,
stu_UEVQJ25414,cls_USLPT75423,sch_QQLIR33891,YES,TST Respose 5,im funny,0.02606282,Clara,46,positive,
stu_MMNSJ38829,cls_YLGBO89611,sch_KACVP55227,,TST Respose 7,I like to listen to music.,0.02608221,Clara,26,positive,
stu_MMNSJ38829,cls_YLGBO89611,sch_KACVP55227,,TST Respose 7,I like to listen to music.,0.02608221,Clara,24,positive,
stu_QQMSX84242,cls_TNHXN45809,sch_RSWHG50450,YES,TST Respose 7,a family member,0.026442087,Clara,12,neutral,
stu_OAZKI17777,cls_TNHXN45809,sch_RSWHG50450,YES,TST Respose 17,[FIRST NAME],0.026928742,Clara,5,none,
stu_KWLPL21630,cls_SIVDJ49041,sch_KACVP55227,,TST Respose 16,I like cute outfit.,0.027006714,Clara,30,positive,
stu_KWLPL21630,cls_SIVDJ49041,sch_KACVP55227,,TST Respose 16,I like cute outfit.,0.027006714,Clara,24,positive,
stu_WTRMC77187,cls_IZNZG32572,sch_KACVP55227,YES,TST Respose 6,I have fun with friends,0.027031958,Clara,31,positive,
stu_WTRMC77187,cls_IZNZG32572,sch_KACVP55227,YES,TST Respose 6,I have fun with friends,0.027031958,Clara,10,positive,
stu_CNIXS57234,cls_ERQJB18593,sch_QQLIR33891,,TST Respose 3,I'm basketball player,0.027336326,Clara,29,neutral,
stu_HEPWQ98561,cls_ZUQLK09797,sch_KACVP55227,,TST Respose 4,"i am black,",0.027444816,Clara,6,black,
stu_IGWBR81023,cls_DLRQP13887,sch_QQLIR33891,,TST Respose 5,i have two older brothers and two younger sisters,0.027880984,Clara,12,neutral,
stu_SQLXP95993,cls_MFUGV02425,sch_QQLIR33891,,TST Respose 6,I don't like to do all of my homework,0.027977235,Clara,24,negative,
stu_SQLXP95993,cls_MFUGV02425,sch_QQLIR33891,,TST Respose 6,I don't like to do all of my homework,0.027977235,Clara,14,negative,
stu_UEYTM01990,cls_HOJKW39162,sch_KACVP55227,YES,TST Respose 5,I'm nice,0.028086579,Clara,44,positive,
stu_YBWGX96937,cls_MAEBK64434,sch_QQLIR33891,,TST Respose 15,not like warm up,0.02815258,Clara,24,positive,
stu_OQLOS45541,cls_USLPT75423,sch_QQLIR33891,YES,TST Respose 3,I'm a writer.,0.028177997,Clara,25,neutral,
stu_CDXSC86692,cls_MAEBK64434,sch_QQLIR33891,,TST Respose 8,I am a person that to spend time with my brothers,0.028436449,Clara,12,neutral,
stu_ERQCY81201,cls_USLPT75423,sch_QQLIR33891,YES,TST Respose 9,I am a girl who loves her morning coffe.,0.028856346,Clara,24,positive,
stu_ERQCY81201,cls_USLPT75423,sch_QQLIR33891,YES,TST Respose 9,I am a girl who loves her morning coffe.,0.028856346,Clara,2,girl,
stu_OIYXZ27717,cls_MAEBK64434,sch_QQLIR33891,,TST Respose 4,I am the oldest sibling,0.029030467,Clara,12,neutral,
stu_CWJCN88700,cls_DLRQP13887,sch_QQLIR33891,,TST Respose 2,I am Cape Verdean,0.029320218,Clara,7,cape verdean,
stu_QQAHK93946,cls_FXSNE83092,sch_QQLIR33891,,TST Respose 6,I like cats and small dogs,0.029338399,Clara,24,positive,
stu_WTRMC77187,cls_IZNZG32572,sch_KACVP55227,YES,TST Respose 15,the moon is cool,0.029378382,Clara,48,none,
stu_RSKDK68207,cls_SIVDJ49041,sch_KACVP55227,,TST Respose 8,I like to sing.,0.029490057,Clara,26,positive,
stu_RSKDK68207,cls_SIVDJ49041,sch_KACVP55227,,TST Respose 8,I like to sing.,0.029490057,Clara,24,positive,
stu_KCDEU07486,cls_JWHPH41004,sch_QQLIR33891,YES,TST Respose 15,I am mature,0.030043975,Clara,45,"positive, positive",
stu_BJJXN95776,cls_MAEBK64434,sch_QQLIR33891,,TST Respose 7,I love fruit,0.030223125,Clara,24,positive,
stu_SBUBU63586,cls_OUKFK08724,sch_RSWHG50450,YES,TST Respose 1,i am [FIRST NAME],0.03024544,Clara,5,none,
stu_NYHDW07721,cls_CIIPB03795,sch_RSWHG50450,,TST Respose 15,Resident of [CITY],0.030263287,Clara,9,neutral,
stu_GCHCS91000,cls_SLKYU63739,sch_QQLIR33891,YES,TST Respose 10,i am reponsible,0.030294117,Clara,43,positive,
stu_WPVZY01902,cls_YLGBO89611,sch_KACVP55227,,TST Respose 16,I dont like Play station,0.03048431,Clara,28,negative,
stu_ECYEC76336,cls_OUMSN73782,sch_QQLIR33891,YES,TST Respose 7,I am a person who loves the ocean,0.03048906,Clara,24,positive,
stu_OAZKI17777,cls_TNHXN45809,sch_RSWHG50450,YES,TST Respose 16,[FIRST NAME],0.031063429,Clara,5,none,
stu_UEVQJ25414,cls_USLPT75423,sch_QQLIR33891,YES,TST Respose 9,i have short hair,0.03131653,Clara,35,neutral,
stu_QHOON52054,cls_MCLLA54915,sch_KACVP55227,YES,TST Respose 6,I am a very nice and kind person,0.031689201,Clara,44,positive,
stu_QHOON52054,cls_MCLLA54915,sch_KACVP55227,YES,TST Respose 6,I am a very nice and kind person,0.031689201,Clara,21,none,
stu_ZUARE93356,cls_MAEBK64434,sch_QQLIR33891,,TST Respose 13,My favorite season is summer,0.031737173,Clara,24,positive,
stu_OAZKI17777,cls_TNHXN45809,sch_RSWHG50450,YES,TST Respose 3,[LETTER OF NAME],0.031905766,Clara,5,none,
stu_CNIFN64507,cls_OUMSN73782,sch_QQLIR33891,YES,TST Respose 5,i like jollyranchers,0.03232368,Clara,24,positive,
stu_KCDEU07486,cls_JWHPH41004,sch_QQLIR33891,YES,TST Respose 13,I can be helpful,0.032514803,Clara,44,positive,
stu_NWRRN03456,cls_MCLLA54915,sch_KACVP55227,,TST Respose 9,I would like to be in Honors for MATH at 1 and 2 period at my school.,0.033087553,Clara,24,positive,
stu_NWRRN03456,cls_MCLLA54915,sch_KACVP55227,,TST Respose 9,I would like to be in Honors for MATH at 1 and 2 period at my school.,0.033087553,Clara,14,positive,
stu_ZYUDW82089,cls_OUMSN73782,sch_QQLIR33891,YES,TST Respose 1,a student,0.033284176,Clara,14,neutral,
stu_VTRUH97046,cls_DLRQP13887,sch_QQLIR33891,,TST Respose 11,I other favorite song is selfish by pnb rock.,0.033783383,Clara,24,positive,
stu_TDURA35752,cls_USLPT75423,sch_QQLIR33891,YES,TST Respose 20,I am [FIRST NAME],0.033850355,Clara,5,none,
stu_QOGPO20181,cls_AVBRA70624,sch_KACVP55227,YES,TST Respose 7,l'm smart,0.034174002,Clara,43,positive,
stu_QOGPO20181,cls_AVBRA70624,sch_KACVP55227,YES,TST Respose 7,l'm smart,0.034174002,Clara,25,positive,
stu_JTZYY08754,cls_JTMRB81339,sch_KACVP55227,,TST Respose 3,I like my house and my room that's who I'm,0.034189141,Clara,24,positive,
stu_RNIHY62490,cls_OUMSN73782,sch_QQLIR33891,YES,TST Respose 7,I am a gamer,0.034196957,Clara,28,neutral,
stu_MTCIM85775,cls_TNHXN45809,sch_RSWHG50450,,TST Respose 4,I am a brother,0.034584536,Clara,12,neutral,
stu_MTCIM85775,cls_TNHXN45809,sch_RSWHG50450,,TST Respose 4,I am a brother,0.034584536,Clara,2,boy,
stu_NKHRJ04957,cls_FBBRP25979,sch_QQLIR33891,,TST Respose 20,I dont like shurbert,0.034645314,Clara,24,negative,
stu_EHXGF51692,cls_OUMSN73782,sch_QQLIR33891,YES,TST Respose 7,I am smart!,0.034664634,Clara,43,positive,
stu_EHXGF51692,cls_OUMSN73782,sch_QQLIR33891,YES,TST Respose 7,I am smart!,0.034664634,Clara,25,positive,
stu_LVOOZ80056,cls_OUMSN73782,sch_QQLIR33891,YES,TST Respose 19,I was a student ambassador.,0.034761973,Clara,14,positive,
stu_MIJEQ06664,cls_MAEBK64434,sch_QQLIR33891,,TST Respose 7,I am a good kid,0.03509274,Clara,40,positive,
stu_MIJEQ06664,cls_MAEBK64434,sch_QQLIR33891,,TST Respose 7,I am a good kid,0.03509274,Clara,4,child,
stu_MIJEQ06664,cls_MAEBK64434,sch_QQLIR33891,,TST Respose 7,I am a good kid,0.03509274,Clara,22,child,
stu_YGBLH44260,cls_IZNZG32572,sch_KACVP55227,YES,TST Respose 5,I am a person that finds normal math too easy a lot.,0.035276452,Clara,25,positive,
stu_NKHRJ04957,cls_FBBRP25979,sch_QQLIR33891,,TST Respose 1,Im a boy,0.035366576,Clara,2,boy,
stu_UJNMI16598,cls_OUKFK08724,sch_RSWHG50450,,TST Respose 14,Mixed,0.035440482,Clara,6,mixed,
stu_PNNIR08301,cls_HJQZF25095,sch_KACVP55227,YES,TST Respose 5,I like math.,0.036069205,Clara,25,positive,
stu_PNNIR08301,cls_HJQZF25095,sch_KACVP55227,YES,TST Respose 5,I like math.,0.036069205,Clara,24,positive,
stu_ROULI02103,cls_SLKYU63739,sch_QQLIR33891,YES,TST Respose 7,i loved to sleep,0.036170894,Clara,31,positive,
stu_ROULI02103,cls_SLKYU63739,sch_QQLIR33891,YES,TST Respose 7,i loved to sleep,0.036170894,Clara,24,positive,
stu_FBWGP41232,cls_JYBSH30995,sch_QQLIR33891,,TST Respose 12,I' m in 6th grade,0.036203475,Clara,22,6thgrade,
stu_FBWGP41232,cls_JYBSH30995,sch_QQLIR33891,,TST Respose 12,I' m in 6th grade,0.036203475,Clara,4,6thgrade,
stu_FBWGP41232,cls_JYBSH30995,sch_QQLIR33891,,TST Respose 12,I' m in 6th grade,0.036203475,Clara,14,neutral,
stu_LDUML32113,cls_USLPT75423,sch_QQLIR33891,YES,TST Respose 15,i kinda like soccer,0.036349479,Clara,29,positive,
stu_LDUML32113,cls_USLPT75423,sch_QQLIR33891,YES,TST Respose 15,i kinda like soccer,0.036349479,Clara,24,positive,
stu_MIJEQ06664,cls_MAEBK64434,sch_QQLIR33891,,TST Respose 12,I like tv,0.036713187,Clara,24,positive,
stu_BDAZF88230,cls_USLPT75423,sch_QQLIR33891,YES,TST Respose 15,I am a person with two immigrant parents,0.036832864,Clara,12,neutral,flag for later
stu_BDAZF88230,cls_USLPT75423,sch_QQLIR33891,YES,TST Respose 15,I am a person with two immigrant parents,0.036832864,Clara,7,immigrantparents,flag for later
stu_ORUUL82324,cls_FBBRP25979,sch_QQLIR33891,,TST Respose 7,I'm the middle child,0.037168954,Clara,22,middlechild,
stu_ORUUL82324,cls_FBBRP25979,sch_QQLIR33891,,TST Respose 7,I'm the middle child,0.037168954,Clara,12,neutral,
stu_EUWJA76858,cls_HJQZF25095,sch_KACVP55227,YES,TST Respose 10,I like cheerleading.,0.037381274,Clara,29,positive,
stu_EUWJA76858,cls_HJQZF25095,sch_KACVP55227,YES,TST Respose 10,I like cheerleading.,0.037381274,Clara,24,positive,
stu_TFTDG28078,cls_IZNZG32572,sch_KACVP55227,YES,TST Respose 12,1/2 kids.,0.0386596,Clara,48,neutral,
stu_MTCIM85775,cls_TNHXN45809,sch_RSWHG50450,,TST Respose 14,I am acheiving,0.039308128,Clara,41,positive,
stu_AQNHF52456,cls_USLPT75423,sch_QQLIR33891,YES,TST Respose 7,i wanna be an  civil engineer,0.039372674,Clara,13,neutral,
stu_SBUBU63586,cls_OUKFK08724,sch_RSWHG50450,YES,TST Respose 8,i am a cristgin,0.039650736,Clara,16,christian,
stu_DKGHS98193,cls_FXSNE83092,sch_QQLIR33891,,TST Respose 4,i have a boyfriend,0.040013001,Clara,11,neutral,
stu_MZIVN56293,cls_HEZZN95002,sch_QQLIR33891,,TST Respose 14,i was is marching band,0.040216927,Clara,26,neutral,
stu_MKEGQ97127,cls_GIJEF48865,sch_KACVP55227,,TST Respose 7,I'm a student.,0.041044642,Clara,14,neutral,
stu_YGBLH44260,cls_IZNZG32572,sch_KACVP55227,YES,TST Respose 6,I am somebody that loves to learn new things.,0.041140415,Clara,25,positive,
stu_YGBLH44260,cls_IZNZG32572,sch_KACVP55227,YES,TST Respose 6,I am somebody that loves to learn new things.,0.041140415,Clara,24,positive,
stu_EHLZF06092,cls_MCLLA54915,sch_KACVP55227,YES,TST Respose 8,I am a person with curly hair,0.041156362,Clara,35,neutral,
stu_NYHDW07721,cls_CIIPB03795,sch_RSWHG50450,,TST Respose 20,Apart of the [LAST NAME] family,0.041442716,Clara,12,neutral,
stu_UEVQJ25414,cls_USLPT75423,sch_QQLIR33891,YES,TST Respose 15,i play for boxers,0.041621765,Clara,29,neutral,
stu_ROULI02103,cls_SLKYU63739,sch_QQLIR33891,YES,TST Respose 17,i want to be a rich person,0.041985009,Clara,34,neutral,
stu_OFAWH83528,cls_FBBRP25979,sch_QQLIR33891,,TST Respose 4,i LIKE TO WATCH YOUTUBE,0.042086714,Clara,27,positive,
stu_OFAWH83528,cls_FBBRP25979,sch_QQLIR33891,,TST Respose 4,i LIKE TO WATCH YOUTUBE,0.042086714,Clara,24,positive,
stu_CNIXS57234,cls_ERQJB18593,sch_QQLIR33891,,TST Respose 20,I like to walk my dog,0.042491814,Clara,31,positive,
stu_CNIXS57234,cls_ERQJB18593,sch_QQLIR33891,,TST Respose 20,I like to walk my dog,0.042491814,Clara,24,positive,
stu_STIXI97047,cls_CXLDP17094,sch_KACVP55227,,TST Respose 9,I am [LAST NAME] .,0.042777717,Clara,5,none,
stu_JUQPD47363,cls_HOJKW39162,sch_KACVP55227,YES,TST Respose 11,I am funny.,0.043003791,Clara,46,positive,
stu_YNVPH88845,cls_MMBNN48363,sch_QQLIR33891,,TST Respose 13,I like to collect Nike and Jordan sneakers,0.043143139,Clara,30,positive,
stu_YNVPH88845,cls_MMBNN48363,sch_QQLIR33891,,TST Respose 13,I like to collect Nike and Jordan sneakers,0.043143139,Clara,24,positive,
stu_FBWGP41232,cls_JYBSH30995,sch_QQLIR33891,,TST Respose 1,[FIRST LAST NAME],0.04327649,Clara,5,none,
stu_SQLXP95993,cls_MFUGV02425,sch_QQLIR33891,,TST Respose 20,I don't like to wake up early,0.043302711,Clara,31,negative,
stu_SQLXP95993,cls_MFUGV02425,sch_QQLIR33891,,TST Respose 20,I don't like to wake up early,0.043302711,Clara,24,negative,
stu_PKXZK94759,cls_JYBSH30995,sch_QQLIR33891,,TST Respose 13,I'm in grade 6,0.043357014,Clara,22,6thgrade,
stu_PKXZK94759,cls_JYBSH30995,sch_QQLIR33891,,TST Respose 13,I'm in grade 6,0.043357014,Clara,4,6thgrade,
stu_PKXZK94759,cls_JYBSH30995,sch_QQLIR33891,,TST Respose 13,I'm in grade 6,0.043357014,Clara,14,neutral,
stu_EUIXK95276,cls_JDASF17902,sch_KACVP55227,,TST Respose 8,"I'm a student at the [SCHOOL NAME], I love dancing, singing, gym class, Art class, eating food",0.0436339,Clara,31,positive,
stu_EUIXK95276,cls_JDASF17902,sch_KACVP55227,,TST Respose 8,"I'm a student at the [SCHOOL NAME], I love dancing, singing, gym class, Art class, eating food",0.0436339,Clara,14,neutral,
stu_EUIXK95276,cls_JDASF17902,sch_KACVP55227,,TST Respose 8,"I'm a student at the [SCHOOL NAME], I love dancing, singing, gym class, Art class, eating food",0.0436339,Clara,24,positive,
stu_EUIXK95276,cls_JDASF17902,sch_KACVP55227,,TST Respose 8,"I'm a student at the [SCHOOL NAME], I love dancing, singing, gym class, Art class, eating food",0.0436339,Clara,26,positive,
stu_EUIXK95276,cls_JDASF17902,sch_KACVP55227,,TST Respose 8,"I'm a student at the [SCHOOL NAME], I love dancing, singing, gym class, Art class, eating food",0.0436339,Clara,29,positive,
stu_EHXGF51692,cls_OUMSN73782,sch_QQLIR33891,YES,TST Respose 14,I am a bit of a trouble maker.,0.043662372,Clara,44,negative,
stu_EXNUN73314,cls_CIIPB03795,sch_RSWHG50450,YES,TST Respose 5,I am Christian,0.043818752,Clara,16,christian,
stu_KJOZZ30475,cls_HOJKW39162,sch_KACVP55227,YES,TST Respose 1,my favorite color is pink almost everything I own is pink.,0.560085386,Frank,24,positive,
stu_CHVFQ54169,cls_JYBSH30995,sch_QQLIR33891,,TST Respose 10,love listen to music.,0.04451928,Clara,26,positive,
stu_CHVFQ54169,cls_JYBSH30995,sch_QQLIR33891,,TST Respose 10,love listen to music.,0.04451928,Clara,24,positive,
stu_ZQMQQ26810,cls_HEBLM24075,sch_KACVP55227,,TST Respose 5,im good at math,0.045082533,Clara,25,positive,
stu_PNNIR08301,cls_HJQZF25095,sch_KACVP55227,YES,TST Respose 16,I am in sixth grade.,0.045178986,Clara,22,6thgrade,
stu_PNNIR08301,cls_HJQZF25095,sch_KACVP55227,YES,TST Respose 16,I am in sixth grade.,0.045178986,Clara,4,6thgrade,
stu_PNNIR08301,cls_HJQZF25095,sch_KACVP55227,YES,TST Respose 16,I am in sixth grade.,0.045178986,Clara,14,neutral,
stu_VUNQZ79892,cls_CIIPB03795,sch_RSWHG50450,YES,TST Respose 14,im a dather,0.045503783,Clara,48,none,
stu_FBWGP41232,cls_JYBSH30995,sch_QQLIR33891,,TST Respose 8,I like to draw portraits of people,0.045942458,Clara,26,positive,
stu_FBWGP41232,cls_JYBSH30995,sch_QQLIR33891,,TST Respose 8,I like to draw portraits of people,0.045942458,Clara,24,positive,
stu_OQLOS45541,cls_USLPT75423,sch_QQLIR33891,YES,TST Respose 2,I'm an artist.,0.046014753,Clara,26,neutral,
stu_YPZIM54297,cls_MAEBK64434,sch_QQLIR33891,,TST Respose 12,I am a volleyball lover,0.046782901,Clara,29,positive,
stu_YPZIM54297,cls_MAEBK64434,sch_QQLIR33891,,TST Respose 12,I am a volleyball lover,0.046782901,Clara,24,positive,
stu_GCHCS91000,cls_SLKYU63739,sch_QQLIR33891,YES,TST Respose 14,i am a math hater,0.047008183,Clara,25,negative,
stu_UHXBA77476,cls_FBBRP25979,sch_QQLIR33891,,TST Respose 10,I have a dog,0.047707961,Clara,32,none,
stu_HMQRZ27503,cls_YFPVJ06178,sch_KACVP55227,YES,TST Respose 5,I m a rude,0.047809305,Clara,44,negative,
stu_UJNMI16598,cls_OUKFK08724,sch_RSWHG50450,,TST Respose 3,Catholic,0.047849246,Clara,16,catholic,
stu_SJNFF34466,cls_OSSJA45538,sch_KACVP55227,,TST Respose 2,doesnt play sports,0.048237233,Clara,29,negative,
stu_ZUARE93356,cls_MAEBK64434,sch_QQLIR33891,,TST Respose 17,My favorite color is black,0.048316706,Clara,24,positive,
stu_HBPKA70291,cls_CIIPB03795,sch_RSWHG50450,YES,TST Respose 14,love music,0.048428159,Clara,24,positive,
stu_MMZHT88458,cls_QZQQW97177,sch_KACVP55227,,TST Respose 2,i am sleepy all the time,0.048541185,Clara,45,negative,
stu_XHPVX80161,cls_TNHXN45809,sch_RSWHG50450,,TST Respose 8,I AM HIM,0.048552861,Clara,48,none,
stu_PUNZK45438,cls_SLKYU63739,sch_QQLIR33891,YES,TST Respose 18,i like to party,0.048814126,Clara,31,positive,
stu_PUNZK45438,cls_SLKYU63739,sch_QQLIR33891,YES,TST Respose 18,i like to party,0.048814126,Clara,24,positive,
stu_IGLSS89625,cls_VFZRA31361,sch_KACVP55227,YES,TST Respose 14,vf bnj,0.049024879,Clara,48,none,
stu_CQRFU18177,cls_JYBSH30995,sch_QQLIR33891,,TST Respose 1,I am a boy,0.049137911,Clara,2,boy,
stu_CJHBB29429,cls_MAEBK64434,sch_QQLIR33891,,TST Respose 15,My favorite football team is the Ravens,0.049856041,Clara,29,positive,
stu_CJHBB29429,cls_MAEBK64434,sch_QQLIR33891,,TST Respose 15,My favorite football team is the Ravens,0.049856041,Clara,24,positive,
stu_NYHDW07721,cls_CIIPB03795,sch_RSWHG50450,,TST Respose 17,12 Year Old,0.050079739,Clara,4,12,
stu_NJZBY59884,cls_MAEBK64434,sch_QQLIR33891,,TST Respose 6,i like going out,0.050384139,Clara,31,positive,
stu_NJZBY59884,cls_MAEBK64434,sch_QQLIR33891,,TST Respose 6,i like going out,0.050384139,Clara,24,positive,
stu_ZARRQ26344,cls_JYBSH30995,sch_QQLIR33891,,TST Respose 16,i like rock and pop music,0.050459006,Clara,24,positive,
stu_MRIWT64391,cls_SYHWK05211,sch_KACVP55227,YES,TST Respose 14,a person who loves their science and english teachers,0.050539846,Clara,24,positive,
stu_MRIWT64391,cls_SYHWK05211,sch_KACVP55227,YES,TST Respose 14,a person who loves their science and english teachers,0.050539846,Clara,14,positive,
stu_WHBZD81732,cls_AVBRA70624,sch_KACVP55227,YES,TST Respose 6,i misbehave in class,0.050587925,Clara,14,negative,
stu_VKCWY07846,cls_DLRQP13887,sch_QQLIR33891,,TST Respose 6,im a diabetic,0.050755197,Clara,36,none,
stu_PNNIR08301,cls_HJQZF25095,sch_KACVP55227,YES,TST Respose 13,I am a person who likes to sleep.,0.050902853,Clara,31,positive,
stu_PNNIR08301,cls_HJQZF25095,sch_KACVP55227,YES,TST Respose 13,I am a person who likes to sleep.,0.050902853,Clara,24,positive,
stu_CNIFN64507,cls_OUMSN73782,sch_QQLIR33891,YES,TST Respose 3,I'm black,0.050972506,Clara,6,black,
stu_HLKZL24322,cls_MAEBK64434,sch_QQLIR33891,,TST Respose 8,a mathematics person,0.051100872,Clara,25,neutral,
stu_MXNSF14478,cls_JYBSH30995,sch_QQLIR33891,,TST Respose 12,I like to go outside and touch grass.,0.051390759,Clara,31,positive,
stu_MXNSF14478,cls_JYBSH30995,sch_QQLIR33891,,TST Respose 12,I like to go outside and touch grass.,0.051390759,Clara,24,positive,
stu_YSQPA55709,cls_OUMSN73782,sch_QQLIR33891,,TST Respose 16,im cruios,0.052254951,Clara,25,positive,
stu_CDGKD03653,cls_JYBSH30995,sch_QQLIR33891,,TST Respose 20,i like football,0.052956973,Clara,29,positive,
stu_CDGKD03653,cls_JYBSH30995,sch_QQLIR33891,,TST Respose 20,i like football,0.052956973,Clara,24,positive,
stu_VQFBG95862,cls_USLPT75423,sch_QQLIR33891,,TST Respose 12,i am a chines learner,0.052965454,Clara,25,neutral,
stu_GXIYC47970,cls_SLKYU63739,sch_QQLIR33891,YES,TST Respose 16,i am a 8th grader,0.053041555,Clara,22,8thgrade,
stu_GXIYC47970,cls_SLKYU63739,sch_QQLIR33891,YES,TST Respose 16,i am a 8th grader,0.053041555,Clara,4,8thgrade,
stu_GXIYC47970,cls_SLKYU63739,sch_QQLIR33891,YES,TST Respose 16,i am a 8th grader,0.053041555,Clara,14,neutral,
stu_UYUIH18635,cls_FBBRP25979,sch_QQLIR33891,,TST Respose 18,i love sleeping,0.053042751,Clara,31,positive,
stu_UYUIH18635,cls_FBBRP25979,sch_QQLIR33891,,TST Respose 18,i love sleeping,0.053042751,Clara,24,positive,
stu_LTSJK02079,cls_FBBRP25979,sch_QQLIR33891,,TST Respose 20,I like chicken,0.053436885,Clara,24,positive,
stu_QQMSX84242,cls_TNHXN45809,sch_RSWHG50450,YES,TST Respose 9,a nerf gun expert,0.054269509,Clara,31,positive,
stu_EQSJM78476,cls_FBBRP25979,sch_QQLIR33891,,TST Respose 11,I hate multiplying,0.054438369,Clara,25,negative,
stu_EQSJM78476,cls_FBBRP25979,sch_QQLIR33891,,TST Respose 11,I hate multiplying,0.054438369,Clara,24,negative,
stu_XXEBH66449,cls_GIJEF48865,sch_KACVP55227,,TST Respose 17,I am a student,0.054516165,Clara,14,neutral,
stu_UEYTM01990,cls_HOJKW39162,sch_KACVP55227,YES,TST Respose 7,I am respectful,0.054779639,Clara,40,positive,
stu_CPVXX19825,cls_MAEBK64434,sch_QQLIR33891,,TST Respose 13,Im someone who trys hard,0.055119986,Clara,41,positive,
stu_WHBZD81732,cls_AVBRA70624,sch_KACVP55227,YES,TST Respose 7,i like games,0.055136891,Clara,31,positive,
stu_WHBZD81732,cls_AVBRA70624,sch_KACVP55227,YES,TST Respose 7,i like games,0.055136891,Clara,24,positive,
stu_DERZZ01872,cls_GIJEF48865,sch_KACVP55227,,TST Respose 11,I have five pets,0.055220636,Clara,32,none,
stu_ZYUDW82089,cls_OUMSN73782,sch_QQLIR33891,YES,TST Respose 5,i am an only child,0.055247535,Clara,22,onlychild,
stu_ZYUDW82089,cls_OUMSN73782,sch_QQLIR33891,YES,TST Respose 5,i am an only child,0.055247535,Clara,12,neutral,
stu_XHGVP79664,cls_HEZZN95002,sch_QQLIR33891,,TST Respose 9,Im in tutoring,0.055428038,Clara,14,neutral,
stu_OFAWH83528,cls_FBBRP25979,sch_QQLIR33891,,TST Respose 13,i like hanging out with my friends,0.05554438,Clara,31,positive,
stu_OFAWH83528,cls_FBBRP25979,sch_QQLIR33891,,TST Respose 13,i like hanging out with my friends,0.05554438,Clara,10,positive,
stu_OFAWH83528,cls_FBBRP25979,sch_QQLIR33891,,TST Respose 13,i like hanging out with my friends,0.05554438,Clara,24,positive,
stu_MMZHT88458,cls_QZQQW97177,sch_KACVP55227,,TST Respose 12,im quiet,0.055618755,Clara,44,neutral,
stu_AQNHF52456,cls_USLPT75423,sch_QQLIR33891,YES,TST Respose 16,i am the youngest sibling,0.055845752,Clara,12,neutral,
stu_FTOYB42084,cls_SLKYU63739,sch_QQLIR33891,YES,TST Respose 17,im a chicken lover,0.055860575,Clara,24,positive,
stu_XKMAG80800,cls_TNHXN45809,sch_RSWHG50450,YES,TST Respose 8,A fortnite player,0.055904779,Clara,28,neutral,
stu_BDAZF88230,cls_USLPT75423,sch_QQLIR33891,YES,TST Respose 20,I am myself,0.056078708,Clara,19,none,
stu_PKXZK94759,cls_JYBSH30995,sch_QQLIR33891,,TST Respose 15,My favorite movie is jump in,0.056896455,Clara,24,positive,
stu_MIJEQ06664,cls_MAEBK64434,sch_QQLIR33891,,TST Respose 9,I like math,0.05712185,Clara,25,positive,
stu_MIJEQ06664,cls_MAEBK64434,sch_QQLIR33891,,TST Respose 9,I like math,0.05712185,Clara,24,positive,
stu_DERZZ01872,cls_GIJEF48865,sch_KACVP55227,,TST Respose 20,I like using pemdas in math work,0.057919034,Clara,25,positive,
stu_DERZZ01872,cls_GIJEF48865,sch_KACVP55227,,TST Respose 20,I like using pemdas in math work,0.057919034,Clara,24,positive,
stu_WRQAA62017,cls_GIJEF48865,sch_KACVP55227,,TST Respose 5,I like cats,0.058296863,Clara,24,positive,
stu_CULOH75877,cls_HEZZN95002,sch_QQLIR33891,,TST Respose 10,I am responsible,0.058542248,Clara,40,positive,
stu_TSQUQ54202,cls_USLPT75423,sch_QQLIR33891,YES,TST Respose 15,I am Black and proud.,0.05860343,Clara,6,black,
stu_ANQAT24428,cls_MAEBK64434,sch_QQLIR33891,,TST Respose 1,somebody who likes purple,0.058736356,Clara,24,positive,
stu_WTRMC77187,cls_IZNZG32572,sch_KACVP55227,YES,TST Respose 19,doing lexia was intense for doing word study,0.059199447,Clara,47,neutral,
stu_KWLPL21630,cls_SIVDJ49041,sch_KACVP55227,,TST Respose 18,I like when I drink water.,0.059485271,Clara,31,positive,
stu_KWLPL21630,cls_SIVDJ49041,sch_KACVP55227,,TST Respose 18,I like when I drink water.,0.059485271,Clara,24,positive,
stu_UYUIH18635,cls_FBBRP25979,sch_QQLIR33891,,TST Respose 13,i love my family,0.059700623,Clara,24,positive,
stu_UYUIH18635,cls_FBBRP25979,sch_QQLIR33891,,TST Respose 13,i love my family,0.059700623,Clara,12,positive,
stu_WRQAA62017,cls_GIJEF48865,sch_KACVP55227,,TST Respose 7,I like football,0.060748795,Clara,29,positive,
stu_WRQAA62017,cls_GIJEF48865,sch_KACVP55227,,TST Respose 7,I like football,0.060748795,Clara,24,positive,
stu_UYFTQ45542,cls_USLPT75423,sch_QQLIR33891,YES,TST Respose 12,I am a 6 foot asian kid,0.060866767,Clara,35,neutral,
stu_UYFTQ45542,cls_USLPT75423,sch_QQLIR33891,YES,TST Respose 12,I am a 6 foot asian kid,0.060866767,Clara,4,child,
stu_UYFTQ45542,cls_USLPT75423,sch_QQLIR33891,YES,TST Respose 12,I am a 6 foot asian kid,0.060866767,Clara,6,asian,
stu_RFRYE74718,cls_OUMSN73782,sch_QQLIR33891,YES,TST Respose 11,I am a person who likes to run,0.060885484,Clara,29,positive,
stu_RFRYE74718,cls_OUMSN73782,sch_QQLIR33891,YES,TST Respose 11,I am a person who likes to run,0.060885484,Clara,24,positive,
stu_XHGVP79664,cls_HEZZN95002,sch_QQLIR33891,,TST Respose 17,My favorite animal are dogs,0.061103176,Clara,24,positive,
stu_ABSGH36082,cls_JYBSH30995,sch_QQLIR33891,,TST Respose 2,I play video games,0.061335095,Clara,28,neutral,
stu_KFYJM61476,cls_SYHWK05211,sch_KACVP55227,YES,TST Respose 5,I have 10 fingers.,0.061549827,Clara,35,neutral,
stu_YXBHV58732,cls_VFZRA31361,sch_KACVP55227,YES,TST Respose 19,I like to be in school,0.061871097,Clara,24,positive,
stu_YXBHV58732,cls_VFZRA31361,sch_KACVP55227,YES,TST Respose 19,I like to be in school,0.061871097,Clara,14,positive,
stu_LVOOZ80056,cls_OUMSN73782,sch_QQLIR33891,YES,TST Respose 5,I love animals.,0.062099233,Clara,24,positive,
stu_ROXAU39801,cls_CIIPB03795,sch_RSWHG50450,YES,TST Respose 1,I am a 6th grader,0.062513702,Clara,22,6thgrade,
stu_ROXAU39801,cls_CIIPB03795,sch_RSWHG50450,YES,TST Respose 1,I am a 6th grader,0.062513702,Clara,4,6thgrade,
stu_ROXAU39801,cls_CIIPB03795,sch_RSWHG50450,YES,TST Respose 1,I am a 6th grader,0.062513702,Clara,14,neutral,
stu_JTZYY08754,cls_JTMRB81339,sch_KACVP55227,,TST Respose 12,i can speak 4 languages,0.06278336,Clara,25,neutral,
stu_JTZYY08754,cls_JTMRB81339,sch_KACVP55227,,TST Respose 12,i can speak 4 languages,0.06278336,Clara,22,multilingual,
stu_JTZYY08754,cls_JTMRB81339,sch_KACVP55227,,TST Respose 9,i hate going out,0.063347746,Clara,31,negative,
stu_JTZYY08754,cls_JTMRB81339,sch_KACVP55227,,TST Respose 9,i hate going out,0.063347746,Clara,24,negative,
stu_VNSDU81090,cls_JYBSH30995,sch_QQLIR33891,,TST Respose 13,i have glasses,0.063434823,Clara,35,neutral,
stu_ECYEC76336,cls_OUMSN73782,sch_QQLIR33891,YES,TST Respose 6,I speak another language,0.064042748,Clara,25,neutral,
stu_ECYEC76336,cls_OUMSN73782,sch_QQLIR33891,YES,TST Respose 6,I speak another language,0.064042748,Clara,22,bilingual,
stu_CPAQO78519,cls_MAEBK64434,sch_QQLIR33891,,TST Respose 13,I am a story lover,0.064092627,Clara,24,positive,
stu_ANAWT41929,cls_CIIPB03795,sch_RSWHG50450,YES,TST Respose 7,I love xbox,0.064515705,Clara,28,positive,
stu_ANAWT41929,cls_CIIPB03795,sch_RSWHG50450,YES,TST Respose 7,I love xbox,0.064515705,Clara,24,positive,
stu_YBWGX96937,cls_MAEBK64434,sch_QQLIR33891,,TST Respose 13,i like to see my friand,0.064621165,Clara,31,positive,
stu_YBWGX96937,cls_MAEBK64434,sch_QQLIR33891,,TST Respose 13,i like to see my friand,0.064621165,Clara,10,positive,
stu_YBWGX96937,cls_MAEBK64434,sch_QQLIR33891,,TST Respose 13,i like to see my friand,0.064621165,Clara,24,positive,
stu_XHGVP79664,cls_HEZZN95002,sch_QQLIR33891,,TST Respose 11,I have a dog,0.064915187,Clara,32,none,
stu_FSPCV10901,cls_OUMSN73782,sch_QQLIR33891,YES,TST Respose 4,I love math.,0.06517313,Clara,25,positive,
stu_FSPCV10901,cls_OUMSN73782,sch_QQLIR33891,YES,TST Respose 4,I love math.,0.06517313,Clara,24,positive,
stu_DUOEM76163,cls_FXSNE83092,sch_QQLIR33891,,TST Respose 18,I'm afraid of being buried alive,0.065579656,Clara,24,negative,
stu_QQMSX84242,cls_TNHXN45809,sch_RSWHG50450,YES,TST Respose 8,a soon to be saxophonist,0.065662676,Clara,31,neutral,
stu_XHPVX80161,cls_TNHXN45809,sch_RSWHG50450,,TST Respose 6,i am a fortnite sweat,0.065817092,Clara,28,positive,
stu_CNIFN64507,cls_OUMSN73782,sch_QQLIR33891,YES,TST Respose 20,im a black girl,0.066510481,Clara,6,black,
stu_CNIFN64507,cls_OUMSN73782,sch_QQLIR33891,YES,TST Respose 20,im a black girl,0.066510481,Clara,2,girl,
stu_SJNFF34466,cls_OSSJA45538,sch_KACVP55227,,TST Respose 4,half Spainard and Cabo Verde and American,0.066560815,Clara,7,spanish/cabo verdean/american,
stu_QZOUO83023,cls_FBBRP25979,sch_QQLIR33891,YES,TST Respose 6,i am somewhat rude,0.06687328,Clara,44,negative,
stu_QACJQ31561,cls_JYBSH30995,sch_QQLIR33891,,TST Respose 1,i'm a student,0.0668931,Clara,14,neutral,
stu_IKUOQ66846,cls_USLPT75423,sch_QQLIR33891,YES,TST Respose 9,honest,0.067067522,Clara,40,positive,
stu_EHYTZ32137,cls_USLPT75423,sch_QQLIR33891,YES,TST Respose 18,i wanna travel the world,0.067112199,Clara,33,positive,
stu_NZWIU92234,cls_JYBSH30995,sch_QQLIR33891,,TST Respose 2,i am 11 years old,0.068067219,Clara,4,11,
stu_OIYXZ27717,cls_MAEBK64434,sch_QQLIR33891,,TST Respose 9,I am someone who likes to hangout with my friends,0.068471748,Clara,31,positive,
stu_OIYXZ27717,cls_MAEBK64434,sch_QQLIR33891,,TST Respose 9,I am someone who likes to hangout with my friends,0.068471748,Clara,10,positive,
stu_OIYXZ27717,cls_MAEBK64434,sch_QQLIR33891,,TST Respose 9,I am someone who likes to hangout with my friends,0.068471748,Clara,24,positive,
stu_FWPPR22255,cls_YFPVJ06178,sch_KACVP55227,YES,TST Respose 11,i am [FIRST NAME],0.068672885,Clara,5,none,
stu_TYPZX10676,cls_YLGBO89611,sch_KACVP55227,,TST Respose 12,i like when they have multiple examples.,0.068738476,Clara,47,positive,
stu_WDDQQ92015,cls_YLGBO89611,sch_KACVP55227,,TST Respose 12,i am a student,0.069131088,Clara,14,neutral,
stu_PUNZK45438,cls_SLKYU63739,sch_QQLIR33891,YES,TST Respose 6,I like cheese pizza,0.069148074,Clara,24,positive,
stu_QCKDZ64012,cls_HEZZN95002,sch_QQLIR33891,,TST Respose 1,Im cape verden,0.069253621,Clara,7,cape verdean,
stu_DJCZE13885,cls_FBBRP25979,sch_QQLIR33891,,TST Respose 17,I like music.,0.06936865,Clara,24,positive,
stu_PSHZT50501,cls_USLPT75423,sch_QQLIR33891,YES,TST Respose 12,I am a nice person,0.069452552,Clara,44,positive,
stu_PSHZT50501,cls_USLPT75423,sch_QQLIR33891,YES,TST Respose 12,I am a nice person,0.069452552,Clara,21,none,
stu_QZOUO83023,cls_FBBRP25979,sch_QQLIR33891,YES,TST Respose 4,my fav color is blue,0.070392294,Clara,24,positive,
stu_WQGUY90279,cls_JYBSH30995,sch_QQLIR33891,,TST Respose 16,I love being alone,0.070581855,Clara,45,positive,
stu_WQGUY90279,cls_JYBSH30995,sch_QQLIR33891,,TST Respose 16,I love being alone,0.070581855,Clara,24,positive,
stu_TYPZX10676,cls_YLGBO89611,sch_KACVP55227,,TST Respose 20,i love to listen to my type of music.,0.070736658,Clara,26,positive,
stu_TYPZX10676,cls_YLGBO89611,sch_KACVP55227,,TST Respose 20,i love to listen to my type of music.,0.070736658,Clara,24,positive,
stu_TSQUQ54202,cls_USLPT75423,sch_QQLIR33891,YES,TST Respose 13,I speak Creole.,0.070816499,Clara,25,neutral,
stu_TSQUQ54202,cls_USLPT75423,sch_QQLIR33891,YES,TST Respose 13,I speak Creole.,0.070816499,Clara,22,creolespeaker,
stu_WZRKM29688,cls_HEBLM24075,sch_KACVP55227,,TST Respose 14,i like hazbin hotel,0.070898098,Clara,24,positive,
stu_SIWRL23181,cls_MMBNN48363,sch_QQLIR33891,,TST Respose 12,i am happy,0.07090012,Clara,45,positive,
stu_UTXBZ05806,cls_MAEBK64434,sch_QQLIR33891,,TST Respose 11,i am someone who goes out with family,0.070923568,Clara,31,neutral,
stu_UTXBZ05806,cls_MAEBK64434,sch_QQLIR33891,,TST Respose 11,i am someone who goes out with family,0.070923568,Clara,12,neutral,
stu_WTRMC77187,cls_IZNZG32572,sch_KACVP55227,YES,TST Respose 7,I mostly do space games,0.071295112,Clara,28,neutral,
stu_CPVXX19825,cls_MAEBK64434,sch_QQLIR33891,,TST Respose 8,I like Nike shoes,0.071365444,Clara,30,positive,
stu_CPVXX19825,cls_MAEBK64434,sch_QQLIR33891,,TST Respose 8,I like Nike shoes,0.071365444,Clara,24,positive,
stu_KOIIB68446,cls_JYBSH30995,sch_QQLIR33891,,TST Respose 2,I am someone who likes soccer,0.071658911,Clara,29,positive,
stu_KOIIB68446,cls_JYBSH30995,sch_QQLIR33891,,TST Respose 2,I am someone who likes soccer,0.071658911,Clara,24,positive,
stu_EUIXK95276,cls_JDASF17902,sch_KACVP55227,,TST Respose 7,"I'm a student at the [SCHOOL NAME], I love dancing, singing, gym class, Art class, eating food",0.072044184,Clara,31,positive,
stu_EUIXK95276,cls_JDASF17902,sch_KACVP55227,,TST Respose 7,"I'm a student at the [SCHOOL NAME], I love dancing, singing, gym class, Art class, eating food",0.072044184,Clara,14,neutral,
stu_EUIXK95276,cls_JDASF17902,sch_KACVP55227,,TST Respose 7,"I'm a student at the [SCHOOL NAME], I love dancing, singing, gym class, Art class, eating food",0.072044184,Clara,24,positive,
stu_EUIXK95276,cls_JDASF17902,sch_KACVP55227,,TST Respose 7,"I'm a student at the [SCHOOL NAME], I love dancing, singing, gym class, Art class, eating food",0.072044184,Clara,26,positive,
stu_EUIXK95276,cls_JDASF17902,sch_KACVP55227,,TST Respose 7,"I'm a student at the [SCHOOL NAME], I love dancing, singing, gym class, Art class, eating food",0.072044184,Clara,29,positive,
stu_QPHPK12517,cls_HEZZN95002,sch_QQLIR33891,,TST Respose 16,best madden player,0.072124314,Clara,28,positive,
stu_HEPWQ98561,cls_ZUQLK09797,sch_KACVP55227,,TST Respose 3,"i am talented,",0.072312532,Clara,43,positive,
stu_RDOVU20570,cls_SLKYU63739,sch_QQLIR33891,YES,TST Respose 13,I am a kind person,0.072708349,Clara,44,positive,
stu_RDOVU20570,cls_SLKYU63739,sch_QQLIR33891,YES,TST Respose 13,I am a kind person,0.072708349,Clara,21,none,
stu_OCRTY88035,cls_MAEBK64434,sch_QQLIR33891,,TST Respose 13,I am someone that loves my mom,0.072823172,Clara,12,positive,
stu_IGLSS89625,cls_VFZRA31361,sch_KACVP55227,YES,TST Respose 1,i like school,0.073209988,Clara,24,positive,
stu_IGLSS89625,cls_VFZRA31361,sch_KACVP55227,YES,TST Respose 1,i like school,0.073209988,Clara,14,positive,
stu_AHWRN95528,cls_MAEBK64434,sch_QQLIR33891,,TST Respose 16,I am someone who likes going to the pool,0.073339551,Clara,31,positive,
stu_AHWRN95528,cls_MAEBK64434,sch_QQLIR33891,,TST Respose 16,I am someone who likes going to the pool,0.073339551,Clara,24,positive,
stu_MYCLF44200,cls_UZFMO35109,sch_QQLIR33891,,TST Respose 1,I play football.,0.073572937,Clara,29,neutral,
stu_WEADW20158,cls_JYBSH30995,sch_QQLIR33891,,TST Respose 19,i like playing roblox with my friends,0.073726764,Clara,27,positive,
stu_WEADW20158,cls_JYBSH30995,sch_QQLIR33891,,TST Respose 19,i like playing roblox with my friends,0.073726764,Clara,10,positive,
stu_WEADW20158,cls_JYBSH30995,sch_QQLIR33891,,TST Respose 19,i like playing roblox with my friends,0.073726764,Clara,24,positive,
stu_FNVBP19615,cls_DLRQP13887,sch_QQLIR33891,,TST Respose 17,I tend to get uncomfortable around certain boys at my school.,0.074069645,Clara,45,negative,
stu_FNVBP19615,cls_DLRQP13887,sch_QQLIR33891,,TST Respose 17,I tend to get uncomfortable around certain boys at my school.,0.074069645,Clara,14,negative,
stu_FWPPR22255,cls_YFPVJ06178,sch_KACVP55227,YES,TST Respose 10,I have parents,0.074183851,Clara,12,neutral,
stu_WYTLH51489,cls_AJBUO63250,sch_KACVP55227,YES,TST Respose 3,I like to dance,0.07484983,Clara,26,positive,
stu_WYTLH51489,cls_AJBUO63250,sch_KACVP55227,YES,TST Respose 3,I like to dance,0.07484983,Clara,24,positive,
stu_UYUIH18635,cls_FBBRP25979,sch_QQLIR33891,,TST Respose 4,I play an instrument,0.075157621,Clara,26,neutral,
stu_HBPKA70291,cls_CIIPB03795,sch_RSWHG50450,YES,TST Respose 20,pet owner,0.075976078,Clara,32,none,
stu_HLKZL24322,cls_MAEBK64434,sch_QQLIR33891,,TST Respose 4,a third oldest,0.07620458,Clara,12,neutral,
stu_QOGPO20181,cls_AVBRA70624,sch_KACVP55227,YES,TST Respose 4,l'm tall,0.076277416,Clara,35,neutral,
stu_QPHPK12517,cls_HEZZN95002,sch_QQLIR33891,,TST Respose 2,male,0.076311223,Clara,1,male,
stu_ZQMQQ26810,cls_HEBLM24075,sch_KACVP55227,,TST Respose 16,i love shoes,0.076435516,Clara,30,positive,
stu_ZQMQQ26810,cls_HEBLM24075,sch_KACVP55227,,TST Respose 16,i love shoes,0.076435516,Clara,24,positive,
stu_JUQPD47363,cls_HOJKW39162,sch_KACVP55227,YES,TST Respose 16,I am excited for summer.,0.076489932,Clara,47,positive,
stu_QEGJI54214,cls_SLKYU63739,sch_QQLIR33891,YES,TST Respose 6,i am a pizza lover,0.076590407,Clara,24,positive,
stu_JUQPD47363,cls_HOJKW39162,sch_KACVP55227,YES,TST Respose 1,I am a 7th grade Honors student.,0.076646284,Clara,22,7thgrade,
stu_JUQPD47363,cls_HOJKW39162,sch_KACVP55227,YES,TST Respose 1,I am a 7th grade Honors student.,0.076646284,Clara,4,7thgrade,
stu_JUQPD47363,cls_HOJKW39162,sch_KACVP55227,YES,TST Respose 1,I am a 7th grade Honors student.,0.076646284,Clara,14,positive,
stu_OAZKI17777,cls_TNHXN45809,sch_RSWHG50450,YES,TST Respose 10,[LETTER OF NAME],0.076872343,Clara,5,none,
stu_NRKZA72454,cls_MCLLA54915,sch_KACVP55227,YES,TST Respose 3,I am African-American.,0.077511901,Clara,6,african-american,
stu_JOKOV89559,cls_MAEBK64434,sch_QQLIR33891,,TST Respose 9,I am someone who loves taking care of little kids,0.07763079,Clara,44,positive,
stu_JOKOV89559,cls_MAEBK64434,sch_QQLIR33891,,TST Respose 9,I am someone who loves taking care of little kids,0.07763079,Clara,24,positive,
stu_JOKOV89559,cls_MAEBK64434,sch_QQLIR33891,,TST Respose 9,I am someone who loves taking care of little kids,0.07763079,Clara,31,positive,
stu_EUWJA76858,cls_HJQZF25095,sch_KACVP55227,YES,TST Respose 7,I like sports.,0.078152213,Clara,29,positive,
stu_EUWJA76858,cls_HJQZF25095,sch_KACVP55227,YES,TST Respose 7,I like sports.,0.078152213,Clara,24,positive,
stu_QCKDZ64012,cls_HEZZN95002,sch_QQLIR33891,,TST Respose 20,im a boy,0.078631723,Clara,2,boy,
stu_BDAZF88230,cls_USLPT75423,sch_QQLIR33891,YES,TST Respose 8,I am a role model to my youngest cousins,0.078798815,Clara,40,positive,
stu_BDAZF88230,cls_USLPT75423,sch_QQLIR33891,YES,TST Respose 8,I am a role model to my youngest cousins,0.078798815,Clara,12,positive,
stu_DJCZE13885,cls_FBBRP25979,sch_QQLIR33891,,TST Respose 3,I speak two languages; English and Haitian Creole.,0.078885341,Clara,25,neutral,
stu_DJCZE13885,cls_FBBRP25979,sch_QQLIR33891,,TST Respose 3,I speak two languages; English and Haitian Creole.,0.078885341,Clara,22,englishspeakerandcreolespeaker,
stu_WBAVA84528,cls_AVBRA70624,sch_KACVP55227,YES,TST Respose 19,l like five guys milkshakes the oreo ones,0.079238197,Clara,24,positive,
stu_IGLSS89625,cls_VFZRA31361,sch_KACVP55227,YES,TST Respose 5,i like teacher,0.07952701,Clara,24,positive,
stu_IGLSS89625,cls_VFZRA31361,sch_KACVP55227,YES,TST Respose 5,i like teacher,0.07952701,Clara,14,positive,
stu_SELBD60428,cls_AJBUO63250,sch_KACVP55227,,TST Respose 12,student,0.079923786,Clara,14,neutral,
stu_UAFAK64772,cls_AJBUO63250,sch_KACVP55227,YES,TST Respose 7,nice,0.079986295,Clara,44,positive,
stu_NWRRC44615,cls_JYBSH30995,sch_QQLIR33891,,TST Respose 12,i like sleeping,0.080032396,Clara,31,positive,
stu_NWRRC44615,cls_JYBSH30995,sch_QQLIR33891,,TST Respose 12,i like sleeping,0.080032396,Clara,24,positive,
stu_FNVBP19615,cls_DLRQP13887,sch_QQLIR33891,,TST Respose 9,I am in pain most of the time. (physical),0.080319782,Clara,36,negative,
stu_RDOVU20570,cls_SLKYU63739,sch_QQLIR33891,YES,TST Respose 20,i am a homebody.,0.080440655,Clara,45,neutral,
stu_EHYTZ32137,cls_USLPT75423,sch_QQLIR33891,YES,TST Respose 7,i'm kind,0.080473493,Clara,44,positive,
stu_PSHZT50501,cls_USLPT75423,sch_QQLIR33891,YES,TST Respose 19,I enjoy watching TV,0.080612721,Clara,31,positive,
stu_PSHZT50501,cls_USLPT75423,sch_QQLIR33891,YES,TST Respose 19,I enjoy watching TV,0.080612721,Clara,24,positive,
stu_UEVQJ25414,cls_USLPT75423,sch_QQLIR33891,YES,TST Respose 18,im the best dressed,0.080766864,Clara,46,positive,
stu_YBWGX96937,cls_MAEBK64434,sch_QQLIR33891,,TST Respose 14,not like math,0.080861881,Clara,25,negative,
stu_YBWGX96937,cls_MAEBK64434,sch_QQLIR33891,,TST Respose 14,not like math,0.080861881,Clara,24,negative,
stu_FSPCV10901,cls_OUMSN73782,sch_QQLIR33891,YES,TST Respose 14,I like to go outside.,0.081020545,Clara,31,positive,
stu_FSPCV10901,cls_OUMSN73782,sch_QQLIR33891,YES,TST Respose 14,I like to go outside.,0.081020545,Clara,24,positive,
stu_LNFOE66635,cls_AJBUO63250,sch_KACVP55227,YES,TST Respose 1,funny,0.081099845,Clara,46,positive,
stu_MXNSF14478,cls_JYBSH30995,sch_QQLIR33891,,TST Respose 15,I try my hardest,0.081491553,Clara,41,positive,
stu_HVWUJ52450,cls_FXSNE83092,sch_QQLIR33891,,TST Respose 13,i hate fish,0.081787792,Clara,24,negative,
stu_EXNUN73314,cls_CIIPB03795,sch_RSWHG50450,YES,TST Respose 1,I am Brazilian,0.082225959,Clara,7,brazilian,
stu_MMZHT88458,cls_QZQQW97177,sch_KACVP55227,,TST Respose 4,i speak english,0.082283678,Clara,25,neutral,
stu_MMZHT88458,cls_QZQQW97177,sch_KACVP55227,,TST Respose 4,i speak english,0.082283678,Clara,22,englishspeaker,
stu_VTRUH97046,cls_DLRQP13887,sch_QQLIR33891,,TST Respose 20,My favorite colors are red and black.,0.082649654,Clara,24,positive,
stu_WEADW20158,cls_JYBSH30995,sch_QQLIR33891,,TST Respose 4,i do swmming,0.083019829,Clara,29,neutral,
stu_KCRZD23226,cls_JDASF17902,sch_KACVP55227,,TST Respose 12,I like to know what I am doing at school,0.083546701,Clara,24,positive,
stu_KCRZD23226,cls_JDASF17902,sch_KACVP55227,,TST Respose 12,I like to know what I am doing at school,0.083546701,Clara,14,positive,
stu_UTXBZ05806,cls_MAEBK64434,sch_QQLIR33891,,TST Respose 8,i am someone who's birthday that is at [DATE],0.08429355,Clara,22,[birth month],
stu_DKGHS98193,cls_FXSNE83092,sch_QQLIR33891,,TST Respose 18,i like to netflix nd chill,0.084447332,Clara,31,positive,
stu_DKGHS98193,cls_FXSNE83092,sch_QQLIR33891,,TST Respose 18,i like to netflix nd chill,0.084447332,Clara,24,positive,
stu_AQNHF52456,cls_USLPT75423,sch_QQLIR33891,YES,TST Respose 19,presentable,0.084586922,Clara,43,positive,
stu_CJHBB29429,cls_MAEBK64434,sch_QQLIR33891,,TST Respose 7,i am a person that likes the NBA,0.084779828,Clara,24,positive,
stu_PSHZT50501,cls_USLPT75423,sch_QQLIR33891,YES,TST Respose 17,I am a music-lover,0.08493073,Clara,26,positive,
stu_PSHZT50501,cls_USLPT75423,sch_QQLIR33891,YES,TST Respose 17,I am a music-lover,0.08493073,Clara,24,positive,
stu_MRIWT64391,cls_SYHWK05211,sch_KACVP55227,YES,TST Respose 5,a hyperactive kid,0.085192698,Clara,45,neutral,
stu_MRIWT64391,cls_SYHWK05211,sch_KACVP55227,YES,TST Respose 5,a hyperactive kid,0.085192698,Clara,4,child,
stu_MRIWT64391,cls_SYHWK05211,sch_KACVP55227,YES,TST Respose 5,a hyperactive kid,0.085192698,Clara,22,child,
stu_ANQAT24428,cls_MAEBK64434,sch_QQLIR33891,,TST Respose 5,a good friend,0.085502246,Clara,10,positive,
stu_VSSOO37726,cls_HEBLM24075,sch_KACVP55227,YES,TST Respose 2,I like gym,0.085560517,Clara,24,positive,
stu_VSSOO37726,cls_HEBLM24075,sch_KACVP55227,YES,TST Respose 2,I like gym,0.085560517,Clara,14,positive,
stu_NJZBY59884,cls_MAEBK64434,sch_QQLIR33891,,TST Respose 11,i like money,0.085624033,Clara,34,positive,
stu_NJZBY59884,cls_MAEBK64434,sch_QQLIR33891,,TST Respose 11,i like money,0.085624033,Clara,24,positive,
stu_LJAAE92948,cls_ERQJB18593,sch_QQLIR33891,YES,TST Respose 11,I like to play sports,0.085858554,Clara,29,positive,
stu_LJAAE92948,cls_ERQJB18593,sch_QQLIR33891,YES,TST Respose 11,I like to play sports,0.085858554,Clara,24,positive,
stu_DKGHS98193,cls_FXSNE83092,sch_QQLIR33891,,TST Respose 12,i love my old sckool,0.086200138,Clara,24,positive,
stu_DKGHS98193,cls_FXSNE83092,sch_QQLIR33891,,TST Respose 12,i love my old sckool,0.086200138,Clara,14,positive,
stu_KCDEU07486,cls_JWHPH41004,sch_QQLIR33891,YES,TST Respose 12,I'm sometimes friendly,0.086351583,Clara,44,positive,
stu_XHGVP79664,cls_HEZZN95002,sch_QQLIR33891,,TST Respose 2,A band student,0.086540638,Clara,26,neutral,
stu_XHGVP79664,cls_HEZZN95002,sch_QQLIR33891,,TST Respose 2,A band student,0.086540638,Clara,14,neutral,
stu_OFWAG94272,cls_USLPT75423,sch_QQLIR33891,YES,TST Respose 9,I also enjoy to play video games,0.086558609,Clara,28,positive,
stu_OFWAG94272,cls_USLPT75423,sch_QQLIR33891,YES,TST Respose 9,I also enjoy to play video games,0.086558609,Clara,24,positive,
stu_CWJCN88700,cls_DLRQP13887,sch_QQLIR33891,,TST Respose 18,I am learning math,0.087186145,Clara,25,neutral,
stu_WZRKM29688,cls_HEBLM24075,sch_KACVP55227,,TST Respose 19,i like pokemon,0.08746805,Clara,24,positive,
stu_UAFAK64772,cls_AJBUO63250,sch_KACVP55227,YES,TST Respose 20,Libra,0.088251371,Clara,22,libra,
stu_QQAHK93946,cls_FXSNE83092,sch_QQLIR33891,,TST Respose 17,I am accidentprone,0.088274751,Clara,43,negative,
stu_RDPGG44681,cls_ZLIZG21375,sch_RSWHG50450,,TST Respose 14,I am always trying to get good grades,0.089014336,Clara,14,positive,
stu_KFYJM61476,cls_SYHWK05211,sch_KACVP55227,YES,TST Respose 6,I have straight hair.,0.08902689,Clara,35,neutral,
stu_WAWDW95831,cls_SYHWK05211,sch_KACVP55227,,TST Respose 12,I am a human.,0.089044155,Clara,21,none,
stu_LTSJK02079,cls_FBBRP25979,sch_QQLIR33891,,TST Respose 7,I am smart,0.089109882,Clara,43,positive,
stu_LTSJK02079,cls_FBBRP25979,sch_QQLIR33891,,TST Respose 7,I am smart,0.089109882,Clara,25,positive,
stu_ANQAT24428,cls_MAEBK64434,sch_QQLIR33891,,TST Respose 6,a confident person,0.089142758,Clara,45,positive,
stu_ANQAT24428,cls_MAEBK64434,sch_QQLIR33891,,TST Respose 6,a confident person,0.089142758,Clara,43,positive,
stu_XSQUV53095,cls_OUMSN73782,sch_QQLIR33891,YES,TST Respose 1,I AM [FIRST LAST NAME] THE CHILD OF MY FATHER AND MOTHER,0.089153505,Clara,12,neutral,
stu_XSQUV53095,cls_OUMSN73782,sch_QQLIR33891,YES,TST Respose 1,I AM [FIRST LAST NAME] THE CHILD OF MY FATHER AND MOTHER,0.089153505,Clara,5,none,
stu_ZYUDW82089,cls_OUMSN73782,sch_QQLIR33891,YES,TST Respose 15,i am a six grader,0.089165777,Clara,22,6thgrade,
stu_ZYUDW82089,cls_OUMSN73782,sch_QQLIR33891,YES,TST Respose 15,i am a six grader,0.089165777,Clara,4,6thgrade,
stu_ZYUDW82089,cls_OUMSN73782,sch_QQLIR33891,YES,TST Respose 15,i am a six grader,0.089165777,Clara,14,neutral,
stu_SJNFF34466,cls_OSSJA45538,sch_KACVP55227,,TST Respose 6,born in America meant to be born in Spain,0.090006529,Clara,8,american,
stu_EXNUN73314,cls_CIIPB03795,sch_RSWHG50450,YES,TST Respose 10,I am a girl,0.090067939,Clara,2,girl,
stu_IIOVZ06372,cls_HJQZF25095,sch_KACVP55227,YES,TST Respose 15,I like food,0.090172802,Clara,24,positive,
stu_PKXZK94759,cls_JYBSH30995,sch_QQLIR33891,,TST Respose 14,I love Afflicton style,0.090265715,Clara,24,positive,
stu_MKEGQ97127,cls_GIJEF48865,sch_KACVP55227,,TST Respose 1,I'm [FIRST NAME],0.090365309,Clara,5,none,
stu_ANAWT41929,cls_CIIPB03795,sch_RSWHG50450,YES,TST Respose 12,My favorite movie is friday,0.091060964,Clara,24,positive,
stu_SULZI60933,cls_JYBSH30995,sch_QQLIR33891,,TST Respose 4,i like boly boll,0.091681303,Clara,29,positive,
stu_SULZI60933,cls_JYBSH30995,sch_QQLIR33891,,TST Respose 4,i like boly boll,0.091681303,Clara,24,positive,
stu_RDOVU20570,cls_SLKYU63739,sch_QQLIR33891,YES,TST Respose 6,I am a dancer,0.092107837,Clara,26,neutral,
stu_NJZBY59884,cls_MAEBK64434,sch_QQLIR33891,,TST Respose 9,i like ELA,0.092577219,Clara,25,positive,
stu_NJZBY59884,cls_MAEBK64434,sch_QQLIR33891,,TST Respose 9,i like ELA,0.092577219,Clara,24,positive,
stu_SAOLH99639,cls_FXSNE83092,sch_QQLIR33891,,TST Respose 15,im cool,0.092625833,Clara,46,positive,
stu_TDURA35752,cls_USLPT75423,sch_QQLIR33891,YES,TST Respose 17,I like gaming,0.093118214,Clara,28,positive,
stu_TDURA35752,cls_USLPT75423,sch_QQLIR33891,YES,TST Respose 17,I like gaming,0.093118214,Clara,24,positive,
stu_NWVEW24693,cls_AVBRA70624,sch_KACVP55227,YES,TST Respose 7,i love amazon,0.093142444,Clara,24,positive,
stu_QCKDZ64012,cls_HEZZN95002,sch_QQLIR33891,,TST Respose 10,i love fries,0.093541377,Clara,24,positive,
stu_MXNSB23169,cls_HJQZF25095,sch_KACVP55227,,TST Respose 13,I play fortnite.,0.093546944,Clara,28,neutral,
stu_HMQRZ27503,cls_YFPVJ06178,sch_KACVP55227,YES,TST Respose 14,I am from hati,0.093684165,Clara,7,haitian,
stu_GXIYC47970,cls_SLKYU63739,sch_QQLIR33891,YES,TST Respose 19,i am a chines food lover,0.09375008,Clara,24,positive,
stu_HBPKA70291,cls_CIIPB03795,sch_RSWHG50450,YES,TST Respose 16,love my mom,0.093851753,Clara,12,positive,
stu_GCHCS91000,cls_SLKYU63739,sch_QQLIR33891,YES,TST Respose 17,i am a cool peronn and im a dinasour,0.09385899,Clara,48,none,
stu_GCHCS91000,cls_SLKYU63739,sch_QQLIR33891,YES,TST Respose 17,i am a cool peronn and im a dinasour,0.09385899,Clara,21,none,
stu_GCHCS91000,cls_SLKYU63739,sch_QQLIR33891,YES,TST Respose 17,i am a cool peronn and im a dinasour,0.09385899,Clara,46,positive,
stu_JOVOI38701,cls_MAEBK64434,sch_QQLIR33891,,TST Respose 17,I am someone who likes cheesecake.,0.093989823,Clara,24,positive,
stu_RUBQU39803,cls_OUMSN73782,sch_QQLIR33891,,TST Respose 8,i am a feem for roblox,0.094001537,Clara,28,positive,
stu_PFDTL78462,cls_NUSEI70378,sch_KACVP55227,,TST Respose 2,I don't really like math.,0.094075375,Clara,25,negative,
stu_PFDTL78462,cls_NUSEI70378,sch_KACVP55227,,TST Respose 2,I don't really like math.,0.094075375,Clara,24,negative,
stu_XXEBH66449,cls_GIJEF48865,sch_KACVP55227,,TST Respose 1,I am a student,0.094352676,Clara,14,neutral,
stu_LTSJK02079,cls_FBBRP25979,sch_QQLIR33891,,TST Respose 10,I like games,0.09488702,Clara,31,positive,
stu_LTSJK02079,cls_FBBRP25979,sch_QQLIR33891,,TST Respose 10,I like games,0.09488702,Clara,24,positive,
stu_OCRTY88035,cls_MAEBK64434,sch_QQLIR33891,,TST Respose 1,I am someone how likes track.,0.094987596,Clara,29,positive,
stu_OCRTY88035,cls_MAEBK64434,sch_QQLIR33891,,TST Respose 1,I am someone how likes track.,0.094987596,Clara,24,positive,
stu_KWMWG76590,cls_CXLDP17094,sch_KACVP55227,YES,TST Respose 20,and i make everyone feel nice inside,0.095563118,Clara,44,positive,
stu_MYCLF44200,cls_UZFMO35109,sch_QQLIR33891,,TST Respose 15,I believe duke dennis was born when abraham lincon died.,0.095568105,Clara,48,none,
stu_MMNSJ38829,cls_YLGBO89611,sch_KACVP55227,,TST Respose 5,I like to sleep.,0.095622864,Clara,31,positive,
stu_MMNSJ38829,cls_YLGBO89611,sch_KACVP55227,,TST Respose 5,I like to sleep.,0.095622864,Clara,24,positive,
stu_HMQRZ27503,cls_YFPVJ06178,sch_KACVP55227,YES,TST Respose 17,I am friendly,0.09587673,Clara,44,positive,
stu_CULOH75877,cls_HEZZN95002,sch_QQLIR33891,,TST Respose 7,I am nice,0.096047009,Clara,44,positive,
stu_ROXAU39801,cls_CIIPB03795,sch_RSWHG50450,YES,TST Respose 20,I am cool,0.09609136,Clara,46,positive,
stu_QHOON52054,cls_MCLLA54915,sch_KACVP55227,YES,TST Respose 8,I am good at school academics,0.096170799,Clara,14,positive,
stu_JOVOI38701,cls_MAEBK64434,sch_QQLIR33891,,TST Respose 5,I am someone who likes summer.,0.096347313,Clara,24,positive,
stu_LVOOZ80056,cls_OUMSN73782,sch_QQLIR33891,YES,TST Respose 14,I am a runner.,0.096612473,Clara,29,neutral,
stu_FQEST23326,cls_JTMRB81339,sch_KACVP55227,YES,TST Respose 12,a aunties girl,0.096664193,Clara,12,neutral,
stu_FQEST23326,cls_JTMRB81339,sch_KACVP55227,YES,TST Respose 12,a aunties girl,0.096664193,Clara,2,girl,
stu_HXXCS05602,cls_USLPT75423,sch_QQLIR33891,YES,TST Respose 11,i'm brave,0.096757432,Clara,41,positive,
stu_RSKDK68207,cls_SIVDJ49041,sch_KACVP55227,,TST Respose 7,I like drawing.,0.09715059,Clara,26,positive,
stu_RSKDK68207,cls_SIVDJ49041,sch_KACVP55227,,TST Respose 7,I like drawing.,0.09715059,Clara,24,positive,
stu_TYPZX10676,cls_YLGBO89611,sch_KACVP55227,,TST Respose 6,"I like when they tell me the quantity of time i was in it,",0.097440417,Clara,47,positive,
stu_TYPZX10676,cls_YLGBO89611,sch_KACVP55227,,TST Respose 6,"I like when they tell me the quantity of time i was in it,",0.097440417,Clara,24,positive,
stu_KFYJM61476,cls_SYHWK05211,sch_KACVP55227,YES,TST Respose 9,I like to wear leggings.,0.09754027,Clara,30,positive,
stu_KFYJM61476,cls_SYHWK05211,sch_KACVP55227,YES,TST Respose 9,I like to wear leggings.,0.09754027,Clara,24,positive,
stu_SJXEZ38047,cls_JYBSH30995,sch_QQLIR33891,,TST Respose 3,I wanna do track,0.097751253,Clara,29,neutral,
stu_YSQPA55709,cls_OUMSN73782,sch_QQLIR33891,,TST Respose 8,im a male,0.098194303,Clara,1,male,
stu_QCKDZ64012,cls_HEZZN95002,sch_QQLIR33891,,TST Respose 9,i love mac n cheese,0.09839019,Clara,24,positive,
stu_RSKDK68207,cls_SIVDJ49041,sch_KACVP55227,,TST Respose 20,I love my African family.,0.098951469,Clara,24,positive,flag for later
stu_RSKDK68207,cls_SIVDJ49041,sch_KACVP55227,,TST Respose 20,I love my African family.,0.098951469,Clara,12,positive,flag for later
stu_NJZBY59884,cls_MAEBK64434,sch_QQLIR33891,,TST Respose 18,i want to go back to new york,0.09920625,Clara,33,none,
stu_CPVXX19825,cls_MAEBK64434,sch_QQLIR33891,,TST Respose 15,I play football for [SCHOOL],0.099474104,Clara,29,neutral,
stu_FQEST23326,cls_JTMRB81339,sch_KACVP55227,YES,TST Respose 18,I love my parents,0.099696343,Clara,24,positive,
stu_FQEST23326,cls_JTMRB81339,sch_KACVP55227,YES,TST Respose 18,I love my parents,0.099696343,Clara,12,positive,
stu_WBAVA84528,cls_AVBRA70624,sch_KACVP55227,YES,TST Respose 5,i like Popsicles,0.099875427,Clara,24,positive,
stu_GXMFA19655,cls_PQLMX93290,sch_SIWHM63035,YES,TST Respose 12,i am an artist,0.099875698,Clara,26,neutral,
stu_NWVEW24693,cls_AVBRA70624,sch_KACVP55227,YES,TST Respose 9,im shy,0.099910362,Clara,44,neutral,
stu_ROXAU39801,cls_CIIPB03795,sch_RSWHG50450,YES,TST Respose 4,I am a son,0.100261286,Clara,12,neutral,
stu_ROXAU39801,cls_CIIPB03795,sch_RSWHG50450,YES,TST Respose 4,I am a son,0.100261286,Clara,2,boy,
stu_DERZZ01872,cls_GIJEF48865,sch_KACVP55227,,TST Respose 16,I like anything math related,0.10043081,Clara,25,positive,
stu_DERZZ01872,cls_GIJEF48865,sch_KACVP55227,,TST Respose 16,I like anything math related,0.10043081,Clara,24,positive,
stu_XCKNQ66212,cls_USLPT75423,sch_QQLIR33891,YES,TST Respose 20,im the youngest child,0.100714881,Clara,22,youngestchild,
stu_XCKNQ66212,cls_USLPT75423,sch_QQLIR33891,YES,TST Respose 20,im the youngest child,0.100714881,Clara,12,neutral,
stu_SELBD60428,cls_AJBUO63250,sch_KACVP55227,,TST Respose 14,student,0.10113564,Clara,14,neutral,
stu_FHADA27602,cls_OUMSN73782,sch_QQLIR33891,YES,TST Respose 16,i speak cape verdan creole.,0.101528044,Clara,25,neutral,
stu_FHADA27602,cls_OUMSN73782,sch_QQLIR33891,YES,TST Respose 16,i speak cape verdan creole.,0.101528044,Clara,22,capeverdeancreolespeaker,
stu_CWJCN88700,cls_DLRQP13887,sch_QQLIR33891,,TST Respose 6,Im black,0.101922916,Clara,6,black,
stu_PNNIR08301,cls_HJQZF25095,sch_KACVP55227,YES,TST Respose 17,I am a strait A student,0.101988914,Clara,14,positive,
stu_WXAMH04104,cls_FBBRP25979,sch_QQLIR33891,,TST Respose 9,i like math,0.102337388,Clara,25,positive,
stu_WXAMH04104,cls_FBBRP25979,sch_QQLIR33891,,TST Respose 9,i like math,0.102337388,Clara,24,positive,
stu_VENGZ10475,cls_HEZZN95002,sch_QQLIR33891,,TST Respose 18,Lazy,0.102801279,Clara,41,negative,
stu_PNNIR08301,cls_HJQZF25095,sch_KACVP55227,YES,TST Respose 19,I make money.,0.102985484,Clara,34,positive,
stu_PNNIR08301,cls_HJQZF25095,sch_KACVP55227,YES,TST Respose 19,I make money.,0.102985484,Clara,13,positive,
stu_SELBD60428,cls_AJBUO63250,sch_KACVP55227,,TST Respose 4,[FIRST LAST NAME],0.103130288,Clara,5,none,
stu_SJXEZ38047,cls_JYBSH30995,sch_QQLIR33891,,TST Respose 8,I like to swim,0.103559009,Clara,29,positive,
stu_SJXEZ38047,cls_JYBSH30995,sch_QQLIR33891,,TST Respose 8,I like to swim,0.103559009,Clara,24,positive,
stu_IDHIE84911,cls_YFPVJ06178,sch_KACVP55227,YES,TST Respose 3,am smart,0.103748753,Clara,43,positive,
stu_IDHIE84911,cls_YFPVJ06178,sch_KACVP55227,YES,TST Respose 3,am smart,0.103748753,Clara,25,positive,
stu_QPHPK12517,cls_HEZZN95002,sch_QQLIR33891,,TST Respose 15,best 2k player,0.103972032,Clara,28,positive,
stu_PFDTL78462,cls_NUSEI70378,sch_KACVP55227,,TST Respose 9,"I am from a huge family, on both sides.",0.104370789,Clara,12,neutral,
stu_CDGKD03653,cls_JYBSH30995,sch_QQLIR33891,,TST Respose 7,i love my mom,0.104419254,Clara,24,positive,
stu_CDGKD03653,cls_JYBSH30995,sch_QQLIR33891,,TST Respose 7,i love my mom,0.104419254,Clara,12,positive,
stu_OQLOS45541,cls_USLPT75423,sch_QQLIR33891,YES,TST Respose 11,I'm from an immigrant family.,0.104601778,Clara,12,neutral,flag for later
stu_OQLOS45541,cls_USLPT75423,sch_QQLIR33891,YES,TST Respose 11,I'm from an immigrant family.,0.104601778,Clara,7,immigrant,flag for later
stu_FASQN45304,cls_MAEBK64434,sch_QQLIR33891,,TST Respose 20,I am someone who is kind.,0.104693462,Clara,44,positive,
stu_KOUYR40301,cls_SYHWK05211,sch_KACVP55227,,TST Respose 16,i like takis,0.104758218,Clara,24,positive,
stu_WEADW20158,cls_JYBSH30995,sch_QQLIR33891,,TST Respose 5,i have 1 cat,0.105006217,Clara,32,none,
stu_UJNMI16598,cls_OUKFK08724,sch_RSWHG50450,,TST Respose 18,Sisters sister,0.105052672,Clara,12,neutral,
stu_UJNMI16598,cls_OUKFK08724,sch_RSWHG50450,,TST Respose 18,Sisters sister,0.105052672,Clara,2,girl,
stu_EXNUN73314,cls_CIIPB03795,sch_RSWHG50450,YES,TST Respose 7,I am a writer,0.105300861,Clara,25,neutral,
stu_DUOEM76163,cls_FXSNE83092,sch_QQLIR33891,,TST Respose 2,my favorite subject is math,0.10532487,Clara,14,positive,
stu_FWPPR22255,cls_YFPVJ06178,sch_KACVP55227,YES,TST Respose 14,I like tv,0.105375962,Clara,24,positive,
stu_TRKWP48352,cls_MAEBK64434,sch_QQLIR33891,,TST Respose 5,I am a person who likes to where crocs,0.105634266,Clara,30,positive,
stu_TRKWP48352,cls_MAEBK64434,sch_QQLIR33891,,TST Respose 5,I am a person who likes to where crocs,0.105634266,Clara,24,positive,
stu_CWJCN88700,cls_DLRQP13887,sch_QQLIR33891,,TST Respose 15,I am a student,0.105670222,Clara,14,neutral,
stu_QQAHK93946,cls_FXSNE83092,sch_QQLIR33891,,TST Respose 13,I like spicy food,0.105673272,Clara,24,positive,
stu_ANQAT24428,cls_MAEBK64434,sch_QQLIR33891,,TST Respose 15,my birthday is [DATE],0.105943333,Clara,22,[birth month],
stu_RUBQU39803,cls_OUMSN73782,sch_QQLIR33891,,TST Respose 10,i am balck,0.106372605,Clara,6,black,
stu_PSHZT50501,cls_USLPT75423,sch_QQLIR33891,YES,TST Respose 2,I am a man,0.106528252,Clara,2,man,
stu_WEADW20158,cls_JYBSH30995,sch_QQLIR33891,,TST Respose 6,i like playing games,0.106604597,Clara,31,positive,
stu_WEADW20158,cls_JYBSH30995,sch_QQLIR33891,,TST Respose 6,i like playing games,0.106604597,Clara,24,positive,
stu_KOIIB68446,cls_JYBSH30995,sch_QQLIR33891,,TST Respose 9,I like funky socks....,0.106928622,Clara,30,positive,
stu_KOIIB68446,cls_JYBSH30995,sch_QQLIR33891,,TST Respose 9,I like funky socks....,0.106928622,Clara,24,positive,
stu_VNSDU81090,cls_JYBSH30995,sch_QQLIR33891,,TST Respose 6,im Ecuadorian,0.107032419,Clara,7,ecuadorian,
stu_FWPPR22255,cls_YFPVJ06178,sch_KACVP55227,YES,TST Respose 15,I am [FIRST NAME],0.107505214,Clara,5,none,
stu_QQMSX84242,cls_TNHXN45809,sch_RSWHG50450,YES,TST Respose 2,a band kid,0.107535393,Clara,26,neutral,
stu_QQMSX84242,cls_TNHXN45809,sch_RSWHG50450,YES,TST Respose 2,a band kid,0.107535393,Clara,4,child,
stu_QQMSX84242,cls_TNHXN45809,sch_RSWHG50450,YES,TST Respose 2,a band kid,0.107535393,Clara,22,bandkid,
stu_VGJIS59600,cls_DLRQP13887,sch_QQLIR33891,,TST Respose 14,I am a Hufflepuff,0.107903968,Clara,21,hufflepuff,
stu_ZARRQ26344,cls_JYBSH30995,sch_QQLIR33891,,TST Respose 20,im the worst sister ever,0.107923083,Clara,12,negative,
stu_ZARRQ26344,cls_JYBSH30995,sch_QQLIR33891,,TST Respose 20,im the worst sister ever,0.107923083,Clara,2,girl,
stu_YPZIM54297,cls_MAEBK64434,sch_QQLIR33891,,TST Respose 2,I am the middle child,0.107932442,Clara,22,middlechild,
stu_YPZIM54297,cls_MAEBK64434,sch_QQLIR33891,,TST Respose 2,I am the middle child,0.107932442,Clara,12,neutral,
stu_VKCWY07846,cls_DLRQP13887,sch_QQLIR33891,,TST Respose 18,im 4'11,0.108227385,Clara,35,neutral,
stu_JPMJO86637,cls_YFPVJ06178,sch_KACVP55227,YES,TST Respose 17,i like Haitian Stew Chicken.,0.108348108,Clara,24,positive,flag for later
stu_NKHRJ04957,cls_FBBRP25979,sch_QQLIR33891,,TST Respose 11,I dont like ice cream,0.10850381,Clara,24,negative,
stu_IGWBR81023,cls_DLRQP13887,sch_QQLIR33891,,TST Respose 1,i am a girl,0.108758217,Clara,2,girl,
stu_MYCLF44200,cls_UZFMO35109,sch_QQLIR33891,,TST Respose 16,I want to go d1.,0.109042161,Clara,13,positive,
stu_CPAQO78519,cls_MAEBK64434,sch_QQLIR33891,,TST Respose 8,I am someone who loves the Country Brazil,0.10919359,Clara,24,positive,flag for later
stu_WCANG48942,cls_HJQZF25095,sch_KACVP55227,YES,TST Respose 12,I wish they didn't give us school on friday.,0.109236699,Clara,14,negative,
stu_KCRZD23226,cls_JDASF17902,sch_KACVP55227,,TST Respose 17,I love baby dog,0.109331337,Clara,24,positive,
stu_UYUIH18635,cls_FBBRP25979,sch_QQLIR33891,,TST Respose 7,Im in the Art Club,0.109488525,Clara,26,neutral,
stu_JOVOI38701,cls_MAEBK64434,sch_QQLIR33891,,TST Respose 14,I am someone who likes dogs .,0.109835814,Clara,24,positive,
stu_CETOG17008,cls_USLPT75423,sch_QQLIR33891,YES,TST Respose 5,hungry man,0.109848394,Clara,47,neutral,
stu_CETOG17008,cls_USLPT75423,sch_QQLIR33891,YES,TST Respose 5,hungry man,0.109848394,Clara,2,boy,
stu_NWVEW24693,cls_AVBRA70624,sch_KACVP55227,YES,TST Respose 17,my birth day is [DATE],0.110030453,Clara,22,[birth month],
stu_YSQPA55709,cls_OUMSN73782,sch_QQLIR33891,,TST Respose 7,im a mess person,0.110173507,Clara,43,negative,
stu_UYFTQ45542,cls_USLPT75423,sch_QQLIR33891,YES,TST Respose 3,I am a athlete,0.110216908,Clara,29,neutral,
stu_MIJEQ06664,cls_MAEBK64434,sch_QQLIR33891,,TST Respose 11,I like to have fun,0.110338071,Clara,31,positive,
stu_MIJEQ06664,cls_MAEBK64434,sch_QQLIR33891,,TST Respose 11,I like to have fun,0.110338071,Clara,24,positive,
stu_VKCWY07846,cls_DLRQP13887,sch_QQLIR33891,,TST Respose 13,i like music,0.110575562,Clara,24,positive,
stu_MRIWT64391,cls_SYHWK05211,sch_KACVP55227,YES,TST Respose 11,a brother,0.110862642,Clara,12,neutral,
stu_MRIWT64391,cls_SYHWK05211,sch_KACVP55227,YES,TST Respose 11,a brother,0.110862642,Clara,2,boy,
stu_PUNZK45438,cls_SLKYU63739,sch_QQLIR33891,YES,TST Respose 1,I like soccer,0.111140218,Clara,29,positive,
stu_PUNZK45438,cls_SLKYU63739,sch_QQLIR33891,YES,TST Respose 1,I like soccer,0.111140218,Clara,24,positive,
stu_QOGPO20181,cls_AVBRA70624,sch_KACVP55227,YES,TST Respose 16,My favorite color is Pink,0.111151802,Clara,24,positive,
stu_PXDPN73068,cls_FBBRP25979,sch_QQLIR33891,,TST Respose 11,I'm a genius,0.111168062,Clara,43,positive,
stu_PXDPN73068,cls_FBBRP25979,sch_QQLIR33891,,TST Respose 11,I'm a genius,0.111168062,Clara,25,positive,
stu_HLKZL24322,cls_MAEBK64434,sch_QQLIR33891,,TST Respose 5,a gamer,0.111212448,Clara,28,neutral,
stu_SELBD60428,cls_AJBUO63250,sch_KACVP55227,,TST Respose 19,student,0.111216529,Clara,14,neutral,
stu_JTZYY08754,cls_JTMRB81339,sch_KACVP55227,,TST Respose 5,They get on my last nerves,0.111396862,Clara,48,none,
stu_UEDQL23543,cls_USLPT75423,sch_QQLIR33891,YES,TST Respose 6,nice,0.111549602,Clara,44,positive,
stu_WWNBY52737,cls_OUMSN73782,sch_QQLIR33891,YES,TST Respose 19,I am the funniest person I know.,0.111939579,Clara,46,positive,
stu_CQRFU18177,cls_JYBSH30995,sch_QQLIR33891,,TST Respose 17,I don't like school,0.11210012,Clara,14,negative,
stu_IDHIE84911,cls_YFPVJ06178,sch_KACVP55227,YES,TST Respose 17,i like pizza,0.112667657,Clara,24,positive,
stu_WAFQN21754,cls_TNHXN45809,sch_RSWHG50450,YES,TST Respose 20,I am strong,0.112728237,Clara,35,positive,
stu_MRIWT64391,cls_SYHWK05211,sch_KACVP55227,YES,TST Respose 19,I am an adventoures person,0.112821696,Clara,45,positive,
stu_RNIHY62490,cls_OUMSN73782,sch_QQLIR33891,YES,TST Respose 3,I am an athlete,0.112949343,Clara,29,neutral,
stu_TFTDG28078,cls_IZNZG32572,sch_KACVP55227,YES,TST Respose 17,a baker,0.112976782,Clara,31,neutral,
stu_FNVBP19615,cls_DLRQP13887,sch_QQLIR33891,,TST Respose 7,I also enjoy english class. (sometimes),0.113246186,Clara,14,positive,
stu_FQEST23326,cls_JTMRB81339,sch_KACVP55227,YES,TST Respose 16,a friend,0.113332723,Clara,10,neutral,
stu_GXMFA19655,cls_PQLMX93290,sch_SIWHM63035,YES,TST Respose 5,i am a good cook,0.113340956,Clara,43,positive,
stu_HXXCS05602,cls_USLPT75423,sch_QQLIR33891,YES,TST Respose 8,i'm loving,0.113400452,Clara,44,positive,
stu_IZQGI75719,cls_JYBSH30995,sch_QQLIR33891,,TST Respose 20,i like my school,0.11350761,Clara,14,positive,
stu_FASQN45304,cls_MAEBK64434,sch_QQLIR33891,,TST Respose 2,I am a sister.,0.113594244,Clara,12,neutral,
stu_FASQN45304,cls_MAEBK64434,sch_QQLIR33891,,TST Respose 2,I am a sister.,0.113594244,Clara,2,girl,
stu_LKAAV41369,cls_FBBRP25979,sch_QQLIR33891,,TST Respose 15,I like gym,0.113605053,Clara,24,positive,
stu_LKAAV41369,cls_FBBRP25979,sch_QQLIR33891,,TST Respose 15,I like gym,0.113605053,Clara,14,positive,
stu_XCKNQ66212,cls_USLPT75423,sch_QQLIR33891,YES,TST Respose 11,i'm darkskin,0.113989115,Clara,6,dark skin,
stu_PXDPN73068,cls_FBBRP25979,sch_QQLIR33891,,TST Respose 14,I used to have a Ipad,0.114356819,Clara,32,none,
stu_MXNSF14478,cls_JYBSH30995,sch_QQLIR33891,,TST Respose 6,I'm SouthEastern Asian,0.11453272,Clara,6,southeastern asian,
stu_SULZI60933,cls_JYBSH30995,sch_QQLIR33891,,TST Respose 7,i like Mathia,0.114762963,Clara,24,positive,
stu_SULZI60933,cls_JYBSH30995,sch_QQLIR33891,,TST Respose 7,i like Mathia,0.114762963,Clara,14,positive,
stu_AHWRN95528,cls_MAEBK64434,sch_QQLIR33891,,TST Respose 9,I am someone who likes my friends,0.114846104,Clara,24,positive,
stu_AHWRN95528,cls_MAEBK64434,sch_QQLIR33891,,TST Respose 9,I am someone who likes my friends,0.114846104,Clara,10,positive,
stu_CPBCK00658,cls_SIVDJ49041,sch_KACVP55227,,TST Respose 4,I like boys,0.114971143,Clara,3,likes boys,
stu_MTCIM85775,cls_TNHXN45809,sch_RSWHG50450,,TST Respose 3,Creative,0.115200348,Clara,43,positive,
stu_ZARRQ26344,cls_JYBSH30995,sch_QQLIR33891,,TST Respose 10,I like to stake football more than hockey,0.11536644,Clara,29,positive,
stu_ZARRQ26344,cls_JYBSH30995,sch_QQLIR33891,,TST Respose 10,I like to stake football more than hockey,0.11536644,Clara,24,positive,
stu_KOUYR40301,cls_SYHWK05211,sch_KACVP55227,,TST Respose 11,i'm Portuguese and Cape Verdean,0.1157294,Clara,7,portuguese and cape verdean,
stu_SJXEZ38047,cls_JYBSH30995,sch_QQLIR33891,,TST Respose 17,I love chocolate n ice cream,0.115787786,Clara,24,positive,
stu_WWNBY52737,cls_OUMSN73782,sch_QQLIR33891,YES,TST Respose 14,I am someone's best friend.,0.116217463,Clara,10,positive,
stu_CTAZU65504,cls_USLPT75423,sch_QQLIR33891,YES,TST Respose 15,I am easily annoyed,0.116230604,Clara,45,negative,
stu_WAFQN21754,cls_TNHXN45809,sch_RSWHG50450,YES,TST Respose 14,I am creative,0.116265412,Clara,43,positive,
stu_BJJXN95776,cls_MAEBK64434,sch_QQLIR33891,,TST Respose 20,I want to be a senior software enginer,0.116616769,Clara,13,positive,
stu_YPZIM54297,cls_MAEBK64434,sch_QQLIR33891,,TST Respose 20,i am a mamas girl,0.116889988,Clara,12,neutral,
stu_YPZIM54297,cls_MAEBK64434,sch_QQLIR33891,,TST Respose 20,i am a mamas girl,0.116889988,Clara,2,girl,
stu_MKGYA55892,cls_MMBNN48363,sch_QQLIR33891,,TST Respose 10,who is nice,0.117548888,Clara,44,positive,
stu_JOKOV89559,cls_MAEBK64434,sch_QQLIR33891,,TST Respose 8,I am someone who loves math,0.117779741,Clara,25,positive,
stu_JOKOV89559,cls_MAEBK64434,sch_QQLIR33891,,TST Respose 8,I am someone who loves math,0.117779741,Clara,24,positive,
stu_NWVEW24693,cls_AVBRA70624,sch_KACVP55227,YES,TST Respose 15,i love seafood,0.117825458,Clara,24,positive,
stu_OFWAG94272,cls_USLPT75423,sch_QQLIR33891,YES,TST Respose 7,I enjoy listening to music,0.117968885,Clara,26,positive,
stu_OFWAG94272,cls_USLPT75423,sch_QQLIR33891,YES,TST Respose 7,I enjoy listening to music,0.117968885,Clara,24,positive,
stu_NKHRJ04957,cls_FBBRP25979,sch_QQLIR33891,,TST Respose 16,I like mango,0.118096605,Clara,24,positive,
stu_WRQAA62017,cls_GIJEF48865,sch_KACVP55227,,TST Respose 4,I am kind,0.118357852,Clara,44,positive,
stu_LNFOE66635,cls_AJBUO63250,sch_KACVP55227,YES,TST Respose 10,im outside most of the day,0.118438383,Clara,31,neutral,
stu_PNNIR08301,cls_HJQZF25095,sch_KACVP55227,YES,TST Respose 12,I like games.,0.118592819,Clara,31,positive,
stu_PNNIR08301,cls_HJQZF25095,sch_KACVP55227,YES,TST Respose 12,I like games.,0.118592819,Clara,24,positive,
stu_TYPZX10676,cls_YLGBO89611,sch_KACVP55227,,TST Respose 17,i love watching movie.,0.118680474,Clara,31,positive,
stu_TYPZX10676,cls_YLGBO89611,sch_KACVP55227,,TST Respose 17,i love watching movie.,0.118680474,Clara,24,positive,
stu_ZUARE93356,cls_MAEBK64434,sch_QQLIR33891,,TST Respose 7,I play basketball,0.118790146,Clara,29,neutral,
stu_FUILC09238,cls_HEBLM24075,sch_KACVP55227,,TST Respose 5,i'm from benin,0.118879149,Clara,7,beninese,
stu_LVOOZ80056,cls_OUMSN73782,sch_QQLIR33891,YES,TST Respose 16,I am a cousion.,0.119307597,Clara,12,neutral,
stu_FNVBP19615,cls_DLRQP13887,sch_QQLIR33891,,TST Respose 13,I like pasta.,0.119438011,Clara,24,positive,
stu_EXNUN73314,cls_CIIPB03795,sch_RSWHG50450,YES,TST Respose 15,I am a Gemini,0.119720991,Clara,22,gemini,
stu_NWRRN03456,cls_MCLLA54915,sch_KACVP55227,,TST Respose 6,I would like to get award for completing all MATH Stream assignments.,0.120811823,Clara,47,positive,
stu_NWRRN03456,cls_MCLLA54915,sch_KACVP55227,,TST Respose 6,I would like to get award for completing all MATH Stream assignments.,0.120811823,Clara,24,positive,
stu_PYEUW09959,cls_HEZZN95002,sch_QQLIR33891,,TST Respose 2,I am kind,0.121140571,Clara,44,positive,
stu_WAFQN21754,cls_TNHXN45809,sch_RSWHG50450,YES,TST Respose 6,I am a dog owner,0.121192147,Clara,32,none,
stu_QEGJI54214,cls_SLKYU63739,sch_QQLIR33891,YES,TST Respose 7,i am a dog lover,0.12157731,Clara,24,positive,
stu_FBWGP41232,cls_JYBSH30995,sch_QQLIR33891,,TST Respose 10,I have brown eyes,0.122103964,Clara,35,neutral,
stu_RSKDK68207,cls_SIVDJ49041,sch_KACVP55227,,TST Respose 17,I like to make up languages.,0.123012629,Clara,25,positive,
stu_RSKDK68207,cls_SIVDJ49041,sch_KACVP55227,,TST Respose 17,I like to make up languages.,0.123012629,Clara,24,positive,
stu_IKUOQ66846,cls_USLPT75423,sch_QQLIR33891,YES,TST Respose 16,I like go to the gym to lift weight,0.123085499,Clara,29,positive,
stu_IKUOQ66846,cls_USLPT75423,sch_QQLIR33891,YES,TST Respose 16,I like go to the gym to lift weight,0.123085499,Clara,24,positive,
stu_MZIVN56293,cls_HEZZN95002,sch_QQLIR33891,,TST Respose 2,i am in a band,0.123294203,Clara,26,neutral,
stu_CPVXX19825,cls_MAEBK64434,sch_QQLIR33891,,TST Respose 17,I like the Boston Celtics,0.123428071,Clara,24,positive,
stu_JTZYY08754,cls_JTMRB81339,sch_KACVP55227,,TST Respose 13,I love go out to eat but only when I'm going out to eat nothing else,0.12348227,Clara,31,positive,
stu_JTZYY08754,cls_JTMRB81339,sch_KACVP55227,,TST Respose 13,I love go out to eat but only when I'm going out to eat nothing else,0.12348227,Clara,24,positive,
stu_CTAZU65504,cls_USLPT75423,sch_QQLIR33891,YES,TST Respose 18,I like taking naps,0.12379948,Clara,31,positive,
stu_CTAZU65504,cls_USLPT75423,sch_QQLIR33891,YES,TST Respose 18,I like taking naps,0.12379948,Clara,24,positive,
stu_VTRUH97046,cls_DLRQP13887,sch_QQLIR33891,,TST Respose 8,I love listening to music when im down.,0.124359175,Clara,26,positive,
stu_VTRUH97046,cls_DLRQP13887,sch_QQLIR33891,,TST Respose 8,I love listening to music when im down.,0.124359175,Clara,24,positive,
stu_DKGHS98193,cls_FXSNE83092,sch_QQLIR33891,,TST Respose 14,i like tyo play w makeup,0.124799835,Clara,30,positive,
stu_DKGHS98193,cls_FXSNE83092,sch_QQLIR33891,,TST Respose 14,i like tyo play w makeup,0.124799835,Clara,24,positive,
stu_MXNSF14478,cls_JYBSH30995,sch_QQLIR33891,,TST Respose 17,I love dodgeball.,0.124819167,Clara,29,positive,
stu_MXNSF14478,cls_JYBSH30995,sch_QQLIR33891,,TST Respose 17,I love dodgeball.,0.124819167,Clara,24,positive,
stu_LNFOE66635,cls_AJBUO63250,sch_KACVP55227,YES,TST Respose 5,good student,0.12516364,Clara,14,positive,
stu_ROXAU39801,cls_CIIPB03795,sch_RSWHG50450,YES,TST Respose 17,I am a pikmin fan,0.125490104,Clara,28,positive,
stu_ROXAU39801,cls_CIIPB03795,sch_RSWHG50450,YES,TST Respose 17,I am a pikmin fan,0.125490104,Clara,24,positive,
stu_GCHCS91000,cls_SLKYU63739,sch_QQLIR33891,YES,TST Respose 20,im a dad,0.125697567,Clara,12,neutral,
stu_ABSGH36082,cls_JYBSH30995,sch_QQLIR33891,,TST Respose 6,I LOVE DOGS,0.125903848,Clara,24,positive,
stu_FNVBP19615,cls_DLRQP13887,sch_QQLIR33891,,TST Respose 20,I dont know,0.126025601,Clara,20,none,
stu_JOKOV89559,cls_MAEBK64434,sch_QQLIR33891,,TST Respose 1,I am someone who is nice,0.126092756,Clara,44,positive,
stu_TSQUQ54202,cls_USLPT75423,sch_QQLIR33891,YES,TST Respose 3,I am considerate.,0.126616124,Clara,44,positive,
stu_YPZIM54297,cls_MAEBK64434,sch_QQLIR33891,,TST Respose 13,I am a chearleader on summer,0.126952665,Clara,29,neutral,
stu_SQLXP95993,cls_MFUGV02425,sch_QQLIR33891,,TST Respose 5,I am not a morning person,0.127307504,Clara,21,not a morning person,
stu_LTSJK02079,cls_FBBRP25979,sch_QQLIR33891,,TST Respose 1,Im 11 years old,0.128547673,Clara,4,11,
stu_JOVOI38701,cls_MAEBK64434,sch_QQLIR33891,,TST Respose 11,I am someone who likes Boston Celtics,0.128575862,Clara,29,positive,
stu_JOVOI38701,cls_MAEBK64434,sch_QQLIR33891,,TST Respose 11,I am someone who likes Boston Celtics,0.128575862,Clara,24,positive,
stu_OMSFY97090,cls_VFZRA31361,sch_KACVP55227,YES,TST Respose 8,im a students,0.128902366,Clara,14,neutral,
stu_OMSFY97090,cls_VFZRA31361,sch_KACVP55227,YES,TST Respose 6,im a students,0.128930457,Clara,14,neutral,
stu_WQGUY90279,cls_JYBSH30995,sch_QQLIR33891,,TST Respose 10,I like taking to my friends,0.129126537,Clara,31,positive,
stu_WQGUY90279,cls_JYBSH30995,sch_QQLIR33891,,TST Respose 10,I like taking to my friends,0.129126537,Clara,10,positive,
stu_WQGUY90279,cls_JYBSH30995,sch_QQLIR33891,,TST Respose 10,I like taking to my friends,0.129126537,Clara,24,positive,
stu_RDOVU20570,cls_SLKYU63739,sch_QQLIR33891,YES,TST Respose 15,I am a wing stop lover,0.129278629,Clara,24,positive,
stu_SJXEZ38047,cls_JYBSH30995,sch_QQLIR33891,,TST Respose 6,I'm from Cape Verde,0.129339204,Clara,7,cape verdean,
stu_QFXDD68186,cls_SYHWK05211,sch_KACVP55227,YES,TST Respose 17,i like to travel,0.129475778,Clara,31,positive,
stu_QFXDD68186,cls_SYHWK05211,sch_KACVP55227,YES,TST Respose 17,i like to travel,0.129475778,Clara,24,positive,
stu_PXDPN73068,cls_FBBRP25979,sch_QQLIR33891,,TST Respose 5,I am a boy,0.129691625,Clara,2,boy,
stu_EHYTZ32137,cls_USLPT75423,sch_QQLIR33891,YES,TST Respose 5,I don't like people,0.129866365,Clara,45,negative,
stu_OAZKI17777,cls_TNHXN45809,sch_RSWHG50450,YES,TST Respose 1,A human,0.129994707,Clara,21,none,
stu_WYTLH51489,cls_AJBUO63250,sch_KACVP55227,YES,TST Respose 18,I like my sisters,0.130711354,Clara,12,positive,
stu_WDDQQ92015,cls_YLGBO89611,sch_KACVP55227,,TST Respose 2,i am a student,0.131050026,Clara,14,neutral,
stu_NYHDW07721,cls_CIIPB03795,sch_RSWHG50450,,TST Respose 8,Niece of [FIRST LAST NAME],0.131202156,Clara,12,neutral,
stu_NYHDW07721,cls_CIIPB03795,sch_RSWHG50450,,TST Respose 8,Niece of [FIRST LAST NAME],0.131202156,Clara,2,girl,
stu_QCKDZ64012,cls_HEZZN95002,sch_QQLIR33891,,TST Respose 13,i love my mom,0.131344296,Clara,24,positive,
stu_QCKDZ64012,cls_HEZZN95002,sch_QQLIR33891,,TST Respose 13,i love my mom,0.131344296,Clara,12,positive,
stu_OFWAG94272,cls_USLPT75423,sch_QQLIR33891,YES,TST Respose 2,A honest person,0.131513498,Clara,40,positive,
stu_CLLRZ76280,cls_MAEBK64434,sch_QQLIR33891,,TST Respose 10,I like watching boxing and basketball,0.131723901,Clara,29,positive,
stu_CLLRZ76280,cls_MAEBK64434,sch_QQLIR33891,,TST Respose 10,I like watching boxing and basketball,0.131723901,Clara,24,positive,
stu_UYFTQ45542,cls_USLPT75423,sch_QQLIR33891,YES,TST Respose 8,I am a person who prefers basketball over soccer,0.131786945,Clara,29,neutral,
stu_SULZI60933,cls_JYBSH30995,sch_QQLIR33891,,TST Respose 9,my fav color is black,0.13195847,Clara,24,positive,
stu_QQAHK93946,cls_FXSNE83092,sch_QQLIR33891,,TST Respose 14,I like listening to horror storys,0.132280967,Clara,31,positive,
stu_QQAHK93946,cls_FXSNE83092,sch_QQLIR33891,,TST Respose 14,I like listening to horror storys,0.132280967,Clara,24,positive,
stu_ERQCY81201,cls_USLPT75423,sch_QQLIR33891,YES,TST Respose 12,I am a girl that loves the color blue.,0.132284077,Clara,24,positive,
stu_ERQCY81201,cls_USLPT75423,sch_QQLIR33891,YES,TST Respose 12,I am a girl that loves the color blue.,0.132284077,Clara,2,girl,
stu_RFRYE74718,cls_OUMSN73782,sch_QQLIR33891,YES,TST Respose 1,I am an 11-year-old girl.,0.132591556,Clara,4,11,
stu_RFRYE74718,cls_OUMSN73782,sch_QQLIR33891,YES,TST Respose 1,I am an 11-year-old girl.,0.132591556,Clara,2,girl,
stu_ECYEC76336,cls_OUMSN73782,sch_QQLIR33891,YES,TST Respose 1,I am asian american,0.13270632,Clara,6,asian,come back to this
stu_FASQN45304,cls_MAEBK64434,sch_QQLIR33891,,TST Respose 11,I am someone who likes to spend time with my family.,0.132778184,Clara,31,positive,
stu_FASQN45304,cls_MAEBK64434,sch_QQLIR33891,,TST Respose 11,I am someone who likes to spend time with my family.,0.132778184,Clara,12,positive,
stu_FASQN45304,cls_MAEBK64434,sch_QQLIR33891,,TST Respose 11,I am someone who likes to spend time with my family.,0.132778184,Clara,24,positive,
stu_PFDTL78462,cls_NUSEI70378,sch_KACVP55227,,TST Respose 15,"My favorite cousin is my little cousin [FIRST NAME], I call him money.",0.133153396,Clara,12,positive,
stu_AHWRN95528,cls_MAEBK64434,sch_QQLIR33891,,TST Respose 10,I am someone who loves sprite,0.133221532,Clara,24,positive,
stu_AQNHF52456,cls_USLPT75423,sch_QQLIR33891,YES,TST Respose 8,straight A student,0.133329949,Clara,14,positive,
stu_LJAAE92948,cls_ERQJB18593,sch_QQLIR33891,YES,TST Respose 13,I like writing,0.133383906,Clara,25,positive,
stu_LJAAE92948,cls_ERQJB18593,sch_QQLIR33891,YES,TST Respose 13,I like writing,0.133383906,Clara,24,positive,
stu_RUZUK44953,cls_HOJKW39162,sch_KACVP55227,YES,TST Respose 5,I am a person who likes science,0.133603572,Clara,25,positive,
stu_RUZUK44953,cls_HOJKW39162,sch_KACVP55227,YES,TST Respose 5,I am a person who likes science,0.133603572,Clara,24,positive,
stu_FHADA27602,cls_OUMSN73782,sch_QQLIR33891,YES,TST Respose 17,i have no pets.,0.133775412,Clara,32,negative,
stu_WXAMH04104,cls_FBBRP25979,sch_QQLIR33891,,TST Respose 5,i am cape verdean,0.133841321,Clara,7,cape verdean,
stu_CPBCK00658,cls_SIVDJ49041,sch_KACVP55227,,TST Respose 8,I like to gossip with my friend,0.13384768,Clara,31,positive,
stu_CPBCK00658,cls_SIVDJ49041,sch_KACVP55227,,TST Respose 8,I like to gossip with my friend,0.13384768,Clara,10,positive,
stu_CPBCK00658,cls_SIVDJ49041,sch_KACVP55227,,TST Respose 8,I like to gossip with my friend,0.13384768,Clara,24,positive,
stu_ABSGH36082,cls_JYBSH30995,sch_QQLIR33891,,TST Respose 17,I know how to play basket ball,0.133964085,Clara,43,positive,
stu_ABSGH36082,cls_JYBSH30995,sch_QQLIR33891,,TST Respose 17,I know how to play basket ball,0.133964085,Clara,29,neutral,
stu_WHBZD81732,cls_AVBRA70624,sch_KACVP55227,YES,TST Respose 2,i dont like school,0.134379845,Clara,14,negative,
stu_XKMAG80800,cls_TNHXN45809,sch_RSWHG50450,YES,TST Respose 6,Christian,0.134388755,Clara,16,christian,
stu_PUNZK45438,cls_SLKYU63739,sch_QQLIR33891,YES,TST Respose 10,i was born in cabo verde,0.134762218,Clara,7,cape verdean,
stu_TRKWP48352,cls_MAEBK64434,sch_QQLIR33891,,TST Respose 2,I am the oldest of 2 children,0.134971239,Clara,22,oldestchild,
stu_TRKWP48352,cls_MAEBK64434,sch_QQLIR33891,,TST Respose 2,I am the oldest of 2 children,0.134971239,Clara,12,neutral,
stu_XCKNQ66212,cls_USLPT75423,sch_QQLIR33891,YES,TST Respose 5,i'm smart,0.135061329,Clara,43,positive,
stu_XCKNQ66212,cls_USLPT75423,sch_QQLIR33891,YES,TST Respose 5,i'm smart,0.135061329,Clara,25,positive,
stu_ZUARE93356,cls_MAEBK64434,sch_QQLIR33891,,TST Respose 19,I have two siblings,0.135173323,Clara,12,neutral,
stu_QZOUO83023,cls_FBBRP25979,sch_QQLIR33891,YES,TST Respose 19,i love my frends,0.135561939,Clara,24,positive,
stu_QZOUO83023,cls_FBBRP25979,sch_QQLIR33891,YES,TST Respose 19,i love my frends,0.135561939,Clara,10,positive,
stu_ZUARE93356,cls_MAEBK64434,sch_QQLIR33891,,TST Respose 12,My birthday is in June,0.135586446,Clara,22,june birthday,
stu_NWVEW24693,cls_AVBRA70624,sch_KACVP55227,YES,TST Respose 10,i want to be at home,0.136900679,Clara,47,neutral,
stu_ANAWT41929,cls_CIIPB03795,sch_RSWHG50450,YES,TST Respose 10,I love english,0.137180737,Clara,25,positive,
stu_ANAWT41929,cls_CIIPB03795,sch_RSWHG50450,YES,TST Respose 10,I love english,0.137180737,Clara,24,positive,
stu_CDGKD03653,cls_JYBSH30995,sch_QQLIR33891,,TST Respose 9,i am a sweat at fortnite,0.137239907,Clara,28,positive,
stu_LKAAV41369,cls_FBBRP25979,sch_QQLIR33891,,TST Respose 3,my favorite subjects are math and science,0.137376989,Clara,14,positive,
stu_YXJEP22115,cls_USLPT75423,sch_QQLIR33891,YES,TST Respose 11,I am a defensive basketball player,0.137442606,Clara,29,neutral,
stu_RFRYE74718,cls_OUMSN73782,sch_QQLIR33891,YES,TST Respose 14,I am a kind person.,0.137460133,Clara,44,positive,
stu_RFRYE74718,cls_OUMSN73782,sch_QQLIR33891,YES,TST Respose 14,I am a kind person.,0.137460133,Clara,21,none,
stu_OFWAG94272,cls_USLPT75423,sch_QQLIR33891,YES,TST Respose 3,A calm leader,0.138004079,Clara,46,positive,
stu_OFWAG94272,cls_USLPT75423,sch_QQLIR33891,YES,TST Respose 3,A calm leader,0.138004079,Clara,43,positive,
stu_OFWAG94272,cls_USLPT75423,sch_QQLIR33891,YES,TST Respose 3,A calm leader,0.138004079,Clara,45,positive,
stu_OQLOS45541,cls_USLPT75423,sch_QQLIR33891,YES,TST Respose 15,I'm a fighter for my rights.,0.138160308,Clara,41,positive,
stu_ANAWT41929,cls_CIIPB03795,sch_RSWHG50450,YES,TST Respose 17,Another favorite game i like is call of duty,0.13862205,Clara,28,positive,
stu_ANAWT41929,cls_CIIPB03795,sch_RSWHG50450,YES,TST Respose 17,Another favorite game i like is call of duty,0.13862205,Clara,24,positive,
stu_NWRRN03456,cls_MCLLA54915,sch_KACVP55227,,TST Respose 13,I need a phone.,0.138705615,Clara,33,none,
stu_QQAHK93946,cls_FXSNE83092,sch_QQLIR33891,,TST Respose 2,I am vietnamese and chinese,0.138904649,Clara,7,vietnamese and chinese,
stu_OQLOS45541,cls_USLPT75423,sch_QQLIR33891,YES,TST Respose 17,I'm a pet owner.,0.138914904,Clara,32,none,
stu_FWPPR22255,cls_YFPVJ06178,sch_KACVP55227,YES,TST Respose 6,i ma,0.139080475,Clara,48,none,
stu_VUNQZ79892,cls_CIIPB03795,sch_RSWHG50450,YES,TST Respose 13,im a good person,0.139148012,Clara,40,positive,
stu_OIYXZ27717,cls_MAEBK64434,sch_QQLIR33891,,TST Respose 10,I am someone who likes cape verde,0.139173366,Clara,24,positive,flag for later
stu_UYUIH18635,cls_FBBRP25979,sch_QQLIR33891,,TST Respose 20,i like going out,0.139471623,Clara,31,positive,
stu_UYUIH18635,cls_FBBRP25979,sch_QQLIR33891,,TST Respose 20,i like going out,0.139471623,Clara,24,positive,
stu_HXXCS05602,cls_USLPT75423,sch_QQLIR33891,YES,TST Respose 9,i'm black,0.139831547,Clara,6,black,
stu_PFDTL78462,cls_NUSEI70378,sch_KACVP55227,,TST Respose 12,I like money.,0.13989295,Clara,34,positive,
stu_PFDTL78462,cls_NUSEI70378,sch_KACVP55227,,TST Respose 12,I like money.,0.13989295,Clara,24,positive,
stu_AHWRN95528,cls_MAEBK64434,sch_QQLIR33891,,TST Respose 7,I am someone who likes to go to waterparks,0.139996546,Clara,31,positive,
stu_AHWRN95528,cls_MAEBK64434,sch_QQLIR33891,,TST Respose 7,I am someone who likes to go to waterparks,0.139996546,Clara,24,positive,
stu_SOWGI28002,cls_MAEBK64434,sch_QQLIR33891,,TST Respose 20,I am someone who loves shoes,0.140614577,Clara,30,positive,
stu_SOWGI28002,cls_MAEBK64434,sch_QQLIR33891,,TST Respose 20,I am someone who loves shoes,0.140614577,Clara,24,positive,
stu_KWMWG76590,cls_CXLDP17094,sch_KACVP55227,YES,TST Respose 15,i like learning new things,0.140659778,Clara,25,positive,
stu_KWMWG76590,cls_CXLDP17094,sch_KACVP55227,YES,TST Respose 15,i like learning new things,0.140659778,Clara,24,positive,
stu_ECYEC76336,cls_OUMSN73782,sch_QQLIR33891,YES,TST Respose 4,I am a volleyball player,0.14087318,Clara,29,neutral,
stu_OQLOS45541,cls_USLPT75423,sch_QQLIR33891,YES,TST Respose 16,I'm a woman.,0.141744718,Clara,2,woman,
stu_PSHZT50501,cls_USLPT75423,sch_QQLIR33891,YES,TST Respose 3,I am a very smart student,0.142205028,Clara,43,positive,
stu_PSHZT50501,cls_USLPT75423,sch_QQLIR33891,YES,TST Respose 3,I am a very smart student,0.142205028,Clara,14,positive,
stu_PSHZT50501,cls_USLPT75423,sch_QQLIR33891,YES,TST Respose 3,I am a very smart student,0.142205028,Clara,25,positive,
stu_GCHCS91000,cls_SLKYU63739,sch_QQLIR33891,YES,TST Respose 12,i am a cousin,0.143190834,Clara,12,neutral,
stu_WZRKM29688,cls_HEBLM24075,sch_KACVP55227,,TST Respose 8,i like joe bartalozzi,0.14333565,Clara,24,positive,flag for later
stu_VNSDU81090,cls_JYBSH30995,sch_QQLIR33891,,TST Respose 2,im 12 years old,0.144469098,Clara,4,12,
stu_FBWGP41232,cls_JYBSH30995,sch_QQLIR33891,,TST Respose 17,Im mixed ( Puerto rican & black),0.144520166,Clara,6,mixed (puerto rican & black),
stu_MYCLF44200,cls_UZFMO35109,sch_QQLIR33891,,TST Respose 18,I like wingstop.,0.144952114,Clara,24,positive,
stu_FTOYB42084,cls_SLKYU63739,sch_QQLIR33891,YES,TST Respose 7,im nice,0.145044694,Clara,44,positive,
stu_JOKOV89559,cls_MAEBK64434,sch_QQLIR33891,,TST Respose 14,I am someone who loves eating my moms cooking,0.145393645,Clara,31,positive,
stu_JOKOV89559,cls_MAEBK64434,sch_QQLIR33891,,TST Respose 14,I am someone who loves eating my moms cooking,0.145393645,Clara,12,positive,
stu_JOKOV89559,cls_MAEBK64434,sch_QQLIR33891,,TST Respose 14,I am someone who loves eating my moms cooking,0.145393645,Clara,24,positive,
stu_HEPWQ98561,cls_ZUQLK09797,sch_KACVP55227,,TST Respose 13,i like acrylics,0.145482501,Clara,30,positive,
stu_HEPWQ98561,cls_ZUQLK09797,sch_KACVP55227,,TST Respose 13,i like acrylics,0.145482501,Clara,24,positive,
stu_LKAAV41369,cls_FBBRP25979,sch_QQLIR33891,,TST Respose 12,My favorite food is alfredo,0.145571081,Clara,24,positive,
stu_YNVPH88845,cls_MMBNN48363,sch_QQLIR33891,,TST Respose 5,I love shrimp Alfredo,0.145785419,Clara,24,positive,
stu_WRQAA62017,cls_GIJEF48865,sch_KACVP55227,,TST Respose 18,I have blond hair,0.146389534,Clara,35,neutral,
stu_IKUOQ66846,cls_USLPT75423,sch_QQLIR33891,YES,TST Respose 5,smart,0.146544865,Clara,43,positive,
stu_IKUOQ66846,cls_USLPT75423,sch_QQLIR33891,YES,TST Respose 5,smart,0.146544865,Clara,25,positive,
stu_NMWSA27732,cls_UZFMO35109,sch_QQLIR33891,,TST Respose 13,I'm the favorite child,0.147108386,Clara,12,positive,
stu_KWMWG76590,cls_CXLDP17094,sch_KACVP55227,YES,TST Respose 6,i wish i was smart,0.147306371,Clara,43,positive,
stu_KWMWG76590,cls_CXLDP17094,sch_KACVP55227,YES,TST Respose 6,i wish i was smart,0.147306371,Clara,25,positive,
stu_FVHVM49769,cls_SLKYU63739,sch_QQLIR33891,YES,TST Respose 19,i have a bape hoodie,0.147435607,Clara,32,none,
stu_QCKDZ64012,cls_HEZZN95002,sch_QQLIR33891,,TST Respose 2,i like food,0.14759448,Clara,24,positive,
stu_ZYUDW82089,cls_OUMSN73782,sch_QQLIR33891,YES,TST Respose 13,i am someone who does not want to do this,0.147769483,Clara,47,negative,
stu_FQKSK24193,cls_FBBRP25979,sch_QQLIR33891,,TST Respose 19,i like movies,0.147995668,Clara,24,positive,
stu_TSQUQ54202,cls_USLPT75423,sch_QQLIR33891,YES,TST Respose 1,I am a student.,0.148193572,Clara,14,neutral,
stu_AQNHF52456,cls_USLPT75423,sch_QQLIR33891,YES,TST Respose 9,"5,10",0.148777021,Clara,35,neutral,
stu_ROXAU39801,cls_CIIPB03795,sch_RSWHG50450,YES,TST Respose 16,I am a good person,0.148928267,Clara,40,positive,
stu_KCRZD23226,cls_JDASF17902,sch_KACVP55227,,TST Respose 1,I like school,0.149092946,Clara,24,positive,
stu_KCRZD23226,cls_JDASF17902,sch_KACVP55227,,TST Respose 1,I like school,0.149092946,Clara,14,positive,
stu_FNVBP19615,cls_DLRQP13887,sch_QQLIR33891,,TST Respose 3,Others say i have a very uniquie personality.,0.149798884,Clara,46,positive,
stu_ZYUDW82089,cls_OUMSN73782,sch_QQLIR33891,YES,TST Respose 16,i am in middle schools,0.14999262,Clara,14,neutral,
stu_SAOLH99639,cls_FXSNE83092,sch_QQLIR33891,,TST Respose 14,im nice,0.150028721,Clara,44,positive,
stu_WBAVA84528,cls_AVBRA70624,sch_KACVP55227,YES,TST Respose 3,i like cookies,0.150195127,Clara,24,positive,
stu_JTZYY08754,cls_JTMRB81339,sch_KACVP55227,,TST Respose 2,I have A's but not in math that can show you that I don't like math,0.150274031,Clara,25,negative,
stu_JTZYY08754,cls_JTMRB81339,sch_KACVP55227,,TST Respose 2,I have A's but not in math that can show you that I don't like math,0.150274031,Clara,14,positive,
stu_KCDEU07486,cls_JWHPH41004,sch_QQLIR33891,YES,TST Respose 3,I have blonde hair,0.150405823,Clara,35,neutral,
stu_AHWRN95528,cls_MAEBK64434,sch_QQLIR33891,,TST Respose 2,I am someone who likes basketball,0.150720609,Clara,29,positive,
stu_AHWRN95528,cls_MAEBK64434,sch_QQLIR33891,,TST Respose 2,I am someone who likes basketball,0.150720609,Clara,24,positive,
stu_FPTDO32773,cls_TNHXN45809,sch_RSWHG50450,YES,TST Respose 7,a band kid,0.151083295,Clara,26,neutral,
stu_FPTDO32773,cls_TNHXN45809,sch_RSWHG50450,YES,TST Respose 7,a band kid,0.151083295,Clara,4,child,
stu_FPTDO32773,cls_TNHXN45809,sch_RSWHG50450,YES,TST Respose 7,a band kid,0.151083295,Clara,22,bandkid,
stu_STIXI97047,cls_CXLDP17094,sch_KACVP55227,,TST Respose 8,I am [FIRST NAME].,0.151315412,Clara,5,none,
stu_VENGZ10475,cls_HEZZN95002,sch_QQLIR33891,,TST Respose 20,Seeks education,0.151637226,Clara,25,positive,
stu_CJHBB29429,cls_MAEBK64434,sch_QQLIR33891,,TST Respose 4,I am a person that likes to travel the world,0.151658651,Clara,31,positive,
stu_CJHBB29429,cls_MAEBK64434,sch_QQLIR33891,,TST Respose 4,I am a person that likes to travel the world,0.151658651,Clara,24,positive,
stu_QOGPO20181,cls_AVBRA70624,sch_KACVP55227,YES,TST Respose 13,l'm from cape verde,0.151861528,Clara,7,cape verdean,
stu_RDOVU20570,cls_SLKYU63739,sch_QQLIR33891,YES,TST Respose 10,I am a person who likes to swim,0.151911156,Clara,29,positive,
stu_RDOVU20570,cls_SLKYU63739,sch_QQLIR33891,YES,TST Respose 10,I am a person who likes to swim,0.151911156,Clara,24,positive,
stu_OIYXZ27717,cls_MAEBK64434,sch_QQLIR33891,,TST Respose 19,I am someone who is a good friend,0.152068987,Clara,10,positive,
stu_NMWSA27732,cls_UZFMO35109,sch_QQLIR33891,,TST Respose 8,my favorite subject is math,0.1521067,Clara,14,positive,
stu_OFWAG94272,cls_USLPT75423,sch_QQLIR33891,YES,TST Respose 12,I'm 6ft,0.152221321,Clara,35,neutral,
stu_XXEBH66449,cls_GIJEF48865,sch_KACVP55227,,TST Respose 16,I am a student,0.152367897,Clara,14,neutral,
stu_XKMAG80800,cls_TNHXN45809,sch_RSWHG50450,YES,TST Respose 3,An 11 year old child,0.152525233,Clara,22,child,
stu_XKMAG80800,cls_TNHXN45809,sch_RSWHG50450,YES,TST Respose 3,An 11 year old child,0.152525233,Clara,4,11,
stu_CDGKD03653,cls_JYBSH30995,sch_QQLIR33891,,TST Respose 14,i love my nike tech,0.152529422,Clara,30,positive,
stu_CDGKD03653,cls_JYBSH30995,sch_QQLIR33891,,TST Respose 14,i love my nike tech,0.152529422,Clara,24,positive,
stu_OQLOS45541,cls_USLPT75423,sch_QQLIR33891,YES,TST Respose 7,I'm great with kids.,0.15304427,Clara,44,positive,
stu_ABSGH36082,cls_JYBSH30995,sch_QQLIR33891,,TST Respose 16,My favorite soccer player is messi,0.153205731,Clara,24,positive,
stu_SAOLH99639,cls_FXSNE83092,sch_QQLIR33891,,TST Respose 9,a male,0.153303054,Clara,1,male,
stu_NWRRC44615,cls_JYBSH30995,sch_QQLIR33891,,TST Respose 17,i like games,0.153349063,Clara,31,positive,
stu_NWRRC44615,cls_JYBSH30995,sch_QQLIR33891,,TST Respose 17,i like games,0.153349063,Clara,24,positive,
stu_MMZHT88458,cls_QZQQW97177,sch_KACVP55227,,TST Respose 11,i love being comfy,0.153597044,Clara,24,positive,
stu_DJCZE13885,cls_FBBRP25979,sch_QQLIR33891,,TST Respose 19,I dislike rude people.,0.153600684,Clara,44,negative,
stu_DJCZE13885,cls_FBBRP25979,sch_QQLIR33891,,TST Respose 19,I dislike rude people.,0.153600684,Clara,24,negative,
stu_CLLRZ76280,cls_MAEBK64434,sch_QQLIR33891,,TST Respose 5,My favorite subject is P.E,0.153817096,Clara,14,positive,
stu_EXNUN73314,cls_CIIPB03795,sch_RSWHG50450,YES,TST Respose 3,I am short,0.15403129,Clara,35,neutral,
stu_FBOFA96484,cls_MAEBK64434,sch_QQLIR33891,,TST Respose 5,i am a great person,0.154073944,Clara,40,positive,
stu_CNIXS57234,cls_ERQJB18593,sch_QQLIR33891,,TST Respose 8,I video games,0.154520149,Clara,28,neutral,
stu_TRKWP48352,cls_MAEBK64434,sch_QQLIR33891,,TST Respose 20,I like wendy's,0.154725392,Clara,24,positive,
stu_UYFTQ45542,cls_USLPT75423,sch_QQLIR33891,YES,TST Respose 18,I am a person who shows respect,0.154807449,Clara,40,positive,
stu_IZQGI75719,cls_JYBSH30995,sch_QQLIR33891,,TST Respose 17,i like school,0.155584586,Clara,24,positive,
stu_IZQGI75719,cls_JYBSH30995,sch_QQLIR33891,,TST Respose 17,i like school,0.155584586,Clara,14,positive,
stu_ROXAU39801,cls_CIIPB03795,sch_RSWHG50450,YES,TST Respose 19,I am 12,0.155880442,Clara,4,12,
stu_JVLXZ63894,cls_CIIPB03795,sch_RSWHG50450,YES,TST Respose 20,classmate,0.156039975,Clara,14,neutral,
stu_YXJEP22115,cls_USLPT75423,sch_QQLIR33891,YES,TST Respose 9,I am confident,0.156659833,Clara,45,positive,
stu_YXJEP22115,cls_USLPT75423,sch_QQLIR33891,YES,TST Respose 9,I am confident,0.156659833,Clara,43,positive,
stu_WEADW20158,cls_JYBSH30995,sch_QQLIR33891,,TST Respose 11,i like playing with my little brother,0.15669096,Clara,31,positive,
stu_WEADW20158,cls_JYBSH30995,sch_QQLIR33891,,TST Respose 11,i like playing with my little brother,0.15669096,Clara,12,positive,
stu_WEADW20158,cls_JYBSH30995,sch_QQLIR33891,,TST Respose 11,i like playing with my little brother,0.15669096,Clara,24,positive,
stu_KFYJM61476,cls_SYHWK05211,sch_KACVP55227,YES,TST Respose 8,My favorite ice cream is cotton candy.,0.156719654,Clara,24,positive,
stu_TDURA35752,cls_USLPT75423,sch_QQLIR33891,YES,TST Respose 10,I am funny,0.156979018,Clara,46,positive,
stu_PYEUW09959,cls_HEZZN95002,sch_QQLIR33891,,TST Respose 18,I like to push myself,0.157053653,Clara,41,positive,
stu_FWPPR22255,cls_YFPVJ06178,sch_KACVP55227,YES,TST Respose 1,I am a good students,0.157144588,Clara,14,positive,
stu_UEVQJ25414,cls_USLPT75423,sch_QQLIR33891,YES,TST Respose 19,im nonchalent,0.157228523,Clara,44,neutral,
stu_CJHBB29429,cls_MAEBK64434,sch_QQLIR33891,,TST Respose 10,My favorite color is blue,0.157269261,Clara,24,positive,
stu_OCRTY88035,cls_MAEBK64434,sch_QQLIR33891,,TST Respose 9,I am someone how loves apples.,0.157947164,Clara,24,positive,
stu_VSSOO37726,cls_HEBLM24075,sch_KACVP55227,YES,TST Respose 15,I like yelling,0.158107035,Clara,31,positive,
stu_VSSOO37726,cls_HEBLM24075,sch_KACVP55227,YES,TST Respose 15,I like yelling,0.158107035,Clara,24,positive,
stu_AHWRN95528,cls_MAEBK64434,sch_QQLIR33891,,TST Respose 13,I am someone who wants to speak Spanish and chinsese,0.158355861,Clara,25,neutral,
stu_CQRFU18177,cls_JYBSH30995,sch_QQLIR33891,,TST Respose 12,I don't like waking up early,0.158418739,Clara,31,negative,
stu_CQRFU18177,cls_JYBSH30995,sch_QQLIR33891,,TST Respose 12,I don't like waking up early,0.158418739,Clara,24,negative,
stu_EJIML93711,cls_AJBUO63250,sch_KACVP55227,,TST Respose 10,I don't like division,0.159189352,Clara,25,negative,
stu_EJIML93711,cls_AJBUO63250,sch_KACVP55227,,TST Respose 10,I don't like division,0.159189352,Clara,24,negative,
stu_HBPKA70291,cls_CIIPB03795,sch_RSWHG50450,YES,TST Respose 7,i have braids,0.15920401,Clara,35,neutral,
stu_EUWJA76858,cls_HJQZF25095,sch_KACVP55227,YES,TST Respose 6,I like school.,0.159539721,Clara,24,positive,
stu_EUWJA76858,cls_HJQZF25095,sch_KACVP55227,YES,TST Respose 6,I like school.,0.159539721,Clara,14,positive,
stu_SQLXP95993,cls_MFUGV02425,sch_QQLIR33891,,TST Respose 19,My favorite teachers of all time is my 5th grade 4th and 3rd,0.159600684,Clara,24,positive,
stu_SQLXP95993,cls_MFUGV02425,sch_QQLIR33891,,TST Respose 19,My favorite teachers of all time is my 5th grade 4th and 3rd,0.159600684,Clara,14,positive,
stu_VUNQZ79892,cls_CIIPB03795,sch_RSWHG50450,YES,TST Respose 1,[FIRST LAST NAME],0.160380999,Clara,5,none,
stu_IGLSS89625,cls_VFZRA31361,sch_KACVP55227,YES,TST Respose 19,cfrvgbthyju,0.16075769,Clara,48,none,
stu_YSQPA55709,cls_OUMSN73782,sch_QQLIR33891,,TST Respose 12,im german,0.160982346,Clara,7,german,
stu_CWQDV67579,cls_CIIPB03795,sch_RSWHG50450,YES,TST Respose 13,i like shoes,0.161589775,Clara,30,positive,
stu_CWQDV67579,cls_CIIPB03795,sch_RSWHG50450,YES,TST Respose 13,i like shoes,0.161589775,Clara,24,positive,
stu_SELBD60428,cls_AJBUO63250,sch_KACVP55227,,TST Respose 7,[FIRST LAST NAME],0.162122782,Clara,5,none,
stu_WYTLH51489,cls_AJBUO63250,sch_KACVP55227,YES,TST Respose 12,I like cleaning,0.162132091,Clara,31,positive,
stu_WYTLH51489,cls_AJBUO63250,sch_KACVP55227,YES,TST Respose 12,I like cleaning,0.162132091,Clara,24,positive,
stu_GCHCS91000,cls_SLKYU63739,sch_QQLIR33891,YES,TST Respose 5,I am a math learner,0.162147987,Clara,25,neutral,
stu_EHLZF06092,cls_MCLLA54915,sch_KACVP55227,YES,TST Respose 7,I am a person who loves food.,0.162697781,Clara,24,positive,
stu_IIOVZ06372,cls_HJQZF25095,sch_KACVP55227,YES,TST Respose 11,I like traveling,0.162789166,Clara,31,positive,
stu_IIOVZ06372,cls_HJQZF25095,sch_KACVP55227,YES,TST Respose 11,I like traveling,0.162789166,Clara,24,positive,
stu_ANAWT41929,cls_CIIPB03795,sch_RSWHG50450,YES,TST Respose 11,I have 2 sister and 1 brother,0.1632665,Clara,12,neutral,
stu_DUOEM76163,cls_FXSNE83092,sch_QQLIR33891,,TST Respose 8,i have 2 brothers,0.163403632,Clara,12,neutral,
stu_ZQMQQ26810,cls_HEBLM24075,sch_KACVP55227,,TST Respose 4,i dislike homework,0.163466733,Clara,14,negative,
stu_EUWJA76858,cls_HJQZF25095,sch_KACVP55227,YES,TST Respose 2,I am a Student.,0.163508294,Clara,14,neutral,
stu_MKGYA55892,cls_MMBNN48363,sch_QQLIR33891,,TST Respose 12,who used to live in ecuaodor,0.164098766,Clara,7,lived in ecuador,flag for later
stu_MZIVN56293,cls_HEZZN95002,sch_QQLIR33891,,TST Respose 10,i am a peroson,0.164454413,Clara,21,none,
stu_TFTDG28078,cls_IZNZG32572,sch_KACVP55227,YES,TST Respose 16,cook (practically Gordan Ramsey),0.164528453,Clara,31,positive,
stu_SQLXP95993,cls_MFUGV02425,sch_QQLIR33891,,TST Respose 9,My favorite is social studies,0.164683179,Clara,14,positive,
stu_EQSJM78476,cls_FBBRP25979,sch_QQLIR33891,,TST Respose 5,i am in honors ela,0.165167358,Clara,14,positive,
stu_FBOFA96484,cls_MAEBK64434,sch_QQLIR33891,,TST Respose 1,I am a brother,0.165415384,Clara,12,neutral,
stu_FBOFA96484,cls_MAEBK64434,sch_QQLIR33891,,TST Respose 1,I am a brother,0.165415384,Clara,2,boy,
stu_OFWAG94272,cls_USLPT75423,sch_QQLIR33891,YES,TST Respose 13,I play soccer,0.16566087,Clara,29,neutral,
stu_RFRYE74718,cls_OUMSN73782,sch_QQLIR33891,YES,TST Respose 13,I am a leader,0.166317772,Clara,46,positive,
stu_RFRYE74718,cls_OUMSN73782,sch_QQLIR33891,YES,TST Respose 13,I am a leader,0.166317772,Clara,43,positive,
stu_QQMSX84242,cls_TNHXN45809,sch_RSWHG50450,YES,TST Respose 6,a student,0.166338168,Clara,14,neutral,
stu_WWNBY52737,cls_OUMSN73782,sch_QQLIR33891,YES,TST Respose 8,"I am 5'1"".",0.166819282,Clara,35,neutral,
stu_VSSOO37726,cls_HEBLM24075,sch_KACVP55227,YES,TST Respose 16,I like my group in english,0.167247146,Clara,24,positive,
stu_VSSOO37726,cls_HEBLM24075,sch_KACVP55227,YES,TST Respose 16,I like my group in english,0.167247146,Clara,14,positive,
stu_DZJHT48666,cls_FXSNE83092,sch_QQLIR33891,,TST Respose 1,A girl,0.167434869,Clara,2,girl,
stu_KCRZD23226,cls_JDASF17902,sch_KACVP55227,,TST Respose 4,I speak french,0.167747174,Clara,25,neutral,
stu_KCRZD23226,cls_JDASF17902,sch_KACVP55227,,TST Respose 4,I speak french,0.167747174,Clara,22,frenchspeaker,
stu_DUOEM76163,cls_FXSNE83092,sch_QQLIR33891,,TST Respose 7,My favorite number is 5,0.167841335,Clara,24,positive,
stu_ZARRQ26344,cls_JYBSH30995,sch_QQLIR33891,,TST Respose 19,im more of a pedro pascal fan,0.16792812,Clara,24,positive,
stu_MZIVN56293,cls_HEZZN95002,sch_QQLIR33891,,TST Respose 15,im in a jazz band,0.167966434,Clara,26,neutral,
stu_SIWRL23181,cls_MMBNN48363,sch_QQLIR33891,,TST Respose 3,i am kind,0.168276028,Clara,44,positive,
stu_PXDPN73068,cls_FBBRP25979,sch_QQLIR33891,,TST Respose 7,I'm Hatian,0.16845458,Clara,7,haitian,
stu_XXEBH66449,cls_GIJEF48865,sch_KACVP55227,,TST Respose 4,I am a person who likes to sleep,0.16892021,Clara,31,positive,
stu_XXEBH66449,cls_GIJEF48865,sch_KACVP55227,,TST Respose 4,I am a person who likes to sleep,0.16892021,Clara,24,positive,
stu_FPTDO32773,cls_TNHXN45809,sch_RSWHG50450,YES,TST Respose 12,a cousin,0.169196217,Clara,12,neutral,
stu_UAFAK64772,cls_AJBUO63250,sch_KACVP55227,YES,TST Respose 6,dancer,0.169351395,Clara,26,neutral,
stu_EXNUN73314,cls_CIIPB03795,sch_RSWHG50450,YES,TST Respose 6,I am a math lover,0.169664073,Clara,25,positive,
stu_EXNUN73314,cls_CIIPB03795,sch_RSWHG50450,YES,TST Respose 6,I am a math lover,0.169664073,Clara,24,positive,
stu_VENGZ10475,cls_HEZZN95002,sch_QQLIR33891,,TST Respose 3,A smart teen,0.169821952,Clara,43,positive,
stu_VENGZ10475,cls_HEZZN95002,sch_QQLIR33891,,TST Respose 3,A smart teen,0.169821952,Clara,4,teen,
stu_VENGZ10475,cls_HEZZN95002,sch_QQLIR33891,,TST Respose 3,A smart teen,0.169821952,Clara,22,teen,
stu_VENGZ10475,cls_HEZZN95002,sch_QQLIR33891,,TST Respose 3,A smart teen,0.169821952,Clara,25,positive,
stu_TRKWP48352,cls_MAEBK64434,sch_QQLIR33891,,TST Respose 9,I am a person who like to play basketball,0.169982418,Clara,29,positive,
stu_TRKWP48352,cls_MAEBK64434,sch_QQLIR33891,,TST Respose 9,I am a person who like to play basketball,0.169982418,Clara,24,positive,
stu_CPAQO78519,cls_MAEBK64434,sch_QQLIR33891,,TST Respose 14,I am someone who likes to meet new people,0.170878281,Clara,44,positive,
stu_CPAQO78519,cls_MAEBK64434,sch_QQLIR33891,,TST Respose 14,I am someone who likes to meet new people,0.170878281,Clara,24,positive,
stu_CHVFQ54169,cls_JYBSH30995,sch_QQLIR33891,,TST Respose 4,I Have to sister.,0.170991088,Clara,12,neutral,
stu_WAFQN21754,cls_TNHXN45809,sch_RSWHG50450,YES,TST Respose 9,I am awesome,0.171081982,Clara,43,positive,
stu_SBUBU63586,cls_OUKFK08724,sch_RSWHG50450,YES,TST Respose 2,i am i kid,0.171269685,Clara,22,child,
stu_SBUBU63586,cls_OUKFK08724,sch_RSWHG50450,YES,TST Respose 2,i am i kid,0.171269685,Clara,4,child,
stu_PUNZK45438,cls_SLKYU63739,sch_QQLIR33891,YES,TST Respose 14,i am a son,0.171335272,Clara,12,neutral,
stu_PUNZK45438,cls_SLKYU63739,sch_QQLIR33891,YES,TST Respose 14,i am a son,0.171335272,Clara,2,boy,
stu_PYEUW09959,cls_HEZZN95002,sch_QQLIR33891,,TST Respose 19,Im an 8th grader,0.171342629,Clara,22,8thgrade,
stu_PYEUW09959,cls_HEZZN95002,sch_QQLIR33891,,TST Respose 19,Im an 8th grader,0.171342629,Clara,4,8thgrade,
stu_PYEUW09959,cls_HEZZN95002,sch_QQLIR33891,,TST Respose 19,Im an 8th grader,0.171342629,Clara,14,neutral,
stu_OFWAG94272,cls_USLPT75423,sch_QQLIR33891,YES,TST Respose 15,I'm very tired,0.171376572,Clara,47,negative,
stu_LKAAV41369,cls_FBBRP25979,sch_QQLIR33891,,TST Respose 11,I like going outside,0.171520849,Clara,31,positive,
stu_LKAAV41369,cls_FBBRP25979,sch_QQLIR33891,,TST Respose 11,I like going outside,0.171520849,Clara,24,positive,
stu_IIOVZ06372,cls_HJQZF25095,sch_KACVP55227,YES,TST Respose 10,I like christmas,0.171541839,Clara,24,positive,
stu_KFYJM61476,cls_SYHWK05211,sch_KACVP55227,YES,TST Respose 13,I like to go outside.,0.172216613,Clara,31,positive,
stu_KFYJM61476,cls_SYHWK05211,sch_KACVP55227,YES,TST Respose 13,I like to go outside.,0.172216613,Clara,24,positive,
stu_PJCOJ15115,cls_HEZZN95002,sch_QQLIR33891,,TST Respose 17,I am athletic,0.172392038,Clara,29,neutral,
stu_QQMSX84242,cls_TNHXN45809,sch_RSWHG50450,YES,TST Respose 19,a class clown,0.172403569,Clara,44,neutral,
stu_QQMSX84242,cls_TNHXN45809,sch_RSWHG50450,YES,TST Respose 19,a class clown,0.172403569,Clara,22,classclown,
stu_QPHPK12517,cls_HEZZN95002,sch_QQLIR33891,,TST Respose 6,im an basketball player,0.172519281,Clara,29,neutral,
stu_JVLXZ63894,cls_CIIPB03795,sch_RSWHG50450,YES,TST Respose 10,[TEACHER] student,0.172598267,Clara,14,neutral,
stu_TSQUQ54202,cls_USLPT75423,sch_QQLIR33891,YES,TST Respose 4,I try my best.,0.172732018,Clara,41,positive,
stu_LJAAE92948,cls_ERQJB18593,sch_QQLIR33891,YES,TST Respose 14,I like music,0.17313409,Clara,24,positive,
stu_WPVZY01902,cls_YLGBO89611,sch_KACVP55227,,TST Respose 5,i like hoodies,0.173183823,Clara,30,positive,
stu_WPVZY01902,cls_YLGBO89611,sch_KACVP55227,,TST Respose 5,i like hoodies,0.173183823,Clara,24,positive,
stu_NZWIU92234,cls_JYBSH30995,sch_QQLIR33891,,TST Respose 11,My mom taught me how to cook.,0.173313093,Clara,31,nuetral,
stu_NZWIU92234,cls_JYBSH30995,sch_QQLIR33891,,TST Respose 11,My mom taught me how to cook.,0.173313093,Clara,12,neutral,
stu_CDGKD03653,cls_JYBSH30995,sch_QQLIR33891,,TST Respose 11,i like a girl in this school,0.173416326,Clara,14,positive,
stu_CDGKD03653,cls_JYBSH30995,sch_QQLIR33891,,TST Respose 11,i like a girl in this school,0.173416326,Clara,11,likesagirl,
stu_NZWIU92234,cls_JYBSH30995,sch_QQLIR33891,,TST Respose 1,i am female,0.173477703,Clara,1,female,
stu_TDURA35752,cls_USLPT75423,sch_QQLIR33891,YES,TST Respose 16,I like spicy food,0.173902198,Clara,24,positive,
stu_YNVPH88845,cls_MMBNN48363,sch_QQLIR33891,,TST Respose 10,I love the show the Rookie,0.174198055,Clara,24,positive,
stu_WHBZD81732,cls_AVBRA70624,sch_KACVP55227,YES,TST Respose 10,yes,0.174280651,Clara,48,none,
stu_HMQRZ27503,cls_YFPVJ06178,sch_KACVP55227,YES,TST Respose 13,I learned my five one,0.174330081,Clara,48,neutral,
stu_NXWSI70882,cls_MCLLA54915,sch_KACVP55227,YES,TST Respose 8,A person who gets addicted to fun side activities in a learning game.,0.175313077,Clara,45,nuetral,
stu_NXWSI70882,cls_MCLLA54915,sch_KACVP55227,YES,TST Respose 8,A person who gets addicted to fun side activities in a learning game.,0.175313077,Clara,25,neutral,
stu_CWQDV67579,cls_CIIPB03795,sch_RSWHG50450,YES,TST Respose 17,I like roblox,0.175595595,Clara,27,positive,
stu_CWQDV67579,cls_CIIPB03795,sch_RSWHG50450,YES,TST Respose 17,I like roblox,0.175595595,Clara,24,positive,
stu_KWMWG76590,cls_CXLDP17094,sch_KACVP55227,YES,TST Respose 11,i like watching  movies,0.176828796,Clara,31,positive,
stu_KWMWG76590,cls_CXLDP17094,sch_KACVP55227,YES,TST Respose 11,i like watching  movies,0.176828796,Clara,24,positive,
stu_EHLZF06092,cls_MCLLA54915,sch_KACVP55227,YES,TST Respose 2,I am a bundle joy,0.176939949,Clara,45,positive,
stu_VNSDU81090,cls_JYBSH30995,sch_QQLIR33891,,TST Respose 15,i have 1 brother,0.177386709,Clara,12,neutral,
stu_QQAHK93946,cls_FXSNE83092,sch_QQLIR33891,,TST Respose 16,I want to travel to Japan when I am older,0.177835399,Clara,33,none,flag for later
stu_IDHIE84911,cls_YFPVJ06178,sch_KACVP55227,YES,TST Respose 18,and ilove haiti foude,0.17788914,Clara,24,positive,flag for later
stu_JERPG96865,cls_IZNZG32572,sch_KACVP55227,YES,TST Respose 7,i like small games you can just take a break on,0.178064779,Clara,31,positive,
stu_JERPG96865,cls_IZNZG32572,sch_KACVP55227,YES,TST Respose 7,i like small games you can just take a break on,0.178064779,Clara,24,positive,
stu_MYCLF44200,cls_UZFMO35109,sch_QQLIR33891,,TST Respose 9,I like coryxkenshin.,0.178160061,Clara,27,positive,
stu_MYCLF44200,cls_UZFMO35109,sch_QQLIR33891,,TST Respose 9,I like coryxkenshin.,0.178160061,Clara,24,positive,
stu_WRQAA62017,cls_GIJEF48865,sch_KACVP55227,,TST Respose 11,I am friendly,0.178186723,Clara,44,positive,
stu_JVLXZ63894,cls_CIIPB03795,sch_RSWHG50450,YES,TST Respose 19,student,0.178277794,Clara,14,neutral,
stu_QQAHK93946,cls_FXSNE83092,sch_QQLIR33891,,TST Respose 15,I love my family,0.178324771,Clara,24,positive,
stu_QQAHK93946,cls_FXSNE83092,sch_QQLIR33891,,TST Respose 15,I love my family,0.178324771,Clara,12,positive,
stu_EJIML93711,cls_AJBUO63250,sch_KACVP55227,,TST Respose 12,I like roblox,0.178421363,Clara,27,positive,
stu_EJIML93711,cls_AJBUO63250,sch_KACVP55227,,TST Respose 12,I like roblox,0.178421363,Clara,24,positive,
stu_BCRYB29652,cls_OUMSN73782,sch_QQLIR33891,YES,TST Respose 19,I like shorts,0.178661036,Clara,30,positive,
stu_BCRYB29652,cls_OUMSN73782,sch_QQLIR33891,YES,TST Respose 19,I like shorts,0.178661036,Clara,24,positive,
stu_LKAAV41369,cls_FBBRP25979,sch_QQLIR33891,,TST Respose 14,i like music,0.179131302,Clara,24,positive,
stu_CPBCK00658,cls_SIVDJ49041,sch_KACVP55227,,TST Respose 17,I like light skin people,0.17970709,Clara,24,positive,
stu_NJZBY59884,cls_MAEBK64434,sch_QQLIR33891,,TST Respose 10,i like hanging out wit family and friends,0.179717013,Clara,31,positive,
stu_NJZBY59884,cls_MAEBK64434,sch_QQLIR33891,,TST Respose 10,i like hanging out wit family and friends,0.179717013,Clara,10,positive,
stu_NJZBY59884,cls_MAEBK64434,sch_QQLIR33891,,TST Respose 10,i like hanging out wit family and friends,0.179717013,Clara,12,positive,
stu_NJZBY59884,cls_MAEBK64434,sch_QQLIR33891,,TST Respose 10,i like hanging out wit family and friends,0.179717013,Clara,24,positive,
stu_CAGAM03126,cls_HOJKW39162,sch_KACVP55227,YES,TST Respose 2,I am a person who loves to read.,0.17990837,Clara,25,positive,
stu_CAGAM03126,cls_HOJKW39162,sch_KACVP55227,YES,TST Respose 2,I am a person who loves to read.,0.17990837,Clara,24,positive,
stu_VGJIS59600,cls_DLRQP13887,sch_QQLIR33891,,TST Respose 15,I like Marigold and roses,0.179934256,Clara,24,positive,
stu_CNIFN64507,cls_OUMSN73782,sch_QQLIR33891,YES,TST Respose 14,im britsh,0.179973911,Clara,7,british,
stu_XKMAG80800,cls_TNHXN45809,sch_RSWHG50450,YES,TST Respose 2,Artist,0.179986238,Clara,26,neutral,
stu_UYFTQ45542,cls_USLPT75423,sch_QQLIR33891,YES,TST Respose 6,I am a potential body builder,0.180084773,Clara,29,neutral,
stu_OIYXZ27717,cls_MAEBK64434,sch_QQLIR33891,,TST Respose 6,I am someone who likes ice cream,0.180423088,Clara,24,positive,
stu_FHADA27602,cls_OUMSN73782,sch_QQLIR33891,YES,TST Respose 15,i am cape verdan.,0.180668552,Clara,7,cape verdean,
stu_PJCOJ15115,cls_HEZZN95002,sch_QQLIR33891,,TST Respose 8,I am the oldest sibling,0.180730346,Clara,12,neutral,
stu_PYEUW09959,cls_HEZZN95002,sch_QQLIR33891,,TST Respose 9,my favorite food is crab rangoon,0.182063237,Clara,24,positive,
stu_VUNQZ79892,cls_CIIPB03795,sch_RSWHG50450,YES,TST Respose 4,im a catlover,0.182074675,Clara,24,positive,
stu_YBWGX96937,cls_MAEBK64434,sch_QQLIR33891,,TST Respose 6,i not like SCIENCE,0.182109514,Clara,25,negative,
stu_YBWGX96937,cls_MAEBK64434,sch_QQLIR33891,,TST Respose 6,i not like SCIENCE,0.182109514,Clara,24,negative,
stu_JVLXZ63894,cls_CIIPB03795,sch_RSWHG50450,YES,TST Respose 9,[TEACHER] student,0.182785763,Clara,14,neutral,
stu_JUQPD47363,cls_HOJKW39162,sch_KACVP55227,YES,TST Respose 3,I am a finalist in eventing on horses.,0.182825507,Clara,29,positive,
stu_CPAQO78519,cls_MAEBK64434,sch_QQLIR33891,,TST Respose 17,I am someone who is kind,0.182919128,Clara,44,positive,
stu_FVHVM49769,cls_SLKYU63739,sch_QQLIR33891,YES,TST Respose 1,Im a brother,0.18310103,Clara,12,neutral,
stu_FVHVM49769,cls_SLKYU63739,sch_QQLIR33891,YES,TST Respose 1,Im a brother,0.18310103,Clara,2,boy,
stu_XXEBH66449,cls_GIJEF48865,sch_KACVP55227,,TST Respose 8,I am a student,0.183216979,Clara,14,neutral,
stu_KCDEU07486,cls_JWHPH41004,sch_QQLIR33891,YES,TST Respose 4,I love track,0.183302478,Clara,29,positive,
stu_KCDEU07486,cls_JWHPH41004,sch_QQLIR33891,YES,TST Respose 4,I love track,0.183302478,Clara,24,positive,
stu_WPVZY01902,cls_YLGBO89611,sch_KACVP55227,,TST Respose 12,I like walk cat,0.183371504,Clara,31,positive,
stu_WPVZY01902,cls_YLGBO89611,sch_KACVP55227,,TST Respose 12,I like walk cat,0.183371504,Clara,24,positive,
stu_JVLXZ63894,cls_CIIPB03795,sch_RSWHG50450,YES,TST Respose 3,science student,0.183576863,Clara,14,neutral,
stu_MZIVN56293,cls_HEZZN95002,sch_QQLIR33891,,TST Respose 20,i am light skin,0.183783175,Clara,6,light skin,
stu_CINVJ49388,cls_HEZZN95002,sch_QQLIR33891,,TST Respose 9,tom clancy rainbow six siege player,0.184054867,Clara,28,neutral,
stu_CLLRZ76280,cls_MAEBK64434,sch_QQLIR33891,,TST Respose 16,My favorite food is corn,0.184343713,Clara,24,positive,
stu_FNVBP19615,cls_DLRQP13887,sch_QQLIR33891,,TST Respose 18,I like to party.,0.184435124,Clara,31,positive,
stu_FNVBP19615,cls_DLRQP13887,sch_QQLIR33891,,TST Respose 18,I like to party.,0.184435124,Clara,24,positive,
stu_HXXCS05602,cls_USLPT75423,sch_QQLIR33891,YES,TST Respose 17,i'm kind,0.184562525,Clara,44,positive,
stu_PXDPN73068,cls_FBBRP25979,sch_QQLIR33891,,TST Respose 10,I practice basketball,0.184862189,Clara,29,neutral,
stu_FBWGP41232,cls_JYBSH30995,sch_QQLIR33891,,TST Respose 4,l' m a student at [SCHOOL NAME],0.184910944,Clara,14,neutral,
stu_RUBQU39803,cls_OUMSN73782,sch_QQLIR33891,,TST Respose 1,I am an 11 year old girl,0.18534467,Clara,4,11,
stu_RUBQU39803,cls_OUMSN73782,sch_QQLIR33891,,TST Respose 1,I am an 11 year old girl,0.18534467,Clara,2,girl,
stu_WHBZD81732,cls_AVBRA70624,sch_KACVP55227,YES,TST Respose 18,yes i like gym,0.185819645,Clara,24,positive,
stu_WHBZD81732,cls_AVBRA70624,sch_KACVP55227,YES,TST Respose 18,yes i like gym,0.185819645,Clara,14,positive,
stu_ZYUDW82089,cls_OUMSN73782,sch_QQLIR33891,YES,TST Respose 12,i like chicken,0.185995411,Clara,24,positive,
stu_EQSJM78476,cls_FBBRP25979,sch_QQLIR33891,,TST Respose 20,i know how to drive,0.186030331,Clara,43,positive,
stu_EQSJM78476,cls_FBBRP25979,sch_QQLIR33891,,TST Respose 20,i know how to drive,0.186030331,Clara,31,neutral,
stu_PJCOJ15115,cls_HEZZN95002,sch_QQLIR33891,,TST Respose 5,I am loyal,0.186111468,Clara,44,positive,
stu_XSQUV53095,cls_OUMSN73782,sch_QQLIR33891,YES,TST Respose 11,I AM [FIRST NAME] A BAKER,0.186142118,Clara,31,neutral,
stu_XSQUV53095,cls_OUMSN73782,sch_QQLIR33891,YES,TST Respose 11,I AM [FIRST NAME] A BAKER,0.186142118,Clara,5,neutral,
stu_CPBCK00658,cls_SIVDJ49041,sch_KACVP55227,,TST Respose 7,I like to play,0.186202625,Clara,31,positive,
stu_CPBCK00658,cls_SIVDJ49041,sch_KACVP55227,,TST Respose 7,I like to play,0.186202625,Clara,24,positive,
stu_ROXAU39801,cls_CIIPB03795,sch_RSWHG50450,YES,TST Respose 18,I am a boy,0.186338741,Clara,2,boy,
stu_CWJCN88700,cls_DLRQP13887,sch_QQLIR33891,,TST Respose 4,I am in love with chinese food,0.186380104,Clara,24,positive,
stu_WHBZD81732,cls_AVBRA70624,sch_KACVP55227,YES,TST Respose 11,blue,0.187073188,Clara,48,neutral,
stu_LVOOZ80056,cls_OUMSN73782,sch_QQLIR33891,YES,TST Respose 15,I am a sister.,0.187277305,Clara,12,neutral,
stu_LVOOZ80056,cls_OUMSN73782,sch_QQLIR33891,YES,TST Respose 15,I am a sister.,0.187277305,Clara,2,girl,
stu_LJAAE92948,cls_ERQJB18593,sch_QQLIR33891,YES,TST Respose 4,I'm an athlete,0.187386571,Clara,29,neutral,
stu_OFWAG94272,cls_USLPT75423,sch_QQLIR33891,YES,TST Respose 14,I dislike football,0.18753191,Clara,29,negative,
stu_OFWAG94272,cls_USLPT75423,sch_QQLIR33891,YES,TST Respose 14,I dislike football,0.18753191,Clara,24,negative,
stu_CTAZU65504,cls_USLPT75423,sch_QQLIR33891,YES,TST Respose 20,I am shy,0.187801866,Clara,44,neutral,
stu_PKXZK94759,cls_JYBSH30995,sch_QQLIR33891,,TST Respose 8,I love my hair,0.188164937,Clara,35,positive,
stu_NWRRC44615,cls_JYBSH30995,sch_QQLIR33891,,TST Respose 8,my favorite color is blue and pearl white,0.188359882,Clara,24,positive,
stu_TSQUQ54202,cls_USLPT75423,sch_QQLIR33891,YES,TST Respose 20,I am who I am.,0.188584405,Clara,19,none,
stu_SQLXP95993,cls_MFUGV02425,sch_QQLIR33891,,TST Respose 2,I'm from Cabo Verde,0.189724837,Clara,7,cape verdean,
stu_FNVBP19615,cls_DLRQP13887,sch_QQLIR33891,,TST Respose 16,I dont like being a bother.,0.190079454,Clara,12,negative,
stu_RUZUK44953,cls_HOJKW39162,sch_KACVP55227,YES,TST Respose 3,I am a person who is good at math,0.190128856,Clara,25,positive,
stu_UEDQL23543,cls_USLPT75423,sch_QQLIR33891,YES,TST Respose 11,like kids,0.190944573,Clara,24,positive,
stu_NMWSA27732,cls_UZFMO35109,sch_QQLIR33891,,TST Respose 19,I'm white,0.191089968,Clara,6,white,
stu_NJZBY59884,cls_MAEBK64434,sch_QQLIR33891,,TST Respose 4,"i have black,brown hair",0.191176654,Clara,35,neutral,
stu_LKAAV41369,cls_FBBRP25979,sch_QQLIR33891,,TST Respose 6,I love water,0.191249766,Clara,24,positive,
stu_CPBCK00658,cls_SIVDJ49041,sch_KACVP55227,,TST Respose 12,I like to put gloss on my lips,0.191397273,Clara,30,positive,
stu_CPBCK00658,cls_SIVDJ49041,sch_KACVP55227,,TST Respose 12,I like to put gloss on my lips,0.191397273,Clara,24,positive,
stu_HLKZL24322,cls_MAEBK64434,sch_QQLIR33891,,TST Respose 9,a swimmer,0.191440884,Clara,29,neutral,
stu_NZWIU92234,cls_JYBSH30995,sch_QQLIR33891,,TST Respose 12,I have good grades,0.191448747,Clara,14,positive,
stu_FSPCV10901,cls_OUMSN73782,sch_QQLIR33891,YES,TST Respose 2,I am a 11 year old girl.,0.191557234,Clara,4,11,
stu_FSPCV10901,cls_OUMSN73782,sch_QQLIR33891,YES,TST Respose 2,I am a 11 year old girl.,0.191557234,Clara,2,girl,
stu_CULOH75877,cls_HEZZN95002,sch_QQLIR33891,,TST Respose 8,I am helpful,0.191679147,Clara,44,positive,
stu_FQKSK24193,cls_FBBRP25979,sch_QQLIR33891,,TST Respose 13,my favorite year was 2016 summer,0.191798417,Clara,24,positive,
stu_FTOYB42084,cls_SLKYU63739,sch_QQLIR33891,YES,TST Respose 20,im a funny person,0.192423331,Clara,46,positive,
stu_FTOYB42084,cls_SLKYU63739,sch_QQLIR33891,YES,TST Respose 20,im a funny person,0.192423331,Clara,21,none,
stu_KJOZZ30475,cls_HOJKW39162,sch_KACVP55227,YES,TST Respose 10,I speak Portuguese.,0.909063887,Frank,25,neutral,
stu_KJOZZ30475,cls_HOJKW39162,sch_KACVP55227,YES,TST Respose 10,I speak Portuguese.,0.909063887,Frank,22,speaksportuguese,
stu_IKUOQ66846,cls_USLPT75423,sch_QQLIR33891,YES,TST Respose 8,I'm straight A student,0.192809471,Clara,14,positive,
stu_QFXDD68186,cls_SYHWK05211,sch_KACVP55227,YES,TST Respose 13,I like too do my hair,0.193152068,Clara,30,positive,
stu_QFXDD68186,cls_SYHWK05211,sch_KACVP55227,YES,TST Respose 13,I like too do my hair,0.193152068,Clara,24,positive,
stu_QEGJI54214,cls_SLKYU63739,sch_QQLIR33891,YES,TST Respose 3,i am a chicken lover,0.193175232,Clara,24,positive,
stu_CNIXS57234,cls_ERQJB18593,sch_QQLIR33891,,TST Respose 11,I don't like test,0.193467287,Clara,24,negative,
stu_CNIXS57234,cls_ERQJB18593,sch_QQLIR33891,,TST Respose 11,I don't like test,0.193467287,Clara,14,negative,
stu_CDGKD03653,cls_JYBSH30995,sch_QQLIR33891,,TST Respose 15,i have a nike tech,0.194062343,Clara,32,none,
stu_AQNHF52456,cls_USLPT75423,sch_QQLIR33891,YES,TST Respose 4,business owner,0.194127549,Clara,13,neutral,
stu_UEYTM01990,cls_HOJKW39162,sch_KACVP55227,YES,TST Respose 12,I play softball,0.194788387,Clara,29,neutral,
stu_GXIYC47970,cls_SLKYU63739,sch_QQLIR33891,YES,TST Respose 6,i am ecuadorian,0.194855237,Clara,7,ecuadorian,
stu_CQRFU18177,cls_JYBSH30995,sch_QQLIR33891,,TST Respose 7,I'm a nice person,0.194871201,Clara,44,positive,
stu_CQRFU18177,cls_JYBSH30995,sch_QQLIR33891,,TST Respose 7,I'm a nice person,0.194871201,Clara,21,none,
stu_XKMAG80800,cls_TNHXN45809,sch_RSWHG50450,YES,TST Respose 18,Trump supporter.,0.194897096,Clara,15,trump supporter,
stu_FTOYB42084,cls_SLKYU63739,sch_QQLIR33891,YES,TST Respose 8,im a sports lover,0.194901398,Clara,29,positive,
stu_FTOYB42084,cls_SLKYU63739,sch_QQLIR33891,YES,TST Respose 8,im a sports lover,0.194901398,Clara,24,positive,
stu_WHBZD81732,cls_AVBRA70624,sch_KACVP55227,YES,TST Respose 1,i dont like math,0.195004291,Clara,25,negative,
stu_WHBZD81732,cls_AVBRA70624,sch_KACVP55227,YES,TST Respose 1,i dont like math,0.195004291,Clara,24,negative,
stu_OAZKI17777,cls_TNHXN45809,sch_RSWHG50450,YES,TST Respose 6,[LETTER OF NAME],0.195145225,Clara,5,none,
stu_KCDEU07486,cls_JWHPH41004,sch_QQLIR33891,YES,TST Respose 1,I am a girl,0.195402946,Clara,2,girl,
stu_HLKZL24322,cls_MAEBK64434,sch_QQLIR33891,,TST Respose 7,a soccer player,0.195428017,Clara,29,neutral,
stu_QACJQ31561,cls_JYBSH30995,sch_QQLIR33891,,TST Respose 4,i like volleyball,0.195473322,Clara,29,positive,
stu_QACJQ31561,cls_JYBSH30995,sch_QQLIR33891,,TST Respose 4,i like volleyball,0.195473322,Clara,24,positive,
stu_ZUARE93356,cls_MAEBK64434,sch_QQLIR33891,,TST Respose 5,My favorite subject in school is math,0.195692181,Clara,14,positive,
stu_QFXDD68186,cls_SYHWK05211,sch_KACVP55227,YES,TST Respose 9,I dont like math,0.196193981,Clara,25,negative,
stu_QFXDD68186,cls_SYHWK05211,sch_KACVP55227,YES,TST Respose 9,I dont like math,0.196193981,Clara,24,negative,
stu_YXJEP22115,cls_USLPT75423,sch_QQLIR33891,YES,TST Respose 18,I am short,0.196953106,Clara,35,neutral,
stu_CPAQO78519,cls_MAEBK64434,sch_QQLIR33891,,TST Respose 6,I am someone that learn quick,0.197199529,Clara,43,positive,
stu_LJAAE92948,cls_ERQJB18593,sch_QQLIR33891,YES,TST Respose 6,I play soccer,0.197349536,Clara,29,neutral,
stu_CPAQO78519,cls_MAEBK64434,sch_QQLIR33891,,TST Respose 2,I am a person who loves baby blue,0.198395296,Clara,24,positive,
stu_MMNSJ38829,cls_YLGBO89611,sch_KACVP55227,,TST Respose 20,I don't like school.,0.198593401,Clara,14,negative,
stu_ZYUDW82089,cls_OUMSN73782,sch_QQLIR33891,YES,TST Respose 19,i am a [SCHOOL NAME MASCOT],0.199199961,Clara,14,neutral,
stu_KWLPL21630,cls_SIVDJ49041,sch_KACVP55227,,TST Respose 9,I like to sleep.,0.199246891,Clara,31,positive,
stu_KWLPL21630,cls_SIVDJ49041,sch_KACVP55227,,TST Respose 9,I like to sleep.,0.199246891,Clara,24,positive,
stu_NZWIU92234,cls_JYBSH30995,sch_QQLIR33891,,TST Respose 18,I babysit my neice's,0.199371334,Clara,31,neutral,
stu_NZWIU92234,cls_JYBSH30995,sch_QQLIR33891,,TST Respose 18,I babysit my neice's,0.199371334,Clara,12,neutral,
stu_MMZHT88458,cls_QZQQW97177,sch_KACVP55227,,TST Respose 10,i love drawing,0.199532792,Clara,26,positive,
stu_MMZHT88458,cls_QZQQW97177,sch_KACVP55227,,TST Respose 10,i love drawing,0.199532792,Clara,24,positive,
stu_AQNHF52456,cls_USLPT75423,sch_QQLIR33891,YES,TST Respose 11,kind,0.199550753,Clara,44,positive,
stu_BESSB35006,cls_CIIPB03795,sch_RSWHG50450,YES,TST Respose 18,my skin color is brown,0.199929011,Clara,6,brown,
stu_CDXSC86692,cls_MAEBK64434,sch_QQLIR33891,,TST Respose 12,I am the person that likes to go to places,0.20004386,Clara,31,positive,
stu_CDXSC86692,cls_MAEBK64434,sch_QQLIR33891,,TST Respose 12,I am the person that likes to go to places,0.20004386,Clara,24,positive,
stu_IZQGI75719,cls_JYBSH30995,sch_QQLIR33891,,TST Respose 5,i like volleyball,0.200165456,Clara,29,positive,
stu_IZQGI75719,cls_JYBSH30995,sch_QQLIR33891,,TST Respose 5,i like volleyball,0.200165456,Clara,24,positive,
stu_YPZIM54297,cls_MAEBK64434,sch_QQLIR33891,,TST Respose 7,I am a independent child,0.200310983,Clara,41,positive,
stu_YPZIM54297,cls_MAEBK64434,sch_QQLIR33891,,TST Respose 7,I am a independent child,0.200310983,Clara,12,positive,
stu_EUWJA76858,cls_HJQZF25095,sch_KACVP55227,YES,TST Respose 15,I like doing my nails.,0.20051327,Clara,30,positive,
stu_EUWJA76858,cls_HJQZF25095,sch_KACVP55227,YES,TST Respose 15,I like doing my nails.,0.20051327,Clara,24,positive,
stu_QQAHK93946,cls_FXSNE83092,sch_QQLIR33891,,TST Respose 11,I have 3 sisters and 1 brother,0.200758273,Clara,12,neutral,
stu_CDGKD03653,cls_JYBSH30995,sch_QQLIR33891,,TST Respose 3,i am african,0.200771891,Clara,7,african,
stu_ROXAU39801,cls_CIIPB03795,sch_RSWHG50450,YES,TST Respose 10,I am honors academy student,0.201211902,Clara,14,positive,
stu_EHXGF51692,cls_OUMSN73782,sch_QQLIR33891,YES,TST Respose 13,I am [FIRST LAST NAME],0.201339023,Clara,5,none,
stu_BDAZF88230,cls_USLPT75423,sch_QQLIR33891,YES,TST Respose 17,I am a person who loves cooking,0.201365046,Clara,31,positive,
stu_BDAZF88230,cls_USLPT75423,sch_QQLIR33891,YES,TST Respose 17,I am a person who loves cooking,0.201365046,Clara,24,positive,
stu_YSQPA55709,cls_OUMSN73782,sch_QQLIR33891,,TST Respose 6,im a gamer,0.202085212,Clara,28,neutral,
stu_NWVEW24693,cls_AVBRA70624,sch_KACVP55227,YES,TST Respose 1,Girl,0.202223541,Clara,2,girl,
stu_IGWBR81023,cls_DLRQP13887,sch_QQLIR33891,,TST Respose 13,im going to bahams in may,0.202238143,Clara,31,neutral,
stu_CWJCN88700,cls_DLRQP13887,sch_QQLIR33891,,TST Respose 17,I am the middle child on my dad side,0.202638855,Clara,22,middlechild,
stu_CWJCN88700,cls_DLRQP13887,sch_QQLIR33891,,TST Respose 17,I am the middle child on my dad side,0.202638855,Clara,12,neutral,
stu_ZYUDW82089,cls_OUMSN73782,sch_QQLIR33891,YES,TST Respose 7,someone who needs glasses,0.203052366,Clara,35,neutral,
stu_WRQAA62017,cls_GIJEF48865,sch_KACVP55227,,TST Respose 8,Im smart,0.203167208,Clara,43,positive,
stu_WRQAA62017,cls_GIJEF48865,sch_KACVP55227,,TST Respose 8,Im smart,0.203167208,Clara,25,positive,
stu_JTZYY08754,cls_JTMRB81339,sch_KACVP55227,,TST Respose 20,"I like art, music, food, reading books, and I love an hate Math",0.203388822,Clara,31,positive,
stu_JTZYY08754,cls_JTMRB81339,sch_KACVP55227,,TST Respose 20,"I like art, music, food, reading books, and I love an hate Math",0.203388822,Clara,24,positive,
stu_JTZYY08754,cls_JTMRB81339,sch_KACVP55227,,TST Respose 20,"I like art, music, food, reading books, and I love an hate Math",0.203388822,Clara,25,positive,
stu_JTZYY08754,cls_JTMRB81339,sch_KACVP55227,,TST Respose 20,"I like art, music, food, reading books, and I love an hate Math",0.203388822,Clara,26,positive,
stu_CULOH75877,cls_HEZZN95002,sch_QQLIR33891,,TST Respose 12,I play volleyball,0.203647813,Clara,29,neutral,
stu_AHWRN95528,cls_MAEBK64434,sch_QQLIR33891,,TST Respose 8,I am someone who loves my parents,0.20378443,Clara,24,positive,
stu_AHWRN95528,cls_MAEBK64434,sch_QQLIR33891,,TST Respose 8,I am someone who loves my parents,0.20378443,Clara,12,positive,
stu_LNFOE66635,cls_AJBUO63250,sch_KACVP55227,YES,TST Respose 17,im good looking,0.203843095,Clara,35,positive,
stu_FTOYB42084,cls_SLKYU63739,sch_QQLIR33891,YES,TST Respose 13,im a clean person,0.203850642,Clara,44,positive,
stu_HBPKA70291,cls_CIIPB03795,sch_RSWHG50450,YES,TST Respose 3,funny,0.204044554,Clara,46,positive,
stu_IZQGI75719,cls_JYBSH30995,sch_QQLIR33891,,TST Respose 8,i have no pets,0.204374251,Clara,32,negative,
stu_ZUARE93356,cls_MAEBK64434,sch_QQLIR33891,,TST Respose 18,I want a pet dog,0.204697887,Clara,33,none,
stu_MXNSF14478,cls_JYBSH30995,sch_QQLIR33891,,TST Respose 10,"I have bad hearing and always say ""huh""",0.204717257,Clara,44,negative,
stu_PSHZT50501,cls_USLPT75423,sch_QQLIR33891,YES,TST Respose 15,I am a person who enjoys making art,0.205095201,Clara,26,positive,
stu_PSHZT50501,cls_USLPT75423,sch_QQLIR33891,YES,TST Respose 15,I am a person who enjoys making art,0.205095201,Clara,24,positive,
stu_WQGUY90279,cls_JYBSH30995,sch_QQLIR33891,,TST Respose 18,I'm good at math,0.205605696,Clara,25,positive,
stu_FSPCV10901,cls_OUMSN73782,sch_QQLIR33891,YES,TST Respose 5,I am in the Honors Academy.,0.205712526,Clara,14,positive,
stu_GXIYC47970,cls_SLKYU63739,sch_QQLIR33891,YES,TST Respose 4,I am someone who likes to eat chiken,0.205801911,Clara,31,positive,
stu_GXIYC47970,cls_SLKYU63739,sch_QQLIR33891,YES,TST Respose 4,I am someone who likes to eat chiken,0.205801911,Clara,24,positive,
stu_JUQPD47363,cls_HOJKW39162,sch_KACVP55227,YES,TST Respose 6,I am the oldest child.,0.206487635,Clara,22,oldestchild,
stu_JUQPD47363,cls_HOJKW39162,sch_KACVP55227,YES,TST Respose 6,I am the oldest child.,0.206487635,Clara,12,neutral,
stu_WXAMH04104,cls_FBBRP25979,sch_QQLIR33891,,TST Respose 18,my favorite subject is math,0.206536506,Clara,14,positive,
stu_UJNMI16598,cls_OUKFK08724,sch_RSWHG50450,,TST Respose 13,Tall,0.206616619,Clara,35,neutral,
stu_TSQUQ54202,cls_USLPT75423,sch_QQLIR33891,YES,TST Respose 6,I am [FIRST NAME].,0.206851425,Clara,5,none,
stu_LVOOZ80056,cls_OUMSN73782,sch_QQLIR33891,YES,TST Respose 20,I am smart.,0.207098803,Clara,43,positive,
stu_LVOOZ80056,cls_OUMSN73782,sch_QQLIR33891,YES,TST Respose 20,I am smart.,0.207098803,Clara,25,positive,
stu_ERQCY81201,cls_USLPT75423,sch_QQLIR33891,YES,TST Respose 11,I am a girl who doesnt like math but understands and somewhat good at it.,0.20717567,Clara,25,neutral,
stu_ERQCY81201,cls_USLPT75423,sch_QQLIR33891,YES,TST Respose 11,I am a girl who doesnt like math but understands and somewhat good at it.,0.20717567,Clara,2,girl,
stu_THKBG93560,cls_OUMSN73782,sch_QQLIR33891,YES,TST Respose 10,I'm one of 10 kids in my family,0.207463477,Clara,12,neutral,
stu_OMSFY97090,cls_VFZRA31361,sch_KACVP55227,YES,TST Respose 10,im a students,0.207708148,Clara,14,neutral,
stu_NRKZA72454,cls_MCLLA54915,sch_KACVP55227,YES,TST Respose 10,I am a introvert.,0.208118167,Clara,44,neutral,
stu_LDUML32113,cls_USLPT75423,sch_QQLIR33891,YES,TST Respose 14,i like basketball,0.208217274,Clara,29,positive,
stu_LDUML32113,cls_USLPT75423,sch_QQLIR33891,YES,TST Respose 14,i like basketball,0.208217274,Clara,24,positive,
stu_NKHRJ04957,cls_FBBRP25979,sch_QQLIR33891,,TST Respose 18,I almost like starawberry,0.208245323,Clara,24,positive,
stu_QFXDD68186,cls_SYHWK05211,sch_KACVP55227,YES,TST Respose 5,I'm [FIRST NAME].,0.20833063,Clara,5,none,
stu_UEDQL23543,cls_USLPT75423,sch_QQLIR33891,YES,TST Respose 3,female,0.208439959,Clara,1,female,
stu_GCHCS91000,cls_SLKYU63739,sch_QQLIR33891,YES,TST Respose 7,i am a fortnite player,0.209034988,Clara,28,neutral,
stu_HVWUJ52450,cls_FXSNE83092,sch_QQLIR33891,,TST Respose 16,i like snapchat,0.209343492,Clara,24,positive,
stu_KCRZD23226,cls_JDASF17902,sch_KACVP55227,,TST Respose 20,I from Haiti,0.209601406,Clara,7,haitian,
stu_FPTDO32773,cls_TNHXN45809,sch_RSWHG50450,YES,TST Respose 10,Black,0.209812213,Clara,6,black,
stu_CWJCN88700,cls_DLRQP13887,sch_QQLIR33891,,TST Respose 19,I am obsessed with bracelets,0.209849044,Clara,30,positive,
stu_CPVXX19825,cls_MAEBK64434,sch_QQLIR33891,,TST Respose 19,I like to go to the beach,0.209928814,Clara,31,positive,
stu_CPVXX19825,cls_MAEBK64434,sch_QQLIR33891,,TST Respose 19,I like to go to the beach,0.209928814,Clara,24,positive,
stu_MKGYA55892,cls_MMBNN48363,sch_QQLIR33891,,TST Respose 7,music,0.210149162,Clara,48,none,
stu_KCDEU07486,cls_JWHPH41004,sch_QQLIR33891,YES,TST Respose 10,I am a sibling,0.21030816,Clara,12,neutral,
stu_FUILC09238,cls_HEBLM24075,sch_KACVP55227,,TST Respose 7,i play sports,0.210408692,Clara,29,neutral,
stu_UTXBZ05806,cls_MAEBK64434,sch_QQLIR33891,,TST Respose 10,i am someone who likes cars,0.211053583,Clara,24,positive,
stu_FPTDO32773,cls_TNHXN45809,sch_RSWHG50450,YES,TST Respose 2,Sister,0.211260967,Clara,12,neutral,
stu_FPTDO32773,cls_TNHXN45809,sch_RSWHG50450,YES,TST Respose 2,Sister,0.211260967,Clara,2,girl,
stu_ANQAT24428,cls_MAEBK64434,sch_QQLIR33891,,TST Respose 19,i like to go to the park,0.211374426,Clara,31,positive,
stu_ANQAT24428,cls_MAEBK64434,sch_QQLIR33891,,TST Respose 19,i like to go to the park,0.211374426,Clara,24,positive,
stu_FPTDO32773,cls_TNHXN45809,sch_RSWHG50450,YES,TST Respose 1,Daughter,0.211806603,Clara,12,neutral,
stu_FPTDO32773,cls_TNHXN45809,sch_RSWHG50450,YES,TST Respose 1,Daughter,0.211806603,Clara,2,girl,
stu_ABSGH36082,cls_JYBSH30995,sch_QQLIR33891,,TST Respose 11,My favorite color is red,0.211820843,Clara,24,positive,
stu_XHGVP79664,cls_HEZZN95002,sch_QQLIR33891,,TST Respose 1,A girl,0.212288638,Clara,2,girl,
stu_FPTDO32773,cls_TNHXN45809,sch_RSWHG50450,YES,TST Respose 8,Trinidadian,0.212293977,Clara,7,trinidadian,
stu_LDUML32113,cls_USLPT75423,sch_QQLIR33891,YES,TST Respose 10,i play dark souls games (a lot),0.212299268,Clara,28,neutral,
stu_ANAWT41929,cls_CIIPB03795,sch_RSWHG50450,YES,TST Respose 6,I love shoes,0.213673303,Clara,30,positive,
stu_ANAWT41929,cls_CIIPB03795,sch_RSWHG50450,YES,TST Respose 6,I love shoes,0.213673303,Clara,24,positive,
stu_CETOG17008,cls_USLPT75423,sch_QQLIR33891,YES,TST Respose 19,scholar,0.213806256,Clara,25,positive,
stu_KOUYR40301,cls_SYHWK05211,sch_KACVP55227,,TST Respose 13,I absolutely love Wingstop,0.214012492,Clara,24,positive,
stu_DZJHT48666,cls_FXSNE83092,sch_QQLIR33891,,TST Respose 18,I want more friends,0.214211693,Clara,33,neutral,
stu_DZJHT48666,cls_FXSNE83092,sch_QQLIR33891,,TST Respose 18,I want more friends,0.214211693,Clara,10,neutral,
stu_DHTXQ91573,cls_VFZRA31361,sch_KACVP55227,YES,TST Respose 8,I am a students from 6 grades,0.214364464,Clara,22,6thgrade,
stu_DHTXQ91573,cls_VFZRA31361,sch_KACVP55227,YES,TST Respose 8,I am a students from 6 grades,0.214364464,Clara,4,6thgrade,
stu_DHTXQ91573,cls_VFZRA31361,sch_KACVP55227,YES,TST Respose 8,I am a students from 6 grades,0.214364464,Clara,14,neutral,
stu_VGJIS59600,cls_DLRQP13887,sch_QQLIR33891,,TST Respose 5,I love macarons and lasagna,0.214389151,Clara,24,positive,
stu_FUILC09238,cls_HEBLM24075,sch_KACVP55227,,TST Respose 12,i don't like science,0.214482561,Clara,25,negative,
stu_FUILC09238,cls_HEBLM24075,sch_KACVP55227,,TST Respose 12,i don't like science,0.214482561,Clara,24,negative,
stu_NMWSA27732,cls_UZFMO35109,sch_QQLIR33891,,TST Respose 15,I like dogs,0.214503666,Clara,24,positive,
stu_WXAMH04104,cls_FBBRP25979,sch_QQLIR33891,,TST Respose 19,my second favorite color is blue,0.21467202,Clara,24,positive,
stu_QACJQ31561,cls_JYBSH30995,sch_QQLIR33891,,TST Respose 5,my fav animal is a cat,0.214759426,Clara,24,positive,
stu_XSQUV53095,cls_OUMSN73782,sch_QQLIR33891,YES,TST Respose 14,I AM [FIRST NAME] A MUSIC LOVER,0.214759964,Clara,26,positive,
stu_XSQUV53095,cls_OUMSN73782,sch_QQLIR33891,YES,TST Respose 14,I AM [FIRST NAME] A MUSIC LOVER,0.214759964,Clara,5,none,
stu_XSQUV53095,cls_OUMSN73782,sch_QQLIR33891,YES,TST Respose 14,I AM [FIRST NAME] A MUSIC LOVER,0.214759964,Clara,24,positive,
stu_KJOZZ30475,cls_HOJKW39162,sch_KACVP55227,YES,TST Respose 11,I'm not athletic,0.334225458,Clara,29,negative,
stu_PSHPN85751,cls_SYHWK05211,sch_KACVP55227,,TST Respose 2,i like science,0.21504872,Clara,25,positive,
stu_PSHPN85751,cls_SYHWK05211,sch_KACVP55227,,TST Respose 2,i like science,0.21504872,Clara,24,positive,
stu_CINVJ49388,cls_HEZZN95002,sch_QQLIR33891,,TST Respose 2,caring,0.215077058,Clara,45,positive,
stu_JPMJO86637,cls_YFPVJ06178,sch_KACVP55227,YES,TST Respose 8,i'm stylish,0.215556672,Clara,46,positive,
stu_THKBG93560,cls_OUMSN73782,sch_QQLIR33891,YES,TST Respose 7,I'm a Video gamer,0.215558067,Clara,28,neutral,
stu_NKHRJ04957,cls_FBBRP25979,sch_QQLIR33891,,TST Respose 15,I like chicken,0.215591676,Clara,24,positive,
stu_QFXDD68186,cls_SYHWK05211,sch_KACVP55227,YES,TST Respose 19,I like to get things,0.215847225,Clara,32,positive,
stu_QFXDD68186,cls_SYHWK05211,sch_KACVP55227,YES,TST Respose 19,I like to get things,0.215847225,Clara,24,positive,
stu_ZYUDW82089,cls_OUMSN73782,sch_QQLIR33891,YES,TST Respose 8,a Pakistani American,0.216473194,Clara,6,pakistani,
stu_QOGPO20181,cls_AVBRA70624,sch_KACVP55227,YES,TST Respose 2,l'm 12 years old,0.216933281,Clara,4,12,
stu_JPMJO86637,cls_YFPVJ06178,sch_KACVP55227,YES,TST Respose 10,i'm a tik Toker,0.217026629,Clara,27,neutral,
stu_PUNZK45438,cls_SLKYU63739,sch_QQLIR33891,YES,TST Respose 2,i play football,0.217293008,Clara,29,neutral,
stu_CPAQO78519,cls_MAEBK64434,sch_QQLIR33891,,TST Respose 7,I am someone who loves shopping,0.217417252,Clara,30,positive,
stu_CPAQO78519,cls_MAEBK64434,sch_QQLIR33891,,TST Respose 7,I am someone who loves shopping,0.217417252,Clara,24,positive,
stu_UHXBA77476,cls_FBBRP25979,sch_QQLIR33891,,TST Respose 2,I am a 6th grade student,0.217433028,Clara,22,6thgrade,
stu_UHXBA77476,cls_FBBRP25979,sch_QQLIR33891,,TST Respose 2,I am a 6th grade student,0.217433028,Clara,4,6thgrade,
stu_UHXBA77476,cls_FBBRP25979,sch_QQLIR33891,,TST Respose 2,I am a 6th grade student,0.217433028,Clara,14,neutral,
stu_PUHUL75671,cls_HEZZN95002,sch_QQLIR33891,,TST Respose 1,student,0.217802106,Clara,14,neutral,
stu_NYHDW07721,cls_CIIPB03795,sch_RSWHG50450,,TST Respose 18,Lauryn Hill fan,0.21826481,Clara,26,positive,
stu_NYHDW07721,cls_CIIPB03795,sch_RSWHG50450,,TST Respose 18,Lauryn Hill fan,0.21826481,Clara,24,positive,
stu_NRKZA72454,cls_MCLLA54915,sch_KACVP55227,YES,TST Respose 17,I love water.,0.218365832,Clara,24,positive,
stu_NXWSI70882,cls_MCLLA54915,sch_KACVP55227,YES,TST Respose 12,A [DISTRICT NAME] student,0.218687924,Clara,14,neutral,
stu_WQGUY90279,cls_JYBSH30995,sch_QQLIR33891,,TST Respose 14,I hate reading,0.218986441,Clara,25,negative,
stu_WQGUY90279,cls_JYBSH30995,sch_QQLIR33891,,TST Respose 14,I hate reading,0.218986441,Clara,24,negative,
stu_QOGPO20181,cls_AVBRA70624,sch_KACVP55227,YES,TST Respose 8,l help people with work,0.219057147,Clara,44,positive,
stu_QOGPO20181,cls_AVBRA70624,sch_KACVP55227,YES,TST Respose 8,l help people with work,0.219057147,Clara,41,positive,
stu_NWRRC44615,cls_JYBSH30995,sch_QQLIR33891,,TST Respose 7,im brazilan and cape verdean,0.219077207,Clara,7,brazilian and cape verdean,
stu_PKXZK94759,cls_JYBSH30995,sch_QQLIR33891,,TST Respose 20,I love skincare,0.219100391,Clara,30,positive,
stu_PKXZK94759,cls_JYBSH30995,sch_QQLIR33891,,TST Respose 20,I love skincare,0.219100391,Clara,24,positive,
stu_HVWUJ52450,cls_FXSNE83092,sch_QQLIR33891,,TST Respose 12,i like numbers,0.219420001,Clara,24,positive,
stu_VSSOO37726,cls_HEBLM24075,sch_KACVP55227,YES,TST Respose 6,I like all the people at my school,0.219454599,Clara,14,positive,
stu_BDAZF88230,cls_USLPT75423,sch_QQLIR33891,YES,TST Respose 13,I am a person who takes accountability for their actions,0.219527263,Clara,41,positive,
stu_VGJIS59600,cls_DLRQP13887,sch_QQLIR33891,,TST Respose 2,My first languages are french and haitian creole,0.219790037,Clara,25,neutral,flag for later
stu_VGJIS59600,cls_DLRQP13887,sch_QQLIR33891,,TST Respose 2,My first languages are french and haitian creole,0.219790037,Clara,22,multilingual,flag for later
stu_UYUIH18635,cls_FBBRP25979,sch_QQLIR33891,,TST Respose 5,I like shopping,0.219992197,Clara,30,positive,
stu_UYUIH18635,cls_FBBRP25979,sch_QQLIR33891,,TST Respose 5,I like shopping,0.219992197,Clara,24,positive,
stu_KWMWG76590,cls_CXLDP17094,sch_KACVP55227,YES,TST Respose 14,i help my mom with stuff,0.220086216,Clara,31,nuetral,
stu_KWMWG76590,cls_CXLDP17094,sch_KACVP55227,YES,TST Respose 14,i help my mom with stuff,0.220086216,Clara,12,neutral,
stu_THKBG93560,cls_OUMSN73782,sch_QQLIR33891,YES,TST Respose 1,I'm a 11-year-old male,0.220171259,Clara,4,11,
stu_THKBG93560,cls_OUMSN73782,sch_QQLIR33891,YES,TST Respose 1,I'm a 11-year-old male,0.220171259,Clara,1,male,
stu_NZWIU92234,cls_JYBSH30995,sch_QQLIR33891,,TST Respose 6,i like watching ginny&gerioga on netflix,0.220298963,Clara,31,positive,
stu_NZWIU92234,cls_JYBSH30995,sch_QQLIR33891,,TST Respose 6,i like watching ginny&gerioga on netflix,0.220298963,Clara,24,positive,
stu_NWRRN03456,cls_MCLLA54915,sch_KACVP55227,,TST Respose 14,"I speak four languages such as French, Haitian creole, English and Spanish.",0.220579315,Clara,25,neutral,
stu_NWRRN03456,cls_MCLLA54915,sch_KACVP55227,,TST Respose 14,"I speak four languages such as French, Haitian creole, English and Spanish.",0.220579315,Clara,22,multilingual,
stu_AHWRN95528,cls_MAEBK64434,sch_QQLIR33891,,TST Respose 18,I am someone who likes talking,0.220616551,Clara,44,positive,
stu_AHWRN95528,cls_MAEBK64434,sch_QQLIR33891,,TST Respose 18,I am someone who likes talking,0.220616551,Clara,24,positive,
stu_ORUUL82324,cls_FBBRP25979,sch_QQLIR33891,,TST Respose 16,I don't like exercise,0.220985884,Clara,29,negative,
stu_ORUUL82324,cls_FBBRP25979,sch_QQLIR33891,,TST Respose 16,I don't like exercise,0.220985884,Clara,24,negative,
stu_RNIHY62490,cls_OUMSN73782,sch_QQLIR33891,YES,TST Respose 20,I have 6 shoes,0.221501591,Clara,32,none,
stu_JTZYY08754,cls_JTMRB81339,sch_KACVP55227,,TST Respose 8,I hate games,0.221515744,Clara,31,negative,
stu_JTZYY08754,cls_JTMRB81339,sch_KACVP55227,,TST Respose 8,I hate games,0.221515744,Clara,24,negative,
stu_MIJEQ06664,cls_MAEBK64434,sch_QQLIR33891,,TST Respose 10,I like to eat,0.221644505,Clara,31,positive,
stu_MIJEQ06664,cls_MAEBK64434,sch_QQLIR33891,,TST Respose 10,I like to eat,0.221644505,Clara,24,positive,
stu_EUWJA76858,cls_HJQZF25095,sch_KACVP55227,YES,TST Respose 12,I like soccer.,0.221682409,Clara,29,positive,
stu_EUWJA76858,cls_HJQZF25095,sch_KACVP55227,YES,TST Respose 12,I like soccer.,0.221682409,Clara,24,positive,
stu_HMQRZ27503,cls_YFPVJ06178,sch_KACVP55227,YES,TST Respose 18,I am a sigma,0.221996208,Clara,43,positive,
stu_UJNMI16598,cls_OUKFK08724,sch_RSWHG50450,,TST Respose 17,Brothers sister,0.222394386,Clara,12,neutral,
stu_UJNMI16598,cls_OUKFK08724,sch_RSWHG50450,,TST Respose 17,Brothers sister,0.222394386,Clara,2,girl,
stu_MTCIM85775,cls_TNHXN45809,sch_RSWHG50450,,TST Respose 7,I am an honors academy student,0.2226228,Clara,14,positive,
stu_UEYTM01990,cls_HOJKW39162,sch_KACVP55227,YES,TST Respose 4,Math is my favorite,0.22273741,Clara,14,positive,
stu_RNIHY62490,cls_OUMSN73782,sch_QQLIR33891,YES,TST Respose 13,I am an honors student,0.222915757,Clara,14,positive,
stu_UEVQJ25414,cls_USLPT75423,sch_QQLIR33891,YES,TST Respose 4,a entrupreuner,0.22293524,Clara,13,neutral,
stu_NKHRJ04957,cls_FBBRP25979,sch_QQLIR33891,,TST Respose 2,Im a 6th grade student,0.222979111,Clara,22,6thgrade,
stu_NKHRJ04957,cls_FBBRP25979,sch_QQLIR33891,,TST Respose 2,Im a 6th grade student,0.222979111,Clara,4,6thgrade,
stu_NKHRJ04957,cls_FBBRP25979,sch_QQLIR33891,,TST Respose 2,Im a 6th grade student,0.222979111,Clara,14,neutral,
stu_ZQMQQ26810,cls_HEBLM24075,sch_KACVP55227,,TST Respose 3,i hate school,0.223208797,Clara,24,negative,
stu_ZQMQQ26810,cls_HEBLM24075,sch_KACVP55227,,TST Respose 3,i hate school,0.223208797,Clara,14,negative,
stu_MZIVN56293,cls_HEZZN95002,sch_QQLIR33891,,TST Respose 12,i play alto sax,0.223444463,Clara,26,neutral,
stu_CWJCN88700,cls_DLRQP13887,sch_QQLIR33891,,TST Respose 12,"I am 5,2",0.223465499,Clara,35,neutral,
stu_FPTDO32773,cls_TNHXN45809,sch_RSWHG50450,YES,TST Respose 6,6th grader,0.224014025,Clara,22,6thgrade,
stu_FPTDO32773,cls_TNHXN45809,sch_RSWHG50450,YES,TST Respose 6,6th grader,0.224014025,Clara,4,6thgrade,
stu_FPTDO32773,cls_TNHXN45809,sch_RSWHG50450,YES,TST Respose 6,6th grader,0.224014025,Clara,14,neutral,
stu_PUNZK45438,cls_SLKYU63739,sch_QQLIR33891,YES,TST Respose 3,I like basketball player,0.224174769,Clara,29,positive,
stu_PUNZK45438,cls_SLKYU63739,sch_QQLIR33891,YES,TST Respose 3,I like basketball player,0.224174769,Clara,24,positive,
stu_KGOWI06896,cls_AJBUO63250,sch_KACVP55227,,TST Respose 12,I like to play sports,0.224192271,Clara,29,positive,
stu_KGOWI06896,cls_AJBUO63250,sch_KACVP55227,,TST Respose 12,I like to play sports,0.224192271,Clara,24,positive,
stu_JOKOV89559,cls_MAEBK64434,sch_QQLIR33891,,TST Respose 4,I am someone who is a sister,0.224292371,Clara,12,neutral,
stu_JOKOV89559,cls_MAEBK64434,sch_QQLIR33891,,TST Respose 4,I am someone who is a sister,0.224292371,Clara,2,girl,
stu_ZUARE93356,cls_MAEBK64434,sch_QQLIR33891,,TST Respose 3,I like Haitian rice,0.224466891,Clara,24,positive,flag for later
stu_RSKDK68207,cls_SIVDJ49041,sch_KACVP55227,,TST Respose 11,I love to make lists about special events.,0.224651677,Clara,31,positive,
stu_RSKDK68207,cls_SIVDJ49041,sch_KACVP55227,,TST Respose 11,I love to make lists about special events.,0.224651677,Clara,24,positive,
stu_UEYTM01990,cls_HOJKW39162,sch_KACVP55227,YES,TST Respose 2,I play volleyball,0.224826266,Clara,29,neutral,
stu_UEVQJ25414,cls_USLPT75423,sch_QQLIR33891,YES,TST Respose 12,i play ball,0.224886912,Clara,29,neutral,
stu_SELBD60428,cls_AJBUO63250,sch_KACVP55227,,TST Respose 9,[FIRST LAST NAME],0.22492166,Clara,5,none,
stu_DKGHS98193,cls_FXSNE83092,sch_QQLIR33891,,TST Respose 7,im dominican and venezuelan,0.225213321,Clara,7,dominican and venezuelan,
stu_TFTDG28078,cls_IZNZG32572,sch_KACVP55227,YES,TST Respose 15,traveler,0.225343402,Clara,31,neutral,
stu_CWQDV67579,cls_CIIPB03795,sch_RSWHG50450,YES,TST Respose 7,I am good at math,0.225852305,Clara,25,positive,
stu_MXNSF14478,cls_JYBSH30995,sch_QQLIR33891,,TST Respose 8,I have good friends,0.226130535,Clara,10,positive,
stu_WDDQQ92015,cls_YLGBO89611,sch_KACVP55227,,TST Respose 14,i am a student,0.226565809,Clara,14,neutral,
stu_CPVXX19825,cls_MAEBK64434,sch_QQLIR33891,,TST Respose 2,I play football,0.226605304,Clara,29,neutral,
stu_SOWGI28002,cls_MAEBK64434,sch_QQLIR33891,,TST Respose 12,I am someone who loves to travel,0.226628007,Clara,31,positive,
stu_SOWGI28002,cls_MAEBK64434,sch_QQLIR33891,,TST Respose 12,I am someone who loves to travel,0.226628007,Clara,24,positive,
stu_CPVXX19825,cls_MAEBK64434,sch_QQLIR33891,,TST Respose 4,I am a [SCHOOL NAME] student,0.227041807,Clara,14,neutral,
stu_TDURA35752,cls_USLPT75423,sch_QQLIR33891,YES,TST Respose 5,I am a cat owner,0.227599618,Clara,32,none,
stu_SAOLH99639,cls_FXSNE83092,sch_QQLIR33891,,TST Respose 1,a little boy,0.22760358,Clara,22,child,
stu_SAOLH99639,cls_FXSNE83092,sch_QQLIR33891,,TST Respose 1,a little boy,0.22760358,Clara,2,boy,
stu_EXNUN73314,cls_CIIPB03795,sch_RSWHG50450,YES,TST Respose 19,I am scared of horror movies,0.227703351,Clara,45,negative,
stu_EHLZF06092,cls_MCLLA54915,sch_KACVP55227,YES,TST Respose 19,I love Bryson Tiller,0.228188822,Clara,24,positive,
stu_EUWJA76858,cls_HJQZF25095,sch_KACVP55227,YES,TST Respose 9,I like hanging out with my cousins.,0.228299623,Clara,31,positive,
stu_EUWJA76858,cls_HJQZF25095,sch_KACVP55227,YES,TST Respose 9,I like hanging out with my cousins.,0.228299623,Clara,12,positive,
stu_EUWJA76858,cls_HJQZF25095,sch_KACVP55227,YES,TST Respose 9,I like hanging out with my cousins.,0.228299623,Clara,24,positive,
stu_RDPGG44681,cls_ZLIZG21375,sch_RSWHG50450,,TST Respose 4,I am confident,0.228409424,Clara,45,positive,
stu_RDPGG44681,cls_ZLIZG21375,sch_RSWHG50450,,TST Respose 4,I am confident,0.228409424,Clara,43,positive,
stu_PUNZK45438,cls_SLKYU63739,sch_QQLIR33891,YES,TST Respose 17,i like to sleep,0.228419915,Clara,31,positive,
stu_PUNZK45438,cls_SLKYU63739,sch_QQLIR33891,YES,TST Respose 17,i like to sleep,0.228419915,Clara,24,positive,
stu_YPZIM54297,cls_MAEBK64434,sch_QQLIR33891,,TST Respose 1,I am someone who likes singimg,0.229069538,Clara,26,positive,
stu_YPZIM54297,cls_MAEBK64434,sch_QQLIR33891,,TST Respose 1,I am someone who likes singimg,0.229069538,Clara,24,positive,
stu_MIJEQ06664,cls_MAEBK64434,sch_QQLIR33891,,TST Respose 2,I am sweet,0.229203819,Clara,44,positive,
stu_LDUML32113,cls_USLPT75423,sch_QQLIR33891,YES,TST Respose 2,a nice person,0.22990421,Clara,44,positive,
stu_LDUML32113,cls_USLPT75423,sch_QQLIR33891,YES,TST Respose 2,a nice person,0.22990421,Clara,21,none,
stu_HLKZL24322,cls_MAEBK64434,sch_QQLIR33891,,TST Respose 12,a an amine,0.230308145,Clara,48,none,
stu_WEADW20158,cls_JYBSH30995,sch_QQLIR33891,,TST Respose 2,im 11 years old,0.230500899,Clara,4,11,
stu_UHXBA77476,cls_FBBRP25979,sch_QQLIR33891,,TST Respose 19,I like flowers,0.230631128,Clara,24,positive,
stu_FVHVM49769,cls_SLKYU63739,sch_QQLIR33891,YES,TST Respose 7,i have 2 parents,0.230707303,Clara,12,neutral,
stu_LNFOE66635,cls_AJBUO63250,sch_KACVP55227,YES,TST Respose 13,im kinda short,0.230961339,Clara,35,neutral,
stu_HVWUJ52450,cls_FXSNE83092,sch_QQLIR33891,,TST Respose 15,i like science,0.231322879,Clara,25,positive,
stu_HVWUJ52450,cls_FXSNE83092,sch_QQLIR33891,,TST Respose 15,i like science,0.231322879,Clara,24,positive,
stu_IGLSS89625,cls_VFZRA31361,sch_KACVP55227,YES,TST Respose 12,i like friend,0.231499297,Clara,24,positive,
stu_IGLSS89625,cls_VFZRA31361,sch_KACVP55227,YES,TST Respose 12,i like friend,0.231499297,Clara,10,positive,
stu_LVOOZ80056,cls_OUMSN73782,sch_QQLIR33891,YES,TST Respose 6,I am a black short girl.,0.231862957,Clara,35,neutral,
stu_LVOOZ80056,cls_OUMSN73782,sch_QQLIR33891,YES,TST Respose 6,I am a black short girl.,0.231862957,Clara,2,girl,
stu_LVOOZ80056,cls_OUMSN73782,sch_QQLIR33891,YES,TST Respose 6,I am a black short girl.,0.231862957,Clara,6,black,
stu_QHOON52054,cls_MCLLA54915,sch_KACVP55227,YES,TST Respose 19,I am a believer,0.231947181,Clara,45,positive,
stu_YGBLH44260,cls_IZNZG32572,sch_KACVP55227,YES,TST Respose 3,I am somebody who enjoys being rewarded for hard work.,0.232105171,Clara,41,positive,
stu_OAZKI17777,cls_TNHXN45809,sch_RSWHG50450,YES,TST Respose 11,[LETTER OF NAME],0.232259299,Clara,5,none,
stu_JUQPD47363,cls_HOJKW39162,sch_KACVP55227,YES,TST Respose 19,I am looking forward to this study.,0.232733057,Clara,47,positive,
stu_KWMWG76590,cls_CXLDP17094,sch_KACVP55227,YES,TST Respose 12,i like spending time with family,0.233721571,Clara,31,positive,
stu_KWMWG76590,cls_CXLDP17094,sch_KACVP55227,YES,TST Respose 12,i like spending time with family,0.233721571,Clara,12,positive,
stu_KWMWG76590,cls_CXLDP17094,sch_KACVP55227,YES,TST Respose 12,i like spending time with family,0.233721571,Clara,24,positive,
stu_HXXCS05602,cls_USLPT75423,sch_QQLIR33891,YES,TST Respose 19,i'm a friend,0.233860152,Clara,10,neutral,
stu_RUZUK44953,cls_HOJKW39162,sch_KACVP55227,YES,TST Respose 9,I am a person who is in Honors classes,0.23399595,Clara,14,positive,
stu_VFKRH03938,cls_SLKYU63739,sch_QQLIR33891,,TST Respose 14,i am a funny person,0.234023656,Clara,46,positive,
stu_VFKRH03938,cls_SLKYU63739,sch_QQLIR33891,,TST Respose 14,i am a funny person,0.234023656,Clara,21,none,
stu_KGOWI06896,cls_AJBUO63250,sch_KACVP55227,,TST Respose 13,I like Five Nights at Freddy's,0.234125872,Clara,24,positive,
stu_SOWGI28002,cls_MAEBK64434,sch_QQLIR33891,,TST Respose 8,I am someone who loves to talk,0.23423827,Clara,45,positive,
stu_SOWGI28002,cls_MAEBK64434,sch_QQLIR33891,,TST Respose 8,I am someone who loves to talk,0.23423827,Clara,24,positive,
stu_WAFQN21754,cls_TNHXN45809,sch_RSWHG50450,YES,TST Respose 8,I am cool,0.234262637,Clara,46,positive,
stu_OMSFY97090,cls_VFZRA31361,sch_KACVP55227,YES,TST Respose 11,im a students,0.234268535,Clara,14,neutral,
stu_HVWUJ52450,cls_FXSNE83092,sch_QQLIR33891,,TST Respose 6,i play sports,0.234465065,Clara,29,neutral,
stu_SJNFF34466,cls_OSSJA45538,sch_KACVP55227,,TST Respose 5,broken up parents,0.234563818,Clara,12,neutral,
stu_CQRFU18177,cls_JYBSH30995,sch_QQLIR33891,,TST Respose 2,I like game,0.235432853,Clara,31,positive,
stu_CQRFU18177,cls_JYBSH30995,sch_QQLIR33891,,TST Respose 2,I like game,0.235432853,Clara,24,positive,
stu_FBOFA96484,cls_MAEBK64434,sch_QQLIR33891,,TST Respose 8,i am a athlete,0.235480324,Clara,29,neutral,
stu_GXIYC47970,cls_SLKYU63739,sch_QQLIR33891,YES,TST Respose 11,i am someone who got friends,0.235513617,Clara,10,positive,
stu_LTSJK02079,cls_FBBRP25979,sch_QQLIR33891,,TST Respose 5,My favorite color is yellow,0.235842092,Clara,24,positive,
stu_QEGJI54214,cls_SLKYU63739,sch_QQLIR33891,YES,TST Respose 20,my first language was creole,0.235909346,Clara,25,neutral,flag for later
stu_QEGJI54214,cls_SLKYU63739,sch_QQLIR33891,YES,TST Respose 20,my first language was creole,0.235909346,Clara,22,creolespeaker,flag for later
stu_CDXSC86692,cls_MAEBK64434,sch_QQLIR33891,,TST Respose 18,i am the person that plays with dogs every time i see them,0.236190063,Clara,44,positive,
stu_UEVQJ25414,cls_USLPT75423,sch_QQLIR33891,YES,TST Respose 3,im 5 foot 4,0.236858543,Clara,35,neutral,
stu_FWPPR22255,cls_YFPVJ06178,sch_KACVP55227,YES,TST Respose 13,I like phone,0.236864759,Clara,27,positive,
stu_FWPPR22255,cls_YFPVJ06178,sch_KACVP55227,YES,TST Respose 13,I like phone,0.236864759,Clara,24,positive,
stu_KCRZD23226,cls_JDASF17902,sch_KACVP55227,,TST Respose 18,I like going to the party,0.236900342,Clara,31,positive,
stu_KCRZD23226,cls_JDASF17902,sch_KACVP55227,,TST Respose 18,I like going to the party,0.236900342,Clara,24,positive,
stu_PUHUL75671,cls_HEZZN95002,sch_QQLIR33891,,TST Respose 11,like christmas,0.236995598,Clara,24,positive,
stu_SOWGI28002,cls_MAEBK64434,sch_QQLIR33891,,TST Respose 10,I am someone who loves their family,0.237029461,Clara,24,positive,
stu_SOWGI28002,cls_MAEBK64434,sch_QQLIR33891,,TST Respose 10,I am someone who loves their family,0.237029461,Clara,12,positive,
stu_CJHBB29429,cls_MAEBK64434,sch_QQLIR33891,,TST Respose 19,I like churros,0.237083962,Clara,24,positive,
stu_CINVJ49388,cls_HEZZN95002,sch_QQLIR33891,,TST Respose 1,calm,0.23733904,Clara,45,positive,
stu_EHXGF51692,cls_OUMSN73782,sch_QQLIR33891,YES,TST Respose 15,I am a picky eater........,0.237987275,Clara,36,neutral,flag for later
stu_ANQAT24428,cls_MAEBK64434,sch_QQLIR33891,,TST Respose 7,who is one youngest in my class,0.237991419,Clara,14,neutral,
stu_ANQAT24428,cls_MAEBK64434,sch_QQLIR33891,,TST Respose 7,who is one youngest in my class,0.237991419,Clara,4,young,
stu_QFXDD68186,cls_SYHWK05211,sch_KACVP55227,YES,TST Respose 12,I like to run,0.238044175,Clara,29,positive,
stu_QFXDD68186,cls_SYHWK05211,sch_KACVP55227,YES,TST Respose 12,I like to run,0.238044175,Clara,24,positive,
stu_FUILC09238,cls_HEBLM24075,sch_KACVP55227,,TST Respose 13,i don't like math,0.238399366,Clara,25,negative,
stu_FUILC09238,cls_HEBLM24075,sch_KACVP55227,,TST Respose 13,i don't like math,0.238399366,Clara,24,negative,
stu_MKGYA55892,cls_MMBNN48363,sch_QQLIR33891,,TST Respose 1,ecuadorian,0.238508179,Clara,7,ecuadorian,
stu_JVLXZ63894,cls_CIIPB03795,sch_RSWHG50450,YES,TST Respose 1,math student,0.238540251,Clara,14,neutral,
stu_VKCWY07846,cls_DLRQP13887,sch_QQLIR33891,,TST Respose 15,im always tired,0.238553439,Clara,45,negative,
stu_NKHRJ04957,cls_FBBRP25979,sch_QQLIR33891,,TST Respose 13,I am 12,0.238960621,Clara,4,12,
stu_VFKRH03938,cls_SLKYU63739,sch_QQLIR33891,,TST Respose 17,i am a sneaker head,0.239002819,Clara,30,neutral,
stu_VTRUH97046,cls_DLRQP13887,sch_QQLIR33891,,TST Respose 10,My favorite song is marvins room by drake.,0.239192707,Clara,24,positive,
stu_JPMJO86637,cls_YFPVJ06178,sch_KACVP55227,YES,TST Respose 1,[FIRST NAME],0.239355251,Clara,5,none,
stu_WPVZY01902,cls_YLGBO89611,sch_KACVP55227,,TST Respose 7,I dont like waking up at 6,0.24008187,Clara,31,negative,
stu_WPVZY01902,cls_YLGBO89611,sch_KACVP55227,,TST Respose 7,I dont like waking up at 6,0.24008187,Clara,24,negative,
stu_PFDTL78462,cls_NUSEI70378,sch_KACVP55227,,TST Respose 1,I like sports like Volleyball and Soccer.,0.240277244,Clara,29,positive,
stu_PFDTL78462,cls_NUSEI70378,sch_KACVP55227,,TST Respose 1,I like sports like Volleyball and Soccer.,0.240277244,Clara,24,positive,
stu_WYTLH51489,cls_AJBUO63250,sch_KACVP55227,YES,TST Respose 7,I like sleeping,0.240545665,Clara,31,positive,
stu_WYTLH51489,cls_AJBUO63250,sch_KACVP55227,YES,TST Respose 7,I like sleeping,0.240545665,Clara,24,positive,
stu_EXNUN73314,cls_CIIPB03795,sch_RSWHG50450,YES,TST Respose 12,I am nice,0.240561431,Clara,44,positive,
stu_QEGJI54214,cls_SLKYU63739,sch_QQLIR33891,YES,TST Respose 13,i am a tiktok lover,0.240686601,Clara,27,positive,
stu_QEGJI54214,cls_SLKYU63739,sch_QQLIR33891,YES,TST Respose 13,i am a tiktok lover,0.240686601,Clara,24,positive,
stu_EUWJA76858,cls_HJQZF25095,sch_KACVP55227,YES,TST Respose 13,I like food.,0.240967641,Clara,24,positive,
stu_KCDEU07486,cls_JWHPH41004,sch_QQLIR33891,YES,TST Respose 5,I am good at reading,0.241003678,Clara,25,positive,
stu_ECYEC76336,cls_OUMSN73782,sch_QQLIR33891,YES,TST Respose 9,I am a person who has long wavy hair,0.241179744,Clara,35,neutral,
stu_NXWSI70882,cls_MCLLA54915,sch_KACVP55227,YES,TST Respose 9,A person who wants to be an engineer,0.241572984,Clara,13,positive,
stu_CTAZU65504,cls_USLPT75423,sch_QQLIR33891,YES,TST Respose 12,I am independent,0.242039774,Clara,41,positive,
stu_QQMSX84242,cls_TNHXN45809,sch_RSWHG50450,YES,TST Respose 14,an african american,0.24212601,Clara,6,african-american,
stu_PJCOJ15115,cls_HEZZN95002,sch_QQLIR33891,,TST Respose 10,I am a tik tok user,0.242343865,Clara,27,neutral,
stu_ECYEC76336,cls_OUMSN73782,sch_QQLIR33891,YES,TST Respose 3,I am the oldest of 4 kids,0.24330035,Clara,12,neutral,
stu_EHXGF51692,cls_OUMSN73782,sch_QQLIR33891,YES,TST Respose 8,I am a bit of a gamer.,0.244197139,Clara,28,neutral,
stu_KGOWI06896,cls_AJBUO63250,sch_KACVP55227,,TST Respose 14,I like my family,0.244361101,Clara,24,positive,
stu_KGOWI06896,cls_AJBUO63250,sch_KACVP55227,,TST Respose 14,I like my family,0.244361101,Clara,12,positive,
stu_RNIHY62490,cls_OUMSN73782,sch_QQLIR33891,YES,TST Respose 8,I am from Nigera,0.244394598,Clara,7,nigerian,
stu_WYTLH51489,cls_AJBUO63250,sch_KACVP55227,YES,TST Respose 1,I am [FIRST NAME],0.244477878,Clara,5,none,
stu_YPZIM54297,cls_MAEBK64434,sch_QQLIR33891,,TST Respose 19,I am a person who loves phisical touch like huging,0.244539032,Clara,45,positive,
stu_YPZIM54297,cls_MAEBK64434,sch_QQLIR33891,,TST Respose 19,I am a person who loves phisical touch like huging,0.244539032,Clara,24,positive,
stu_DHTXQ91573,cls_VFZRA31361,sch_KACVP55227,YES,TST Respose 2,I am a students from 6 grades,0.244573218,Clara,22,6thgrade,
stu_DHTXQ91573,cls_VFZRA31361,sch_KACVP55227,YES,TST Respose 2,I am a students from 6 grades,0.244573218,Clara,4,6thgrade,
stu_DHTXQ91573,cls_VFZRA31361,sch_KACVP55227,YES,TST Respose 2,I am a students from 6 grades,0.244573218,Clara,14,neutral,
stu_DJCZE13885,cls_FBBRP25979,sch_QQLIR33891,,TST Respose 6,My favorite animal is foxes.,0.244599836,Clara,24,positive,
stu_VSSOO37726,cls_HEBLM24075,sch_KACVP55227,YES,TST Respose 12,I like the health teacher,0.244601803,Clara,24,positive,
stu_VSSOO37726,cls_HEBLM24075,sch_KACVP55227,YES,TST Respose 12,I like the health teacher,0.244601803,Clara,14,positive,
stu_NJZBY59884,cls_MAEBK64434,sch_QQLIR33891,,TST Respose 7,i have 2 sisters and 2 brothers,0.244706381,Clara,12,neutral,
stu_WZRKM29688,cls_HEBLM24075,sch_KACVP55227,,TST Respose 13,i am english,0.244725607,Clara,7,english,
stu_BCRYB29652,cls_OUMSN73782,sch_QQLIR33891,YES,TST Respose 15,I like backek,0.245147503,Clara,24,positive,
stu_WAWDW95831,cls_SYHWK05211,sch_KACVP55227,,TST Respose 8,I am good at soccer tennis.,0.245338114,Clara,29,positive,
stu_MXNSB23169,cls_HJQZF25095,sch_KACVP55227,,TST Respose 18,I like football.,0.246066982,Clara,29,positive,
stu_MXNSB23169,cls_HJQZF25095,sch_KACVP55227,,TST Respose 18,I like football.,0.246066982,Clara,24,positive,
stu_EHLZF06092,cls_MCLLA54915,sch_KACVP55227,YES,TST Respose 13,I love dodge chargers and durangos,0.246209236,Clara,24,positive,
stu_KOUYR40301,cls_SYHWK05211,sch_KACVP55227,,TST Respose 5,i speak 2 languages,0.246671472,Clara,25,neutral,
stu_KOUYR40301,cls_SYHWK05211,sch_KACVP55227,,TST Respose 5,i speak 2 languages,0.246671472,Clara,22,bilingual,
stu_TYPZX10676,cls_YLGBO89611,sch_KACVP55227,,TST Respose 8,i like when they have step by step.,0.246787686,Clara,47,positive,
stu_TYPZX10676,cls_YLGBO89611,sch_KACVP55227,,TST Respose 8,i like when they have step by step.,0.246787686,Clara,24,positive,
stu_DERZZ01872,cls_GIJEF48865,sch_KACVP55227,,TST Respose 13,I have three Guinee pigs,0.247464367,Clara,32,none,
stu_UAFAK64772,cls_AJBUO63250,sch_KACVP55227,YES,TST Respose 12,short hair,0.247746135,Clara,35,neutral,
stu_LNFOE66635,cls_AJBUO63250,sch_KACVP55227,YES,TST Respose 16,hard worker,0.248160831,Clara,41,positive,
stu_QFXDD68186,cls_SYHWK05211,sch_KACVP55227,YES,TST Respose 18,I like money,0.248380755,Clara,34,positive,
stu_QFXDD68186,cls_SYHWK05211,sch_KACVP55227,YES,TST Respose 18,I like money,0.248380755,Clara,24,positive,
stu_KCDEU07486,cls_JWHPH41004,sch_QQLIR33891,YES,TST Respose 14,I am most times an A student,0.248442697,Clara,14,positive,
stu_UYUIH18635,cls_FBBRP25979,sch_QQLIR33891,,TST Respose 10,I like watching videos,0.248658192,Clara,27,positive,
stu_UYUIH18635,cls_FBBRP25979,sch_QQLIR33891,,TST Respose 10,I like watching videos,0.248658192,Clara,24,positive,
stu_DZJHT48666,cls_FXSNE83092,sch_QQLIR33891,,TST Respose 11,Least favorite subject is ELA/gym,0.24866186,Clara,14,negative,
stu_ZARRQ26344,cls_JYBSH30995,sch_QQLIR33891,,TST Respose 5,My favorite movie is friday night lights and the last of last,0.248683479,Clara,24,positive,
stu_SAOLH99639,cls_FXSNE83092,sch_QQLIR33891,,TST Respose 7,i love peaches,0.249397367,Clara,24,positive,
stu_ECYEC76336,cls_OUMSN73782,sch_QQLIR33891,YES,TST Respose 5,I am a sixth grader,0.249939163,Clara,22,6thgrade,
stu_ECYEC76336,cls_OUMSN73782,sch_QQLIR33891,YES,TST Respose 5,I am a sixth grader,0.249939163,Clara,4,6thgrade,
stu_ECYEC76336,cls_OUMSN73782,sch_QQLIR33891,YES,TST Respose 5,I am a sixth grader,0.249939163,Clara,14,neutral,
stu_OIYXZ27717,cls_MAEBK64434,sch_QQLIR33891,,TST Respose 11,I am someone who likes swimming,0.2503351,Clara,29,positive,
stu_OIYXZ27717,cls_MAEBK64434,sch_QQLIR33891,,TST Respose 11,I am someone who likes swimming,0.2503351,Clara,24,positive,
stu_WRQAA62017,cls_GIJEF48865,sch_KACVP55227,,TST Respose 17,I am a boy,0.250384787,Clara,2,boy,
stu_FNVBP19615,cls_DLRQP13887,sch_QQLIR33891,,TST Respose 6,Math is my favorite subject.,0.250437453,Clara,14,positive,
stu_WRQAA62017,cls_GIJEF48865,sch_KACVP55227,,TST Respose 6,I like gym,0.250593478,Clara,24,positive,
stu_WRQAA62017,cls_GIJEF48865,sch_KACVP55227,,TST Respose 6,I like gym,0.250593478,Clara,14,positive,
stu_XSQUV53095,cls_OUMSN73782,sch_QQLIR33891,YES,TST Respose 13,I AM [FIRST NAME] A DANCER,0.250706513,Clara,26,neutral,
stu_XSQUV53095,cls_OUMSN73782,sch_QQLIR33891,YES,TST Respose 13,I AM [FIRST NAME] A DANCER,0.250706513,Clara,5,neutral,
stu_CAGAM03126,cls_HOJKW39162,sch_KACVP55227,YES,TST Respose 12,I am a person who likes colorful nails.,0.251167986,Clara,30,positive,
stu_CAGAM03126,cls_HOJKW39162,sch_KACVP55227,YES,TST Respose 12,I am a person who likes colorful nails.,0.251167986,Clara,24,positive,
stu_WDDQQ92015,cls_YLGBO89611,sch_KACVP55227,,TST Respose 18,i am a student,0.251364513,Clara,14,neutral,
stu_CPBCK00658,cls_SIVDJ49041,sch_KACVP55227,,TST Respose 9,I like ponytails in my hair,0.251537268,Clara,35,positive,
stu_CPBCK00658,cls_SIVDJ49041,sch_KACVP55227,,TST Respose 9,I like ponytails in my hair,0.251537268,Clara,24,positive,
stu_LKAAV41369,cls_FBBRP25979,sch_QQLIR33891,,TST Respose 7,I like chocolate,0.251569807,Clara,24,positive,
stu_WYTLH51489,cls_AJBUO63250,sch_KACVP55227,YES,TST Respose 16,I like to watch youtube,0.251758873,Clara,27,positive,
stu_WYTLH51489,cls_AJBUO63250,sch_KACVP55227,YES,TST Respose 16,I like to watch youtube,0.251758873,Clara,24,positive,
stu_RUBQU39803,cls_OUMSN73782,sch_QQLIR33891,,TST Respose 11,i am a honor student,0.251810327,Clara,14,positive,
stu_QACJQ31561,cls_JYBSH30995,sch_QQLIR33891,,TST Respose 17,i have a half brother,0.251847063,Clara,12,neutral,
stu_IKUOQ66846,cls_USLPT75423,sch_QQLIR33891,YES,TST Respose 1,A student,0.251848178,Clara,14,neutral,
stu_OAZKI17777,cls_TNHXN45809,sch_RSWHG50450,YES,TST Respose 12,[LETTER OF NAME],0.252236067,Clara,5,none,
stu_FQKSK24193,cls_FBBRP25979,sch_QQLIR33891,,TST Respose 1,i am a boy,0.252435291,Clara,2,boy,
stu_ANQAT24428,cls_MAEBK64434,sch_QQLIR33891,,TST Respose 8,someone who likes cookies,0.252480512,Clara,24,positive,
stu_FASQN45304,cls_MAEBK64434,sch_QQLIR33891,,TST Respose 13,I am someone who can speak 3 languages.,0.25281575,Clara,25,neutral,
stu_FASQN45304,cls_MAEBK64434,sch_QQLIR33891,,TST Respose 13,I am someone who can speak 3 languages.,0.25281575,Clara,22,multilingual,
stu_HVWUJ52450,cls_FXSNE83092,sch_QQLIR33891,,TST Respose 9,i have 1 older brother and 3 sisters,0.253136032,Clara,12,neutral,
stu_SAOLH99639,cls_FXSNE83092,sch_QQLIR33891,,TST Respose 19,i love food,0.253442782,Clara,24,positive,
stu_XHGVP79664,cls_HEZZN95002,sch_QQLIR33891,,TST Respose 8,im an honors student,0.253450585,Clara,14,positive,
stu_HMQRZ27503,cls_YFPVJ06178,sch_KACVP55227,YES,TST Respose 7,I m the future goat,0.253971551,Clara,41,positive,
stu_EUIXK95276,cls_JDASF17902,sch_KACVP55227,,TST Respose 13,"I'm a student at the [SCHOOL NAME], I love dancing, singing, gym class, Art class, eating food",0.254167013,Clara,31,positive,
stu_EUIXK95276,cls_JDASF17902,sch_KACVP55227,,TST Respose 13,"I'm a student at the [SCHOOL NAME], I love dancing, singing, gym class, Art class, eating food",0.254167013,Clara,14,neutral,
stu_EUIXK95276,cls_JDASF17902,sch_KACVP55227,,TST Respose 13,"I'm a student at the [SCHOOL NAME], I love dancing, singing, gym class, Art class, eating food",0.254167013,Clara,24,positive,
stu_EUIXK95276,cls_JDASF17902,sch_KACVP55227,,TST Respose 13,"I'm a student at the [SCHOOL NAME], I love dancing, singing, gym class, Art class, eating food",0.254167013,Clara,26,positive,
stu_EUIXK95276,cls_JDASF17902,sch_KACVP55227,,TST Respose 13,"I'm a student at the [SCHOOL NAME], I love dancing, singing, gym class, Art class, eating food",0.254167013,Clara,29,positive,
stu_SBUBU63586,cls_OUKFK08724,sch_RSWHG50450,YES,TST Respose 17,i am a girl who dose home work,0.254303886,Clara,14,neutral,
stu_SBUBU63586,cls_OUKFK08724,sch_RSWHG50450,YES,TST Respose 17,i am a girl who dose home work,0.254303886,Clara,2,girl,
stu_HVWUJ52450,cls_FXSNE83092,sch_QQLIR33891,,TST Respose 7,Fortnite player ( im the best },0.254843947,Clara,28,positive,
stu_JVLXZ63894,cls_CIIPB03795,sch_RSWHG50450,YES,TST Respose 16,kid,0.254969337,Clara,22,child,
stu_JVLXZ63894,cls_CIIPB03795,sch_RSWHG50450,YES,TST Respose 16,kid,0.254969337,Clara,4,child,
stu_WBAVA84528,cls_AVBRA70624,sch_KACVP55227,YES,TST Respose 4,i like chips,0.25542294,Clara,24,positive,
stu_BESSB35006,cls_CIIPB03795,sch_RSWHG50450,YES,TST Respose 2,I like to eat,0.255511054,Clara,31,positive,
stu_BESSB35006,cls_CIIPB03795,sch_RSWHG50450,YES,TST Respose 2,I like to eat,0.255511054,Clara,24,positive,
stu_IIOVZ06372,cls_HJQZF25095,sch_KACVP55227,YES,TST Respose 7,I like going out sometimes,0.255525772,Clara,31,positive,
stu_IIOVZ06372,cls_HJQZF25095,sch_KACVP55227,YES,TST Respose 7,I like going out sometimes,0.255525772,Clara,24,positive,
stu_PXDPN73068,cls_FBBRP25979,sch_QQLIR33891,,TST Respose 18,I've been in the 6th grade for 117 days.,0.255580225,Clara,22,6thgrade,
stu_PXDPN73068,cls_FBBRP25979,sch_QQLIR33891,,TST Respose 18,I've been in the 6th grade for 117 days.,0.255580225,Clara,4,6thgrade,
stu_PXDPN73068,cls_FBBRP25979,sch_QQLIR33891,,TST Respose 18,I've been in the 6th grade for 117 days.,0.255580225,Clara,14,neutral,
stu_BJJXN95776,cls_MAEBK64434,sch_QQLIR33891,,TST Respose 10,I love my family,0.255636381,Clara,24,positive,
stu_BJJXN95776,cls_MAEBK64434,sch_QQLIR33891,,TST Respose 10,I love my family,0.255636381,Clara,12,positive,
stu_KGOWI06896,cls_AJBUO63250,sch_KACVP55227,,TST Respose 9,I'm loyal,0.256186426,Clara,44,positive,
stu_XXEBH66449,cls_GIJEF48865,sch_KACVP55227,,TST Respose 13,I am a student,0.256387858,Clara,14,neutral,
stu_HBPKA70291,cls_CIIPB03795,sch_RSWHG50450,YES,TST Respose 13,apex player,0.256411483,Clara,28,neutral,
stu_VKCWY07846,cls_DLRQP13887,sch_QQLIR33891,,TST Respose 17,i dont like school,0.256651689,Clara,14,negative,
stu_WPVZY01902,cls_YLGBO89611,sch_KACVP55227,,TST Respose 9,I dont like waiting for lunch,0.256707582,Clara,24,negative,
stu_WPVZY01902,cls_YLGBO89611,sch_KACVP55227,,TST Respose 9,I dont like waiting for lunch,0.256707582,Clara,14,negative,
stu_QEGJI54214,cls_SLKYU63739,sch_QQLIR33891,YES,TST Respose 19,i am a sweater lover,0.256799623,Clara,30,positive,
stu_QEGJI54214,cls_SLKYU63739,sch_QQLIR33891,YES,TST Respose 19,i am a sweater lover,0.256799623,Clara,24,positive,
stu_JERPG96865,cls_IZNZG32572,sch_KACVP55227,YES,TST Respose 12,i like cats,0.257173005,Clara,24,positive,
stu_CDXSC86692,cls_MAEBK64434,sch_QQLIR33891,,TST Respose 1,I am a brother,0.257242424,Clara,12,neutral,
stu_CDXSC86692,cls_MAEBK64434,sch_QQLIR33891,,TST Respose 1,I am a brother,0.257242424,Clara,2,boy,
stu_PSHPN85751,cls_SYHWK05211,sch_KACVP55227,,TST Respose 5,i speak english and spanish and a little bit of hatian,0.257284825,Clara,25,neutral,
stu_PSHPN85751,cls_SYHWK05211,sch_KACVP55227,,TST Respose 5,i speak english and spanish and a little bit of hatian,0.257284825,Clara,22,multilingual,
stu_YNVPH88845,cls_MMBNN48363,sch_QQLIR33891,,TST Respose 6,I like ELA,0.257423064,Clara,25,positive,
stu_YNVPH88845,cls_MMBNN48363,sch_QQLIR33891,,TST Respose 6,I like ELA,0.257423064,Clara,24,positive,
stu_TFTDG28078,cls_IZNZG32572,sch_KACVP55227,YES,TST Respose 18,a singer (practically alicia keys.),0.257648885,Clara,26,positive,
stu_FSPCV10901,cls_OUMSN73782,sch_QQLIR33891,YES,TST Respose 19,I like to go to Florida.,0.257718009,Clara,31,positive,
stu_FSPCV10901,cls_OUMSN73782,sch_QQLIR33891,YES,TST Respose 19,I like to go to Florida.,0.257718009,Clara,24,positive,
stu_UEYTM01990,cls_HOJKW39162,sch_KACVP55227,YES,TST Respose 17,Im a good friend,0.257875495,Clara,40,positive,
stu_UEYTM01990,cls_HOJKW39162,sch_KACVP55227,YES,TST Respose 17,Im a good friend,0.257875495,Clara,10,positive,
stu_MKGYA55892,cls_MMBNN48363,sch_QQLIR33891,,TST Respose 6,like to draw,0.258041228,Clara,26,positive,
stu_MKGYA55892,cls_MMBNN48363,sch_QQLIR33891,,TST Respose 6,like to draw,0.258041228,Clara,24,positive,
stu_KOIIB68446,cls_JYBSH30995,sch_QQLIR33891,,TST Respose 17,i wanna be a orthodontist when i grow up,0.258345612,Clara,13,neutral,
stu_PXDPN73068,cls_FBBRP25979,sch_QQLIR33891,,TST Respose 19,I've passed every class so far,0.258406554,Clara,14,positive,
stu_IIOVZ06372,cls_HJQZF25095,sch_KACVP55227,YES,TST Respose 20,I like swimming,0.258880866,Clara,29,positive,
stu_IIOVZ06372,cls_HJQZF25095,sch_KACVP55227,YES,TST Respose 20,I like swimming,0.258880866,Clara,24,positive,
stu_RUBQU39803,cls_OUMSN73782,sch_QQLIR33891,,TST Respose 20,i am a leader,0.258918807,Clara,46,positive,
stu_RUBQU39803,cls_OUMSN73782,sch_QQLIR33891,,TST Respose 20,i am a leader,0.258918807,Clara,44,positive,
stu_UEVQJ25414,cls_USLPT75423,sch_QQLIR33891,YES,TST Respose 14,im on a aau team,0.259018749,Clara,29,neutral,
stu_YXJEP22115,cls_USLPT75423,sch_QQLIR33891,YES,TST Respose 12,I am a volleyball player,0.259468846,Clara,29,neutral,
stu_FVHVM49769,cls_SLKYU63739,sch_QQLIR33891,YES,TST Respose 5,i speak portuguese,0.259817102,Clara,25,neutral,
stu_FVHVM49769,cls_SLKYU63739,sch_QQLIR33891,YES,TST Respose 5,i speak portuguese,0.259817102,Clara,22,portuguesespeaker,
stu_SAOLH99639,cls_FXSNE83092,sch_QQLIR33891,,TST Respose 18,i like food,0.260052223,Clara,24,positive,
stu_TFTDG28078,cls_IZNZG32572,sch_KACVP55227,YES,TST Respose 6,A dominican girl,0.260098903,Clara,7,dominican,
stu_TFTDG28078,cls_IZNZG32572,sch_KACVP55227,YES,TST Respose 6,A dominican girl,0.260098903,Clara,2,girl,
stu_ERQCY81201,cls_USLPT75423,sch_QQLIR33891,YES,TST Respose 4,I am a girl who hates to share out loud.,0.260343768,Clara,24,negative,
stu_ERQCY81201,cls_USLPT75423,sch_QQLIR33891,YES,TST Respose 4,I am a girl who hates to share out loud.,0.260343768,Clara,2,girl,
stu_YGBLH44260,cls_IZNZG32572,sch_KACVP55227,YES,TST Respose 4,I like to learn what I did wrong.,0.260813535,Clara,41,positive,
stu_UHXBA77476,cls_FBBRP25979,sch_QQLIR33891,,TST Respose 5,My favorite color is purple,0.261081775,Clara,24,positive,
stu_QPHPK12517,cls_HEZZN95002,sch_QQLIR33891,,TST Respose 19,i love mc donalds,0.26128802,Clara,24,positive,
stu_WTRMC77187,cls_IZNZG32572,sch_KACVP55227,YES,TST Respose 20,and i like many other games,0.261964506,Clara,31,positive,
stu_WTRMC77187,cls_IZNZG32572,sch_KACVP55227,YES,TST Respose 20,and i like many other games,0.261964506,Clara,24,positive,
stu_MKEGQ97127,cls_GIJEF48865,sch_KACVP55227,,TST Respose 18,I'm a black person,0.26235381,Clara,6,black,
stu_WRQAA62017,cls_GIJEF48865,sch_KACVP55227,,TST Respose 13,I like shoes,0.262603997,Clara,30,positive,
stu_WRQAA62017,cls_GIJEF48865,sch_KACVP55227,,TST Respose 13,I like shoes,0.262603997,Clara,24,positive,
stu_UTXBZ05806,cls_MAEBK64434,sch_QQLIR33891,,TST Respose 16,i am someone who loves the color red,0.262831907,Clara,24,positive,
stu_MIJEQ06664,cls_MAEBK64434,sch_QQLIR33891,,TST Respose 6,I am in 6th grades,0.262916471,Clara,22,6thgrade,
stu_MIJEQ06664,cls_MAEBK64434,sch_QQLIR33891,,TST Respose 6,I am in 6th grades,0.262916471,Clara,4,6thgrade,
stu_MIJEQ06664,cls_MAEBK64434,sch_QQLIR33891,,TST Respose 6,I am in 6th grades,0.262916471,Clara,14,neutral,
stu_XHPVX80161,cls_TNHXN45809,sch_RSWHG50450,,TST Respose 4,I am a student at [SCHOOL NAME],0.263125028,Clara,14,neutral,
stu_KCDEU07486,cls_JWHPH41004,sch_QQLIR33891,YES,TST Respose 17,I am nosy,0.263205971,Clara,44,negative,
stu_OMSFY97090,cls_VFZRA31361,sch_KACVP55227,YES,TST Respose 12,im a students,0.263244713,Clara,14,neutral,
stu_HEPWQ98561,cls_ZUQLK09797,sch_KACVP55227,,TST Respose 9,i like cats,0.263367958,Clara,24,positive,
stu_DHTXQ91573,cls_VFZRA31361,sch_KACVP55227,YES,TST Respose 1,I am a students from 6 grades,0.263544689,Clara,22,6thgrade,
stu_DHTXQ91573,cls_VFZRA31361,sch_KACVP55227,YES,TST Respose 1,I am a students from 6 grades,0.263544689,Clara,4,6thgrade,
stu_DHTXQ91573,cls_VFZRA31361,sch_KACVP55227,YES,TST Respose 1,I am a students from 6 grades,0.263544689,Clara,14,neutral,
stu_WAWDW95831,cls_SYHWK05211,sch_KACVP55227,,TST Respose 14,I love basketball.,0.263837838,Clara,29,positive,
stu_WAWDW95831,cls_SYHWK05211,sch_KACVP55227,,TST Respose 14,I love basketball.,0.263837838,Clara,24,positive,
stu_WHBZD81732,cls_AVBRA70624,sch_KACVP55227,YES,TST Respose 14,i dont have my intrest,0.263975677,Clara,45,negative,
stu_FTOYB42084,cls_SLKYU63739,sch_QQLIR33891,YES,TST Respose 4,im a shoe person,0.263983051,Clara,30,neutral,
stu_MKGYA55892,cls_MMBNN48363,sch_QQLIR33891,,TST Respose 4,a middle schooler,0.264085539,Clara,22,middleschooler,
stu_MKGYA55892,cls_MMBNN48363,sch_QQLIR33891,,TST Respose 4,a middle schooler,0.264085539,Clara,4,middleschooler,
stu_MKGYA55892,cls_MMBNN48363,sch_QQLIR33891,,TST Respose 4,a middle schooler,0.264085539,Clara,14,neutral,
stu_LVOOZ80056,cls_OUMSN73782,sch_QQLIR33891,YES,TST Respose 18,I am a honors stundent.,0.264291397,Clara,14,positive,
stu_LNFOE66635,cls_AJBUO63250,sch_KACVP55227,YES,TST Respose 4,nice person,0.264447604,Clara,44,positive,
stu_LNFOE66635,cls_AJBUO63250,sch_KACVP55227,YES,TST Respose 4,nice person,0.264447604,Clara,21,none,
stu_TSQUQ54202,cls_USLPT75423,sch_QQLIR33891,YES,TST Respose 7,I am from Cape Verde.,0.265059901,Clara,7,cape verdean,
stu_OFWAG94272,cls_USLPT75423,sch_QQLIR33891,YES,TST Respose 5,Nice,0.265204443,Clara,44,positive,
stu_EHLZF06092,cls_MCLLA54915,sch_KACVP55227,YES,TST Respose 11,I want to be a vet,0.265695843,Clara,13,positive,
stu_MXNSB23169,cls_HJQZF25095,sch_KACVP55227,,TST Respose 7,I am a student.,0.265947505,Clara,14,neutral,
stu_UEVQJ25414,cls_USLPT75423,sch_QQLIR33891,YES,TST Respose 20,im a coach,0.265961853,Clara,43,positive,
stu_MMZHT88458,cls_QZQQW97177,sch_KACVP55227,,TST Respose 13,im ginger,0.266050265,Clara,35,neutral,
stu_RDOVU20570,cls_SLKYU63739,sch_QQLIR33891,YES,TST Respose 1,I am a 8th grader,0.266570332,Clara,22,8thgrade,
stu_RDOVU20570,cls_SLKYU63739,sch_QQLIR33891,YES,TST Respose 1,I am a 8th grader,0.266570332,Clara,4,8thgrade,
stu_RDOVU20570,cls_SLKYU63739,sch_QQLIR33891,YES,TST Respose 1,I am a 8th grader,0.266570332,Clara,14,neutral,
stu_DZJHT48666,cls_FXSNE83092,sch_QQLIR33891,,TST Respose 12,I like to be alone because no one gets me,0.266770343,Clara,45,positive,
stu_DZJHT48666,cls_FXSNE83092,sch_QQLIR33891,,TST Respose 12,I like to be alone because no one gets me,0.266770343,Clara,24,positive,
stu_DZJHT48666,cls_FXSNE83092,sch_QQLIR33891,,TST Respose 12,I like to be alone because no one gets me,0.266770343,Clara,31,positive,
stu_VENGZ10475,cls_HEZZN95002,sch_QQLIR33891,,TST Respose 5,I am brown,0.267411065,Clara,6,brown,
stu_FUILC09238,cls_HEBLM24075,sch_KACVP55227,,TST Respose 10,i play video games,0.267494093,Clara,28,neutral,
stu_XCKNQ66212,cls_USLPT75423,sch_QQLIR33891,YES,TST Respose 3,Im a basketball player,0.26784195,Clara,29,neutral,
stu_FQEST23326,cls_JTMRB81339,sch_KACVP55227,YES,TST Respose 3,I am lqbtq+,0.268220313,Clara,3,lgbtq+,
stu_CJHBB29429,cls_MAEBK64434,sch_QQLIR33891,,TST Respose 16,My favorite subject in school is math,0.268233375,Clara,14,positive,
stu_VTRUH97046,cls_DLRQP13887,sch_QQLIR33891,,TST Respose 18,My favorite brand is nike.,0.268331056,Clara,24,positive,
stu_RFRYE74718,cls_OUMSN73782,sch_QQLIR33891,YES,TST Respose 6,I am black,0.268688869,Clara,6,black,
stu_IIOVZ06372,cls_HJQZF25095,sch_KACVP55227,YES,TST Respose 8,I like fall,0.269118269,Clara,24,positive,
stu_QZOUO83023,cls_FBBRP25979,sch_QQLIR33891,YES,TST Respose 18,I like being a good brother,0.269390786,Clara,40,positive,
stu_QZOUO83023,cls_FBBRP25979,sch_QQLIR33891,YES,TST Respose 18,I like being a good brother,0.269390786,Clara,12,positive,
stu_FASQN45304,cls_MAEBK64434,sch_QQLIR33891,,TST Respose 9,I am someone who likes the outdoors.,0.26942998,Clara,24,positive,
stu_FUILC09238,cls_HEBLM24075,sch_KACVP55227,,TST Respose 15,my favorite brand is jordan,0.269455681,Clara,24,positive,
stu_OAZKI17777,cls_TNHXN45809,sch_RSWHG50450,YES,TST Respose 15,[LETTER OF NAME],0.269689828,Clara,5,none,
stu_DERZZ01872,cls_GIJEF48865,sch_KACVP55227,,TST Respose 10,I like video games,0.26982833,Clara,28,positive,
stu_DERZZ01872,cls_GIJEF48865,sch_KACVP55227,,TST Respose 10,I like video games,0.26982833,Clara,24,positive,
stu_EQSJM78476,cls_FBBRP25979,sch_QQLIR33891,,TST Respose 18,I dont like my uncle,0.269836837,Clara,24,negative,
stu_EQSJM78476,cls_FBBRP25979,sch_QQLIR33891,,TST Respose 18,I dont like my uncle,0.269836837,Clara,12,negative,
stu_XKMAG80800,cls_TNHXN45809,sch_RSWHG50450,YES,TST Respose 5,Portuguese,0.270033453,Clara,7,portuguese,
stu_SAOLH99639,cls_FXSNE83092,sch_QQLIR33891,,TST Respose 2,good at basketball,0.27004902,Clara,29,positive,
stu_OIYXZ27717,cls_MAEBK64434,sch_QQLIR33891,,TST Respose 5,I am the smartest out of all my cousins,0.270070082,Clara,43,positive,
stu_OIYXZ27717,cls_MAEBK64434,sch_QQLIR33891,,TST Respose 5,I am the smartest out of all my cousins,0.270070082,Clara,12,neutral,
stu_OIYXZ27717,cls_MAEBK64434,sch_QQLIR33891,,TST Respose 5,I am the smartest out of all my cousins,0.270070082,Clara,25,positive,
stu_SJNFF34466,cls_OSSJA45538,sch_KACVP55227,,TST Respose 15,a cook i work for golden ramsey,0.270323024,Clara,31,neutral,
stu_ABSGH36082,cls_JYBSH30995,sch_QQLIR33891,,TST Respose 18,I know a little of soccer,0.270401355,Clara,29,neutral,
stu_AHWRN95528,cls_MAEBK64434,sch_QQLIR33891,,TST Respose 20,I am someone who likes gym activities,0.270425958,Clara,29,positive,
stu_AHWRN95528,cls_MAEBK64434,sch_QQLIR33891,,TST Respose 20,I am someone who likes gym activities,0.270425958,Clara,24,positive,
stu_CULOH75877,cls_HEZZN95002,sch_QQLIR33891,,TST Respose 13,I play football,0.270642416,Clara,29,neutral,
stu_CPAQO78519,cls_MAEBK64434,sch_QQLIR33891,,TST Respose 20,I am someone who loves toys,0.270760108,Clara,24,positive,
stu_LDUML32113,cls_USLPT75423,sch_QQLIR33891,YES,TST Respose 16,good at writing,0.27081545,Clara,25,positive,
stu_FASQN45304,cls_MAEBK64434,sch_QQLIR33891,,TST Respose 14,I am someone who likes to cook.,0.271468676,Clara,31,positive,
stu_FASQN45304,cls_MAEBK64434,sch_QQLIR33891,,TST Respose 14,I am someone who likes to cook.,0.271468676,Clara,24,positive,
stu_ZQMQQ26810,cls_HEBLM24075,sch_KACVP55227,,TST Respose 2,im 14,0.272071689,Clara,4,14,
stu_ANAWT41929,cls_CIIPB03795,sch_RSWHG50450,YES,TST Respose 15,I love my house,0.272292811,Clara,24,positive,
stu_RNIHY62490,cls_OUMSN73782,sch_QQLIR33891,YES,TST Respose 16,I have a lot of friends,0.272546223,Clara,10,positive,
stu_CWJCN88700,cls_DLRQP13887,sch_QQLIR33891,,TST Respose 20,I am in a youtube video,0.272823871,Clara,27,neutral,
stu_WHBZD81732,cls_AVBRA70624,sch_KACVP55227,YES,TST Respose 19,i dont have a byc,0.27295723,Clara,48,none,
stu_DHTXQ91573,cls_VFZRA31361,sch_KACVP55227,YES,TST Respose 19,I am a students from 6 grades,0.273213678,Clara,22,6thgrade,
stu_DHTXQ91573,cls_VFZRA31361,sch_KACVP55227,YES,TST Respose 19,I am a students from 6 grades,0.273213678,Clara,4,6thgrade,
stu_DHTXQ91573,cls_VFZRA31361,sch_KACVP55227,YES,TST Respose 19,I am a students from 6 grades,0.273213678,Clara,14,neutral,
stu_WWNBY52737,cls_OUMSN73782,sch_QQLIR33891,YES,TST Respose 9,I am the youngest.,0.27328205,Clara,12,neutral,
stu_OQLOS45541,cls_USLPT75423,sch_QQLIR33891,YES,TST Respose 13,I'm a role model to my brothers.,0.273622602,Clara,40,positive,
stu_OQLOS45541,cls_USLPT75423,sch_QQLIR33891,YES,TST Respose 13,I'm a role model to my brothers.,0.273622602,Clara,12,positive,
stu_NWVEW24693,cls_AVBRA70624,sch_KACVP55227,YES,TST Respose 19,i like jordan,0.273994881,Clara,30,positive,
stu_NWVEW24693,cls_AVBRA70624,sch_KACVP55227,YES,TST Respose 19,i like jordan,0.273994881,Clara,24,positive,
stu_SJNFF34466,cls_OSSJA45538,sch_KACVP55227,,TST Respose 3,a 12yo girl,0.274030464,Clara,4,12,
stu_SJNFF34466,cls_OSSJA45538,sch_KACVP55227,,TST Respose 3,a 12yo girl,0.274030464,Clara,2,girl,
stu_BDAZF88230,cls_USLPT75423,sch_QQLIR33891,YES,TST Respose 1,A student,0.274082301,Clara,14,neutral,
stu_QPHPK12517,cls_HEZZN95002,sch_QQLIR33891,,TST Respose 8,i am a soccer player,0.274222762,Clara,29,neutral,
stu_VKCWY07846,cls_DLRQP13887,sch_QQLIR33891,,TST Respose 8,i have a cat,0.27424317,Clara,32,none,
stu_CWQDV67579,cls_CIIPB03795,sch_RSWHG50450,YES,TST Respose 14,i like my friends,0.274306635,Clara,24,positive,
stu_CWQDV67579,cls_CIIPB03795,sch_RSWHG50450,YES,TST Respose 14,i like my friends,0.274306635,Clara,10,positive,
stu_JPMJO86637,cls_YFPVJ06178,sch_KACVP55227,YES,TST Respose 6,i'm mix,0.2744327,Clara,48,none,
stu_PUNZK45438,cls_SLKYU63739,sch_QQLIR33891,YES,TST Respose 5,i love math and gym,0.274738793,Clara,24,positive,
stu_PUNZK45438,cls_SLKYU63739,sch_QQLIR33891,YES,TST Respose 5,i love math and gym,0.274738793,Clara,14,positive,
stu_RNIHY62490,cls_OUMSN73782,sch_QQLIR33891,YES,TST Respose 5,I have black hair,0.274771919,Clara,35,neutral,
stu_CTAZU65504,cls_USLPT75423,sch_QQLIR33891,YES,TST Respose 16,I am not the best on math,0.274924198,Clara,25,negative,
stu_VSSOO37726,cls_HEBLM24075,sch_KACVP55227,YES,TST Respose 11,I like health,0.275033537,Clara,24,positive,
stu_CLLRZ76280,cls_MAEBK64434,sch_QQLIR33891,,TST Respose 13,I like trying new foods,0.275228884,Clara,31,positive,
stu_CLLRZ76280,cls_MAEBK64434,sch_QQLIR33891,,TST Respose 13,I like trying new foods,0.275228884,Clara,24,positive,
stu_BCRYB29652,cls_OUMSN73782,sch_QQLIR33891,YES,TST Respose 12,I like fun,0.275275192,Clara,45,positive,
stu_BCRYB29652,cls_OUMSN73782,sch_QQLIR33891,YES,TST Respose 12,I like fun,0.275275192,Clara,24,positive,
stu_VGJIS59600,cls_DLRQP13887,sch_QQLIR33891,,TST Respose 11,It's always hard to make a decision for myself,0.275369357,Clara,45,negative,
stu_VGJIS59600,cls_DLRQP13887,sch_QQLIR33891,,TST Respose 11,It's always hard to make a decision for myself,0.275369357,Clara,42,negative,
stu_HMQRZ27503,cls_YFPVJ06178,sch_KACVP55227,YES,TST Respose 19,I learned my five one,0.275429767,Clara,48,neutral,
stu_LVOOZ80056,cls_OUMSN73782,sch_QQLIR33891,YES,TST Respose 4,I am a really athletic  person.,0.275613593,Clara,29,positive,
stu_VENGZ10475,cls_HEZZN95002,sch_QQLIR33891,,TST Respose 10,non-atheltic man,0.275614205,Clara,29,negative,
stu_VENGZ10475,cls_HEZZN95002,sch_QQLIR33891,,TST Respose 10,non-atheltic man,0.275614205,Clara,2,man,
stu_UEYTM01990,cls_HOJKW39162,sch_KACVP55227,YES,TST Respose 3,I wear glasses,0.275650497,Clara,35,neutral,
stu_VOXTG50835,cls_NUSEI70378,sch_KACVP55227,,TST Respose 12,i'v been to florida,0.275853503,Clara,48,none,
stu_CDXSC86692,cls_MAEBK64434,sch_QQLIR33891,,TST Respose 20,i am ther person that like to watch the view from high places,0.275989427,Clara,31,positive,
stu_CDXSC86692,cls_MAEBK64434,sch_QQLIR33891,,TST Respose 20,i am ther person that like to watch the view from high places,0.275989427,Clara,24,positive,
stu_UTXBZ05806,cls_MAEBK64434,sch_QQLIR33891,,TST Respose 7,i like to talk to people,0.276171516,Clara,31,positive,
stu_UTXBZ05806,cls_MAEBK64434,sch_QQLIR33891,,TST Respose 7,i like to talk to people,0.276171516,Clara,24,positive,
stu_UJNMI16598,cls_OUKFK08724,sch_RSWHG50450,,TST Respose 15,Capeverdean,0.276182207,Clara,7,cape verdean,
stu_SOWGI28002,cls_MAEBK64434,sch_QQLIR33891,,TST Respose 14,I am someone who loves go to Paris,0.276672656,Clara,31,positive,flag for later
stu_SOWGI28002,cls_MAEBK64434,sch_QQLIR33891,,TST Respose 14,I am someone who loves go to Paris,0.276672656,Clara,24,positive,flag for later
stu_FBOFA96484,cls_MAEBK64434,sch_QQLIR33891,,TST Respose 15,My birthday Month is June,0.277056994,Clara,22,june birthday,
stu_KGOWI06896,cls_AJBUO63250,sch_KACVP55227,,TST Respose 16,I like to play roblox,0.277859293,Clara,31,positive,
stu_KGOWI06896,cls_AJBUO63250,sch_KACVP55227,,TST Respose 16,I like to play roblox,0.277859293,Clara,24,positive,
stu_PNNIR08301,cls_HJQZF25095,sch_KACVP55227,YES,TST Respose 1,I am [FIRST LAST NAME].,0.278331419,Clara,5,none,
stu_OCRTY88035,cls_MAEBK64434,sch_QQLIR33891,,TST Respose 20,I am someone that loves my aunt.,0.27881851,Clara,12,positive,
stu_CINVJ49388,cls_HEZZN95002,sch_QQLIR33891,,TST Respose 20,i am [FIRST NAME] friend,0.279118006,Clara,10,neutral,
stu_XSQUV53095,cls_OUMSN73782,sch_QQLIR33891,YES,TST Respose 10,I AM [FIRST NAME] A HONOR STUDENT,0.279135968,Clara,14,positive,
stu_XSQUV53095,cls_OUMSN73782,sch_QQLIR33891,YES,TST Respose 10,I AM [FIRST NAME] A HONOR STUDENT,0.279135968,Clara,5,none,
stu_NRKZA72454,cls_MCLLA54915,sch_KACVP55227,YES,TST Respose 4,My friends are crazy,0.279300922,Clara,10,neutral,
stu_GCHCS91000,cls_SLKYU63739,sch_QQLIR33891,YES,TST Respose 6,i am a [SCHOOL NAME] student,0.279360201,Clara,14,neutral,
stu_QEGJI54214,cls_SLKYU63739,sch_QQLIR33891,YES,TST Respose 17,i am a hair lover,0.279578155,Clara,30,positive,
stu_QEGJI54214,cls_SLKYU63739,sch_QQLIR33891,YES,TST Respose 17,i am a hair lover,0.279578155,Clara,24,positive,
stu_ERQCY81201,cls_USLPT75423,sch_QQLIR33891,YES,TST Respose 17,I am a girl who has four sisters.,0.279688743,Clara,12,neutral,
stu_ERQCY81201,cls_USLPT75423,sch_QQLIR33891,YES,TST Respose 17,I am a girl who has four sisters.,0.279688743,Clara,2,girl,
stu_CQRFU18177,cls_JYBSH30995,sch_QQLIR33891,,TST Respose 10,I like going to the park,0.279754549,Clara,31,positive,
stu_CQRFU18177,cls_JYBSH30995,sch_QQLIR33891,,TST Respose 10,I like going to the park,0.279754549,Clara,24,positive,
stu_VKCWY07846,cls_DLRQP13887,sch_QQLIR33891,,TST Respose 14,im good at goegraphy,0.279909799,Clara,25,positive,
stu_SQLXP95993,cls_MFUGV02425,sch_QQLIR33891,,TST Respose 16,I love to do rely race,0.280077847,Clara,29,positive,
stu_SQLXP95993,cls_MFUGV02425,sch_QQLIR33891,,TST Respose 16,I love to do rely race,0.280077847,Clara,24,positive,
stu_YSQPA55709,cls_OUMSN73782,sch_QQLIR33891,,TST Respose 10,im into sports,0.280101996,Clara,29,positive,
stu_YSQPA55709,cls_OUMSN73782,sch_QQLIR33891,,TST Respose 10,im into sports,0.280101996,Clara,24,positive,
stu_KFYJM61476,cls_SYHWK05211,sch_KACVP55227,YES,TST Respose 14,I like to hang out with my friends.,0.280192772,Clara,31,positive,
stu_KFYJM61476,cls_SYHWK05211,sch_KACVP55227,YES,TST Respose 14,I like to hang out with my friends.,0.280192772,Clara,10,positive,
stu_KFYJM61476,cls_SYHWK05211,sch_KACVP55227,YES,TST Respose 14,I like to hang out with my friends.,0.280192772,Clara,24,positive,
stu_XUDYN03051,cls_FXSNE83092,sch_QQLIR33891,,TST Respose 11,I like ELA,0.280743053,Clara,25,positive,
stu_XUDYN03051,cls_FXSNE83092,sch_QQLIR33891,,TST Respose 11,I like ELA,0.280743053,Clara,24,positive,
stu_CETOG17008,cls_USLPT75423,sch_QQLIR33891,YES,TST Respose 17,tired,0.28095268,Clara,47,negative,
stu_FTOYB42084,cls_SLKYU63739,sch_QQLIR33891,YES,TST Respose 11,im kind,0.281097521,Clara,44,positive,
stu_KCRZD23226,cls_JDASF17902,sch_KACVP55227,,TST Respose 15,I love watch tiktok,0.281104871,Clara,27,positive,
stu_KCRZD23226,cls_JDASF17902,sch_KACVP55227,,TST Respose 15,I love watch tiktok,0.281104871,Clara,24,positive,
stu_FBOFA96484,cls_MAEBK64434,sch_QQLIR33891,,TST Respose 20,i am a great person,0.281203428,Clara,40,positive,
stu_OMSFY97090,cls_VFZRA31361,sch_KACVP55227,YES,TST Respose 7,im a students,0.281792846,Clara,14,neutral,
stu_QOGPO20181,cls_AVBRA70624,sch_KACVP55227,YES,TST Respose 10,l have siblings.,0.28181646,Clara,12,neutral,
stu_VTRUH97046,cls_DLRQP13887,sch_QQLIR33891,,TST Respose 2,I am Cape Verdean.,0.28209796,Clara,7,cape verdean,
stu_TSQUQ54202,cls_USLPT75423,sch_QQLIR33891,YES,TST Respose 12,I speak Chinese.,0.282804204,Clara,25,neutral,
stu_TSQUQ54202,cls_USLPT75423,sch_QQLIR33891,YES,TST Respose 12,I speak Chinese.,0.282804204,Clara,22,chinesespeaker,
stu_FTOYB42084,cls_SLKYU63739,sch_QQLIR33891,YES,TST Respose 2,im 14,0.282942958,Clara,4,14,
stu_LJAAE92948,cls_ERQJB18593,sch_QQLIR33891,YES,TST Respose 5,I play basketball,0.283136358,Clara,29,neutral,
stu_OMSFY97090,cls_VFZRA31361,sch_KACVP55227,YES,TST Respose 13,im a students,0.283404207,Clara,14,neutral,
stu_OIYXZ27717,cls_MAEBK64434,sch_QQLIR33891,,TST Respose 13,I am someone who birthday is the same as my friend,0.283430176,Clara,10,neutral,
stu_YSQPA55709,cls_OUMSN73782,sch_QQLIR33891,,TST Respose 5,im some one who works out,0.283464443,Clara,29,neutral,
stu_XXEBH66449,cls_GIJEF48865,sch_KACVP55227,,TST Respose 9,I am a student,0.285524344,Clara,14,neutral,
stu_HBPKA70291,cls_CIIPB03795,sch_RSWHG50450,YES,TST Respose 2,a smart person,0.285855055,Clara,43,positive,
stu_HBPKA70291,cls_CIIPB03795,sch_RSWHG50450,YES,TST Respose 2,a smart person,0.285855055,Clara,21,none,
stu_HBPKA70291,cls_CIIPB03795,sch_RSWHG50450,YES,TST Respose 2,a smart person,0.285855055,Clara,25,positive,
stu_DZJHT48666,cls_FXSNE83092,sch_QQLIR33891,,TST Respose 9,I love to sleep,0.285957456,Clara,31,positive,
stu_DZJHT48666,cls_FXSNE83092,sch_QQLIR33891,,TST Respose 9,I love to sleep,0.285957456,Clara,24,positive,
stu_SBUBU63586,cls_OUKFK08724,sch_RSWHG50450,YES,TST Respose 7,i am a good kid,0.286281802,Clara,40,positive,
stu_SBUBU63586,cls_OUKFK08724,sch_RSWHG50450,YES,TST Respose 7,i am a good kid,0.286281802,Clara,4,child,
stu_SBUBU63586,cls_OUKFK08724,sch_RSWHG50450,YES,TST Respose 7,i am a good kid,0.286281802,Clara,22,child,
stu_EHXGF51692,cls_OUMSN73782,sch_QQLIR33891,YES,TST Respose 20,I am kind,0.286557974,Clara,44,positive,
stu_UJNMI16598,cls_OUKFK08724,sch_RSWHG50450,,TST Respose 12,Listener,0.28681898,Clara,44,positive,
stu_EUIXK95276,cls_JDASF17902,sch_KACVP55227,,TST Respose 6,"I'm a student at the [SCHOOL NAME], I love dancing, singing, gym class, Art class, eating food",0.286866127,Clara,31,positive,
stu_EUIXK95276,cls_JDASF17902,sch_KACVP55227,,TST Respose 6,"I'm a student at the [SCHOOL NAME], I love dancing, singing, gym class, Art class, eating food",0.286866127,Clara,14,neutral,
stu_EUIXK95276,cls_JDASF17902,sch_KACVP55227,,TST Respose 6,"I'm a student at the [SCHOOL NAME], I love dancing, singing, gym class, Art class, eating food",0.286866127,Clara,24,positive,
stu_EUIXK95276,cls_JDASF17902,sch_KACVP55227,,TST Respose 6,"I'm a student at the [SCHOOL NAME], I love dancing, singing, gym class, Art class, eating food",0.286866127,Clara,26,positive,
stu_EUIXK95276,cls_JDASF17902,sch_KACVP55227,,TST Respose 6,"I'm a student at the [SCHOOL NAME], I love dancing, singing, gym class, Art class, eating food",0.286866127,Clara,29,positive,
stu_WAFQN21754,cls_TNHXN45809,sch_RSWHG50450,YES,TST Respose 3,I am funny,0.287288595,Clara,46,positive,
stu_JOKOV89559,cls_MAEBK64434,sch_QQLIR33891,,TST Respose 12,I am someone who loves being warm,0.28730027,Clara,24,positive,
stu_UEDQL23543,cls_USLPT75423,sch_QQLIR33891,YES,TST Respose 8,a good person,0.287814327,Clara,40,positive,
stu_YXBHV58732,cls_VFZRA31361,sch_KACVP55227,YES,TST Respose 12,I like the school lunch,0.287828594,Clara,24,positive,
stu_UEVQJ25414,cls_USLPT75423,sch_QQLIR33891,YES,TST Respose 8,im rspectpul,0.287912606,Clara,40,positive,
stu_MRIWT64391,cls_SYHWK05211,sch_KACVP55227,YES,TST Respose 20,"a stupid,anoying,cheater and sore loser",0.288177174,Clara,46,negative,
stu_MRIWT64391,cls_SYHWK05211,sch_KACVP55227,YES,TST Respose 20,"a stupid,anoying,cheater and sore loser",0.288177174,Clara,25,negative,
stu_MRIWT64391,cls_SYHWK05211,sch_KACVP55227,YES,TST Respose 20,"a stupid,anoying,cheater and sore loser",0.288177174,Clara,40,negative,
stu_WCANG48942,cls_HJQZF25095,sch_KACVP55227,YES,TST Respose 4,I like to eat food.,0.289122298,Clara,31,positive,
stu_WCANG48942,cls_HJQZF25095,sch_KACVP55227,YES,TST Respose 4,I like to eat food.,0.289122298,Clara,24,positive,
stu_UAFAK64772,cls_AJBUO63250,sch_KACVP55227,YES,TST Respose 10,pretty,0.289254995,Clara,35,positive,
stu_ANAWT41929,cls_CIIPB03795,sch_RSWHG50450,YES,TST Respose 1,I love basketball,0.289529464,Clara,29,positive,
stu_ANAWT41929,cls_CIIPB03795,sch_RSWHG50450,YES,TST Respose 1,I love basketball,0.289529464,Clara,24,positive,
stu_YBWGX96937,cls_MAEBK64434,sch_QQLIR33891,,TST Respose 10,i like my sister,0.290061749,Clara,12,positive,
stu_CDGKD03653,cls_JYBSH30995,sch_QQLIR33891,,TST Respose 16,i like takis,0.290187195,Clara,24,positive,
stu_WBAVA84528,cls_AVBRA70624,sch_KACVP55227,YES,TST Respose 10,i like movies,0.290837492,Clara,24,positive,
stu_ABSGH36082,cls_JYBSH30995,sch_QQLIR33891,,TST Respose 4,I'm a leader,0.291256418,Clara,46,positive,
stu_ABSGH36082,cls_JYBSH30995,sch_QQLIR33891,,TST Respose 4,I'm a leader,0.291256418,Clara,43,positive,
stu_OAZKI17777,cls_TNHXN45809,sch_RSWHG50450,YES,TST Respose 13,[LETTER OF NAME],0.291265156,Clara,5,none,
stu_KOIIB68446,cls_JYBSH30995,sch_QQLIR33891,,TST Respose 12,i want glasses,0.291919704,Clara,33,neutral,
stu_CNIFN64507,cls_OUMSN73782,sch_QQLIR33891,YES,TST Respose 8,i like the color black,0.292033231,Clara,24,positive,
stu_JVLXZ63894,cls_CIIPB03795,sch_RSWHG50450,YES,TST Respose 8,[TEACHER] student,0.29204391,Clara,14,neutral,
stu_VTRUH97046,cls_DLRQP13887,sch_QQLIR33891,,TST Respose 4,I am the oldest out of 3.,0.292347513,Clara,12,neutral,
stu_XXEBH66449,cls_GIJEF48865,sch_KACVP55227,,TST Respose 14,I am a student,0.29243186,Clara,14,neutral,
stu_VFKRH03938,cls_SLKYU63739,sch_QQLIR33891,,TST Respose 4,i am a fan a of football,0.292660531,Clara,29,positive,
stu_VFKRH03938,cls_SLKYU63739,sch_QQLIR33891,,TST Respose 4,i am a fan a of football,0.292660531,Clara,24,positive,
stu_FVHVM49769,cls_SLKYU63739,sch_QQLIR33891,YES,TST Respose 15,i have a 1 brother,0.293580402,Clara,12,neutral,
stu_CHVFQ54169,cls_JYBSH30995,sch_QQLIR33891,,TST Respose 11,I love to watch tv for fun.,0.294065402,Clara,31,positive,
stu_CHVFQ54169,cls_JYBSH30995,sch_QQLIR33891,,TST Respose 11,I love to watch tv for fun.,0.294065402,Clara,24,positive,
stu_QZOUO83023,cls_FBBRP25979,sch_QQLIR33891,YES,TST Respose 20,i love my life,0.294133028,Clara,45,positive,
stu_QZOUO83023,cls_FBBRP25979,sch_QQLIR33891,YES,TST Respose 20,i love my life,0.294133028,Clara,24,positive,
stu_OIYXZ27717,cls_MAEBK64434,sch_QQLIR33891,,TST Respose 14,I am someone who is 12 years old,0.294176666,Clara,4,12,
stu_QZOUO83023,cls_FBBRP25979,sch_QQLIR33891,YES,TST Respose 9,I relly like drawing,0.294297333,Clara,26,positive,
stu_QZOUO83023,cls_FBBRP25979,sch_QQLIR33891,YES,TST Respose 9,I relly like drawing,0.294297333,Clara,24,positive,
stu_AQNHF52456,cls_USLPT75423,sch_QQLIR33891,YES,TST Respose 5,entrepuer,0.294397589,Clara,13,neutral,
stu_XXEBH66449,cls_GIJEF48865,sch_KACVP55227,,TST Respose 18,I am a student,0.294667987,Clara,14,neutral,
stu_YNVPH88845,cls_MMBNN48363,sch_QQLIR33891,,TST Respose 8,I love my parents,0.295445637,Clara,24,positive,
stu_YNVPH88845,cls_MMBNN48363,sch_QQLIR33891,,TST Respose 8,I love my parents,0.295445637,Clara,12,positive,
stu_FBOFA96484,cls_MAEBK64434,sch_QQLIR33891,,TST Respose 6,i am kind,0.295643204,Clara,44,positive,
stu_LVOOZ80056,cls_OUMSN73782,sch_QQLIR33891,YES,TST Respose 3,I am kind.,0.295740633,Clara,44,positive,
stu_YXBHV58732,cls_VFZRA31361,sch_KACVP55227,YES,TST Respose 3,I like school,0.295860501,Clara,24,positive,
stu_YXBHV58732,cls_VFZRA31361,sch_KACVP55227,YES,TST Respose 3,I like school,0.295860501,Clara,14,positive,
stu_YGBLH44260,cls_IZNZG32572,sch_KACVP55227,YES,TST Respose 8,I prefer reading than having things read to me.,0.296166493,Clara,25,positive,
stu_CETOG17008,cls_USLPT75423,sch_QQLIR33891,YES,TST Respose 10,soccer enjoyer,0.29626586,Clara,29,positive,
stu_CETOG17008,cls_USLPT75423,sch_QQLIR33891,YES,TST Respose 10,soccer enjoyer,0.29626586,Clara,24,positive,
stu_XUDYN03051,cls_FXSNE83092,sch_QQLIR33891,,TST Respose 3,I am from ecuador,0.296358386,Clara,7,ecuadorian,
stu_CHVFQ54169,cls_JYBSH30995,sch_QQLIR33891,,TST Respose 17,I have long hair.,0.296622852,Clara,35,neutral,
stu_TDURA35752,cls_USLPT75423,sch_QQLIR33891,YES,TST Respose 19,I am loyal,0.296682766,Clara,44,positive,
stu_VQFBG95862,cls_USLPT75423,sch_QQLIR33891,,TST Respose 10,i am a football player,0.296975388,Clara,29,neutral,
stu_WZRKM29688,cls_HEBLM24075,sch_KACVP55227,,TST Respose 6,i like basketball,0.297053346,Clara,29,positive,
stu_WZRKM29688,cls_HEBLM24075,sch_KACVP55227,,TST Respose 6,i like basketball,0.297053346,Clara,24,positive,
stu_WBAVA84528,cls_AVBRA70624,sch_KACVP55227,YES,TST Respose 16,i like McDonald's but they call it WcDonald's,0.297199344,Clara,24,positive,
stu_PUNZK45438,cls_SLKYU63739,sch_QQLIR33891,YES,TST Respose 16,i have a pc,0.297299501,Clara,32,none,
stu_PJCOJ15115,cls_HEZZN95002,sch_QQLIR33891,,TST Respose 15,I am hardworking,0.29734832,Clara,41,positive,
stu_EUIXK95276,cls_JDASF17902,sch_KACVP55227,,TST Respose 14,"I'm a student at the [SCHOOL NAME], I love dancing, singing, gym class, Art class, eating food",0.29838931,Clara,31,positive,
stu_EUIXK95276,cls_JDASF17902,sch_KACVP55227,,TST Respose 14,"I'm a student at the [SCHOOL NAME], I love dancing, singing, gym class, Art class, eating food",0.29838931,Clara,14,neutral,
stu_EUIXK95276,cls_JDASF17902,sch_KACVP55227,,TST Respose 14,"I'm a student at the [SCHOOL NAME], I love dancing, singing, gym class, Art class, eating food",0.29838931,Clara,24,positive,
stu_EUIXK95276,cls_JDASF17902,sch_KACVP55227,,TST Respose 14,"I'm a student at the [SCHOOL NAME], I love dancing, singing, gym class, Art class, eating food",0.29838931,Clara,26,positive,
stu_EUIXK95276,cls_JDASF17902,sch_KACVP55227,,TST Respose 14,"I'm a student at the [SCHOOL NAME], I love dancing, singing, gym class, Art class, eating food",0.29838931,Clara,29,positive,
stu_SIWRL23181,cls_MMBNN48363,sch_QQLIR33891,,TST Respose 6,i am a good sibling,0.29855612,Clara,40,positive,
stu_SIWRL23181,cls_MMBNN48363,sch_QQLIR33891,,TST Respose 6,i am a good sibling,0.29855612,Clara,12,positive,
stu_KOIIB68446,cls_JYBSH30995,sch_QQLIR33891,,TST Respose 6,im Cape verdean,0.298614622,Clara,7,cape verdean,
stu_VQFBG95862,cls_USLPT75423,sch_QQLIR33891,,TST Respose 1,i am a genuis,0.298761935,Clara,43,positive,
stu_VQFBG95862,cls_USLPT75423,sch_QQLIR33891,,TST Respose 1,i am a genuis,0.298761935,Clara,25,positive,
stu_UYUIH18635,cls_FBBRP25979,sch_QQLIR33891,,TST Respose 8,Im a [SCHOOL NAME - MASCOT],0.298967072,Clara,14,neutral,
stu_RFRYE74718,cls_OUMSN73782,sch_QQLIR33891,YES,TST Respose 9,I am a fellow McDonald lover.,0.299210938,Clara,24,positive,
stu_VNSDU81090,cls_JYBSH30995,sch_QQLIR33891,,TST Respose 17,i love playing wiht my dog,0.299469223,Clara,31,positive,
stu_VNSDU81090,cls_JYBSH30995,sch_QQLIR33891,,TST Respose 17,i love playing wiht my dog,0.299469223,Clara,24,positive,
stu_WDDQQ92015,cls_YLGBO89611,sch_KACVP55227,,TST Respose 3,i am a student,0.29990278,Clara,14,neutral,
stu_JOVOI38701,cls_MAEBK64434,sch_QQLIR33891,,TST Respose 15,I am someone who loves to travel.,0.300045048,Clara,31,positive,
stu_JOVOI38701,cls_MAEBK64434,sch_QQLIR33891,,TST Respose 15,I am someone who loves to travel.,0.300045048,Clara,24,positive,
stu_EQSJM78476,cls_FBBRP25979,sch_QQLIR33891,,TST Respose 4,i am in honors math,0.300253844,Clara,14,positive,
stu_PUHUL75671,cls_HEZZN95002,sch_QQLIR33891,,TST Respose 9,hardworking,0.300578404,Clara,41,positive,
stu_ORUUL82324,cls_FBBRP25979,sch_QQLIR33891,,TST Respose 10,I'm African-American,0.300882738,Clara,6,african-american,
stu_NKHRJ04957,cls_FBBRP25979,sch_QQLIR33891,,TST Respose 3,I am cape verdian,0.301029324,Clara,7,cape verdean,
stu_NZWIU92234,cls_JYBSH30995,sch_QQLIR33891,,TST Respose 14,I love ice cream,0.30131825,Clara,24,positive,
stu_DERZZ01872,cls_GIJEF48865,sch_KACVP55227,,TST Respose 5,I like school,0.301402214,Clara,24,positive,
stu_DERZZ01872,cls_GIJEF48865,sch_KACVP55227,,TST Respose 5,I like school,0.301402214,Clara,14,positive,
stu_NWRRC44615,cls_JYBSH30995,sch_QQLIR33891,,TST Respose 16,sometimes i have a favorite parent,0.301531855,Clara,12,neutral,
stu_SIWRL23181,cls_MMBNN48363,sch_QQLIR33891,,TST Respose 8,i am a brazillian,0.301731027,Clara,7,brazilian,
stu_JOVOI38701,cls_MAEBK64434,sch_QQLIR33891,,TST Respose 6,I am someone who likes going to water parks.,0.302009118,Clara,31,positive,
stu_JOVOI38701,cls_MAEBK64434,sch_QQLIR33891,,TST Respose 6,I am someone who likes going to water parks.,0.302009118,Clara,24,positive,
stu_NZWIU92234,cls_JYBSH30995,sch_QQLIR33891,,TST Respose 5,i have 1 pet,0.302369483,Clara,32,none,
stu_FVHVM49769,cls_SLKYU63739,sch_QQLIR33891,YES,TST Respose 9,i am a takis lover,0.30246798,Clara,24,positive,
stu_QHOON52054,cls_MCLLA54915,sch_KACVP55227,YES,TST Respose 5,I am good at just about any sport I play,0.302759446,Clara,29,positive,
stu_JERPG96865,cls_IZNZG32572,sch_KACVP55227,YES,TST Respose 3,i like archery.,0.302904071,Clara,29,positive,
stu_JERPG96865,cls_IZNZG32572,sch_KACVP55227,YES,TST Respose 3,i like archery.,0.302904071,Clara,24,positive,
stu_CAGAM03126,cls_HOJKW39162,sch_KACVP55227,YES,TST Respose 4,I am a shy person.,0.302994679,Clara,44,neutral,
stu_HLKZL24322,cls_MAEBK64434,sch_QQLIR33891,,TST Respose 16,i like ice-cream,0.303292449,Clara,24,positive,
stu_CULOH75877,cls_HEZZN95002,sch_QQLIR33891,,TST Respose 4,I am smart,0.303391502,Clara,43,positive,
stu_CULOH75877,cls_HEZZN95002,sch_QQLIR33891,,TST Respose 4,I am smart,0.303391502,Clara,25,positive,
stu_WEADW20158,cls_JYBSH30995,sch_QQLIR33891,,TST Respose 13,i like calling my friends,0.30356784,Clara,31,positive,
stu_WEADW20158,cls_JYBSH30995,sch_QQLIR33891,,TST Respose 13,i like calling my friends,0.30356784,Clara,10,positive,
stu_WEADW20158,cls_JYBSH30995,sch_QQLIR33891,,TST Respose 13,i like calling my friends,0.30356784,Clara,24,positive,
stu_STIXI97047,cls_CXLDP17094,sch_KACVP55227,,TST Respose 1,I would like to get games before getting right into the point.,0.303957621,Clara,24,positive,
stu_TRKWP48352,cls_MAEBK64434,sch_QQLIR33891,,TST Respose 8,I am a person who likes green apples,0.30413152,Clara,24,positive,
stu_RUZUK44953,cls_HOJKW39162,sch_KACVP55227,YES,TST Respose 10,I am someone who has dark skin,0.304221764,Clara,6,dark skin,
stu_IIOVZ06372,cls_HJQZF25095,sch_KACVP55227,YES,TST Respose 5,I like going shopping,0.304560012,Clara,30,positive,
stu_IIOVZ06372,cls_HJQZF25095,sch_KACVP55227,YES,TST Respose 5,I like going shopping,0.304560012,Clara,24,positive,
stu_HEPWQ98561,cls_ZUQLK09797,sch_KACVP55227,,TST Respose 18,i love my 20 year old cousin,0.304601188,Clara,24,positive,
stu_HEPWQ98561,cls_ZUQLK09797,sch_KACVP55227,,TST Respose 18,i love my 20 year old cousin,0.304601188,Clara,12,positive,
stu_ZUARE93356,cls_MAEBK64434,sch_QQLIR33891,,TST Respose 20,I am from Cape Verde,0.304613475,Clara,7,cape verdean,
stu_ZYUDW82089,cls_OUMSN73782,sch_QQLIR33891,YES,TST Respose 14,i am in honors,0.304644765,Clara,14,positive,
stu_YPZIM54297,cls_MAEBK64434,sch_QQLIR33891,,TST Respose 3,I am a respectful persone,0.30467172,Clara,40,positive,
stu_ORUUL82324,cls_FBBRP25979,sch_QQLIR33891,,TST Respose 13,I live in a two-story house,0.304735788,Clara,32,neutral,
stu_WWNBY52737,cls_OUMSN73782,sch_QQLIR33891,YES,TST Respose 2,I am 11 years old.,0.304787081,Clara,4,11,
stu_QACJQ31561,cls_JYBSH30995,sch_QQLIR33891,,TST Respose 11,my hair is brownish black,0.304852356,Clara,35,neutral,
stu_EHYTZ32137,cls_USLPT75423,sch_QQLIR33891,YES,TST Respose 2,I work hard in school,0.305388923,Clara,41,positive,
stu_EHYTZ32137,cls_USLPT75423,sch_QQLIR33891,YES,TST Respose 2,I work hard in school,0.305388923,Clara,14,positive,
stu_QOGPO20181,cls_AVBRA70624,sch_KACVP55227,YES,TST Respose 15,l was not born in America,0.305510849,Clara,8,not born in america,
stu_UEYTM01990,cls_HOJKW39162,sch_KACVP55227,YES,TST Respose 11,I have two sisters,0.305711075,Clara,12,neutral,
stu_JPMJO86637,cls_YFPVJ06178,sch_KACVP55227,YES,TST Respose 2,i'm short,0.306661234,Clara,35,neutral,
stu_SQLXP95993,cls_MFUGV02425,sch_QQLIR33891,,TST Respose 1,I'm a 6th grade student,0.306896411,Clara,22,6thgrade,
stu_SQLXP95993,cls_MFUGV02425,sch_QQLIR33891,,TST Respose 1,I'm a 6th grade student,0.306896411,Clara,4,6thgrade,
stu_SQLXP95993,cls_MFUGV02425,sch_QQLIR33891,,TST Respose 1,I'm a 6th grade student,0.306896411,Clara,14,neutral,
stu_BCRYB29652,cls_OUMSN73782,sch_QQLIR33891,YES,TST Respose 16,I like winning,0.306995661,Clara,24,positive,
stu_FPTDO32773,cls_TNHXN45809,sch_RSWHG50450,YES,TST Respose 14,a talented person,0.307190342,Clara,43,positive,
stu_EJIML93711,cls_AJBUO63250,sch_KACVP55227,,TST Respose 20,I do not like math at all.,0.307466942,Clara,25,negative,
stu_EJIML93711,cls_AJBUO63250,sch_KACVP55227,,TST Respose 20,I do not like math at all.,0.307466942,Clara,24,negative,
stu_EHYTZ32137,cls_USLPT75423,sch_QQLIR33891,YES,TST Respose 17,i like going on vaction,0.307709002,Clara,31,positive,
stu_EHYTZ32137,cls_USLPT75423,sch_QQLIR33891,YES,TST Respose 17,i like going on vaction,0.307709002,Clara,24,positive,
stu_SELBD60428,cls_AJBUO63250,sch_KACVP55227,,TST Respose 15,student,0.307985007,Clara,14,neutral,
stu_QEGJI54214,cls_SLKYU63739,sch_QQLIR33891,YES,TST Respose 14,i am a youtube lover,0.30816173,Clara,27,positive,
stu_QEGJI54214,cls_SLKYU63739,sch_QQLIR33891,YES,TST Respose 14,i am a youtube lover,0.30816173,Clara,24,positive,
stu_VFKRH03938,cls_SLKYU63739,sch_QQLIR33891,,TST Respose 12,i am a kind person,0.308207285,Clara,44,positive,
stu_VFKRH03938,cls_SLKYU63739,sch_QQLIR33891,,TST Respose 12,i am a kind person,0.308207285,Clara,21,none,
stu_RNIHY62490,cls_OUMSN73782,sch_QQLIR33891,YES,TST Respose 18,I am strong,0.308619972,Clara,35,positive,
stu_NRKZA72454,cls_MCLLA54915,sch_KACVP55227,YES,TST Respose 19,I like kitten posts.,0.308706598,Clara,24,positive,
stu_SAOLH99639,cls_FXSNE83092,sch_QQLIR33891,,TST Respose 16,i like tiktock,0.308731913,Clara,27,positive,
stu_SAOLH99639,cls_FXSNE83092,sch_QQLIR33891,,TST Respose 16,i like tiktock,0.308731913,Clara,24,positive,
stu_CWJCN88700,cls_DLRQP13887,sch_QQLIR33891,,TST Respose 9,I am in love with animals,0.30910794,Clara,24,positive,
stu_CTAZU65504,cls_USLPT75423,sch_QQLIR33891,YES,TST Respose 17,I like dancing,0.309796981,Clara,26,positive,
stu_CTAZU65504,cls_USLPT75423,sch_QQLIR33891,YES,TST Respose 17,I like dancing,0.309796981,Clara,24,positive,
stu_LTSJK02079,cls_FBBRP25979,sch_QQLIR33891,,TST Respose 14,I have a cat,0.309894029,Clara,32,none,
stu_FWPPR22255,cls_YFPVJ06178,sch_KACVP55227,YES,TST Respose 12,I am good at game,0.309990185,Clara,31,positive,
stu_SJNFF34466,cls_OSSJA45538,sch_KACVP55227,,TST Respose 13,plays roblox,0.310052746,Clara,28,neutral,
stu_LNFOE66635,cls_AJBUO63250,sch_KACVP55227,YES,TST Respose 9,i like watching movies,0.31043283,Clara,31,positive,
stu_LNFOE66635,cls_AJBUO63250,sch_KACVP55227,YES,TST Respose 9,i like watching movies,0.31043283,Clara,24,positive,
stu_VFKRH03938,cls_SLKYU63739,sch_QQLIR33891,,TST Respose 15,i am a smart person,0.310528417,Clara,43,positive,
stu_VFKRH03938,cls_SLKYU63739,sch_QQLIR33891,,TST Respose 15,i am a smart person,0.310528417,Clara,21,none,
stu_VFKRH03938,cls_SLKYU63739,sch_QQLIR33891,,TST Respose 15,i am a smart person,0.310528417,Clara,25,positive,
stu_IDHIE84911,cls_YFPVJ06178,sch_KACVP55227,YES,TST Respose 16,i like to chopigne,0.31090039,Clara,31,positive,
stu_IDHIE84911,cls_YFPVJ06178,sch_KACVP55227,YES,TST Respose 16,i like to chopigne,0.31090039,Clara,24,positive,
stu_QPHPK12517,cls_HEZZN95002,sch_QQLIR33891,,TST Respose 3,happy,0.310909276,Clara,45,positive,
stu_MTCIM85775,cls_TNHXN45809,sch_RSWHG50450,,TST Respose 5,I am a son,0.31112541,Clara,12,neutral,
stu_MTCIM85775,cls_TNHXN45809,sch_RSWHG50450,,TST Respose 5,I am a son,0.31112541,Clara,2,boy,
stu_LVOOZ80056,cls_OUMSN73782,sch_QQLIR33891,YES,TST Respose 11,I am beautiful.,0.31156855,Clara,35,positive,
stu_WPVZY01902,cls_YLGBO89611,sch_KACVP55227,,TST Respose 19,I like Money,0.311859404,Clara,34,positive,
stu_WPVZY01902,cls_YLGBO89611,sch_KACVP55227,,TST Respose 19,I like Money,0.311859404,Clara,24,positive,
stu_UEYTM01990,cls_HOJKW39162,sch_KACVP55227,YES,TST Respose 8,I play softball,0.312355131,Clara,29,neutral,
stu_CQRFU18177,cls_JYBSH30995,sch_QQLIR33891,,TST Respose 14,my favorite color is green,0.312481821,Clara,24,positive,
stu_XXEBH66449,cls_GIJEF48865,sch_KACVP55227,,TST Respose 19,I am a student,0.312824291,Clara,14,neutral,
stu_WAWDW95831,cls_SYHWK05211,sch_KACVP55227,,TST Respose 3,I love sports.,0.312904314,Clara,29,positive,
stu_WAWDW95831,cls_SYHWK05211,sch_KACVP55227,,TST Respose 3,I love sports.,0.312904314,Clara,24,positive,
stu_HVWUJ52450,cls_FXSNE83092,sch_QQLIR33891,,TST Respose 8,i dont like school,0.313221579,Clara,14,negative,
stu_WBAVA84528,cls_AVBRA70624,sch_KACVP55227,YES,TST Respose 7,i like taco bell,0.313639346,Clara,24,positive,
stu_MYCLF44200,cls_UZFMO35109,sch_QQLIR33891,,TST Respose 13,I like diamonds.,0.31368116,Clara,24,positive,
stu_OMSFY97090,cls_VFZRA31361,sch_KACVP55227,YES,TST Respose 18,im a students,0.31372033,Clara,14,neutral,
stu_FUILC09238,cls_HEBLM24075,sch_KACVP55227,,TST Respose 1,a tall person,0.314106242,Clara,35,neutral,
stu_BESSB35006,cls_CIIPB03795,sch_RSWHG50450,YES,TST Respose 3,`I like to use my phone,0.314216114,Clara,27,positive,
stu_BESSB35006,cls_CIIPB03795,sch_RSWHG50450,YES,TST Respose 3,`I like to use my phone,0.314216114,Clara,24,positive,
stu_VNSDU81090,cls_JYBSH30995,sch_QQLIR33891,,TST Respose 19,i love math,0.314232159,Clara,25,positive,
stu_VNSDU81090,cls_JYBSH30995,sch_QQLIR33891,,TST Respose 19,i love math,0.314232159,Clara,24,positive,
stu_OQLOS45541,cls_USLPT75423,sch_QQLIR33891,YES,TST Respose 19,I'm a friend.,0.314276163,Clara,10,neutral,
stu_WBAVA84528,cls_AVBRA70624,sch_KACVP55227,YES,TST Respose 20,and i like my family,0.314419417,Clara,24,positive,
stu_WBAVA84528,cls_AVBRA70624,sch_KACVP55227,YES,TST Respose 20,and i like my family,0.314419417,Clara,12,positive,
stu_NJZBY59884,cls_MAEBK64434,sch_QQLIR33891,,TST Respose 3,"my fav color is blue,black",0.314446587,Clara,24,positive,
stu_CPVXX19825,cls_MAEBK64434,sch_QQLIR33891,,TST Respose 20,I like babysitting my 3 year old brother,0.314594511,Clara,31,positive,
stu_CPVXX19825,cls_MAEBK64434,sch_QQLIR33891,,TST Respose 20,I like babysitting my 3 year old brother,0.314594511,Clara,12,positive,
stu_CPVXX19825,cls_MAEBK64434,sch_QQLIR33891,,TST Respose 20,I like babysitting my 3 year old brother,0.314594511,Clara,24,positive,
stu_CETOG17008,cls_USLPT75423,sch_QQLIR33891,YES,TST Respose 16,loud,0.314674485,Clara,46,neutral,
stu_CETOG17008,cls_USLPT75423,sch_QQLIR33891,YES,TST Respose 16,loud,0.314674485,Clara,44,neutral,
stu_BJJXN95776,cls_MAEBK64434,sch_QQLIR33891,,TST Respose 13,I am 12 years of age,0.31492007,Clara,4,12,
stu_QQAHK93946,cls_FXSNE83092,sch_QQLIR33891,,TST Respose 20,I like sketching in the sketchbook,0.31568213,Clara,26,positive,
stu_QQAHK93946,cls_FXSNE83092,sch_QQLIR33891,,TST Respose 20,I like sketching in the sketchbook,0.31568213,Clara,24,positive,
stu_HBPKA70291,cls_CIIPB03795,sch_RSWHG50450,YES,TST Respose 1,a cook,0.316060592,Clara,31,neutral,
stu_RUBQU39803,cls_OUMSN73782,sch_QQLIR33891,,TST Respose 19,i am a playful person,0.316062976,Clara,44,positive,
stu_EUIXK95276,cls_JDASF17902,sch_KACVP55227,,TST Respose 20,"I'm a student at the [SCHOOL NAME] I love dancing, singing, gym class, Art class, eating food",0.316176183,Clara,31,positive,
stu_EUIXK95276,cls_JDASF17902,sch_KACVP55227,,TST Respose 20,"I'm a student at the [SCHOOL NAME] I love dancing, singing, gym class, Art class, eating food",0.316176183,Clara,14,neutral,
stu_EUIXK95276,cls_JDASF17902,sch_KACVP55227,,TST Respose 20,"I'm a student at the [SCHOOL NAME] I love dancing, singing, gym class, Art class, eating food",0.316176183,Clara,24,positive,
stu_EUIXK95276,cls_JDASF17902,sch_KACVP55227,,TST Respose 20,"I'm a student at the [SCHOOL NAME] I love dancing, singing, gym class, Art class, eating food",0.316176183,Clara,26,positive,
stu_EUIXK95276,cls_JDASF17902,sch_KACVP55227,,TST Respose 20,"I'm a student at the [SCHOOL NAME] I love dancing, singing, gym class, Art class, eating food",0.316176183,Clara,29,positive,
stu_HEPWQ98561,cls_ZUQLK09797,sch_KACVP55227,,TST Respose 15,i like helping my mom on certain stuff.,0.316236622,Clara,31,positive,
stu_HEPWQ98561,cls_ZUQLK09797,sch_KACVP55227,,TST Respose 15,i like helping my mom on certain stuff.,0.316236622,Clara,12,positive,
stu_HEPWQ98561,cls_ZUQLK09797,sch_KACVP55227,,TST Respose 15,i like helping my mom on certain stuff.,0.316236622,Clara,24,positive,
stu_QCKDZ64012,cls_HEZZN95002,sch_QQLIR33891,,TST Respose 3,I love eating food,0.316284698,Clara,24,positive,
stu_JOVOI38701,cls_MAEBK64434,sch_QQLIR33891,,TST Respose 20,I am someone who likes pancakes.,0.316472742,Clara,24,positive,
stu_WEADW20158,cls_JYBSH30995,sch_QQLIR33891,,TST Respose 20,im a funny person,0.316799213,Clara,46,positive,
stu_WEADW20158,cls_JYBSH30995,sch_QQLIR33891,,TST Respose 20,im a funny person,0.316799213,Clara,21,none,
stu_VFKRH03938,cls_SLKYU63739,sch_QQLIR33891,,TST Respose 8,i love the game,0.317676981,Clara,28,positive,
stu_RFRYE74718,cls_OUMSN73782,sch_QQLIR33891,YES,TST Respose 15,I am a person that likes cats,0.31777967,Clara,24,positive,
stu_LKAAV41369,cls_FBBRP25979,sch_QQLIR33891,,TST Respose 2,I am the youngest child,0.317865027,Clara,22,youngestchild,
stu_LKAAV41369,cls_FBBRP25979,sch_QQLIR33891,,TST Respose 2,I am the youngest child,0.317865027,Clara,12,neutral,
stu_XHGVP79664,cls_HEZZN95002,sch_QQLIR33891,,TST Respose 10,im an only child,0.317923118,Clara,22,onlychild,
stu_XHGVP79664,cls_HEZZN95002,sch_QQLIR33891,,TST Respose 10,im an only child,0.317923118,Clara,12,neutral,
stu_NXWSI70882,cls_MCLLA54915,sch_KACVP55227,YES,TST Respose 2,a person who plays videogames,0.318069664,Clara,28,neutral,
stu_FNVBP19615,cls_DLRQP13887,sch_QQLIR33891,,TST Respose 4,I play a lot of sports.,0.31837876,Clara,29,neutral,
stu_WWNBY52737,cls_OUMSN73782,sch_QQLIR33891,YES,TST Respose 13,I am a runner.,0.318651858,Clara,29,neutral,
stu_FVHVM49769,cls_SLKYU63739,sch_QQLIR33891,YES,TST Respose 14,i live with both of my parents,0.318817899,Clara,12,neutral,
stu_KOUYR40301,cls_SYHWK05211,sch_KACVP55227,,TST Respose 18,I like Mathia,0.318911304,Clara,24,positive,
stu_KOUYR40301,cls_SYHWK05211,sch_KACVP55227,,TST Respose 18,I like Mathia,0.318911304,Clara,14,positive,
stu_ECYEC76336,cls_OUMSN73782,sch_QQLIR33891,YES,TST Respose 16,I am a [SCHOOL NAME MASCOT],0.319143323,Clara,14,neutral,
stu_WTRMC77187,cls_IZNZG32572,sch_KACVP55227,YES,TST Respose 1,I like math,0.319502918,Clara,25,positive,
stu_WTRMC77187,cls_IZNZG32572,sch_KACVP55227,YES,TST Respose 1,I like math,0.319502918,Clara,24,positive,
stu_SQLXP95993,cls_MFUGV02425,sch_QQLIR33891,,TST Respose 12,I sit next to [FIRST NAME],0.319710031,Clara,47,neutral,
stu_AHWRN95528,cls_MAEBK64434,sch_QQLIR33891,,TST Respose 4,I am someone who likes soccer,0.319997633,Clara,29,positive,
stu_AHWRN95528,cls_MAEBK64434,sch_QQLIR33891,,TST Respose 4,I am someone who likes soccer,0.319997633,Clara,24,positive,
stu_UYUIH18635,cls_FBBRP25979,sch_QQLIR33891,,TST Respose 9,I like video games,0.32010052,Clara,28,positive,
stu_UYUIH18635,cls_FBBRP25979,sch_QQLIR33891,,TST Respose 9,I like video games,0.32010052,Clara,24,positive,
stu_TSQUQ54202,cls_USLPT75423,sch_QQLIR33891,YES,TST Respose 8,I love kids.,0.321261739,Clara,44,positive,
stu_JOVOI38701,cls_MAEBK64434,sch_QQLIR33891,,TST Respose 8,I am a person who likes pizza.,0.321294254,Clara,24,positive,
stu_VFKRH03938,cls_SLKYU63739,sch_QQLIR33891,,TST Respose 10,i am someone's son,0.321519718,Clara,12,neutral,
stu_VFKRH03938,cls_SLKYU63739,sch_QQLIR33891,,TST Respose 10,i am someone's son,0.321519718,Clara,2,boy,
stu_YXJEP22115,cls_USLPT75423,sch_QQLIR33891,YES,TST Respose 2,I am an 8th grader,0.321522808,Clara,22,8thgrade,
stu_YXJEP22115,cls_USLPT75423,sch_QQLIR33891,YES,TST Respose 2,I am an 8th grader,0.321522808,Clara,4,8thgrade,
stu_YXJEP22115,cls_USLPT75423,sch_QQLIR33891,YES,TST Respose 2,I am an 8th grader,0.321522808,Clara,14,neutral,
stu_EJIML93711,cls_AJBUO63250,sch_KACVP55227,,TST Respose 17,I like doing nails,0.321944229,Clara,30,positive,
stu_EJIML93711,cls_AJBUO63250,sch_KACVP55227,,TST Respose 17,I like doing nails,0.321944229,Clara,24,positive,
stu_XHPVX80161,cls_TNHXN45809,sch_RSWHG50450,,TST Respose 7,a fortnite lover,0.322855556,Clara,28,positive,
stu_XHPVX80161,cls_TNHXN45809,sch_RSWHG50450,,TST Respose 7,a fortnite lover,0.322855556,Clara,24,positive,
stu_GXMFA19655,cls_PQLMX93290,sch_SIWHM63035,YES,TST Respose 1,student,0.323137956,Clara,14,neutral,
stu_ZYUDW82089,cls_OUMSN73782,sch_QQLIR33891,YES,TST Respose 2,a gamer,0.323256537,Clara,28,neutral,
stu_CINVJ49388,cls_HEZZN95002,sch_QQLIR33891,,TST Respose 7,rocket league player,0.323352559,Clara,28,neutral,
stu_EUIXK95276,cls_JDASF17902,sch_KACVP55227,,TST Respose 16,"I'm a student at the [SCHOOL NAME] I love dancing, singing, gym class, Art class, eating food",0.323359211,Clara,31,positive,
stu_EUIXK95276,cls_JDASF17902,sch_KACVP55227,,TST Respose 16,"I'm a student at the [SCHOOL NAME] I love dancing, singing, gym class, Art class, eating food",0.323359211,Clara,14,neutral,
stu_EUIXK95276,cls_JDASF17902,sch_KACVP55227,,TST Respose 16,"I'm a student at the [SCHOOL NAME] I love dancing, singing, gym class, Art class, eating food",0.323359211,Clara,24,positive,
stu_EUIXK95276,cls_JDASF17902,sch_KACVP55227,,TST Respose 16,"I'm a student at the [SCHOOL NAME] I love dancing, singing, gym class, Art class, eating food",0.323359211,Clara,26,positive,
stu_EUIXK95276,cls_JDASF17902,sch_KACVP55227,,TST Respose 16,"I'm a student at the [SCHOOL NAME] I love dancing, singing, gym class, Art class, eating food",0.323359211,Clara,29,positive,
stu_NYHDW07721,cls_CIIPB03795,sch_RSWHG50450,,TST Respose 2,A girl,0.323446687,Clara,2,girl,
stu_RDOVU20570,cls_SLKYU63739,sch_QQLIR33891,YES,TST Respose 19,i am math lover,0.323734214,Clara,25,positive,
stu_RDOVU20570,cls_SLKYU63739,sch_QQLIR33891,YES,TST Respose 19,i am math lover,0.323734214,Clara,24,positive,
stu_QZOUO83023,cls_FBBRP25979,sch_QQLIR33891,YES,TST Respose 3,I like dragons,0.324418747,Clara,24,positive,
stu_MTCIM85775,cls_TNHXN45809,sch_RSWHG50450,,TST Respose 19,A 6th grader,0.324574626,Clara,22,6thgrade,
stu_MTCIM85775,cls_TNHXN45809,sch_RSWHG50450,,TST Respose 19,A 6th grader,0.324574626,Clara,4,6thgrade,
stu_MTCIM85775,cls_TNHXN45809,sch_RSWHG50450,,TST Respose 19,A 6th grader,0.324574626,Clara,14,neutral,
stu_WPVZY01902,cls_YLGBO89611,sch_KACVP55227,,TST Respose 8,i dont like 1 hour and a half of math,0.32480692,Clara,24,negative,
stu_WPVZY01902,cls_YLGBO89611,sch_KACVP55227,,TST Respose 8,i dont like 1 hour and a half of math,0.32480692,Clara,14,negative,
stu_UHXBA77476,cls_FBBRP25979,sch_QQLIR33891,,TST Respose 1,I'm a girl,0.324941944,Clara,2,girl,
stu_RSKDK68207,cls_SIVDJ49041,sch_KACVP55227,,TST Respose 14,I am heterosexual (I like males).,0.325101678,Clara,3,straight,
stu_ABSGH36082,cls_JYBSH30995,sch_QQLIR33891,,TST Respose 19,I want to be a nurse,0.325224402,Clara,13,positive,
stu_WBAVA84528,cls_AVBRA70624,sch_KACVP55227,YES,TST Respose 14,i like cars,0.325369899,Clara,24,positive,
stu_SAOLH99639,cls_FXSNE83092,sch_QQLIR33891,,TST Respose 8,a boy,0.325852578,Clara,2,boy,
stu_UYFTQ45542,cls_USLPT75423,sch_QQLIR33891,YES,TST Respose 5,I am a very smart student,0.326112902,Clara,43,positive,
stu_UYFTQ45542,cls_USLPT75423,sch_QQLIR33891,YES,TST Respose 5,I am a very smart student,0.326112902,Clara,14,positive,
stu_UYFTQ45542,cls_USLPT75423,sch_QQLIR33891,YES,TST Respose 5,I am a very smart student,0.326112902,Clara,25,positive,
stu_QHOON52054,cls_MCLLA54915,sch_KACVP55227,YES,TST Respose 7,I am smart,0.326347686,Clara,43,positive,
stu_QHOON52054,cls_MCLLA54915,sch_KACVP55227,YES,TST Respose 7,I am smart,0.326347686,Clara,25,positive,
stu_NKHRJ04957,cls_FBBRP25979,sch_QQLIR33891,,TST Respose 9,i like blue,0.326438101,Clara,24,positive,
stu_UTXBZ05806,cls_MAEBK64434,sch_QQLIR33891,,TST Respose 20,i am someone that has been playing soccer for 3 and half years,0.326857079,Clara,29,positive,
stu_UTXBZ05806,cls_MAEBK64434,sch_QQLIR33891,,TST Respose 20,i am someone that has been playing soccer for 3 and half years,0.326857079,Clara,24,positive,
stu_PFDTL78462,cls_NUSEI70378,sch_KACVP55227,,TST Respose 19,I am very honest.,0.326904876,Clara,40,positive,
stu_SJNFF34466,cls_OSSJA45538,sch_KACVP55227,,TST Respose 9,a twin,0.326919716,Clara,12,neutral,
stu_HBPKA70291,cls_CIIPB03795,sch_RSWHG50450,YES,TST Respose 5,a movie person,0.327028603,Clara,31,neutral,
stu_ORUUL82324,cls_FBBRP25979,sch_QQLIR33891,,TST Respose 3,I do karate (jiujitsu),0.327134636,Clara,29,neutral,
stu_XHPVX80161,cls_TNHXN45809,sch_RSWHG50450,,TST Respose 9,i am my fathers son,0.327208726,Clara,12,neutral,
stu_XHPVX80161,cls_TNHXN45809,sch_RSWHG50450,,TST Respose 9,i am my fathers son,0.327208726,Clara,2,boy,
stu_UTXBZ05806,cls_MAEBK64434,sch_QQLIR33891,,TST Respose 19,i am someone who likes to watch soccer games,0.327321719,Clara,31,positive,
stu_UTXBZ05806,cls_MAEBK64434,sch_QQLIR33891,,TST Respose 19,i am someone who likes to watch soccer games,0.327321719,Clara,24,positive,
stu_XCKNQ66212,cls_USLPT75423,sch_QQLIR33891,YES,TST Respose 13,i'm trustworthy,0.327458723,Clara,46,positive,
stu_XCKNQ66212,cls_USLPT75423,sch_QQLIR33891,YES,TST Respose 13,i'm trustworthy,0.327458723,Clara,40,positive,
stu_HEPWQ98561,cls_ZUQLK09797,sch_KACVP55227,,TST Respose 12,i like ice cream,0.327495769,Clara,24,positive,
stu_NRKZA72454,cls_MCLLA54915,sch_KACVP55227,YES,TST Respose 16,Life is very boring right now.,0.327823799,Clara,47,negative,
stu_ERQCY81201,cls_USLPT75423,sch_QQLIR33891,YES,TST Respose 16,I am a girl who wants to go horseback riding.,0.328001628,Clara,33,none,
stu_ERQCY81201,cls_USLPT75423,sch_QQLIR33891,YES,TST Respose 16,I am a girl who wants to go horseback riding.,0.328001628,Clara,2,girl,
stu_UEDQL23543,cls_USLPT75423,sch_QQLIR33891,YES,TST Respose 4,good at math,0.328207448,Clara,25,positive,
stu_VUNQZ79892,cls_CIIPB03795,sch_RSWHG50450,YES,TST Respose 17,im a kid,0.328337749,Clara,22,child,
stu_VUNQZ79892,cls_CIIPB03795,sch_RSWHG50450,YES,TST Respose 17,im a kid,0.328337749,Clara,4,child,
stu_ANAWT41929,cls_CIIPB03795,sch_RSWHG50450,YES,TST Respose 16,I love cars,0.328584046,Clara,24,positive,
stu_JOKOV89559,cls_MAEBK64434,sch_QQLIR33891,,TST Respose 19,I am someone who loves perfume,0.328683169,Clara,30,positive,
stu_JOKOV89559,cls_MAEBK64434,sch_QQLIR33891,,TST Respose 19,I am someone who loves perfume,0.328683169,Clara,24,positive,
stu_EHLZF06092,cls_MCLLA54915,sch_KACVP55227,YES,TST Respose 5,I am a person who does not like homework,0.328776033,Clara,14,negative,
stu_UAFAK64772,cls_AJBUO63250,sch_KACVP55227,YES,TST Respose 4,black hair,0.329336725,Clara,35,neutral,
stu_FASQN45304,cls_MAEBK64434,sch_QQLIR33891,,TST Respose 15,I am someone who tries their hardest.,0.329730314,Clara,41,positive,
stu_PSHPN85751,cls_SYHWK05211,sch_KACVP55227,,TST Respose 3,im a fortnite skibidi toilet brrrrrr,0.330023421,Clara,48,none,
stu_FNVBP19615,cls_DLRQP13887,sch_QQLIR33891,,TST Respose 19,I hate feeling stupid or dumb.,0.330204192,Clara,43,negative,
stu_FNVBP19615,cls_DLRQP13887,sch_QQLIR33891,,TST Respose 19,I hate feeling stupid or dumb.,0.330204192,Clara,25,negative,
stu_TDURA35752,cls_USLPT75423,sch_QQLIR33891,YES,TST Respose 4,I am a dog owner,0.330415353,Clara,32,none,
stu_WRQAA62017,cls_GIJEF48865,sch_KACVP55227,,TST Respose 9,I like english,0.330490429,Clara,25,positive,
stu_WRQAA62017,cls_GIJEF48865,sch_KACVP55227,,TST Respose 9,I like english,0.330490429,Clara,24,positive,
stu_CJHBB29429,cls_MAEBK64434,sch_QQLIR33891,,TST Respose 6,I am a person that likes to game,0.330565085,Clara,28,positive,
stu_CJHBB29429,cls_MAEBK64434,sch_QQLIR33891,,TST Respose 6,I am a person that likes to game,0.330565085,Clara,24,positive,
stu_PSHPN85751,cls_SYHWK05211,sch_KACVP55227,,TST Respose 20,bye bye,0.331095922,Clara,48,none,
stu_WTRMC77187,cls_IZNZG32572,sch_KACVP55227,YES,TST Respose 16,Saturn has rings and i like to see it,0.331165741,Clara,31,positive,
stu_WTRMC77187,cls_IZNZG32572,sch_KACVP55227,YES,TST Respose 16,Saturn has rings and i like to see it,0.331165741,Clara,24,positive,
stu_HBPKA70291,cls_CIIPB03795,sch_RSWHG50450,YES,TST Respose 6,goffy,0.331367822,Clara,45,neutral,
stu_EQSJM78476,cls_FBBRP25979,sch_QQLIR33891,,TST Respose 10,I am black,0.33141597,Clara,6,black,
stu_QQAHK93946,cls_FXSNE83092,sch_QQLIR33891,,TST Respose 10,I can't speak vietnamese but i understand it,0.331460584,Clara,25,neutral,
stu_QQAHK93946,cls_FXSNE83092,sch_QQLIR33891,,TST Respose 10,I can't speak vietnamese but i understand it,0.331460584,Clara,22,vietnameseunderstanding,
stu_DHTXQ91573,cls_VFZRA31361,sch_KACVP55227,YES,TST Respose 9,I am a students from 6 grades,0.331687651,Clara,22,6thgrade,
stu_DHTXQ91573,cls_VFZRA31361,sch_KACVP55227,YES,TST Respose 9,I am a students from 6 grades,0.331687651,Clara,4,6thgrade,
stu_DHTXQ91573,cls_VFZRA31361,sch_KACVP55227,YES,TST Respose 9,I am a students from 6 grades,0.331687651,Clara,14,neutral,
stu_PFDTL78462,cls_NUSEI70378,sch_KACVP55227,,TST Respose 10,I speak English.,0.331812142,Clara,25,neutral,
stu_PFDTL78462,cls_NUSEI70378,sch_KACVP55227,,TST Respose 10,I speak English.,0.331812142,Clara,22,englishspeaker,
stu_CULOH75877,cls_HEZZN95002,sch_QQLIR33891,,TST Respose 6,I am cool,0.33188704,Clara,46,positive,
stu_FNVBP19615,cls_DLRQP13887,sch_QQLIR33891,,TST Respose 2,I consider myself athletic.,0.332270709,Clara,29,neutral,
stu_RUBQU39803,cls_OUMSN73782,sch_QQLIR33891,,TST Respose 13,i am a ex- amabasodor,0.333045812,Clara,22,ex-ambassador,
stu_UTXBZ05806,cls_MAEBK64434,sch_QQLIR33891,,TST Respose 15,and i am someone who loves the color blue,0.333272072,Clara,24,positive,
stu_WZRKM29688,cls_HEBLM24075,sch_KACVP55227,,TST Respose 20,i like jjk,0.334132446,Clara,24,positive,flag for later
stu_OQLOS45541,cls_USLPT75423,sch_QQLIR33891,YES,TST Respose 12,I'm a older sister.,0.334225212,Clara,12,neutral,
stu_OQLOS45541,cls_USLPT75423,sch_QQLIR33891,YES,TST Respose 12,I'm a older sister.,0.334225212,Clara,2,girl,
stu_KJOZZ30475,cls_HOJKW39162,sch_KACVP55227,YES,TST Respose 12,I like writing.,0.513294598,Frank,25,positive,
stu_KJOZZ30475,cls_HOJKW39162,sch_KACVP55227,YES,TST Respose 12,I like writing.,0.513294598,Frank,24,positive,
stu_NWRRN03456,cls_MCLLA54915,sch_KACVP55227,,TST Respose 12,I don't like to be stressful.,0.33427567,Clara,45,negative,
stu_IGLSS89625,cls_VFZRA31361,sch_KACVP55227,YES,TST Respose 7,i like my bestie because a have 2,0.334612753,Clara,24,positive,
stu_IGLSS89625,cls_VFZRA31361,sch_KACVP55227,YES,TST Respose 7,i like my bestie because a have 2,0.334612753,Clara,10,positive,
stu_SAOLH99639,cls_FXSNE83092,sch_QQLIR33891,,TST Respose 5,food eater,0.334670119,Clara,31,neutral,
stu_MTCIM85775,cls_TNHXN45809,sch_RSWHG50450,,TST Respose 10,I am hard working,0.334673612,Clara,41,positive,
stu_FVHVM49769,cls_SLKYU63739,sch_QQLIR33891,YES,TST Respose 12,i can speak 2 languages,0.334979405,Clara,43,positive,
stu_FVHVM49769,cls_SLKYU63739,sch_QQLIR33891,YES,TST Respose 12,i can speak 2 languages,0.334979405,Clara,25,positive,
stu_PYEUW09959,cls_HEZZN95002,sch_QQLIR33891,,TST Respose 16,I like to bake,0.335283513,Clara,31,positive,
stu_PYEUW09959,cls_HEZZN95002,sch_QQLIR33891,,TST Respose 16,I like to bake,0.335283513,Clara,24,positive,
stu_YGBLH44260,cls_IZNZG32572,sch_KACVP55227,YES,TST Respose 2,I am somebody that likes games.,0.335360625,Clara,31,positive,
stu_YGBLH44260,cls_IZNZG32572,sch_KACVP55227,YES,TST Respose 2,I am somebody that likes games.,0.335360625,Clara,24,positive,
stu_FTOYB42084,cls_SLKYU63739,sch_QQLIR33891,YES,TST Respose 18,im a nice person,0.335572793,Clara,44,positive,
stu_FTOYB42084,cls_SLKYU63739,sch_QQLIR33891,YES,TST Respose 18,im a nice person,0.335572793,Clara,21,none,
stu_CULOH75877,cls_HEZZN95002,sch_QQLIR33891,,TST Respose 3,I am kind,0.335597932,Clara,44,positive,
stu_HXXCS05602,cls_USLPT75423,sch_QQLIR33891,YES,TST Respose 20,i'm short,0.336185736,Clara,35,neutral,
stu_IGLSS89625,cls_VFZRA31361,sch_KACVP55227,YES,TST Respose 3,i like my friend,0.33635651,Clara,24,positive,
stu_IGLSS89625,cls_VFZRA31361,sch_KACVP55227,YES,TST Respose 3,i like my friend,0.33635651,Clara,10,positive,
stu_MYCLF44200,cls_UZFMO35109,sch_QQLIR33891,,TST Respose 3,I am black.,0.336814149,Clara,6,black,
stu_FQEST23326,cls_JTMRB81339,sch_KACVP55227,YES,TST Respose 1,[FIRST LAST NAME],0.33778986,Clara,5,none,
stu_CNIXS57234,cls_ERQJB18593,sch_QQLIR33891,,TST Respose 17,I am indpendent,0.337856258,Clara,41,positive,
stu_FBWGP41232,cls_JYBSH30995,sch_QQLIR33891,,TST Respose 15,I like to help my friends with homework,0.338048249,Clara,31,positive,
stu_FBWGP41232,cls_JYBSH30995,sch_QQLIR33891,,TST Respose 15,I like to help my friends with homework,0.338048249,Clara,10,positive,
stu_FBWGP41232,cls_JYBSH30995,sch_QQLIR33891,,TST Respose 15,I like to help my friends with homework,0.338048249,Clara,14,positive,
stu_FBWGP41232,cls_JYBSH30995,sch_QQLIR33891,,TST Respose 15,I like to help my friends with homework,0.338048249,Clara,24,positive,
stu_HBPKA70291,cls_CIIPB03795,sch_RSWHG50450,YES,TST Respose 17,love my brothers,0.338528172,Clara,12,positive,
stu_QACJQ31561,cls_JYBSH30995,sch_QQLIR33891,,TST Respose 9,my fav supject is math,0.338701723,Clara,14,positive,
stu_XSQUV53095,cls_OUMSN73782,sch_QQLIR33891,YES,TST Respose 17,I AM [FIRST NAME] A FOOD LOVER,0.338777923,Clara,24,positive,
stu_XSQUV53095,cls_OUMSN73782,sch_QQLIR33891,YES,TST Respose 17,I AM [FIRST NAME] A FOOD LOVER,0.338777923,Clara,5,none,
stu_SJNFF34466,cls_OSSJA45538,sch_KACVP55227,,TST Respose 10,i have a dog,0.339133888,Clara,32,none,
stu_CNIFN64507,cls_OUMSN73782,sch_QQLIR33891,YES,TST Respose 9,im a gamer,0.339395877,Clara,28,neutral,
stu_SQLXP95993,cls_MFUGV02425,sch_QQLIR33891,,TST Respose 3,My favorite color is pink,0.339445222,Clara,24,positive,
stu_BJJXN95776,cls_MAEBK64434,sch_QQLIR33891,,TST Respose 14,I love watching television,0.339878336,Clara,31,positive,
stu_BJJXN95776,cls_MAEBK64434,sch_QQLIR33891,,TST Respose 14,I love watching television,0.339878336,Clara,24,positive,
stu_CULOH75877,cls_HEZZN95002,sch_QQLIR33891,,TST Respose 5,I am 5'5,0.340453554,Clara,35,neutral,
stu_BESSB35006,cls_CIIPB03795,sch_RSWHG50450,YES,TST Respose 6,I like pizza,0.340522706,Clara,24,positive,
stu_OAZKI17777,cls_TNHXN45809,sch_RSWHG50450,YES,TST Respose 20,[FIRST NAME],0.340713632,Clara,5,none,
stu_CJHBB29429,cls_MAEBK64434,sch_QQLIR33891,,TST Respose 12,My favorite ice cream is vanilla,0.340806807,Clara,24,positive,
stu_KOUYR40301,cls_SYHWK05211,sch_KACVP55227,,TST Respose 12,i'm a straight A student,0.340816907,Clara,14,positive,
stu_DUOEM76163,cls_FXSNE83092,sch_QQLIR33891,,TST Respose 19,I'm the youngest person in my class,0.34114976,Clara,14,neutral,
stu_DUOEM76163,cls_FXSNE83092,sch_QQLIR33891,,TST Respose 19,I'm the youngest person in my class,0.34114976,Clara,4,youngest,
stu_MKEGQ97127,cls_GIJEF48865,sch_KACVP55227,,TST Respose 16,I'm a brown haired person,0.341448446,Clara,35,neutral,
stu_FASQN45304,cls_MAEBK64434,sch_QQLIR33891,,TST Respose 8,I am my grandma's first granddaughter.,0.341678294,Clara,12,neutral,
stu_FASQN45304,cls_MAEBK64434,sch_QQLIR33891,,TST Respose 8,I am my grandma's first granddaughter.,0.341678294,Clara,2,girl,
stu_CWQDV67579,cls_CIIPB03795,sch_RSWHG50450,YES,TST Respose 2,I am smart,0.341998635,Clara,43,positive,
stu_CWQDV67579,cls_CIIPB03795,sch_RSWHG50450,YES,TST Respose 2,I am smart,0.341998635,Clara,25,positive,
stu_NXWSI70882,cls_MCLLA54915,sch_KACVP55227,YES,TST Respose 5,A quick tempered person if I barely fail a Mathstream because I can't skip the video if I already know how to do it,0.342438958,Clara,14,neutral,
stu_YPZIM54297,cls_MAEBK64434,sch_QQLIR33891,,TST Respose 16,I am a micky mouse lover,0.342447547,Clara,24,positive,
stu_QQMSX84242,cls_TNHXN45809,sch_RSWHG50450,YES,TST Respose 4,an older brother,0.342497924,Clara,12,neutral,
stu_QQMSX84242,cls_TNHXN45809,sch_RSWHG50450,YES,TST Respose 4,an older brother,0.342497924,Clara,2,boy,
stu_LJAAE92948,cls_ERQJB18593,sch_QQLIR33891,YES,TST Respose 18,"My favorite artist is Bruno mars, and drake",0.342589591,Clara,24,positive,
stu_QCKDZ64012,cls_HEZZN95002,sch_QQLIR33891,,TST Respose 15,i have a lot of friends,0.342649112,Clara,10,positive,
stu_IDHIE84911,cls_YFPVJ06178,sch_KACVP55227,YES,TST Respose 8,i love my friends,0.342810665,Clara,24,positive,
stu_IDHIE84911,cls_YFPVJ06178,sch_KACVP55227,YES,TST Respose 8,i love my friends,0.342810665,Clara,10,positive,
stu_IDHIE84911,cls_YFPVJ06178,sch_KACVP55227,YES,TST Respose 6,i love cat,0.3429264,Clara,24,positive,
stu_GCHCS91000,cls_SLKYU63739,sch_QQLIR33891,YES,TST Respose 19,i am a blm supporter,0.343240338,Clara,23,blm supporter,
stu_UAFAK64772,cls_AJBUO63250,sch_KACVP55227,YES,TST Respose 15,5'6,0.343277521,Clara,35,neutral,
stu_FHADA27602,cls_OUMSN73782,sch_QQLIR33891,YES,TST Respose 7,i kinda like school,0.343918182,Clara,14,positive,
stu_FHADA27602,cls_OUMSN73782,sch_QQLIR33891,YES,TST Respose 7,i kinda like school,0.343918182,Clara,24,positive,
stu_XCKNQ66212,cls_USLPT75423,sch_QQLIR33891,YES,TST Respose 9,i'm black kid with braids,0.344279003,Clara,35,neutral,
stu_XCKNQ66212,cls_USLPT75423,sch_QQLIR33891,YES,TST Respose 9,i'm black kid with braids,0.344279003,Clara,4,child,
stu_XCKNQ66212,cls_USLPT75423,sch_QQLIR33891,YES,TST Respose 9,i'm black kid with braids,0.344279003,Clara,6,black,
stu_XCKNQ66212,cls_USLPT75423,sch_QQLIR33891,YES,TST Respose 9,i'm black kid with braids,0.344279003,Clara,22,child,
stu_MMZHT88458,cls_QZQQW97177,sch_KACVP55227,,TST Respose 17,i can sing,0.344666449,Clara,26,neutral,
stu_YXBHV58732,cls_VFZRA31361,sch_KACVP55227,YES,TST Respose 17,I like school teachers,0.345209893,Clara,24,positive,
stu_YXBHV58732,cls_VFZRA31361,sch_KACVP55227,YES,TST Respose 17,I like school teachers,0.345209893,Clara,14,positive,
stu_NKHRJ04957,cls_FBBRP25979,sch_QQLIR33891,,TST Respose 12,I love chocolate,0.345493667,Clara,24,positive,
stu_CNIFN64507,cls_OUMSN73782,sch_QQLIR33891,YES,TST Respose 7,im a soccer player,0.345748091,Clara,29,neutral,
stu_IZQGI75719,cls_JYBSH30995,sch_QQLIR33891,,TST Respose 6,I have 6 siblings,0.345804471,Clara,12,neutral,
stu_MKEGQ97127,cls_GIJEF48865,sch_KACVP55227,,TST Respose 6,I'm a plant lover,0.34633765,Clara,24,positive,
stu_EHYTZ32137,cls_USLPT75423,sch_QQLIR33891,YES,TST Respose 8,I'm good with kids,0.346362905,Clara,44,positive,
stu_WPVZY01902,cls_YLGBO89611,sch_KACVP55227,,TST Respose 2,I like games,0.347150309,Clara,31,positive,
stu_WPVZY01902,cls_YLGBO89611,sch_KACVP55227,,TST Respose 2,I like games,0.347150309,Clara,24,positive,
stu_DUOEM76163,cls_FXSNE83092,sch_QQLIR33891,,TST Respose 10,I like baseball and soccer,0.347213004,Clara,29,positive,
stu_DUOEM76163,cls_FXSNE83092,sch_QQLIR33891,,TST Respose 10,I like baseball and soccer,0.347213004,Clara,24,positive,
stu_HEPWQ98561,cls_ZUQLK09797,sch_KACVP55227,,TST Respose 14,i like styling hair.,0.347250412,Clara,30,positive,
stu_HEPWQ98561,cls_ZUQLK09797,sch_KACVP55227,,TST Respose 14,i like styling hair.,0.347250412,Clara,24,positive,
stu_NWVEW24693,cls_AVBRA70624,sch_KACVP55227,YES,TST Respose 8,i like math if its fun,0.34729477,Clara,25,positive,
stu_NWVEW24693,cls_AVBRA70624,sch_KACVP55227,YES,TST Respose 8,i like math if its fun,0.34729477,Clara,24,positive,
stu_YPZIM54297,cls_MAEBK64434,sch_QQLIR33891,,TST Respose 15,I am a older sibling,0.347338707,Clara,12,neutral,
stu_FASQN45304,cls_MAEBK64434,sch_QQLIR33891,,TST Respose 17,I am someone who is 12 years old.,0.347505709,Clara,4,12,
stu_NZWIU92234,cls_JYBSH30995,sch_QQLIR33891,,TST Respose 13,I have a dog,0.348473484,Clara,32,none,
stu_WAWDW95831,cls_SYHWK05211,sch_KACVP55227,,TST Respose 2,I am very good at math.,0.348727238,Clara,25,positive,
stu_YSQPA55709,cls_OUMSN73782,sch_QQLIR33891,,TST Respose 13,i like frut,0.348903953,Clara,24,positive,
stu_IIOVZ06372,cls_HJQZF25095,sch_KACVP55227,YES,TST Respose 19,I like going to restaurants,0.349039537,Clara,31,positive,
stu_IIOVZ06372,cls_HJQZF25095,sch_KACVP55227,YES,TST Respose 19,I like going to restaurants,0.349039537,Clara,24,positive,
stu_WAWDW95831,cls_SYHWK05211,sch_KACVP55227,,TST Respose 7,I am good at volleyball.,0.349163578,Clara,29,positive,
stu_MXNSB23169,cls_HJQZF25095,sch_KACVP55227,,TST Respose 12,I like to sleep.,0.349612971,Clara,31,positive,
stu_MXNSB23169,cls_HJQZF25095,sch_KACVP55227,,TST Respose 12,I like to sleep.,0.349612971,Clara,24,positive,
stu_LTSJK02079,cls_FBBRP25979,sch_QQLIR33891,,TST Respose 12,I like to play alone sometimes,0.349759977,Clara,31,positive,
stu_LTSJK02079,cls_FBBRP25979,sch_QQLIR33891,,TST Respose 12,I like to play alone sometimes,0.349759977,Clara,24,positive,
stu_OQLOS45541,cls_USLPT75423,sch_QQLIR33891,YES,TST Respose 8,I'm a family person.,0.350311903,Clara,44,neutral,
stu_OQLOS45541,cls_USLPT75423,sch_QQLIR33891,YES,TST Respose 8,I'm a family person.,0.350311903,Clara,12,neutral,
stu_LNFOE66635,cls_AJBUO63250,sch_KACVP55227,YES,TST Respose 20,im leader not follower,0.350315574,Clara,46,positive,
stu_LNFOE66635,cls_AJBUO63250,sch_KACVP55227,YES,TST Respose 20,im leader not follower,0.350315574,Clara,43,positive,
stu_NYHDW07721,cls_CIIPB03795,sch_RSWHG50450,,TST Respose 5,African-American,0.350477862,Clara,6,african-american,
stu_QQMSX84242,cls_TNHXN45809,sch_RSWHG50450,YES,TST Respose 3,a younger brother,0.350898268,Clara,12,neutral,
stu_QQMSX84242,cls_TNHXN45809,sch_RSWHG50450,YES,TST Respose 3,a younger brother,0.350898268,Clara,2,boy,
stu_OFWAG94272,cls_USLPT75423,sch_QQLIR33891,YES,TST Respose 8,I'm the oldest child of 3,0.351815541,Clara,22,oldestchild,
stu_OFWAG94272,cls_USLPT75423,sch_QQLIR33891,YES,TST Respose 8,I'm the oldest child of 3,0.351815541,Clara,12,neutral,
stu_IZQGI75719,cls_JYBSH30995,sch_QQLIR33891,,TST Respose 18,i like going outside,0.352003296,Clara,31,positive,
stu_IZQGI75719,cls_JYBSH30995,sch_QQLIR33891,,TST Respose 18,i like going outside,0.352003296,Clara,24,positive,
stu_CQRFU18177,cls_JYBSH30995,sch_QQLIR33891,,TST Respose 13,I love sleeping,0.352110069,Clara,31,positive,
stu_CQRFU18177,cls_JYBSH30995,sch_QQLIR33891,,TST Respose 13,I love sleeping,0.352110069,Clara,24,positive,
stu_FUILC09238,cls_HEBLM24075,sch_KACVP55227,,TST Respose 9,im from west africa,0.352371926,Clara,7,west african,
stu_EHXGF51692,cls_OUMSN73782,sch_QQLIR33891,YES,TST Respose 17,I am [CITY] boxer,0.352424735,Clara,29,neutral,
stu_EHXGF51692,cls_OUMSN73782,sch_QQLIR33891,YES,TST Respose 17,I am [CITY] boxer,0.352424735,Clara,9,neutral,
stu_ANQAT24428,cls_MAEBK64434,sch_QQLIR33891,,TST Respose 14,i lke sour candy,0.352744207,Clara,24,positive,
stu_VNSDU81090,cls_JYBSH30995,sch_QQLIR33891,,TST Respose 7,i like spending time with family and friends,0.352838947,Clara,31,positive,
stu_VNSDU81090,cls_JYBSH30995,sch_QQLIR33891,,TST Respose 7,i like spending time with family and friends,0.352838947,Clara,10,positive,
stu_VNSDU81090,cls_JYBSH30995,sch_QQLIR33891,,TST Respose 7,i like spending time with family and friends,0.352838947,Clara,12,positive,
stu_VNSDU81090,cls_JYBSH30995,sch_QQLIR33891,,TST Respose 7,i like spending time with family and friends,0.352838947,Clara,24,positive,
stu_VFKRH03938,cls_SLKYU63739,sch_QQLIR33891,,TST Respose 1,i am a basketball player,0.352852565,Clara,29,neutral,
stu_CAGAM03126,cls_HOJKW39162,sch_KACVP55227,YES,TST Respose 11,I am a person who loves music.,0.353752556,Clara,26,positive,
stu_CAGAM03126,cls_HOJKW39162,sch_KACVP55227,YES,TST Respose 11,I am a person who loves music.,0.353752556,Clara,24,positive,
stu_ZYUDW82089,cls_OUMSN73782,sch_QQLIR33891,YES,TST Respose 18,i like tv,0.354193442,Clara,24,positive,
stu_SJXEZ38047,cls_JYBSH30995,sch_QQLIR33891,,TST Respose 9,I have curly hair.,0.354512613,Clara,35,neutral,
stu_KCRZD23226,cls_JDASF17902,sch_KACVP55227,,TST Respose 19,I like read books,0.355210895,Clara,31,positive,
stu_KCRZD23226,cls_JDASF17902,sch_KACVP55227,,TST Respose 19,I like read books,0.355210895,Clara,24,positive,
stu_KCRZD23226,cls_JDASF17902,sch_KACVP55227,,TST Respose 19,I like read books,0.355210895,Clara,25,positive,
stu_UEYTM01990,cls_HOJKW39162,sch_KACVP55227,YES,TST Respose 20,I like to watch baseball.,0.355260276,Clara,31,positive,
stu_UEYTM01990,cls_HOJKW39162,sch_KACVP55227,YES,TST Respose 20,I like to watch baseball.,0.355260276,Clara,24,positive,
stu_UYFTQ45542,cls_USLPT75423,sch_QQLIR33891,YES,TST Respose 7,I am a singer type person not rapper,0.355352014,Clara,26,neutral,
stu_EHLZF06092,cls_MCLLA54915,sch_KACVP55227,YES,TST Respose 4,I am black,0.355526042,Clara,6,black,
stu_DZJHT48666,cls_FXSNE83092,sch_QQLIR33891,,TST Respose 14,I love music,0.355715085,Clara,24,positive,
stu_QQAHK93946,cls_FXSNE83092,sch_QQLIR33891,,TST Respose 9,I use to do Kung Fu with my sibling,0.355755502,Clara,29,neutral,
stu_QQAHK93946,cls_FXSNE83092,sch_QQLIR33891,,TST Respose 9,I use to do Kung Fu with my sibling,0.355755502,Clara,12,neutral,
stu_ZUARE93356,cls_MAEBK64434,sch_QQLIR33891,,TST Respose 15,I like to go t o the water park,0.355934491,Clara,31,positive,
stu_ZUARE93356,cls_MAEBK64434,sch_QQLIR33891,,TST Respose 15,I like to go t o the water park,0.355934491,Clara,24,positive,
stu_MZIVN56293,cls_HEZZN95002,sch_QQLIR33891,,TST Respose 9,i was born in [CITY],0.356065006,Clara,9,neutral,
stu_EJIML93711,cls_AJBUO63250,sch_KACVP55227,,TST Respose 19,I like watching moives.,0.356546825,Clara,31,positive,
stu_EJIML93711,cls_AJBUO63250,sch_KACVP55227,,TST Respose 19,I like watching moives.,0.356546825,Clara,24,positive,
stu_CQRFU18177,cls_JYBSH30995,sch_QQLIR33891,,TST Respose 9,I care about my family,0.356615206,Clara,12,positive,
stu_NMWSA27732,cls_UZFMO35109,sch_QQLIR33891,,TST Respose 17,I speak two language,0.356834241,Clara,25,neutral,
stu_NMWSA27732,cls_UZFMO35109,sch_QQLIR33891,,TST Respose 17,I speak two language,0.356834241,Clara,22,bilingual,
stu_QEGJI54214,cls_SLKYU63739,sch_QQLIR33891,YES,TST Respose 18,i am a nike lover,0.357002794,Clara,30,positive,
stu_QEGJI54214,cls_SLKYU63739,sch_QQLIR33891,YES,TST Respose 18,i am a nike lover,0.357002794,Clara,24,positive,
stu_UEDQL23543,cls_USLPT75423,sch_QQLIR33891,YES,TST Respose 14,a 8th grader,0.357270132,Clara,22,8thgrade,
stu_UEDQL23543,cls_USLPT75423,sch_QQLIR33891,YES,TST Respose 14,a 8th grader,0.357270132,Clara,4,8thgrade,
stu_UEDQL23543,cls_USLPT75423,sch_QQLIR33891,YES,TST Respose 14,a 8th grader,0.357270132,Clara,14,neutral,
stu_OMSFY97090,cls_VFZRA31361,sch_KACVP55227,YES,TST Respose 14,im a students,0.35776527,Clara,14,neutral,
stu_NMWSA27732,cls_UZFMO35109,sch_QQLIR33891,,TST Respose 16,I have blue eyes,0.35777074,Clara,35,neutral,
stu_VQFBG95862,cls_USLPT75423,sch_QQLIR33891,,TST Respose 13,i am a good person,0.358041333,Clara,40,positive,
stu_ERQCY81201,cls_USLPT75423,sch_QQLIR33891,YES,TST Respose 18,i am a girl who loves to swim,0.358204887,Clara,29,positive,
stu_ERQCY81201,cls_USLPT75423,sch_QQLIR33891,YES,TST Respose 18,i am a girl who loves to swim,0.358204887,Clara,2,girl,
stu_ERQCY81201,cls_USLPT75423,sch_QQLIR33891,YES,TST Respose 18,i am a girl who loves to swim,0.358204887,Clara,24,positive,
stu_CWQDV67579,cls_CIIPB03795,sch_RSWHG50450,YES,TST Respose 9,I am a soccer player,0.358411473,Clara,29,neutral,
stu_MRIWT64391,cls_SYHWK05211,sch_KACVP55227,YES,TST Respose 2,a student,0.35841937,Clara,14,neutral,
stu_VUNQZ79892,cls_CIIPB03795,sch_RSWHG50450,YES,TST Respose 18,im pizza lover,0.358436781,Clara,24,positive,
stu_XUDYN03051,cls_FXSNE83092,sch_QQLIR33891,,TST Respose 1,I am a boy,0.35877836,Clara,2,boy,
stu_CPAQO78519,cls_MAEBK64434,sch_QQLIR33891,,TST Respose 5,I am someone who loves fruits,0.358784297,Clara,24,positive,
stu_CINVJ49388,cls_HEZZN95002,sch_QQLIR33891,,TST Respose 18,[FIRST NAME] friend,0.359315085,Clara,10,neutral,
stu_CINVJ49388,cls_HEZZN95002,sch_QQLIR33891,,TST Respose 18,[FIRST NAME] friend,0.359315085,Clara,5,none,
stu_WCANG48942,cls_HJQZF25095,sch_KACVP55227,YES,TST Respose 20,I am [FIRST NAME].,0.359372456,Clara,5,none,
stu_NYHDW07721,cls_CIIPB03795,sch_RSWHG50450,,TST Respose 10,Grandson of [FIRST LAST NAME],0.359428322,Clara,12,neutral,
stu_NYHDW07721,cls_CIIPB03795,sch_RSWHG50450,,TST Respose 10,Grandson of [FIRST LAST NAME],0.359428322,Clara,2,boy,
stu_MXNSF14478,cls_JYBSH30995,sch_QQLIR33891,,TST Respose 7,"I like my mother's cooking, but suppose sometimes my fathers",0.359721302,Clara,24,positive,
stu_MXNSF14478,cls_JYBSH30995,sch_QQLIR33891,,TST Respose 7,"I like my mother's cooking, but suppose sometimes my fathers",0.359721302,Clara,12,positive,
stu_LKAAV41369,cls_FBBRP25979,sch_QQLIR33891,,TST Respose 10,my favorite color is purple,0.359827935,Clara,24,positive,
stu_CNIXS57234,cls_ERQJB18593,sch_QQLIR33891,,TST Respose 4,I'm a student,0.359830943,Clara,14,neutral,
stu_WAFQN21754,cls_TNHXN45809,sch_RSWHG50450,YES,TST Respose 17,I am empathetic,0.359912883,Clara,44,positive,
stu_NYHDW07721,cls_CIIPB03795,sch_RSWHG50450,,TST Respose 6,A Student,0.360070776,Clara,14,neutral,
stu_FPTDO32773,cls_TNHXN45809,sch_RSWHG50450,YES,TST Respose 19,A fan of horror movies.,0.360242254,Clara,31,positive,
stu_FPTDO32773,cls_TNHXN45809,sch_RSWHG50450,YES,TST Respose 19,A fan of horror movies.,0.360242254,Clara,24,positive,
stu_KCRZD23226,cls_JDASF17902,sch_KACVP55227,,TST Respose 2,I like learning,0.360394185,Clara,25,positive,
stu_KCRZD23226,cls_JDASF17902,sch_KACVP55227,,TST Respose 2,I like learning,0.360394185,Clara,24,positive,
stu_CNIFN64507,cls_OUMSN73782,sch_QQLIR33891,YES,TST Respose 10,i like red,0.360548467,Clara,24,positive,
stu_WAWDW95831,cls_SYHWK05211,sch_KACVP55227,,TST Respose 18,I love tag.,0.360794679,Clara,29,positive,
stu_WAWDW95831,cls_SYHWK05211,sch_KACVP55227,,TST Respose 18,I love tag.,0.360794679,Clara,24,positive,
stu_UYUIH18635,cls_FBBRP25979,sch_QQLIR33891,,TST Respose 15,i like riding my bike,0.361372082,Clara,29,positive,
stu_UYUIH18635,cls_FBBRP25979,sch_QQLIR33891,,TST Respose 15,i like riding my bike,0.361372082,Clara,24,positive,
stu_OMSFY97090,cls_VFZRA31361,sch_KACVP55227,YES,TST Respose 15,uim a students,0.361421949,Clara,14,neutral,
stu_VENGZ10475,cls_HEZZN95002,sch_QQLIR33891,,TST Respose 17,Very ambitious person,0.361538741,Clara,41,positive,
stu_DJCZE13885,cls_FBBRP25979,sch_QQLIR33891,,TST Respose 1,I'm a girl.,0.362361685,Clara,2,girl,
stu_EQSJM78476,cls_FBBRP25979,sch_QQLIR33891,,TST Respose 6,i am the favorite child,0.362605533,Clara,12,positive,
stu_IZQGI75719,cls_JYBSH30995,sch_QQLIR33891,,TST Respose 4,i play soccer,0.362800067,Clara,29,neutral,
stu_LNFOE66635,cls_AJBUO63250,sch_KACVP55227,YES,TST Respose 7,cool,0.36280381,Clara,46,positive,
stu_VSSOO37726,cls_HEBLM24075,sch_KACVP55227,YES,TST Respose 19,I don't when people talk about you,0.362952375,Clara,48,none,
stu_YXBHV58732,cls_VFZRA31361,sch_KACVP55227,YES,TST Respose 14,I like music class,0.36373173,Clara,24,positive,
stu_YXBHV58732,cls_VFZRA31361,sch_KACVP55227,YES,TST Respose 14,I like music class,0.36373173,Clara,14,positive,
stu_JOVOI38701,cls_MAEBK64434,sch_QQLIR33891,,TST Respose 16,I am someone who likes ice cream cake.,0.364142384,Clara,24,positive,
stu_PJCOJ15115,cls_HEZZN95002,sch_QQLIR33891,,TST Respose 6,I am a volleyball player,0.364377679,Clara,29,neutral,
stu_QHOON52054,cls_MCLLA54915,sch_KACVP55227,YES,TST Respose 14,I am not a quitter,0.365151083,Clara,41,positive,
stu_JOKOV89559,cls_MAEBK64434,sch_QQLIR33891,,TST Respose 18,I am someone who loves writing.,0.365154396,Clara,25,positive,
stu_JOKOV89559,cls_MAEBK64434,sch_QQLIR33891,,TST Respose 18,I am someone who loves writing.,0.365154396,Clara,24,positive,
stu_FASQN45304,cls_MAEBK64434,sch_QQLIR33891,,TST Respose 5,I am the oldest of 2 children.,0.365374142,Clara,22,oldestchild,
stu_FASQN45304,cls_MAEBK64434,sch_QQLIR33891,,TST Respose 5,I am the oldest of 2 children.,0.365374142,Clara,12,neutral,
stu_XUDYN03051,cls_FXSNE83092,sch_QQLIR33891,,TST Respose 16,I like soccer,0.365424365,Clara,29,positive,
stu_XUDYN03051,cls_FXSNE83092,sch_QQLIR33891,,TST Respose 16,I like soccer,0.365424365,Clara,24,positive,
stu_SAOLH99639,cls_FXSNE83092,sch_QQLIR33891,,TST Respose 10,a man,0.365733539,Clara,2,man,
stu_DERZZ01872,cls_GIJEF48865,sch_KACVP55227,,TST Respose 6,I like science.,0.365839171,Clara,25,positive,
stu_DERZZ01872,cls_GIJEF48865,sch_KACVP55227,,TST Respose 6,I like science.,0.365839171,Clara,24,positive,
stu_SELBD60428,cls_AJBUO63250,sch_KACVP55227,,TST Respose 11,student,0.365953616,Clara,14,neutral,
stu_EHYTZ32137,cls_USLPT75423,sch_QQLIR33891,YES,TST Respose 20,I have a late birthday,0.366115402,Clara,22,late birthday,
stu_DUOEM76163,cls_FXSNE83092,sch_QQLIR33891,,TST Respose 15,My favorite sea animal is a dolphin,0.366401158,Clara,24,positive,
stu_FSPCV10901,cls_OUMSN73782,sch_QQLIR33891,YES,TST Respose 17,I like to go to the beach.,0.367020375,Clara,31,positive,
stu_FSPCV10901,cls_OUMSN73782,sch_QQLIR33891,YES,TST Respose 17,I like to go to the beach.,0.367020375,Clara,24,positive,
stu_VKCWY07846,cls_DLRQP13887,sch_QQLIR33891,,TST Respose 1,im a boy,0.367557816,Clara,2,boy,
stu_KWLPL21630,cls_SIVDJ49041,sch_KACVP55227,,TST Respose 11,I like watching Tv.,0.367780275,Clara,31,positive,
stu_KWLPL21630,cls_SIVDJ49041,sch_KACVP55227,,TST Respose 11,I like watching Tv.,0.367780275,Clara,24,positive,
stu_LNFOE66635,cls_AJBUO63250,sch_KACVP55227,YES,TST Respose 2,creative,0.367796382,Clara,43,positive,
stu_ZARRQ26344,cls_JYBSH30995,sch_QQLIR33891,,TST Respose 8,my favorite candy is butter finger,0.368185122,Clara,24,positive,
stu_CDXSC86692,cls_MAEBK64434,sch_QQLIR33891,,TST Respose 4,i have a yonger brother,0.368408646,Clara,12,neutral,
stu_MRIWT64391,cls_SYHWK05211,sch_KACVP55227,YES,TST Respose 7,a annoying person,0.368544169,Clara,46,negative,
stu_SAOLH99639,cls_FXSNE83092,sch_QQLIR33891,,TST Respose 11,a good boy,0.368924899,Clara,40,positive,
stu_SAOLH99639,cls_FXSNE83092,sch_QQLIR33891,,TST Respose 11,a good boy,0.368924899,Clara,2,boy,
stu_SULZI60933,cls_JYBSH30995,sch_QQLIR33891,,TST Respose 16,i speak spanish,0.369144481,Clara,25,neutral,
stu_SULZI60933,cls_JYBSH30995,sch_QQLIR33891,,TST Respose 16,i speak spanish,0.369144481,Clara,22,spanishspeaker,
stu_YXJEP22115,cls_USLPT75423,sch_QQLIR33891,YES,TST Respose 16,I am 5'0,0.370074935,Clara,35,neutral,
stu_PSHZT50501,cls_USLPT75423,sch_QQLIR33891,YES,TST Respose 13,I like hanging out with people,0.370383419,Clara,31,positive,
stu_PSHZT50501,cls_USLPT75423,sch_QQLIR33891,YES,TST Respose 13,I like hanging out with people,0.370383419,Clara,24,positive,
stu_QOGPO20181,cls_AVBRA70624,sch_KACVP55227,YES,TST Respose 5,l am nice,0.370446905,Clara,44,positive,
stu_DJCZE13885,cls_FBBRP25979,sch_QQLIR33891,,TST Respose 18,I like water.,0.371257134,Clara,24,positive,
stu_SJNFF34466,cls_OSSJA45538,sch_KACVP55227,,TST Respose 14,plays Fortnite,0.371418017,Clara,28,neutral,
stu_FNVBP19615,cls_DLRQP13887,sch_QQLIR33891,,TST Respose 11,I'd pefer being at school the at home.,0.371496968,Clara,14,positive,
stu_UEVQJ25414,cls_USLPT75423,sch_QQLIR33891,YES,TST Respose 10,in chase money,0.371731011,Clara,48,none,
stu_KWLPL21630,cls_SIVDJ49041,sch_KACVP55227,,TST Respose 13,I like going to the play ground.,0.372240278,Clara,31,positive,
stu_KWLPL21630,cls_SIVDJ49041,sch_KACVP55227,,TST Respose 13,I like going to the play ground.,0.372240278,Clara,24,positive,
stu_TYPZX10676,cls_YLGBO89611,sch_KACVP55227,,TST Respose 5,I love when i can use hint like they tell me what to do .,0.372393308,Clara,47,positive,
stu_TYPZX10676,cls_YLGBO89611,sch_KACVP55227,,TST Respose 5,I love when i can use hint like they tell me what to do .,0.372393308,Clara,24,positive,
stu_SJXEZ38047,cls_JYBSH30995,sch_QQLIR33891,,TST Respose 1,I am a girl,0.372662512,Clara,2,girl,
stu_XCKNQ66212,cls_USLPT75423,sch_QQLIR33891,YES,TST Respose 2,im a student a [SCHOOL NAME],0.373257843,Clara,14,neutral,
stu_DJCZE13885,cls_FBBRP25979,sch_QQLIR33891,,TST Respose 4,I'm in chorus and band at my school.,0.374192408,Clara,26,neutral,
stu_DJCZE13885,cls_FBBRP25979,sch_QQLIR33891,,TST Respose 4,I'm in chorus and band at my school.,0.374192408,Clara,14,neutral,
stu_CPBCK00658,cls_SIVDJ49041,sch_KACVP55227,,TST Respose 13,I like to wear short thing,0.374903102,Clara,30,positive,
stu_CPBCK00658,cls_SIVDJ49041,sch_KACVP55227,,TST Respose 13,I like to wear short thing,0.374903102,Clara,24,positive,
stu_XSQUV53095,cls_OUMSN73782,sch_QQLIR33891,YES,TST Respose 4,I AM [FIRST NAME] A GAMER,0.375010246,Clara,28,neutral,
stu_XSQUV53095,cls_OUMSN73782,sch_QQLIR33891,YES,TST Respose 4,I AM [FIRST NAME] A GAMER,0.375010246,Clara,5,none,
stu_CNIXS57234,cls_ERQJB18593,sch_QQLIR33891,,TST Respose 13,I have two older borthers a younger sister and a younger borthers,0.375033467,Clara,12,neutral,
stu_QPHPK12517,cls_HEZZN95002,sch_QQLIR33891,,TST Respose 12,I am straight,0.375231576,Clara,3,straight,
stu_NWRRN03456,cls_MCLLA54915,sch_KACVP55227,,TST Respose 4,I have 1 series badges unlocked on MATH Stream.,0.375342399,Clara,14,positive,
stu_CDXSC86692,cls_MAEBK64434,sch_QQLIR33891,,TST Respose 2,I am a person with brown hair,0.375352992,Clara,35,neutral,
stu_QFXDD68186,cls_SYHWK05211,sch_KACVP55227,YES,TST Respose 11,I like too sing,0.37556262,Clara,26,positive,
stu_QFXDD68186,cls_SYHWK05211,sch_KACVP55227,YES,TST Respose 11,I like too sing,0.37556262,Clara,24,positive,
stu_CAGAM03126,cls_HOJKW39162,sch_KACVP55227,YES,TST Respose 3,I am a person who loves animals.,0.375565315,Clara,24,positive,
stu_HVWUJ52450,cls_FXSNE83092,sch_QQLIR33891,,TST Respose 20,im a mommas boy,0.375818455,Clara,12,neutral,
stu_HVWUJ52450,cls_FXSNE83092,sch_QQLIR33891,,TST Respose 20,im a mommas boy,0.375818455,Clara,2,boy,
stu_YSQPA55709,cls_OUMSN73782,sch_QQLIR33891,,TST Respose 20,my favoret candy are jolly ranchers,0.375937274,Clara,24,positive,
stu_JVLXZ63894,cls_CIIPB03795,sch_RSWHG50450,YES,TST Respose 15,Daughter,0.376230695,Clara,12,neutral,
stu_JVLXZ63894,cls_CIIPB03795,sch_RSWHG50450,YES,TST Respose 15,Daughter,0.376230695,Clara,2,girl,
stu_DUOEM76163,cls_FXSNE83092,sch_QQLIR33891,,TST Respose 3,I like burgers,0.376792432,Clara,24,positive,
stu_PSHPN85751,cls_SYHWK05211,sch_KACVP55227,,TST Respose 16,bye,0.376928566,Clara,48,none,
stu_CHVFQ54169,cls_JYBSH30995,sch_QQLIR33891,,TST Respose 19,I Love going to party and eat.,0.377220554,Clara,31,positive,
stu_CHVFQ54169,cls_JYBSH30995,sch_QQLIR33891,,TST Respose 19,I Love going to party and eat.,0.377220554,Clara,24,positive,
stu_WEADW20158,cls_JYBSH30995,sch_QQLIR33891,,TST Respose 15,i like watching funny things,0.377530102,Clara,31,positive,
stu_WEADW20158,cls_JYBSH30995,sch_QQLIR33891,,TST Respose 15,i like watching funny things,0.377530102,Clara,24,positive,
stu_VGJIS59600,cls_DLRQP13887,sch_QQLIR33891,,TST Respose 20,Dogs are my favorite animals out of cats,0.37770689,Clara,24,positive,
stu_STIXI97047,cls_CXLDP17094,sch_KACVP55227,,TST Respose 10,I am [LAST NAME] .,0.377726357,Clara,5,none,
stu_FHADA27602,cls_OUMSN73782,sch_QQLIR33891,YES,TST Respose 10,my favorite song is i will wait for you by future.,0.377960033,Clara,24,positive,
stu_NWRRN03456,cls_MCLLA54915,sch_KACVP55227,,TST Respose 10,I love school.,0.378093152,Clara,24,positive,
stu_NWRRN03456,cls_MCLLA54915,sch_KACVP55227,,TST Respose 10,I love school.,0.378093152,Clara,14,positive,
stu_IGLSS89625,cls_VFZRA31361,sch_KACVP55227,YES,TST Respose 15,erthnyu,0.378278497,Clara,48,none,
stu_GXMFA19655,cls_PQLMX93290,sch_SIWHM63035,YES,TST Respose 10,i am athletic,0.378676734,Clara,29,neutral,
stu_TFTDG28078,cls_IZNZG32572,sch_KACVP55227,YES,TST Respose 19,A girl who plays video games.,0.378984594,Clara,28,positive,
stu_TFTDG28078,cls_IZNZG32572,sch_KACVP55227,YES,TST Respose 19,A girl who plays video games.,0.378984594,Clara,2,girl,
stu_HVWUJ52450,cls_FXSNE83092,sch_QQLIR33891,,TST Respose 10,IM 5'2,0.379125308,Clara,35,neutral,
stu_KFYJM61476,cls_SYHWK05211,sch_KACVP55227,YES,TST Respose 2,I have brown eyes.,0.379291908,Clara,35,neutral,
stu_JPMJO86637,cls_YFPVJ06178,sch_KACVP55227,YES,TST Respose 20,i like being at school because school is like my home because all my friend and my teachers.,0.37932024,Clara,14,positive,
stu_JPMJO86637,cls_YFPVJ06178,sch_KACVP55227,YES,TST Respose 20,i like being at school because school is like my home because all my friend and my teachers.,0.37932024,Clara,10,positive,
stu_NKHRJ04957,cls_FBBRP25979,sch_QQLIR33891,,TST Respose 4,I speak English and portuguies,0.380464019,Clara,25,neutral,
stu_NKHRJ04957,cls_FBBRP25979,sch_QQLIR33891,,TST Respose 4,I speak English and portuguies,0.380464019,Clara,22,englishspeakerandportuguesespeaker,
stu_QOGPO20181,cls_AVBRA70624,sch_KACVP55227,YES,TST Respose 6,l am good at volleyball,0.380545026,Clara,29,positive,
stu_CHVFQ54169,cls_JYBSH30995,sch_QQLIR33891,,TST Respose 1,I am girl.,0.380628404,Clara,2,girl,
stu_VOXTG50835,cls_NUSEI70378,sch_KACVP55227,,TST Respose 19,I like talking to people,0.381085205,Clara,44,positive,
stu_VOXTG50835,cls_NUSEI70378,sch_KACVP55227,,TST Respose 19,I like talking to people,0.381085205,Clara,14,positive,
stu_PNNIR08301,cls_HJQZF25095,sch_KACVP55227,YES,TST Respose 7,I speak Vietnamese.,0.381248391,Clara,25,neutral,
stu_PNNIR08301,cls_HJQZF25095,sch_KACVP55227,YES,TST Respose 7,I speak Vietnamese.,0.381248391,Clara,22,vietnamesespeaker,
stu_VSSOO37726,cls_HEBLM24075,sch_KACVP55227,YES,TST Respose 8,I like math,0.381885756,Clara,25,positive,
stu_VSSOO37726,cls_HEBLM24075,sch_KACVP55227,YES,TST Respose 8,I like math,0.381885756,Clara,24,positive,
stu_MIJEQ06664,cls_MAEBK64434,sch_QQLIR33891,,TST Respose 13,I like me,0.381996394,Clara,24,positive,
stu_MIJEQ06664,cls_MAEBK64434,sch_QQLIR33891,,TST Respose 13,I like me,0.381996394,Clara,19,none,
stu_PUHUL75671,cls_HEZZN95002,sch_QQLIR33891,,TST Respose 8,somewhat resposible,0.382033514,Clara,40,positive,
stu_LDUML32113,cls_USLPT75423,sch_QQLIR33891,YES,TST Respose 1,A student,0.383085879,Clara,14,neutral,
stu_MIJEQ06664,cls_MAEBK64434,sch_QQLIR33891,,TST Respose 17,I like my room,0.383179156,Clara,24,positive,
stu_EJIML93711,cls_AJBUO63250,sch_KACVP55227,,TST Respose 3,I like games,0.384038178,Clara,31,positive,
stu_EJIML93711,cls_AJBUO63250,sch_KACVP55227,,TST Respose 3,I like games,0.384038178,Clara,24,positive,
stu_UTXBZ05806,cls_MAEBK64434,sch_QQLIR33891,,TST Respose 13,i am from Cape Verde,0.385064979,Clara,7,cape verdean,
stu_PNNIR08301,cls_HJQZF25095,sch_KACVP55227,YES,TST Respose 9,I enjoy school.,0.385111233,Clara,14,positive,
stu_NJZBY59884,cls_MAEBK64434,sch_QQLIR33891,,TST Respose 20,i like to go to arcade,0.385298053,Clara,31,positive,
stu_NJZBY59884,cls_MAEBK64434,sch_QQLIR33891,,TST Respose 20,i like to go to arcade,0.385298053,Clara,24,positive,
stu_YXJEP22115,cls_USLPT75423,sch_QQLIR33891,YES,TST Respose 3,I am a kid that goes to [SCHOOL NAME],0.38531515,Clara,22,child,
stu_YXJEP22115,cls_USLPT75423,sch_QQLIR33891,YES,TST Respose 3,I am a kid that goes to [SCHOOL NAME],0.38531515,Clara,4,child,
stu_YXJEP22115,cls_USLPT75423,sch_QQLIR33891,YES,TST Respose 3,I am a kid that goes to [SCHOOL NAME],0.38531515,Clara,14,neutral,
stu_VSSOO37726,cls_HEBLM24075,sch_KACVP55227,YES,TST Respose 17,I like to speak in english,0.385611247,Clara,31,positive,
stu_VSSOO37726,cls_HEBLM24075,sch_KACVP55227,YES,TST Respose 17,I like to speak in english,0.385611247,Clara,24,positive,
stu_MXNSB23169,cls_HJQZF25095,sch_KACVP55227,,TST Respose 4,I speak english.,0.386410844,Clara,25,neutral,
stu_MXNSB23169,cls_HJQZF25095,sch_KACVP55227,,TST Respose 4,I speak english.,0.386410844,Clara,22,englishspeaker,
stu_QEGJI54214,cls_SLKYU63739,sch_QQLIR33891,YES,TST Respose 16,i am a stranger things lover,0.386510622,Clara,24,positive,
stu_WYTLH51489,cls_AJBUO63250,sch_KACVP55227,YES,TST Respose 11,I like to bake,0.386638569,Clara,31,positive,
stu_WYTLH51489,cls_AJBUO63250,sch_KACVP55227,YES,TST Respose 11,I like to bake,0.386638569,Clara,24,positive,
stu_XCKNQ66212,cls_USLPT75423,sch_QQLIR33891,YES,TST Respose 7,i wanna be an nba player,0.387153133,Clara,29,positive,
stu_GXMFA19655,cls_PQLMX93290,sch_SIWHM63035,YES,TST Respose 18,i am a basketball player,0.387329425,Clara,29,neutral,
stu_QPHPK12517,cls_HEZZN95002,sch_QQLIR33891,,TST Respose 9,afletic,0.387406696,Clara,43,positive,
stu_IZQGI75719,cls_JYBSH30995,sch_QQLIR33891,,TST Respose 14,i like roblox,0.387473174,Clara,27,positive,
stu_IZQGI75719,cls_JYBSH30995,sch_QQLIR33891,,TST Respose 14,i like roblox,0.387473174,Clara,24,positive,
stu_TSQUQ54202,cls_USLPT75423,sch_QQLIR33891,YES,TST Respose 5,I am [NAME].,0.387729351,Clara,5,none,
stu_HXXCS05602,cls_USLPT75423,sch_QQLIR33891,YES,TST Respose 6,i'm creative,0.387837697,Clara,43,positive,
stu_IGWBR81023,cls_DLRQP13887,sch_QQLIR33891,,TST Respose 20,my fast food is wingstop,0.38795719,Clara,24,positive,
stu_MXNSF14478,cls_JYBSH30995,sch_QQLIR33891,,TST Respose 5,"I'm nice, great, and good bestfriend/friend/family member",0.388220571,Clara,44,positive,
stu_MXNSF14478,cls_JYBSH30995,sch_QQLIR33891,,TST Respose 5,"I'm nice, great, and good bestfriend/friend/family member",0.388220571,Clara,10,positive,
stu_MXNSF14478,cls_JYBSH30995,sch_QQLIR33891,,TST Respose 5,"I'm nice, great, and good bestfriend/friend/family member",0.388220571,Clara,12,positive,
stu_MXNSF14478,cls_JYBSH30995,sch_QQLIR33891,,TST Respose 5,"I'm nice, great, and good bestfriend/friend/family member",0.388220571,Clara,40,positive,
stu_VGJIS59600,cls_DLRQP13887,sch_QQLIR33891,,TST Respose 16,My favorite subject is history,0.388736081,Clara,14,positive,
stu_UJNMI16598,cls_OUKFK08724,sch_RSWHG50450,,TST Respose 8,Musician,0.389513863,Clara,26,neutral,
stu_VQFBG95862,cls_USLPT75423,sch_QQLIR33891,,TST Respose 2,i am a student,0.389531046,Clara,14,neutral,
stu_RFRYE74718,cls_OUMSN73782,sch_QQLIR33891,YES,TST Respose 3,I am Beautiful.,0.389540646,Clara,35,positive,
stu_XSQUV53095,cls_OUMSN73782,sch_QQLIR33891,YES,TST Respose 12,I AM [FIRST NAME] A 12 YEAR OLD BOY,0.389734036,Clara,5,none,
stu_XSQUV53095,cls_OUMSN73782,sch_QQLIR33891,YES,TST Respose 12,I AM [FIRST NAME] A 12 YEAR OLD BOY,0.389734036,Clara,2,boy,
stu_XSQUV53095,cls_OUMSN73782,sch_QQLIR33891,YES,TST Respose 12,I AM [FIRST NAME] A 12 YEAR OLD BOY,0.389734036,Clara,4,12,
stu_EJIML93711,cls_AJBUO63250,sch_KACVP55227,,TST Respose 1,I'm [FIRST NAME],0.390039509,Clara,5,none,
stu_CNIFN64507,cls_OUMSN73782,sch_QQLIR33891,YES,TST Respose 16,im 5'2,0.39004583,Clara,35,neutral,
stu_PSHPN85751,cls_SYHWK05211,sch_KACVP55227,,TST Respose 1,[FIRST LAST NAME],0.390202998,Clara,5,none,
stu_LVOOZ80056,cls_OUMSN73782,sch_QQLIR33891,YES,TST Respose 10,I am Cape verdian.,0.390692365,Clara,7,cape verdean,
stu_RUBQU39803,cls_OUMSN73782,sch_QQLIR33891,,TST Respose 4,i am from cape verde,0.391271959,Clara,7,cape verdean,
stu_HMQRZ27503,cls_YFPVJ06178,sch_KACVP55227,YES,TST Respose 6,I play basket ball fun,0.391638404,Clara,29,positive,
stu_TYPZX10676,cls_YLGBO89611,sch_KACVP55227,,TST Respose 3,I like when they tell me what i did wrong.,0.391887546,Clara,47,positive,
stu_TYPZX10676,cls_YLGBO89611,sch_KACVP55227,,TST Respose 3,I like when they tell me what i did wrong.,0.391887546,Clara,24,positive,
stu_SJNFF34466,cls_OSSJA45538,sch_KACVP55227,,TST Respose 12,cat lover,0.391965599,Clara,24,positive,
stu_YXJEP22115,cls_USLPT75423,sch_QQLIR33891,YES,TST Respose 4,I am a 13 year old female,0.391988742,Clara,4,13,
stu_YXJEP22115,cls_USLPT75423,sch_QQLIR33891,YES,TST Respose 4,I am a 13 year old female,0.391988742,Clara,1,female,
stu_SELBD60428,cls_AJBUO63250,sch_KACVP55227,,TST Respose 16,student,0.39203883,Clara,14,neutral,
stu_DUOEM76163,cls_FXSNE83092,sch_QQLIR33891,,TST Respose 12,My last name is German,0.392578442,Clara,7,german,
stu_DUOEM76163,cls_FXSNE83092,sch_QQLIR33891,,TST Respose 12,My last name is German,0.392578442,Clara,5,none,
stu_PSHZT50501,cls_USLPT75423,sch_QQLIR33891,YES,TST Respose 1,I am [FIRST LAST NAME],0.392698486,Clara,5,none,
stu_IKUOQ66846,cls_USLPT75423,sch_QQLIR33891,YES,TST Respose 13,I am the youngest sibling,0.392981107,Clara,12,neutral,
stu_SJNFF34466,cls_OSSJA45538,sch_KACVP55227,,TST Respose 1,a non physical sport person,0.393065455,Clara,29,negative,
stu_SBUBU63586,cls_OUKFK08724,sch_RSWHG50450,YES,TST Respose 11,i am a good baker,0.393597292,Clara,31,positive,
stu_NYHDW07721,cls_CIIPB03795,sch_RSWHG50450,,TST Respose 12,Kind person,0.393820146,Clara,44,positive,
stu_NYHDW07721,cls_CIIPB03795,sch_RSWHG50450,,TST Respose 12,Kind person,0.393820146,Clara,21,none,
stu_RDPGG44681,cls_ZLIZG21375,sch_RSWHG50450,,TST Respose 11,I am sensitive,0.39392476,Clara,45,neutral,
stu_ROULI02103,cls_SLKYU63739,sch_QQLIR33891,YES,TST Respose 13,i love jordans,0.393947817,Clara,30,positive,
stu_ROULI02103,cls_SLKYU63739,sch_QQLIR33891,YES,TST Respose 13,i love jordans,0.393947817,Clara,24,positive,
stu_RUZUK44953,cls_HOJKW39162,sch_KACVP55227,YES,TST Respose 17,I believe in God and that Jesus died for us,0.394316761,Clara,23,christian,
stu_CAGAM03126,cls_HOJKW39162,sch_KACVP55227,YES,TST Respose 1,I am a student.,0.394780718,Clara,14,neutral,
stu_MXNSB23169,cls_HJQZF25095,sch_KACVP55227,,TST Respose 16,I like gym.,0.394791712,Clara,24,positive,
stu_MXNSB23169,cls_HJQZF25095,sch_KACVP55227,,TST Respose 16,I like gym.,0.394791712,Clara,14,positive,
stu_VUNQZ79892,cls_CIIPB03795,sch_RSWHG50450,YES,TST Respose 5,i like anime,0.394812945,Clara,24,positive,
stu_KWMWG76590,cls_CXLDP17094,sch_KACVP55227,YES,TST Respose 3,i have a vr,0.395181235,Clara,32,none,
stu_WBAVA84528,cls_AVBRA70624,sch_KACVP55227,YES,TST Respose 1,I'm a video gamer,0.395185679,Clara,28,neutral,
stu_JPMJO86637,cls_YFPVJ06178,sch_KACVP55227,YES,TST Respose 15,I'm kind,0.39590854,Clara,44,positive,
stu_VUNQZ79892,cls_CIIPB03795,sch_RSWHG50450,YES,TST Respose 8,im a quite person,0.396432255,Clara,44,neutral,
stu_OQLOS45541,cls_USLPT75423,sch_QQLIR33891,YES,TST Respose 20,I am me.,0.396757612,Clara,19,none,
stu_PNNIR08301,cls_HJQZF25095,sch_KACVP55227,YES,TST Respose 11,I am a volunteer.,0.397140328,Clara,31,neutral,
stu_RDOVU20570,cls_SLKYU63739,sch_QQLIR33891,YES,TST Respose 5,I am someone who likes to cook,0.397252436,Clara,31,positive,
stu_RDOVU20570,cls_SLKYU63739,sch_QQLIR33891,YES,TST Respose 5,I am someone who likes to cook,0.397252436,Clara,24,positive,
stu_VOXTG50835,cls_NUSEI70378,sch_KACVP55227,,TST Respose 18,I like to make frinds,0.397412815,Clara,31,positive,
stu_VOXTG50835,cls_NUSEI70378,sch_KACVP55227,,TST Respose 18,I like to make frinds,0.397412815,Clara,10,positive,
stu_VOXTG50835,cls_NUSEI70378,sch_KACVP55227,,TST Respose 18,I like to make frinds,0.397412815,Clara,24,positive,
stu_KJOZZ30475,cls_HOJKW39162,sch_KACVP55227,YES,TST Respose 13,I'm not strong in math,0.800511318,Frank,25,negative,
stu_GCHCS91000,cls_SLKYU63739,sch_QQLIR33891,YES,TST Respose 13,i am a pizza lover,0.397754376,Clara,24,positive,
stu_ANAWT41929,cls_CIIPB03795,sch_RSWHG50450,YES,TST Respose 20,I love my family,0.397916061,Clara,24,positive,
stu_ANAWT41929,cls_CIIPB03795,sch_RSWHG50450,YES,TST Respose 20,I love my family,0.397916061,Clara,12,positive,
stu_OIYXZ27717,cls_MAEBK64434,sch_QQLIR33891,,TST Respose 8,I am someone who likes to travel,0.398004276,Clara,31,positive,
stu_OIYXZ27717,cls_MAEBK64434,sch_QQLIR33891,,TST Respose 8,I am someone who likes to travel,0.398004276,Clara,24,positive,
stu_SJNFF34466,cls_OSSJA45538,sch_KACVP55227,,TST Respose 8,i have 5-6 cousins,0.39800975,Clara,12,neutral,
stu_XHGVP79664,cls_HEZZN95002,sch_QQLIR33891,,TST Respose 12,I have a cat,0.398029358,Clara,32,none,
stu_FASQN45304,cls_MAEBK64434,sch_QQLIR33891,,TST Respose 16,I am someone who's birthday is on [DAY].,0.398077174,Clara,22,[birth month],
stu_QQMSX84242,cls_TNHXN45809,sch_RSWHG50450,YES,TST Respose 17,a nerd,0.398244037,Clara,25,neutral,
stu_QQMSX84242,cls_TNHXN45809,sch_RSWHG50450,YES,TST Respose 17,a nerd,0.398244037,Clara,22,nerd,
stu_QHOON52054,cls_MCLLA54915,sch_KACVP55227,YES,TST Respose 11,I am [FIRST LAST NAME],0.39851318,Clara,5,none,
stu_CDGKD03653,cls_JYBSH30995,sch_QQLIR33891,,TST Respose 13,i wear jordans,0.398553478,Clara,30,neutral,
stu_RNIHY62490,cls_OUMSN73782,sch_QQLIR33891,YES,TST Respose 6,I play basketball,0.398583454,Clara,29,neutral,
stu_GXIYC47970,cls_SLKYU63739,sch_QQLIR33891,YES,TST Respose 8,I am a gamer,0.39874076,Clara,28,neutral,
stu_RSKDK68207,cls_SIVDJ49041,sch_KACVP55227,,TST Respose 3,I am 14 years old.,0.399235427,Clara,4,14,
stu_FNVBP19615,cls_DLRQP13887,sch_QQLIR33891,,TST Respose 14,I love my little sister.,0.399432795,Clara,24,positive,
stu_FNVBP19615,cls_DLRQP13887,sch_QQLIR33891,,TST Respose 14,I love my little sister.,0.399432795,Clara,12,positive,
stu_CDXSC86692,cls_MAEBK64434,sch_QQLIR33891,,TST Respose 14,I am the person that my brithday is on Decmber,0.399468658,Clara,22,december birthday,
stu_ROULI02103,cls_SLKYU63739,sch_QQLIR33891,YES,TST Respose 4,i love my family,0.399962674,Clara,24,positive,
stu_ROULI02103,cls_SLKYU63739,sch_QQLIR33891,YES,TST Respose 4,i love my family,0.399962674,Clara,12,positive,
stu_RDOVU20570,cls_SLKYU63739,sch_QQLIR33891,YES,TST Respose 14,I am 13,0.400231969,Clara,4,13,
stu_FQEST23326,cls_JTMRB81339,sch_KACVP55227,YES,TST Respose 4,an animal lover,0.400330157,Clara,24,positive,
stu_WEADW20158,cls_JYBSH30995,sch_QQLIR33891,,TST Respose 17,i like to draw,0.400983509,Clara,26,positive,
stu_WEADW20158,cls_JYBSH30995,sch_QQLIR33891,,TST Respose 17,i like to draw,0.400983509,Clara,24,positive,
stu_JTZYY08754,cls_JTMRB81339,sch_KACVP55227,,TST Respose 19,I never tried India food but if i can then I would,0.401222455,Clara,31,neutral,
stu_CTAZU65504,cls_USLPT75423,sch_QQLIR33891,YES,TST Respose 1,I am kind,0.401272994,Clara,44,positive,
stu_UHXBA77476,cls_FBBRP25979,sch_QQLIR33891,,TST Respose 15,I am the youngest child,0.401641031,Clara,22,youngestchild,
stu_UHXBA77476,cls_FBBRP25979,sch_QQLIR33891,,TST Respose 15,I am the youngest child,0.401641031,Clara,12,neutral,
stu_RUBQU39803,cls_OUMSN73782,sch_QQLIR33891,,TST Respose 18,i am a person who likes to swim,0.401796534,Clara,29,positive,
stu_RUBQU39803,cls_OUMSN73782,sch_QQLIR33891,,TST Respose 18,i am a person who likes to swim,0.401796534,Clara,24,positive,
stu_CJHBB29429,cls_MAEBK64434,sch_QQLIR33891,,TST Respose 14,My favorite sports team is the Celtics,0.40184941,Clara,24,positive,
stu_GXIYC47970,cls_SLKYU63739,sch_QQLIR33891,YES,TST Respose 2,I am a middle school student,0.401919649,Clara,22,middleschooler,
stu_GXIYC47970,cls_SLKYU63739,sch_QQLIR33891,YES,TST Respose 2,I am a middle school student,0.401919649,Clara,4,middleschooler,
stu_GXIYC47970,cls_SLKYU63739,sch_QQLIR33891,YES,TST Respose 2,I am a middle school student,0.401919649,Clara,14,neutral,
stu_DHTXQ91573,cls_VFZRA31361,sch_KACVP55227,YES,TST Respose 16,I am a students from 6 grades,0.402194431,Clara,22,6thgrade,
stu_DHTXQ91573,cls_VFZRA31361,sch_KACVP55227,YES,TST Respose 16,I am a students from 6 grades,0.402194431,Clara,4,6thgrade,
stu_DHTXQ91573,cls_VFZRA31361,sch_KACVP55227,YES,TST Respose 16,I am a students from 6 grades,0.402194431,Clara,14,neutral,
stu_VGJIS59600,cls_DLRQP13887,sch_QQLIR33891,,TST Respose 12,I really like to watch anime,0.402912459,Clara,31,positive,
stu_VGJIS59600,cls_DLRQP13887,sch_QQLIR33891,,TST Respose 12,I really like to watch anime,0.402912459,Clara,24,positive,
stu_PJCOJ15115,cls_HEZZN95002,sch_QQLIR33891,,TST Respose 1,I am a gamer,0.403214994,Clara,28,neutral,
stu_CLLRZ76280,cls_MAEBK64434,sch_QQLIR33891,,TST Respose 18,My favorite month is february,0.403514794,Clara,24,positive,
stu_MRIWT64391,cls_SYHWK05211,sch_KACVP55227,YES,TST Respose 12,a son,0.403773066,Clara,12,neutral,
stu_MRIWT64391,cls_SYHWK05211,sch_KACVP55227,YES,TST Respose 12,a son,0.403773066,Clara,2,boy,
stu_CWQDV67579,cls_CIIPB03795,sch_RSWHG50450,YES,TST Respose 11,i like basketball,0.403818905,Clara,29,positive,
stu_CWQDV67579,cls_CIIPB03795,sch_RSWHG50450,YES,TST Respose 11,i like basketball,0.403818905,Clara,24,positive,
stu_MMZHT88458,cls_QZQQW97177,sch_KACVP55227,,TST Respose 9,i play a lot of video games,0.403820465,Clara,28,neutral,
stu_CETOG17008,cls_USLPT75423,sch_QQLIR33891,YES,TST Respose 14,smart,0.404155375,Clara,43,positive,
stu_CETOG17008,cls_USLPT75423,sch_QQLIR33891,YES,TST Respose 14,smart,0.404155375,Clara,25,positive,
stu_JUQPD47363,cls_HOJKW39162,sch_KACVP55227,YES,TST Respose 20,I am [FIRST NAME].,0.404395738,Clara,5,none,
stu_JERPG96865,cls_IZNZG32572,sch_KACVP55227,YES,TST Respose 18,i am pretty good at math,0.404694631,Clara,25,positive,
stu_WAWDW95831,cls_SYHWK05211,sch_KACVP55227,,TST Respose 15,I love volleyball.,0.404817051,Clara,29,positive,
stu_WAWDW95831,cls_SYHWK05211,sch_KACVP55227,,TST Respose 15,I love volleyball.,0.404817051,Clara,24,positive,
stu_PXDPN73068,cls_FBBRP25979,sch_QQLIR33891,,TST Respose 6,Im a 6th grade student,0.404882519,Clara,22,6thgrade,
stu_PXDPN73068,cls_FBBRP25979,sch_QQLIR33891,,TST Respose 6,Im a 6th grade student,0.404882519,Clara,4,6thgrade,
stu_PXDPN73068,cls_FBBRP25979,sch_QQLIR33891,,TST Respose 6,Im a 6th grade student,0.404882519,Clara,14,neutral,
stu_JERPG96865,cls_IZNZG32572,sch_KACVP55227,YES,TST Respose 17,i dont like school,0.404971634,Clara,14,negative,
stu_UEDQL23543,cls_USLPT75423,sch_QQLIR33891,YES,TST Respose 16,good at doing hair,0.405003475,Clara,30,positive,
stu_HLKZL24322,cls_MAEBK64434,sch_QQLIR33891,,TST Respose 1,a brother,0.40500667,Clara,12,neutral,
stu_HLKZL24322,cls_MAEBK64434,sch_QQLIR33891,,TST Respose 1,a brother,0.40500667,Clara,2,boy,
stu_SAOLH99639,cls_FXSNE83092,sch_QQLIR33891,,TST Respose 6,i love cats,0.405357712,Clara,24,positive,
stu_AHWRN95528,cls_MAEBK64434,sch_QQLIR33891,,TST Respose 1,I am someone who likes games,0.405907037,Clara,31,positive,
stu_AHWRN95528,cls_MAEBK64434,sch_QQLIR33891,,TST Respose 1,I am someone who likes games,0.405907037,Clara,24,positive,
stu_XUDYN03051,cls_FXSNE83092,sch_QQLIR33891,,TST Respose 19,I like action movies,0.406337178,Clara,24,positive,
stu_SJXEZ38047,cls_JYBSH30995,sch_QQLIR33891,,TST Respose 15,I like hot Cheetos n Doritos,0.406604714,Clara,24,positive,
stu_FTOYB42084,cls_SLKYU63739,sch_QQLIR33891,YES,TST Respose 5,im a pet person,0.406748142,Clara,21,pet person,
stu_CWQDV67579,cls_CIIPB03795,sch_RSWHG50450,YES,TST Respose 8,I like sports,0.407447727,Clara,29,positive,
stu_CWQDV67579,cls_CIIPB03795,sch_RSWHG50450,YES,TST Respose 8,I like sports,0.407447727,Clara,24,positive,
stu_OFAWH83528,cls_FBBRP25979,sch_QQLIR33891,,TST Respose 19,i like kai cenat,0.407488811,Clara,24,positive,
stu_PKXZK94759,cls_JYBSH30995,sch_QQLIR33891,,TST Respose 16,My favorite show is Deathnote,0.407913683,Clara,24,positive,
stu_QACJQ31561,cls_JYBSH30995,sch_QQLIR33891,,TST Respose 15,my fav food is pasta,0.408043373,Clara,24,positive,
stu_FTOYB42084,cls_SLKYU63739,sch_QQLIR33891,YES,TST Respose 6,im funny,0.408781579,Clara,46,positive,
stu_MTCIM85775,cls_TNHXN45809,sch_RSWHG50450,,TST Respose 2,An artist,0.408914782,Clara,26,neutral,
stu_JPMJO86637,cls_YFPVJ06178,sch_KACVP55227,YES,TST Respose 19,I like all my friends.,0.409286689,Clara,24,positive,
stu_JPMJO86637,cls_YFPVJ06178,sch_KACVP55227,YES,TST Respose 19,I like all my friends.,0.409286689,Clara,10,positive,
stu_TSQUQ54202,cls_USLPT75423,sch_QQLIR33891,YES,TST Respose 10,I am a respectful young woman.,0.409653678,Clara,40,positive,
stu_TSQUQ54202,cls_USLPT75423,sch_QQLIR33891,YES,TST Respose 10,I am a respectful young woman.,0.409653678,Clara,2,woman,
stu_TSQUQ54202,cls_USLPT75423,sch_QQLIR33891,YES,TST Respose 10,I am a respectful young woman.,0.409653678,Clara,22,youngwoman,
stu_KJOZZ30475,cls_HOJKW39162,sch_KACVP55227,YES,TST Respose 14,I am more strong in English.,0.435041664,Clara,25,neutral,flag for later
stu_SIWRL23181,cls_MMBNN48363,sch_QQLIR33891,,TST Respose 10,i am passionate,0.41025307,Clara,41,positive,
stu_AHWRN95528,cls_MAEBK64434,sch_QQLIR33891,,TST Respose 12,I am someone who likes going outside,0.410409565,Clara,31,positive,
stu_AHWRN95528,cls_MAEBK64434,sch_QQLIR33891,,TST Respose 12,I am someone who likes going outside,0.410409565,Clara,24,positive,
stu_CJHBB29429,cls_MAEBK64434,sch_QQLIR33891,,TST Respose 11,My favorite food is ox tail,0.410738448,Clara,24,positive,
stu_CETOG17008,cls_USLPT75423,sch_QQLIR33891,YES,TST Respose 18,middle child,0.410949881,Clara,22,middlechild,
stu_CETOG17008,cls_USLPT75423,sch_QQLIR33891,YES,TST Respose 18,middle child,0.410949881,Clara,12,neutral,
stu_ZQMQQ26810,cls_HEBLM24075,sch_KACVP55227,,TST Respose 13,i like roblox,0.411141517,Clara,27,positive,
stu_ZQMQQ26810,cls_HEBLM24075,sch_KACVP55227,,TST Respose 13,i like roblox,0.411141517,Clara,24,positive,
stu_CWQDV67579,cls_CIIPB03795,sch_RSWHG50450,YES,TST Respose 19,I am [FIRST LAST NAME],0.411645785,Clara,5,none,
stu_XUDYN03051,cls_FXSNE83092,sch_QQLIR33891,,TST Respose 7,I have a ginger cat,0.411879064,Clara,32,none,
stu_NJZBY59884,cls_MAEBK64434,sch_QQLIR33891,,TST Respose 1,i like football and basketball.,0.412425223,Clara,29,positive,
stu_NJZBY59884,cls_MAEBK64434,sch_QQLIR33891,,TST Respose 1,i like football and basketball.,0.412425223,Clara,24,positive,
stu_MTCIM85775,cls_TNHXN45809,sch_RSWHG50450,,TST Respose 15,A gamer,0.412677722,Clara,28,neutral,
stu_KGOWI06896,cls_AJBUO63250,sch_KACVP55227,,TST Respose 20,I like to watch new shows,0.412890429,Clara,31,positive,
stu_KGOWI06896,cls_AJBUO63250,sch_KACVP55227,,TST Respose 20,I like to watch new shows,0.412890429,Clara,24,positive,
stu_MRIWT64391,cls_SYHWK05211,sch_KACVP55227,YES,TST Respose 17,i like MONEYYYY$$$$!!!!!!!!,0.412954466,Clara,34,positive,
stu_MRIWT64391,cls_SYHWK05211,sch_KACVP55227,YES,TST Respose 17,i like MONEYYYY$$$$!!!!!!!!,0.412954466,Clara,24,positive,
stu_XHPVX80161,cls_TNHXN45809,sch_RSWHG50450,,TST Respose 11,i am [TEACHER] Student,0.412978769,Clara,14,neutral,
stu_WWNBY52737,cls_OUMSN73782,sch_QQLIR33891,YES,TST Respose 10,I have 2 older brothers.,0.413018861,Clara,12,neutral,
stu_NWRRC44615,cls_JYBSH30995,sch_QQLIR33891,,TST Respose 11,i like skin care,0.413219359,Clara,30,positive,
stu_NWRRC44615,cls_JYBSH30995,sch_QQLIR33891,,TST Respose 11,i like skin care,0.413219359,Clara,24,positive,
stu_TFTDG28078,cls_IZNZG32572,sch_KACVP55227,YES,TST Respose 7,a cape verdean girl,0.413371415,Clara,7,capeverdean,
stu_TFTDG28078,cls_IZNZG32572,sch_KACVP55227,YES,TST Respose 7,a cape verdean girl,0.413371415,Clara,2,girl,
stu_XHPVX80161,cls_TNHXN45809,sch_RSWHG50450,,TST Respose 17,babytron defender,0.413556282,Clara,26,neutral,
stu_VOXTG50835,cls_NUSEI70378,sch_KACVP55227,,TST Respose 7,I like shoes,0.413816658,Clara,30,positive,
stu_VOXTG50835,cls_NUSEI70378,sch_KACVP55227,,TST Respose 7,I like shoes,0.413816658,Clara,24,positive,
stu_WQGUY90279,cls_JYBSH30995,sch_QQLIR33891,,TST Respose 1,I'm a female,0.413818372,Clara,1,female,
stu_SOWGI28002,cls_MAEBK64434,sch_QQLIR33891,,TST Respose 2,I am someone who has a sister,0.413990352,Clara,12,neutral,
stu_CULOH75877,cls_HEZZN95002,sch_QQLIR33891,,TST Respose 2,I am the youngest,0.41403529,Clara,12,neutral,
stu_JUQPD47363,cls_HOJKW39162,sch_KACVP55227,YES,TST Respose 17,I am in love with the color yellow.,0.414224697,Clara,24,positive,
stu_NKHRJ04957,cls_FBBRP25979,sch_QQLIR33891,,TST Respose 5,I played soccer,0.414277526,Clara,29,neutral,
stu_EHYTZ32137,cls_USLPT75423,sch_QQLIR33891,YES,TST Respose 15,i like to talk,0.414988919,Clara,44,positive,
stu_EHYTZ32137,cls_USLPT75423,sch_QQLIR33891,YES,TST Respose 15,i like to talk,0.414988919,Clara,24,positive,
stu_NKHRJ04957,cls_FBBRP25979,sch_QQLIR33891,,TST Respose 7,I spend time with my family,0.415049102,Clara,31,neutral,
stu_NKHRJ04957,cls_FBBRP25979,sch_QQLIR33891,,TST Respose 7,I spend time with my family,0.415049102,Clara,12,neutral,
stu_ROXAU39801,cls_CIIPB03795,sch_RSWHG50450,YES,TST Respose 6,I am a basketball player,0.415167636,Clara,29,neutral,
stu_CULOH75877,cls_HEZZN95002,sch_QQLIR33891,,TST Respose 9,I am respectful,0.415337752,Clara,40,positive,
stu_WQGUY90279,cls_JYBSH30995,sch_QQLIR33891,,TST Respose 3,I like sleeping,0.415551024,Clara,31,positive,
stu_WQGUY90279,cls_JYBSH30995,sch_QQLIR33891,,TST Respose 3,I like sleeping,0.415551024,Clara,24,positive,
stu_VFKRH03938,cls_SLKYU63739,sch_QQLIR33891,,TST Respose 5,i am from Massachusetts,0.415580503,Clara,9,from massachusetts,
stu_YSQPA55709,cls_OUMSN73782,sch_QQLIR33891,,TST Respose 14,i like cars,0.416126362,Clara,24,positive,
stu_WYTLH51489,cls_AJBUO63250,sch_KACVP55227,YES,TST Respose 5,I like to read,0.417028239,Clara,25,positive,
stu_WYTLH51489,cls_AJBUO63250,sch_KACVP55227,YES,TST Respose 5,I like to read,0.417028239,Clara,24,positive,
stu_RUZUK44953,cls_HOJKW39162,sch_KACVP55227,YES,TST Respose 2,I am an English speaking person,0.417405131,Clara,25,neutral,
stu_RUZUK44953,cls_HOJKW39162,sch_KACVP55227,YES,TST Respose 2,I am an English speaking person,0.417405131,Clara,22,englishspeaker,
stu_TFTDG28078,cls_IZNZG32572,sch_KACVP55227,YES,TST Respose 3,a 12yo girl,0.417431573,Clara,4,12,
stu_TFTDG28078,cls_IZNZG32572,sch_KACVP55227,YES,TST Respose 3,a 12yo girl,0.417431573,Clara,2,girl,
stu_VSSOO37726,cls_HEBLM24075,sch_KACVP55227,YES,TST Respose 20,I like to listen to music,0.417762256,Clara,26,positive,
stu_VSSOO37726,cls_HEBLM24075,sch_KACVP55227,YES,TST Respose 20,I like to listen to music,0.417762256,Clara,24,positive,
stu_DHTXQ91573,cls_VFZRA31361,sch_KACVP55227,YES,TST Respose 11,I am a students from 6 grades,0.417962532,Clara,22,6thgrade,
stu_DHTXQ91573,cls_VFZRA31361,sch_KACVP55227,YES,TST Respose 11,I am a students from 6 grades,0.417962532,Clara,4,6thgrade,
stu_DHTXQ91573,cls_VFZRA31361,sch_KACVP55227,YES,TST Respose 11,I am a students from 6 grades,0.417962532,Clara,14,neutral,
stu_CNIFN64507,cls_OUMSN73782,sch_QQLIR33891,YES,TST Respose 19,im a rabbit,0.418239018,Clara,48,neutral,
stu_FASQN45304,cls_MAEBK64434,sch_QQLIR33891,,TST Respose 19,I am someone who is respectful.,0.418356573,Clara,40,positive,
stu_GXIYC47970,cls_SLKYU63739,sch_QQLIR33891,YES,TST Respose 5,I am a short person,0.418522786,Clara,35,neutral,
stu_TFTDG28078,cls_IZNZG32572,sch_KACVP55227,YES,TST Respose 2,A volleyball player,0.41854205,Clara,29,neutral,
stu_LDUML32113,cls_USLPT75423,sch_QQLIR33891,YES,TST Respose 4,honest,0.418656031,Clara,40,positive,
stu_KGOWI06896,cls_AJBUO63250,sch_KACVP55227,,TST Respose 4,I dont like the teachers here,0.418799085,Clara,24,negative,
stu_KGOWI06896,cls_AJBUO63250,sch_KACVP55227,,TST Respose 4,I dont like the teachers here,0.418799085,Clara,14,negative,
stu_FVHVM49769,cls_SLKYU63739,sch_QQLIR33891,YES,TST Respose 8,i am a sneaker lover,0.420030323,Clara,30,positive,
stu_FVHVM49769,cls_SLKYU63739,sch_QQLIR33891,YES,TST Respose 8,i am a sneaker lover,0.420030323,Clara,24,positive,
stu_WYTLH51489,cls_AJBUO63250,sch_KACVP55227,YES,TST Respose 20,I am honest,0.420415058,Clara,40,positive,
stu_UTXBZ05806,cls_MAEBK64434,sch_QQLIR33891,,TST Respose 5,i am someone who likes to watch,0.420474878,Clara,31,positive,
stu_UTXBZ05806,cls_MAEBK64434,sch_QQLIR33891,,TST Respose 5,i am someone who likes to watch,0.420474878,Clara,24,positive,
stu_OFWAG94272,cls_USLPT75423,sch_QQLIR33891,YES,TST Respose 17,I like going outside,0.420501487,Clara,31,positive,
stu_OFWAG94272,cls_USLPT75423,sch_QQLIR33891,YES,TST Respose 17,I like going outside,0.420501487,Clara,24,positive,
stu_TFTDG28078,cls_IZNZG32572,sch_KACVP55227,YES,TST Respose 20,roblox n fortnite lover.,0.420552026,Clara,28,positive,
stu_TFTDG28078,cls_IZNZG32572,sch_KACVP55227,YES,TST Respose 20,roblox n fortnite lover.,0.420552026,Clara,24,positive,
stu_FBWGP41232,cls_JYBSH30995,sch_QQLIR33891,,TST Respose 2,l'm a girl,0.420606413,Clara,2,girl,
stu_WTRMC77187,cls_IZNZG32572,sch_KACVP55227,YES,TST Respose 2,i Ilike lexia,0.420607677,Clara,24,positive,
stu_WTRMC77187,cls_IZNZG32572,sch_KACVP55227,YES,TST Respose 2,i Ilike lexia,0.420607677,Clara,14,positive,
stu_YXJEP22115,cls_USLPT75423,sch_QQLIR33891,YES,TST Respose 1,I am a student,0.420767077,Clara,14,neutral,
stu_UTXBZ05806,cls_MAEBK64434,sch_QQLIR33891,,TST Respose 1,i am a soccer player and i play for [TEAM NAME],0.420831028,Clara,29,neutral,
stu_MKGYA55892,cls_MMBNN48363,sch_QQLIR33891,,TST Respose 13,13 year old,0.420891664,Clara,4,13,
stu_VQFBG95862,cls_USLPT75423,sch_QQLIR33891,,TST Respose 9,i am a althle,0.420960296,Clara,29,neutral,
stu_QCKDZ64012,cls_HEZZN95002,sch_QQLIR33891,,TST Respose 11,i love candy,0.421305226,Clara,24,positive,
stu_XXEBH66449,cls_GIJEF48865,sch_KACVP55227,,TST Respose 15,I am a student,0.421538354,Clara,14,neutral,
stu_CETOG17008,cls_USLPT75423,sch_QQLIR33891,YES,TST Respose 9,basketball player,0.421912572,Clara,29,neutral,
stu_YXJEP22115,cls_USLPT75423,sch_QQLIR33891,YES,TST Respose 6,I am a singer,0.422643206,Clara,26,neutral,
stu_MMZHT88458,cls_QZQQW97177,sch_KACVP55227,,TST Respose 18,i am a nice person i think,0.423380047,Clara,44,positive,
stu_MMZHT88458,cls_QZQQW97177,sch_KACVP55227,,TST Respose 18,i am a nice person i think,0.423380047,Clara,21,none,
stu_WPVZY01902,cls_YLGBO89611,sch_KACVP55227,,TST Respose 3,I like rewards.,0.423642069,Clara,24,positive,
stu_ROXAU39801,cls_CIIPB03795,sch_RSWHG50450,YES,TST Respose 7,I am a MATHia superstar,0.423707351,Clara,14,positive,
stu_WTRMC77187,cls_IZNZG32572,sch_KACVP55227,YES,TST Respose 5,Im mostly bored,0.423853196,Clara,45,negative,
stu_DUOEM76163,cls_FXSNE83092,sch_QQLIR33891,,TST Respose 6,My favorite color is blue,0.423915905,Clara,24,positive,
stu_FASQN45304,cls_MAEBK64434,sch_QQLIR33891,,TST Respose 10,I am someone who can speak Chinese.,0.424322617,Clara,25,neutral,
stu_FASQN45304,cls_MAEBK64434,sch_QQLIR33891,,TST Respose 10,I am someone who can speak Chinese.,0.424322617,Clara,22,chinesespeaker,
stu_MYCLF44200,cls_UZFMO35109,sch_QQLIR33891,,TST Respose 7,I love shoes.,0.424386789,Clara,30,positive,
stu_MYCLF44200,cls_UZFMO35109,sch_QQLIR33891,,TST Respose 7,I love shoes.,0.424386789,Clara,24,positive,
stu_EUIXK95276,cls_JDASF17902,sch_KACVP55227,,TST Respose 18,"I'm a student at the [SCHOOL NAME], I love dancing, singing, gym class, Art class, eating food",0.424519917,Clara,31,positive,
stu_EUIXK95276,cls_JDASF17902,sch_KACVP55227,,TST Respose 18,"I'm a student at the [SCHOOL NAME], I love dancing, singing, gym class, Art class, eating food",0.424519917,Clara,14,neutral,
stu_EUIXK95276,cls_JDASF17902,sch_KACVP55227,,TST Respose 18,"I'm a student at the [SCHOOL NAME], I love dancing, singing, gym class, Art class, eating food",0.424519917,Clara,24,positive,
stu_EUIXK95276,cls_JDASF17902,sch_KACVP55227,,TST Respose 18,"I'm a student at the [SCHOOL NAME], I love dancing, singing, gym class, Art class, eating food",0.424519917,Clara,26,positive,
stu_EUIXK95276,cls_JDASF17902,sch_KACVP55227,,TST Respose 18,"I'm a student at the [SCHOOL NAME], I love dancing, singing, gym class, Art class, eating food",0.424519917,Clara,29,positive,
stu_OCRTY88035,cls_MAEBK64434,sch_QQLIR33891,,TST Respose 8,I am someone that loves to be the want to be the funny one in the family.,0.424751802,Clara,44,positive,
stu_BCRYB29652,cls_OUMSN73782,sch_QQLIR33891,YES,TST Respose 5,I'm smert,0.424851052,Clara,43,positive,
stu_BCRYB29652,cls_OUMSN73782,sch_QQLIR33891,YES,TST Respose 5,I'm smert,0.424851052,Clara,25,positive,
stu_IGWBR81023,cls_DLRQP13887,sch_QQLIR33891,,TST Respose 16,i am shy with certain people,0.425464261,Clara,44,neutral,
stu_JTZYY08754,cls_JTMRB81339,sch_KACVP55227,,TST Respose 16,dnd mean do not dasturd,0.425740304,Clara,48,none,
stu_DHTXQ91573,cls_VFZRA31361,sch_KACVP55227,YES,TST Respose 13,I am a students from 6 grades,0.425752263,Clara,22,6thgrade,
stu_DHTXQ91573,cls_VFZRA31361,sch_KACVP55227,YES,TST Respose 13,I am a students from 6 grades,0.425752263,Clara,4,6thgrade,
stu_DHTXQ91573,cls_VFZRA31361,sch_KACVP55227,YES,TST Respose 13,I am a students from 6 grades,0.425752263,Clara,14,neutral,
stu_HMQRZ27503,cls_YFPVJ06178,sch_KACVP55227,YES,TST Respose 12,i speak four language .,0.426082251,Clara,25,neutral,
stu_HMQRZ27503,cls_YFPVJ06178,sch_KACVP55227,YES,TST Respose 12,i speak four language .,0.426082251,Clara,22,multilingual,
stu_VSSOO37726,cls_HEBLM24075,sch_KACVP55227,YES,TST Respose 4,I like to play basketball,0.426336133,Clara,29,positive,
stu_VSSOO37726,cls_HEBLM24075,sch_KACVP55227,YES,TST Respose 4,I like to play basketball,0.426336133,Clara,24,positive,
stu_MZIVN56293,cls_HEZZN95002,sch_QQLIR33891,,TST Respose 17,i go to a school in [SCHOOL DISTRICT],0.427828868,Clara,14,neutral,
stu_YBWGX96937,cls_MAEBK64434,sch_QQLIR33891,,TST Respose 5,i like PHYSICAL EDUCATION,0.428062266,Clara,24,positive,
stu_YBWGX96937,cls_MAEBK64434,sch_QQLIR33891,,TST Respose 5,i like PHYSICAL EDUCATION,0.428062266,Clara,14,positive,
stu_LTSJK02079,cls_FBBRP25979,sch_QQLIR33891,,TST Respose 4,I am a only child,0.428169925,Clara,22,onlychild,
stu_LTSJK02079,cls_FBBRP25979,sch_QQLIR33891,,TST Respose 4,I am a only child,0.428169925,Clara,12,neutral,
stu_FBWGP41232,cls_JYBSH30995,sch_QQLIR33891,,TST Respose 19,I'm really smart,0.428345085,Clara,43,positive,
stu_FBWGP41232,cls_JYBSH30995,sch_QQLIR33891,,TST Respose 19,I'm really smart,0.428345085,Clara,25,positive,
stu_PFDTL78462,cls_NUSEI70378,sch_KACVP55227,,TST Respose 20,I am loyal. Thats it.,0.428605963,Clara,44,positive,
stu_PJCOJ15115,cls_HEZZN95002,sch_QQLIR33891,,TST Respose 14,I am a cashapp user,0.428650734,Clara,27,neutral,
stu_MYCLF44200,cls_UZFMO35109,sch_QQLIR33891,,TST Respose 11,I love Jesus.,0.428783259,Clara,24,positive,
stu_MYCLF44200,cls_UZFMO35109,sch_QQLIR33891,,TST Respose 11,I love Jesus.,0.428783259,Clara,16,christian,
stu_MMZHT88458,cls_QZQQW97177,sch_KACVP55227,,TST Respose 1,i like games,0.429030454,Clara,31,positive,
stu_MMZHT88458,cls_QZQQW97177,sch_KACVP55227,,TST Respose 1,i like games,0.429030454,Clara,24,positive,
stu_NWRRC44615,cls_JYBSH30995,sch_QQLIR33891,,TST Respose 20,i like candy,0.429671995,Clara,24,positive,
stu_YBWGX96937,cls_MAEBK64434,sch_QQLIR33891,,TST Respose 9,i like art,0.42982548,Clara,26,positive,
stu_YBWGX96937,cls_MAEBK64434,sch_QQLIR33891,,TST Respose 9,i like art,0.42982548,Clara,24,positive,
stu_QEGJI54214,cls_SLKYU63739,sch_QQLIR33891,YES,TST Respose 10,i am a game lover,0.429835738,Clara,31,positive,
stu_QEGJI54214,cls_SLKYU63739,sch_QQLIR33891,YES,TST Respose 10,i am a game lover,0.429835738,Clara,24,positive,
stu_IDHIE84911,cls_YFPVJ06178,sch_KACVP55227,YES,TST Respose 10,am lovely,0.429987559,Clara,44,positive,
stu_KWLPL21630,cls_SIVDJ49041,sch_KACVP55227,,TST Respose 7,I'm a student.,0.430806974,Clara,14,neutral,
stu_HLKZL24322,cls_MAEBK64434,sch_QQLIR33891,,TST Respose 11,a love for pizza,0.430866415,Clara,24,positive,
stu_EXNUN73314,cls_CIIPB03795,sch_RSWHG50450,YES,TST Respose 2,I am a reader,0.430994517,Clara,25,neutral,
stu_QCKDZ64012,cls_HEZZN95002,sch_QQLIR33891,,TST Respose 5,i play soccer,0.43121912,Clara,29,neutral,
stu_CETOG17008,cls_USLPT75423,sch_QQLIR33891,YES,TST Respose 15,dumb,0.431506581,Clara,43,negative,
stu_CETOG17008,cls_USLPT75423,sch_QQLIR33891,YES,TST Respose 15,dumb,0.431506581,Clara,25,negative,
stu_NYHDW07721,cls_CIIPB03795,sch_RSWHG50450,,TST Respose 9,Cousin of [FIRST LAST NAME],0.431580033,Clara,12,neutral,
stu_NWVEW24693,cls_AVBRA70624,sch_KACVP55227,YES,TST Respose 4,I hate Math and English.,0.431704291,Clara,25,negative,
stu_NWVEW24693,cls_AVBRA70624,sch_KACVP55227,YES,TST Respose 4,I hate Math and English.,0.431704291,Clara,24,negative,
stu_QQMSX84242,cls_TNHXN45809,sch_RSWHG50450,YES,TST Respose 5,a christan,0.431767312,Clara,16,christian,
stu_SBUBU63586,cls_OUKFK08724,sch_RSWHG50450,YES,TST Respose 9,i am a good freand,0.431914858,Clara,40,positive,
stu_SBUBU63586,cls_OUKFK08724,sch_RSWHG50450,YES,TST Respose 9,i am a good freand,0.431914858,Clara,10,positive,
stu_TDURA35752,cls_USLPT75423,sch_QQLIR33891,YES,TST Respose 7,I am artistic,0.431916909,Clara,26,neutral,
stu_HLKZL24322,cls_MAEBK64434,sch_QQLIR33891,,TST Respose 17,i like pizza,0.431945548,Clara,24,positive,
stu_EUWJA76858,cls_HJQZF25095,sch_KACVP55227,YES,TST Respose 18,I like iced tea.,0.431989927,Clara,24,positive,
stu_SELBD60428,cls_AJBUO63250,sch_KACVP55227,,TST Respose 17,student,0.43202599,Clara,14,neutral,
stu_QEGJI54214,cls_SLKYU63739,sch_QQLIR33891,YES,TST Respose 15,i am a shoe lover,0.432213976,Clara,30,positive,
stu_QEGJI54214,cls_SLKYU63739,sch_QQLIR33891,YES,TST Respose 15,i am a shoe lover,0.432213976,Clara,24,positive,
stu_KOIIB68446,cls_JYBSH30995,sch_QQLIR33891,,TST Respose 14,my best firend is my little brother,0.432456448,Clara,12,nuetral,
stu_KOIIB68446,cls_JYBSH30995,sch_QQLIR33891,,TST Respose 14,my best firend is my little brother,0.432456448,Clara,10,neutral,
stu_CWJCN88700,cls_DLRQP13887,sch_QQLIR33891,,TST Respose 5,I am a owner of a cat,0.432494572,Clara,32,none,
stu_WAWDW95831,cls_SYHWK05211,sch_KACVP55227,,TST Respose 10,I am good school.,0.432534586,Clara,14,positive,
stu_ECYEC76336,cls_OUMSN73782,sch_QQLIR33891,YES,TST Respose 17,I am a student ambassador,0.433143761,Clara,14,positive,
stu_CWJCN88700,cls_DLRQP13887,sch_QQLIR33891,,TST Respose 7,I am learning chinese,0.433233643,Clara,25,neutral,
stu_VUNQZ79892,cls_CIIPB03795,sch_RSWHG50450,YES,TST Respose 19,im a cool person,0.434555067,Clara,46,positive,
stu_VUNQZ79892,cls_CIIPB03795,sch_RSWHG50450,YES,TST Respose 19,im a cool person,0.434555067,Clara,21,none,
stu_PSHPN85751,cls_SYHWK05211,sch_KACVP55227,,TST Respose 6,i play on playstation,0.434609336,Clara,28,neutral,
stu_VQFBG95862,cls_USLPT75423,sch_QQLIR33891,,TST Respose 19,i am a good booy,0.434692003,Clara,40,positive,
stu_VQFBG95862,cls_USLPT75423,sch_QQLIR33891,,TST Respose 19,i am a good booy,0.434692003,Clara,2,boy,
stu_VKCWY07846,cls_DLRQP13887,sch_QQLIR33891,,TST Respose 10,i have adhd,0.434750606,Clara,38,none,
stu_ORUUL82324,cls_FBBRP25979,sch_QQLIR33891,,TST Respose 17,I can speed-walk REALLY fast,0.435291131,Clara,29,positive,
stu_XXEBH66449,cls_GIJEF48865,sch_KACVP55227,,TST Respose 5,I am a person who likes food,0.435325661,Clara,24,positive,
stu_FUILC09238,cls_HEBLM24075,sch_KACVP55227,,TST Respose 19,i'm shy,0.435810129,Clara,44,neutral,
stu_FNVBP19615,cls_DLRQP13887,sch_QQLIR33891,,TST Respose 10,I love my friends.,0.436484715,Clara,24,positive,
stu_FNVBP19615,cls_DLRQP13887,sch_QQLIR33891,,TST Respose 10,I love my friends.,0.436484715,Clara,10,positive,
stu_HEPWQ98561,cls_ZUQLK09797,sch_KACVP55227,,TST Respose 19,i like going out,0.437475945,Clara,31,positive,
stu_HEPWQ98561,cls_ZUQLK09797,sch_KACVP55227,,TST Respose 19,i like going out,0.437475945,Clara,24,positive,
stu_OFAWH83528,cls_FBBRP25979,sch_QQLIR33891,,TST Respose 20,I like going to pools and the beach,0.437819541,Clara,31,positive,
stu_OFAWH83528,cls_FBBRP25979,sch_QQLIR33891,,TST Respose 20,I like going to pools and the beach,0.437819541,Clara,24,positive,
stu_CNIXS57234,cls_ERQJB18593,sch_QQLIR33891,,TST Respose 16,I have short hear,0.437872778,Clara,35,neutral,
stu_MMZHT88458,cls_QZQQW97177,sch_KACVP55227,,TST Respose 14,i like cartoons,0.438120586,Clara,24,positive,
stu_CDGKD03653,cls_JYBSH30995,sch_QQLIR33891,,TST Respose 8,i love my dad,0.438153232,Clara,12,positive,
stu_PUNZK45438,cls_SLKYU63739,sch_QQLIR33891,YES,TST Respose 7,i like to go to the pool,0.438753427,Clara,31,positive,
stu_PUNZK45438,cls_SLKYU63739,sch_QQLIR33891,YES,TST Respose 7,i like to go to the pool,0.438753427,Clara,24,positive,
stu_QHOON52054,cls_MCLLA54915,sch_KACVP55227,YES,TST Respose 9,I am the oldest child,0.439553947,Clara,22,oldestchild,
stu_QHOON52054,cls_MCLLA54915,sch_KACVP55227,YES,TST Respose 9,I am the oldest child,0.439553947,Clara,12,neutral,
stu_JERPG96865,cls_IZNZG32572,sch_KACVP55227,YES,TST Respose 9,i like dogs,0.439972471,Clara,24,positive,
stu_QZOUO83023,cls_FBBRP25979,sch_QQLIR33891,YES,TST Respose 15,Sometimes i like to watch a move,0.440282501,Clara,31,positive,
stu_QZOUO83023,cls_FBBRP25979,sch_QQLIR33891,YES,TST Respose 15,Sometimes i like to watch a move,0.440282501,Clara,24,positive,
stu_UHXBA77476,cls_FBBRP25979,sch_QQLIR33891,,TST Respose 18,I am an aunt,0.440489128,Clara,12,neutral,
stu_UHXBA77476,cls_FBBRP25979,sch_QQLIR33891,,TST Respose 18,I am an aunt,0.440489128,Clara,2,girl,
stu_EHYTZ32137,cls_USLPT75423,sch_QQLIR33891,YES,TST Respose 13,math is my least favorite subject,0.44074951,Clara,14,negative,
stu_MYCLF44200,cls_UZFMO35109,sch_QQLIR33891,,TST Respose 5,I like math.,0.440783044,Clara,25,positive,
stu_MYCLF44200,cls_UZFMO35109,sch_QQLIR33891,,TST Respose 5,I like math.,0.440783044,Clara,24,positive,
stu_WPVZY01902,cls_YLGBO89611,sch_KACVP55227,,TST Respose 20,I like PCs6,0.440810012,Clara,24,positive,
stu_NMWSA27732,cls_UZFMO35109,sch_QQLIR33891,,TST Respose 11,I love being in school,0.440841668,Clara,24,positive,
stu_NMWSA27732,cls_UZFMO35109,sch_QQLIR33891,,TST Respose 11,I love being in school,0.440841668,Clara,14,positive,
stu_QFXDD68186,cls_SYHWK05211,sch_KACVP55227,YES,TST Respose 3,I'm an English speaker.,0.440963156,Clara,25,neutral,
stu_QFXDD68186,cls_SYHWK05211,sch_KACVP55227,YES,TST Respose 3,I'm an English speaker.,0.440963156,Clara,22,englishspeaker,
stu_PUHUL75671,cls_HEZZN95002,sch_QQLIR33891,,TST Respose 4,honor student,0.44098082,Clara,14,positive,
stu_WHBZD81732,cls_AVBRA70624,sch_KACVP55227,YES,TST Respose 12,yes i like icecream,0.442054449,Clara,24,positive,
stu_IZQGI75719,cls_JYBSH30995,sch_QQLIR33891,,TST Respose 2,I am a boy,0.44262051,Clara,2,boy,
stu_CPVXX19825,cls_MAEBK64434,sch_QQLIR33891,,TST Respose 5,My favirote color is red,0.442924086,Clara,24,positive,
stu_TSQUQ54202,cls_USLPT75423,sch_QQLIR33891,YES,TST Respose 16,I am European and Cape Verdean.,0.44299481,Clara,7,european and cape verdean,
stu_JOVOI38701,cls_MAEBK64434,sch_QQLIR33891,,TST Respose 3,I am someone who likes to swim.,0.443102315,Clara,29,positive,
stu_JOVOI38701,cls_MAEBK64434,sch_QQLIR33891,,TST Respose 3,I am someone who likes to swim.,0.443102315,Clara,24,positive,
stu_OFWAG94272,cls_USLPT75423,sch_QQLIR33891,YES,TST Respose 18,i have a lot of friends,0.443236369,Clara,10,positive,
stu_DKGHS98193,cls_FXSNE83092,sch_QQLIR33891,,TST Respose 3,i like red,0.443427981,Clara,24,positive,
stu_STIXI97047,cls_CXLDP17094,sch_KACVP55227,,TST Respose 5,do something like make practice we can make at home.,0.443813361,Clara,48,none,
stu_ANQAT24428,cls_MAEBK64434,sch_QQLIR33891,,TST Respose 13,somebody who likes sour stuff,0.443988872,Clara,24,positive,
stu_CETOG17008,cls_USLPT75423,sch_QQLIR33891,YES,TST Respose 2,african,0.444440292,Clara,7,african,
stu_MYCLF44200,cls_UZFMO35109,sch_QQLIR33891,,TST Respose 19,I like mcdonalds,0.444532823,Clara,24,positive,
stu_FWPPR22255,cls_YFPVJ06178,sch_KACVP55227,YES,TST Respose 18,I love my school,0.444563217,Clara,24,positive,
stu_FWPPR22255,cls_YFPVJ06178,sch_KACVP55227,YES,TST Respose 18,I love my school,0.444563217,Clara,14,positive,
stu_IIOVZ06372,cls_HJQZF25095,sch_KACVP55227,YES,TST Respose 16,I dont really like math,0.444703185,Clara,25,negative,
stu_IIOVZ06372,cls_HJQZF25095,sch_KACVP55227,YES,TST Respose 16,I dont really like math,0.444703185,Clara,24,negative,
stu_EHXGF51692,cls_OUMSN73782,sch_QQLIR33891,YES,TST Respose 9,I am a fan of money!!! YEA!,0.445232769,Clara,34,positive,
stu_EHXGF51692,cls_OUMSN73782,sch_QQLIR33891,YES,TST Respose 9,I am a fan of money!!! YEA!,0.445232769,Clara,24,positive,
stu_LJAAE92948,cls_ERQJB18593,sch_QQLIR33891,YES,TST Respose 9,My favorite subject is ELA,0.445252039,Clara,14,positive,
stu_FBOFA96484,cls_MAEBK64434,sch_QQLIR33891,,TST Respose 2,I am a soccer player,0.445879256,Clara,29,neutral,
stu_QHOON52054,cls_MCLLA54915,sch_KACVP55227,YES,TST Respose 12,I am a good kid,0.446119402,Clara,40,positive,
stu_QHOON52054,cls_MCLLA54915,sch_KACVP55227,YES,TST Respose 12,I am a good kid,0.446119402,Clara,4,child,
stu_QHOON52054,cls_MCLLA54915,sch_KACVP55227,YES,TST Respose 12,I am a good kid,0.446119402,Clara,22,child,
stu_UHXBA77476,cls_FBBRP25979,sch_QQLIR33891,,TST Respose 8,I like math,0.446660969,Clara,25,positive,
stu_UHXBA77476,cls_FBBRP25979,sch_QQLIR33891,,TST Respose 8,I like math,0.446660969,Clara,24,positive,
stu_ZUARE93356,cls_MAEBK64434,sch_QQLIR33891,,TST Respose 1,I like to play soccer,0.446837342,Clara,29,positive,
stu_ZUARE93356,cls_MAEBK64434,sch_QQLIR33891,,TST Respose 1,I like to play soccer,0.446837342,Clara,24,positive,
stu_XKMAG80800,cls_TNHXN45809,sch_RSWHG50450,YES,TST Respose 15,I like more food,0.446860836,Clara,24,positive,
stu_JOVOI38701,cls_MAEBK64434,sch_QQLIR33891,,TST Respose 4,i am someone who likes the color orange,0.447054963,Clara,24,positive,
stu_ROULI02103,cls_SLKYU63739,sch_QQLIR33891,YES,TST Respose 1,i am dominican and haitian,0.447105987,Clara,7,dominican and haitian,
stu_OQLOS45541,cls_USLPT75423,sch_QQLIR33891,YES,TST Respose 5,I'm a Cape Verdean.,0.447263511,Clara,7,cape verdean,
stu_KJOZZ30475,cls_HOJKW39162,sch_KACVP55227,YES,TST Respose 15,Pronouns are she/her.,0.214835826,Clara,2,she/her,
stu_MTCIM85775,cls_TNHXN45809,sch_RSWHG50450,,TST Respose 9,I am a straight A student,0.447744328,Clara,14,positive,
stu_AQNHF52456,cls_USLPT75423,sch_QQLIR33891,YES,TST Respose 2,capeverdean,0.448201982,Clara,7,cape verdean,
stu_CETOG17008,cls_USLPT75423,sch_QQLIR33891,YES,TST Respose 8,man,0.448524288,Clara,2,man,
stu_VUNQZ79892,cls_CIIPB03795,sch_RSWHG50450,YES,TST Respose 11,im am a food lover,0.448671591,Clara,24,positive,
stu_FVHVM49769,cls_SLKYU63739,sch_QQLIR33891,YES,TST Respose 11,i like clash royale,0.448799201,Clara,28,positive,
stu_FVHVM49769,cls_SLKYU63739,sch_QQLIR33891,YES,TST Respose 11,i like clash royale,0.448799201,Clara,24,positive,
stu_VTRUH97046,cls_DLRQP13887,sch_QQLIR33891,,TST Respose 16,I am an honors in English and Math.,0.448905885,Clara,14,positive,
stu_XHPVX80161,cls_TNHXN45809,sch_RSWHG50450,,TST Respose 20,skibidi watcher i love to fanum taxer trump 2024,0.449185443,Clara,48,none,
stu_VOXTG50835,cls_NUSEI70378,sch_KACVP55227,,TST Respose 20,I like giving people gifts,0.449585471,Clara,44,positive,
stu_GXMFA19655,cls_PQLMX93290,sch_SIWHM63035,YES,TST Respose 16,i am 14 year old singer,0.449590883,Clara,26,neutral,
stu_GXMFA19655,cls_PQLMX93290,sch_SIWHM63035,YES,TST Respose 16,i am 14 year old singer,0.449590883,Clara,4,14,
stu_WDDQQ92015,cls_YLGBO89611,sch_KACVP55227,,TST Respose 10,i am a student,0.449643281,Clara,14,neutral,
stu_CULOH75877,cls_HEZZN95002,sch_QQLIR33891,,TST Respose 20,I love my family,0.449903875,Clara,24,positive,
stu_CULOH75877,cls_HEZZN95002,sch_QQLIR33891,,TST Respose 20,I love my family,0.449903875,Clara,12,positive,
stu_RDOVU20570,cls_SLKYU63739,sch_QQLIR33891,YES,TST Respose 2,I am a girl,0.450270853,Clara,2,girl,
stu_LKAAV41369,cls_FBBRP25979,sch_QQLIR33891,,TST Respose 17,I like cats,0.45036567,Clara,24,positive,
stu_PJCOJ15115,cls_HEZZN95002,sch_QQLIR33891,,TST Respose 13,i am a designer enjoyer,0.450508204,Clara,30,positive,
stu_BCRYB29652,cls_OUMSN73782,sch_QQLIR33891,YES,TST Respose 14,I like footboll,0.451226023,Clara,29,positive,
stu_BCRYB29652,cls_OUMSN73782,sch_QQLIR33891,YES,TST Respose 14,I like footboll,0.451226023,Clara,24,positive,
stu_ERQCY81201,cls_USLPT75423,sch_QQLIR33891,YES,TST Respose 7,I am a girl who doesnt like to do her mathia,0.451402889,Clara,14,negative,
stu_ERQCY81201,cls_USLPT75423,sch_QQLIR33891,YES,TST Respose 7,I am a girl who doesnt like to do her mathia,0.451402889,Clara,2,girl,
stu_RDOVU20570,cls_SLKYU63739,sch_QQLIR33891,YES,TST Respose 3,I am someone who likes food,0.451620769,Clara,24,positive,
stu_SOWGI28002,cls_MAEBK64434,sch_QQLIR33891,,TST Respose 6,I am someone who loves art,0.451711177,Clara,26,positive,
stu_SOWGI28002,cls_MAEBK64434,sch_QQLIR33891,,TST Respose 6,I am someone who loves art,0.451711177,Clara,24,positive,
stu_YSQPA55709,cls_OUMSN73782,sch_QQLIR33891,,TST Respose 2,im german,0.452066698,Clara,7,german,
stu_WAWDW95831,cls_SYHWK05211,sch_KACVP55227,,TST Respose 9,I am good at swimming.,0.452330652,Clara,29,positive,
stu_MXNSB23169,cls_HJQZF25095,sch_KACVP55227,,TST Respose 3,I like math.,0.452459326,Clara,25,positive,
stu_MXNSB23169,cls_HJQZF25095,sch_KACVP55227,,TST Respose 3,I like math.,0.452459326,Clara,24,positive,
stu_RDPGG44681,cls_ZLIZG21375,sch_RSWHG50450,,TST Respose 3,I am fun,0.452472359,Clara,46,positive,
stu_MKEGQ97127,cls_GIJEF48865,sch_KACVP55227,,TST Respose 3,I'm a game lover.,0.452583498,Clara,28,positive,
stu_OQLOS45541,cls_USLPT75423,sch_QQLIR33891,YES,TST Respose 1,I am [FIRST NAME].,0.45286709,Clara,5,none,
stu_CLLRZ76280,cls_MAEBK64434,sch_QQLIR33891,,TST Respose 15,My favorite meal of the day is breakfast,0.453273927,Clara,24,positive,
stu_FVHVM49769,cls_SLKYU63739,sch_QQLIR33891,YES,TST Respose 4,And half angolan,0.453617804,Clara,7,angolan,
stu_KCRZD23226,cls_JDASF17902,sch_KACVP55227,,TST Respose 16,I like play basket ball,0.453721935,Clara,29,positive,
stu_KCRZD23226,cls_JDASF17902,sch_KACVP55227,,TST Respose 16,I like play basket ball,0.453721935,Clara,24,positive,
stu_MTCIM85775,cls_TNHXN45809,sch_RSWHG50450,,TST Respose 12,I am funny,0.454665277,Clara,46,positive,
stu_OMSFY97090,cls_VFZRA31361,sch_KACVP55227,YES,TST Respose 9,im a students,0.455322926,Clara,14,neutral,
stu_HVWUJ52450,cls_FXSNE83092,sch_QQLIR33891,,TST Respose 17,i like instagram,0.455588124,Clara,27,positive,
stu_HVWUJ52450,cls_FXSNE83092,sch_QQLIR33891,,TST Respose 17,i like instagram,0.455588124,Clara,24,positive,
stu_CNIXS57234,cls_ERQJB18593,sch_QQLIR33891,,TST Respose 7,I don't like math,0.455754361,Clara,25,negative,
stu_CNIXS57234,cls_ERQJB18593,sch_QQLIR33891,,TST Respose 7,I don't like math,0.455754361,Clara,24,negative,
stu_RFRYE74718,cls_OUMSN73782,sch_QQLIR33891,YES,TST Respose 17,I am a neat person,0.455786365,Clara,43,positive,
stu_ANAWT41929,cls_CIIPB03795,sch_RSWHG50450,YES,TST Respose 9,I love basketball shoes,0.456326486,Clara,30,positive,
stu_ANAWT41929,cls_CIIPB03795,sch_RSWHG50450,YES,TST Respose 9,I love basketball shoes,0.456326486,Clara,24,positive,
stu_DUOEM76163,cls_FXSNE83092,sch_QQLIR33891,,TST Respose 16,I'm 12 year old,0.456517173,Clara,4,12,
stu_ZARRQ26344,cls_JYBSH30995,sch_QQLIR33891,,TST Respose 12,i have one friend from my past school,0.456643565,Clara,10,neutral,
stu_WZRKM29688,cls_HEBLM24075,sch_KACVP55227,,TST Respose 3,i like 2k,0.457482809,Clara,28,positive,
stu_WZRKM29688,cls_HEBLM24075,sch_KACVP55227,,TST Respose 3,i like 2k,0.457482809,Clara,24,positive,
stu_FQEST23326,cls_JTMRB81339,sch_KACVP55227,YES,TST Respose 11,a cousin,0.457500956,Clara,12,neutral,
stu_GXMFA19655,cls_PQLMX93290,sch_SIWHM63035,YES,TST Respose 4,i am dominican,0.457501324,Clara,7,dominican,
stu_DUOEM76163,cls_FXSNE83092,sch_QQLIR33891,,TST Respose 11,I like playing games,0.457917358,Clara,31,positive,
stu_DUOEM76163,cls_FXSNE83092,sch_QQLIR33891,,TST Respose 11,I like playing games,0.457917358,Clara,24,positive,
stu_OCRTY88035,cls_MAEBK64434,sch_QQLIR33891,,TST Respose 7,I am someone that loves math.,0.458727906,Clara,25,positive,
stu_OCRTY88035,cls_MAEBK64434,sch_QQLIR33891,,TST Respose 7,I am someone that loves math.,0.458727906,Clara,24,positive,
stu_UTXBZ05806,cls_MAEBK64434,sch_QQLIR33891,,TST Respose 3,i am someone who dose karate,0.458758869,Clara,29,neutral,
stu_JVLXZ63894,cls_CIIPB03795,sch_RSWHG50450,YES,TST Respose 11,[TEACHER] student,0.458891529,Clara,14,neutral,
stu_EJIML93711,cls_AJBUO63250,sch_KACVP55227,,TST Respose 15,I like to talk to my friends,0.459509602,Clara,31,positive,
stu_EJIML93711,cls_AJBUO63250,sch_KACVP55227,,TST Respose 15,I like to talk to my friends,0.459509602,Clara,10,positive,
stu_EJIML93711,cls_AJBUO63250,sch_KACVP55227,,TST Respose 15,I like to talk to my friends,0.459509602,Clara,24,positive,
stu_HVWUJ52450,cls_FXSNE83092,sch_QQLIR33891,,TST Respose 3,I hev good vision,0.459553916,Clara,36,positive,
stu_VOXTG50835,cls_NUSEI70378,sch_KACVP55227,,TST Respose 6,Im cape verdean.,0.459645645,Clara,7,cape verdean,
stu_CPBCK00658,cls_SIVDJ49041,sch_KACVP55227,,TST Respose 10,I like school because I can see my friend,0.45977395,Clara,24,positive,
stu_CPBCK00658,cls_SIVDJ49041,sch_KACVP55227,,TST Respose 10,I like school because I can see my friend,0.45977395,Clara,10,positive,
stu_CPBCK00658,cls_SIVDJ49041,sch_KACVP55227,,TST Respose 10,I like school because I can see my friend,0.45977395,Clara,14,positive,
stu_TSQUQ54202,cls_USLPT75423,sch_QQLIR33891,YES,TST Respose 19,I am 5'1 and 1/2.,0.459904691,Clara,35,neutral,
stu_BCRYB29652,cls_OUMSN73782,sch_QQLIR33891,YES,TST Respose 10,I'm good at math,0.460133937,Clara,25,positive,
stu_VGJIS59600,cls_DLRQP13887,sch_QQLIR33891,,TST Respose 9,I enjoy wearing oversized shirts/hoodies,0.460476043,Clara,30,neutral,
stu_VQFBG95862,cls_USLPT75423,sch_QQLIR33891,,TST Respose 16,i am a son,0.460641978,Clara,12,neutral,
stu_VQFBG95862,cls_USLPT75423,sch_QQLIR33891,,TST Respose 16,i am a son,0.460641978,Clara,2,boy,
stu_TRKWP48352,cls_MAEBK64434,sch_QQLIR33891,,TST Respose 14,I am a person who finished there facts quiz,0.460756454,Clara,47,neutral,
stu_NKHRJ04957,cls_FBBRP25979,sch_QQLIR33891,,TST Respose 6,I like playing games,0.460798745,Clara,31,positive,
stu_NKHRJ04957,cls_FBBRP25979,sch_QQLIR33891,,TST Respose 6,I like playing games,0.460798745,Clara,24,positive,
stu_ROXAU39801,cls_CIIPB03795,sch_RSWHG50450,YES,TST Respose 13,I am a football player,0.460829168,Clara,29,neutral,
stu_KWMWG76590,cls_CXLDP17094,sch_KACVP55227,YES,TST Respose 4,i like games,0.460875105,Clara,31,positive,
stu_KWMWG76590,cls_CXLDP17094,sch_KACVP55227,YES,TST Respose 4,i like games,0.460875105,Clara,24,positive,
stu_VSSOO37726,cls_HEBLM24075,sch_KACVP55227,YES,TST Respose 7,I like my math teacher,0.461116535,Clara,24,positive,
stu_VSSOO37726,cls_HEBLM24075,sch_KACVP55227,YES,TST Respose 7,I like my math teacher,0.461116535,Clara,14,positive,
stu_YXBHV58732,cls_VFZRA31361,sch_KACVP55227,YES,TST Respose 4,I like to play basketball,0.461313851,Clara,29,positive,
stu_YXBHV58732,cls_VFZRA31361,sch_KACVP55227,YES,TST Respose 4,I like to play basketball,0.461313851,Clara,24,positive,
stu_SBUBU63586,cls_OUKFK08724,sch_RSWHG50450,YES,TST Respose 6,i am a advisor,0.461325987,Clara,44,positive,
stu_IKUOQ66846,cls_USLPT75423,sch_QQLIR33891,YES,TST Respose 20,kind,0.461588973,Clara,44,positive,
stu_KCDEU07486,cls_JWHPH41004,sch_QQLIR33891,YES,TST Respose 20,I am [FIRST LAST NAME],0.461610381,Clara,5,none,
stu_ERQCY81201,cls_USLPT75423,sch_QQLIR33891,YES,TST Respose 15,I am a girl who has never built an iglo.,0.461765895,Clara,31,negative,
stu_ERQCY81201,cls_USLPT75423,sch_QQLIR33891,YES,TST Respose 15,I am a girl who has never built an iglo.,0.461765895,Clara,2,girl,
stu_NWRRC44615,cls_JYBSH30995,sch_QQLIR33891,,TST Respose 3,i wear glasses,0.461766869,Clara,35,neutral,
stu_MZIVN56293,cls_HEZZN95002,sch_QQLIR33891,,TST Respose 5,im 13 years old,0.461914328,Clara,4,13,
stu_QEGJI54214,cls_SLKYU63739,sch_QQLIR33891,YES,TST Respose 2,i am a taco,0.461932597,Clara,48,neutral,
stu_CLLRZ76280,cls_MAEBK64434,sch_QQLIR33891,,TST Respose 12,I like dogs,0.461975221,Clara,24,positive,
stu_CULOH75877,cls_HEZZN95002,sch_QQLIR33891,,TST Respose 17,I play games,0.461996118,Clara,28,neutral,
stu_CPAQO78519,cls_MAEBK64434,sch_QQLIR33891,,TST Respose 1,I am someone how loves soccer,0.462040733,Clara,29,positive,
stu_CPAQO78519,cls_MAEBK64434,sch_QQLIR33891,,TST Respose 1,I am someone how loves soccer,0.462040733,Clara,24,positive,
stu_DERZZ01872,cls_GIJEF48865,sch_KACVP55227,,TST Respose 9,Gym is my favorite specialist,0.462134174,Clara,14,positive,
stu_WPVZY01902,cls_YLGBO89611,sch_KACVP55227,,TST Respose 4,I like gym.,0.462196647,Clara,24,positive,
stu_WPVZY01902,cls_YLGBO89611,sch_KACVP55227,,TST Respose 4,I like gym.,0.462196647,Clara,14,positive,
stu_WEADW20158,cls_JYBSH30995,sch_QQLIR33891,,TST Respose 16,i like hanging out with my friends,0.462374459,Clara,31,positive,
stu_WEADW20158,cls_JYBSH30995,sch_QQLIR33891,,TST Respose 16,i like hanging out with my friends,0.462374459,Clara,10,positive,
stu_WEADW20158,cls_JYBSH30995,sch_QQLIR33891,,TST Respose 16,i like hanging out with my friends,0.462374459,Clara,24,positive,
stu_CINVJ49388,cls_HEZZN95002,sch_QQLIR33891,,TST Respose 8,cyberpunk 2077 player,0.46268283,Clara,28,neutral,
stu_ABSGH36082,cls_JYBSH30995,sch_QQLIR33891,,TST Respose 8,I want a hamster,0.462852747,Clara,33,none,
stu_MKGYA55892,cls_MMBNN48363,sch_QQLIR33891,,TST Respose 3,a artist,0.462873963,Clara,26,neutral,
stu_MIJEQ06664,cls_MAEBK64434,sch_QQLIR33891,,TST Respose 8,I like to play games,0.462959959,Clara,31,positive,
stu_MIJEQ06664,cls_MAEBK64434,sch_QQLIR33891,,TST Respose 8,I like to play games,0.462959959,Clara,24,positive,
stu_UYFTQ45542,cls_USLPT75423,sch_QQLIR33891,YES,TST Respose 13,I am a person with most drip,0.463296844,Clara,46,positive,
stu_WXAMH04104,cls_FBBRP25979,sch_QQLIR33891,,TST Respose 12,i like school,0.463497452,Clara,24,positive,
stu_WXAMH04104,cls_FBBRP25979,sch_QQLIR33891,,TST Respose 12,i like school,0.463497452,Clara,14,positive,
stu_HVWUJ52450,cls_FXSNE83092,sch_QQLIR33891,,TST Respose 18,i like youtube,0.463953614,Clara,27,positive,
stu_HVWUJ52450,cls_FXSNE83092,sch_QQLIR33891,,TST Respose 18,i like youtube,0.463953614,Clara,24,positive,
stu_JVLXZ63894,cls_CIIPB03795,sch_RSWHG50450,YES,TST Respose 5,band student,0.464003238,Clara,26,neutral,
stu_JVLXZ63894,cls_CIIPB03795,sch_RSWHG50450,YES,TST Respose 5,band student,0.464003238,Clara,14,neutral,
stu_WTRMC77187,cls_IZNZG32572,sch_KACVP55227,YES,TST Respose 13,i am mostly good at solving math equations,0.464477405,Clara,25,positive,
stu_MRIWT64391,cls_SYHWK05211,sch_KACVP55227,YES,TST Respose 18,I like games,0.464505438,Clara,31,positive,
stu_MRIWT64391,cls_SYHWK05211,sch_KACVP55227,YES,TST Respose 18,I like games,0.464505438,Clara,24,positive,
stu_IDHIE84911,cls_YFPVJ06178,sch_KACVP55227,YES,TST Respose 20,i love smart cat,0.464518717,Clara,24,positive,
stu_RUBQU39803,cls_OUMSN73782,sch_QQLIR33891,,TST Respose 2,i am a athlete who play soccer and does track,0.464973663,Clara,29,neutral,
stu_BDAZF88230,cls_USLPT75423,sch_QQLIR33891,YES,TST Respose 11,I am a confident person,0.465279461,Clara,45,positive,
stu_BDAZF88230,cls_USLPT75423,sch_QQLIR33891,YES,TST Respose 11,I am a confident person,0.465279461,Clara,43,positive,
stu_CINVJ49388,cls_HEZZN95002,sch_QQLIR33891,,TST Respose 3,band kid,0.465550178,Clara,26,neutral,
stu_CINVJ49388,cls_HEZZN95002,sch_QQLIR33891,,TST Respose 3,band kid,0.465550178,Clara,4,child,
stu_CINVJ49388,cls_HEZZN95002,sch_QQLIR33891,,TST Respose 3,band kid,0.465550178,Clara,22,bandkid,
stu_ZQMQQ26810,cls_HEBLM24075,sch_KACVP55227,,TST Respose 15,i love jordens,0.465575266,Clara,30,positive,
stu_ZQMQQ26810,cls_HEBLM24075,sch_KACVP55227,,TST Respose 15,i love jordens,0.465575266,Clara,24,positive,
stu_JUQPD47363,cls_HOJKW39162,sch_KACVP55227,YES,TST Respose 10,I am good with kids.,0.465714534,Clara,44,positive,
stu_TRKWP48352,cls_MAEBK64434,sch_QQLIR33891,,TST Respose 3,I am a person who favorite color is sky blue,0.465942491,Clara,24,positive,
stu_AQNHF52456,cls_USLPT75423,sch_QQLIR33891,YES,TST Respose 12,funny,0.467230591,Clara,46,positive,
stu_JUQPD47363,cls_HOJKW39162,sch_KACVP55227,YES,TST Respose 9,I come from an italian/english speaking hous.,0.467590091,Clara,25,neutral,
stu_JUQPD47363,cls_HOJKW39162,sch_KACVP55227,YES,TST Respose 9,I come from an italian/english speaking hous.,0.467590091,Clara,22,englishspeakeranditalianspeaker,
stu_NXWSI70882,cls_MCLLA54915,sch_KACVP55227,YES,TST Respose 3,a person who memorized 61 digits of pi,0.468097971,Clara,25,positive,
stu_JERPG96865,cls_IZNZG32572,sch_KACVP55227,YES,TST Respose 14,i like stocks and money,0.468268432,Clara,34,positive,
stu_JERPG96865,cls_IZNZG32572,sch_KACVP55227,YES,TST Respose 14,i like stocks and money,0.468268432,Clara,24,positive,
stu_ROXAU39801,cls_CIIPB03795,sch_RSWHG50450,YES,TST Respose 8,I am a videogame player,0.46920928,Clara,28,neutral,
stu_FBOFA96484,cls_MAEBK64434,sch_QQLIR33891,,TST Respose 14,"i am somebody whose fav math teachers are [TEACHER], [TEACHER]",0.469221276,Clara,14,positive,
stu_WDDQQ92015,cls_YLGBO89611,sch_KACVP55227,,TST Respose 4,i am a student,0.469266245,Clara,14,neutral,
stu_NZWIU92234,cls_JYBSH30995,sch_QQLIR33891,,TST Respose 10,I can cook rise,0.469409444,Clara,43,positive,
stu_LKAAV41369,cls_FBBRP25979,sch_QQLIR33891,,TST Respose 1,I do gymnastics,0.470109996,Clara,29,neutral,
stu_NWVEW24693,cls_AVBRA70624,sch_KACVP55227,YES,TST Respose 3,I like pink,0.470225045,Clara,24,positive,
stu_XHGVP79664,cls_HEZZN95002,sch_QQLIR33891,,TST Respose 20,I like converse sneakers,0.470291065,Clara,30,positive,
stu_XHGVP79664,cls_HEZZN95002,sch_QQLIR33891,,TST Respose 20,I like converse sneakers,0.470291065,Clara,24,positive,
stu_DJCZE13885,cls_FBBRP25979,sch_QQLIR33891,,TST Respose 8,I like to play board games.,0.470469864,Clara,31,positive,
stu_DJCZE13885,cls_FBBRP25979,sch_QQLIR33891,,TST Respose 8,I like to play board games.,0.470469864,Clara,24,positive,
stu_EHXGF51692,cls_OUMSN73782,sch_QQLIR33891,YES,TST Respose 11,I am a fan of math.,0.470666172,Clara,25,positive,
stu_EHXGF51692,cls_OUMSN73782,sch_QQLIR33891,YES,TST Respose 11,I am a fan of math.,0.470666172,Clara,24,positive,
stu_SBUBU63586,cls_OUKFK08724,sch_RSWHG50450,YES,TST Respose 15,i am a chiled,0.470839499,Clara,22,child,
stu_SBUBU63586,cls_OUKFK08724,sch_RSWHG50450,YES,TST Respose 15,i am a chiled,0.470839499,Clara,4,child,
stu_NXWSI70882,cls_MCLLA54915,sch_KACVP55227,YES,TST Respose 6,one of the smartest people in my math class,0.470988429,Clara,43,positive,
stu_NXWSI70882,cls_MCLLA54915,sch_KACVP55227,YES,TST Respose 6,one of the smartest people in my math class,0.470988429,Clara,14,positive,
stu_NXWSI70882,cls_MCLLA54915,sch_KACVP55227,YES,TST Respose 6,one of the smartest people in my math class,0.470988429,Clara,25,positive,
stu_VSSOO37726,cls_HEBLM24075,sch_KACVP55227,YES,TST Respose 9,I like lunch,0.471446146,Clara,24,positive,
stu_VSSOO37726,cls_HEBLM24075,sch_KACVP55227,YES,TST Respose 9,I like lunch,0.471446146,Clara,14,positive,
stu_CDGKD03653,cls_JYBSH30995,sch_QQLIR33891,,TST Respose 1,i am black,0.471482566,Clara,6,black,
stu_OCRTY88035,cls_MAEBK64434,sch_QQLIR33891,,TST Respose 15,I am someone that want to go to college.,0.471527634,Clara,14,positive,
stu_CPAQO78519,cls_MAEBK64434,sch_QQLIR33891,,TST Respose 11,I am someone who likes to party,0.471542552,Clara,31,positive,
stu_CPAQO78519,cls_MAEBK64434,sch_QQLIR33891,,TST Respose 11,I am someone who likes to party,0.471542552,Clara,24,positive,
stu_WEADW20158,cls_JYBSH30995,sch_QQLIR33891,,TST Respose 3,i used to play baseball,0.4716992,Clara,29,neutral,
stu_KOUYR40301,cls_SYHWK05211,sch_KACVP55227,,TST Respose 1,I am [FIRST NAME],0.471722682,Clara,5,none,
stu_CJHBB29429,cls_MAEBK64434,sch_QQLIR33891,,TST Respose 13,I like amusement parks,0.47224011,Clara,24,positive,
stu_BDAZF88230,cls_USLPT75423,sch_QQLIR33891,YES,TST Respose 18,I am a person with many interest,0.472532582,Clara,41,positive,
stu_WTRMC77187,cls_IZNZG32572,sch_KACVP55227,YES,TST Respose 9,I like racing games,0.472652839,Clara,28,positive,
stu_WTRMC77187,cls_IZNZG32572,sch_KACVP55227,YES,TST Respose 9,I like racing games,0.472652839,Clara,24,positive,
stu_YNVPH88845,cls_MMBNN48363,sch_QQLIR33891,,TST Respose 9,I love grandma,0.472664897,Clara,24,positive,
stu_YNVPH88845,cls_MMBNN48363,sch_QQLIR33891,,TST Respose 9,I love grandma,0.472664897,Clara,12,positive,
stu_SJNFF34466,cls_OSSJA45538,sch_KACVP55227,,TST Respose 11,dog lover,0.472865455,Clara,24,positive,
stu_ZQMQQ26810,cls_HEBLM24075,sch_KACVP55227,,TST Respose 19,i am a cool person,0.472885212,Clara,46,positive,
stu_ZQMQQ26810,cls_HEBLM24075,sch_KACVP55227,,TST Respose 19,i am a cool person,0.472885212,Clara,21,none,
stu_BCRYB29652,cls_OUMSN73782,sch_QQLIR33891,YES,TST Respose 18,I like you tube,0.472957196,Clara,27,positive,
stu_BCRYB29652,cls_OUMSN73782,sch_QQLIR33891,YES,TST Respose 18,I like you tube,0.472957196,Clara,24,positive,
stu_KWMWG76590,cls_CXLDP17094,sch_KACVP55227,YES,TST Respose 2,i have a ps5,0.473051394,Clara,32,none,
stu_VUNQZ79892,cls_CIIPB03795,sch_RSWHG50450,YES,TST Respose 20,im a candy lover,0.473181825,Clara,24,positive,
stu_MKEGQ97127,cls_GIJEF48865,sch_KACVP55227,,TST Respose 14,I'm a colorful clothe lover,0.473341848,Clara,30,positive,
stu_MKEGQ97127,cls_GIJEF48865,sch_KACVP55227,,TST Respose 14,I'm a colorful clothe lover,0.473341848,Clara,24,positive,
stu_NXWSI70882,cls_MCLLA54915,sch_KACVP55227,YES,TST Respose 7,"A person who likes collectables like coins, (Should add collectable items with rarity to collect in an inventory.",0.47364496,Clara,24,positive,
stu_RNIHY62490,cls_OUMSN73782,sch_QQLIR33891,YES,TST Respose 19,My parents are from Africa,0.473785633,Clara,12,neutral,flag for later
stu_RNIHY62490,cls_OUMSN73782,sch_QQLIR33891,YES,TST Respose 19,My parents are from Africa,0.473785633,Clara,7,african,flag for later
stu_XHPVX80161,cls_TNHXN45809,sch_RSWHG50450,,TST Respose 16,a punchmade dev listener,0.473954097,Clara,26,neutral,
stu_WZRKM29688,cls_HEBLM24075,sch_KACVP55227,,TST Respose 10,i like patriots,0.475404222,Clara,24,positive,
stu_VKCWY07846,cls_DLRQP13887,sch_QQLIR33891,,TST Respose 9,i dont like math,0.475414198,Clara,25,negative,
stu_VKCWY07846,cls_DLRQP13887,sch_QQLIR33891,,TST Respose 9,i dont like math,0.475414198,Clara,24,negative,
stu_XXEBH66449,cls_GIJEF48865,sch_KACVP55227,,TST Respose 11,I am a student,0.475504366,Clara,14,neutral,
stu_ROXAU39801,cls_CIIPB03795,sch_RSWHG50450,YES,TST Respose 5,I am a lacrosse player,0.475542967,Clara,29,neutral,
stu_ANAWT41929,cls_CIIPB03795,sch_RSWHG50450,YES,TST Respose 5,I love math,0.475627264,Clara,25,positive,
stu_ANAWT41929,cls_CIIPB03795,sch_RSWHG50450,YES,TST Respose 5,I love math,0.475627264,Clara,24,positive,
stu_UEYTM01990,cls_HOJKW39162,sch_KACVP55227,YES,TST Respose 15,I am kind,0.47568657,Clara,44,positive,
stu_PKXZK94759,cls_JYBSH30995,sch_QQLIR33891,,TST Respose 18,I love sunsets,0.475940632,Clara,24,positive,
stu_MMZHT88458,cls_QZQQW97177,sch_KACVP55227,,TST Respose 16,i go to school:(,0.47597117,Clara,14,negative,
stu_SOWGI28002,cls_MAEBK64434,sch_QQLIR33891,,TST Respose 3,I am someone who has a god-daughter,0.476158404,Clara,12,neutral,
stu_DJCZE13885,cls_FBBRP25979,sch_QQLIR33891,,TST Respose 2,I like to read.,0.47642894,Clara,25,positive,
stu_DJCZE13885,cls_FBBRP25979,sch_QQLIR33891,,TST Respose 2,I like to read.,0.47642894,Clara,24,positive,
stu_WXAMH04104,cls_FBBRP25979,sch_QQLIR33891,,TST Respose 11,i like mac n' cheese,0.476558621,Clara,24,positive,
stu_AHWRN95528,cls_MAEBK64434,sch_QQLIR33891,,TST Respose 11,I am someone who loves art,0.476573559,Clara,26,positive,
stu_AHWRN95528,cls_MAEBK64434,sch_QQLIR33891,,TST Respose 11,I am someone who loves art,0.476573559,Clara,24,positive,
stu_WEADW20158,cls_JYBSH30995,sch_QQLIR33891,,TST Respose 8,in in 6th grade,0.476750928,Clara,22,6thgrade,
stu_WEADW20158,cls_JYBSH30995,sch_QQLIR33891,,TST Respose 8,in in 6th grade,0.476750928,Clara,4,6thgrade,
stu_WEADW20158,cls_JYBSH30995,sch_QQLIR33891,,TST Respose 8,in in 6th grade,0.476750928,Clara,14,neutral,
stu_FBWGP41232,cls_JYBSH30995,sch_QQLIR33891,,TST Respose 14,I like my friends ( sometimes),0.476862081,Clara,24,positive,
stu_FBWGP41232,cls_JYBSH30995,sch_QQLIR33891,,TST Respose 14,I like my friends ( sometimes),0.476862081,Clara,10,positive,
stu_ZQMQQ26810,cls_HEBLM24075,sch_KACVP55227,,TST Respose 18,i like video games,0.476953006,Clara,28,positive,
stu_ZQMQQ26810,cls_HEBLM24075,sch_KACVP55227,,TST Respose 18,i like video games,0.476953006,Clara,24,positive,
stu_NRKZA72454,cls_MCLLA54915,sch_KACVP55227,YES,TST Respose 14,I hate math.,0.477050922,Clara,25,negative,
stu_NRKZA72454,cls_MCLLA54915,sch_KACVP55227,YES,TST Respose 14,I hate math.,0.477050922,Clara,24,negative,
stu_WDDQQ92015,cls_YLGBO89611,sch_KACVP55227,,TST Respose 17,i am a student,0.477240277,Clara,14,neutral,
stu_PFDTL78462,cls_NUSEI70378,sch_KACVP55227,,TST Respose 16,I have about 3 befriends.,0.477268078,Clara,10,positive,
stu_WAFQN21754,cls_TNHXN45809,sch_RSWHG50450,YES,TST Respose 15,I am confident,0.477439739,Clara,45,positive,
stu_WAFQN21754,cls_TNHXN45809,sch_RSWHG50450,YES,TST Respose 15,I am confident,0.477439739,Clara,43,positive,
stu_KOUYR40301,cls_SYHWK05211,sch_KACVP55227,,TST Respose 6,i play Fortnite and im level 33,0.477666278,Clara,28,neutral,
stu_TRKWP48352,cls_MAEBK64434,sch_QQLIR33891,,TST Respose 6,I am a person who likes math,0.477685596,Clara,25,positive,
stu_IGLSS89625,cls_VFZRA31361,sch_KACVP55227,YES,TST Respose 2,i like math classe,0.477753569,Clara,24,positive,
stu_IGLSS89625,cls_VFZRA31361,sch_KACVP55227,YES,TST Respose 2,i like math classe,0.477753569,Clara,14,positive,
stu_WAFQN21754,cls_TNHXN45809,sch_RSWHG50450,YES,TST Respose 11,I am scholarly,0.478489042,Clara,25,positive,
stu_SELBD60428,cls_AJBUO63250,sch_KACVP55227,,TST Respose 8,[FIRST LAST NAME],0.479107256,Clara,5,none,
stu_KJOZZ30475,cls_HOJKW39162,sch_KACVP55227,YES,TST Respose 16,I'm straight.,0.043910421,Clara,3,straight,
stu_DERZZ01872,cls_GIJEF48865,sch_KACVP55227,,TST Respose 2,I like math,0.479566152,Clara,25,positive,
stu_DERZZ01872,cls_GIJEF48865,sch_KACVP55227,,TST Respose 2,I like math,0.479566152,Clara,24,positive,
stu_XHGVP79664,cls_HEZZN95002,sch_QQLIR33891,,TST Respose 14,I like music,0.480168432,Clara,24,positive,
stu_CPVXX19825,cls_MAEBK64434,sch_QQLIR33891,,TST Respose 1,I am athletic,0.480493787,Clara,29,neutral,
stu_ZARRQ26344,cls_JYBSH30995,sch_QQLIR33891,,TST Respose 6,I have 4 sisters and 3 brothers,0.480764636,Clara,12,neutral,
stu_JUQPD47363,cls_HOJKW39162,sch_KACVP55227,YES,TST Respose 14,I am more fond of work on paper.,0.480801237,Clara,14,positive,
stu_DKGHS98193,cls_FXSNE83092,sch_QQLIR33891,,TST Respose 10,i like to roller skate,0.48083801,Clara,29,positive,
stu_DKGHS98193,cls_FXSNE83092,sch_QQLIR33891,,TST Respose 10,i like to roller skate,0.48083801,Clara,24,positive,
stu_WCANG48942,cls_HJQZF25095,sch_KACVP55227,YES,TST Respose 14,I wish mathia was more understanding.,0.480917461,Clara,47,neutral,
stu_WCANG48942,cls_HJQZF25095,sch_KACVP55227,YES,TST Respose 14,I wish mathia was more understanding.,0.480917461,Clara,14,neutral,
stu_VGJIS59600,cls_DLRQP13887,sch_QQLIR33891,,TST Respose 1,I am a non-binary,0.481001402,Clara,2,nonbinary,
stu_WBAVA84528,cls_AVBRA70624,sch_KACVP55227,YES,TST Respose 12,i like visiting family members,0.481092269,Clara,31,positive,
stu_WBAVA84528,cls_AVBRA70624,sch_KACVP55227,YES,TST Respose 12,i like visiting family members,0.481092269,Clara,11,positive,
stu_WBAVA84528,cls_AVBRA70624,sch_KACVP55227,YES,TST Respose 12,i like visiting family members,0.481092269,Clara,24,positive,
stu_RNIHY62490,cls_OUMSN73782,sch_QQLIR33891,YES,TST Respose 2,I am in 6th grade,0.481214961,Clara,22,6thgrade,
stu_RNIHY62490,cls_OUMSN73782,sch_QQLIR33891,YES,TST Respose 2,I am in 6th grade,0.481214961,Clara,4,6thgrade,
stu_RNIHY62490,cls_OUMSN73782,sch_QQLIR33891,YES,TST Respose 2,I am in 6th grade,0.481214961,Clara,14,neutral,
stu_WCANG48942,cls_HJQZF25095,sch_KACVP55227,YES,TST Respose 7,I love roblox.,0.481425746,Clara,28,positive,
stu_WCANG48942,cls_HJQZF25095,sch_KACVP55227,YES,TST Respose 7,I love roblox.,0.481425746,Clara,24,positive,
stu_IZQGI75719,cls_JYBSH30995,sch_QQLIR33891,,TST Respose 10,I'm cape verdean,0.481838384,Clara,7,cape verdean,
stu_IIOVZ06372,cls_HJQZF25095,sch_KACVP55227,YES,TST Respose 2,i like lunch time,0.481950851,Clara,24,positive,
stu_IIOVZ06372,cls_HJQZF25095,sch_KACVP55227,YES,TST Respose 2,i like lunch time,0.481950851,Clara,14,positive,
stu_PSHZT50501,cls_USLPT75423,sch_QQLIR33891,YES,TST Respose 20,I am a pretty chill person,0.482292389,Clara,45,positive,
stu_CINVJ49388,cls_HEZZN95002,sch_QQLIR33891,,TST Respose 6,histroin,0.482467131,Clara,48,none,
stu_LJAAE92948,cls_ERQJB18593,sch_QQLIR33891,YES,TST Respose 8,I'm a student,0.482663068,Clara,14,neutral,
stu_OAZKI17777,cls_TNHXN45809,sch_RSWHG50450,YES,TST Respose 9,[LETTER OF NAME],0.483018821,Clara,5,none,
stu_UJNMI16598,cls_OUKFK08724,sch_RSWHG50450,,TST Respose 5,Daughter,0.483142911,Clara,12,neutral,
stu_UJNMI16598,cls_OUKFK08724,sch_RSWHG50450,,TST Respose 5,Daughter,0.483142911,Clara,2,girl,
stu_STIXI97047,cls_CXLDP17094,sch_KACVP55227,,TST Respose 4,I would like it to be more fun but it is fun.,0.483222798,Clara,24,neutral,
stu_FWPPR22255,cls_YFPVJ06178,sch_KACVP55227,YES,TST Respose 2,i speak english,0.483605482,Clara,25,neutral,
stu_FWPPR22255,cls_YFPVJ06178,sch_KACVP55227,YES,TST Respose 2,i speak english,0.483605482,Clara,22,englishspeaker,
stu_ANAWT41929,cls_CIIPB03795,sch_RSWHG50450,YES,TST Respose 8,I love leaning,0.483804747,Clara,25,positive,
stu_ANAWT41929,cls_CIIPB03795,sch_RSWHG50450,YES,TST Respose 8,I love leaning,0.483804747,Clara,24,positive,
stu_VFKRH03938,cls_SLKYU63739,sch_QQLIR33891,,TST Respose 2,i am a uncle,0.484452921,Clara,12,neutral,
stu_VFKRH03938,cls_SLKYU63739,sch_QQLIR33891,,TST Respose 2,i am a uncle,0.484452921,Clara,2,boy,
stu_CNIXS57234,cls_ERQJB18593,sch_QQLIR33891,,TST Respose 10,I don't like qizes,0.484927078,Clara,14,negative,
stu_XHPVX80161,cls_TNHXN45809,sch_RSWHG50450,,TST Respose 18,tender defender,0.485057039,Clara,48,none,
stu_ZARRQ26344,cls_JYBSH30995,sch_QQLIR33891,,TST Respose 3,I play football and hockey,0.485129712,Clara,29,neutral,
stu_YBWGX96937,cls_MAEBK64434,sch_QQLIR33891,,TST Respose 19,i like to play game,0.485449579,Clara,31,positive,
stu_YBWGX96937,cls_MAEBK64434,sch_QQLIR33891,,TST Respose 19,i like to play game,0.485449579,Clara,24,positive,
stu_BJJXN95776,cls_MAEBK64434,sch_QQLIR33891,,TST Respose 15,I like Steph curry,0.485545945,Clara,29,positive,
stu_BJJXN95776,cls_MAEBK64434,sch_QQLIR33891,,TST Respose 15,I like Steph curry,0.485545945,Clara,24,positive,
stu_WAWDW95831,cls_SYHWK05211,sch_KACVP55227,,TST Respose 1,I am short.,0.485545984,Clara,35,neutral,
stu_WCANG48942,cls_HJQZF25095,sch_KACVP55227,YES,TST Respose 13,I like water.,0.485773226,Clara,24,positive,
stu_WWNBY52737,cls_OUMSN73782,sch_QQLIR33891,YES,TST Respose 3,I am Cape Verdean,0.486080781,Clara,7,cape verdean,
stu_QCKDZ64012,cls_HEZZN95002,sch_QQLIR33891,,TST Respose 16,i eat a lot,0.486186929,Clara,31,neutral,
stu_DKGHS98193,cls_FXSNE83092,sch_QQLIR33891,,TST Respose 5,i like having my nails done,0.48652118,Clara,30,positive,
stu_DKGHS98193,cls_FXSNE83092,sch_QQLIR33891,,TST Respose 5,i like having my nails done,0.48652118,Clara,24,positive,
stu_SULZI60933,cls_JYBSH30995,sch_QQLIR33891,,TST Respose 15,I'm in 6 grade,0.486683814,Clara,22,6thgrade,
stu_SULZI60933,cls_JYBSH30995,sch_QQLIR33891,,TST Respose 15,I'm in 6 grade,0.486683814,Clara,4,6thgrade,
stu_SULZI60933,cls_JYBSH30995,sch_QQLIR33891,,TST Respose 15,I'm in 6 grade,0.486683814,Clara,14,neutral,
stu_BCRYB29652,cls_OUMSN73782,sch_QQLIR33891,YES,TST Respose 11,I'm tale,0.486712285,Clara,48,neutral,
stu_THKBG93560,cls_OUMSN73782,sch_QQLIR33891,YES,TST Respose 9,A basketball player in training,0.486840043,Clara,29,neutral,
stu_FHADA27602,cls_OUMSN73782,sch_QQLIR33891,YES,TST Respose 11,i am a middle child of 5 kids.,0.486957369,Clara,22,middlechild,
stu_FHADA27602,cls_OUMSN73782,sch_QQLIR33891,YES,TST Respose 11,i am a middle child of 5 kids.,0.486957369,Clara,12,neutral,
stu_PYEUW09959,cls_HEZZN95002,sch_QQLIR33891,,TST Respose 4,I love to learn,0.487140213,Clara,25,positive,
stu_PYEUW09959,cls_HEZZN95002,sch_QQLIR33891,,TST Respose 4,I love to learn,0.487140213,Clara,24,positive,
stu_GXIYC47970,cls_SLKYU63739,sch_QQLIR33891,YES,TST Respose 7,i am a person who speaks 2 languages,0.487158674,Clara,43,positive,
stu_GXIYC47970,cls_SLKYU63739,sch_QQLIR33891,YES,TST Respose 7,i am a person who speaks 2 languages,0.487158674,Clara,25,positive,
stu_CPVXX19825,cls_MAEBK64434,sch_QQLIR33891,,TST Respose 6,I am from cape verde,0.487626423,Clara,7,cape verdean,
stu_VOXTG50835,cls_NUSEI70378,sch_KACVP55227,,TST Respose 8,I like scary movies,0.487840251,Clara,24,positive,
stu_WDDQQ92015,cls_YLGBO89611,sch_KACVP55227,,TST Respose 20,i am a student,0.487894168,Clara,14,neutral,
stu_CDGKD03653,cls_JYBSH30995,sch_QQLIR33891,,TST Respose 2,i am cape verean,0.487971218,Clara,7,cape verdean,
stu_FUILC09238,cls_HEBLM24075,sch_KACVP55227,,TST Respose 6,im english speaking,0.488003493,Clara,25,neutral,
stu_FUILC09238,cls_HEBLM24075,sch_KACVP55227,,TST Respose 6,im english speaking,0.488003493,Clara,22,englishspeaker,
stu_MTCIM85775,cls_TNHXN45809,sch_RSWHG50450,,TST Respose 17,A good listener,0.488156247,Clara,44,positive,
stu_BCRYB29652,cls_OUMSN73782,sch_QQLIR33891,YES,TST Respose 4,I'm fun,0.488222902,Clara,46,positive,
stu_CNIXS57234,cls_ERQJB18593,sch_QQLIR33891,,TST Respose 18,I don't like school,0.488324584,Clara,14,negative,
stu_FBWGP41232,cls_JYBSH30995,sch_QQLIR33891,,TST Respose 16,I play on my ps5,0.488380298,Clara,28,neutral,
stu_XUDYN03051,cls_FXSNE83092,sch_QQLIR33891,,TST Respose 8,I have an litle sister,0.488391119,Clara,12,neutral,
stu_CPVXX19825,cls_MAEBK64434,sch_QQLIR33891,,TST Respose 12,I am a 6th grader,0.488607998,Clara,22,6thgrade,
stu_CPVXX19825,cls_MAEBK64434,sch_QQLIR33891,,TST Respose 12,I am a 6th grader,0.488607998,Clara,4,6thgrade,
stu_CPVXX19825,cls_MAEBK64434,sch_QQLIR33891,,TST Respose 12,I am a 6th grader,0.488607998,Clara,14,neutral,
stu_PYEUW09959,cls_HEZZN95002,sch_QQLIR33891,,TST Respose 6,I like to play horror games,0.488980438,Clara,28,positive,
stu_PYEUW09959,cls_HEZZN95002,sch_QQLIR33891,,TST Respose 6,I like to play horror games,0.488980438,Clara,24,positive,
stu_WWNBY52737,cls_OUMSN73782,sch_QQLIR33891,YES,TST Respose 16,I am apart of mock appeal.,0.489105083,Clara,31,neutral,
stu_RFRYE74718,cls_OUMSN73782,sch_QQLIR33891,YES,TST Respose 7,I am caring.,0.489415009,Clara,45,positive,
stu_KCRZD23226,cls_JDASF17902,sch_KACVP55227,,TST Respose 10,I need a job for help myself,0.489489776,Clara,13,neutral,
stu_SULZI60933,cls_JYBSH30995,sch_QQLIR33891,,TST Respose 1,[FIRST LAST NAME],0.489511159,Clara,5,none,
stu_JTZYY08754,cls_JTMRB81339,sch_KACVP55227,,TST Respose 18,"i love Haitian, Jamaican  that's it",0.489517994,Clara,24,positive,flag for later
stu_TDURA35752,cls_USLPT75423,sch_QQLIR33891,YES,TST Respose 13,I am kind,0.490019806,Clara,44,positive,
stu_IIOVZ06372,cls_HJQZF25095,sch_KACVP55227,YES,TST Respose 3,i like facetiming my friends and cousin,0.490349875,Clara,31,positive,
stu_IIOVZ06372,cls_HJQZF25095,sch_KACVP55227,YES,TST Respose 3,i like facetiming my friends and cousin,0.490349875,Clara,10,positive,
stu_IIOVZ06372,cls_HJQZF25095,sch_KACVP55227,YES,TST Respose 3,i like facetiming my friends and cousin,0.490349875,Clara,12,positive,
stu_IIOVZ06372,cls_HJQZF25095,sch_KACVP55227,YES,TST Respose 3,i like facetiming my friends and cousin,0.490349875,Clara,24,positive,
stu_WQGUY90279,cls_JYBSH30995,sch_QQLIR33891,,TST Respose 2,I'm 11-12 yrs old,0.490608947,Clara,4,11,
stu_KWLPL21630,cls_SIVDJ49041,sch_KACVP55227,,TST Respose 10,My favorite food is Haitian food.,0.490912105,Clara,24,positive,flag for later
stu_DKGHS98193,cls_FXSNE83092,sch_QQLIR33891,,TST Respose 16,i have 5 sibling only one is blood.,0.491708926,Clara,12,neutral,
stu_AHWRN95528,cls_MAEBK64434,sch_QQLIR33891,,TST Respose 5,I am someone who likes the color green,0.49181863,Clara,24,positive,
stu_PUNZK45438,cls_SLKYU63739,sch_QQLIR33891,YES,TST Respose 11,i like play fortnite,0.491862932,Clara,27,positive,
stu_PUNZK45438,cls_SLKYU63739,sch_QQLIR33891,YES,TST Respose 11,i like play fortnite,0.491862932,Clara,24,positive,
stu_DJCZE13885,cls_FBBRP25979,sch_QQLIR33891,,TST Respose 20,I am amazing.,0.49193143,Clara,43,positive,
stu_MXNSF14478,cls_JYBSH30995,sch_QQLIR33891,,TST Respose 11,I like sports.,0.492151473,Clara,29,positive,
stu_MXNSF14478,cls_JYBSH30995,sch_QQLIR33891,,TST Respose 11,I like sports.,0.492151473,Clara,24,positive,
stu_CWQDV67579,cls_CIIPB03795,sch_RSWHG50450,YES,TST Respose 3,I am a gamer,0.492216472,Clara,28,neutral,
stu_MMNSJ38829,cls_YLGBO89611,sch_KACVP55227,,TST Respose 18,I like the color baby green.,0.492517868,Clara,24,positive,
stu_XXEBH66449,cls_GIJEF48865,sch_KACVP55227,,TST Respose 7,I am an English speaking person,0.492686708,Clara,25,neutral,
stu_XXEBH66449,cls_GIJEF48865,sch_KACVP55227,,TST Respose 7,I am an English speaking person,0.492686708,Clara,22,englishspeaker,
stu_CQRFU18177,cls_JYBSH30995,sch_QQLIR33891,,TST Respose 18,I love the sunriz,0.492920235,Clara,24,positive,
stu_VOXTG50835,cls_NUSEI70378,sch_KACVP55227,,TST Respose 1,I am [FIRST NAME],0.492925032,Clara,5,none,
stu_FSPCV10901,cls_OUMSN73782,sch_QQLIR33891,YES,TST Respose 16,I like to read.,0.493045106,Clara,25,positive,
stu_FSPCV10901,cls_OUMSN73782,sch_QQLIR33891,YES,TST Respose 16,I like to read.,0.493045106,Clara,24,positive,
stu_PXDPN73068,cls_FBBRP25979,sch_QQLIR33891,,TST Respose 2,I dont like math,0.493089825,Clara,25,negative,
stu_PXDPN73068,cls_FBBRP25979,sch_QQLIR33891,,TST Respose 2,I dont like math,0.493089825,Clara,24,negative,
stu_UJNMI16598,cls_OUKFK08724,sch_RSWHG50450,,TST Respose 19,Straight,0.493308117,Clara,3,straight,
stu_WWNBY52737,cls_OUMSN73782,sch_QQLIR33891,YES,TST Respose 17,I am a peer leader,0.493975997,Clara,43,positive,
stu_WWNBY52737,cls_OUMSN73782,sch_QQLIR33891,YES,TST Respose 17,I am a peer leader,0.493975997,Clara,14,positive,
stu_OIYXZ27717,cls_MAEBK64434,sch_QQLIR33891,,TST Respose 16,I am someone who likes to draw,0.49404911,Clara,26,positive,
stu_OIYXZ27717,cls_MAEBK64434,sch_QQLIR33891,,TST Respose 16,I am someone who likes to draw,0.49404911,Clara,24,positive,
stu_ERQCY81201,cls_USLPT75423,sch_QQLIR33891,YES,TST Respose 10,I am a girl who loves mcds.,0.494738904,Clara,24,positive,
stu_ERQCY81201,cls_USLPT75423,sch_QQLIR33891,YES,TST Respose 10,I am a girl who loves mcds.,0.494738904,Clara,2,girl,
stu_JOKOV89559,cls_MAEBK64434,sch_QQLIR33891,,TST Respose 16,I am someone loves lip gloss,0.494884824,Clara,30,positive,
stu_JOKOV89559,cls_MAEBK64434,sch_QQLIR33891,,TST Respose 16,I am someone loves lip gloss,0.494884824,Clara,24,positive,
stu_FQKSK24193,cls_FBBRP25979,sch_QQLIR33891,,TST Respose 11,i like coryxkinshen,0.495092987,Clara,27,positive,
stu_FQKSK24193,cls_FBBRP25979,sch_QQLIR33891,,TST Respose 11,i like coryxkinshen,0.495092987,Clara,24,positive,
stu_JPMJO86637,cls_YFPVJ06178,sch_KACVP55227,YES,TST Respose 12,I love all my teacher.,0.495142562,Clara,24,positive,
stu_JPMJO86637,cls_YFPVJ06178,sch_KACVP55227,YES,TST Respose 12,I love all my teacher.,0.495142562,Clara,14,positive,
stu_KWMWG76590,cls_CXLDP17094,sch_KACVP55227,YES,TST Respose 17,i help people with there work,0.495854394,Clara,44,positive,
stu_KWMWG76590,cls_CXLDP17094,sch_KACVP55227,YES,TST Respose 17,i help people with there work,0.495854394,Clara,41,positive,
stu_PSHZT50501,cls_USLPT75423,sch_QQLIR33891,YES,TST Respose 8,I am a person who plays a lot of games,0.496034151,Clara,31,neutral,
stu_QFXDD68186,cls_SYHWK05211,sch_KACVP55227,YES,TST Respose 14,I like to do my makeup.,0.496358846,Clara,30,positive,
stu_QFXDD68186,cls_SYHWK05211,sch_KACVP55227,YES,TST Respose 14,I like to do my makeup.,0.496358846,Clara,24,positive,
stu_CNIXS57234,cls_ERQJB18593,sch_QQLIR33891,,TST Respose 5,I like gym,0.496439899,Clara,24,positive,
stu_CNIXS57234,cls_ERQJB18593,sch_QQLIR33891,,TST Respose 5,I like gym,0.496439899,Clara,14,positive,
stu_PJCOJ15115,cls_HEZZN95002,sch_QQLIR33891,,TST Respose 7,I am a money maker,0.496477371,Clara,34,positive,
stu_PJCOJ15115,cls_HEZZN95002,sch_QQLIR33891,,TST Respose 7,I am a money maker,0.496477371,Clara,13,positive,
stu_RUZUK44953,cls_HOJKW39162,sch_KACVP55227,YES,TST Respose 8,I am someone who wears glasses,0.496578465,Clara,35,neutral,
stu_ZUARE93356,cls_MAEBK64434,sch_QQLIR33891,,TST Respose 16,My favorite candy is freeze dried skittles,0.497767781,Clara,24,positive,
stu_WHBZD81732,cls_AVBRA70624,sch_KACVP55227,YES,TST Respose 9,i like sneakers,0.498184684,Clara,30,positive,
stu_WHBZD81732,cls_AVBRA70624,sch_KACVP55227,YES,TST Respose 9,i like sneakers,0.498184684,Clara,24,positive,
stu_IGWBR81023,cls_DLRQP13887,sch_QQLIR33891,,TST Respose 9,i have curly hair,0.498364678,Clara,35,neutral,
stu_YPZIM54297,cls_MAEBK64434,sch_QQLIR33891,,TST Respose 10,I am someone who loves to talk sometimes,0.49841061,Clara,45,positive,
stu_YPZIM54297,cls_MAEBK64434,sch_QQLIR33891,,TST Respose 10,I am someone who loves to talk sometimes,0.49841061,Clara,24,positive,
stu_PFDTL78462,cls_NUSEI70378,sch_KACVP55227,,TST Respose 4,I want to be a writer when I'm older.,0.49855185,Clara,13,positive,
stu_IKUOQ66846,cls_USLPT75423,sch_QQLIR33891,YES,TST Respose 11,"6,2",0.4986757,Clara,35,neutral,
stu_FQEST23326,cls_JTMRB81339,sch_KACVP55227,YES,TST Respose 19,I love my nana and aunt yaya,0.49868344,Clara,24,positive,
stu_FQEST23326,cls_JTMRB81339,sch_KACVP55227,YES,TST Respose 19,I love my nana and aunt yaya,0.49868344,Clara,12,positive,
stu_MMNSJ38829,cls_YLGBO89611,sch_KACVP55227,,TST Respose 17,I like gym class.,0.498702309,Clara,24,positive,
stu_MMNSJ38829,cls_YLGBO89611,sch_KACVP55227,,TST Respose 17,I like gym class.,0.498702309,Clara,14,positive,
stu_JPMJO86637,cls_YFPVJ06178,sch_KACVP55227,YES,TST Respose 3,i'm a cat lover,0.499098885,Clara,24,positive,
stu_WAFQN21754,cls_TNHXN45809,sch_RSWHG50450,YES,TST Respose 16,I am accomplished,0.499127916,Clara,43,positive,
stu_CULOH75877,cls_HEZZN95002,sch_QQLIR33891,,TST Respose 18,I go to church,0.499198294,Clara,23,church-goer,
stu_PSHZT50501,cls_USLPT75423,sch_QQLIR33891,YES,TST Respose 14,I am a good-behaving person,0.499416667,Clara,40,positive,
stu_QHOON52054,cls_MCLLA54915,sch_KACVP55227,YES,TST Respose 16,I am white,0.499494362,Clara,6,white,
stu_QEGJI54214,cls_SLKYU63739,sch_QQLIR33891,YES,TST Respose 9,i am a watermelon lover,0.499638675,Clara,24,positive,
stu_VGJIS59600,cls_DLRQP13887,sch_QQLIR33891,,TST Respose 18,I dislike summer more than winter,0.499745774,Clara,24,negative,
stu_DZJHT48666,cls_FXSNE83092,sch_QQLIR33891,,TST Respose 15,I like nails,0.499866284,Clara,30,positive,
stu_DZJHT48666,cls_FXSNE83092,sch_QQLIR33891,,TST Respose 15,I like nails,0.499866284,Clara,24,positive,
stu_WPVZY01902,cls_YLGBO89611,sch_KACVP55227,,TST Respose 11,I like cat,0.49988459,Clara,24,positive,
stu_KCRZD23226,cls_JDASF17902,sch_KACVP55227,,TST Respose 7,I love eating,0.500572989,Clara,24,positive,
stu_LTSJK02079,cls_FBBRP25979,sch_QQLIR33891,,TST Respose 13,I collect rocks and gems,0.500738433,Clara,31,neutral,
stu_CHVFQ54169,cls_JYBSH30995,sch_QQLIR33891,,TST Respose 14,I love writing books.,0.501310312,Clara,25,positive,
stu_CHVFQ54169,cls_JYBSH30995,sch_QQLIR33891,,TST Respose 14,I love writing books.,0.501310312,Clara,24,positive,
stu_KOUYR40301,cls_SYHWK05211,sch_KACVP55227,,TST Respose 8,i like sports,0.501485758,Clara,29,positive,
stu_KOUYR40301,cls_SYHWK05211,sch_KACVP55227,,TST Respose 8,i like sports,0.501485758,Clara,24,positive,
stu_EHYTZ32137,cls_USLPT75423,sch_QQLIR33891,YES,TST Respose 6,I hate school,0.501579446,Clara,24,negative,
stu_EHYTZ32137,cls_USLPT75423,sch_QQLIR33891,YES,TST Respose 6,I hate school,0.501579446,Clara,14,negative,
stu_WBAVA84528,cls_AVBRA70624,sch_KACVP55227,YES,TST Respose 18,i like dairy queen,0.501590234,Clara,24,positive,
stu_WQGUY90279,cls_JYBSH30995,sch_QQLIR33891,,TST Respose 7,I'm in 6th grade,0.501743873,Clara,22,6thgrade,
stu_WQGUY90279,cls_JYBSH30995,sch_QQLIR33891,,TST Respose 7,I'm in 6th grade,0.501743873,Clara,4,6thgrade,
stu_WQGUY90279,cls_JYBSH30995,sch_QQLIR33891,,TST Respose 7,I'm in 6th grade,0.501743873,Clara,14,neutral,
stu_VOXTG50835,cls_NUSEI70378,sch_KACVP55227,,TST Respose 2,Im a student,0.501791145,Clara,14,neutral,
stu_PYEUW09959,cls_HEZZN95002,sch_QQLIR33891,,TST Respose 15,I like to play Nintendo with my sister,0.501895796,Clara,28,positive,
stu_PYEUW09959,cls_HEZZN95002,sch_QQLIR33891,,TST Respose 15,I like to play Nintendo with my sister,0.501895796,Clara,11,positive,
stu_PYEUW09959,cls_HEZZN95002,sch_QQLIR33891,,TST Respose 15,I like to play Nintendo with my sister,0.501895796,Clara,24,positive,
stu_CINVJ49388,cls_HEZZN95002,sch_QQLIR33891,,TST Respose 4,trumpent player,0.502141826,Clara,26,neutral,
stu_CETOG17008,cls_USLPT75423,sch_QQLIR33891,YES,TST Respose 4,soccer player,0.502227688,Clara,29,neutral,
stu_YPZIM54297,cls_MAEBK64434,sch_QQLIR33891,,TST Respose 5,I am an afercain Amarican,0.502251209,Clara,7,african american,
stu_FBWGP41232,cls_JYBSH30995,sch_QQLIR33891,,TST Respose 20,I like flowers,0.50229019,Clara,24,positive,
stu_TFTDG28078,cls_IZNZG32572,sch_KACVP55227,YES,TST Respose 4,A mixed girl,0.502549113,Clara,6,mixed,"""mixed"" ==race?"
stu_TFTDG28078,cls_IZNZG32572,sch_KACVP55227,YES,TST Respose 4,A mixed girl,0.502549113,Clara,2,girl,"""mixed"" ==race?"
stu_EHYTZ32137,cls_USLPT75423,sch_QQLIR33891,YES,TST Respose 1,I'm a student,0.502697273,Clara,14,neutral,
stu_PYEUW09959,cls_HEZZN95002,sch_QQLIR33891,,TST Respose 11,I like to hang out with my friends,0.5027619,Clara,31,positive,
stu_PYEUW09959,cls_HEZZN95002,sch_QQLIR33891,,TST Respose 11,I like to hang out with my friends,0.5027619,Clara,10,positive,
stu_PYEUW09959,cls_HEZZN95002,sch_QQLIR33891,,TST Respose 11,I like to hang out with my friends,0.5027619,Clara,24,positive,
stu_WCANG48942,cls_HJQZF25095,sch_KACVP55227,YES,TST Respose 11,I am a student.,0.503284686,Clara,14,neutral,
stu_QPHPK12517,cls_HEZZN95002,sch_QQLIR33891,,TST Respose 11,i love chicken,0.503350007,Clara,24,positive,
stu_CWQDV67579,cls_CIIPB03795,sch_RSWHG50450,YES,TST Respose 10,I like games,0.503686169,Clara,31,positive,
stu_CWQDV67579,cls_CIIPB03795,sch_RSWHG50450,YES,TST Respose 10,I like games,0.503686169,Clara,24,positive,
stu_RDPGG44681,cls_ZLIZG21375,sch_RSWHG50450,,TST Respose 13,I am trying to find the right people to hang out with,0.50445464,Frank,45,neutral,
stu_RDPGG44681,cls_ZLIZG21375,sch_RSWHG50450,,TST Respose 13,I am trying to find the right people to hang out with,0.50445464,Frank,10,positive,
stu_JVLXZ63894,cls_CIIPB03795,sch_RSWHG50450,YES,TST Respose 13,[TEACHER] student,0.50446523,Frank,14,neutral,
stu_WRQAA62017,cls_GIJEF48865,sch_KACVP55227,,TST Respose 3,I like math,0.504821845,Frank,25,positive,
stu_WRQAA62017,cls_GIJEF48865,sch_KACVP55227,,TST Respose 3,I like math,0.504821845,Frank,24,positive,
stu_UEVQJ25414,cls_USLPT75423,sch_QQLIR33891,YES,TST Respose 11,im  haitian,0.504904614,Frank,7,haitian,
stu_CINVJ49388,cls_HEZZN95002,sch_QQLIR33891,,TST Respose 5,Saxophone player,0.504983576,Frank,26,neutral,
stu_CPAQO78519,cls_MAEBK64434,sch_QQLIR33891,,TST Respose 15,I am someone who loves the beach,0.505167731,Frank,24,positive,
stu_AQNHF52456,cls_USLPT75423,sch_QQLIR33891,YES,TST Respose 3,smart,0.505642398,Frank,43,positive,
stu_CDXSC86692,cls_MAEBK64434,sch_QQLIR33891,,TST Respose 10,I am a person that wants to sky dive when am older,0.505648102,Frank,29,positive,
stu_CDXSC86692,cls_MAEBK64434,sch_QQLIR33891,,TST Respose 10,I am a person that wants to sky dive when am older,0.505648102,Frank,20,none,
stu_FHADA27602,cls_OUMSN73782,sch_QQLIR33891,YES,TST Respose 13,my favorite candy is air heads.,0.505685357,Frank,24,positive,
stu_NWRRC44615,cls_JYBSH30995,sch_QQLIR33891,,TST Respose 18,i like sprite,0.505778087,Frank,24,positive,
stu_PFDTL78462,cls_NUSEI70378,sch_KACVP55227,,TST Respose 3,My favorite subject is English.,0.506228626,Frank,25,positive,
stu_PFDTL78462,cls_NUSEI70378,sch_KACVP55227,,TST Respose 3,My favorite subject is English.,0.506228626,Frank,14,neutal,
stu_PFDTL78462,cls_NUSEI70378,sch_KACVP55227,,TST Respose 3,My favorite subject is English.,0.506228626,Frank,24,positive,
stu_FVHVM49769,cls_SLKYU63739,sch_QQLIR33891,YES,TST Respose 13,i have 8 pairs of shoes,0.506250993,Frank,30,none,
stu_UJNMI16598,cls_OUKFK08724,sch_RSWHG50450,,TST Respose 6,Grandaughter,0.506495753,Frank,11,neutral,
stu_UJNMI16598,cls_OUKFK08724,sch_RSWHG50450,,TST Respose 6,Grandaughter,0.506495753,Frank,2,girl,
stu_BJJXN95776,cls_MAEBK64434,sch_QQLIR33891,,TST Respose 5,I love work,0.506754667,Frank,24,positive,
stu_BJJXN95776,cls_MAEBK64434,sch_QQLIR33891,,TST Respose 5,I love work,0.506754667,Frank,12,positive,
stu_PFDTL78462,cls_NUSEI70378,sch_KACVP55227,,TST Respose 6,I hope to be fluent in Spanish when I am older.,0.507097693,Frank,25,positive,
stu_VQFBG95862,cls_USLPT75423,sch_QQLIR33891,,TST Respose 17,i am a genuis,0.507141988,Frank,41,positive,
stu_CNIFN64507,cls_OUMSN73782,sch_QQLIR33891,YES,TST Respose 17,im bajan,0.507432517,Frank,7,bajan,
stu_CDXSC86692,cls_MAEBK64434,sch_QQLIR33891,,TST Respose 5,I am a person that has a cat,0.5078104,Frank,30,none,
stu_CDXSC86692,cls_MAEBK64434,sch_QQLIR33891,,TST Respose 5,I am a person that has a cat,0.5078104,Frank,20,none,
stu_VNSDU81090,cls_JYBSH30995,sch_QQLIR33891,,TST Respose 5,my favorite color is blue and red,0.507819955,Frank,24,positive,
stu_CJHBB29429,cls_MAEBK64434,sch_QQLIR33891,,TST Respose 1,I am a person that likes basketball,0.507950417,Frank,29,positive,
stu_CJHBB29429,cls_MAEBK64434,sch_QQLIR33891,,TST Respose 1,I am a person that likes basketball,0.507950417,Frank,20,none,
stu_CJHBB29429,cls_MAEBK64434,sch_QQLIR33891,,TST Respose 1,I am a person that likes basketball,0.507950417,Frank,23,positive,
stu_MKEGQ97127,cls_GIJEF48865,sch_KACVP55227,,TST Respose 5,I'm an animal lover,0.508007048,Frank,24,positive,
stu_FBOFA96484,cls_MAEBK64434,sch_QQLIR33891,,TST Respose 12,i like to spend time with my family,0.508185472,Frank,24,positive,
stu_FBOFA96484,cls_MAEBK64434,sch_QQLIR33891,,TST Respose 12,i like to spend time with my family,0.508185472,Frank,11,positive,
stu_CLLRZ76280,cls_MAEBK64434,sch_QQLIR33891,,TST Respose 9,I like traveling,0.508252476,Frank,29,positive,
stu_CLLRZ76280,cls_MAEBK64434,sch_QQLIR33891,,TST Respose 9,I like traveling,0.508252476,Frank,24,positive,
stu_JOVOI38701,cls_MAEBK64434,sch_QQLIR33891,,TST Respose 7,I am a person who likes ice cream.,0.508260702,Frank,24,positive,
stu_JOVOI38701,cls_MAEBK64434,sch_QQLIR33891,,TST Respose 7,I am a person who likes ice cream.,0.508260702,Frank,20,none,
stu_ERQCY81201,cls_USLPT75423,sch_QQLIR33891,YES,TST Respose 8,I am a girl who loves to bake,0.508335385,Frank,29,positive,
stu_ERQCY81201,cls_USLPT75423,sch_QQLIR33891,YES,TST Respose 8,I am a girl who loves to bake,0.508335385,Frank,2,girl,
stu_ERQCY81201,cls_USLPT75423,sch_QQLIR33891,YES,TST Respose 8,I am a girl who loves to bake,0.508335385,Frank,24,positive,
stu_FQKSK24193,cls_FBBRP25979,sch_QQLIR33891,,TST Respose 12,i like foot ball,0.508342262,Frank,29,positive,
stu_FQKSK24193,cls_FBBRP25979,sch_QQLIR33891,,TST Respose 12,i like foot ball,0.508342262,Frank,24,positive,
stu_NZWIU92234,cls_JYBSH30995,sch_QQLIR33891,,TST Respose 4,i have 14 siblings,0.50842284,Frank,11,neutral,
stu_MTCIM85775,cls_TNHXN45809,sch_RSWHG50450,,TST Respose 11,I am scholarly,0.508567061,Frank,25,positive,
stu_CETOG17008,cls_USLPT75423,sch_QQLIR33891,YES,TST Respose 12,babysitter,0.508591878,Frank,12,neutral,
stu_UAFAK64772,cls_AJBUO63250,sch_KACVP55227,YES,TST Respose 13,funny,0.5086265,Frank,44,positive,
stu_JOKOV89559,cls_MAEBK64434,sch_QQLIR33891,,TST Respose 17,I am someone who loves being clean,0.50864772,Frank,24,positive,
stu_WEADW20158,cls_JYBSH30995,sch_QQLIR33891,,TST Respose 7,my favorite show is spongebob,0.508769985,Frank,24,positive,
stu_PUHUL75671,cls_HEZZN95002,sch_QQLIR33891,,TST Respose 12,hate halloween,0.508810193,Frank,24,negative,
stu_VUNQZ79892,cls_CIIPB03795,sch_RSWHG50450,YES,TST Respose 10,im a shy person,0.509137046,Frank,42,neutral,
stu_VUNQZ79892,cls_CIIPB03795,sch_RSWHG50450,YES,TST Respose 10,im a shy person,0.509137046,Frank,20,none,
stu_AHWRN95528,cls_MAEBK64434,sch_QQLIR33891,,TST Respose 17,I am someone who likes laughing,0.509568497,Frank,43,positive,
stu_AHWRN95528,cls_MAEBK64434,sch_QQLIR33891,,TST Respose 17,I am someone who likes laughing,0.509568497,Frank,24,positive,
stu_SJXEZ38047,cls_JYBSH30995,sch_QQLIR33891,,TST Respose 16,I love cachpu,0.509732133,Frank,24,positive,
stu_FWPPR22255,cls_YFPVJ06178,sch_KACVP55227,YES,TST Respose 3,Iamm,0.510115463,Frank,48,none,
stu_UYUIH18635,cls_FBBRP25979,sch_QQLIR33891,,TST Respose 6,I like art,0.510740196,Frank,26,positive,
stu_UYUIH18635,cls_FBBRP25979,sch_QQLIR33891,,TST Respose 6,I like art,0.510740196,Frank,24,positive,
stu_JERPG96865,cls_IZNZG32572,sch_KACVP55227,YES,TST Respose 4,i like cars,0.511203021,Frank,24,positive,
stu_QOGPO20181,cls_AVBRA70624,sch_KACVP55227,YES,TST Respose 14,l speak cape verdean creole,0.511298696,Frank,25,neutral,
stu_QOGPO20181,cls_AVBRA70624,sch_KACVP55227,YES,TST Respose 14,l speak cape verdean creole,0.511298696,Frank,22,speakscapeverdean,
stu_ECYEC76336,cls_OUMSN73782,sch_QQLIR33891,YES,TST Respose 11,I am someone who has dark brown hair,0.511354646,Frank,33,neutral,
stu_ERQCY81201,cls_USLPT75423,sch_QQLIR33891,YES,TST Respose 13,I am a proud capeverdean.,0.511663549,Frank,7,cape verdean,
stu_UEDQL23543,cls_USLPT75423,sch_QQLIR33891,YES,TST Respose 2,student,0.511909803,Frank,14,neutral,
stu_LVOOZ80056,cls_OUMSN73782,sch_QQLIR33891,YES,TST Respose 13,I am a volleyball player.,0.512032659,Frank,29,neutral,
stu_IKUOQ66846,cls_USLPT75423,sch_QQLIR33891,YES,TST Respose 2,I'm a Cape Verde,0.51214792,Frank,7,cape verdean,
stu_KCDEU07486,cls_JWHPH41004,sch_QQLIR33891,YES,TST Respose 7,I'm good at singing,0.512213694,Frank,26,positive,
stu_SIWRL23181,cls_MMBNN48363,sch_QQLIR33891,,TST Respose 2,i am hard working,0.512301066,Frank,39,positive,
stu_WRQAA62017,cls_GIJEF48865,sch_KACVP55227,,TST Respose 20,I like cars,0.512625888,Frank,24,positive,
stu_EQSJM78476,cls_FBBRP25979,sch_QQLIR33891,,TST Respose 9,i like the music from the weekend,0.512760591,Frank,26,positive,
stu_EQSJM78476,cls_FBBRP25979,sch_QQLIR33891,,TST Respose 9,i like the music from the weekend,0.512760591,Frank,24,positive,
stu_NWVEW24693,cls_AVBRA70624,sch_KACVP55227,YES,TST Respose 13,i love roblox,0.513209231,Frank,28,positive,
stu_NWVEW24693,cls_AVBRA70624,sch_KACVP55227,YES,TST Respose 13,i love roblox,0.513209231,Frank,24,positive,
stu_KJOZZ30475,cls_HOJKW39162,sch_KACVP55227,YES,TST Respose 17,I stress a lot over little things.,0.447607821,Clara,44,negative,
stu_DUOEM76163,cls_FXSNE83092,sch_QQLIR33891,,TST Respose 4,I speak English,0.51331704,Frank,25,neutral,
stu_DUOEM76163,cls_FXSNE83092,sch_QQLIR33891,,TST Respose 4,I speak English,0.51331704,Frank,22,speaksenglish,
stu_FQKSK24193,cls_FBBRP25979,sch_QQLIR33891,,TST Respose 10,i like play stuff outside of school,0.513388746,Frank,29,neutral,
stu_HMQRZ27503,cls_YFPVJ06178,sch_KACVP55227,YES,TST Respose 10,I am the last kids,0.513711076,Frank,48,none,
stu_CDGKD03653,cls_JYBSH30995,sch_QQLIR33891,,TST Respose 10,i am in 6 grade,0.514210327,Frank,22,sixthgrader,
stu_CDGKD03653,cls_JYBSH30995,sch_QQLIR33891,,TST Respose 10,i am in 6 grade,0.514210327,Frank,4,child,
stu_CDGKD03653,cls_JYBSH30995,sch_QQLIR33891,,TST Respose 10,i am in 6 grade,0.514210327,Frank,14,neutral,
stu_CDXSC86692,cls_MAEBK64434,sch_QQLIR33891,,TST Respose 15,I am the person that want it to snow every day,0.514484321,Frank,21,none,
stu_VTRUH97046,cls_DLRQP13887,sch_QQLIR33891,,TST Respose 17,I love suhi.,0.514619711,Frank,24,positive,
stu_MMZHT88458,cls_QZQQW97177,sch_KACVP55227,,TST Respose 5,i love pizza,0.514913807,Frank,24,positive,
stu_DJCZE13885,cls_FBBRP25979,sch_QQLIR33891,,TST Respose 7,I like moving and doing things like traveling.,0.514979055,Frank,31,positive,
stu_DJCZE13885,cls_FBBRP25979,sch_QQLIR33891,,TST Respose 7,I like moving and doing things like traveling.,0.514979055,Frank,24,positive,
stu_GXMFA19655,cls_PQLMX93290,sch_SIWHM63035,YES,TST Respose 11,i am [FIRST NAME],0.51522482,Frank,5,none,
stu_FASQN45304,cls_MAEBK64434,sch_QQLIR33891,,TST Respose 12,I am someone who is from [LOCATION].,0.515247004,Frank,9,none,
stu_QACJQ31561,cls_JYBSH30995,sch_QQLIR33891,,TST Respose 18,i have a twin sister,0.516060675,Frank,11,neutral,
stu_VGJIS59600,cls_DLRQP13887,sch_QQLIR33891,,TST Respose 3,I'm also an older sister of one,0.516437408,Frank,11,neutral,
stu_VGJIS59600,cls_DLRQP13887,sch_QQLIR33891,,TST Respose 3,I'm also an older sister of one,0.516437408,Frank,2,girl,
stu_UYFTQ45542,cls_USLPT75423,sch_QQLIR33891,YES,TST Respose 14,i am a person whos nice and never cruel,0.516761383,Frank,42,positive,
stu_UYFTQ45542,cls_USLPT75423,sch_QQLIR33891,YES,TST Respose 14,i am a person whos nice and never cruel,0.516761383,Frank,21,none,
stu_NWVEW24693,cls_AVBRA70624,sch_KACVP55227,YES,TST Respose 5,i have three sisters and i'm the oldest.,0.516887372,Frank,11,neutral,
stu_MZIVN56293,cls_HEZZN95002,sch_QQLIR33891,,TST Respose 1,I am [FIRST NAME],0.517048393,Frank,5,none,
stu_ECYEC76336,cls_OUMSN73782,sch_QQLIR33891,YES,TST Respose 12,I am a student,0.517539884,Frank,14,neutral,
stu_WRQAA62017,cls_GIJEF48865,sch_KACVP55227,,TST Respose 19,I like money,0.517903483,Frank,24,positive,
stu_FHADA27602,cls_OUMSN73782,sch_QQLIR33891,YES,TST Respose 14,i am black African American.,0.517982469,Frank,6,african american,
stu_ORUUL82324,cls_FBBRP25979,sch_QQLIR33891,,TST Respose 19,I don't like vegetables (except for cute-cumbers),0.518000705,Frank,24,negative,
stu_DJCZE13885,cls_FBBRP25979,sch_QQLIR33891,,TST Respose 15,I'm lactose intolerant.,0.518092035,Frank,36,negative,
stu_FQKSK24193,cls_FBBRP25979,sch_QQLIR33891,,TST Respose 20,i like shows,0.518156496,Frank,24,positive,
stu_CHVFQ54169,cls_JYBSH30995,sch_QQLIR33891,,TST Respose 5,My favorite color is light purple.,0.518382596,Frank,24,positive,
stu_ROXAU39801,cls_CIIPB03795,sch_RSWHG50450,YES,TST Respose 11,I am a Christian,0.518440142,Frank,16,christian,
stu_WXAMH04104,cls_FBBRP25979,sch_QQLIR33891,,TST Respose 6,i speak both english and cape verdean creole,0.518459886,Frank,25,neutral,
stu_WXAMH04104,cls_FBBRP25979,sch_QQLIR33891,,TST Respose 6,i speak both english and cape verdean creole,0.518459886,Frank,22,speaksenglishandcapeverdeanandcreole,
stu_WEADW20158,cls_JYBSH30995,sch_QQLIR33891,,TST Respose 18,i like math,0.518843082,Frank,25,positive,
stu_WEADW20158,cls_JYBSH30995,sch_QQLIR33891,,TST Respose 18,i like math,0.518843082,Frank,24,positive,
stu_KOIIB68446,cls_JYBSH30995,sch_QQLIR33891,,TST Respose 20,I like playing games,0.518925847,Frank,28,positive,
stu_KOIIB68446,cls_JYBSH30995,sch_QQLIR33891,,TST Respose 20,I like playing games,0.518925847,Frank,24,positive,
stu_KJOZZ30475,cls_HOJKW39162,sch_KACVP55227,YES,TST Respose 18,I'm hard on myself.,0.537959737,Frank,41,neutral,
stu_MIJEQ06664,cls_MAEBK64434,sch_QQLIR33891,,TST Respose 14,I like my mom,0.519419728,Frank,24,positive,
stu_MIJEQ06664,cls_MAEBK64434,sch_QQLIR33891,,TST Respose 14,I like my mom,0.519419728,Frank,12,positive,
stu_YPZIM54297,cls_MAEBK64434,sch_QQLIR33891,,TST Respose 11,I am a jugedmental person sometimes,0.520534292,Frank,44,neutral,
stu_YPZIM54297,cls_MAEBK64434,sch_QQLIR33891,,TST Respose 11,I am a jugedmental person sometimes,0.520534292,Frank,21,none,
stu_QFXDD68186,cls_SYHWK05211,sch_KACVP55227,YES,TST Respose 16,I like to do puzzles.,0.521003376,Frank,31,positive,
stu_QFXDD68186,cls_SYHWK05211,sch_KACVP55227,YES,TST Respose 16,I like to do puzzles.,0.521003376,Frank,24,positive,
stu_KOIIB68446,cls_JYBSH30995,sch_QQLIR33891,,TST Respose 10,my favorite color is baby pink,0.521259158,Frank,24,positive,
stu_YBWGX96937,cls_MAEBK64434,sch_QQLIR33891,,TST Respose 16,not like exit ticket,0.521341576,Frank,24,negative,
stu_RDPGG44681,cls_ZLIZG21375,sch_RSWHG50450,,TST Respose 2,I am loving,0.521406349,Frank,42,positive,
stu_EHYTZ32137,cls_USLPT75423,sch_QQLIR33891,YES,TST Respose 10,i want money,0.521492302,Frank,32,none,
stu_IDHIE84911,cls_YFPVJ06178,sch_KACVP55227,YES,TST Respose 11,am smort,0.522224403,Frank,43,positive,
stu_CAGAM03126,cls_HOJKW39162,sch_KACVP55227,YES,TST Respose 9,I am a person with straight hair.,0.522268278,Frank,35,neutral,
stu_CAGAM03126,cls_HOJKW39162,sch_KACVP55227,YES,TST Respose 9,I am a person with straight hair.,0.522268278,Frank,21,none,
stu_MZIVN56293,cls_HEZZN95002,sch_QQLIR33891,,TST Respose 13,i play bari sax,0.522341354,Frank,26,neutral,
stu_PSHPN85751,cls_SYHWK05211,sch_KACVP55227,,TST Respose 9,i have nothing else to say,0.522391197,Frank,47,neutral,
stu_CTAZU65504,cls_USLPT75423,sch_QQLIR33891,YES,TST Respose 6,I am a students,0.522589872,Frank,14,neutral,
stu_NYHDW07721,cls_CIIPB03795,sch_RSWHG50450,,TST Respose 11,Friend of [FIRST LAST NAME],0.522930068,Frank,10,positive,
stu_WCANG48942,cls_HJQZF25095,sch_KACVP55227,YES,TST Respose 6,"The things that I don't about school is the academic part but I only like talking to friends and science, ELA and math sometimes.",0.523204473,Frank,14,negative,
stu_WCANG48942,cls_HJQZF25095,sch_KACVP55227,YES,TST Respose 6,"The things that I don't about school is the academic part but I only like talking to friends and science, ELA and math sometimes.",0.523204473,Frank,10,positive,
stu_RUZUK44953,cls_HOJKW39162,sch_KACVP55227,YES,TST Respose 15,I am someone who thinks the mathia robot is a boy,0.523353521,Frank,47,none,
stu_KGOWI06896,cls_AJBUO63250,sch_KACVP55227,,TST Respose 8,I like talking to my friends,0.523469103,Frank,24,positive,
stu_KGOWI06896,cls_AJBUO63250,sch_KACVP55227,,TST Respose 8,I like talking to my friends,0.523469103,Frank,10,positive,
stu_NRKZA72454,cls_MCLLA54915,sch_KACVP55227,YES,TST Respose 11,I have social anxiety.,0.523496657,Frank,44,neutral,
stu_CAGAM03126,cls_HOJKW39162,sch_KACVP55227,YES,TST Respose 19,I am a person who is neat and tidy.,0.523648871,Frank,43,positive,
stu_CAGAM03126,cls_HOJKW39162,sch_KACVP55227,YES,TST Respose 19,I am a person who is neat and tidy.,0.523648871,Frank,21,none,
stu_VFKRH03938,cls_SLKYU63739,sch_QQLIR33891,,TST Respose 16,i can dress good,0.523701314,Frank,43,positive,
stu_RSKDK68207,cls_SIVDJ49041,sch_KACVP55227,,TST Respose 12,I love to clean. I like things clean.,0.523747111,Frank,24,positive,
stu_SBUBU63586,cls_OUKFK08724,sch_RSWHG50450,YES,TST Respose 13,i am smart,0.52379194,Frank,43,positive,
stu_FUILC09238,cls_HEBLM24075,sch_KACVP55227,,TST Respose 4,i play basketball,0.52386604,Frank,29,neutral,
stu_FHADA27602,cls_OUMSN73782,sch_QQLIR33891,YES,TST Respose 2,i am 5'3.,0.523929133,Frank,35,neutral,
stu_DZJHT48666,cls_FXSNE83092,sch_QQLIR33891,,TST Respose 17,I like crocs,0.523975933,Frank,24,positive,
stu_UTXBZ05806,cls_MAEBK64434,sch_QQLIR33891,,TST Respose 14,i am someone how loves the color black,0.524544144,Frank,24,positive,
stu_ROULI02103,cls_SLKYU63739,sch_QQLIR33891,YES,TST Respose 12,i can dress good,0.52467231,Frank,43,positive,
stu_TRKWP48352,cls_MAEBK64434,sch_QQLIR33891,,TST Respose 11,I am a person who like to stay in the pool,0.524696266,Frank,24,positive,
stu_TRKWP48352,cls_MAEBK64434,sch_QQLIR33891,,TST Respose 11,I am a person who like to stay in the pool,0.524696266,Frank,21,none,
stu_RSKDK68207,cls_SIVDJ49041,sch_KACVP55227,,TST Respose 9,I like my 7th grade reading teacher.,0.524870965,Frank,24,positive,
stu_RSKDK68207,cls_SIVDJ49041,sch_KACVP55227,,TST Respose 9,I like my 7th grade reading teacher.,0.524870965,Frank,14,positive,
stu_MYCLF44200,cls_UZFMO35109,sch_QQLIR33891,,TST Respose 10,I like purple jeans.,0.524886594,Frank,24,positive,
stu_HLKZL24322,cls_MAEBK64434,sch_QQLIR33891,,TST Respose 18,i like music,0.52499953,Frank,24,positive,
stu_MKEGQ97127,cls_GIJEF48865,sch_KACVP55227,,TST Respose 8,I'm a big sister,0.52500165,Frank,12,neutral,
stu_MKEGQ97127,cls_GIJEF48865,sch_KACVP55227,,TST Respose 8,I'm a big sister,0.52500165,Frank,2,girl,
stu_OCRTY88035,cls_MAEBK64434,sch_QQLIR33891,,TST Respose 14,I am someone that loves my brother.,0.525485246,Frank,24,positive,
stu_OCRTY88035,cls_MAEBK64434,sch_QQLIR33891,,TST Respose 14,I am someone that loves my brother.,0.525485246,Frank,12,positive,
stu_MMNSJ38829,cls_YLGBO89611,sch_KACVP55227,,TST Respose 9,I love to go shopping.,0.526001313,Frank,31,positive,
stu_MMNSJ38829,cls_YLGBO89611,sch_KACVP55227,,TST Respose 9,I love to go shopping.,0.526001313,Frank,24,positive,
stu_KFYJM61476,cls_SYHWK05211,sch_KACVP55227,YES,TST Respose 15,I have 2 cats.,0.526029462,Frank,32,none,
stu_EXNUN73314,cls_CIIPB03795,sch_RSWHG50450,YES,TST Respose 14,I am a romance lover,0.526139929,Frank,24,positive,
stu_SIWRL23181,cls_MMBNN48363,sch_QQLIR33891,,TST Respose 1,i am 13,0.526149813,Frank,4,13,
stu_JERPG96865,cls_IZNZG32572,sch_KACVP55227,YES,TST Respose 15,i like riding bikes,0.526177659,Frank,29,positive,
stu_JERPG96865,cls_IZNZG32572,sch_KACVP55227,YES,TST Respose 15,i like riding bikes,0.526177659,Frank,24,positive,
stu_IDHIE84911,cls_YFPVJ06178,sch_KACVP55227,YES,TST Respose 15,ilove to play,0.52625267,Frank,24,positive,
stu_QEGJI54214,cls_SLKYU63739,sch_QQLIR33891,YES,TST Respose 1,i am a big brother,0.526365835,Frank,12,neutral,
stu_QEGJI54214,cls_SLKYU63739,sch_QQLIR33891,YES,TST Respose 1,i am a big brother,0.526365835,Frank,2,boy,
stu_KGOWI06896,cls_AJBUO63250,sch_KACVP55227,,TST Respose 15,I like being Dominican American,0.526376657,Frank,24,dominicanamerican,
stu_KGOWI06896,cls_AJBUO63250,sch_KACVP55227,,TST Respose 15,I like being Dominican American,0.526376657,Frank,7,dominicanamerican,
stu_QZOUO83023,cls_FBBRP25979,sch_QQLIR33891,YES,TST Respose 11,I like cooking,0.526407256,Frank,31,positive,
stu_QZOUO83023,cls_FBBRP25979,sch_QQLIR33891,YES,TST Respose 11,I like cooking,0.526407256,Frank,24,positive,
stu_YGBLH44260,cls_IZNZG32572,sch_KACVP55227,YES,TST Respose 1,I am somebody that likes English class.,0.526419648,Frank,25,positive,
stu_YGBLH44260,cls_IZNZG32572,sch_KACVP55227,YES,TST Respose 1,I am somebody that likes English class.,0.526419648,Frank,14,positive,
stu_YGBLH44260,cls_IZNZG32572,sch_KACVP55227,YES,TST Respose 1,I am somebody that likes English class.,0.526419648,Frank,24,positive,
stu_SOWGI28002,cls_MAEBK64434,sch_QQLIR33891,,TST Respose 19,I am someone who loves games,0.526709937,Frank,28,positive,
stu_SOWGI28002,cls_MAEBK64434,sch_QQLIR33891,,TST Respose 19,I am someone who loves games,0.526709937,Frank,24,positive,
stu_NZWIU92234,cls_JYBSH30995,sch_QQLIR33891,,TST Respose 19,I have a black iphone 11,0.527507389,Frank,32,none,
stu_UEVQJ25414,cls_USLPT75423,sch_QQLIR33891,YES,TST Respose 16,i have 1 sibbling,0.527760227,Frank,12,neutral,
stu_JTZYY08754,cls_JTMRB81339,sch_KACVP55227,,TST Respose 1,Don't and do like math but here we are and I have to do this so why not do good I guess,0.52811658,Frank,47,neutral,
stu_JTZYY08754,cls_JTMRB81339,sch_KACVP55227,,TST Respose 1,Don't and do like math but here we are and I have to do this so why not do good I guess,0.52811658,Frank,24,both,
stu_XHPVX80161,cls_TNHXN45809,sch_RSWHG50450,,TST Respose 13,i like cook,0.528165539,Frank,31,positive,
stu_XHPVX80161,cls_TNHXN45809,sch_RSWHG50450,,TST Respose 13,i like cook,0.528165539,Frank,24,positive,
stu_NZWIU92234,cls_JYBSH30995,sch_QQLIR33891,,TST Respose 7,i am cape Verden,0.528185005,Frank,7,cape verdean,
stu_FQEST23326,cls_JTMRB81339,sch_KACVP55227,YES,TST Respose 7,i am loveable,0.528215916,Frank,43,positive,
stu_UEVQJ25414,cls_USLPT75423,sch_QQLIR33891,YES,TST Respose 7,im cool,0.52866669,Frank,46,positive,
stu_NKHRJ04957,cls_FBBRP25979,sch_QQLIR33891,,TST Respose 17,I like pineapple,0.528958352,Frank,24,positive,
stu_XKMAG80800,cls_TNHXN45809,sch_RSWHG50450,YES,TST Respose 4,Cook,0.52931581,Frank,31,neutral,
stu_YXJEP22115,cls_USLPT75423,sch_QQLIR33891,YES,TST Respose 15,I am good at cross country,0.529603985,Frank,43,positive,
stu_YXJEP22115,cls_USLPT75423,sch_QQLIR33891,YES,TST Respose 15,I am good at cross country,0.529603985,Frank,29,positive,
stu_KFYJM61476,cls_SYHWK05211,sch_KACVP55227,YES,TST Respose 1,I have brown hair.,0.529622987,Frank,35,neutral,
stu_HMQRZ27503,cls_YFPVJ06178,sch_KACVP55227,YES,TST Respose 16,I am jealous,0.529679088,Frank,44,negative,
stu_ROULI02103,cls_SLKYU63739,sch_QQLIR33891,YES,TST Respose 11,im a loveable person,0.530288656,Frank,43,positive,
stu_ROULI02103,cls_SLKYU63739,sch_QQLIR33891,YES,TST Respose 11,im a loveable person,0.530288656,Frank,21,none,
stu_YBWGX96937,cls_MAEBK64434,sch_QQLIR33891,,TST Respose 8,i not like english,0.53036438,Frank,25,negative,
stu_YBWGX96937,cls_MAEBK64434,sch_QQLIR33891,,TST Respose 8,i not like english,0.53036438,Frank,24,negative,
stu_RSKDK68207,cls_SIVDJ49041,sch_KACVP55227,,TST Respose 4,I speak English. My native language was Luganda.,0.530548188,Frank,7,baganda,
stu_QCKDZ64012,cls_HEZZN95002,sch_QQLIR33891,,TST Respose 7,i have 4 sisters,0.53055589,Frank,12,neutral,
stu_KOIIB68446,cls_JYBSH30995,sch_QQLIR33891,,TST Respose 4,I am a student,0.530627277,Frank,14,neutral,
stu_LDUML32113,cls_USLPT75423,sch_QQLIR33891,YES,TST Respose 6,im a movie watcher,0.530729384,Frank,31,neutral,
stu_FPTDO32773,cls_TNHXN45809,sch_RSWHG50450,YES,TST Respose 18,Generous,0.531173597,Frank,44,positive,
stu_OCRTY88035,cls_MAEBK64434,sch_QQLIR33891,,TST Respose 4,I am someone that has a brother.,0.531581771,Frank,12,neutral,
stu_ZUARE93356,cls_MAEBK64434,sch_QQLIR33891,,TST Respose 9,I am a brother,0.532030849,Frank,12,neutral,
stu_ZUARE93356,cls_MAEBK64434,sch_QQLIR33891,,TST Respose 9,I am a brother,0.532030849,Frank,2,boy,
stu_XSQUV53095,cls_OUMSN73782,sch_QQLIR33891,YES,TST Respose 9,I AM [FIRST NAME] A FISHERMAN,0.532059603,Frank,13,neutral,
stu_XSQUV53095,cls_OUMSN73782,sch_QQLIR33891,YES,TST Respose 9,I AM [FIRST NAME] A FISHERMAN,0.532059603,Frank,5,none,
stu_RFRYE74718,cls_OUMSN73782,sch_QQLIR33891,YES,TST Respose 18,I am a person who loves my family.,0.532557272,Frank,21,none,
stu_RFRYE74718,cls_OUMSN73782,sch_QQLIR33891,YES,TST Respose 18,I am a person who loves my family.,0.532557272,Frank,12,positive,
stu_STIXI97047,cls_CXLDP17094,sch_KACVP55227,,TST Respose 2,I would like to have more example before getting to the point.,0.53259741,Frank,45,neutral,
stu_RNIHY62490,cls_OUMSN73782,sch_QQLIR33891,YES,TST Respose 11,"I am 5,4",0.53305126,Frank,35,neutral,
stu_FTOYB42084,cls_SLKYU63739,sch_QQLIR33891,YES,TST Respose 3,im short,0.533374397,Frank,35,neutral,
stu_XCKNQ66212,cls_USLPT75423,sch_QQLIR33891,YES,TST Respose 16,i'm a money kid,0.53349426,Frank,43,neutral,
stu_XCKNQ66212,cls_USLPT75423,sch_QQLIR33891,YES,TST Respose 16,i'm a money kid,0.53349426,Frank,4,child,
stu_OMSFY97090,cls_VFZRA31361,sch_KACVP55227,YES,TST Respose 16,im a students,0.533836635,Frank,14,neutral,
stu_HVWUJ52450,cls_FXSNE83092,sch_QQLIR33891,,TST Respose 5,I like soccer,0.533871223,Frank,29,positive,
stu_HVWUJ52450,cls_FXSNE83092,sch_QQLIR33891,,TST Respose 5,I like soccer,0.533871223,Frank,24,positive,
stu_KCDEU07486,cls_JWHPH41004,sch_QQLIR33891,YES,TST Respose 16,I am sensitive,0.534087983,Frank,45,neutral,
stu_NMWSA27732,cls_UZFMO35109,sch_QQLIR33891,,TST Respose 9,I'm a 6 grader,0.534096321,Frank,22,sixthgrader,
stu_NMWSA27732,cls_UZFMO35109,sch_QQLIR33891,,TST Respose 9,I'm a 6 grader,0.534096321,Frank,4,child,
stu_NMWSA27732,cls_UZFMO35109,sch_QQLIR33891,,TST Respose 9,I'm a 6 grader,0.534096321,Frank,14,neutral,
stu_NXWSI70882,cls_MCLLA54915,sch_KACVP55227,YES,TST Respose 4,A person in honors classes,0.534306157,Frank,43,positive,
stu_NXWSI70882,cls_MCLLA54915,sch_KACVP55227,YES,TST Respose 4,A person in honors classes,0.534306157,Frank,14,positive,
stu_PKXZK94759,cls_JYBSH30995,sch_QQLIR33891,,TST Respose 3,I used to play the clarinet,0.534389399,Frank,26,"none, neutral",
stu_FWPPR22255,cls_YFPVJ06178,sch_KACVP55227,YES,TST Respose 7,I speak a lot language,0.53475483,Frank,43,positive,
stu_NMWSA27732,cls_UZFMO35109,sch_QQLIR33891,,TST Respose 18,I'm alergic to pineaple,0.535127927,Frank,36,negative,
stu_KOIIB68446,cls_JYBSH30995,sch_QQLIR33891,,TST Respose 11,i like math and science,0.535215424,Frank,25,positive,
stu_KOIIB68446,cls_JYBSH30995,sch_QQLIR33891,,TST Respose 11,i like math and science,0.535215424,Frank,24,positive,
stu_MMNSJ38829,cls_YLGBO89611,sch_KACVP55227,,TST Respose 4,I like to watch marvel movies.,0.535817885,Frank,31,positive,
stu_MMNSJ38829,cls_YLGBO89611,sch_KACVP55227,,TST Respose 4,I like to watch marvel movies.,0.535817885,Frank,24,positive,
stu_FSPCV10901,cls_OUMSN73782,sch_QQLIR33891,YES,TST Respose 20,I am kind,0.536528489,Frank,44,positive,
stu_WDDQQ92015,cls_YLGBO89611,sch_KACVP55227,,TST Respose 11,i am a student,0.536643068,Frank,14,neutral,
stu_IDHIE84911,cls_YFPVJ06178,sch_KACVP55227,YES,TST Respose 5,i love art,0.537002476,Frank,26,positive,
stu_IDHIE84911,cls_YFPVJ06178,sch_KACVP55227,YES,TST Respose 5,i love art,0.537002476,Frank,24,positive,
stu_MXNSF14478,cls_JYBSH30995,sch_QQLIR33891,,TST Respose 9,I love clothing,0.53709049,Frank,30,positive,
stu_MXNSF14478,cls_JYBSH30995,sch_QQLIR33891,,TST Respose 9,I love clothing,0.53709049,Frank,24,positive,
stu_QQMSX84242,cls_TNHXN45809,sch_RSWHG50450,YES,TST Respose 12,a jokester,0.537526685,Frank,44,positive,
stu_PXDPN73068,cls_FBBRP25979,sch_QQLIR33891,,TST Respose 17,My best friend is my best friend,0.537625271,Frank,10,positive,
stu_QACJQ31561,cls_JYBSH30995,sch_QQLIR33891,,TST Respose 8,im good at math (sometimes),0.537686011,Frank,25,positive,
stu_FPTDO32773,cls_TNHXN45809,sch_RSWHG50450,YES,TST Respose 13,a enemy to some people,0.538561511,Frank,44,neutral,
stu_BESSB35006,cls_CIIPB03795,sch_RSWHG50450,YES,TST Respose 1,I like to sleep,0.538654264,Frank,31,positive,
stu_BESSB35006,cls_CIIPB03795,sch_RSWHG50450,YES,TST Respose 1,I like to sleep,0.538654264,Frank,24,positive,
stu_WXAMH04104,cls_FBBRP25979,sch_QQLIR33891,,TST Respose 14,my favorite color is purple,0.538851669,Frank,24,positive,
stu_DJCZE13885,cls_FBBRP25979,sch_QQLIR33891,,TST Respose 10,I like slushies.,0.538866003,Frank,24,positive,
stu_FVHVM49769,cls_SLKYU63739,sch_QQLIR33891,YES,TST Respose 2,I like video games,0.539153126,Frank,28,positive,
stu_FVHVM49769,cls_SLKYU63739,sch_QQLIR33891,YES,TST Respose 2,I like video games,0.539153126,Frank,24,positive,
stu_MKEGQ97127,cls_GIJEF48865,sch_KACVP55227,,TST Respose 4,I'm a girl,0.539212841,Frank,2,girl,
stu_UHXBA77476,cls_FBBRP25979,sch_QQLIR33891,,TST Respose 20,I like to paint my nails,0.539222479,Frank,31,positive,
stu_UHXBA77476,cls_FBBRP25979,sch_QQLIR33891,,TST Respose 20,I like to paint my nails,0.539222479,Frank,24,positive,
stu_QQAHK93946,cls_FXSNE83092,sch_QQLIR33891,,TST Respose 3,I like drawing and reading sometimes,0.539371833,Frank,26,positive,
stu_QQAHK93946,cls_FXSNE83092,sch_QQLIR33891,,TST Respose 3,I like drawing and reading sometimes,0.539371833,Frank,24,positive,
stu_QQAHK93946,cls_FXSNE83092,sch_QQLIR33891,,TST Respose 3,I like drawing and reading sometimes,0.539371833,Frank,25,positive,
stu_BCRYB29652,cls_OUMSN73782,sch_QQLIR33891,YES,TST Respose 6,I'm leter,0.539559866,Frank,48,none,
stu_BCRYB29652,cls_OUMSN73782,sch_QQLIR33891,YES,TST Respose 17,I am a fan of ronaldo,0.540038189,Frank,29,positive,
stu_BCRYB29652,cls_OUMSN73782,sch_QQLIR33891,YES,TST Respose 17,I am a fan of ronaldo,0.540038189,Frank,24,positive,
stu_UAFAK64772,cls_AJBUO63250,sch_KACVP55227,YES,TST Respose 8,mean,0.540062011,Frank,44,negative,
stu_MRIWT64391,cls_SYHWK05211,sch_KACVP55227,YES,TST Respose 6,a talkitave person,0.540263124,Frank,44,neutral,
stu_RFRYE74718,cls_OUMSN73782,sch_QQLIR33891,YES,TST Respose 5,I am a feem for roblox.,0.540621532,Frank,28,positive,
stu_RFRYE74718,cls_OUMSN73782,sch_QQLIR33891,YES,TST Respose 5,I am a feem for roblox.,0.540621532,Frank,24,positive,
stu_ZARRQ26344,cls_JYBSH30995,sch_QQLIR33891,,TST Respose 1,I am a girl,0.540991946,Frank,2,girl,
stu_IGLSS89625,cls_VFZRA31361,sch_KACVP55227,YES,TST Respose 9,i like [TEACHER],0.541011781,Frank,24,positive,
stu_IGLSS89625,cls_VFZRA31361,sch_KACVP55227,YES,TST Respose 9,i like [TEACHER],0.541011781,Frank,14,positive,
stu_OFAWH83528,cls_FBBRP25979,sch_QQLIR33891,,TST Respose 8,I like cheteo puffs,0.54116076,Frank,24,positive,
stu_DZJHT48666,cls_FXSNE83092,sch_QQLIR33891,,TST Respose 3,I have curly hair,0.541262025,Frank,35,neutral,
stu_NMWSA27732,cls_UZFMO35109,sch_QQLIR33891,,TST Respose 20,I'm blond,0.542465252,Frank,35,neutral,
stu_CLLRZ76280,cls_MAEBK64434,sch_QQLIR33891,,TST Respose 3,I am a sixth grader,0.542688367,Frank,21,sixthgrader,
stu_CLLRZ76280,cls_MAEBK64434,sch_QQLIR33891,,TST Respose 3,I am a sixth grader,0.542688367,Frank,4,child,
stu_CLLRZ76280,cls_MAEBK64434,sch_QQLIR33891,,TST Respose 3,I am a sixth grader,0.542688367,Frank,14,neutral,
stu_JERPG96865,cls_IZNZG32572,sch_KACVP55227,YES,TST Respose 11,i like animals,0.542694646,Frank,24,positive,
stu_PUNZK45438,cls_SLKYU63739,sch_QQLIR33891,YES,TST Respose 9,i have good grades,0.54278297,Frank,43,positive,
stu_PUNZK45438,cls_SLKYU63739,sch_QQLIR33891,YES,TST Respose 9,i have good grades,0.54278297,Frank,14,positive,
stu_PUNZK45438,cls_SLKYU63739,sch_QQLIR33891,YES,TST Respose 9,i have good grades,0.54278297,Frank,25,positive,
stu_XHPVX80161,cls_TNHXN45809,sch_RSWHG50450,,TST Respose 19,i love chicken,0.542862057,Frank,24,positive,
stu_NWRRC44615,cls_JYBSH30995,sch_QQLIR33891,,TST Respose 2,i have 3 siblings,0.543077615,Frank,12,neutral,
stu_CPVXX19825,cls_MAEBK64434,sch_QQLIR33891,,TST Respose 11,i am 11 years old,0.543464863,Frank,4,11,
stu_PJCOJ15115,cls_HEZZN95002,sch_QQLIR33891,,TST Respose 19,I am a food lover,0.543575195,Frank,24,positive,
stu_EHXGF51692,cls_OUMSN73782,sch_QQLIR33891,YES,TST Respose 19,i love to sleep,0.543627591,Frank,31,positive,
stu_EHXGF51692,cls_OUMSN73782,sch_QQLIR33891,YES,TST Respose 19,i love to sleep,0.543627591,Frank,24,positive,
stu_KOIIB68446,cls_JYBSH30995,sch_QQLIR33891,,TST Respose 13,I love sweaters,0.543660376,Frank,24,positive,
stu_CHVFQ54169,cls_JYBSH30995,sch_QQLIR33891,,TST Respose 6,I am Haitian.,0.543754271,Frank,7,haitian,
stu_PYEUW09959,cls_HEZZN95002,sch_QQLIR33891,,TST Respose 10,I like to play on my trampoline,0.543824881,Frank,29,positive,
stu_PYEUW09959,cls_HEZZN95002,sch_QQLIR33891,,TST Respose 10,I like to play on my trampoline,0.543824881,Frank,24,positive,
stu_LKAAV41369,cls_FBBRP25979,sch_QQLIR33891,,TST Respose 19,I dont like dogs,0.543891689,Frank,24,negative,
stu_XXEBH66449,cls_GIJEF48865,sch_KACVP55227,,TST Respose 2,I am [FIRST NAME],0.544031208,Frank,5,none,
stu_DZJHT48666,cls_FXSNE83092,sch_QQLIR33891,,TST Respose 5,I have 1 sister and 1 half brother,0.544406167,Frank,12,neutral,
stu_EHYTZ32137,cls_USLPT75423,sch_QQLIR33891,YES,TST Respose 11,I'm short,0.544850737,Frank,35,neutral,
stu_SULZI60933,cls_JYBSH30995,sch_QQLIR33891,,TST Respose 20,i like my friend's,0.545395076,Frank,24,positive,
stu_SULZI60933,cls_JYBSH30995,sch_QQLIR33891,,TST Respose 20,i like my friend's,0.545395076,Frank,10,positive,
stu_VNSDU81090,cls_JYBSH30995,sch_QQLIR33891,,TST Respose 3,i like a soccer,0.545414964,Frank,29,positive,
stu_VNSDU81090,cls_JYBSH30995,sch_QQLIR33891,,TST Respose 3,i like a soccer,0.545414964,Frank,24,positive,
stu_ZYUDW82089,cls_OUMSN73782,sch_QQLIR33891,YES,TST Respose 9,someone who wears the same sweater every day,0.545543561,Frank,45,neutral,
stu_YBWGX96937,cls_MAEBK64434,sch_QQLIR33891,,TST Respose 12,i like no school,0.54580465,Frank,24,positive,
stu_YBWGX96937,cls_MAEBK64434,sch_QQLIR33891,,TST Respose 12,i like no school,0.54580465,Frank,14,negative,
stu_ZQMQQ26810,cls_HEBLM24075,sch_KACVP55227,,TST Respose 8,i have lot of family,0.545988847,Frank,12,neutral,
stu_OQLOS45541,cls_USLPT75423,sch_QQLIR33891,YES,TST Respose 4,I'm a animal lover.,0.546158081,Frank,24,positive,
stu_FVHVM49769,cls_SLKYU63739,sch_QQLIR33891,YES,TST Respose 10,i am human,0.546551593,Frank,21,none,
stu_PSHPN85751,cls_SYHWK05211,sch_KACVP55227,,TST Respose 8,im in honors academy,0.546972184,Frank,43,positive,
stu_PSHPN85751,cls_SYHWK05211,sch_KACVP55227,,TST Respose 8,im in honors academy,0.546972184,Frank,14,positive,
stu_YSQPA55709,cls_OUMSN73782,sch_QQLIR33891,,TST Respose 17,i like blue,0.546996562,Frank,24,positive,
stu_IZQGI75719,cls_JYBSH30995,sch_QQLIR33891,,TST Respose 13,i love sports,0.547633484,Frank,29,positive,
stu_IZQGI75719,cls_JYBSH30995,sch_QQLIR33891,,TST Respose 13,i love sports,0.547633484,Frank,24,positive,
stu_GXMFA19655,cls_PQLMX93290,sch_SIWHM63035,YES,TST Respose 19,i am a track and field runner,0.547635372,Frank,29,neutral,
stu_TDURA35752,cls_USLPT75423,sch_QQLIR33891,YES,TST Respose 1,I am jamacian,0.548801,Frank,7,jamaican,
stu_WQGUY90279,cls_JYBSH30995,sch_QQLIR33891,,TST Respose 12,I have 4 siblings,0.548868164,Frank,12,neutral,
stu_QQAHK93946,cls_FXSNE83092,sch_QQLIR33891,,TST Respose 1,I am a girl,0.549100954,Frank,2,girl,
stu_EHXGF51692,cls_OUMSN73782,sch_QQLIR33891,YES,TST Respose 3,I am a person who likes to draw.,0.549177499,Frank,26,positive,
stu_EHXGF51692,cls_OUMSN73782,sch_QQLIR33891,YES,TST Respose 3,I am a person who likes to draw.,0.549177499,Frank,21,none,
stu_EHXGF51692,cls_OUMSN73782,sch_QQLIR33891,YES,TST Respose 3,I am a person who likes to draw.,0.549177499,Frank,24,positive,
stu_UJNMI16598,cls_OUKFK08724,sch_RSWHG50450,,TST Respose 11,Patient,0.549558781,Frank,44,positive,
stu_UYFTQ45542,cls_USLPT75423,sch_QQLIR33891,YES,TST Respose 4,I am a person who plays games,0.549641058,Frank,28,positive,
stu_UYFTQ45542,cls_USLPT75423,sch_QQLIR33891,YES,TST Respose 4,I am a person who plays games,0.549641058,Frank,21,none,
stu_CQRFU18177,cls_JYBSH30995,sch_QQLIR33891,,TST Respose 3,I like cat's,0.549656935,Frank,24,positive,
stu_PSHPN85751,cls_SYHWK05211,sch_KACVP55227,,TST Respose 11,bye,0.549762871,Frank,48,none,
stu_MMZHT88458,cls_QZQQW97177,sch_KACVP55227,,TST Respose 3,i like movies,0.549787339,Frank,24,positive,
stu_QCKDZ64012,cls_HEZZN95002,sch_QQLIR33891,,TST Respose 18,i have a lot of cousins,0.550117057,Frank,12,neutral,
stu_WYTLH51489,cls_AJBUO63250,sch_KACVP55227,YES,TST Respose 9,I like to learn math,0.551087313,Frank,25,positive,
stu_WYTLH51489,cls_AJBUO63250,sch_KACVP55227,YES,TST Respose 9,I like to learn math,0.551087313,Frank,24,positive,
stu_KGOWI06896,cls_AJBUO63250,sch_KACVP55227,,TST Respose 7,I like to play games,0.551113316,Frank,28,positive,
stu_KGOWI06896,cls_AJBUO63250,sch_KACVP55227,,TST Respose 7,I like to play games,0.551113316,Frank,24,positive,
stu_RNIHY62490,cls_OUMSN73782,sch_QQLIR33891,YES,TST Respose 10,I am an NBA fan,0.551192088,Frank,31,positive,
stu_RNIHY62490,cls_OUMSN73782,sch_QQLIR33891,YES,TST Respose 10,I am an NBA fan,0.551192088,Frank,24,positive,
stu_XKMAG80800,cls_TNHXN45809,sch_RSWHG50450,YES,TST Respose 13,I like doughnuts,0.551325112,Frank,24,positive,
stu_MRIWT64391,cls_SYHWK05211,sch_KACVP55227,YES,TST Respose 9,a creative person,0.551699763,Frank,43,positive,
stu_QZOUO83023,cls_FBBRP25979,sch_QQLIR33891,YES,TST Respose 5,I have one brother,0.551946541,Frank,12,neutral,
stu_FUILC09238,cls_HEBLM24075,sch_KACVP55227,,TST Respose 20,i'm inpatient,0.552060591,Frank,44,negative,
stu_VENGZ10475,cls_HEZZN95002,sch_QQLIR33891,,TST Respose 13,A fortnite player,0.552209325,Frank,28,positive,
stu_XHPVX80161,cls_TNHXN45809,sch_RSWHG50450,,TST Respose 2,I am him,0.552263594,Frank,2,boy,
stu_CNIXS57234,cls_ERQJB18593,sch_QQLIR33891,,TST Respose 1,I'm a boy,0.552337713,Frank,2,boy,
stu_WTRMC77187,cls_IZNZG32572,sch_KACVP55227,YES,TST Respose 14,i like space,0.552505111,Frank,44,positive,
stu_WTRMC77187,cls_IZNZG32572,sch_KACVP55227,YES,TST Respose 14,i like space,0.552505111,Frank,24,positive,
stu_CLLRZ76280,cls_MAEBK64434,sch_QQLIR33891,,TST Respose 14,My favorite holiday is christmas,0.552566323,Frank,24,positive,
stu_UEDQL23543,cls_USLPT75423,sch_QQLIR33891,YES,TST Respose 19,friendly,0.553089468,Frank,44,positive,
stu_HBPKA70291,cls_CIIPB03795,sch_RSWHG50450,YES,TST Respose 11,fortnite player,0.553105302,Frank,28,positive,
stu_IDHIE84911,cls_YFPVJ06178,sch_KACVP55227,YES,TST Respose 13,i like to renne,0.553119605,Frank,48,none,
stu_IIOVZ06372,cls_HJQZF25095,sch_KACVP55227,YES,TST Respose 14,I like money,0.553519136,Frank,24,positive,
stu_WTRMC77187,cls_IZNZG32572,sch_KACVP55227,YES,TST Respose 17,other planets look unique,0.553765812,Frank,47,neutral,
stu_RUZUK44953,cls_HOJKW39162,sch_KACVP55227,YES,TST Respose 11,I am someone who lives in a house,0.554007269,Frank,47,neutral,
stu_ECYEC76336,cls_OUMSN73782,sch_QQLIR33891,YES,TST Respose 18,I am the only daughter of 4 kids,0.554040291,Frank,12,neutral,
stu_ECYEC76336,cls_OUMSN73782,sch_QQLIR33891,YES,TST Respose 18,I am the only daughter of 4 kids,0.554040291,Frank,2,girl,
stu_ECYEC76336,cls_OUMSN73782,sch_QQLIR33891,YES,TST Respose 18,I am the only daughter of 4 kids,0.554040291,Frank,4,child,
stu_WTRMC77187,cls_IZNZG32572,sch_KACVP55227,YES,TST Respose 4,I am mostly tired,0.554296815,Frank,47,neutral,
stu_VKCWY07846,cls_DLRQP13887,sch_QQLIR33891,,TST Respose 7,im older than a country by a month an 5 days,0.554301369,Frank,48,none,
stu_CETOG17008,cls_USLPT75423,sch_QQLIR33891,YES,TST Respose 7,basketball enjoyer,0.554645688,Frank,29,positive,
stu_CETOG17008,cls_USLPT75423,sch_QQLIR33891,YES,TST Respose 7,basketball enjoyer,0.554645688,Frank,24,positive,
stu_KFYJM61476,cls_SYHWK05211,sch_KACVP55227,YES,TST Respose 20,I have 2 sisters.,0.554770202,Frank,12,neutral,
stu_FASQN45304,cls_MAEBK64434,sch_QQLIR33891,,TST Respose 7,I am someone who likes to go swimming.,0.554881444,Frank,29,positivepositive,
stu_FASQN45304,cls_MAEBK64434,sch_QQLIR33891,,TST Respose 7,I am someone who likes to go swimming.,0.554881444,Frank,24,positivepositive,
stu_GCHCS91000,cls_SLKYU63739,sch_QQLIR33891,YES,TST Respose 4,I am a good guy,0.555749033,Frank,40,positive,
stu_GCHCS91000,cls_SLKYU63739,sch_QQLIR33891,YES,TST Respose 4,I am a good guy,0.555749033,Frank,2,boy,
stu_KWMWG76590,cls_CXLDP17094,sch_KACVP55227,YES,TST Respose 13,i go to the gym,0.556042464,Frank,29,neutral,
stu_MIJEQ06664,cls_MAEBK64434,sch_QQLIR33891,,TST Respose 15,I like my dad,0.55613446,Frank,24,positive,
stu_MIJEQ06664,cls_MAEBK64434,sch_QQLIR33891,,TST Respose 15,I like my dad,0.55613446,Frank,12,positive,
stu_DJCZE13885,cls_FBBRP25979,sch_QQLIR33891,,TST Respose 13,I love my family.,0.556136914,Frank,24,positive,
stu_DJCZE13885,cls_FBBRP25979,sch_QQLIR33891,,TST Respose 13,I love my family.,0.556136914,Frank,12,positive,
stu_DZJHT48666,cls_FXSNE83092,sch_QQLIR33891,,TST Respose 13,I don't have glasses,0.556157885,Frank,35,neutral,
stu_EQSJM78476,cls_FBBRP25979,sch_QQLIR33891,,TST Respose 3,i play soccer,0.556293263,Frank,29,neutral,
stu_LKAAV41369,cls_FBBRP25979,sch_QQLIR33891,,TST Respose 4,im in middle school,0.556444838,Frank,22,middleschooler,
stu_LKAAV41369,cls_FBBRP25979,sch_QQLIR33891,,TST Respose 4,im in middle school,0.556444838,Frank,4,child,
stu_LKAAV41369,cls_FBBRP25979,sch_QQLIR33891,,TST Respose 4,im in middle school,0.556444838,Frank,14,neutral,
stu_UTXBZ05806,cls_MAEBK64434,sch_QQLIR33891,,TST Respose 18,i am someone who loves math .,0.556513628,Frank,25,positive,
stu_UTXBZ05806,cls_MAEBK64434,sch_QQLIR33891,,TST Respose 18,i am someone who loves math .,0.556513628,Frank,24,positive,
stu_FBOFA96484,cls_MAEBK64434,sch_QQLIR33891,,TST Respose 4,i am the middle child,0.557249157,Frank,12,neutral,
stu_FBOFA96484,cls_MAEBK64434,sch_QQLIR33891,,TST Respose 4,i am the middle child,0.557249157,Frank,4,child,
stu_RDPGG44681,cls_ZLIZG21375,sch_RSWHG50450,,TST Respose 18,I love going on vacations,0.557282569,Frank,31,positive,
stu_RDPGG44681,cls_ZLIZG21375,sch_RSWHG50450,,TST Respose 18,I love going on vacations,0.557282569,Frank,24,positive,
stu_CDXSC86692,cls_MAEBK64434,sch_QQLIR33891,,TST Respose 9,I am person that want a dog,0.557287177,Frank,33,neutral,
stu_CDXSC86692,cls_MAEBK64434,sch_QQLIR33891,,TST Respose 9,I am person that want a dog,0.557287177,Frank,21,none,
stu_RDOVU20570,cls_SLKYU63739,sch_QQLIR33891,YES,TST Respose 8,I am a funny person,0.5577417,Frank,44,positive,
stu_RDOVU20570,cls_SLKYU63739,sch_QQLIR33891,YES,TST Respose 8,I am a funny person,0.5577417,Frank,21,none,
stu_IGWBR81023,cls_DLRQP13887,sch_QQLIR33891,,TST Respose 7,i love jewelery,0.557913756,Frank,30,positive,
stu_IGWBR81023,cls_DLRQP13887,sch_QQLIR33891,,TST Respose 7,i love jewelery,0.557913756,Frank,24,positive,
stu_JUQPD47363,cls_HOJKW39162,sch_KACVP55227,YES,TST Respose 4,I am a young female who loves to read.,0.558210215,Frank,25,positive,
stu_JUQPD47363,cls_HOJKW39162,sch_KACVP55227,YES,TST Respose 4,I am a young female who loves to read.,0.558210215,Frank,1,f,
stu_JUQPD47363,cls_HOJKW39162,sch_KACVP55227,YES,TST Respose 4,I am a young female who loves to read.,0.558210215,Frank,24,positive,
stu_RDPGG44681,cls_ZLIZG21375,sch_RSWHG50450,,TST Respose 8,I love cats,0.558842231,Frank,24,positive,
stu_TYPZX10676,cls_YLGBO89611,sch_KACVP55227,,TST Respose 1,I like fashions,0.558971011,Frank,30,positive,
stu_TYPZX10676,cls_YLGBO89611,sch_KACVP55227,,TST Respose 1,I like fashions,0.558971011,Frank,24,positive,
stu_VUNQZ79892,cls_CIIPB03795,sch_RSWHG50450,YES,TST Respose 15,im a good sister,0.559226006,Frank,40,positive,
stu_VUNQZ79892,cls_CIIPB03795,sch_RSWHG50450,YES,TST Respose 15,im a good sister,0.559226006,Frank,2,girl,
stu_VUNQZ79892,cls_CIIPB03795,sch_RSWHG50450,YES,TST Respose 15,im a good sister,0.559226006,Frank,12,neutral,
stu_WYTLH51489,cls_AJBUO63250,sch_KACVP55227,YES,TST Respose 8,I'm an English speaking person,0.559474207,Frank,25,neutral,
stu_WYTLH51489,cls_AJBUO63250,sch_KACVP55227,YES,TST Respose 8,I'm an English speaking person,0.559474207,Frank,22,speaksenglish,
stu_QQMSX84242,cls_TNHXN45809,sch_RSWHG50450,YES,TST Respose 18,a boy,0.559615909,Frank,2,boy,
stu_VKCWY07846,cls_DLRQP13887,sch_QQLIR33891,,TST Respose 12,my birthday is in june,0.559617652,Frank,48,none,
stu_KWLPL21630,cls_SIVDJ49041,sch_KACVP55227,,TST Respose 15,I like new clothes and new shoes.,0.559999474,Frank,30,positive,
stu_KWLPL21630,cls_SIVDJ49041,sch_KACVP55227,,TST Respose 15,I like new clothes and new shoes.,0.559999474,Frank,24,positive,
stu_KJOZZ30475,cls_HOJKW39162,sch_KACVP55227,YES,TST Respose 19,I get nervous.,0.702263451,Frank,45,neutral,
stu_CINVJ49388,cls_HEZZN95002,sch_QQLIR33891,,TST Respose 10,youtube watcher,0.560685568,Frank,27,positive,
stu_WAWDW95831,cls_SYHWK05211,sch_KACVP55227,,TST Respose 5,I am in 6 grade.,0.561063841,Frank,22,sixthgrader,
stu_WAWDW95831,cls_SYHWK05211,sch_KACVP55227,,TST Respose 5,I am in 6 grade.,0.561063841,Frank,4,child,
stu_WAWDW95831,cls_SYHWK05211,sch_KACVP55227,,TST Respose 5,I am in 6 grade.,0.561063841,Frank,14,neutral,
stu_ZARRQ26344,cls_JYBSH30995,sch_QQLIR33891,,TST Respose 9,I am the oldest sister,0.561116161,Frank,12,neutral,
stu_UJNMI16598,cls_OUKFK08724,sch_RSWHG50450,,TST Respose 1,Student,0.561488038,Frank,14,neutral,
stu_WTRMC77187,cls_IZNZG32572,sch_KACVP55227,YES,TST Respose 10,cars like testla are cool,0.56159556,Frank,24,positive,
stu_WAFQN21754,cls_TNHXN45809,sch_RSWHG50450,YES,TST Respose 18,I am passionate,0.561694962,Frank,41,positive,
stu_TSQUQ54202,cls_USLPT75423,sch_QQLIR33891,YES,TST Respose 18,I am friendly.,0.561912204,Frank,44,positive,
stu_WDDQQ92015,cls_YLGBO89611,sch_KACVP55227,,TST Respose 7,i am a student,0.562100833,Frank,14,neutral,
stu_YGBLH44260,cls_IZNZG32572,sch_KACVP55227,YES,TST Respose 12,I am somebody who does good in math.,0.562129301,Frank,25,positive,
stu_WTRMC77187,cls_IZNZG32572,sch_KACVP55227,YES,TST Respose 12,vacation is fun,0.562331152,Frank,24,positive,
stu_BDAZF88230,cls_USLPT75423,sch_QQLIR33891,YES,TST Respose 16,I am a person who is looked down upon,0.562617908,Frank,46,negative,
stu_BDAZF88230,cls_USLPT75423,sch_QQLIR33891,YES,TST Respose 16,I am a person who is looked down upon,0.562617908,Frank,21,none,
stu_CDXSC86692,cls_MAEBK64434,sch_QQLIR33891,,TST Respose 3,I am a person that likes games,0.562883715,Frank,28,positive,
stu_CDXSC86692,cls_MAEBK64434,sch_QQLIR33891,,TST Respose 3,I am a person that likes games,0.562883715,Frank,21,none,
stu_CDXSC86692,cls_MAEBK64434,sch_QQLIR33891,,TST Respose 3,I am a person that likes games,0.562883715,Frank,24,positive,
stu_NWRRC44615,cls_JYBSH30995,sch_QQLIR33891,,TST Respose 10,i like to dance,0.562936437,Frank,29,positive,
stu_NWRRC44615,cls_JYBSH30995,sch_QQLIR33891,,TST Respose 10,i like to dance,0.562936437,Frank,24,positive,
stu_QCKDZ64012,cls_HEZZN95002,sch_QQLIR33891,,TST Respose 8,i love chicken,0.563220547,Frank,24,positive,
stu_ROULI02103,cls_SLKYU63739,sch_QQLIR33891,YES,TST Respose 8,im smart,0.56351557,Frank,43,positive,
stu_PKXZK94759,cls_JYBSH30995,sch_QQLIR33891,,TST Respose 4,I have siblings,0.563654503,Frank,12,neutral,
stu_FHADA27602,cls_OUMSN73782,sch_QQLIR33891,YES,TST Respose 1,i am [FIRST NAME] and i love the color pink.,0.563666219,Frank,24,positive,
stu_FHADA27602,cls_OUMSN73782,sch_QQLIR33891,YES,TST Respose 1,i am [FIRST NAME] and i love the color pink.,0.563666219,Frank,5,none,
stu_JERPG96865,cls_IZNZG32572,sch_KACVP55227,YES,TST Respose 2,i like games,0.563717603,Frank,28,positive,
stu_JERPG96865,cls_IZNZG32572,sch_KACVP55227,YES,TST Respose 2,i like games,0.563717603,Frank,24,positive,
stu_SULZI60933,cls_JYBSH30995,sch_QQLIR33891,,TST Respose 5,i have a pet,0.563764276,Frank,32,neutral,
stu_KCRZD23226,cls_JDASF17902,sch_KACVP55227,,TST Respose 8,I like art class,0.563833269,Frank,26,positive,
stu_KCRZD23226,cls_JDASF17902,sch_KACVP55227,,TST Respose 8,I like art class,0.563833269,Frank,24,positive,
stu_KCRZD23226,cls_JDASF17902,sch_KACVP55227,,TST Respose 8,I like art class,0.563833269,Frank,25,positive,
stu_SJXEZ38047,cls_JYBSH30995,sch_QQLIR33891,,TST Respose 18,I love going to funz with my friends,0.563905883,Frank,31,positive,
stu_SJXEZ38047,cls_JYBSH30995,sch_QQLIR33891,,TST Respose 18,I love going to funz with my friends,0.563905883,Frank,10,positive,
stu_SJXEZ38047,cls_JYBSH30995,sch_QQLIR33891,,TST Respose 18,I love going to funz with my friends,0.563905883,Frank,24,positive,
stu_YNVPH88845,cls_MMBNN48363,sch_QQLIR33891,,TST Respose 18,I like basketball,0.563995087,Frank,29,positive,
stu_YNVPH88845,cls_MMBNN48363,sch_QQLIR33891,,TST Respose 18,I like basketball,0.563995087,Frank,24,positive,
stu_LDUML32113,cls_USLPT75423,sch_QQLIR33891,YES,TST Respose 17,good at reading,0.564209319,Frank,25,positive,
stu_SBUBU63586,cls_OUKFK08724,sch_RSWHG50450,YES,TST Respose 10,i am a nice studant,0.564488685,Frank,14,positive,
stu_VTRUH97046,cls_DLRQP13887,sch_QQLIR33891,,TST Respose 6,I am a gymnast.,0.564549057,Frank,29,neutral,
stu_RDOVU20570,cls_SLKYU63739,sch_QQLIR33891,YES,TST Respose 9,I am smart,0.564549831,Frank,43,positive,
stu_IGLSS89625,cls_VFZRA31361,sch_KACVP55227,YES,TST Respose 6,i like,0.564722053,Frank,48,none,
stu_HEPWQ98561,cls_ZUQLK09797,sch_KACVP55227,,TST Respose 5,i am african american,0.564962325,Frank,6,african american,
stu_XHGVP79664,cls_HEZZN95002,sch_QQLIR33891,,TST Respose 6,I have blue eyes,0.565192638,Frank,35,neutral,
stu_ABSGH36082,cls_JYBSH30995,sch_QQLIR33891,,TST Respose 5,I like sports,0.56542622,Frank,29,positive,
stu_ABSGH36082,cls_JYBSH30995,sch_QQLIR33891,,TST Respose 5,I like sports,0.56542622,Frank,24,positive,
stu_VFKRH03938,cls_SLKYU63739,sch_QQLIR33891,,TST Respose 19,i like looking a schools,0.565481256,Frank,24,positive,
stu_QFXDD68186,cls_SYHWK05211,sch_KACVP55227,YES,TST Respose 20,I like to drink water,0.565520542,Frank,24,positive,
stu_MMNSJ38829,cls_YLGBO89611,sch_KACVP55227,,TST Respose 15,I participate in chorus.,0.565885846,Frank,26,neutral,
stu_GXIYC47970,cls_SLKYU63739,sch_QQLIR33891,YES,TST Respose 3,I am a soccer player,0.56590431,Frank,29,neutral,
stu_WCANG48942,cls_HJQZF25095,sch_KACVP55227,YES,TST Respose 5,I like school only because of my friends.,0.566053786,Frank,24,positive,
stu_WCANG48942,cls_HJQZF25095,sch_KACVP55227,YES,TST Respose 5,I like school only because of my friends.,0.566053786,Frank,10,positive,
stu_WCANG48942,cls_HJQZF25095,sch_KACVP55227,YES,TST Respose 5,I like school only because of my friends.,0.566053786,Frank,14,positive,
stu_BCRYB29652,cls_OUMSN73782,sch_QQLIR33891,YES,TST Respose 8,I' sudit lore,0.566169064,Frank,48,none,
stu_FTOYB42084,cls_SLKYU63739,sch_QQLIR33891,YES,TST Respose 12,im a food lover,0.5661906,Frank,24,positive,
stu_HEPWQ98561,cls_ZUQLK09797,sch_KACVP55227,,TST Respose 2,"i am a cheerleader,",0.566821355,Frank,29,neutal,
stu_HEPWQ98561,cls_ZUQLK09797,sch_KACVP55227,,TST Respose 2,"i am a cheerleader,",0.566821355,Frank,22,cheerleader,
stu_OFAWH83528,cls_FBBRP25979,sch_QQLIR33891,,TST Respose 15,I like chips,0.566851285,Frank,24,positive,
stu_PSHZT50501,cls_USLPT75423,sch_QQLIR33891,YES,TST Respose 7,I am 5 feet 6 inches tall.,0.567071555,Frank,35,neutral,
stu_WZRKM29688,cls_HEBLM24075,sch_KACVP55227,,TST Respose 4,i like madden,0.567261289,Frank,28,positive,
stu_WZRKM29688,cls_HEBLM24075,sch_KACVP55227,,TST Respose 4,i like madden,0.567261289,Frank,24,positive,
stu_KFYJM61476,cls_SYHWK05211,sch_KACVP55227,YES,TST Respose 4,I am tall.,0.567725141,Frank,35,neutral,
stu_LDUML32113,cls_USLPT75423,sch_QQLIR33891,YES,TST Respose 18,i like making money,0.567763771,Frank,24,positive,
stu_AHWRN95528,cls_MAEBK64434,sch_QQLIR33891,,TST Respose 3,I am a student,0.567815177,Frank,14,neutral,
stu_ANQAT24428,cls_MAEBK64434,sch_QQLIR33891,,TST Respose 10,someone who likes sour patch kids,0.568236479,Frank,24,positive,
stu_RDPGG44681,cls_ZLIZG21375,sch_RSWHG50450,,TST Respose 10,I love my old kittens and puppies and miss them,0.568740422,Frank,47,negative,
stu_RDPGG44681,cls_ZLIZG21375,sch_RSWHG50450,,TST Respose 10,I love my old kittens and puppies and miss them,0.568740422,Frank,24,positive,
stu_DHTXQ91573,cls_VFZRA31361,sch_KACVP55227,YES,TST Respose 5,I am a students from 6 grades,0.56879139,Frank,22,sixthgrader,
stu_DHTXQ91573,cls_VFZRA31361,sch_KACVP55227,YES,TST Respose 5,I am a students from 6 grades,0.56879139,Frank,4,child,
stu_DHTXQ91573,cls_VFZRA31361,sch_KACVP55227,YES,TST Respose 5,I am a students from 6 grades,0.56879139,Frank,14,neutral,
stu_RSKDK68207,cls_SIVDJ49041,sch_KACVP55227,,TST Respose 2,I am African American (Ugandan),0.569135116,Frank,7,ugandan,
stu_LDUML32113,cls_USLPT75423,sch_QQLIR33891,YES,TST Respose 8,im a hard worker,0.56916524,Frank,41,positive,
stu_XCKNQ66212,cls_USLPT75423,sch_QQLIR33891,YES,TST Respose 6,i'm 13,0.569243584,Frank,4,13,
stu_EUWJA76858,cls_HJQZF25095,sch_KACVP55227,YES,TST Respose 4,I am a English speaking Person.,0.569247464,Frank,25,neutral,
stu_EUWJA76858,cls_HJQZF25095,sch_KACVP55227,YES,TST Respose 4,I am a English speaking Person.,0.569247464,Frank,21,none,
stu_EUWJA76858,cls_HJQZF25095,sch_KACVP55227,YES,TST Respose 4,I am a English speaking Person.,0.569247464,Frank,22,speaksenglish,
stu_CINVJ49388,cls_HEZZN95002,sch_QQLIR33891,,TST Respose 15,[FIRST NAME] friend,0.569640411,Frank,10,neutral,
stu_QOGPO20181,cls_AVBRA70624,sch_KACVP55227,YES,TST Respose 11,l have a twin sister,0.5701344,Frank,12,neutral,
stu_QZOUO83023,cls_FBBRP25979,sch_QQLIR33891,YES,TST Respose 13,iI love to sleep,0.570272622,Frank,31,positive,
stu_QZOUO83023,cls_FBBRP25979,sch_QQLIR33891,YES,TST Respose 13,iI love to sleep,0.570272622,Frank,24,positive,
stu_ROULI02103,cls_SLKYU63739,sch_QQLIR33891,YES,TST Respose 2,i am from massachusetts,0.570314673,Frank,9,from massachusetts,
stu_ANQAT24428,cls_MAEBK64434,sch_QQLIR33891,,TST Respose 2,somebody who is a big sister,0.570349934,Frank,12,neutral,
stu_ANQAT24428,cls_MAEBK64434,sch_QQLIR33891,,TST Respose 2,somebody who is a big sister,0.570349934,Frank,2,girl,
stu_VENGZ10475,cls_HEZZN95002,sch_QQLIR33891,,TST Respose 14,Someone who plays games freqently,0.570414389,Frank,28,neutral,
stu_UAFAK64772,cls_AJBUO63250,sch_KACVP55227,YES,TST Respose 17,determined,0.570826886,Frank,41,positive,
stu_JERPG96865,cls_IZNZG32572,sch_KACVP55227,YES,TST Respose 10,i like snakes,0.571369367,Frank,24,positive,
stu_SBUBU63586,cls_OUKFK08724,sch_RSWHG50450,YES,TST Respose 14,i am a dog mom,0.571491522,Frank,24,positive,
stu_SBUBU63586,cls_OUKFK08724,sch_RSWHG50450,YES,TST Respose 14,i am a dog mom,0.571491522,Frank,2,positive,
stu_BCRYB29652,cls_OUMSN73782,sch_QQLIR33891,YES,TST Respose 3,I'm a gamer.,0.571717093,Frank,28,positive,
stu_CLLRZ76280,cls_MAEBK64434,sch_QQLIR33891,,TST Respose 2,I like certain sports,0.571746311,Frank,29,positive,
stu_CLLRZ76280,cls_MAEBK64434,sch_QQLIR33891,,TST Respose 2,I like certain sports,0.571746311,Frank,24,positive,
stu_RNIHY62490,cls_OUMSN73782,sch_QQLIR33891,YES,TST Respose 9,I am a spiderman fan,0.572744053,Frank,28,positive,
stu_UJNMI16598,cls_OUKFK08724,sch_RSWHG50450,,TST Respose 9,Person,0.573121576,Frank,21,none,
stu_MXNSB23169,cls_HJQZF25095,sch_KACVP55227,,TST Respose 15,I watch animae.,0.573604399,Frank,31,neutral,
stu_RFRYE74718,cls_OUMSN73782,sch_QQLIR33891,YES,TST Respose 10,I am 6th grader .,0.573788678,Frank,22,sixthgrader,
stu_RFRYE74718,cls_OUMSN73782,sch_QQLIR33891,YES,TST Respose 10,I am 6th grader .,0.573788678,Frank,4,child,
stu_RFRYE74718,cls_OUMSN73782,sch_QQLIR33891,YES,TST Respose 10,I am 6th grader .,0.573788678,Frank,14,neutral,
stu_WCANG48942,cls_HJQZF25095,sch_KACVP55227,YES,TST Respose 15,I like water,0.573957951,Frank,24,positive,
stu_FNVBP19615,cls_DLRQP13887,sch_QQLIR33891,,TST Respose 8,I dont like writing a lot.,0.573968991,Frank,25,negative,
stu_FNVBP19615,cls_DLRQP13887,sch_QQLIR33891,,TST Respose 8,I dont like writing a lot.,0.573968991,Frank,24,negative,
stu_FNVBP19615,cls_DLRQP13887,sch_QQLIR33891,,TST Respose 15,I dont like to talk if I feel your not listening.,0.574171031,Frank,44,negative,
stu_FNVBP19615,cls_DLRQP13887,sch_QQLIR33891,,TST Respose 15,I dont like to talk if I feel your not listening.,0.574171031,Frank,24,negative,
stu_MZIVN56293,cls_HEZZN95002,sch_QQLIR33891,,TST Respose 4,im a 8th grader,0.574480962,Frank,22,eighthgrader,
stu_MZIVN56293,cls_HEZZN95002,sch_QQLIR33891,,TST Respose 4,im a 8th grader,0.574480962,Frank,4,child,
stu_MZIVN56293,cls_HEZZN95002,sch_QQLIR33891,,TST Respose 4,im a 8th grader,0.574480962,Frank,14,neutral,
stu_NMWSA27732,cls_UZFMO35109,sch_QQLIR33891,,TST Respose 1,I'm a girl,0.574593478,Frank,2,girl,
stu_THKBG93560,cls_OUMSN73782,sch_QQLIR33891,YES,TST Respose 19,I'm a middle child,0.575107003,Frank,12,neutral,
stu_THKBG93560,cls_OUMSN73782,sch_QQLIR33891,YES,TST Respose 19,I'm a middle child,0.575107003,Frank,4,child,
stu_EUIXK95276,cls_JDASF17902,sch_KACVP55227,,TST Respose 11,"I'm a student at the [SCHOOL NAME], I love dancing, singing, gym class, Art class, eating food",0.575186504,Frank,31,positive,
stu_EUIXK95276,cls_JDASF17902,sch_KACVP55227,,TST Respose 11,"I'm a student at the [SCHOOL NAME], I love dancing, singing, gym class, Art class, eating food",0.575186504,Frank,14,neutral,
stu_EUIXK95276,cls_JDASF17902,sch_KACVP55227,,TST Respose 11,"I'm a student at the [SCHOOL NAME], I love dancing, singing, gym class, Art class, eating food",0.575186504,Frank,24,positive,
stu_EUIXK95276,cls_JDASF17902,sch_KACVP55227,,TST Respose 11,"I'm a student at the [SCHOOL NAME], I love dancing, singing, gym class, Art class, eating food",0.575186504,Frank,26,positive,
stu_EUIXK95276,cls_JDASF17902,sch_KACVP55227,,TST Respose 11,"I'm a student at the [SCHOOL NAME], I love dancing, singing, gym class, Art class, eating food",0.575186504,Frank,29,positive,
stu_ABSGH36082,cls_JYBSH30995,sch_QQLIR33891,,TST Respose 20,I want to be as smart as a sciecntic.,0.575283237,Frank,41,positive,
stu_WQGUY90279,cls_JYBSH30995,sch_QQLIR33891,,TST Respose 17,Air,0.575302657,Frank,48,none,
stu_GCHCS91000,cls_SLKYU63739,sch_QQLIR33891,YES,TST Respose 1,a am a middile school student,0.575303508,Frank,22,middleschooler,
stu_GCHCS91000,cls_SLKYU63739,sch_QQLIR33891,YES,TST Respose 1,a am a middile school student,0.575303508,Frank,4,child,
stu_GCHCS91000,cls_SLKYU63739,sch_QQLIR33891,YES,TST Respose 1,a am a middile school student,0.575303508,Frank,14,neutral,
stu_BESSB35006,cls_CIIPB03795,sch_RSWHG50450,YES,TST Respose 13,i like to play fights with my sisters,0.575685377,Frank,24,positive,
stu_BESSB35006,cls_CIIPB03795,sch_RSWHG50450,YES,TST Respose 13,i like to play fights with my sisters,0.575685377,Frank,12,positive,
stu_SQLXP95993,cls_MFUGV02425,sch_QQLIR33891,,TST Respose 10,I like history class,0.576383777,Frank,25,positive,
stu_SQLXP95993,cls_MFUGV02425,sch_QQLIR33891,,TST Respose 10,I like history class,0.576383777,Frank,24,positive,
stu_OAZKI17777,cls_TNHXN45809,sch_RSWHG50450,YES,TST Respose 5,[LETTER OF NAME],0.576452058,Frank,5,none,
stu_XHPVX80161,cls_TNHXN45809,sch_RSWHG50450,,TST Respose 15,[SPECIAL CHARACTERS UNINTELLIGBLE] a scammer,0.57678592,Frank,48,none,
stu_WDDQQ92015,cls_YLGBO89611,sch_KACVP55227,,TST Respose 9,i am a student,0.576805286,Frank,14,neutral,
stu_DKGHS98193,cls_FXSNE83092,sch_QQLIR33891,,TST Respose 13,im funny,0.57682859,Frank,44,positive,
stu_PXDPN73068,cls_FBBRP25979,sch_QQLIR33891,,TST Respose 3,I have good grades in english and social studies,0.576904613,Frank,43,positive,
stu_PXDPN73068,cls_FBBRP25979,sch_QQLIR33891,,TST Respose 3,I have good grades in english and social studies,0.576904613,Frank,14,positive,
stu_PXDPN73068,cls_FBBRP25979,sch_QQLIR33891,,TST Respose 3,I have good grades in english and social studies,0.576904613,Frank,25,positive,
stu_CWJCN88700,cls_DLRQP13887,sch_QQLIR33891,,TST Respose 3,I am the youngest child on my mom side,0.577087997,Frank,12,neutral,
stu_CWJCN88700,cls_DLRQP13887,sch_QQLIR33891,,TST Respose 3,I am the youngest child on my mom side,0.577087997,Frank,4,child,
stu_CQRFU18177,cls_JYBSH30995,sch_QQLIR33891,,TST Respose 20,and i love waching vidos,0.577333546,Frank,31,positive,
stu_CQRFU18177,cls_JYBSH30995,sch_QQLIR33891,,TST Respose 20,and i love waching vidos,0.577333546,Frank,24,positive,
stu_SJNFF34466,cls_OSSJA45538,sch_KACVP55227,,TST Respose 17,im drake,0.577396374,Frank,48,none,
stu_XXEBH66449,cls_GIJEF48865,sch_KACVP55227,,TST Respose 10,I am a student,0.578141841,Frank,14,neutral,
stu_DHTXQ91573,cls_VFZRA31361,sch_KACVP55227,YES,TST Respose 12,I am a students from 6 grades,0.578629455,Frank,22,sixthgrader,
stu_DHTXQ91573,cls_VFZRA31361,sch_KACVP55227,YES,TST Respose 12,I am a students from 6 grades,0.578629455,Frank,4,child,
stu_DHTXQ91573,cls_VFZRA31361,sch_KACVP55227,YES,TST Respose 12,I am a students from 6 grades,0.578629455,Frank,14,neutral,
stu_NWRRN03456,cls_MCLLA54915,sch_KACVP55227,,TST Respose 17,I am self-suffient.,0.5786444,Frank,43,positive,
stu_NJZBY59884,cls_MAEBK64434,sch_QQLIR33891,,TST Respose 14,i talk alot,0.578792114,Frank,44,neutral,
stu_NMWSA27732,cls_UZFMO35109,sch_QQLIR33891,,TST Respose 6,I'm half Spanish and half Brazilian,0.579343142,Frank,7,spanish and brazilian,
stu_HMQRZ27503,cls_YFPVJ06178,sch_KACVP55227,YES,TST Respose 4,I am sicence guy,0.579621345,Frank,25,positive,
stu_HMQRZ27503,cls_YFPVJ06178,sch_KACVP55227,YES,TST Respose 4,I am sicence guy,0.579621345,Frank,2,boy,
stu_CNIFN64507,cls_OUMSN73782,sch_QQLIR33891,YES,TST Respose 11,im a girl,0.579718034,Frank,2,girl,
stu_PKXZK94759,cls_JYBSH30995,sch_QQLIR33891,,TST Respose 11,I'm somebody who likes to use Roblox,0.580029414,Frank,28,positive,
stu_PKXZK94759,cls_JYBSH30995,sch_QQLIR33891,,TST Respose 11,I'm somebody who likes to use Roblox,0.580029414,Frank,24,positive,
stu_EHXGF51692,cls_OUMSN73782,sch_QQLIR33891,YES,TST Respose 6,I am a [SCHOOL NAME + MASCOT].,0.580109314,Frank,13,neutral,
stu_QOGPO20181,cls_AVBRA70624,sch_KACVP55227,YES,TST Respose 18,l have brown eyes.,0.580453989,Frank,34,neutral,
stu_BESSB35006,cls_CIIPB03795,sch_RSWHG50450,YES,TST Respose 7,I like to hang out with my friends,0.580604647,Frank,24,positive,
stu_BESSB35006,cls_CIIPB03795,sch_RSWHG50450,YES,TST Respose 7,I like to hang out with my friends,0.580604647,Frank,10,positive,
stu_IIOVZ06372,cls_HJQZF25095,sch_KACVP55227,YES,TST Respose 9,I like summer,0.580688365,Frank,24,positive,
stu_YBWGX96937,cls_MAEBK64434,sch_QQLIR33891,,TST Respose 11,i like box,0.580847913,Frank,24,positive,
stu_SQLXP95993,cls_MFUGV02425,sch_QQLIR33891,,TST Respose 4,I am a girl,0.580950734,Frank,2,girl,
stu_OFWAG94272,cls_USLPT75423,sch_QQLIR33891,YES,TST Respose 10,I like basketball,0.581288031,Frank,29,positive,
stu_OFWAG94272,cls_USLPT75423,sch_QQLIR33891,YES,TST Respose 10,I like basketball,0.581288031,Frank,24,positive,
stu_QPHPK12517,cls_HEZZN95002,sch_QQLIR33891,,TST Respose 14,best fortnite player,0.581500161,Frank,28,positive,
stu_FBOFA96484,cls_MAEBK64434,sch_QQLIR33891,,TST Respose 17,i am a person that likes math.,0.581782536,Frank,25,positive,
stu_FBOFA96484,cls_MAEBK64434,sch_QQLIR33891,,TST Respose 17,i am a person that likes math.,0.581782536,Frank,21,none,
stu_FBOFA96484,cls_MAEBK64434,sch_QQLIR33891,,TST Respose 17,i am a person that likes math.,0.581782536,Frank,24,positive,
stu_YXJEP22115,cls_USLPT75423,sch_QQLIR33891,YES,TST Respose 13,I am good at cheer,0.5818245,Frank,29,positive,
stu_OCRTY88035,cls_MAEBK64434,sch_QQLIR33891,,TST Respose 3,I am the middle child.,0.581913542,Frank,12,neutral,
stu_OCRTY88035,cls_MAEBK64434,sch_QQLIR33891,,TST Respose 3,I am the middle child.,0.581913542,Frank,4,child,
stu_NYHDW07721,cls_CIIPB03795,sch_RSWHG50450,,TST Respose 7,Daughter of [FIRST LAST NAME],0.58191428,Frank,12,neutral,
stu_NYHDW07721,cls_CIIPB03795,sch_RSWHG50450,,TST Respose 7,Daughter of [FIRST LAST NAME],0.58191428,Frank,2,girl,
stu_ERQCY81201,cls_USLPT75423,sch_QQLIR33891,YES,TST Respose 20,I am [FIRST MIDDLE LAST NAME],0.581955688,Frank,5,none,
stu_PXDPN73068,cls_FBBRP25979,sch_QQLIR33891,,TST Respose 16,My favorite artist is Pure O Juice.,0.581992645,Frank,24,positive,
stu_NYHDW07721,cls_CIIPB03795,sch_RSWHG50450,,TST Respose 4,Little sister of [FIRST LAST NAME],0.582151653,Frank,12,neutral,
stu_NYHDW07721,cls_CIIPB03795,sch_RSWHG50450,,TST Respose 4,Little sister of [FIRST LAST NAME],0.582151653,Frank,2,girl,
stu_RFRYE74718,cls_OUMSN73782,sch_QQLIR33891,YES,TST Respose 4,I am an athlete.,0.583644564,Frank,29,neutral,
stu_UEVQJ25414,cls_USLPT75423,sch_QQLIR33891,YES,TST Respose 13,i play soccer,0.583949576,Frank,29,neutral,
stu_PUHUL75671,cls_HEZZN95002,sch_QQLIR33891,,TST Respose 7,I am me,0.584231144,Frank,19,none,
stu_DKGHS98193,cls_FXSNE83092,sch_QQLIR33891,,TST Respose 2,from [CITY],0.584364958,Frank,9,city,
stu_YSQPA55709,cls_OUMSN73782,sch_QQLIR33891,,TST Respose 11,im short,0.584492851,Frank,35,neutral,
stu_UEDQL23543,cls_USLPT75423,sch_QQLIR33891,YES,TST Respose 7,respectful,0.584877193,Frank,44,positive,
stu_JOKOV89559,cls_MAEBK64434,sch_QQLIR33891,,TST Respose 5,I am someone who is play full when I get to know you,0.58498496,Frank,44,neutral,
stu_RFRYE74718,cls_OUMSN73782,sch_QQLIR33891,YES,TST Respose 2,I am Cape Verdean.,0.58502864,Frank,7,cape verdean,
stu_SULZI60933,cls_JYBSH30995,sch_QQLIR33891,,TST Respose 10,I'm mix black and whit,0.585289504,Frank,6,black and white mixed,
stu_HXXCS05602,cls_USLPT75423,sch_QQLIR33891,YES,TST Respose 18,i'm a daughter,0.585398179,Frank,2,girl,
stu_IGWBR81023,cls_DLRQP13887,sch_QQLIR33891,,TST Respose 15,i find math challenging sometimes,0.585920041,Frank,25,neutral,
stu_DZJHT48666,cls_FXSNE83092,sch_QQLIR33891,,TST Respose 8,I like food,0.586329538,Frank,24,positive,
stu_UEDQL23543,cls_USLPT75423,sch_QQLIR33891,YES,TST Respose 10,cape verdean,0.586821188,Frank,7,cape verdean,
stu_PSHPN85751,cls_SYHWK05211,sch_KACVP55227,,TST Respose 17,bye,0.586854384,Frank,48,none,
stu_MMNSJ38829,cls_YLGBO89611,sch_KACVP55227,,TST Respose 11,I like to participate in Musicals/plays.,0.586900881,Frank,26,positive,
stu_MMNSJ38829,cls_YLGBO89611,sch_KACVP55227,,TST Respose 11,I like to participate in Musicals/plays.,0.586900881,Frank,24,positive,
stu_FUILC09238,cls_HEBLM24075,sch_KACVP55227,,TST Respose 16,my favorite hoodie brand is essentials,0.586986541,Frank,24,positive,
stu_EQSJM78476,cls_FBBRP25979,sch_QQLIR33891,,TST Respose 15,i like watermelon,0.587121353,Frank,24,positive,
stu_NWRRC44615,cls_JYBSH30995,sch_QQLIR33891,,TST Respose 13,i like talkies,0.587253294,Frank,24,positive,
stu_YXBHV58732,cls_VFZRA31361,sch_KACVP55227,YES,TST Respose 10,I like to get awards for being a good student,0.587829484,Frank,24,positive,
stu_YXBHV58732,cls_VFZRA31361,sch_KACVP55227,YES,TST Respose 10,I like to get awards for being a good student,0.587829484,Frank,14,positive,
stu_YBWGX96937,cls_MAEBK64434,sch_QQLIR33891,,TST Respose 20,i am boy,0.58795887,Frank,2,boy,
stu_ECYEC76336,cls_OUMSN73782,sch_QQLIR33891,YES,TST Respose 20,I am a summer/spring person,0.588153706,Frank,22,summer/springperson,
stu_ECYEC76336,cls_OUMSN73782,sch_QQLIR33891,YES,TST Respose 20,I am a summer/spring person,0.588153706,Frank,21,none,
stu_MXNSB23169,cls_HJQZF25095,sch_KACVP55227,,TST Respose 14,I am level 5000 in fortnite.,0.588363964,Frank,28,neutral,
stu_FASQN45304,cls_MAEBK64434,sch_QQLIR33891,,TST Respose 6,I am a 6th grader.,0.588616288,Frank,22,sixthgrader,
stu_FASQN45304,cls_MAEBK64434,sch_QQLIR33891,,TST Respose 6,I am a 6th grader.,0.588616288,Frank,4,child,
stu_FASQN45304,cls_MAEBK64434,sch_QQLIR33891,,TST Respose 6,I am a 6th grader.,0.588616288,Frank,14,neutral,
stu_PYEUW09959,cls_HEZZN95002,sch_QQLIR33891,,TST Respose 3,I like to play volleyball,0.588692465,Frank,29,positive,
stu_PYEUW09959,cls_HEZZN95002,sch_QQLIR33891,,TST Respose 3,I like to play volleyball,0.588692465,Frank,24,positive,
stu_RDOVU20570,cls_SLKYU63739,sch_QQLIR33891,YES,TST Respose 7,I like the beaches,0.588722859,Frank,24,positive,
stu_FSPCV10901,cls_OUMSN73782,sch_QQLIR33891,YES,TST Respose 1,My name is [FIRST NAME] but my nickname is [NICKNAME].,0.588767647,Frank,5,none,
stu_FQKSK24193,cls_FBBRP25979,sch_QQLIR33891,,TST Respose 14,i will be 6 feet or taller,0.58890381,Frank,35,neutral,
stu_QOGPO20181,cls_AVBRA70624,sch_KACVP55227,YES,TST Respose 19,My favorite Shoes is Jordans,0.588970829,Frank,24,positive,
stu_EJIML93711,cls_AJBUO63250,sch_KACVP55227,,TST Respose 5,I speak English,0.589027345,Frank,25,neutral,
stu_EJIML93711,cls_AJBUO63250,sch_KACVP55227,,TST Respose 5,I speak English,0.589027345,Frank,22,speaksenglish,
stu_CLLRZ76280,cls_MAEBK64434,sch_QQLIR33891,,TST Respose 19,my favorite season is summer,0.589076382,Frank,24,positive,
stu_IIOVZ06372,cls_HJQZF25095,sch_KACVP55227,YES,TST Respose 1,I like hanging out with friends,0.589133168,Frank,24,positive,
stu_IIOVZ06372,cls_HJQZF25095,sch_KACVP55227,YES,TST Respose 1,I like hanging out with friends,0.589133168,Frank,10,positive,
stu_BJJXN95776,cls_MAEBK64434,sch_QQLIR33891,,TST Respose 16,I like soda,0.589636538,Frank,24,positive,
stu_GXIYC47970,cls_SLKYU63739,sch_QQLIR33891,YES,TST Respose 1,I am a student and a soccer player,0.589832936,Frank,29,neutral,
stu_GXIYC47970,cls_SLKYU63739,sch_QQLIR33891,YES,TST Respose 1,I am a student and a soccer player,0.589832936,Frank,14,neutral,
stu_PKXZK94759,cls_JYBSH30995,sch_QQLIR33891,,TST Respose 7,My favorite color is pink,0.589918223,Frank,24,positive,
stu_JTZYY08754,cls_JTMRB81339,sch_KACVP55227,,TST Respose 17,i hate everyone but my mom and sisters and bothers,0.590282287,Frank,24,negative,
stu_JTZYY08754,cls_JTMRB81339,sch_KACVP55227,,TST Respose 17,i hate everyone but my mom and sisters and bothers,0.590282287,Frank,12,positive,
stu_WEADW20158,cls_JYBSH30995,sch_QQLIR33891,,TST Respose 10,i love school,0.590674078,Frank,24,positive,
stu_WEADW20158,cls_JYBSH30995,sch_QQLIR33891,,TST Respose 10,i love school,0.590674078,Frank,14,positive,
stu_MZIVN56293,cls_HEZZN95002,sch_QQLIR33891,,TST Respose 18,i play basket ball for fun,0.590966503,Frank,29,positive,
stu_UTXBZ05806,cls_MAEBK64434,sch_QQLIR33891,,TST Respose 17,i am someone who loves watermelon and mango,0.591037203,Frank,24,positive,
stu_GXIYC47970,cls_SLKYU63739,sch_QQLIR33891,YES,TST Respose 20,i love fried rice,0.591224971,Frank,24,positive,
stu_HXXCS05602,cls_USLPT75423,sch_QQLIR33891,YES,TST Respose 14,i'm smart,0.591364046,Frank,43,positive,
stu_QQAHK93946,cls_FXSNE83092,sch_QQLIR33891,,TST Respose 8,I understand vietnamese,0.591482752,Frank,25,neutral,
stu_QQAHK93946,cls_FXSNE83092,sch_QQLIR33891,,TST Respose 8,I understand vietnamese,0.591482752,Frank,22,understandsvietnamese,
stu_NJZBY59884,cls_MAEBK64434,sch_QQLIR33891,,TST Respose 17,i like ja morent and lebron james,0.591659033,Frank,24,positive,
stu_STIXI97047,cls_CXLDP17094,sch_KACVP55227,,TST Respose 16,I am [LAST NAME].,0.591964259,Frank,5,none,
stu_UYFTQ45542,cls_USLPT75423,sch_QQLIR33891,YES,TST Respose 9,i am a fighting type game liker,0.592362841,Frank,28,positive,
stu_UYFTQ45542,cls_USLPT75423,sch_QQLIR33891,YES,TST Respose 9,i am a fighting type game liker,0.592362841,Frank,24,positive,
stu_STIXI97047,cls_CXLDP17094,sch_KACVP55227,,TST Respose 17,I am [FIRST NAME].,0.592608594,Frank,5,none,
stu_EUWJA76858,cls_HJQZF25095,sch_KACVP55227,YES,TST Respose 17,I like makeup.,0.592624158,Frank,30,positive,
stu_EUWJA76858,cls_HJQZF25095,sch_KACVP55227,YES,TST Respose 17,I like makeup.,0.592624158,Frank,24,positive,
stu_JOVOI38701,cls_MAEBK64434,sch_QQLIR33891,,TST Respose 12,I am someone who likes milkshakes.,0.592705006,Frank,24,positive,
stu_GXMFA19655,cls_PQLMX93290,sch_SIWHM63035,YES,TST Respose 13,i am kind,0.593024902,Frank,44,positive,
stu_JUQPD47363,cls_HOJKW39162,sch_KACVP55227,YES,TST Respose 13,I am not fond of computer work.,0.593817754,Frank,27,negative,
stu_JUQPD47363,cls_HOJKW39162,sch_KACVP55227,YES,TST Respose 13,I am not fond of computer work.,0.593817754,Frank,24,negative,
stu_ROXAU39801,cls_CIIPB03795,sch_RSWHG50450,YES,TST Respose 3,I am a brother,0.594225,Frank,12,neutral,
stu_ROXAU39801,cls_CIIPB03795,sch_RSWHG50450,YES,TST Respose 3,I am a brother,0.594225,Frank,2,boy,
stu_FQEST23326,cls_JTMRB81339,sch_KACVP55227,YES,TST Respose 15,a website creator,0.594326296,Frank,27,neutral,
stu_RDOVU20570,cls_SLKYU63739,sch_QQLIR33891,YES,TST Respose 17,I am a sister,0.594927948,Frank,12,neutral,
stu_RDOVU20570,cls_SLKYU63739,sch_QQLIR33891,YES,TST Respose 17,I am a sister,0.594927948,Frank,2,girl,
stu_PXDPN73068,cls_FBBRP25979,sch_QQLIR33891,,TST Respose 8,I am 11,0.595010612,Frank,4,11,
stu_SBUBU63586,cls_OUKFK08724,sch_RSWHG50450,YES,TST Respose 19,i am a human,0.595600121,Frank,21,none,
stu_VFKRH03938,cls_SLKYU63739,sch_QQLIR33891,,TST Respose 7,i love my family,0.595997838,Frank,24,positive,
stu_VFKRH03938,cls_SLKYU63739,sch_QQLIR33891,,TST Respose 7,i love my family,0.595997838,Frank,12,positive,
stu_PUHUL75671,cls_HEZZN95002,sch_QQLIR33891,,TST Respose 6,I am from [CITY],0.596026293,Frank,9,city,
stu_WTRMC77187,cls_IZNZG32572,sch_KACVP55227,YES,TST Respose 11,i like to do beach ball,0.596230218,Frank,29,positive,
stu_WTRMC77187,cls_IZNZG32572,sch_KACVP55227,YES,TST Respose 11,i like to do beach ball,0.596230218,Frank,24,positive,
stu_KWMWG76590,cls_CXLDP17094,sch_KACVP55227,YES,TST Respose 8,i like cares,0.596271161,Frank,48,none,
stu_YGBLH44260,cls_IZNZG32572,sch_KACVP55227,YES,TST Respose 7,I am somebody that has trouble paying attention.,0.597195954,Frank,45,neutral,
stu_IGWBR81023,cls_DLRQP13887,sch_QQLIR33891,,TST Respose 12,i am size 4 in shoes,0.597287235,Frank,35,neutral,
stu_STIXI97047,cls_CXLDP17094,sch_KACVP55227,,TST Respose 12,I am [LAST NAME] .,0.597440527,Frank,5,none,
stu_CTAZU65504,cls_USLPT75423,sch_QQLIR33891,YES,TST Respose 13,I run track,0.597615795,Frank,29,neutral,
stu_WXAMH04104,cls_FBBRP25979,sch_QQLIR33891,,TST Respose 7,i like drawing,0.597787725,Frank,26,positive,
stu_WXAMH04104,cls_FBBRP25979,sch_QQLIR33891,,TST Respose 7,i like drawing,0.597787725,Frank,24,positive,
stu_DJCZE13885,cls_FBBRP25979,sch_QQLIR33891,,TST Respose 9,I am Haitian and Russian.,0.597927678,Frank,7,haitian and russian,
stu_UJNMI16598,cls_OUKFK08724,sch_RSWHG50450,,TST Respose 16,Italian,0.598222346,Frank,7,italian,
stu_MIJEQ06664,cls_MAEBK64434,sch_QQLIR33891,,TST Respose 16,I like my sis,0.598323912,Frank,24,positive,
stu_MIJEQ06664,cls_MAEBK64434,sch_QQLIR33891,,TST Respose 16,I like my sis,0.598323912,Frank,12,positive,
stu_CWQDV67579,cls_CIIPB03795,sch_RSWHG50450,YES,TST Respose 15,I like science,0.5983697,Frank,25,positive,
stu_CWQDV67579,cls_CIIPB03795,sch_RSWHG50450,YES,TST Respose 15,I like science,0.5983697,Frank,24,positive,
stu_LKAAV41369,cls_FBBRP25979,sch_QQLIR33891,,TST Respose 20,i like birds,0.598438451,Frank,24,positive,
stu_PYEUW09959,cls_HEZZN95002,sch_QQLIR33891,,TST Respose 7,I like to watch horror and thriller movies,0.598481557,Frank,31,positive,
stu_PYEUW09959,cls_HEZZN95002,sch_QQLIR33891,,TST Respose 7,I like to watch horror and thriller movies,0.598481557,Frank,24,positive,
stu_SIWRL23181,cls_MMBNN48363,sch_QQLIR33891,,TST Respose 11,i am motivated,0.598772088,Frank,41,positive,
stu_SOWGI28002,cls_MAEBK64434,sch_QQLIR33891,,TST Respose 11,I am someone loves walking with my friends,0.599278137,Frank,24,positive,
stu_SOWGI28002,cls_MAEBK64434,sch_QQLIR33891,,TST Respose 11,I am someone loves walking with my friends,0.599278137,Frank,10,positive,
stu_HEPWQ98561,cls_ZUQLK09797,sch_KACVP55227,,TST Respose 17,"i love my best friend, shes half of my cousin",0.600541733,Frank,24,positive,
stu_HEPWQ98561,cls_ZUQLK09797,sch_KACVP55227,,TST Respose 17,"i love my best friend, shes half of my cousin",0.600541733,Frank,10,positive,
stu_HEPWQ98561,cls_ZUQLK09797,sch_KACVP55227,,TST Respose 17,"i love my best friend, shes half of my cousin",0.600541733,Frank,12,positive,
stu_LTSJK02079,cls_FBBRP25979,sch_QQLIR33891,,TST Respose 9,I like cheetahs,0.600623945,Frank,24,positive,
stu_CINVJ49388,cls_HEZZN95002,sch_QQLIR33891,,TST Respose 19,i am haitian,0.600635577,Frank,7,haitian,
stu_LKAAV41369,cls_FBBRP25979,sch_QQLIR33891,,TST Respose 16,i have black hair,0.600703774,Frank,35,neutral,
stu_MMNSJ38829,cls_YLGBO89611,sch_KACVP55227,,TST Respose 3,I like to be explained why I am wrong.,0.600711532,Frank,43,positive,
stu_MMNSJ38829,cls_YLGBO89611,sch_KACVP55227,,TST Respose 3,I like to be explained why I am wrong.,0.600711532,Frank,24,positive,
stu_RUZUK44953,cls_HOJKW39162,sch_KACVP55227,YES,TST Respose 4,I am a person who kind of likes work,0.600715654,Frank,24,positive,
stu_RUZUK44953,cls_HOJKW39162,sch_KACVP55227,YES,TST Respose 4,I am a person who kind of likes work,0.600715654,Frank,21,positive,
stu_VTRUH97046,cls_DLRQP13887,sch_QQLIR33891,,TST Respose 5,I am 12 years old.,0.600749682,Frank,4,12,
stu_QPHPK12517,cls_HEZZN95002,sch_QQLIR33891,,TST Respose 10,i am tall,0.600804367,Frank,35,neutral,
stu_MMNSJ38829,cls_YLGBO89611,sch_KACVP55227,,TST Respose 12,I like to watch Miraculous ladybug.,0.601443045,Frank,31,positive,
stu_MMNSJ38829,cls_YLGBO89611,sch_KACVP55227,,TST Respose 12,I like to watch Miraculous ladybug.,0.601443045,Frank,24,positive,
stu_PJCOJ15115,cls_HEZZN95002,sch_QQLIR33891,,TST Respose 18,I am fast,0.601516654,Frank,43,positive,
stu_THKBG93560,cls_OUMSN73782,sch_QQLIR33891,YES,TST Respose 5,I'm not a supporter of LGTBQ.,0.60155088,Frank,23,anti-lgbtq,
stu_EUWJA76858,cls_HJQZF25095,sch_KACVP55227,YES,TST Respose 1,I am [FIRST NAME].,0.602277234,Frank,5,none,
stu_RUZUK44953,cls_HOJKW39162,sch_KACVP55227,YES,TST Respose 18,I am someone who sometimes speaks another language at home but is not fluent at it,0.602417661,Frank,25,neutral,
stu_RUZUK44953,cls_HOJKW39162,sch_KACVP55227,YES,TST Respose 18,I am someone who sometimes speaks another language at home but is not fluent at it,0.602417661,Frank,22,speaksanotherlanguage,
stu_FPTDO32773,cls_TNHXN45809,sch_RSWHG50450,YES,TST Respose 16,Loyal,0.602483336,Frank,43,positive,
stu_PSHPN85751,cls_SYHWK05211,sch_KACVP55227,,TST Respose 4,im a soccer player,0.603395769,Frank,29,neutral,
stu_PJCOJ15115,cls_HEZZN95002,sch_QQLIR33891,,TST Respose 12,I am a nike merchant,0.603790725,Frank,13,neutral,
stu_XHGVP79664,cls_HEZZN95002,sch_QQLIR33891,,TST Respose 5,Im european,0.604473825,Frank,8,european,
stu_BDAZF88230,cls_USLPT75423,sch_QQLIR33891,YES,TST Respose 9,I am a risktaker,0.60451885,Frank,42,neutral,
stu_YBWGX96937,cls_MAEBK64434,sch_QQLIR33891,,TST Respose 7,i not like SOCIAL STUDIE,0.604542054,Frank,25,negative,
stu_YBWGX96937,cls_MAEBK64434,sch_QQLIR33891,,TST Respose 7,i not like SOCIAL STUDIE,0.604542054,Frank,24,negative,
stu_FQKSK24193,cls_FBBRP25979,sch_QQLIR33891,,TST Respose 3,i like to swim,0.604955336,Frank,29,positive,
stu_FQKSK24193,cls_FBBRP25979,sch_QQLIR33891,,TST Respose 3,i like to swim,0.604955336,Frank,24,positive,
stu_YXBHV58732,cls_VFZRA31361,sch_KACVP55227,YES,TST Respose 6,I like reading,0.604958476,Frank,25,positive,
stu_YXBHV58732,cls_VFZRA31361,sch_KACVP55227,YES,TST Respose 6,I like reading,0.604958476,Frank,24,positive,
stu_KGOWI06896,cls_AJBUO63250,sch_KACVP55227,,TST Respose 18,I like to be cozy,0.605105446,Frank,24,positive,
stu_CPAQO78519,cls_MAEBK64434,sch_QQLIR33891,,TST Respose 18,I am someone who likes to play jepordy,0.605123721,Frank,28,positive,
stu_CPAQO78519,cls_MAEBK64434,sch_QQLIR33891,,TST Respose 18,I am someone who likes to play jepordy,0.605123721,Frank,24,positive,
stu_ROXAU39801,cls_CIIPB03795,sch_RSWHG50450,YES,TST Respose 12,I am a Haitian American,0.605336737,Frank,8,american,
stu_ROXAU39801,cls_CIIPB03795,sch_RSWHG50450,YES,TST Respose 12,I am a Haitian American,0.605336737,Frank,7,haitian,
stu_OAZKI17777,cls_TNHXN45809,sch_RSWHG50450,YES,TST Respose 2,An artist,0.605485591,Frank,26,neutral,
stu_QQAHK93946,cls_FXSNE83092,sch_QQLIR33891,,TST Respose 12,I can write in other langues,0.605679693,Frank,43,positive,
stu_GXMFA19655,cls_PQLMX93290,sch_SIWHM63035,YES,TST Respose 14,i wanna be a docter,0.605766928,Frank,13,neutral,
stu_EJIML93711,cls_AJBUO63250,sch_KACVP55227,,TST Respose 2,I like pink,0.60582354,Frank,24,positive,
stu_MKEGQ97127,cls_GIJEF48865,sch_KACVP55227,,TST Respose 11,I'm a neat looking person,0.605942373,Frank,35,positive,
stu_WBAVA84528,cls_AVBRA70624,sch_KACVP55227,YES,TST Respose 9,i like the waterslides,0.60602601,Frank,24,positive,
stu_MXNSB23169,cls_HJQZF25095,sch_KACVP55227,,TST Respose 9,I speak fluent yapanness.,0.6061931,Frank,44,neutral,
stu_YXBHV58732,cls_VFZRA31361,sch_KACVP55227,YES,TST Respose 7,I like doing matha,0.606697949,Frank,25,positive,
stu_YXBHV58732,cls_VFZRA31361,sch_KACVP55227,YES,TST Respose 7,I like doing matha,0.606697949,Frank,24,positive,
stu_MKEGQ97127,cls_GIJEF48865,sch_KACVP55227,,TST Respose 12,I'm a brown eyed person,0.606990328,Frank,35,neutral,
stu_MKEGQ97127,cls_GIJEF48865,sch_KACVP55227,,TST Respose 12,I'm a brown eyed person,0.606990328,Frank,21,none,
stu_MTCIM85775,cls_TNHXN45809,sch_RSWHG50450,,TST Respose 16,A student,0.607176402,Frank,14,neutral,
stu_SULZI60933,cls_JYBSH30995,sch_QQLIR33891,,TST Respose 13,i have brown eyes,0.607370028,Frank,35,neutral,
stu_UEYTM01990,cls_HOJKW39162,sch_KACVP55227,YES,TST Respose 6,I try to have good grades,0.607860314,Frank,43,positive,
stu_UEYTM01990,cls_HOJKW39162,sch_KACVP55227,YES,TST Respose 6,I try to have good grades,0.607860314,Frank,14,positive,
stu_UEYTM01990,cls_HOJKW39162,sch_KACVP55227,YES,TST Respose 6,I try to have good grades,0.607860314,Frank,25,positive,
stu_CTAZU65504,cls_USLPT75423,sch_QQLIR33891,YES,TST Respose 7,I am babysitter,0.607925969,Frank,13,neutral,
stu_NRKZA72454,cls_MCLLA54915,sch_KACVP55227,YES,TST Respose 12,I love my phone and being on it.,0.608191758,Frank,27,positive,
stu_NRKZA72454,cls_MCLLA54915,sch_KACVP55227,YES,TST Respose 12,I love my phone and being on it.,0.608191758,Frank,24,positive,
stu_RSKDK68207,cls_SIVDJ49041,sch_KACVP55227,,TST Respose 6,I like the color pink.,0.608223194,Frank,24,positive,
stu_HBPKA70291,cls_CIIPB03795,sch_RSWHG50450,YES,TST Respose 4,cape verdan,0.608291467,Frank,7,cape verdean,
stu_TSQUQ54202,cls_USLPT75423,sch_QQLIR33891,YES,TST Respose 14,I am myself.,0.608493816,Frank,19,none,
stu_CWQDV67579,cls_CIIPB03795,sch_RSWHG50450,YES,TST Respose 6,I like gym,0.608835502,Frank,29,positive,
stu_CWQDV67579,cls_CIIPB03795,sch_RSWHG50450,YES,TST Respose 6,I like gym,0.608835502,Frank,24,positive,
stu_WDDQQ92015,cls_YLGBO89611,sch_KACVP55227,,TST Respose 8,i am a student,0.609199916,Frank,14,neutral,
stu_NWRRN03456,cls_MCLLA54915,sch_KACVP55227,,TST Respose 2,I have 9555 coins on MATH Stream,0.609822035,Frank,47,neutral,
stu_LJAAE92948,cls_ERQJB18593,sch_QQLIR33891,YES,TST Respose 16,I have 2 step brothers,0.609849003,Frank,12,neutral,
stu_UEYTM01990,cls_HOJKW39162,sch_KACVP55227,YES,TST Respose 1,I play softball,0.610658784,Frank,29,neutral,
stu_WXAMH04104,cls_FBBRP25979,sch_QQLIR33891,,TST Respose 1,im am male,0.610703096,Frank,1,m,
stu_VQFBG95862,cls_USLPT75423,sch_QQLIR33891,,TST Respose 8,i am a helping person,0.610852875,Frank,44,positive,
stu_VQFBG95862,cls_USLPT75423,sch_QQLIR33891,,TST Respose 8,i am a helping person,0.610852875,Frank,21,none,
stu_LDUML32113,cls_USLPT75423,sch_QQLIR33891,YES,TST Respose 5,im an only child,0.610884017,Frank,12,neutral,
stu_LDUML32113,cls_USLPT75423,sch_QQLIR33891,YES,TST Respose 5,im an only child,0.610884017,Frank,4,child,
stu_BDAZF88230,cls_USLPT75423,sch_QQLIR33891,YES,TST Respose 5,I am the youngest child,0.611237922,Frank,12,neutral,
stu_VQFBG95862,cls_USLPT75423,sch_QQLIR33891,,TST Respose 6,i am a respectfully person,0.611294536,Frank,44,positive,
stu_VQFBG95862,cls_USLPT75423,sch_QQLIR33891,,TST Respose 6,i am a respectfully person,0.611294536,Frank,21,none,
stu_YSQPA55709,cls_OUMSN73782,sch_QQLIR33891,,TST Respose 1,im a 12 year old north student,0.61145594,Frank,14,neutral,
stu_YSQPA55709,cls_OUMSN73782,sch_QQLIR33891,,TST Respose 1,im a 12 year old north student,0.61145594,Frank,4,12,
stu_TYPZX10676,cls_YLGBO89611,sch_KACVP55227,,TST Respose 9,i like when they give rewards,0.611718456,Frank,24,positive,
stu_ORUUL82324,cls_FBBRP25979,sch_QQLIR33891,,TST Respose 11,I like to listen to music when i'm sad,0.611737723,Frank,45,neutral,
stu_ORUUL82324,cls_FBBRP25979,sch_QQLIR33891,,TST Respose 11,I like to listen to music when i'm sad,0.611737723,Frank,24,positive,
stu_ORUUL82324,cls_FBBRP25979,sch_QQLIR33891,,TST Respose 11,I like to listen to music when i'm sad,0.611737723,Frank,31,positive,
stu_FTOYB42084,cls_SLKYU63739,sch_QQLIR33891,YES,TST Respose 10,im responsible,0.611761436,Frank,43,positive,
stu_OCRTY88035,cls_MAEBK64434,sch_QQLIR33891,,TST Respose 16,I am someone that want to go to waterwizz.,0.611910821,Frank,47,neutral,
stu_FSPCV10901,cls_OUMSN73782,sch_QQLIR33891,YES,TST Respose 6,I am a gamer.,0.612000521,Frank,28,positive,
stu_EQSJM78476,cls_FBBRP25979,sch_QQLIR33891,,TST Respose 14,I like doritoes,0.612284279,Frank,24,positive,
stu_MXNSB23169,cls_HJQZF25095,sch_KACVP55227,,TST Respose 11,I dont like school.,0.612338316,Frank,24,negative,
stu_MXNSB23169,cls_HJQZF25095,sch_KACVP55227,,TST Respose 11,I dont like school.,0.612338316,Frank,14,negative,
stu_PKXZK94759,cls_JYBSH30995,sch_QQLIR33891,,TST Respose 17,I love jewlery,0.612379451,Frank,30,positive,
stu_PKXZK94759,cls_JYBSH30995,sch_QQLIR33891,,TST Respose 17,I love jewlery,0.612379451,Frank,24,positive,
stu_CDGKD03653,cls_JYBSH30995,sch_QQLIR33891,,TST Respose 18,i like basketball,0.612633595,Frank,29,positive,
stu_CDGKD03653,cls_JYBSH30995,sch_QQLIR33891,,TST Respose 18,i like basketball,0.612633595,Frank,24,positive,
stu_NWVEW24693,cls_AVBRA70624,sch_KACVP55227,YES,TST Respose 20,my middle name is [MIDDLE NAME],0.612656027,Frank,5,none,
stu_CJHBB29429,cls_MAEBK64434,sch_QQLIR33891,,TST Respose 20,My favorite vegetable is cucumber with salt,0.612676543,Frank,24,positive,
stu_XKMAG80800,cls_TNHXN45809,sch_RSWHG50450,YES,TST Respose 14,I like food,0.613419612,Frank,24,positive,
stu_UHXBA77476,cls_FBBRP25979,sch_QQLIR33891,,TST Respose 6,I like to travel,0.6138961,Frank,31,positive,
stu_UHXBA77476,cls_FBBRP25979,sch_QQLIR33891,,TST Respose 6,I like to travel,0.6138961,Frank,24,positive,
stu_JUQPD47363,cls_HOJKW39162,sch_KACVP55227,YES,TST Respose 18,I am asthmatic.,0.613980086,Frank,36,negative,
stu_RUZUK44953,cls_HOJKW39162,sch_KACVP55227,YES,TST Respose 20,I am someone with perseverance.,0.614320803,Frank,41,positive,
stu_XHGVP79664,cls_HEZZN95002,sch_QQLIR33891,,TST Respose 18,I like space,0.614392781,Frank,44,positive,
stu_XHGVP79664,cls_HEZZN95002,sch_QQLIR33891,,TST Respose 18,I like space,0.614392781,Frank,24,positive,
stu_CULOH75877,cls_HEZZN95002,sch_QQLIR33891,,TST Respose 16,I play basketball,0.615451809,Frank,29,neutral,
stu_CTAZU65504,cls_USLPT75423,sch_QQLIR33891,YES,TST Respose 8,I am the oldest child,0.615502235,Frank,4,child,
stu_MKEGQ97127,cls_GIJEF48865,sch_KACVP55227,,TST Respose 2,I'm short,0.615614159,Frank,35,neutral,
stu_CJHBB29429,cls_MAEBK64434,sch_QQLIR33891,,TST Respose 18,I want to be a professional basketball player,0.616123035,Frank,29,neutral,
stu_CJHBB29429,cls_MAEBK64434,sch_QQLIR33891,,TST Respose 18,I want to be a professional basketball player,0.616123035,Frank,13,neutral,
stu_RDOVU20570,cls_SLKYU63739,sch_QQLIR33891,YES,TST Respose 4,I am someone who likes to read,0.616686842,Frank,25,positive,
stu_RDOVU20570,cls_SLKYU63739,sch_QQLIR33891,YES,TST Respose 4,I am someone who likes to read,0.616686842,Frank,24,positive,
stu_QOGPO20181,cls_AVBRA70624,sch_KACVP55227,YES,TST Respose 9,l'm kind to my friends,0.616815575,Frank,44,positive,
stu_QOGPO20181,cls_AVBRA70624,sch_KACVP55227,YES,TST Respose 9,l'm kind to my friends,0.616815575,Frank,10,positive,
stu_VOXTG50835,cls_NUSEI70378,sch_KACVP55227,,TST Respose 4,I like wingstop,0.618017229,Frank,24,posirive,
stu_DERZZ01872,cls_GIJEF48865,sch_KACVP55227,,TST Respose 15,I like Carnegie learning,0.618049975,Frank,25,positive,
stu_DERZZ01872,cls_GIJEF48865,sch_KACVP55227,,TST Respose 15,I like Carnegie learning,0.618049975,Frank,24,positive,
stu_EXNUN73314,cls_CIIPB03795,sch_RSWHG50450,YES,TST Respose 9,I am kind,0.618351721,Frank,44,positive,
stu_UYFTQ45542,cls_USLPT75423,sch_QQLIR33891,YES,TST Respose 20,Last but not least i am a tall person,0.618368657,Frank,35,neutral,
stu_GXIYC47970,cls_SLKYU63739,sch_QQLIR33891,YES,TST Respose 17,i am a taki's lover,0.618447384,Frank,24,positive,
stu_MXNSB23169,cls_HJQZF25095,sch_KACVP55227,,TST Respose 6,aia also like english.,0.618530752,Frank,25,positive,
stu_MXNSB23169,cls_HJQZF25095,sch_KACVP55227,,TST Respose 6,aia also like english.,0.618530752,Frank,24,positive,
stu_PSHPN85751,cls_SYHWK05211,sch_KACVP55227,,TST Respose 10,bye,0.618614327,Frank,48,none,
stu_LJAAE92948,cls_ERQJB18593,sch_QQLIR33891,YES,TST Respose 12,Bad at math,0.618742815,Frank,25,negative,
stu_FSPCV10901,cls_OUMSN73782,sch_QQLIR33891,YES,TST Respose 9,I am in the [CITY] All City Honors Chorus.,0.619069685,Frank,26,neutral,
stu_OFWAG94272,cls_USLPT75423,sch_QQLIR33891,YES,TST Respose 1,A respectful person,0.619486523,Frank,44,positive,
stu_OFWAG94272,cls_USLPT75423,sch_QQLIR33891,YES,TST Respose 1,A respectful person,0.619486523,Frank,21,none,
stu_CJHBB29429,cls_MAEBK64434,sch_QQLIR33891,,TST Respose 3,I am a person that like to do road trip,0.619496386,Frank,31,positive,
stu_CJHBB29429,cls_MAEBK64434,sch_QQLIR33891,,TST Respose 3,I am a person that like to do road trip,0.619496386,Frank,21,none,
stu_CJHBB29429,cls_MAEBK64434,sch_QQLIR33891,,TST Respose 3,I am a person that like to do road trip,0.619496386,Frank,24,positive,
stu_SIWRL23181,cls_MMBNN48363,sch_QQLIR33891,,TST Respose 4,i am funny,0.61957696,Frank,44,positive,
stu_ABSGH36082,cls_JYBSH30995,sch_QQLIR33891,,TST Respose 1,I'm a soccer player,0.619592398,Frank,29,neutral,
stu_BESSB35006,cls_CIIPB03795,sch_RSWHG50450,YES,TST Respose 19,i like to go to the pool,0.619673922,Frank,29,positive,
stu_BESSB35006,cls_CIIPB03795,sch_RSWHG50450,YES,TST Respose 19,i like to go to the pool,0.619673922,Frank,24,positive,
stu_FSPCV10901,cls_OUMSN73782,sch_QQLIR33891,YES,TST Respose 10,I'm in the sixth grade.,0.619843448,Frank,22,sixthgrader,
stu_FSPCV10901,cls_OUMSN73782,sch_QQLIR33891,YES,TST Respose 10,I'm in the sixth grade.,0.619843448,Frank,4,child,
stu_FSPCV10901,cls_OUMSN73782,sch_QQLIR33891,YES,TST Respose 10,I'm in the sixth grade.,0.619843448,Frank,14,neutral,
stu_FQKSK24193,cls_FBBRP25979,sch_QQLIR33891,,TST Respose 17,i am good at math,0.61985671,Frank,25,positive,
stu_ROXAU39801,cls_CIIPB03795,sch_RSWHG50450,YES,TST Respose 14,I am a cousin,0.620096912,Frank,12,neutral,
stu_QPHPK12517,cls_HEZZN95002,sch_QQLIR33891,,TST Respose 4,nice,0.620311272,Frank,44,positive,
stu_XKMAG80800,cls_TNHXN45809,sch_RSWHG50450,YES,TST Respose 20,A skibidi,0.620538789,Frank,48,none,
stu_UYUIH18635,cls_FBBRP25979,sch_QQLIR33891,,TST Respose 11,I like physical education,0.62057606,Frank,29,positive,
stu_UYUIH18635,cls_FBBRP25979,sch_QQLIR33891,,TST Respose 11,I like physical education,0.62057606,Frank,24,positive,
stu_SQLXP95993,cls_MFUGV02425,sch_QQLIR33891,,TST Respose 13,I like to write essay,0.620618752,Frank,25,positive,
stu_SQLXP95993,cls_MFUGV02425,sch_QQLIR33891,,TST Respose 13,I like to write essay,0.620618752,Frank,24,positive,
stu_DERZZ01872,cls_GIJEF48865,sch_KACVP55227,,TST Respose 18,I like learning,0.620692576,Frank,25,positivepositive,
stu_DERZZ01872,cls_GIJEF48865,sch_KACVP55227,,TST Respose 18,I like learning,0.620692576,Frank,24,positivepositive,
stu_WDDQQ92015,cls_YLGBO89611,sch_KACVP55227,,TST Respose 16,i am a student,0.620796065,Frank,14,neutral,
stu_MZIVN56293,cls_HEZZN95002,sch_QQLIR33891,,TST Respose 19,i play volleyball for fun,0.620910282,Frank,29,positive,
stu_ORUUL82324,cls_FBBRP25979,sch_QQLIR33891,,TST Respose 2,I used to do ballet,0.621037098,Frank,26,neutral,
stu_HMQRZ27503,cls_YFPVJ06178,sch_KACVP55227,YES,TST Respose 20,I am a nwe soccer players,0.621752688,Frank,29,neutral,
stu_LVOOZ80056,cls_OUMSN73782,sch_QQLIR33891,YES,TST Respose 1,I am 11 years old girl.,0.622259658,Frank,4,11,
stu_LVOOZ80056,cls_OUMSN73782,sch_QQLIR33891,YES,TST Respose 1,I am 11 years old girl.,0.622259658,Frank,2,girl,
stu_VOXTG50835,cls_NUSEI70378,sch_KACVP55227,,TST Respose 11,i been to cape verde,0.622439351,Frank,22,been to cape verde,
stu_YXBHV58732,cls_VFZRA31361,sch_KACVP55227,YES,TST Respose 2,I like math,0.623259909,Frank,25,positive,
stu_YXBHV58732,cls_VFZRA31361,sch_KACVP55227,YES,TST Respose 2,I like math,0.623259909,Frank,24,positive,
stu_UEYTM01990,cls_HOJKW39162,sch_KACVP55227,YES,TST Respose 13,I like to read,0.623617194,Frank,25,positive,
stu_UEYTM01990,cls_HOJKW39162,sch_KACVP55227,YES,TST Respose 13,I like to read,0.623617194,Frank,24,positive,
stu_WBAVA84528,cls_AVBRA70624,sch_KACVP55227,YES,TST Respose 2,i like ice cream,0.623833164,Frank,24,positive,
stu_QZOUO83023,cls_FBBRP25979,sch_QQLIR33891,YES,TST Respose 10,I like dogs,0.624013239,Frank,24,positive,
stu_NRKZA72454,cls_MCLLA54915,sch_KACVP55227,YES,TST Respose 1,I am a teen.,0.624280146,Frank,22,teenager,
stu_ZARRQ26344,cls_JYBSH30995,sch_QQLIR33891,,TST Respose 13,i have five cousin,0.624604564,Frank,12,neutral,
stu_RSKDK68207,cls_SIVDJ49041,sch_KACVP55227,,TST Respose 13,I am a female. I was born a female.,0.624680755,Frank,1,f,
stu_NRKZA72454,cls_MCLLA54915,sch_KACVP55227,YES,TST Respose 13,I am bad at math.,0.62514814,Frank,25,negative,
stu_NWRRC44615,cls_JYBSH30995,sch_QQLIR33891,,TST Respose 6,im 12 yrs old,0.625315426,Frank,4,12,
stu_YSQPA55709,cls_OUMSN73782,sch_QQLIR33891,,TST Respose 9,i walk to school,0.625496149,Frank,14,neutral,
stu_KWLPL21630,cls_SIVDJ49041,sch_KACVP55227,,TST Respose 6,"I don't like math, but I don't dislike it either.",0.625726797,Frank,25,neutral,
stu_KWLPL21630,cls_SIVDJ49041,sch_KACVP55227,,TST Respose 6,"I don't like math, but I don't dislike it either.",0.625726797,Frank,24,neutral,
stu_EXNUN73314,cls_CIIPB03795,sch_RSWHG50450,YES,TST Respose 17,I am romantic,0.626001845,Frank,44,positive,
stu_IKUOQ66846,cls_USLPT75423,sch_QQLIR33891,YES,TST Respose 3,I'm a football player,0.626267813,Frank,29,neutral,
stu_YBWGX96937,cls_MAEBK64434,sch_QQLIR33891,,TST Respose 2,i like carnegie,0.626594866,Frank,25,positive,
stu_YBWGX96937,cls_MAEBK64434,sch_QQLIR33891,,TST Respose 2,i like carnegie,0.626594866,Frank,24,positive,
stu_VUNQZ79892,cls_CIIPB03795,sch_RSWHG50450,YES,TST Respose 2,im a sister,0.626787736,Frank,12,neutral,
stu_VUNQZ79892,cls_CIIPB03795,sch_RSWHG50450,YES,TST Respose 2,im a sister,0.626787736,Frank,2,girl,
stu_VUNQZ79892,cls_CIIPB03795,sch_RSWHG50450,YES,TST Respose 2,im a sister,0.626787736,Frank,,neutral,
stu_KWLPL21630,cls_SIVDJ49041,sch_KACVP55227,,TST Respose 4,If I understand something I will do the best that I can to do it right.,0.626795191,Frank,43,positive,
stu_XKMAG80800,cls_TNHXN45809,sch_RSWHG50450,YES,TST Respose 19,I like to fanum tax.,0.627324919,Frank,31,positive,
stu_XKMAG80800,cls_TNHXN45809,sch_RSWHG50450,YES,TST Respose 19,I like to fanum tax.,0.627324919,Frank,24,positive,
stu_HLKZL24322,cls_MAEBK64434,sch_QQLIR33891,,TST Respose 2,a basketball,0.62745027,Frank,48,none,
stu_KWMWG76590,cls_CXLDP17094,sch_KACVP55227,YES,TST Respose 7,i have 3 sister's,0.627513001,Frank,12,neutral,
stu_MRIWT64391,cls_SYHWK05211,sch_KACVP55227,YES,TST Respose 10,a emotional person,0.627757529,Frank,45,neutral,
stu_MRIWT64391,cls_SYHWK05211,sch_KACVP55227,YES,TST Respose 10,a emotional person,0.627757529,Frank,21,none,
stu_YXJEP22115,cls_USLPT75423,sch_QQLIR33891,YES,TST Respose 8,I am [FIRST NAME],0.62813923,Frank,5,none,
stu_SELBD60428,cls_AJBUO63250,sch_KACVP55227,,TST Respose 5,[FIRST LAST NAME],0.628504484,Frank,5,none,
stu_WWNBY52737,cls_OUMSN73782,sch_QQLIR33891,YES,TST Respose 7,I am a student.,0.628789111,Frank,14,neutral,
stu_MXNSF14478,cls_JYBSH30995,sch_QQLIR33891,,TST Respose 4,I have really good grades,0.628844122,Frank,43,positive,
stu_MXNSF14478,cls_JYBSH30995,sch_QQLIR33891,,TST Respose 4,I have really good grades,0.628844122,Frank,14,neutral,
stu_MXNSF14478,cls_JYBSH30995,sch_QQLIR33891,,TST Respose 4,I have really good grades,0.628844122,Frank,25,positive,
stu_TRKWP48352,cls_MAEBK64434,sch_QQLIR33891,,TST Respose 1,I am a student,0.629359484,Frank,14,neutral,
stu_FBOFA96484,cls_MAEBK64434,sch_QQLIR33891,,TST Respose 3,I am a 6th,0.629471627,Frank,48,none,
stu_OIYXZ27717,cls_MAEBK64434,sch_QQLIR33891,,TST Respose 1,I am someone who likes swimming,0.629633327,Frank,29,positive,
stu_OIYXZ27717,cls_MAEBK64434,sch_QQLIR33891,,TST Respose 1,I am someone who likes swimming,0.629633327,Frank,24,positive,
stu_KGOWI06896,cls_AJBUO63250,sch_KACVP55227,,TST Respose 19,I like to sleep,0.630353235,Frank,31,positive,
stu_KGOWI06896,cls_AJBUO63250,sch_KACVP55227,,TST Respose 19,I like to sleep,0.630353235,Frank,24,positive,
stu_CINVJ49388,cls_HEZZN95002,sch_QQLIR33891,,TST Respose 14,tik tok user,0.630398901,Frank,27,neutral,
stu_JTZYY08754,cls_JTMRB81339,sch_KACVP55227,,TST Respose 6,"Math, and everything else",0.630669441,Frank,48,none,
stu_VGJIS59600,cls_DLRQP13887,sch_QQLIR33891,,TST Respose 4,I like to read and listen to music,0.630701758,Frank,25,positive,
stu_VGJIS59600,cls_DLRQP13887,sch_QQLIR33891,,TST Respose 4,I like to read and listen to music,0.630701758,Frank,24,positive,
stu_VTRUH97046,cls_DLRQP13887,sch_QQLIR33891,,TST Respose 3,I speak creole.,0.630868561,Frank,25,neutral,
stu_VTRUH97046,cls_DLRQP13887,sch_QQLIR33891,,TST Respose 3,I speak creole.,0.630868561,Frank,22,speakscreole,
stu_VNSDU81090,cls_JYBSH30995,sch_QQLIR33891,,TST Respose 9,my favorite candy is recces candy,0.63090316,Frank,24,positive,
stu_DERZZ01872,cls_GIJEF48865,sch_KACVP55227,,TST Respose 1,I am a student,0.63165824,Frank,14,neutral,
stu_BJJXN95776,cls_MAEBK64434,sch_QQLIR33891,,TST Respose 1,I am a big brother,0.631844656,Frank,12,neutral,
stu_BJJXN95776,cls_MAEBK64434,sch_QQLIR33891,,TST Respose 1,I am a big brother,0.631844656,Frank,2,boy,
stu_LDUML32113,cls_USLPT75423,sch_QQLIR33891,YES,TST Respose 20,i like my friends,0.63190273,Frank,24,positive,
stu_LDUML32113,cls_USLPT75423,sch_QQLIR33891,YES,TST Respose 20,i like my friends,0.63190273,Frank,10,positive,
stu_UJNMI16598,cls_OUKFK08724,sch_RSWHG50450,,TST Respose 20,Fornite player (sometimes),0.631903953,Frank,28,neutral,
stu_RUZUK44953,cls_HOJKW39162,sch_KACVP55227,YES,TST Respose 19,I am someone who has not gotten a write-up this year.,0.631986665,Frank,47,positive,
stu_UAFAK64772,cls_AJBUO63250,sch_KACVP55227,YES,TST Respose 11,middle class,0.632086531,Frank,17,middle,
stu_VFKRH03938,cls_SLKYU63739,sch_QQLIR33891,,TST Respose 13,i am a sweet person,0.632151853,Frank,44,positive,
stu_VFKRH03938,cls_SLKYU63739,sch_QQLIR33891,,TST Respose 13,i am a sweet person,0.632151853,Frank,21,none,
stu_TDURA35752,cls_USLPT75423,sch_QQLIR33891,YES,TST Respose 9,I am nice,0.632223104,Frank,44,positive,
stu_QPHPK12517,cls_HEZZN95002,sch_QQLIR33891,,TST Respose 18,i love tiktok,0.632383138,Frank,27,positive,
stu_QPHPK12517,cls_HEZZN95002,sch_QQLIR33891,,TST Respose 18,i love tiktok,0.632383138,Frank,24,positive,
stu_RSKDK68207,cls_SIVDJ49041,sch_KACVP55227,,TST Respose 19,I am in 8th grade. I am a student at a Middle School.,0.632488631,Frank,22,eighthgrader,
stu_RSKDK68207,cls_SIVDJ49041,sch_KACVP55227,,TST Respose 19,I am in 8th grade. I am a student at a Middle School.,0.632488631,Frank,4,child,
stu_RSKDK68207,cls_SIVDJ49041,sch_KACVP55227,,TST Respose 19,I am in 8th grade. I am a student at a Middle School.,0.632488631,Frank,14,neutral,
stu_NKHRJ04957,cls_FBBRP25979,sch_QQLIR33891,,TST Respose 8,I like Leanard Divince,0.632616055,Frank,24,positive,
stu_RUZUK44953,cls_HOJKW39162,sch_KACVP55227,YES,TST Respose 6,I am a person who likes sports,0.632852887,Frank,24,positive,
stu_RUZUK44953,cls_HOJKW39162,sch_KACVP55227,YES,TST Respose 6,I am a person who likes sports,0.632852887,Frank,21,positive,
stu_CPVXX19825,cls_MAEBK64434,sch_QQLIR33891,,TST Respose 18,My idol is lamar jackson,0.63302686,Frank,24,positive,
stu_XUDYN03051,cls_FXSNE83092,sch_QQLIR33891,,TST Respose 17,I have straight hair,0.633140103,Frank,35,neutral,
stu_YBWGX96937,cls_MAEBK64434,sch_QQLIR33891,,TST Respose 18,4.8 feed,0.633556354,Frank,35,neutral,
stu_DKGHS98193,cls_FXSNE83092,sch_QQLIR33891,,TST Respose 20,i look like my mom,0.634244459,Frank,35,neutral,
stu_DKGHS98193,cls_FXSNE83092,sch_QQLIR33891,,TST Respose 20,i look like my mom,0.634244459,Frank,12,neutral,
stu_UEDQL23543,cls_USLPT75423,sch_QQLIR33891,YES,TST Respose 9,caring,0.634482084,Frank,44,positive,
stu_UEDQL23543,cls_USLPT75423,sch_QQLIR33891,YES,TST Respose 1,[FIRST NAME],0.634965566,Frank,5,none,
stu_MMZHT88458,cls_QZQQW97177,sch_KACVP55227,,TST Respose 8,i have long hair,0.63521304,Frank,35,neutral,
stu_WQGUY90279,cls_JYBSH30995,sch_QQLIR33891,,TST Respose 11,I only speak english,0.635255943,Frank,35,neutral,
stu_UEYTM01990,cls_HOJKW39162,sch_KACVP55227,YES,TST Respose 10,I am helpful,0.635928169,Frank,44,positive,
stu_CLLRZ76280,cls_MAEBK64434,sch_QQLIR33891,,TST Respose 6,"I like to be quiet, but talk if i have a friend",0.635928495,Frank,44,positive,
stu_CLLRZ76280,cls_MAEBK64434,sch_QQLIR33891,,TST Respose 6,"I like to be quiet, but talk if i have a friend",0.635928495,Frank,10,positive,
stu_CLLRZ76280,cls_MAEBK64434,sch_QQLIR33891,,TST Respose 6,"I like to be quiet, but talk if i have a friend",0.635928495,Frank,24,positive,
stu_FPTDO32773,cls_TNHXN45809,sch_RSWHG50450,YES,TST Respose 5,Bestfriend,0.636445055,Frank,10,positive,
stu_DHTXQ91573,cls_VFZRA31361,sch_KACVP55227,YES,TST Respose 18,I am a students from 6 grades,0.636519906,Frank,22,sixthgrader,
stu_DHTXQ91573,cls_VFZRA31361,sch_KACVP55227,YES,TST Respose 18,I am a students from 6 grades,0.636519906,Frank,4,child,
stu_DHTXQ91573,cls_VFZRA31361,sch_KACVP55227,YES,TST Respose 18,I am a students from 6 grades,0.636519906,Frank,14,neutral,
stu_QFXDD68186,cls_SYHWK05211,sch_KACVP55227,YES,TST Respose 7,I play volleyball,0.636726091,Frank,29,neutral,
stu_ROXAU39801,cls_CIIPB03795,sch_RSWHG50450,YES,TST Respose 2,I am a tall,0.636925566,Frank,35,neutral,
stu_LKAAV41369,cls_FBBRP25979,sch_QQLIR33891,,TST Respose 9,I love drawing,0.637230847,Frank,26,positive,
stu_LKAAV41369,cls_FBBRP25979,sch_QQLIR33891,,TST Respose 9,I love drawing,0.637230847,Frank,24,positive,
stu_QACJQ31561,cls_JYBSH30995,sch_QQLIR33891,,TST Respose 12,i like the color pink,0.637481029,Frank,25,positive,
stu_UAFAK64772,cls_AJBUO63250,sch_KACVP55227,YES,TST Respose 14,grateful,0.637648329,Frank,47,positive,
stu_PKXZK94759,cls_JYBSH30995,sch_QQLIR33891,,TST Respose 12,I'm somebody who loves there family,0.638010811,Frank,24,positive,
stu_PKXZK94759,cls_JYBSH30995,sch_QQLIR33891,,TST Respose 12,I'm somebody who loves there family,0.638010811,Frank,12,positive,
stu_RDPGG44681,cls_ZLIZG21375,sch_RSWHG50450,,TST Respose 16,I am sweet,0.638154535,Frank,44,positive,
stu_YPZIM54297,cls_MAEBK64434,sch_QQLIR33891,,TST Respose 6,I am a dancer,0.63839687,Frank,26,neutral,
stu_VGJIS59600,cls_DLRQP13887,sch_QQLIR33891,,TST Respose 13,I am extremely scared of the ocean and rivers,0.638631891,Frank,24,negative,
stu_WXAMH04104,cls_FBBRP25979,sch_QQLIR33891,,TST Respose 13,i hang out with friends,0.638756258,Frank,31,positive,
stu_WXAMH04104,cls_FBBRP25979,sch_QQLIR33891,,TST Respose 13,i hang out with friends,0.638756258,Frank,10,positive,
stu_WHBZD81732,cls_AVBRA70624,sch_KACVP55227,YES,TST Respose 16,eenglish,0.638980013,Frank,7,english,
stu_FQKSK24193,cls_FBBRP25979,sch_QQLIR33891,,TST Respose 18,i like watching spooky scary Sunday,0.63919136,Frank,27,positive,
stu_FQKSK24193,cls_FBBRP25979,sch_QQLIR33891,,TST Respose 18,i like watching spooky scary Sunday,0.63919136,Frank,24,positive,
stu_FNVBP19615,cls_DLRQP13887,sch_QQLIR33891,,TST Respose 5,I have trobule focusing and understanding certain things.,0.639414363,Frank,43,neutral,
stu_PSHPN85751,cls_SYHWK05211,sch_KACVP55227,,TST Respose 14,bye,0.639625562,Frank,48,none,
stu_PKXZK94759,cls_JYBSH30995,sch_QQLIR33891,,TST Respose 2,I'm 12,0.639706389,Frank,4,12,
stu_KJOZZ30475,cls_HOJKW39162,sch_KACVP55227,YES,TST Respose 2,I'm Brazilian.,0.710654636,Frank,7,brazilian,
stu_PFDTL78462,cls_NUSEI70378,sch_KACVP55227,,TST Respose 11,"A nickname I am called is [NICKNAME], but do not call me [NICKNAME] if we are not very close!!",0.640814585,Frank,5,none,
stu_BDAZF88230,cls_USLPT75423,sch_QQLIR33891,YES,TST Respose 7,I am someone with 20/20 vision,0.640968899,Frank,36,positivee,
stu_RDPGG44681,cls_ZLIZG21375,sch_RSWHG50450,,TST Respose 1,I am kind,0.64148479,Frank,44,positive,
stu_KOUYR40301,cls_SYHWK05211,sch_KACVP55227,,TST Respose 9,i love money,0.641678657,Frank,24,positive,
stu_QQMSX84242,cls_TNHXN45809,sch_RSWHG50450,YES,TST Respose 13,an wip a+ STUDENT,0.641784073,Frank,41,positive,
stu_QQMSX84242,cls_TNHXN45809,sch_RSWHG50450,YES,TST Respose 13,an wip a+ STUDENT,0.641784073,Frank,14,positive,
stu_XUDYN03051,cls_FXSNE83092,sch_QQLIR33891,,TST Respose 12,I have good grades,0.64241815,Frank,43,positive,
stu_XUDYN03051,cls_FXSNE83092,sch_QQLIR33891,,TST Respose 12,I have good grades,0.64241815,Frank,14,positive,
stu_XUDYN03051,cls_FXSNE83092,sch_QQLIR33891,,TST Respose 12,I have good grades,0.64241815,Frank,25,positive,
stu_GXIYC47970,cls_SLKYU63739,sch_QQLIR33891,YES,TST Respose 18,im a supportive friend,0.642579124,Frank,44,positive,
stu_GXIYC47970,cls_SLKYU63739,sch_QQLIR33891,YES,TST Respose 18,im a supportive friend,0.642579124,Frank,10,positive,
stu_KFYJM61476,cls_SYHWK05211,sch_KACVP55227,YES,TST Respose 10,I like to cook and bake.,0.642589909,Frank,31,positive,
stu_KFYJM61476,cls_SYHWK05211,sch_KACVP55227,YES,TST Respose 10,I like to cook and bake.,0.642589909,Frank,24,positive,
stu_CAGAM03126,cls_HOJKW39162,sch_KACVP55227,YES,TST Respose 18,I am a person who loves my two brothers.,0.643366722,Frank,24,positive,
stu_CAGAM03126,cls_HOJKW39162,sch_KACVP55227,YES,TST Respose 18,I am a person who loves my two brothers.,0.643366722,Frank,12,positive,
stu_CAGAM03126,cls_HOJKW39162,sch_KACVP55227,YES,TST Respose 18,I am a person who loves my two brothers.,0.643366722,Frank,21,none,
stu_KCDEU07486,cls_JWHPH41004,sch_QQLIR33891,YES,TST Respose 9,I am a student,0.643385248,Frank,14,neutral,
stu_NYHDW07721,cls_CIIPB03795,sch_RSWHG50450,,TST Respose 19,Frank Ocean fan,0.644390985,Frank,24,positive,
stu_VKCWY07846,cls_DLRQP13887,sch_QQLIR33891,,TST Respose 16,im not good at math,0.644531645,Frank,25,negative,
stu_WQGUY90279,cls_JYBSH30995,sch_QQLIR33891,,TST Respose 15,I like walking,0.644670488,Frank,24,positive,
stu_NJZBY59884,cls_MAEBK64434,sch_QQLIR33891,,TST Respose 13,learn spanish sense my family speak it,0.64500546,Frank,25,neutral,
stu_NJZBY59884,cls_MAEBK64434,sch_QQLIR33891,,TST Respose 13,learn spanish sense my family speak it,0.64500546,Frank,12,neutral,
stu_NJZBY59884,cls_MAEBK64434,sch_QQLIR33891,,TST Respose 13,learn spanish sense my family speak it,0.64500546,Frank,22,learningspanish,
stu_YNVPH88845,cls_MMBNN48363,sch_QQLIR33891,,TST Respose 12,I love the color Purple,0.645221897,Frank,24,positive,
stu_YPZIM54297,cls_MAEBK64434,sch_QQLIR33891,,TST Respose 4,i an a 6th grader,0.645222258,Frank,22,sixthgrader,
stu_YPZIM54297,cls_MAEBK64434,sch_QQLIR33891,,TST Respose 4,i an a 6th grader,0.645222258,Frank,14,neutral,
stu_THKBG93560,cls_OUMSN73782,sch_QQLIR33891,YES,TST Respose 12,I Have curly Hair.,0.645322839,Frank,35,neutral,
stu_ROULI02103,cls_SLKYU63739,sch_QQLIR33891,YES,TST Respose 20,i love sports,0.645438543,Frank,24,positive,
stu_PKXZK94759,cls_JYBSH30995,sch_QQLIR33891,,TST Respose 6,I'm Jamaican,0.645569393,Frank,7,jamaican,
stu_CHVFQ54169,cls_JYBSH30995,sch_QQLIR33891,,TST Respose 13,I Love Math.,0.645679069,Frank,25,positive,
stu_CHVFQ54169,cls_JYBSH30995,sch_QQLIR33891,,TST Respose 13,I Love Math.,0.645679069,Frank,24,positive,
stu_XHGVP79664,cls_HEZZN95002,sch_QQLIR33891,,TST Respose 19,I like rocks,0.645727492,Frank,24,positive,
stu_FHADA27602,cls_OUMSN73782,sch_QQLIR33891,YES,TST Respose 4,i am 12 years old.,0.645976017,Frank,4,12,
stu_BCRYB29652,cls_OUMSN73782,sch_QQLIR33891,YES,TST Respose 20,I like summer,0.64666791,Frank,24,positive,
stu_IZQGI75719,cls_JYBSH30995,sch_QQLIR33891,,TST Respose 12,im in 6th grade,0.646737445,Frank,22,sixthgrader,
stu_IZQGI75719,cls_JYBSH30995,sch_QQLIR33891,,TST Respose 12,im in 6th grade,0.646737445,Frank,14,neutral,
stu_JOVOI38701,cls_MAEBK64434,sch_QQLIR33891,,TST Respose 2,I am a 6th grader.,0.646896323,Frank,22,sixthgrader,
stu_JOVOI38701,cls_MAEBK64434,sch_QQLIR33891,,TST Respose 2,I am a 6th grader.,0.646896323,Frank,14,neutral,
stu_UEDQL23543,cls_USLPT75423,sch_QQLIR33891,YES,TST Respose 13,kind,0.646945474,Frank,44,positive,
stu_EUWJA76858,cls_HJQZF25095,sch_KACVP55227,YES,TST Respose 16,I like field trips.,0.647003899,Frank,24,positive,
stu_HEPWQ98561,cls_ZUQLK09797,sch_KACVP55227,,TST Respose 11,i like money,0.647230936,Frank,24,positive,
stu_PYEUW09959,cls_HEZZN95002,sch_QQLIR33891,,TST Respose 20,I live in [CITY],0.64723615,Frank,9,city,
stu_KCDEU07486,cls_JWHPH41004,sch_QQLIR33891,YES,TST Respose 6,I'm good at writing,0.647323297,Frank,25,positive,
stu_ANAWT41929,cls_CIIPB03795,sch_RSWHG50450,YES,TST Respose 19,My favorite anime is jujutsu kisen,0.647409672,Frank,24,positive,
stu_AQNHF52456,cls_USLPT75423,sch_QQLIR33891,YES,TST Respose 15,respectful,0.648011311,Frank,44,positive,
stu_WXAMH04104,cls_FBBRP25979,sch_QQLIR33891,,TST Respose 3,im in band,0.648297012,Frank,26,neutral,
stu_THKBG93560,cls_OUMSN73782,sch_QQLIR33891,YES,TST Respose 17,I'm a food lover.,0.648541031,Frank,24,positive,
stu_CQRFU18177,cls_JYBSH30995,sch_QQLIR33891,,TST Respose 4,I love running,0.648604814,Frank,29,positive,
stu_CQRFU18177,cls_JYBSH30995,sch_QQLIR33891,,TST Respose 4,I love running,0.648604814,Frank,24,positive,
stu_JPMJO86637,cls_YFPVJ06178,sch_KACVP55227,YES,TST Respose 7,i'm friendly,0.648671841,Frank,44,positive,
stu_MRIWT64391,cls_SYHWK05211,sch_KACVP55227,YES,TST Respose 3,[FIRST NAME],0.648909772,Frank,5,none,
stu_YBWGX96937,cls_MAEBK64434,sch_QQLIR33891,,TST Respose 1,i not like my grades,0.649061806,Frank,25,negative,
stu_YBWGX96937,cls_MAEBK64434,sch_QQLIR33891,,TST Respose 1,i not like my grades,0.649061806,Frank,24,negative,
stu_VNSDU81090,cls_JYBSH30995,sch_QQLIR33891,,TST Respose 1,i am a boy,0.649441488,Frank,2,boy,
stu_WYTLH51489,cls_AJBUO63250,sch_KACVP55227,YES,TST Respose 14,I like to write,0.649867768,Frank,25,positive,
stu_WYTLH51489,cls_AJBUO63250,sch_KACVP55227,YES,TST Respose 14,I like to write,0.649867768,Frank,24,positive,
stu_ROULI02103,cls_SLKYU63739,sch_QQLIR33891,YES,TST Respose 18,i love money,0.650002716,Frank,24,positive,
stu_CLLRZ76280,cls_MAEBK64434,sch_QQLIR33891,,TST Respose 1,My favorite color is black and green,0.650528725,Frank,24,positive,
stu_OCRTY88035,cls_MAEBK64434,sch_QQLIR33891,,TST Respose 6,I am someone that loves dogs.,0.650621093,Frank,24,positive,
stu_ZQMQQ26810,cls_HEBLM24075,sch_KACVP55227,,TST Respose 9,i am a smart person,0.650936291,Frank,43,positive,
stu_ZQMQQ26810,cls_HEBLM24075,sch_KACVP55227,,TST Respose 9,i am a smart person,0.650936291,Frank,21,none,
stu_SJNFF34466,cls_OSSJA45538,sch_KACVP55227,,TST Respose 16,im chief keef,0.651020898,Frank,48,none,
stu_UYUIH18635,cls_FBBRP25979,sch_QQLIR33891,,TST Respose 16,i like shoes,0.651123629,Frank,24,positive,
stu_RNIHY62490,cls_OUMSN73782,sch_QQLIR33891,YES,TST Respose 4,I am from Africa,0.651459911,Frank,7,african,
stu_JUQPD47363,cls_HOJKW39162,sch_KACVP55227,YES,TST Respose 2,I am a catcher on my softball team.,0.651536555,Frank,29,neutral,
stu_UEDQL23543,cls_USLPT75423,sch_QQLIR33891,YES,TST Respose 17,take a Chinese class,0.651727844,Frank,25,neutral,
stu_MMNSJ38829,cls_YLGBO89611,sch_KACVP55227,,TST Respose 14,I like to have parties.,0.651873861,Frank,24,positive,
stu_FVHVM49769,cls_SLKYU63739,sch_QQLIR33891,YES,TST Respose 18,i like alfrado,0.652098076,Frank,24,positive,
stu_DERZZ01872,cls_GIJEF48865,sch_KACVP55227,,TST Respose 19,I like learning about pemdas,0.652804676,Frank,25,positive,
stu_DERZZ01872,cls_GIJEF48865,sch_KACVP55227,,TST Respose 19,I like learning about pemdas,0.652804676,Frank,24,positive,
stu_EHLZF06092,cls_MCLLA54915,sch_KACVP55227,YES,TST Respose 20,I love Rihanna,0.653000873,Frank,24,positive,
stu_SIWRL23181,cls_MMBNN48363,sch_QQLIR33891,,TST Respose 7,i am a soccer lover,0.653208497,Frank,29,neutral,
stu_LVOOZ80056,cls_OUMSN73782,sch_QQLIR33891,YES,TST Respose 12,I am a soccer player.,0.653636231,Frank,29,neutral,
stu_SELBD60428,cls_AJBUO63250,sch_KACVP55227,,TST Respose 20,steudent,0.654480996,Frank,14,neutral,
stu_QACJQ31561,cls_JYBSH30995,sch_QQLIR33891,,TST Respose 13,my type hair is 4c hair,0.654878672,Frank,35,neutral,
stu_ZYUDW82089,cls_OUMSN73782,sch_QQLIR33891,YES,TST Respose 20,i am smart,0.655113634,Frank,43,positive,
stu_FBWGP41232,cls_JYBSH30995,sch_QQLIR33891,,TST Respose 9,I like to silly draw,0.6555952,Frank,26,positive,
stu_FBWGP41232,cls_JYBSH30995,sch_QQLIR33891,,TST Respose 9,I like to silly draw,0.6555952,Frank,24,positive,
stu_GXMFA19655,cls_PQLMX93290,sch_SIWHM63035,YES,TST Respose 2,athlete,0.655831994,Frank,29,neutral,
stu_WZRKM29688,cls_HEBLM24075,sch_KACVP55227,,TST Respose 7,i like football,0.655916212,Frank,29,positive,
stu_WZRKM29688,cls_HEBLM24075,sch_KACVP55227,,TST Respose 7,i like football,0.655916212,Frank,24,positive,
stu_FTOYB42084,cls_SLKYU63739,sch_QQLIR33891,YES,TST Respose 16,im a,0.655991689,Frank,48,none,
stu_ABSGH36082,cls_JYBSH30995,sch_QQLIR33891,,TST Respose 12,My favorite pet is a Dog,0.656052517,Frank,24,positive,
stu_TDURA35752,cls_USLPT75423,sch_QQLIR33891,YES,TST Respose 11,I am smart,0.656124536,Frank,43,positive,
stu_NZWIU92234,cls_JYBSH30995,sch_QQLIR33891,,TST Respose 9,I know how to cook spaghetti,0.65639545,Frank,31,neutral,
stu_UHXBA77476,cls_FBBRP25979,sch_QQLIR33891,,TST Respose 4,I dance,0.656400218,Frank,26,neutral,
stu_LDUML32113,cls_USLPT75423,sch_QQLIR33891,YES,TST Respose 19,im a dreadhead,0.656508585,Frank,35,neutral,
stu_EUIXK95276,cls_JDASF17902,sch_KACVP55227,,TST Respose 2,"I'm a student at the [SCHOOL NAME], I love dancing, singing, gym class, Art class, eating food",0.656848836,Frank,31,positive,
stu_EUIXK95276,cls_JDASF17902,sch_KACVP55227,,TST Respose 2,"I'm a student at the [SCHOOL NAME], I love dancing, singing, gym class, Art class, eating food",0.656848836,Frank,14,neutral,
stu_EUIXK95276,cls_JDASF17902,sch_KACVP55227,,TST Respose 2,"I'm a student at the [SCHOOL NAME], I love dancing, singing, gym class, Art class, eating food",0.656848836,Frank,24,positive,
stu_EUIXK95276,cls_JDASF17902,sch_KACVP55227,,TST Respose 2,"I'm a student at the [SCHOOL NAME], I love dancing, singing, gym class, Art class, eating food",0.656848836,Frank,26,positive,
stu_EUIXK95276,cls_JDASF17902,sch_KACVP55227,,TST Respose 2,"I'm a student at the [SCHOOL NAME], I love dancing, singing, gym class, Art class, eating food",0.656848836,Frank,29,positive,
stu_EHLZF06092,cls_MCLLA54915,sch_KACVP55227,YES,TST Respose 17,I love mcdonalds and wendys and dairy queen and sonics,0.657036986,Frank,24,positive,
stu_WHBZD81732,cls_AVBRA70624,sch_KACVP55227,YES,TST Respose 4,idiot,0.658183383,Frank,43,negative,
stu_OFAWH83528,cls_FBBRP25979,sch_QQLIR33891,,TST Respose 11,i like to got to funz,0.658301466,Frank,31,positive,
stu_OFAWH83528,cls_FBBRP25979,sch_QQLIR33891,,TST Respose 11,i like to got to funz,0.658301466,Frank,24,positive,
stu_SOWGI28002,cls_MAEBK64434,sch_QQLIR33891,,TST Respose 17,I am someone who loves Cape Verde,0.658427386,Frank,24,positive,
stu_SELBD60428,cls_AJBUO63250,sch_KACVP55227,,TST Respose 6,[FIRST LAST NAME],0.658441466,Frank,5,none,
stu_VSSOO37726,cls_HEBLM24075,sch_KACVP55227,YES,TST Respose 3,I like recesses,0.658799303,Frank,24,positive,
stu_FUILC09238,cls_HEBLM24075,sch_KACVP55227,,TST Respose 18,I'm nonchalant,0.658921859,Frank,42,neutral,
stu_VFKRH03938,cls_SLKYU63739,sch_QQLIR33891,,TST Respose 3,i am Portuguese and Cape Verden,0.659157683,Frank,7,portuguese and cape verdean,
stu_DERZZ01872,cls_GIJEF48865,sch_KACVP55227,,TST Respose 14,I have a cat,0.659183114,Frank,32,none,
stu_VQFBG95862,cls_USLPT75423,sch_QQLIR33891,,TST Respose 7,i am a happy guy,0.659355737,Frank,45,positive,
stu_VQFBG95862,cls_USLPT75423,sch_QQLIR33891,,TST Respose 7,i am a happy guy,0.659355737,Frank,2,boy,
stu_IGLSS89625,cls_VFZRA31361,sch_KACVP55227,YES,TST Respose 10,i like shool,0.659401135,Frank,24,positive,
stu_ZUARE93356,cls_MAEBK64434,sch_QQLIR33891,,TST Respose 8,My favorite drink is a mango smoothy,0.65943446,Frank,24,positive,
stu_FNVBP19615,cls_DLRQP13887,sch_QQLIR33891,,TST Respose 1,I am a girl.,0.659736313,Frank,2,girl,
stu_UAFAK64772,cls_AJBUO63250,sch_KACVP55227,YES,TST Respose 16,trustworthy,0.660479632,Frank,43,positive,
stu_RSKDK68207,cls_SIVDJ49041,sch_KACVP55227,,TST Respose 16,I like to make stories about culture and research things about that culture.,0.660651964,Frank,25,positive,
stu_RSKDK68207,cls_SIVDJ49041,sch_KACVP55227,,TST Respose 16,I like to make stories about culture and research things about that culture.,0.660651964,Frank,24,positive,
stu_RUBQU39803,cls_OUMSN73782,sch_QQLIR33891,,TST Respose 9,i am a lovely,0.660939537,Frank,48,none,
stu_DHTXQ91573,cls_VFZRA31361,sch_KACVP55227,YES,TST Respose 17,I am a students from 6 grades,0.661385756,Frank,22,sixthgrader,
stu_DHTXQ91573,cls_VFZRA31361,sch_KACVP55227,YES,TST Respose 17,I am a students from 6 grades,0.661385756,Frank,4,child,
stu_DHTXQ91573,cls_VFZRA31361,sch_KACVP55227,YES,TST Respose 17,I am a students from 6 grades,0.661385756,Frank,14,neutral,
stu_JERPG96865,cls_IZNZG32572,sch_KACVP55227,YES,TST Respose 20,i like games,0.661404429,Frank,28,positive,
stu_JERPG96865,cls_IZNZG32572,sch_KACVP55227,YES,TST Respose 20,i like games,0.661404429,Frank,24,positive,
stu_ROULI02103,cls_SLKYU63739,sch_QQLIR33891,YES,TST Respose 19,i love music,0.661983202,Frank,24,positive,
stu_ORUUL82324,cls_FBBRP25979,sch_QQLIR33891,,TST Respose 14,I have a VERY strict mother,0.662049898,Frank,12,neutral,
stu_JOKOV89559,cls_MAEBK64434,sch_QQLIR33891,,TST Respose 3,I am someone who works very hard,0.662116665,Frank,41,positive,
stu_CNIFN64507,cls_OUMSN73782,sch_QQLIR33891,YES,TST Respose 12,im caribbean,0.662501933,Frank,7,caribbean,
stu_IKUOQ66846,cls_USLPT75423,sch_QQLIR33891,YES,TST Respose 19,respects,0.662564394,Frank,48,none,
stu_WAWDW95831,cls_SYHWK05211,sch_KACVP55227,,TST Respose 13,I love soccer.,0.663207486,Frank,29,positive,
stu_WAWDW95831,cls_SYHWK05211,sch_KACVP55227,,TST Respose 13,I love soccer.,0.663207486,Frank,24,positive,
stu_BESSB35006,cls_CIIPB03795,sch_RSWHG50450,YES,TST Respose 14,im 12,0.663268042,Frank,4,12,
stu_XSQUV53095,cls_OUMSN73782,sch_QQLIR33891,YES,TST Respose 16,I AM [FIRST NAME] A WRITER,0.66335099,Frank,24,neutral,
stu_XSQUV53095,cls_OUMSN73782,sch_QQLIR33891,YES,TST Respose 16,I AM [FIRST NAME] A WRITER,0.66335099,Frank,5,none,
stu_FQEST23326,cls_JTMRB81339,sch_KACVP55227,YES,TST Respose 2,I am nice,0.663465557,Frank,44,positive,
stu_JERPG96865,cls_IZNZG32572,sch_KACVP55227,YES,TST Respose 19,i like music,0.663576813,Frank,24,positive,
stu_PKXZK94759,cls_JYBSH30995,sch_QQLIR33891,,TST Respose 9,I'm somebody who likes to use TikTok,0.663668848,Frank,27,positive,
stu_PKXZK94759,cls_JYBSH30995,sch_QQLIR33891,,TST Respose 9,I'm somebody who likes to use TikTok,0.663668848,Frank,24,positive,
stu_IZQGI75719,cls_JYBSH30995,sch_QQLIR33891,,TST Respose 7,i wear glasses,0.66447023,Frank,35,neutral,
stu_QOGPO20181,cls_AVBRA70624,sch_KACVP55227,YES,TST Respose 20,My favorite food is Chick fil a,0.664754122,Frank,24,positive,
stu_ECYEC76336,cls_OUMSN73782,sch_QQLIR33891,YES,TST Respose 14,I am a person who likes R&B music,0.66489946,Frank,24,positive,
stu_ECYEC76336,cls_OUMSN73782,sch_QQLIR33891,YES,TST Respose 14,I am a person who likes R&B music,0.66489946,Frank,21,none,
stu_TYPZX10676,cls_YLGBO89611,sch_KACVP55227,,TST Respose 16,i love reading,0.665119504,Frank,25,positive,
stu_TYPZX10676,cls_YLGBO89611,sch_KACVP55227,,TST Respose 16,i love reading,0.665119504,Frank,24,positive,
stu_WYTLH51489,cls_AJBUO63250,sch_KACVP55227,YES,TST Respose 4,I like to play sports,0.665234455,Frank,29,positive,
stu_WYTLH51489,cls_AJBUO63250,sch_KACVP55227,YES,TST Respose 4,I like to play sports,0.665234455,Frank,24,positive,
stu_TYPZX10676,cls_YLGBO89611,sch_KACVP55227,,TST Respose 13,"i like when you can choose your music while doing it,",0.665441395,Frank,24,positive,
stu_NWRRN03456,cls_MCLLA54915,sch_KACVP55227,,TST Respose 1,I'm an English Speaker,0.665604998,Frank,25,neutral,
stu_NWRRN03456,cls_MCLLA54915,sch_KACVP55227,,TST Respose 1,I'm an English Speaker,0.665604998,Frank,22,speaksenglish,
stu_RSKDK68207,cls_SIVDJ49041,sch_KACVP55227,,TST Respose 18,I made up my own language called Acrian.,0.665697806,Frank,31,neutral,
stu_WDDQQ92015,cls_YLGBO89611,sch_KACVP55227,,TST Respose 15,i am a student,0.666193361,Frank,14,neutral,
stu_VNSDU81090,cls_JYBSH30995,sch_QQLIR33891,,TST Respose 18,i have a lot of cards,0.666726401,Frank,32,none,
stu_LVOOZ80056,cls_OUMSN73782,sch_QQLIR33891,YES,TST Respose 2,I like playing sports.,0.667166418,Frank,29,positive,
stu_LVOOZ80056,cls_OUMSN73782,sch_QQLIR33891,YES,TST Respose 2,I like playing sports.,0.667166418,Frank,24,positive,
stu_WAFQN21754,cls_TNHXN45809,sch_RSWHG50450,YES,TST Respose 13,I show ownership,0.667213069,Frank,43,positive,
stu_OFAWH83528,cls_FBBRP25979,sch_QQLIR33891,,TST Respose 14,i like led pencils,0.667428523,Frank,24,positive,
stu_FWPPR22255,cls_YFPVJ06178,sch_KACVP55227,YES,TST Respose 9,I like my teacher,0.668265034,Frank,24,positive,
stu_FWPPR22255,cls_YFPVJ06178,sch_KACVP55227,YES,TST Respose 9,I like my teacher,0.668265034,Frank,14,positive,
stu_WRQAA62017,cls_GIJEF48865,sch_KACVP55227,,TST Respose 16,I am hungry,0.668520452,Frank,27,neutral,
stu_JERPG96865,cls_IZNZG32572,sch_KACVP55227,YES,TST Respose 6,i like red,0.669315181,Frank,24,positive,
stu_KWLPL21630,cls_SIVDJ49041,sch_KACVP55227,,TST Respose 12,I like regelar show.,0.669495104,Frank,24,positive,
stu_IGWBR81023,cls_DLRQP13887,sch_QQLIR33891,,TST Respose 8,i am a competitive cheerleader,0.669820402,Frank,29,neutral,
stu_VGJIS59600,cls_DLRQP13887,sch_QQLIR33891,,TST Respose 19,I like writting poems,0.670019429,Frank,25,positive,
stu_VGJIS59600,cls_DLRQP13887,sch_QQLIR33891,,TST Respose 19,I like writting poems,0.670019429,Frank,24,positive,
stu_SBUBU63586,cls_OUKFK08724,sch_RSWHG50450,YES,TST Respose 4,i am a cook,0.670723082,Frank,31,neutral,
stu_CPBCK00658,cls_SIVDJ49041,sch_KACVP55227,,TST Respose 11,I like my friends,0.67080265,Frank,24,positive,
stu_CPBCK00658,cls_SIVDJ49041,sch_KACVP55227,,TST Respose 11,I like my friends,0.67080265,Frank,10,positive,
stu_IGWBR81023,cls_DLRQP13887,sch_QQLIR33891,,TST Respose 17,i dont like a lot of attention,0.67095744,Frank,44,negative,
stu_IGWBR81023,cls_DLRQP13887,sch_QQLIR33891,,TST Respose 17,i dont like a lot of attention,0.67095744,Frank,24,negative,
stu_FPTDO32773,cls_TNHXN45809,sch_RSWHG50450,YES,TST Respose 17,Thoughtful,0.671108034,Frank,45,positive,
stu_IDHIE84911,cls_YFPVJ06178,sch_KACVP55227,YES,TST Respose 14,am sleepy,0.671212175,Frank,47,neutral,
stu_TDURA35752,cls_USLPT75423,sch_QQLIR33891,YES,TST Respose 3,I am a student,0.672429882,Frank,14,neutral,
stu_SBUBU63586,cls_OUKFK08724,sch_RSWHG50450,YES,TST Respose 18,i am a girl who dose mathia,0.672678757,Frank,47,neutral,
stu_SBUBU63586,cls_OUKFK08724,sch_RSWHG50450,YES,TST Respose 18,i am a girl who dose mathia,0.672678757,Frank,2,girl,
stu_NXWSI70882,cls_MCLLA54915,sch_KACVP55227,YES,TST Respose 1,a mathematician,0.672739553,Frank,25,neutral,
stu_CETOG17008,cls_USLPT75423,sch_QQLIR33891,YES,TST Respose 20,grinder,0.673071959,Frank,41,positive,
stu_KWLPL21630,cls_SIVDJ49041,sch_KACVP55227,,TST Respose 3,I speak French too.,0.673895585,Frank,25,neutral,
stu_KWLPL21630,cls_SIVDJ49041,sch_KACVP55227,,TST Respose 3,I speak French too.,0.673895585,Frank,22,speaksfrench,
stu_QACJQ31561,cls_JYBSH30995,sch_QQLIR33891,,TST Respose 3,im haitian,0.673899359,Frank,7,haitian,
stu_TDURA35752,cls_USLPT75423,sch_QQLIR33891,YES,TST Respose 6,I am 13,0.674423168,Frank,4,13,
stu_WWNBY52737,cls_OUMSN73782,sch_QQLIR33891,YES,TST Respose 5,I am a girl.,0.674536753,Frank,2,girl,
stu_FPTDO32773,cls_TNHXN45809,sch_RSWHG50450,YES,TST Respose 11,a niece,0.674737886,Frank,12,neutral,
stu_FPTDO32773,cls_TNHXN45809,sch_RSWHG50450,YES,TST Respose 11,a niece,0.674737886,Frank,2,girl,
stu_TRKWP48352,cls_MAEBK64434,sch_QQLIR33891,,TST Respose 18,I like my bed,0.674744352,Frank,24,positive,
stu_ABSGH36082,cls_JYBSH30995,sch_QQLIR33891,,TST Respose 7,I LOVE CATS,0.67474695,Frank,24,positive,
stu_WHBZD81732,cls_AVBRA70624,sch_KACVP55227,YES,TST Respose 13,i like nothing else,0.675068714,Frank,24,neutral,
stu_DUOEM76163,cls_FXSNE83092,sch_QQLIR33891,,TST Respose 14,My favorite animal is a lion,0.67528855,Frank,24,positive,
stu_PUHUL75671,cls_HEZZN95002,sch_QQLIR33891,,TST Respose 5,14,0.675423627,Frank,4,14,
stu_PFDTL78462,cls_NUSEI70378,sch_KACVP55227,,TST Respose 17,I like my phone.,0.675606579,Frank,27,positive,
stu_PFDTL78462,cls_NUSEI70378,sch_KACVP55227,,TST Respose 17,I like my phone.,0.675606579,Frank,24,positive,
stu_KOUYR40301,cls_SYHWK05211,sch_KACVP55227,,TST Respose 10,i like jordans,0.675862403,Frank,24,positive,
stu_WHBZD81732,cls_AVBRA70624,sch_KACVP55227,YES,TST Respose 3,brown,0.676440345,Frank,6,brown,
stu_EQSJM78476,cls_FBBRP25979,sch_QQLIR33891,,TST Respose 7,I hate writing,0.676455062,Frank,25,negative,
stu_EQSJM78476,cls_FBBRP25979,sch_QQLIR33891,,TST Respose 7,I hate writing,0.676455062,Frank,24,negative,
stu_OCRTY88035,cls_MAEBK64434,sch_QQLIR33891,,TST Respose 18,I am someone that want to finish high school,0.67646706,Frank,47,neutral,
stu_KWLPL21630,cls_SIVDJ49041,sch_KACVP55227,,TST Respose 5,I'm a girl.,0.676605312,Frank,2,girl,
stu_VOXTG50835,cls_NUSEI70378,sch_KACVP55227,,TST Respose 9,I like clothing,0.676924211,Frank,30,positive,
stu_VOXTG50835,cls_NUSEI70378,sch_KACVP55227,,TST Respose 9,I like clothing,0.676924211,Frank,24,positive,
stu_NRKZA72454,cls_MCLLA54915,sch_KACVP55227,YES,TST Respose 9,I like turtles.,0.676999784,Frank,24,positive,
stu_THKBG93560,cls_OUMSN73782,sch_QQLIR33891,YES,TST Respose 3,I'm a Hard workings student?,0.677116534,Frank,41,positive,
stu_THKBG93560,cls_OUMSN73782,sch_QQLIR33891,YES,TST Respose 3,I'm a Hard workings student?,0.677116534,Frank,14,neutral,
stu_CTAZU65504,cls_USLPT75423,sch_QQLIR33891,YES,TST Respose 5,I am helpful,0.677192096,Frank,44,positive,
stu_OFAWH83528,cls_FBBRP25979,sch_QQLIR33891,,TST Respose 17,I like playing inside,0.677229059,Frank,31,positive,
stu_OFAWH83528,cls_FBBRP25979,sch_QQLIR33891,,TST Respose 17,I like playing inside,0.677229059,Frank,24,positive,
stu_VENGZ10475,cls_HEZZN95002,sch_QQLIR33891,,TST Respose 19,Doesn't like math much,0.677229632,Frank,25,negative,
stu_VENGZ10475,cls_HEZZN95002,sch_QQLIR33891,,TST Respose 19,Doesn't like math much,0.677229632,Frank,24,negative,
stu_NJZBY59884,cls_MAEBK64434,sch_QQLIR33891,,TST Respose 5,"my fav shoes are jordans,nike",0.677769742,Frank,24,positive,
stu_VNSDU81090,cls_JYBSH30995,sch_QQLIR33891,,TST Respose 8,my favorite things is staying after school,0.67876286,Frank,31,positive,
stu_VNSDU81090,cls_JYBSH30995,sch_QQLIR33891,,TST Respose 8,my favorite things is staying after school,0.67876286,Frank,24,positive,
stu_ZYUDW82089,cls_OUMSN73782,sch_QQLIR33891,YES,TST Respose 11,i like computers,0.679178111,Frank,27,positive,
stu_ZYUDW82089,cls_OUMSN73782,sch_QQLIR33891,YES,TST Respose 11,i like computers,0.679178111,Frank,24,positive,
stu_NWVEW24693,cls_AVBRA70624,sch_KACVP55227,YES,TST Respose 18,i like nike,0.681246906,Frank,24,positive,
stu_FASQN45304,cls_MAEBK64434,sch_QQLIR33891,,TST Respose 18,I am someone who likes to hang out with friends.,0.681613079,Frank,24,positive,
stu_FASQN45304,cls_MAEBK64434,sch_QQLIR33891,,TST Respose 18,I am someone who likes to hang out with friends.,0.681613079,Frank,10,positive,
stu_NKHRJ04957,cls_FBBRP25979,sch_QQLIR33891,,TST Respose 14,my birthday is on [DATE],0.681623073,Frank,22,birthday,
stu_MKEGQ97127,cls_GIJEF48865,sch_KACVP55227,,TST Respose 19,I'm a pretty young woman,0.682028985,Frank,2,girl,
stu_CDXSC86692,cls_MAEBK64434,sch_QQLIR33891,,TST Respose 6,I am a person with brown eyes,0.683404973,Frank,35,neutral,
stu_CDXSC86692,cls_MAEBK64434,sch_QQLIR33891,,TST Respose 6,I am a person with brown eyes,0.683404973,Frank,21,none,
stu_HLKZL24322,cls_MAEBK64434,sch_QQLIR33891,,TST Respose 14,a person who like a sports team,0.683458331,Frank,24,positive,
stu_HLKZL24322,cls_MAEBK64434,sch_QQLIR33891,,TST Respose 14,a person who like a sports team,0.683458331,Frank,21,none,
stu_VTRUH97046,cls_DLRQP13887,sch_QQLIR33891,,TST Respose 14,I have green eyes.,0.683531111,Frank,35,neutral,
stu_IZQGI75719,cls_JYBSH30995,sch_QQLIR33891,,TST Respose 9,my favorite show is stranger things,0.683739978,Frank,24,positive,
stu_PNNIR08301,cls_HJQZF25095,sch_KACVP55227,YES,TST Respose 20,I like candy.,0.683827448,Frank,24,positive,
stu_LNFOE66635,cls_AJBUO63250,sch_KACVP55227,YES,TST Respose 3,a basketball player,0.684970892,Frank,29,neutral,
stu_GXIYC47970,cls_SLKYU63739,sch_QQLIR33891,YES,TST Respose 13,i am someone who likes to be home a lot,0.685080117,Frank,31,positive,
stu_GXIYC47970,cls_SLKYU63739,sch_QQLIR33891,YES,TST Respose 13,i am someone who likes to be home a lot,0.685080117,Frank,24,positive,
stu_PUNZK45438,cls_SLKYU63739,sch_QQLIR33891,YES,TST Respose 8,i love my family,0.685164977,Frank,24,positive,
stu_PUNZK45438,cls_SLKYU63739,sch_QQLIR33891,YES,TST Respose 8,i love my family,0.685164977,Frank,12,positive,
stu_QPHPK12517,cls_HEZZN95002,sch_QQLIR33891,,TST Respose 17,best The Finals player,0.685350971,Frank,28,positive,
stu_PSHPN85751,cls_SYHWK05211,sch_KACVP55227,,TST Respose 13,bye,0.685357195,Frank,48,none,
stu_UHXBA77476,cls_FBBRP25979,sch_QQLIR33891,,TST Respose 17,I have a pet lizard,0.686171322,Frank,35,neutral,
stu_FTOYB42084,cls_SLKYU63739,sch_QQLIR33891,YES,TST Respose 19,im a kind person,0.686342005,Frank,44,positive,
stu_FTOYB42084,cls_SLKYU63739,sch_QQLIR33891,YES,TST Respose 19,im a kind person,0.686342005,Frank,21,none,
stu_HBPKA70291,cls_CIIPB03795,sch_RSWHG50450,YES,TST Respose 8,love matia,0.686494568,Frank,25,positive,
stu_HBPKA70291,cls_CIIPB03795,sch_RSWHG50450,YES,TST Respose 8,love matia,0.686494568,Frank,24,positive,
stu_WHBZD81732,cls_AVBRA70624,sch_KACVP55227,YES,TST Respose 8,i dont like outside,0.686936845,Frank,24,negative,
stu_PUNZK45438,cls_SLKYU63739,sch_QQLIR33891,YES,TST Respose 4,I am smart at math,0.687158114,Frank,43,positive,
stu_HXXCS05602,cls_USLPT75423,sch_QQLIR33891,YES,TST Respose 15,i'm her,0.687878654,Frank,2,girl,
stu_MKEGQ97127,cls_GIJEF48865,sch_KACVP55227,,TST Respose 20,I love my family,0.688366298,Frank,24,positive,
stu_MKEGQ97127,cls_GIJEF48865,sch_KACVP55227,,TST Respose 20,I love my family,0.688366298,Frank,12,positive,
stu_WYTLH51489,cls_AJBUO63250,sch_KACVP55227,YES,TST Respose 19,I like being nice,0.688484483,Frank,44,positive,
stu_WYTLH51489,cls_AJBUO63250,sch_KACVP55227,YES,TST Respose 19,I like being nice,0.688484483,Frank,23,positive,
stu_HLKZL24322,cls_MAEBK64434,sch_QQLIR33891,,TST Respose 10,a sleeper,0.688609706,Frank,31,neutral,
stu_RUZUK44953,cls_HOJKW39162,sch_KACVP55227,YES,TST Respose 7,I am Haitian,0.68994648,Frank,7,haitian,
stu_CLLRZ76280,cls_MAEBK64434,sch_QQLIR33891,,TST Respose 11,I like watching tv,0.69022817,Frank,31,positive,
stu_CLLRZ76280,cls_MAEBK64434,sch_QQLIR33891,,TST Respose 11,I like watching tv,0.69022817,Frank,24,positive,
stu_HMQRZ27503,cls_YFPVJ06178,sch_KACVP55227,YES,TST Respose 8,I am a sigma,0.690580069,Frank,42,positive,
stu_UYUIH18635,cls_FBBRP25979,sch_QQLIR33891,,TST Respose 12,i like the color black,0.690637909,Frank,24,positive,
stu_CPVXX19825,cls_MAEBK64434,sch_QQLIR33891,,TST Respose 7,I am the oldest child,0.691244039,Frank,12,neutral,
stu_PYEUW09959,cls_HEZZN95002,sch_QQLIR33891,,TST Respose 17,I like to give back to my community,0.6914028,Frank,40,positive,
stu_PYEUW09959,cls_HEZZN95002,sch_QQLIR33891,,TST Respose 17,I like to give back to my community,0.6914028,Frank,24,positive,
stu_VQFBG95862,cls_USLPT75423,sch_QQLIR33891,,TST Respose 20,i am a all a student,0.692057706,Frank,43,positive,
stu_VQFBG95862,cls_USLPT75423,sch_QQLIR33891,,TST Respose 20,i am a all a student,0.692057706,Frank,14,positive,
stu_UEYTM01990,cls_HOJKW39162,sch_KACVP55227,YES,TST Respose 16,I like to do math,0.692482797,Frank,25,positive,
stu_UEYTM01990,cls_HOJKW39162,sch_KACVP55227,YES,TST Respose 16,I like to do math,0.692482797,Frank,24,positive,
stu_YPZIM54297,cls_MAEBK64434,sch_QQLIR33891,,TST Respose 8,I am indisisive person,0.692660841,Frank,42,neutral,
stu_YPZIM54297,cls_MAEBK64434,sch_QQLIR33891,,TST Respose 8,I am indisisive person,0.692660841,Frank,21,none,
stu_OCRTY88035,cls_MAEBK64434,sch_QQLIR33891,,TST Respose 5,I am someone that there birthday is in june.,0.692673243,Frank,22,june birthdays,
stu_KJOZZ30475,cls_HOJKW39162,sch_KACVP55227,YES,TST Respose 20,I was stressed about answering these questions.,0.855891253,Frank,47,negative,
stu_FTOYB42084,cls_SLKYU63739,sch_QQLIR33891,YES,TST Respose 14,im a cancer,0.692745032,Frank,22,astrology,
stu_PNNIR08301,cls_HJQZF25095,sch_KACVP55227,YES,TST Respose 10,I am Christan.,0.692844543,Frank,23,christian,
stu_IZQGI75719,cls_JYBSH30995,sch_QQLIR33891,,TST Respose 3,im 12 years old,0.692944383,Frank,4,12,
stu_HMQRZ27503,cls_YFPVJ06178,sch_KACVP55227,YES,TST Respose 1,I am short i wis I was tall,0.693507926,Frank,35,neutral,
stu_CHVFQ54169,cls_JYBSH30995,sch_QQLIR33891,,TST Respose 12,I Like playing bored game,0.69399366,Frank,28,positive,
stu_CHVFQ54169,cls_JYBSH30995,sch_QQLIR33891,,TST Respose 12,I Like playing bored game,0.69399366,Frank,24,positive,
stu_MXNSB23169,cls_HJQZF25095,sch_KACVP55227,,TST Respose 19,I like bugatti.,0.694118655,Frank,24,positive,
stu_EHYTZ32137,cls_USLPT75423,sch_QQLIR33891,YES,TST Respose 14,I'm a loud person,0.694265102,Frank,44,positive,
stu_EHYTZ32137,cls_USLPT75423,sch_QQLIR33891,YES,TST Respose 14,I'm a loud person,0.694265102,Frank,21,none,
stu_RUBQU39803,cls_OUMSN73782,sch_QQLIR33891,,TST Respose 6,i am beautiful,0.694328537,Frank,35,positive,
stu_FQEST23326,cls_JTMRB81339,sch_KACVP55227,YES,TST Respose 5,I am a Child,0.694415179,Frank,4,child,
stu_VNSDU81090,cls_JYBSH30995,sch_QQLIR33891,,TST Respose 16,i have 1 sister,0.694469341,Frank,12,neutral,
stu_SULZI60933,cls_JYBSH30995,sch_QQLIR33891,,TST Respose 2,I'm a girl,0.694530323,Frank,2,girl,
stu_CWQDV67579,cls_CIIPB03795,sch_RSWHG50450,YES,TST Respose 5,I like games,0.694530678,Frank,28,positive,
stu_CWQDV67579,cls_CIIPB03795,sch_RSWHG50450,YES,TST Respose 5,I like games,0.694530678,Frank,24,positive,
stu_WWNBY52737,cls_OUMSN73782,sch_QQLIR33891,YES,TST Respose 11,I am apart of equity Counsil.,0.694937204,Frank,18,equity council,
stu_ANQAT24428,cls_MAEBK64434,sch_QQLIR33891,,TST Respose 20,i like to ride my scooter,0.694944442,Frank,24,positive,
stu_IDHIE84911,cls_YFPVJ06178,sch_KACVP55227,YES,TST Respose 2,am sleepy,0.69506003,Frank,47,neutral,
stu_OIYXZ27717,cls_MAEBK64434,sch_QQLIR33891,,TST Respose 2,I am someone who likes the color red,0.695222929,Frank,24,positive,
stu_FBWGP41232,cls_JYBSH30995,sch_QQLIR33891,,TST Respose 7,I have 3 brothers,0.695388926,Frank,12,neutral,
stu_CDGKD03653,cls_JYBSH30995,sch_QQLIR33891,,TST Respose 5,i play soccer,0.695542142,Frank,29,neutral,
stu_BJJXN95776,cls_MAEBK64434,sch_QQLIR33891,,TST Respose 2,I love basketball,0.695563566,Frank,24,positive,
stu_EQSJM78476,cls_FBBRP25979,sch_QQLIR33891,,TST Respose 17,i hate sundays,0.69565553,Frank,24,negative,
stu_OQLOS45541,cls_USLPT75423,sch_QQLIR33891,YES,TST Respose 9,I'm an adventurer.,0.695956752,Frank,45,positive,
stu_CPVXX19825,cls_MAEBK64434,sch_QQLIR33891,,TST Respose 10,I am a boy,0.696045129,Frank,2,boy,
stu_UYUIH18635,cls_FBBRP25979,sch_QQLIR33891,,TST Respose 2,Im a football player,0.696216192,Frank,29,neutral,
stu_EHLZF06092,cls_MCLLA54915,sch_KACVP55227,YES,TST Respose 10,I love animals,0.696453986,Frank,24,positive,
stu_EJIML93711,cls_AJBUO63250,sch_KACVP55227,,TST Respose 9,I like to color,0.696544922,Frank,26,positive,
stu_EJIML93711,cls_AJBUO63250,sch_KACVP55227,,TST Respose 9,I like to color,0.696544922,Frank,24,positive,
stu_EQSJM78476,cls_FBBRP25979,sch_QQLIR33891,,TST Respose 19,i dont like [FIRST NAME],0.697012074,Frank,24,negative,
stu_YSQPA55709,cls_OUMSN73782,sch_QQLIR33891,,TST Respose 3,im smart,0.697036249,Frank,43,positive,
stu_QQAHK93946,cls_FXSNE83092,sch_QQLIR33891,,TST Respose 5,I like Koi fishes,0.697105526,Frank,24,positive,
stu_FPTDO32773,cls_TNHXN45809,sch_RSWHG50450,YES,TST Respose 4,Student,0.697961172,Frank,14,neutral,
stu_OMSFY97090,cls_VFZRA31361,sch_KACVP55227,YES,TST Respose 19,im a students,0.698092899,Frank,14,neutral,
stu_KWLPL21630,cls_SIVDJ49041,sch_KACVP55227,,TST Respose 20,I like wearing glasses for fashion.,0.698132372,Frank,30,positive,
stu_KWLPL21630,cls_SIVDJ49041,sch_KACVP55227,,TST Respose 20,I like wearing glasses for fashion.,0.698132372,Frank,24,positive,
stu_DERZZ01872,cls_GIJEF48865,sch_KACVP55227,,TST Respose 7,I like social study's,0.698273782,Frank,25,positive,
stu_DERZZ01872,cls_GIJEF48865,sch_KACVP55227,,TST Respose 7,I like social study's,0.698273782,Frank,24,positive,
stu_WEADW20158,cls_JYBSH30995,sch_QQLIR33891,,TST Respose 1,Im a boy,0.69832984,Frank,2,boy,
stu_GXMFA19655,cls_PQLMX93290,sch_SIWHM63035,YES,TST Respose 20,i am independent,0.698632174,Frank,44,positive,
stu_OFAWH83528,cls_FBBRP25979,sch_QQLIR33891,,TST Respose 3,i enjoy athletic stuff,0.698858372,Frank,29,positive,
stu_OFAWH83528,cls_FBBRP25979,sch_QQLIR33891,,TST Respose 3,i enjoy athletic stuff,0.698858372,Frank,24,positive,
stu_CWQDV67579,cls_CIIPB03795,sch_RSWHG50450,YES,TST Respose 16,I am good,0.699250801,Frank,40,positive,
stu_MZIVN56293,cls_HEZZN95002,sch_QQLIR33891,,TST Respose 6,im a honors student,0.699974493,Frank,43,positive,
stu_MZIVN56293,cls_HEZZN95002,sch_QQLIR33891,,TST Respose 6,im a honors student,0.699974493,Frank,14,positive,
stu_THKBG93560,cls_OUMSN73782,sch_QQLIR33891,YES,TST Respose 4,I'm a mixed cape Verden boy.,0.700194545,Frank,7,mixedcapeverdean,
stu_THKBG93560,cls_OUMSN73782,sch_QQLIR33891,YES,TST Respose 4,I'm a mixed cape Verden boy.,0.700194545,Frank,2,boy,
stu_FWPPR22255,cls_YFPVJ06178,sch_KACVP55227,YES,TST Respose 19,I want more game,0.70051247,Frank,33,none,
stu_FWPPR22255,cls_YFPVJ06178,sch_KACVP55227,YES,TST Respose 19,I want more game,0.70051247,Frank,28,positive,
stu_OAZKI17777,cls_TNHXN45809,sch_RSWHG50450,YES,TST Respose 14,[LETTER OF NAME],0.701443975,Frank,5,none,
stu_YXJEP22115,cls_USLPT75423,sch_QQLIR33891,YES,TST Respose 7,I am a good writer,0.701726388,Frank,25,positive,
stu_NWRRN03456,cls_MCLLA54915,sch_KACVP55227,,TST Respose 20,I'm Catholic and I also go to church.,0.702065685,Frank,31,neutral,
stu_NWRRN03456,cls_MCLLA54915,sch_KACVP55227,,TST Respose 20,I'm Catholic and I also go to church.,0.702065685,Frank,16,catholic,
stu_KJOZZ30475,cls_HOJKW39162,sch_KACVP55227,YES,TST Respose 3,I am an overthinker at times.,0.487501991,Clara,44,negative,
stu_UEYTM01990,cls_HOJKW39162,sch_KACVP55227,YES,TST Respose 14,I wear glasses,0.702542803,Frank,35,neutral,
stu_QQAHK93946,cls_FXSNE83092,sch_QQLIR33891,,TST Respose 19,I like Listening to traditional music,0.70267588,Frank,24,positive,
stu_NMWSA27732,cls_UZFMO35109,sch_QQLIR33891,,TST Respose 12,I like to learn new things,0.703102369,Frank,25,positive,
stu_NMWSA27732,cls_UZFMO35109,sch_QQLIR33891,,TST Respose 12,I like to learn new things,0.703102369,Frank,24,positive,
stu_KFYJM61476,cls_SYHWK05211,sch_KACVP55227,YES,TST Respose 17,I hate bugs.,0.70337419,Frank,24,negative,
stu_VENGZ10475,cls_HEZZN95002,sch_QQLIR33891,,TST Respose 11,A gamer,0.703396462,Frank,28,neutral,
stu_FBOFA96484,cls_MAEBK64434,sch_QQLIR33891,,TST Respose 18,i am a person that is smart,0.703639432,Frank,43,positive,
stu_FBOFA96484,cls_MAEBK64434,sch_QQLIR33891,,TST Respose 18,i am a person that is smart,0.703639432,Frank,21,none,
stu_XUDYN03051,cls_FXSNE83092,sch_QQLIR33891,,TST Respose 15,I have many friends,0.703994915,Frank,10,neutral,
stu_EUWJA76858,cls_HJQZF25095,sch_KACVP55227,YES,TST Respose 20,I like mathia.,0.704157365,Frank,25,positive,
stu_EUWJA76858,cls_HJQZF25095,sch_KACVP55227,YES,TST Respose 20,I like mathia.,0.704157365,Frank,24,positive,
stu_UJNMI16598,cls_OUKFK08724,sch_RSWHG50450,,TST Respose 7,Clarinet player,0.704362896,Frank,26,neutral,
stu_CTAZU65504,cls_USLPT75423,sch_QQLIR33891,YES,TST Respose 19,I like to hang out with friends,0.704454832,Frank,31,positive,
stu_CTAZU65504,cls_USLPT75423,sch_QQLIR33891,YES,TST Respose 19,I like to hang out with friends,0.704454832,Frank,10,positive,
stu_CTAZU65504,cls_USLPT75423,sch_QQLIR33891,YES,TST Respose 19,I like to hang out with friends,0.704454832,Frank,24,positive,
stu_ZARRQ26344,cls_JYBSH30995,sch_QQLIR33891,,TST Respose 15,i like shoping with my mom,0.704473044,Frank,24,positive,
stu_ZARRQ26344,cls_JYBSH30995,sch_QQLIR33891,,TST Respose 15,i like shoping with my mom,0.704473044,Frank,12,positive,
stu_OFAWH83528,cls_FBBRP25979,sch_QQLIR33891,,TST Respose 2,i like soccer,0.704901338,Frank,24,positive,
stu_ZQMQQ26810,cls_HEBLM24075,sch_KACVP55227,,TST Respose 6,i am friends with a lot of people,0.704957612,Frank,10,positive,
stu_VUNQZ79892,cls_CIIPB03795,sch_RSWHG50450,YES,TST Respose 9,im a grandahter,0.705642937,Frank,12,neutral,
stu_VUNQZ79892,cls_CIIPB03795,sch_RSWHG50450,YES,TST Respose 9,im a grandahter,0.705642937,Frank,2,girl,
stu_XHPVX80161,cls_TNHXN45809,sch_RSWHG50450,,TST Respose 5,i am my mothers child,0.706346059,Frank,12,neutral,
stu_XHPVX80161,cls_TNHXN45809,sch_RSWHG50450,,TST Respose 5,i am my mothers child,0.706346059,Frank,4,child,
stu_FQEST23326,cls_JTMRB81339,sch_KACVP55227,YES,TST Respose 10,a sister,0.706536311,Frank,12,neutral,
stu_FQEST23326,cls_JTMRB81339,sch_KACVP55227,YES,TST Respose 10,a sister,0.706536311,Frank,2,girl,
stu_XUDYN03051,cls_FXSNE83092,sch_QQLIR33891,,TST Respose 6,I am the middle child,0.707115995,Frank,12,neutral,
stu_XUDYN03051,cls_FXSNE83092,sch_QQLIR33891,,TST Respose 6,I am the middle child,0.707115995,Frank,4,child,
stu_EJIML93711,cls_AJBUO63250,sch_KACVP55227,,TST Respose 14,I like shopping,0.707312081,Frank,31,positive,
stu_EJIML93711,cls_AJBUO63250,sch_KACVP55227,,TST Respose 14,I like shopping,0.707312081,Frank,24,positive,
stu_VUNQZ79892,cls_CIIPB03795,sch_RSWHG50450,YES,TST Respose 6,im a coisn,0.707356824,Frank,12,neutral,
stu_CINVJ49388,cls_HEZZN95002,sch_QQLIR33891,,TST Respose 11,[FIRST NAME] friend,0.707556406,Frank,10,positive,
stu_KOIIB68446,cls_JYBSH30995,sch_QQLIR33891,,TST Respose 7,I wanna travel around the world,0.707652982,Frank,31,neutral,
stu_YNVPH88845,cls_MMBNN48363,sch_QQLIR33891,,TST Respose 3,I like math,0.707891002,Frank,25,positive,
stu_YNVPH88845,cls_MMBNN48363,sch_QQLIR33891,,TST Respose 3,I like math,0.707891002,Frank,24,positive,
stu_YXJEP22115,cls_USLPT75423,sch_QQLIR33891,YES,TST Respose 5,I am an athlete,0.708069903,Frank,29,neutral,
stu_OAZKI17777,cls_TNHXN45809,sch_RSWHG50450,YES,TST Respose 7,[LETTER OF NAME],0.708403587,Frank,5,none,
stu_MXNSB23169,cls_HJQZF25095,sch_KACVP55227,,TST Respose 10,I am a happy person.,0.709041362,Frank,45,positive,
stu_MXNSB23169,cls_HJQZF25095,sch_KACVP55227,,TST Respose 10,I am a happy person.,0.709041362,Frank,21,none,
stu_ORUUL82324,cls_FBBRP25979,sch_QQLIR33891,,TST Respose 15,I'm not a good runner,0.709205285,Frank,29,negative,
stu_EHYTZ32137,cls_USLPT75423,sch_QQLIR33891,YES,TST Respose 16,i'm cape verdan,0.709323113,Frank,7,cape verdean,
stu_FBWGP41232,cls_JYBSH30995,sch_QQLIR33891,,TST Respose 13,I like to relax,0.709730599,Frank,31,positive,
stu_FBWGP41232,cls_JYBSH30995,sch_QQLIR33891,,TST Respose 13,I like to relax,0.709730599,Frank,24,positive,
stu_RNIHY62490,cls_OUMSN73782,sch_QQLIR33891,YES,TST Respose 1,I am 11 years old,0.70992234,Frank,4,11,
stu_FBOFA96484,cls_MAEBK64434,sch_QQLIR33891,,TST Respose 10,i like the color bule,0.709961376,Frank,24,positive,
stu_MYCLF44200,cls_UZFMO35109,sch_QQLIR33891,,TST Respose 6,I love the baltimore ravens.,0.709992038,Frank,24,positive,
stu_SULZI60933,cls_JYBSH30995,sch_QQLIR33891,,TST Respose 17,i like helping people,0.710193683,Frank,44,positive,
stu_SULZI60933,cls_JYBSH30995,sch_QQLIR33891,,TST Respose 17,i like helping people,0.710193683,Frank,24,positive,
stu_PXDPN73068,cls_FBBRP25979,sch_QQLIR33891,,TST Respose 15,I'm the favorite child,0.710589621,Frank,12,positive,
stu_PXDPN73068,cls_FBBRP25979,sch_QQLIR33891,,TST Respose 15,I'm the favorite child,0.710589621,Frank,4,child,
stu_VNSDU81090,cls_JYBSH30995,sch_QQLIR33891,,TST Respose 20,i like doing homwork,0.71087648,Frank,25,positive,
stu_VNSDU81090,cls_JYBSH30995,sch_QQLIR33891,,TST Respose 20,i like doing homwork,0.71087648,Frank,24,positive,
stu_BESSB35006,cls_CIIPB03795,sch_RSWHG50450,YES,TST Respose 12,i like to have sleepovers,0.710921712,Frank,31,positive,
stu_BESSB35006,cls_CIIPB03795,sch_RSWHG50450,YES,TST Respose 12,i like to have sleepovers,0.710921712,Frank,24,positive,
stu_AQNHF52456,cls_USLPT75423,sch_QQLIR33891,YES,TST Respose 20,the best,0.711349796,Frank,40,positive,
stu_CETOG17008,cls_USLPT75423,sch_QQLIR33891,YES,TST Respose 13,gamer,0.711575133,Frank,28,neutral,
stu_THKBG93560,cls_OUMSN73782,sch_QQLIR33891,YES,TST Respose 16,I'm a soccer player..,0.711612326,Frank,29,neutral,
stu_MYCLF44200,cls_UZFMO35109,sch_QQLIR33891,,TST Respose 4,I am 12 years old.,0.711645615,Frank,4,12,
stu_GXMFA19655,cls_PQLMX93290,sch_SIWHM63035,YES,TST Respose 7,i am a good student,0.711681457,Frank,14,positive,
stu_AQNHF52456,cls_USLPT75423,sch_QQLIR33891,YES,TST Respose 1,althete,0.711825877,Frank,29,neutral,
stu_YNVPH88845,cls_MMBNN48363,sch_QQLIR33891,,TST Respose 4,I bilingual,0.712005608,Frank,25,neutral,
stu_YNVPH88845,cls_MMBNN48363,sch_QQLIR33891,,TST Respose 4,I bilingual,0.712005608,Frank,22,bilingual,
stu_STIXI97047,cls_CXLDP17094,sch_KACVP55227,,TST Respose 19,I am [FIRST NAME].,0.712125697,Frank,5,none,
stu_FWPPR22255,cls_YFPVJ06178,sch_KACVP55227,YES,TST Respose 8,I always do my school work,0.712546118,Frank,25,neutral,
stu_FWPPR22255,cls_YFPVJ06178,sch_KACVP55227,YES,TST Respose 8,I always do my school work,0.712546118,Frank,14,neutral,
stu_VQFBG95862,cls_USLPT75423,sch_QQLIR33891,,TST Respose 14,i am a rich person,0.712704393,Frank,34,rich,
stu_VQFBG95862,cls_USLPT75423,sch_QQLIR33891,,TST Respose 14,i am a rich person,0.712704393,Frank,21,none,
stu_KFYJM61476,cls_SYHWK05211,sch_KACVP55227,YES,TST Respose 16,I have 1 fish.,0.713423601,Frank,32,none,
stu_MRIWT64391,cls_SYHWK05211,sch_KACVP55227,YES,TST Respose 8,A person who hates acedemic enrichment,0.713763073,Frank,25,negative,
stu_MRIWT64391,cls_SYHWK05211,sch_KACVP55227,YES,TST Respose 8,A person who hates acedemic enrichment,0.713763073,Frank,21,none,
stu_MRIWT64391,cls_SYHWK05211,sch_KACVP55227,YES,TST Respose 8,A person who hates acedemic enrichment,0.713763073,Frank,24,negative,
stu_QEGJI54214,cls_SLKYU63739,sch_QQLIR33891,YES,TST Respose 4,i am a rice lover,0.713778008,Frank,24,positive,
stu_VQFBG95862,cls_USLPT75423,sch_QQLIR33891,,TST Respose 15,i am a schoolar,0.713969189,Frank,25,positive,
stu_GXIYC47970,cls_SLKYU63739,sch_QQLIR33891,YES,TST Respose 14,i am someone who is not a fan of math,0.714187388,Frank,25,negative,
stu_GXIYC47970,cls_SLKYU63739,sch_QQLIR33891,YES,TST Respose 14,i am someone who is not a fan of math,0.714187388,Frank,24,negative,
stu_XHGVP79664,cls_HEZZN95002,sch_QQLIR33891,,TST Respose 15,My favorite season is summer,0.714334206,Frank,24,positive,
stu_VOXTG50835,cls_NUSEI70378,sch_KACVP55227,,TST Respose 16,im nice,0.71440334,Frank,44,positive,
stu_OCRTY88035,cls_MAEBK64434,sch_QQLIR33891,,TST Respose 11,I am someone that loves my sister.,0.714466205,Frank,24,positive,
stu_OCRTY88035,cls_MAEBK64434,sch_QQLIR33891,,TST Respose 11,I am someone that loves my sister.,0.714466205,Frank,12,positive,
stu_FHADA27602,cls_OUMSN73782,sch_QQLIR33891,YES,TST Respose 3,i am in honors math and english.,0.714873574,Frank,43,positive,
stu_FHADA27602,cls_OUMSN73782,sch_QQLIR33891,YES,TST Respose 3,i am in honors math and english.,0.714873574,Frank,14,positive,
stu_UYFTQ45542,cls_USLPT75423,sch_QQLIR33891,YES,TST Respose 2,I am a student of [DISTRICT],0.714897752,Frank,14,neutral,
stu_ORUUL82324,cls_FBBRP25979,sch_QQLIR33891,,TST Respose 6,I'm not the best at dancing,0.714904868,Frank,26,negative,
stu_WAWDW95831,cls_SYHWK05211,sch_KACVP55227,,TST Respose 20,I love Fortnite.,0.71492958,Frank,28,positive,
stu_WAWDW95831,cls_SYHWK05211,sch_KACVP55227,,TST Respose 20,I love Fortnite.,0.71492958,Frank,24,positive,
stu_WXAMH04104,cls_FBBRP25979,sch_QQLIR33891,,TST Respose 10,i like technology,0.714966397,Frank,27,positive,
stu_WXAMH04104,cls_FBBRP25979,sch_QQLIR33891,,TST Respose 10,i like technology,0.714966397,Frank,24,positive,
stu_VENGZ10475,cls_HEZZN95002,sch_QQLIR33891,,TST Respose 7,A slacker,0.715392639,Frank,43,negative,
stu_YPZIM54297,cls_MAEBK64434,sch_QQLIR33891,,TST Respose 18,I am a may baby,0.715480336,Frank,22,born in may,
stu_PSHZT50501,cls_USLPT75423,sch_QQLIR33891,YES,TST Respose 11,I am a very energetic person,0.715555761,Frank,45,neutral,
stu_PSHZT50501,cls_USLPT75423,sch_QQLIR33891,YES,TST Respose 11,I am a very energetic person,0.715555761,Frank,21,none,
stu_DKGHS98193,cls_FXSNE83092,sch_QQLIR33891,,TST Respose 15,i have a sister,0.715669662,Frank,12,neutral,
stu_XUDYN03051,cls_FXSNE83092,sch_QQLIR33891,,TST Respose 9,I have and older brother,0.716348546,Frank,12,neutral,
stu_LJAAE92948,cls_ERQJB18593,sch_QQLIR33891,YES,TST Respose 7,I'm a older sister,0.71649069,Frank,12,neutral,
stu_VSSOO37726,cls_HEBLM24075,sch_KACVP55227,YES,TST Respose 1,I like to hangout with freinds,0.716510286,Frank,31,positive,
stu_VSSOO37726,cls_HEBLM24075,sch_KACVP55227,YES,TST Respose 1,I like to hangout with freinds,0.716510286,Frank,10,positive,
stu_VSSOO37726,cls_HEBLM24075,sch_KACVP55227,YES,TST Respose 1,I like to hangout with freinds,0.716510286,Frank,24,positive,
stu_IGWBR81023,cls_DLRQP13887,sch_QQLIR33891,,TST Respose 19,i love to stay comfy,0.717225111,Frank,24,positive,
stu_YNVPH88845,cls_MMBNN48363,sch_QQLIR33891,,TST Respose 7,I am in 6 grade,0.71724623,Frank,22,sixthgrader,
stu_YNVPH88845,cls_MMBNN48363,sch_QQLIR33891,,TST Respose 7,I am in 6 grade,0.71724623,Frank,14,neutral,
stu_BESSB35006,cls_CIIPB03795,sch_RSWHG50450,YES,TST Respose 17,i have brown eyes,0.717630304,Frank,35,neutral,
stu_QZOUO83023,cls_FBBRP25979,sch_QQLIR33891,YES,TST Respose 8,i live in [CITY],0.717715712,Frank,9,city,
stu_UYFTQ45542,cls_USLPT75423,sch_QQLIR33891,YES,TST Respose 19,i am a person who wants to go to sleep a lot,0.717841104,Frank,31,neutral,
stu_UYFTQ45542,cls_USLPT75423,sch_QQLIR33891,YES,TST Respose 19,i am a person who wants to go to sleep a lot,0.717841104,Frank,21,none,
stu_EHXGF51692,cls_OUMSN73782,sch_QQLIR33891,YES,TST Respose 4,I am a tv watcher.,0.71785618,Frank,31,neutral,
stu_ZYUDW82089,cls_OUMSN73782,sch_QQLIR33891,YES,TST Respose 17,i am Muslim,0.717929889,Frank,16,muslim,
stu_HLKZL24322,cls_MAEBK64434,sch_QQLIR33891,,TST Respose 20,i like to run,0.718133822,Frank,29,positive,
stu_HLKZL24322,cls_MAEBK64434,sch_QQLIR33891,,TST Respose 20,i like to run,0.718133822,Frank,24,positive,
stu_MZIVN56293,cls_HEZZN95002,sch_QQLIR33891,,TST Respose 11,i go to [SCHOOL NAME],0.718187824,Frank,14,neutral,
stu_EHXGF51692,cls_OUMSN73782,sch_QQLIR33891,YES,TST Respose 10,I am the youngest child,0.718316459,Frank,12,neutral,
stu_EHXGF51692,cls_OUMSN73782,sch_QQLIR33891,YES,TST Respose 10,I am the youngest child,0.718316459,Frank,4,child,
stu_GCHCS91000,cls_SLKYU63739,sch_QQLIR33891,YES,TST Respose 18,i am a mathia hater 4L,0.718527558,Frank,25,negative,
stu_GCHCS91000,cls_SLKYU63739,sch_QQLIR33891,YES,TST Respose 18,i am a mathia hater 4L,0.718527558,Frank,24,negative,
stu_IGWBR81023,cls_DLRQP13887,sch_QQLIR33891,,TST Respose 2,i have braces,0.719153414,Frank,35,neutral,
stu_QEGJI54214,cls_SLKYU63739,sch_QQLIR33891,YES,TST Respose 12,i can speak creole,0.71948927,Frank,25,neutral,
stu_QEGJI54214,cls_SLKYU63739,sch_QQLIR33891,YES,TST Respose 12,i can speak creole,0.71948927,Frank,22,speakscreole,
stu_LNFOE66635,cls_AJBUO63250,sch_KACVP55227,YES,TST Respose 15,I contribute in class,0.719553294,Frank,25,positive,
stu_SULZI60933,cls_JYBSH30995,sch_QQLIR33891,,TST Respose 8,im shy,0.719615832,Frank,44,neutral,
stu_RUZUK44953,cls_HOJKW39162,sch_KACVP55227,YES,TST Respose 14,I am someone who likes to play outside.,0.719739181,Frank,31,positive,
stu_RUZUK44953,cls_HOJKW39162,sch_KACVP55227,YES,TST Respose 14,I am someone who likes to play outside.,0.719739181,Frank,24,positive,
stu_EQSJM78476,cls_FBBRP25979,sch_QQLIR33891,,TST Respose 2,i am haitian,0.719999906,Frank,7,haitian,
stu_CPBCK00658,cls_SIVDJ49041,sch_KACVP55227,,TST Respose 18,I like to eat chicken wings,0.720363302,Frank,24,positive,
stu_ROULI02103,cls_SLKYU63739,sch_QQLIR33891,YES,TST Respose 3,i love food,0.720508904,Frank,24,positive,
stu_CWQDV67579,cls_CIIPB03795,sch_RSWHG50450,YES,TST Respose 18,I am from cape verd,0.720521968,Frank,7,cape verdean,
stu_CPBCK00658,cls_SIVDJ49041,sch_KACVP55227,,TST Respose 19,I like to wear glasses,0.720850669,Frank,30,positive,
stu_CPBCK00658,cls_SIVDJ49041,sch_KACVP55227,,TST Respose 19,I like to wear glasses,0.720850669,Frank,24,positive,
stu_LKAAV41369,cls_FBBRP25979,sch_QQLIR33891,,TST Respose 18,I like candy,0.721516551,Frank,24,positive,
stu_LVOOZ80056,cls_OUMSN73782,sch_QQLIR33891,YES,TST Respose 17,I am a lot of peoples best friends.,0.721668096,Frank,10,positive,
stu_QQMSX84242,cls_TNHXN45809,sch_RSWHG50450,YES,TST Respose 15,a twin,0.721779791,Frank,12,neutral,
stu_RNIHY62490,cls_OUMSN73782,sch_QQLIR33891,YES,TST Respose 15,I have a mom and a dad,0.721893247,Frank,12,neutral,
stu_HXXCS05602,cls_USLPT75423,sch_QQLIR33891,YES,TST Respose 12,i'm me,0.721959451,Frank,19,none,
stu_EUWJA76858,cls_HJQZF25095,sch_KACVP55227,YES,TST Respose 11,I like math.,0.722157955,Frank,25,positive,
stu_EUWJA76858,cls_HJQZF25095,sch_KACVP55227,YES,TST Respose 11,I like math.,0.722157955,Frank,24,positive,
stu_TRKWP48352,cls_MAEBK64434,sch_QQLIR33891,,TST Respose 12,I am a person who likes to talk,0.722252032,Frank,44,positive,
stu_TRKWP48352,cls_MAEBK64434,sch_QQLIR33891,,TST Respose 12,I am a person who likes to talk,0.722252032,Frank,21,none,
stu_TRKWP48352,cls_MAEBK64434,sch_QQLIR33891,,TST Respose 12,I am a person who likes to talk,0.722252032,Frank,24,positive,
stu_WRQAA62017,cls_GIJEF48865,sch_KACVP55227,,TST Respose 14,Im a little brother,0.722442278,Frank,12,neutral,
stu_WRQAA62017,cls_GIJEF48865,sch_KACVP55227,,TST Respose 14,Im a little brother,0.722442278,Frank,2,boy,
stu_RDOVU20570,cls_SLKYU63739,sch_QQLIR33891,YES,TST Respose 16,I Like to play outside with my friends,0.723236886,Frank,31,positive,
stu_RDOVU20570,cls_SLKYU63739,sch_QQLIR33891,YES,TST Respose 16,I Like to play outside with my friends,0.723236886,Frank,10,positive,
stu_RDOVU20570,cls_SLKYU63739,sch_QQLIR33891,YES,TST Respose 16,I Like to play outside with my friends,0.723236886,Frank,24,positive,
stu_WQGUY90279,cls_JYBSH30995,sch_QQLIR33891,,TST Respose 19,I like bothering my friends,0.72377469,Frank,24,positive,
stu_WQGUY90279,cls_JYBSH30995,sch_QQLIR33891,,TST Respose 19,I like bothering my friends,0.72377469,Frank,10,positive,
stu_NYHDW07721,cls_CIIPB03795,sch_RSWHG50450,,TST Respose 14,Volunteer of Teen Center,0.723836344,Frank,13,neutral,
stu_ERQCY81201,cls_USLPT75423,sch_QQLIR33891,YES,TST Respose 5,I am a person who loves to sing,0.723975793,Frank,26,positive,
stu_ERQCY81201,cls_USLPT75423,sch_QQLIR33891,YES,TST Respose 5,I am a person who loves to sing,0.723975793,Frank,21,none,
stu_ERQCY81201,cls_USLPT75423,sch_QQLIR33891,YES,TST Respose 5,I am a person who loves to sing,0.723975793,Frank,24,positive,
stu_ZUARE93356,cls_MAEBK64434,sch_QQLIR33891,,TST Respose 11,I have friends,0.72482459,Frank,10,neutral,
stu_KGOWI06896,cls_AJBUO63250,sch_KACVP55227,,TST Respose 1,I like to draw,0.724829444,Frank,26,positive,
stu_KGOWI06896,cls_AJBUO63250,sch_KACVP55227,,TST Respose 1,I like to draw,0.724829444,Frank,24,positive,
stu_WDDQQ92015,cls_YLGBO89611,sch_KACVP55227,,TST Respose 6,i am a student,0.725044381,Frank,14,neutral,
stu_CDGKD03653,cls_JYBSH30995,sch_QQLIR33891,,TST Respose 17,i like chips,0.725125153,Frank,24,positive,
stu_SIWRL23181,cls_MMBNN48363,sch_QQLIR33891,,TST Respose 13,i am amazing,0.725354769,Frank,40,positive,
stu_HBPKA70291,cls_CIIPB03795,sch_RSWHG50450,YES,TST Respose 10,nervos,0.725913738,Frank,47,neutral,
stu_NWRRN03456,cls_MCLLA54915,sch_KACVP55227,,TST Respose 7,I love helping people.,0.725928495,Frank,44,positive,
stu_NWRRN03456,cls_MCLLA54915,sch_KACVP55227,,TST Respose 7,I love helping people.,0.725928495,Frank,24,positive,
stu_UAFAK64772,cls_AJBUO63250,sch_KACVP55227,YES,TST Respose 19,Haitian,0.726033947,Frank,7,haitian,
stu_CNIXS57234,cls_ERQJB18593,sch_QQLIR33891,,TST Respose 6,I don't like mathia,0.72641901,Frank,25,negative,
stu_CNIXS57234,cls_ERQJB18593,sch_QQLIR33891,,TST Respose 6,I don't like mathia,0.72641901,Frank,24,negative,
stu_DJCZE13885,cls_FBBRP25979,sch_QQLIR33891,,TST Respose 11,I like dressing up.,0.726999431,Frank,30,positive,
stu_DJCZE13885,cls_FBBRP25979,sch_QQLIR33891,,TST Respose 11,I like dressing up.,0.726999431,Frank,24,positive,
stu_IGLSS89625,cls_VFZRA31361,sch_KACVP55227,YES,TST Respose 20,everything in the school,0.727110466,Frank,48,none,
stu_PJCOJ15115,cls_HEZZN95002,sch_QQLIR33891,,TST Respose 20,I have a taper fade,0.72719449,Frank,35,neutral,
stu_QFXDD68186,cls_SYHWK05211,sch_KACVP55227,YES,TST Respose 8,I like school,0.727291994,Frank,25,positive,
stu_QFXDD68186,cls_SYHWK05211,sch_KACVP55227,YES,TST Respose 8,I like school,0.727291994,Frank,14,positive,
stu_QFXDD68186,cls_SYHWK05211,sch_KACVP55227,YES,TST Respose 8,I like school,0.727291994,Frank,24,positive,
stu_IDHIE84911,cls_YFPVJ06178,sch_KACVP55227,YES,TST Respose 1,am cute,0.727532321,Frank,35,positive,
stu_JPMJO86637,cls_YFPVJ06178,sch_KACVP55227,YES,TST Respose 4,i have two eye,0.727638476,Frank,35,neutral,
stu_HBPKA70291,cls_CIIPB03795,sch_RSWHG50450,YES,TST Respose 18,dancer,0.727706148,Frank,26,neutral,
stu_XKMAG80800,cls_TNHXN45809,sch_RSWHG50450,YES,TST Respose 9,Roblox player.,0.727882552,Frank,28,positive,
stu_YSQPA55709,cls_OUMSN73782,sch_QQLIR33891,,TST Respose 18,my favrote show is spy x family,0.728042731,Frank,24,positive,
stu_WAWDW95831,cls_SYHWK05211,sch_KACVP55227,,TST Respose 19,I love videogames.,0.728963453,Frank,28,positive,
stu_FHADA27602,cls_OUMSN73782,sch_QQLIR33891,YES,TST Respose 18,my favorite show is home alone.,0.729550581,Frank,24,positive,
stu_IDHIE84911,cls_YFPVJ06178,sch_KACVP55227,YES,TST Respose 19,i love my frends,0.729552021,Frank,24,positive,
stu_IDHIE84911,cls_YFPVJ06178,sch_KACVP55227,YES,TST Respose 19,i love my frends,0.729552021,Frank,10,positive,
stu_WPVZY01902,cls_YLGBO89611,sch_KACVP55227,,TST Respose 6,i dont like school,0.729614629,Frank,25,negative,
stu_WPVZY01902,cls_YLGBO89611,sch_KACVP55227,,TST Respose 6,i dont like school,0.729614629,Frank,14,negative,
stu_WPVZY01902,cls_YLGBO89611,sch_KACVP55227,,TST Respose 6,i dont like school,0.729614629,Frank,24,negative,
stu_CNIXS57234,cls_ERQJB18593,sch_QQLIR33891,,TST Respose 9,I like tesla,0.729847789,Frank,24,positive,
stu_ERQCY81201,cls_USLPT75423,sch_QQLIR33891,YES,TST Respose 2,I am a girl who doesnt really like art,0.730018259,Frank,26,negative,
stu_ERQCY81201,cls_USLPT75423,sch_QQLIR33891,YES,TST Respose 2,I am a girl who doesnt really like art,0.730018259,Frank,2,girl,
stu_ERQCY81201,cls_USLPT75423,sch_QQLIR33891,YES,TST Respose 2,I am a girl who doesnt really like art,0.730018259,Frank,24,negative,
stu_DZJHT48666,cls_FXSNE83092,sch_QQLIR33891,,TST Respose 19,I like to text more than call,0.73025766,Frank,27,positive,
stu_DZJHT48666,cls_FXSNE83092,sch_QQLIR33891,,TST Respose 19,I like to text more than call,0.73025766,Frank,24,positive,
stu_LNFOE66635,cls_AJBUO63250,sch_KACVP55227,YES,TST Respose 14,im white,0.7302726,Frank,6,white,
stu_ROULI02103,cls_SLKYU63739,sch_QQLIR33891,YES,TST Respose 16,i like the sunset,0.730335642,Frank,24,positive,
stu_XSQUV53095,cls_OUMSN73782,sch_QQLIR33891,YES,TST Respose 7,I AM [FIRST NAME] A BASKETBALL PLAYER,0.730643286,Frank,29,neutral,
stu_XSQUV53095,cls_OUMSN73782,sch_QQLIR33891,YES,TST Respose 7,I AM [FIRST NAME] A BASKETBALL PLAYER,0.730643286,Frank,5,none,
stu_SQLXP95993,cls_MFUGV02425,sch_QQLIR33891,,TST Respose 8,Math is fun but not my favorite,0.731479889,Frank,25,positive,
stu_SQLXP95993,cls_MFUGV02425,sch_QQLIR33891,,TST Respose 8,Math is fun but not my favorite,0.731479889,Frank,24,positive,
stu_TYPZX10676,cls_YLGBO89611,sch_KACVP55227,,TST Respose 4,I like when i can dress my character..,0.731957389,Frank,30,positive,
stu_TYPZX10676,cls_YLGBO89611,sch_KACVP55227,,TST Respose 4,I like when i can dress my character..,0.731957389,Frank,24,positive,
stu_TYPZX10676,cls_YLGBO89611,sch_KACVP55227,,TST Respose 4,I like when i can dress my character..,0.731957389,Frank,28,positive,
stu_MZIVN56293,cls_HEZZN95002,sch_QQLIR33891,,TST Respose 7,im a gamer,0.732113093,Frank,28,neutral,
stu_HVWUJ52450,cls_FXSNE83092,sch_QQLIR33891,,TST Respose 2,I'm Cape verdean,0.732140496,Frank,7,cape verdean,
stu_AQNHF52456,cls_USLPT75423,sch_QQLIR33891,YES,TST Respose 14,trustworthy,0.732527815,Frank,43,positive,
stu_SJNFF34466,cls_OSSJA45538,sch_KACVP55227,,TST Respose 18,im partynextdoor,0.732542479,Frank,48,none,
stu_BJJXN95776,cls_MAEBK64434,sch_QQLIR33891,,TST Respose 9,I am quiet,0.733194716,Frank,44,neutral,
stu_FVHVM49769,cls_SLKYU63739,sch_QQLIR33891,YES,TST Respose 6,i like tik tok,0.733216079,Frank,27,positive,
stu_FVHVM49769,cls_SLKYU63739,sch_QQLIR33891,YES,TST Respose 6,i like tik tok,0.733216079,Frank,24,positive,
stu_OMSFY97090,cls_VFZRA31361,sch_KACVP55227,YES,TST Respose 5,im a students,0.733228392,Frank,14,neutral,
stu_WQGUY90279,cls_JYBSH30995,sch_QQLIR33891,,TST Respose 5,I habe glasses,0.733966449,Frank,35,neutral,
stu_VTRUH97046,cls_DLRQP13887,sch_QQLIR33891,,TST Respose 13,I have 2 sisters. One is 10 and the other is 4.,0.734018781,Frank,12,neutral,
stu_SIWRL23181,cls_MMBNN48363,sch_QQLIR33891,,TST Respose 5,i am a good friend,0.734516322,Frank,10,positive,
stu_JOKOV89559,cls_MAEBK64434,sch_QQLIR33891,,TST Respose 7,I am someone who loves stuff animals,0.734753029,Frank,24,positive,
stu_RUZUK44953,cls_HOJKW39162,sch_KACVP55227,YES,TST Respose 16,I am a person who gets good grades,0.735232281,Frank,43,positive,
stu_RUZUK44953,cls_HOJKW39162,sch_KACVP55227,YES,TST Respose 16,I am a person who gets good grades,0.735232281,Frank,14,positive,
stu_RUZUK44953,cls_HOJKW39162,sch_KACVP55227,YES,TST Respose 16,I am a person who gets good grades,0.735232281,Frank,25,positive,
stu_CPAQO78519,cls_MAEBK64434,sch_QQLIR33891,,TST Respose 12,I am someone who loves to sleep,0.73531738,Frank,31,positive,
stu_CPAQO78519,cls_MAEBK64434,sch_QQLIR33891,,TST Respose 12,I am someone who loves to sleep,0.73531738,Frank,24,positive,
stu_WCANG48942,cls_HJQZF25095,sch_KACVP55227,YES,TST Respose 17,I like water.,0.735354258,Frank,24,positive,
stu_RUZUK44953,cls_HOJKW39162,sch_KACVP55227,YES,TST Respose 12,I am a person who has not yet been absent in this grade.,0.735485727,Frank,21,none,
stu_RUZUK44953,cls_HOJKW39162,sch_KACVP55227,YES,TST Respose 12,I am a person who has not yet been absent in this grade.,0.735485727,Frank,14,positive,
stu_FBWGP41232,cls_JYBSH30995,sch_QQLIR33891,,TST Respose 3,l'm 11 years old,0.73584717,Frank,4,11,
stu_PJCOJ15115,cls_HEZZN95002,sch_QQLIR33891,,TST Respose 4,I am a honors student,0.73652419,Frank,43,positive,
stu_PJCOJ15115,cls_HEZZN95002,sch_QQLIR33891,,TST Respose 4,I am a honors student,0.73652419,Frank,14,positive,
stu_XHPVX80161,cls_TNHXN45809,sch_RSWHG50450,,TST Respose 12,cook,0.736884598,Frank,31,neutral,
stu_OFWAG94272,cls_USLPT75423,sch_QQLIR33891,YES,TST Respose 11,I'm black,0.737792585,Frank,6,black,
stu_YGBLH44260,cls_IZNZG32572,sch_KACVP55227,YES,TST Respose 11,I am a person that enjoys rewards.,0.738213749,Frank,24,positive,
stu_YGBLH44260,cls_IZNZG32572,sch_KACVP55227,YES,TST Respose 11,I am a person that enjoys rewards.,0.738213749,Frank,21,none,
stu_ROULI02103,cls_SLKYU63739,sch_QQLIR33891,YES,TST Respose 14,i love nike,0.738317043,Frank,24,positive,
stu_OIYXZ27717,cls_MAEBK64434,sch_QQLIR33891,,TST Respose 12,I am someone who lives in a different place,0.738732398,Frank,47,neutral,
stu_XXEBH66449,cls_GIJEF48865,sch_KACVP55227,,TST Respose 6,I am nice,0.738797322,Frank,44,positive,
stu_EUIXK95276,cls_JDASF17902,sch_KACVP55227,,TST Respose 10,"I'm a student at the [SCHOOL NAME], I love dancing, singing, gym class, Art class, eating food",0.739008128,Frank,31,positive,
stu_EUIXK95276,cls_JDASF17902,sch_KACVP55227,,TST Respose 10,"I'm a student at the [SCHOOL NAME], I love dancing, singing, gym class, Art class, eating food",0.739008128,Frank,14,neutral,
stu_EUIXK95276,cls_JDASF17902,sch_KACVP55227,,TST Respose 10,"I'm a student at the [SCHOOL NAME], I love dancing, singing, gym class, Art class, eating food",0.739008128,Frank,24,positive,
stu_EUIXK95276,cls_JDASF17902,sch_KACVP55227,,TST Respose 10,"I'm a student at the [SCHOOL NAME], I love dancing, singing, gym class, Art class, eating food",0.739008128,Frank,26,positive,
stu_EUIXK95276,cls_JDASF17902,sch_KACVP55227,,TST Respose 10,"I'm a student at the [SCHOOL NAME], I love dancing, singing, gym class, Art class, eating food",0.739008128,Frank,29,positive,
stu_KWLPL21630,cls_SIVDJ49041,sch_KACVP55227,,TST Respose 8,My school name is [SCHOOL NAME],0.739276302,Frank,14,neutral,
stu_IDHIE84911,cls_YFPVJ06178,sch_KACVP55227,YES,TST Respose 9,i love to rende,0.739674122,Frank,24,positive,
stu_UYUIH18635,cls_FBBRP25979,sch_QQLIR33891,,TST Respose 17,i like focusing on myself,0.739781743,Frank,44,positive,
stu_UYUIH18635,cls_FBBRP25979,sch_QQLIR33891,,TST Respose 17,i like focusing on myself,0.739781743,Frank,24,positive,
stu_NKHRJ04957,cls_FBBRP25979,sch_QQLIR33891,,TST Respose 19,I dont like This anymore,0.739958326,Frank,47,negative,
stu_NKHRJ04957,cls_FBBRP25979,sch_QQLIR33891,,TST Respose 19,I dont like This anymore,0.739958326,Frank,24,negative,
stu_WZRKM29688,cls_HEBLM24075,sch_KACVP55227,,TST Respose 9,i like tv,0.740320939,Frank,31,positive,
stu_WZRKM29688,cls_HEBLM24075,sch_KACVP55227,,TST Respose 9,i like tv,0.740320939,Frank,24,positive,
stu_XSQUV53095,cls_OUMSN73782,sch_QQLIR33891,YES,TST Respose 19,I AM [FIRST NAME] A RUNNER,0.740866541,Frank,29,neutral,
stu_XSQUV53095,cls_OUMSN73782,sch_QQLIR33891,YES,TST Respose 19,I AM [FIRST NAME] A RUNNER,0.740866541,Frank,5,none,
stu_PSHPN85751,cls_SYHWK05211,sch_KACVP55227,,TST Respose 15,bye,0.740910516,Frank,48,none,
stu_XCKNQ66212,cls_USLPT75423,sch_QQLIR33891,YES,TST Respose 4,i'm a brand owner,0.740939574,Frank,32,none,
stu_KJOZZ30475,cls_HOJKW39162,sch_KACVP55227,YES,TST Respose 4,I do dance.,0.131970015,Clara,26,neutral,
stu_NRKZA72454,cls_MCLLA54915,sch_KACVP55227,YES,TST Respose 8,I love my bed.,0.741275575,Frank,24,positive,
stu_CQRFU18177,cls_JYBSH30995,sch_QQLIR33891,,TST Respose 6,I like having friend,0.741489478,Frank,24,positive,
stu_CQRFU18177,cls_JYBSH30995,sch_QQLIR33891,,TST Respose 6,I like having friend,0.741489478,Frank,10,positive,
stu_VTRUH97046,cls_DLRQP13887,sch_QQLIR33891,,TST Respose 1,I am a girl.,0.741806598,Frank,2,girl,
stu_YSQPA55709,cls_OUMSN73782,sch_QQLIR33891,,TST Respose 15,i like cars,0.742114811,Frank,24,positive,
stu_QZOUO83023,cls_FBBRP25979,sch_QQLIR33891,YES,TST Respose 1,IM a boy,0.742380377,Frank,2,boy,
stu_SBUBU63586,cls_OUKFK08724,sch_RSWHG50450,YES,TST Respose 20,i am a person,0.742400758,Frank,21,none,
stu_TSQUQ54202,cls_USLPT75423,sch_QQLIR33891,YES,TST Respose 2,I am a very good person.,0.742757729,Frank,40,positive,
stu_TSQUQ54202,cls_USLPT75423,sch_QQLIR33891,YES,TST Respose 2,I am a very good person.,0.742757729,Frank,21,none,
stu_VENGZ10475,cls_HEZZN95002,sch_QQLIR33891,,TST Respose 12,A friendly person,0.742871461,Frank,44,positive,
stu_VENGZ10475,cls_HEZZN95002,sch_QQLIR33891,,TST Respose 12,A friendly person,0.742871461,Frank,21,none,
stu_MKGYA55892,cls_MMBNN48363,sch_QQLIR33891,,TST Respose 11,who is good at math,0.742877699,Frank,25,positive,
stu_MKGYA55892,cls_MMBNN48363,sch_QQLIR33891,,TST Respose 11,who is good at math,0.742877699,Frank,24,positive,
stu_LJAAE92948,cls_ERQJB18593,sch_QQLIR33891,YES,TST Respose 15,my favorite food is seafood,0.743090873,Frank,24,positive,
stu_ANAWT41929,cls_CIIPB03795,sch_RSWHG50450,YES,TST Respose 2,I love playing video games,0.743339333,Frank,28,positive,
stu_ANAWT41929,cls_CIIPB03795,sch_RSWHG50450,YES,TST Respose 2,I love playing video games,0.743339333,Frank,24,positive,
stu_WTRMC77187,cls_IZNZG32572,sch_KACVP55227,YES,TST Respose 3,I like doing games,0.743444151,Frank,28,positive,
stu_WTRMC77187,cls_IZNZG32572,sch_KACVP55227,YES,TST Respose 3,I like doing games,0.743444151,Frank,24,positive,
stu_MMNSJ38829,cls_YLGBO89611,sch_KACVP55227,,TST Respose 8,I like Taylor Swift.,0.743470007,Frank,24,positive,
stu_NWRRN03456,cls_MCLLA54915,sch_KACVP55227,,TST Respose 19,I love cooking.,0.743586833,Frank,31,positive,
stu_NWRRN03456,cls_MCLLA54915,sch_KACVP55227,,TST Respose 19,I love cooking.,0.743586833,Frank,24,positive,
stu_JUQPD47363,cls_HOJKW39162,sch_KACVP55227,YES,TST Respose 12,I am a good speller.,0.744011691,Frank,25,positive,
stu_KCRZD23226,cls_JDASF17902,sch_KACVP55227,,TST Respose 14,I like cookies,0.744782073,Frank,24,positive,
stu_LKAAV41369,cls_FBBRP25979,sch_QQLIR33891,,TST Respose 5,im the favorite child,0.74493905,Frank,12,positive,
stu_LKAAV41369,cls_FBBRP25979,sch_QQLIR33891,,TST Respose 5,im the favorite child,0.74493905,Frank,4,child,
stu_VOXTG50835,cls_NUSEI70378,sch_KACVP55227,,TST Respose 13,I like eating,0.745580007,Frank,31,positive,
stu_VOXTG50835,cls_NUSEI70378,sch_KACVP55227,,TST Respose 13,I like eating,0.745580007,Frank,24,positive,
stu_GXMFA19655,cls_PQLMX93290,sch_SIWHM63035,YES,TST Respose 15,i am a good artist,0.745716366,Frank,26,positive,
stu_XUDYN03051,cls_FXSNE83092,sch_QQLIR33891,,TST Respose 5,I do all my school work,0.746325418,Frank,25,positive,
stu_XUDYN03051,cls_FXSNE83092,sch_QQLIR33891,,TST Respose 5,I do all my school work,0.746325418,Frank,14,positive,
stu_PJCOJ15115,cls_HEZZN95002,sch_QQLIR33891,,TST Respose 2,I am a soccer player,0.746599269,Frank,29,neutral,
stu_JOKOV89559,cls_MAEBK64434,sch_QQLIR33891,,TST Respose 2,I am someone who loves the color pink,0.746983682,Frank,24,positive,
stu_RFRYE74718,cls_OUMSN73782,sch_QQLIR33891,YES,TST Respose 12,I am a person who is playful.,0.747294677,Frank,44,positive,
stu_RFRYE74718,cls_OUMSN73782,sch_QQLIR33891,YES,TST Respose 12,I am a person who is playful.,0.747294677,Frank,21,none,
stu_CQRFU18177,cls_JYBSH30995,sch_QQLIR33891,,TST Respose 5,I have two sister,0.747329451,Frank,12,neutral,
stu_CJHBB29429,cls_MAEBK64434,sch_QQLIR33891,,TST Respose 8,I AM person THAT LIKES [TEACHER],0.747467669,Frank,21,none,
stu_CJHBB29429,cls_MAEBK64434,sch_QQLIR33891,,TST Respose 8,I AM person THAT LIKES [TEACHER],0.747467669,Frank,14,positive,
stu_BESSB35006,cls_CIIPB03795,sch_RSWHG50450,YES,TST Respose 5,I like to watch movies,0.747487861,Frank,24,positive,
stu_QQMSX84242,cls_TNHXN45809,sch_RSWHG50450,YES,TST Respose 20,a role model,0.747745282,Frank,44,positive,
stu_JTZYY08754,cls_JTMRB81339,sch_KACVP55227,,TST Respose 11,"I'm Haitian, India, and  Jamaican",0.747844745,Frank,7,haitian/indian/jamaican,
stu_ANAWT41929,cls_CIIPB03795,sch_RSWHG50450,YES,TST Respose 13,I really have a good score on my mathia,0.748021939,Frank,25,positive,
stu_ANAWT41929,cls_CIIPB03795,sch_RSWHG50450,YES,TST Respose 13,I really have a good score on my mathia,0.748021939,Frank,24,positive,
stu_MXNSF14478,cls_JYBSH30995,sch_QQLIR33891,,TST Respose 1,I'm a girl,0.748552253,Frank,2,girl,
stu_TDURA35752,cls_USLPT75423,sch_QQLIR33891,YES,TST Respose 15,I am hardworking,0.748574377,Frank,41,positive,
stu_BDAZF88230,cls_USLPT75423,sch_QQLIR33891,YES,TST Respose 19,I am a very talented person,0.74860758,Frank,43,positive,
stu_BDAZF88230,cls_USLPT75423,sch_QQLIR33891,YES,TST Respose 19,I am a very talented person,0.74860758,Frank,21,none,
stu_CINVJ49388,cls_HEZZN95002,sch_QQLIR33891,,TST Respose 12,[FIRST NAME] friend,0.748794492,Frank,10,positive,
stu_AQNHF52456,cls_USLPT75423,sch_QQLIR33891,YES,TST Respose 13,honest,0.748864089,Frank,43,positive,
stu_WPVZY01902,cls_YLGBO89611,sch_KACVP55227,,TST Respose 1,I speak english,0.749051813,Frank,25,neutral,
stu_WPVZY01902,cls_YLGBO89611,sch_KACVP55227,,TST Respose 1,I speak english,0.749051813,Frank,22,speaksenglish,
stu_VUNQZ79892,cls_CIIPB03795,sch_RSWHG50450,YES,TST Respose 3,im a friend,0.749589453,Frank,10,positive,
stu_QACJQ31561,cls_JYBSH30995,sch_QQLIR33891,,TST Respose 14,i like singing,0.749765655,Frank,26,positive,
stu_QACJQ31561,cls_JYBSH30995,sch_QQLIR33891,,TST Respose 14,i like singing,0.749765655,Frank,24,positive,
stu_CWJCN88700,cls_DLRQP13887,sch_QQLIR33891,,TST Respose 14,I am obsessed with food,0.74989338,Frank,24,positive,
stu_MKEGQ97127,cls_GIJEF48865,sch_KACVP55227,,TST Respose 9,I'm somebody who wears braids,0.749903742,Frank,35,neutral,
stu_YNVPH88845,cls_MMBNN48363,sch_QQLIR33891,,TST Respose 1,My favorite color is blue,0.750137003,Frank,24,positive,
stu_RSKDK68207,cls_SIVDJ49041,sch_KACVP55227,,TST Respose 10,I like to do flips and tricks on the trampoline.,0.750652735,Frank,29,positive,
stu_RSKDK68207,cls_SIVDJ49041,sch_KACVP55227,,TST Respose 10,I like to do flips and tricks on the trampoline.,0.750652735,Frank,24,positive,
stu_TRKWP48352,cls_MAEBK64434,sch_QQLIR33891,,TST Respose 4,I am a person who likes shows,0.750787195,Frank,24,positive,
stu_TRKWP48352,cls_MAEBK64434,sch_QQLIR33891,,TST Respose 4,I am a person who likes shows,0.750787195,Frank,21,none,
stu_NJZBY59884,cls_MAEBK64434,sch_QQLIR33891,,TST Respose 15,i like to to spend time wit people,0.750799355,Frank,24,positive,
stu_EXNUN73314,cls_CIIPB03795,sch_RSWHG50450,YES,TST Respose 16,I am the youngest sibling,0.750827837,Frank,12,neutral,
stu_KFYJM61476,cls_SYHWK05211,sch_KACVP55227,YES,TST Respose 11,I like drawing.,0.751177749,Frank,26,positive,
stu_KFYJM61476,cls_SYHWK05211,sch_KACVP55227,YES,TST Respose 11,I like drawing.,0.751177749,Frank,24,positive,
stu_RDPGG44681,cls_ZLIZG21375,sch_RSWHG50450,,TST Respose 20,"I love my teachers, friends, and family and all pets",0.751662008,Frank,24,positive,
stu_RDPGG44681,cls_ZLIZG21375,sch_RSWHG50450,,TST Respose 20,"I love my teachers, friends, and family and all pets",0.751662008,Frank,10,positive,
stu_RDPGG44681,cls_ZLIZG21375,sch_RSWHG50450,,TST Respose 20,"I love my teachers, friends, and family and all pets",0.751662008,Frank,12,positive,
stu_RDPGG44681,cls_ZLIZG21375,sch_RSWHG50450,,TST Respose 20,"I love my teachers, friends, and family and all pets",0.751662008,Frank,14,positive,
stu_JVLXZ63894,cls_CIIPB03795,sch_RSWHG50450,YES,TST Respose 4,social studies student,0.751720424,Frank,14,neutral,
stu_DERZZ01872,cls_GIJEF48865,sch_KACVP55227,,TST Respose 4,I am a guy,0.752459198,Frank,2,boy,
stu_FHADA27602,cls_OUMSN73782,sch_QQLIR33891,YES,TST Respose 12,my favorite place is my room.,0.752567995,Frank,24,positive,
stu_VQFBG95862,cls_USLPT75423,sch_QQLIR33891,,TST Respose 3,im am good at english,0.752815539,Frank,25,positive,
stu_EQSJM78476,cls_FBBRP25979,sch_QQLIR33891,,TST Respose 13,I dont like mathia,0.753070519,Frank,25,negative,
stu_EQSJM78476,cls_FBBRP25979,sch_QQLIR33891,,TST Respose 13,I dont like mathia,0.753070519,Frank,24,negative,
stu_WAFQN21754,cls_TNHXN45809,sch_RSWHG50450,YES,TST Respose 2,I am smart,0.753163561,Frank,43,positive,
stu_ZQMQQ26810,cls_HEBLM24075,sch_KACVP55227,,TST Respose 14,i love nike,0.75348602,Frank,24,positive,
stu_HXXCS05602,cls_USLPT75423,sch_QQLIR33891,YES,TST Respose 10,i'm caring,0.754646288,Frank,44,positive,
stu_NMWSA27732,cls_UZFMO35109,sch_QQLIR33891,,TST Respose 3,I like to play video games,0.75504542,Frank,28,positive,
stu_NMWSA27732,cls_UZFMO35109,sch_QQLIR33891,,TST Respose 3,I like to play video games,0.75504542,Frank,24,positive,
stu_YXJEP22115,cls_USLPT75423,sch_QQLIR33891,YES,TST Respose 19,I am the youngest child,0.755163115,Frank,12,neutral,
stu_YXJEP22115,cls_USLPT75423,sch_QQLIR33891,YES,TST Respose 19,I am the youngest child,0.755163115,Frank,4,child,
stu_MMNSJ38829,cls_YLGBO89611,sch_KACVP55227,,TST Respose 2,I like to sing,0.755164175,Frank,26,positive,
stu_MMNSJ38829,cls_YLGBO89611,sch_KACVP55227,,TST Respose 2,I like to sing,0.755164175,Frank,24,positive,
stu_NJZBY59884,cls_MAEBK64434,sch_QQLIR33891,,TST Respose 12,i like kids,0.75546835,Frank,24,positive,
stu_OIYXZ27717,cls_MAEBK64434,sch_QQLIR33891,,TST Respose 20,I am someone who adores my family,0.75584916,Frank,24,positive,
stu_OIYXZ27717,cls_MAEBK64434,sch_QQLIR33891,,TST Respose 20,I am someone who adores my family,0.75584916,Frank,12,positive,
stu_CWJCN88700,cls_DLRQP13887,sch_QQLIR33891,,TST Respose 11,I am in 7th grade,0.755901262,Frank,22,seventhgrader,
stu_CWJCN88700,cls_DLRQP13887,sch_QQLIR33891,,TST Respose 11,I am in 7th grade,0.755901262,Frank,4,child,
stu_CWJCN88700,cls_DLRQP13887,sch_QQLIR33891,,TST Respose 11,I am in 7th grade,0.755901262,Frank,14,neutral,
stu_QHOON52054,cls_MCLLA54915,sch_KACVP55227,YES,TST Respose 1,I am a 7th grade student,0.756036733,Frank,22,seventhgrader,
stu_QHOON52054,cls_MCLLA54915,sch_KACVP55227,YES,TST Respose 1,I am a 7th grade student,0.756036733,Frank,4,child,
stu_QHOON52054,cls_MCLLA54915,sch_KACVP55227,YES,TST Respose 1,I am a 7th grade student,0.756036733,Frank,14,neutral,
stu_PSHZT50501,cls_USLPT75423,sch_QQLIR33891,YES,TST Respose 16,I am a person who loves Nike,0.756204328,Frank,24,positive,
stu_PSHZT50501,cls_USLPT75423,sch_QQLIR33891,YES,TST Respose 16,I am a person who loves Nike,0.756204328,Frank,21,none,
stu_BJJXN95776,cls_MAEBK64434,sch_QQLIR33891,,TST Respose 4,I am the middle child of three children,0.756765782,Frank,12,neutral,
stu_BJJXN95776,cls_MAEBK64434,sch_QQLIR33891,,TST Respose 4,I am the middle child of three children,0.756765782,Frank,4,child,
stu_JOKOV89559,cls_MAEBK64434,sch_QQLIR33891,,TST Respose 10,I am someone who loves to laugh,0.756828592,Frank,45,positive,
stu_JOKOV89559,cls_MAEBK64434,sch_QQLIR33891,,TST Respose 10,I am someone who loves to laugh,0.756828592,Frank,24,positive,
stu_NWRRC44615,cls_JYBSH30995,sch_QQLIR33891,,TST Respose 1,i am a girl,0.756863309,Frank,2,girl,
stu_KGOWI06896,cls_AJBUO63250,sch_KACVP55227,,TST Respose 5,I like to play outside,0.757050869,Frank,31,positive,
stu_KGOWI06896,cls_AJBUO63250,sch_KACVP55227,,TST Respose 5,I like to play outside,0.757050869,Frank,24,positive,
stu_VTRUH97046,cls_DLRQP13887,sch_QQLIR33891,,TST Respose 15,My favorite book is number the stars.,0.758240161,Frank,24,positive,
stu_FVHVM49769,cls_SLKYU63739,sch_QQLIR33891,YES,TST Respose 16,i play soccer,0.758440972,Frank,29,neutral,
stu_NWRRC44615,cls_JYBSH30995,sch_QQLIR33891,,TST Respose 4,i have a dog,0.758520339,Frank,32,none,
stu_XCKNQ66212,cls_USLPT75423,sch_QQLIR33891,YES,TST Respose 15,i'm sneaker head,0.758546101,Frank,24,positive,
stu_UEVQJ25414,cls_USLPT75423,sch_QQLIR33891,YES,TST Respose 6,im nice,0.758978106,Frank,44,positive,
stu_IKUOQ66846,cls_USLPT75423,sch_QQLIR33891,YES,TST Respose 4,I play more than three sport,0.759881753,Frank,29,neutral,
stu_FQEST23326,cls_JTMRB81339,sch_KACVP55227,YES,TST Respose 14,A therapist friend,0.760074079,Frank,10,positive,
stu_CJHBB29429,cls_MAEBK64434,sch_QQLIR33891,,TST Respose 17,I want to go to college,0.760134905,Frank,14,neutral,
stu_AQNHF52456,cls_USLPT75423,sch_QQLIR33891,YES,TST Respose 6,13 turning 14,0.760292542,Frank,4,13,
stu_JOKOV89559,cls_MAEBK64434,sch_QQLIR33891,,TST Respose 6,I am someone who loves drinking cold water,0.760300949,Frank,24,positive,
stu_RUBQU39803,cls_OUMSN73782,sch_QQLIR33891,,TST Respose 3,i am smart,0.760334671,Frank,43,positive,
stu_TFTDG28078,cls_IZNZG32572,sch_KACVP55227,YES,TST Respose 5,A girl with broken up parents.,0.761118595,Frank,12,neutral,
stu_TFTDG28078,cls_IZNZG32572,sch_KACVP55227,YES,TST Respose 5,A girl with broken up parents.,0.761118595,Frank,2,girl,
stu_XUDYN03051,cls_FXSNE83092,sch_QQLIR33891,,TST Respose 10,I like math,0.761172665,Frank,25,positive,
stu_XUDYN03051,cls_FXSNE83092,sch_QQLIR33891,,TST Respose 10,I like math,0.761172665,Frank,24,positive,
stu_WZRKM29688,cls_HEBLM24075,sch_KACVP55227,,TST Respose 16,i believe 95% of the school is self centered and only cares for themselve,0.761671507,Frank,47,negative,
stu_NZWIU92234,cls_JYBSH30995,sch_QQLIR33891,,TST Respose 3,i like vollyball,0.761880536,Frank,29,positive,
stu_NZWIU92234,cls_JYBSH30995,sch_QQLIR33891,,TST Respose 3,i like vollyball,0.761880536,Frank,24,positive,
stu_MXNSB23169,cls_HJQZF25095,sch_KACVP55227,,TST Respose 8,i like to open my yap.,0.762082321,Frank,44,positive,
stu_MXNSB23169,cls_HJQZF25095,sch_KACVP55227,,TST Respose 8,i like to open my yap.,0.762082321,Frank,24,positive,
stu_JERPG96865,cls_IZNZG32572,sch_KACVP55227,YES,TST Respose 1,i like guns,0.762236451,Frank,24,positive,
stu_WZRKM29688,cls_HEBLM24075,sch_KACVP55227,,TST Respose 18,i like my baby sibling,0.762420543,Frank,24,positive,
stu_WZRKM29688,cls_HEBLM24075,sch_KACVP55227,,TST Respose 18,i like my baby sibling,0.762420543,Frank,12,positive,
stu_NJZBY59884,cls_MAEBK64434,sch_QQLIR33891,,TST Respose 2,i am the middle child,0.762470462,Frank,12,neutral,
stu_NJZBY59884,cls_MAEBK64434,sch_QQLIR33891,,TST Respose 2,i am the middle child,0.762470462,Frank,4,child,
stu_MRIWT64391,cls_SYHWK05211,sch_KACVP55227,YES,TST Respose 13,A person who loves P.E,0.762528878,Frank,29,positive,
stu_MRIWT64391,cls_SYHWK05211,sch_KACVP55227,YES,TST Respose 13,A person who loves P.E,0.762528878,Frank,24,positive,
stu_CNIXS57234,cls_ERQJB18593,sch_QQLIR33891,,TST Respose 2,I'm tall,0.762698219,Frank,35,neutral,
stu_WYTLH51489,cls_AJBUO63250,sch_KACVP55227,YES,TST Respose 13,I like social studies,0.763169377,Frank,25,positive,
stu_WYTLH51489,cls_AJBUO63250,sch_KACVP55227,YES,TST Respose 13,I like social studies,0.763169377,Frank,24,positive,
stu_QQAHK93946,cls_FXSNE83092,sch_QQLIR33891,,TST Respose 4,I kinda like Mathia,0.763838722,Frank,25,positive,
stu_QQAHK93946,cls_FXSNE83092,sch_QQLIR33891,,TST Respose 4,I kinda like Mathia,0.763838722,Frank,24,positive,
stu_QFXDD68186,cls_SYHWK05211,sch_KACVP55227,YES,TST Respose 6,I'm play soccer.,0.763963331,Frank,29,neutral,
stu_JPMJO86637,cls_YFPVJ06178,sch_KACVP55227,YES,TST Respose 11,I'm not a kids lover but I love kids.,0.764220859,Frank,24,positive,
stu_NWRRN03456,cls_MCLLA54915,sch_KACVP55227,,TST Respose 8,I really want to have AP classes because I deserve it.,0.76443092,Frank,14,positive,
stu_EXNUN73314,cls_CIIPB03795,sch_RSWHG50450,YES,TST Respose 8,I am funny,0.764643516,Frank,44,positive,
stu_FSPCV10901,cls_OUMSN73782,sch_QQLIR33891,YES,TST Respose 8,I am a [SCHOOL NAME - MASCOT].,0.764652957,Frank,14,neutral,
stu_EQSJM78476,cls_FBBRP25979,sch_QQLIR33891,,TST Respose 8,I like the weekends,0.764895805,Frank,24,positive,
stu_JTZYY08754,cls_JTMRB81339,sch_KACVP55227,,TST Respose 10,I like to still home and go on my phone,0.765164221,Frank,27,positive,
stu_JTZYY08754,cls_JTMRB81339,sch_KACVP55227,,TST Respose 10,I like to still home and go on my phone,0.765164221,Frank,24,positive,
stu_LTSJK02079,cls_FBBRP25979,sch_QQLIR33891,,TST Respose 18,"My favorite ice cream flavors are chocolate, mint, and vanilla",0.76528307,Frank,24,positive,
stu_EHXGF51692,cls_OUMSN73782,sch_QQLIR33891,YES,TST Respose 12,I am a kid is a bit anxious,0.765342757,Frank,45,neutral,
stu_EHXGF51692,cls_OUMSN73782,sch_QQLIR33891,YES,TST Respose 12,I am a kid is a bit anxious,0.765342757,Frank,4,child,
stu_KWMWG76590,cls_CXLDP17094,sch_KACVP55227,YES,TST Respose 1,i wish i had a gaming pc.,0.76652942,Frank,33,none,
stu_KWMWG76590,cls_CXLDP17094,sch_KACVP55227,YES,TST Respose 1,i wish i had a gaming pc.,0.76652942,Frank,28,neutral,
stu_HXXCS05602,cls_USLPT75423,sch_QQLIR33891,YES,TST Respose 4,i'm a women,0.766883277,Frank,2,girl,
stu_IDHIE84911,cls_YFPVJ06178,sch_KACVP55227,YES,TST Respose 7,am friendsy,0.767139824,Frank,44,positive,
stu_OMSFY97090,cls_VFZRA31361,sch_KACVP55227,YES,TST Respose 3,im a students,0.767313579,Frank,14,neutral,
stu_CTAZU65504,cls_USLPT75423,sch_QQLIR33891,YES,TST Respose 10,I am 5'1,0.767391802,Frank,35,neutral,
stu_EHLZF06092,cls_MCLLA54915,sch_KACVP55227,YES,TST Respose 16,I love playing roblox,0.767466991,Frank,28,positive,
stu_EHLZF06092,cls_MCLLA54915,sch_KACVP55227,YES,TST Respose 16,I love playing roblox,0.767466991,Frank,24,positive,
stu_UYUIH18635,cls_FBBRP25979,sch_QQLIR33891,,TST Respose 19,i love staying in bed,0.768416816,Frank,24,positive,
stu_BDAZF88230,cls_USLPT75423,sch_QQLIR33891,YES,TST Respose 14,I am a person of color,0.768702099,Frank,21,21,
stu_BDAZF88230,cls_USLPT75423,sch_QQLIR33891,YES,TST Respose 14,I am a person of color,0.768702099,Frank,6,ofcolor,
stu_MIJEQ06664,cls_MAEBK64434,sch_QQLIR33891,,TST Respose 1,I am a kid,0.769013052,Frank,4,child,
stu_FQEST23326,cls_JTMRB81339,sch_KACVP55227,YES,TST Respose 20,i AM [FIRST NAME],0.769343513,Frank,5,none,
stu_QPHPK12517,cls_HEZZN95002,sch_QQLIR33891,,TST Respose 13,the best r6 player,0.769439619,Frank,28,positive,
stu_GCHCS91000,cls_SLKYU63739,sch_QQLIR33891,YES,TST Respose 11,i am a gamer,0.769494358,Frank,28,neutral,
stu_JOVOI38701,cls_MAEBK64434,sch_QQLIR33891,,TST Respose 19,I am someone who likes fries.,0.769560237,Frank,24,positive,
stu_PFDTL78462,cls_NUSEI70378,sch_KACVP55227,,TST Respose 14,I like my family.,0.769652178,Frank,24,positive,
stu_PFDTL78462,cls_NUSEI70378,sch_KACVP55227,,TST Respose 14,I like my family.,0.769652178,Frank,12,positive,
stu_NXWSI70882,cls_MCLLA54915,sch_KACVP55227,YES,TST Respose 11,A person who sleeps early but somehow feels like they got no sleep,0.769915441,Frank,45,neutral,
stu_XUDYN03051,cls_FXSNE83092,sch_QQLIR33891,,TST Respose 20,I am afraid of getting robed,0.770302792,Frank,47,negative,
stu_QFXDD68186,cls_SYHWK05211,sch_KACVP55227,YES,TST Respose 15,I like to be outside and play,0.770332435,Frank,24,positive,
stu_UAFAK64772,cls_AJBUO63250,sch_KACVP55227,YES,TST Respose 9,smart,0.77070553,Frank,43,positive,
stu_TFTDG28078,cls_IZNZG32572,sch_KACVP55227,YES,TST Respose 1,A softball player,0.771086668,Frank,29,neutral,
stu_WCANG48942,cls_HJQZF25095,sch_KACVP55227,YES,TST Respose 19,I like mathia sometimes.,0.77131481,Frank,25,positive,
stu_WCANG48942,cls_HJQZF25095,sch_KACVP55227,YES,TST Respose 19,I like mathia sometimes.,0.77131481,Frank,24,positive,
stu_PXDPN73068,cls_FBBRP25979,sch_QQLIR33891,,TST Respose 12,I have a laptop,0.77147998,Frank,32,none,
stu_WEADW20158,cls_JYBSH30995,sch_QQLIR33891,,TST Respose 14,watching youtube,0.771491865,Frank,47,neutral,
stu_WEADW20158,cls_JYBSH30995,sch_QQLIR33891,,TST Respose 14,watching youtube,0.771491865,Frank,27,neutral,
stu_WAFQN21754,cls_TNHXN45809,sch_RSWHG50450,YES,TST Respose 7,I am nice,0.77175346,Frank,44,positive,
stu_CWQDV67579,cls_CIIPB03795,sch_RSWHG50450,YES,TST Respose 20,I am fast runner,0.771838791,Frank,29,positive,
stu_VSSOO37726,cls_HEBLM24075,sch_KACVP55227,YES,TST Respose 13,I like to talk lound,0.772336787,Frank,24,positive,
stu_WPVZY01902,cls_YLGBO89611,sch_KACVP55227,,TST Respose 15,I like toys,0.772616456,Frank,24,positive,
stu_JUQPD47363,cls_HOJKW39162,sch_KACVP55227,YES,TST Respose 8,I am good at math.,0.772996026,Frank,25,positive,
stu_JUQPD47363,cls_HOJKW39162,sch_KACVP55227,YES,TST Respose 8,I am good at math.,0.772996026,Frank,24,positive,
stu_CPBCK00658,cls_SIVDJ49041,sch_KACVP55227,,TST Respose 16,I like boys that are Asian with curly hair,0.773030299,Frank,24,positive,
stu_MXNSF14478,cls_JYBSH30995,sch_QQLIR33891,,TST Respose 16,I'm a good runner,0.773310536,Frank,29,positive,
stu_XXEBH66449,cls_GIJEF48865,sch_KACVP55227,,TST Respose 3,I am a person who doesn't like math,0.773921388,Frank,25,negative,
stu_XXEBH66449,cls_GIJEF48865,sch_KACVP55227,,TST Respose 3,I am a person who doesn't like math,0.773921388,Frank,24,negative,
stu_MMZHT88458,cls_QZQQW97177,sch_KACVP55227,,TST Respose 15,i like oreos:),0.774306703,Frank,24,positive,
stu_JERPG96865,cls_IZNZG32572,sch_KACVP55227,YES,TST Respose 5,i like customizing things.,0.77488443,Frank,26,positive,
stu_JERPG96865,cls_IZNZG32572,sch_KACVP55227,YES,TST Respose 5,i like customizing things.,0.77488443,Frank,24,positive,
stu_VENGZ10475,cls_HEZZN95002,sch_QQLIR33891,,TST Respose 2,A kind person,0.77488578,Frank,44,positive,
stu_VENGZ10475,cls_HEZZN95002,sch_QQLIR33891,,TST Respose 2,A kind person,0.77488578,Frank,21,none,
stu_OQLOS45541,cls_USLPT75423,sch_QQLIR33891,YES,TST Respose 18,I'm a swimmer.,0.775049888,Frank,29,neutral,
stu_MMNSJ38829,cls_YLGBO89611,sch_KACVP55227,,TST Respose 16,I like the color purple.,0.775536622,Frank,24,positive,
stu_HEPWQ98561,cls_ZUQLK09797,sch_KACVP55227,,TST Respose 8,i like dogs,0.775604002,Frank,24,positive,
stu_GXIYC47970,cls_SLKYU63739,sch_QQLIR33891,YES,TST Respose 15,i am good student,0.776077687,Frank,14,neutral,
stu_CWQDV67579,cls_CIIPB03795,sch_RSWHG50450,YES,TST Respose 12,i like book,0.777183995,Frank,24,positive,
stu_KCDEU07486,cls_JWHPH41004,sch_QQLIR33891,YES,TST Respose 18,I am a Christian,0.777239557,Frank,16,christian,
stu_JOVOI38701,cls_MAEBK64434,sch_QQLIR33891,,TST Respose 1,I am someone who likes playing basketball.,0.777410189,Frank,29,positive,
stu_JOVOI38701,cls_MAEBK64434,sch_QQLIR33891,,TST Respose 1,I am someone who likes playing basketball.,0.777410189,Frank,24,positive,
stu_OFAWH83528,cls_FBBRP25979,sch_QQLIR33891,,TST Respose 9,i like spicy chips,0.778072558,Frank,24,positive,
stu_QZOUO83023,cls_FBBRP25979,sch_QQLIR33891,YES,TST Respose 17,I don't like homework,0.778093618,Frank,25,negative,
stu_QZOUO83023,cls_FBBRP25979,sch_QQLIR33891,YES,TST Respose 17,I don't like homework,0.778093618,Frank,24,negative,
stu_OFWAG94272,cls_USLPT75423,sch_QQLIR33891,YES,TST Respose 20,i like vr,0.778231511,Frank,27,positive,
stu_OFWAG94272,cls_USLPT75423,sch_QQLIR33891,YES,TST Respose 20,i like vr,0.778231511,Frank,24,positive,
stu_SOWGI28002,cls_MAEBK64434,sch_QQLIR33891,,TST Respose 4,I am someone who likes vollyball,0.778902555,Frank,29,positive,
stu_SOWGI28002,cls_MAEBK64434,sch_QQLIR33891,,TST Respose 4,I am someone who likes vollyball,0.778902555,Frank,24,positive,
stu_KGOWI06896,cls_AJBUO63250,sch_KACVP55227,,TST Respose 10,I'm kind,0.778959869,Frank,44,positive,
stu_SULZI60933,cls_JYBSH30995,sch_QQLIR33891,,TST Respose 12,i have fun in math,0.779175611,Frank,25,positive,
stu_SULZI60933,cls_JYBSH30995,sch_QQLIR33891,,TST Respose 12,i have fun in math,0.779175611,Frank,24,positive,
stu_PYEUW09959,cls_HEZZN95002,sch_QQLIR33891,,TST Respose 5,Im an honors student,0.779630922,Frank,43,positive,
stu_PYEUW09959,cls_HEZZN95002,sch_QQLIR33891,,TST Respose 5,Im an honors student,0.779630922,Frank,14,positive,
stu_MXNSB23169,cls_HJQZF25095,sch_KACVP55227,,TST Respose 2,I am a musical person.,0.780044985,Frank,26,positive,
stu_MXNSB23169,cls_HJQZF25095,sch_KACVP55227,,TST Respose 2,I am a musical person.,0.780044985,Frank,21,none,
stu_CAGAM03126,cls_HOJKW39162,sch_KACVP55227,YES,TST Respose 10,I am a person who loves the beach.,0.780067689,Frank,24,positive,
stu_CAGAM03126,cls_HOJKW39162,sch_KACVP55227,YES,TST Respose 10,I am a person who loves the beach.,0.780067689,Frank,21,none,
stu_CAGAM03126,cls_HOJKW39162,sch_KACVP55227,YES,TST Respose 8,I am a person who likes sweets.,0.780783772,Frank,24,positive,
stu_CAGAM03126,cls_HOJKW39162,sch_KACVP55227,YES,TST Respose 8,I am a person who likes sweets.,0.780783772,Frank,21,none,
stu_QHOON52054,cls_MCLLA54915,sch_KACVP55227,YES,TST Respose 3,I am a boy,0.780941798,Frank,2,boy,
stu_MXNSF14478,cls_JYBSH30995,sch_QQLIR33891,,TST Respose 18,I'm in 6th grade,0.781204213,Frank,22,sixthgrader,
stu_MXNSF14478,cls_JYBSH30995,sch_QQLIR33891,,TST Respose 18,I'm in 6th grade,0.781204213,Frank,14,neutral,
stu_OAZKI17777,cls_TNHXN45809,sch_RSWHG50450,YES,TST Respose 19,[FIRST NAME],0.781590859,Frank,5,none,
stu_YXBHV58732,cls_VFZRA31361,sch_KACVP55227,YES,TST Respose 8,I like gym,0.781634785,Frank,29,positive,
stu_YXBHV58732,cls_VFZRA31361,sch_KACVP55227,YES,TST Respose 8,I like gym,0.781634785,Frank,24,positive,
stu_HMQRZ27503,cls_YFPVJ06178,sch_KACVP55227,YES,TST Respose 15,I am rude,0.781672956,Frank,44,negative,
stu_TFTDG28078,cls_IZNZG32572,sch_KACVP55227,YES,TST Respose 14,a student athlete,0.782304959,Frank,29,neutral,
stu_TFTDG28078,cls_IZNZG32572,sch_KACVP55227,YES,TST Respose 14,a student athlete,0.782304959,Frank,14,neutral,
stu_PXDPN73068,cls_FBBRP25979,sch_QQLIR33891,,TST Respose 13,I have a phone,0.782736644,Frank,32,none,
stu_NWRRN03456,cls_MCLLA54915,sch_KACVP55227,,TST Respose 18,"I love sports including Basketball, Volleyball, and Soccer.",0.782814379,Frank,29,positive,
stu_NWRRN03456,cls_MCLLA54915,sch_KACVP55227,,TST Respose 18,"I love sports including Basketball, Volleyball, and Soccer.",0.782814379,Frank,24,positive,
stu_TYPZX10676,cls_YLGBO89611,sch_KACVP55227,,TST Respose 10,i like when they give trophy.,0.782814777,Frank,24,positive,
stu_FHADA27602,cls_OUMSN73782,sch_QQLIR33891,YES,TST Respose 19,im kinda tall/short cause im 5'3.,0.78301576,Frank,35,neutral,
stu_SULZI60933,cls_JYBSH30995,sch_QQLIR33891,,TST Respose 14,i like to sleep,0.78312288,Frank,31,positive,
stu_SULZI60933,cls_JYBSH30995,sch_QQLIR33891,,TST Respose 14,i like to sleep,0.78312288,Frank,24,positive,
stu_EJIML93711,cls_AJBUO63250,sch_KACVP55227,,TST Respose 8,I like fashion,0.783369388,Frank,30,positive,
stu_EJIML93711,cls_AJBUO63250,sch_KACVP55227,,TST Respose 8,I like fashion,0.783369388,Frank,24,positive,
stu_KGOWI06896,cls_AJBUO63250,sch_KACVP55227,,TST Respose 17,I like to do arts and crafts,0.783573521,Frank,26,positive,
stu_KGOWI06896,cls_AJBUO63250,sch_KACVP55227,,TST Respose 17,I like to do arts and crafts,0.783573521,Frank,24,positive,
stu_GXMFA19655,cls_PQLMX93290,sch_SIWHM63035,YES,TST Respose 9,i am fast,0.783730938,Frank,43,positive,
stu_TFTDG28078,cls_IZNZG32572,sch_KACVP55227,YES,TST Respose 11,1/4 kids.,0.78386944,Frank,48,none,
stu_SQLXP95993,cls_MFUGV02425,sch_QQLIR33891,,TST Respose 17,My favorite thing to do is to do my hair,0.784130439,Frank,30,positive,
stu_SQLXP95993,cls_MFUGV02425,sch_QQLIR33891,,TST Respose 17,My favorite thing to do is to do my hair,0.784130439,Frank,24,positive,
stu_VENGZ10475,cls_HEZZN95002,sch_QQLIR33891,,TST Respose 16,youngest slibling,0.784472521,Frank,12,neutral,
stu_FQEST23326,cls_JTMRB81339,sch_KACVP55227,YES,TST Respose 9,a daughter,0.785044806,Frank,12,neutral,
stu_FQEST23326,cls_JTMRB81339,sch_KACVP55227,YES,TST Respose 9,a daughter,0.785044806,Frank,2,girl,
stu_UYFTQ45542,cls_USLPT75423,sch_QQLIR33891,YES,TST Respose 16,i am a person who have high hopes,0.785077061,Frank,41,positive,
stu_UYFTQ45542,cls_USLPT75423,sch_QQLIR33891,YES,TST Respose 16,i am a person who have high hopes,0.785077061,Frank,21,none,
stu_UTXBZ05806,cls_MAEBK64434,sch_QQLIR33891,,TST Respose 4,i am someone that likes video games,0.785128531,Frank,28,positive,
stu_UTXBZ05806,cls_MAEBK64434,sch_QQLIR33891,,TST Respose 4,i am someone that likes video games,0.785128531,Frank,21,none,
stu_UTXBZ05806,cls_MAEBK64434,sch_QQLIR33891,,TST Respose 4,i am someone that likes video games,0.785128531,Frank,24,positive,
stu_SOWGI28002,cls_MAEBK64434,sch_QQLIR33891,,TST Respose 7,I am someone who loves salmon,0.785228936,Frank,24,positive,
stu_LTSJK02079,cls_FBBRP25979,sch_QQLIR33891,,TST Respose 8,I like food,0.785653063,Frank,24,positive,
stu_PSHZT50501,cls_USLPT75423,sch_QQLIR33891,YES,TST Respose 9,I am a basketball lover,0.785701424,Frank,29,positive,
stu_PSHZT50501,cls_USLPT75423,sch_QQLIR33891,YES,TST Respose 9,I am a basketball lover,0.785701424,Frank,24,positive,
stu_CAGAM03126,cls_HOJKW39162,sch_KACVP55227,YES,TST Respose 13,I am a person who likes Disney.,0.785853654,Frank,24,positive,
stu_CAGAM03126,cls_HOJKW39162,sch_KACVP55227,YES,TST Respose 13,I am a person who likes Disney.,0.785853654,Frank,21,none,
stu_HMQRZ27503,cls_YFPVJ06178,sch_KACVP55227,YES,TST Respose 3,I m a future billionaire,0.786317805,Frank,33,none,
stu_DHTXQ91573,cls_VFZRA31361,sch_KACVP55227,YES,TST Respose 15,I am a students from 6 grades,0.78641687,Frank,22,sixthgrader,
stu_DHTXQ91573,cls_VFZRA31361,sch_KACVP55227,YES,TST Respose 15,I am a students from 6 grades,0.78641687,Frank,4,child,
stu_DHTXQ91573,cls_VFZRA31361,sch_KACVP55227,YES,TST Respose 15,I am a students from 6 grades,0.78641687,Frank,14,neutral,
stu_ROULI02103,cls_SLKYU63739,sch_QQLIR33891,YES,TST Respose 15,i like to cook,0.786588716,Frank,31,positive,
stu_ROULI02103,cls_SLKYU63739,sch_QQLIR33891,YES,TST Respose 15,i like to cook,0.786588716,Frank,24,positive,
stu_PSHPN85751,cls_SYHWK05211,sch_KACVP55227,,TST Respose 12,bye,0.786622243,Frank,48,none,
stu_EHYTZ32137,cls_USLPT75423,sch_QQLIR33891,YES,TST Respose 3,I like to eat food,0.786694963,Frank,24,positive,
stu_YXJEP22115,cls_USLPT75423,sch_QQLIR33891,YES,TST Respose 10,I am good with kids,0.786773519,Frank,44,positive,
stu_CNIXS57234,cls_ERQJB18593,sch_QQLIR33891,,TST Respose 12,I like food,0.787042535,Frank,24,positive,
stu_ANQAT24428,cls_MAEBK64434,sch_QQLIR33891,,TST Respose 17,i like to play outside,0.787255869,Frank,24,positive,
stu_JERPG96865,cls_IZNZG32572,sch_KACVP55227,YES,TST Respose 13,i like nerf stuff,0.787628208,Frank,24,positive,
stu_YNVPH88845,cls_MMBNN48363,sch_QQLIR33891,,TST Respose 11,I love Young Sheldon,0.788207754,Frank,24,positive,
stu_JOKOV89559,cls_MAEBK64434,sch_QQLIR33891,,TST Respose 20,i am someone who loves shoes,0.788356259,Frank,24,positive,
stu_YNVPH88845,cls_MMBNN48363,sch_QQLIR33891,,TST Respose 15,I like to spooky Scary Sunday,0.78869474,Frank,27,positive,
stu_YNVPH88845,cls_MMBNN48363,sch_QQLIR33891,,TST Respose 15,I like to spooky Scary Sunday,0.78869474,Frank,24,positive,
stu_CHVFQ54169,cls_JYBSH30995,sch_QQLIR33891,,TST Respose 3,I love soccer.,0.788740967,Frank,29,positive,
stu_CHVFQ54169,cls_JYBSH30995,sch_QQLIR33891,,TST Respose 3,I love soccer.,0.788740967,Frank,24,positive,
stu_VQFBG95862,cls_USLPT75423,sch_QQLIR33891,,TST Respose 11,i am a chess player,0.788823982,Frank,28,neutral,
stu_IGWBR81023,cls_DLRQP13887,sch_QQLIR33891,,TST Respose 11,my favorite song is recgonize by pnd,0.788841098,Frank,24,positive,
stu_QQMSX84242,cls_TNHXN45809,sch_RSWHG50450,YES,TST Respose 11,a manga reader,0.788917558,Frank,31,neutral,
stu_GXMFA19655,cls_PQLMX93290,sch_SIWHM63035,YES,TST Respose 6,i am short,0.788993627,Frank,35,neutral,
stu_VKCWY07846,cls_DLRQP13887,sch_QQLIR33891,,TST Respose 2,i ware glasses,0.78904369,Frank,35,neutral,
stu_EJIML93711,cls_AJBUO63250,sch_KACVP55227,,TST Respose 13,I like makeup,0.789163943,Frank,30,positive,
stu_EJIML93711,cls_AJBUO63250,sch_KACVP55227,,TST Respose 13,I like makeup,0.789163943,Frank,24,positive,
stu_UAFAK64772,cls_AJBUO63250,sch_KACVP55227,YES,TST Respose 5,volleyball player,0.789263043,Frank,29,neutral,
stu_HMQRZ27503,cls_YFPVJ06178,sch_KACVP55227,YES,TST Respose 9,i am a boy,0.789273615,Frank,2,boy,
stu_CPAQO78519,cls_MAEBK64434,sch_QQLIR33891,,TST Respose 10,I am someone who is creative,0.789306781,Frank,43,positive,
stu_WPVZY01902,cls_YLGBO89611,sch_KACVP55227,,TST Respose 13,I like playground,0.789551225,Frank,24,positive,
stu_STIXI97047,cls_CXLDP17094,sch_KACVP55227,,TST Respose 3,I would like a really similar program like mathstream like using the coins.,0.789725248,Frank,25,positive,
stu_STIXI97047,cls_CXLDP17094,sch_KACVP55227,,TST Respose 3,I would like a really similar program like mathstream like using the coins.,0.789725248,Frank,24,positive,
stu_WZRKM29688,cls_HEBLM24075,sch_KACVP55227,,TST Respose 12,i like helluva boss,0.790777356,Frank,27,positive,
stu_WZRKM29688,cls_HEBLM24075,sch_KACVP55227,,TST Respose 12,i like helluva boss,0.790777356,Frank,24,positive,
stu_JERPG96865,cls_IZNZG32572,sch_KACVP55227,YES,TST Respose 16,i like soccor,0.790886997,Frank,29,positive,
stu_JERPG96865,cls_IZNZG32572,sch_KACVP55227,YES,TST Respose 16,i like soccor,0.790886997,Frank,24,positive,
stu_ZQMQQ26810,cls_HEBLM24075,sch_KACVP55227,,TST Respose 10,i have a sweet tooth,0.79109894,Frank,24,positive,
stu_ECYEC76336,cls_OUMSN73782,sch_QQLIR33891,YES,TST Respose 13,I am a leader,0.791260486,Frank,44,positive,
stu_NMWSA27732,cls_UZFMO35109,sch_QQLIR33891,,TST Respose 5,I'm the oldest,0.791279371,Frank,48,none,
stu_SQLXP95993,cls_MFUGV02425,sch_QQLIR33891,,TST Respose 14,I don't like reading,0.791451399,Frank,25,negative,
stu_LTSJK02079,cls_FBBRP25979,sch_QQLIR33891,,TST Respose 11,I like to sleep,0.791828424,Frank,31,positive,
stu_LTSJK02079,cls_FBBRP25979,sch_QQLIR33891,,TST Respose 11,I like to sleep,0.791828424,Frank,24,positive,
stu_RDPGG44681,cls_ZLIZG21375,sch_RSWHG50450,,TST Respose 5,I love doing hair,0.792014401,Frank,30,positive,
stu_RDPGG44681,cls_ZLIZG21375,sch_RSWHG50450,,TST Respose 5,I love doing hair,0.792014401,Frank,24,positive,
stu_XCKNQ66212,cls_USLPT75423,sch_QQLIR33891,YES,TST Respose 12,i'm chill,0.792312601,Frank,45,positive,
stu_LDUML32113,cls_USLPT75423,sch_QQLIR33891,YES,TST Respose 3,a leader,0.792685939,Frank,44,positive,
stu_FTOYB42084,cls_SLKYU63739,sch_QQLIR33891,YES,TST Respose 9,im respectful,0.792933017,Frank,44,positive,
stu_KOIIB68446,cls_JYBSH30995,sch_QQLIR33891,,TST Respose 18,im in 6th grade,0.79295911,Frank,22,sixthgrader,
stu_KOIIB68446,cls_JYBSH30995,sch_QQLIR33891,,TST Respose 18,im in 6th grade,0.79295911,Frank,14,neutral,
stu_ERQCY81201,cls_USLPT75423,sch_QQLIR33891,YES,TST Respose 14,I am a girl who loves braids but hates getting her hair done.,0.793525167,Frank,30,positive,
stu_ERQCY81201,cls_USLPT75423,sch_QQLIR33891,YES,TST Respose 14,I am a girl who loves braids but hates getting her hair done.,0.793525167,Frank,2,girl,
stu_ERQCY81201,cls_USLPT75423,sch_QQLIR33891,YES,TST Respose 14,I am a girl who loves braids but hates getting her hair done.,0.793525167,Frank,24,positive,
stu_SULZI60933,cls_JYBSH30995,sch_QQLIR33891,,TST Respose 18,i like helping my friend on Mathia,0.793932418,Frank,25,positive,
stu_SULZI60933,cls_JYBSH30995,sch_QQLIR33891,,TST Respose 18,i like helping my friend on Mathia,0.793932418,Frank,10,positive,
stu_FVHVM49769,cls_SLKYU63739,sch_QQLIR33891,YES,TST Respose 17,i like lasagna,0.79488182,Frank,24,positive,
stu_ANQAT24428,cls_MAEBK64434,sch_QQLIR33891,,TST Respose 9,someone who likes pizza,0.794959901,Frank,24,positive,
stu_VGJIS59600,cls_DLRQP13887,sch_QQLIR33891,,TST Respose 8,my favorite season is Autumn,0.794963472,Frank,24,positive,
stu_ANAWT41929,cls_CIIPB03795,sch_RSWHG50450,YES,TST Respose 4,I love pizza,0.795030871,Frank,24,positive,
stu_BDAZF88230,cls_USLPT75423,sch_QQLIR33891,YES,TST Respose 2,I am a reader,0.795705827,Frank,25,neutral,
stu_FWPPR22255,cls_YFPVJ06178,sch_KACVP55227,YES,TST Respose 4,I got 12 years old,0.795754572,Frank,4,12,
stu_AQNHF52456,cls_USLPT75423,sch_QQLIR33891,YES,TST Respose 18,i have curly hair,0.796154207,Frank,35,neutral,
stu_KCRZD23226,cls_JDASF17902,sch_KACVP55227,,TST Respose 9,I like listening music,0.796223156,Frank,24,positive,
stu_EHLZF06092,cls_MCLLA54915,sch_KACVP55227,YES,TST Respose 12,I love Jordans and nike,0.796243908,Frank,24,positive,
stu_SOWGI28002,cls_MAEBK64434,sch_QQLIR33891,,TST Respose 18,I am someone who loves perfume,0.796515064,Frank,30,positive,
stu_SOWGI28002,cls_MAEBK64434,sch_QQLIR33891,,TST Respose 18,I am someone who loves perfume,0.796515064,Frank,24,positive,
stu_EHLZF06092,cls_MCLLA54915,sch_KACVP55227,YES,TST Respose 3,I am an english speaking person,0.796699661,Frank,25,neutral,
stu_EHLZF06092,cls_MCLLA54915,sch_KACVP55227,YES,TST Respose 3,I am an english speaking person,0.796699661,Frank,22,speaksenglish,
stu_THKBG93560,cls_OUMSN73782,sch_QQLIR33891,YES,TST Respose 11,I'm a high Honor role student,0.797445715,Frank,43,positive,
stu_THKBG93560,cls_OUMSN73782,sch_QQLIR33891,YES,TST Respose 11,I'm a high Honor role student,0.797445715,Frank,14,positive,
stu_LTSJK02079,cls_FBBRP25979,sch_QQLIR33891,,TST Respose 2,I am a boy,0.797543778,Frank,2,boy,
stu_PFDTL78462,cls_NUSEI70378,sch_KACVP55227,,TST Respose 5,I am Puerto Rican and Portuguese.,0.797779607,Frank,7,puerto rican and portuguese,
stu_MIJEQ06664,cls_MAEBK64434,sch_QQLIR33891,,TST Respose 5,I am funny,0.79781403,Frank,44,positive,
stu_ROXAU39801,cls_CIIPB03795,sch_RSWHG50450,YES,TST Respose 9,I am an all A student,0.797891054,Frank,43,positive,
stu_ROXAU39801,cls_CIIPB03795,sch_RSWHG50450,YES,TST Respose 9,I am an all A student,0.797891054,Frank,14,positive,
stu_WBAVA84528,cls_AVBRA70624,sch_KACVP55227,YES,TST Respose 11,i like having sleepovers,0.79794471,Frank,31,positive,
stu_WBAVA84528,cls_AVBRA70624,sch_KACVP55227,YES,TST Respose 11,i like having sleepovers,0.79794471,Frank,24,positive,
stu_QPHPK12517,cls_HEZZN95002,sch_QQLIR33891,,TST Respose 1,human,0.797964991,Frank,21,none,
stu_ECYEC76336,cls_OUMSN73782,sch_QQLIR33891,YES,TST Respose 15,I am a Honors student,0.798273415,Frank,43,positive,
stu_ECYEC76336,cls_OUMSN73782,sch_QQLIR33891,YES,TST Respose 15,I am a Honors student,0.798273415,Frank,14,positive,
stu_HXXCS05602,cls_USLPT75423,sch_QQLIR33891,YES,TST Respose 13,i'm confindent,0.798458529,Frank,42,positive,
stu_XHGVP79664,cls_HEZZN95002,sch_QQLIR33891,,TST Respose 7,i have brown hair,0.798726997,Frank,35,neutral,
stu_QCKDZ64012,cls_HEZZN95002,sch_QQLIR33891,,TST Respose 4,Im fast,0.798825561,Frank,43,positive,
stu_DZJHT48666,cls_FXSNE83092,sch_QQLIR33891,,TST Respose 20,I like movies,0.798893414,Frank,24,positive,
stu_VNSDU81090,cls_JYBSH30995,sch_QQLIR33891,,TST Respose 11,my favorite food is peaches,0.799266967,Frank,24,positive,
stu_OFAWH83528,cls_FBBRP25979,sch_QQLIR33891,,TST Respose 16,I like playing outside,0.799362245,Frank,24,positive,
stu_WCANG48942,cls_HJQZF25095,sch_KACVP55227,YES,TST Respose 16,I like water,0.799566066,Frank,24,positive,
stu_TRKWP48352,cls_MAEBK64434,sch_QQLIR33891,,TST Respose 7,I am a person who likes to play video games,0.800399662,Frank,28,positive,
stu_TRKWP48352,cls_MAEBK64434,sch_QQLIR33891,,TST Respose 7,I am a person who likes to play video games,0.800399662,Frank,21,none,
stu_TRKWP48352,cls_MAEBK64434,sch_QQLIR33891,,TST Respose 7,I am a person who likes to play video games,0.800399662,Frank,24,positive,
stu_KJOZZ30475,cls_HOJKW39162,sch_KACVP55227,YES,TST Respose 5,I am a girl.,0.597887889,Frank,2,girl,
stu_KOUYR40301,cls_SYHWK05211,sch_KACVP55227,,TST Respose 15,i like gym class,0.801124029,Frank,29,positive,
stu_KOUYR40301,cls_SYHWK05211,sch_KACVP55227,,TST Respose 15,i like gym class,0.801124029,Frank,14,neutral,
stu_KOUYR40301,cls_SYHWK05211,sch_KACVP55227,,TST Respose 15,i like gym class,0.801124029,Frank,24,positive,
stu_RSKDK68207,cls_SIVDJ49041,sch_KACVP55227,,TST Respose 15,I like to do the right things and do good deeds.,0.801282863,Frank,40,positive,
stu_RSKDK68207,cls_SIVDJ49041,sch_KACVP55227,,TST Respose 15,I like to do the right things and do good deeds.,0.801282863,Frank,24,positive,
stu_YNVPH88845,cls_MMBNN48363,sch_QQLIR33891,,TST Respose 20,I like to be nice,0.801322409,Frank,44,positive,
stu_YNVPH88845,cls_MMBNN48363,sch_QQLIR33891,,TST Respose 20,I like to be nice,0.801322409,Frank,23,positive,
stu_CPVXX19825,cls_MAEBK64434,sch_QQLIR33891,,TST Respose 3,I am a older brother,0.801368647,Frank,12,neutral,
stu_CPVXX19825,cls_MAEBK64434,sch_QQLIR33891,,TST Respose 3,I am a older brother,0.801368647,Frank,2,boy,
stu_FTOYB42084,cls_SLKYU63739,sch_QQLIR33891,YES,TST Respose 15,im a boy,0.801712562,Frank,2,boy,
stu_IIOVZ06372,cls_HJQZF25095,sch_KACVP55227,YES,TST Respose 4,I like playing games,0.801976404,Frank,28,positive,
stu_IIOVZ06372,cls_HJQZF25095,sch_KACVP55227,YES,TST Respose 4,I like playing games,0.801976404,Frank,24,positive,
stu_OAZKI17777,cls_TNHXN45809,sch_RSWHG50450,YES,TST Respose 4,[LETTER OF NAME],0.802420919,Frank,5,none,
stu_LJAAE92948,cls_ERQJB18593,sch_QQLIR33891,YES,TST Respose 17,I'm a good writer,0.802814659,Frank,25,positive,
stu_HMQRZ27503,cls_YFPVJ06178,sch_KACVP55227,YES,TST Respose 11,I am from hati,0.80336194,Frank,7,haitian,
stu_WBAVA84528,cls_AVBRA70624,sch_KACVP55227,YES,TST Respose 17,i like wendys,0.803734249,Frank,24,positive,
stu_KGOWI06896,cls_AJBUO63250,sch_KACVP55227,,TST Respose 3,I like to hang out with my friends,0.804158126,Frank,31,positive,
stu_KGOWI06896,cls_AJBUO63250,sch_KACVP55227,,TST Respose 3,I like to hang out with my friends,0.804158126,Frank,10,positive,
stu_KGOWI06896,cls_AJBUO63250,sch_KACVP55227,,TST Respose 3,I like to hang out with my friends,0.804158126,Frank,24,positive,
stu_OFAWH83528,cls_FBBRP25979,sch_QQLIR33891,,TST Respose 1,im a boy,0.804380214,Frank,2,boy,
stu_FSPCV10901,cls_OUMSN73782,sch_QQLIR33891,YES,TST Respose 11,I am smart.,0.804544067,Frank,43,positive,
stu_CLLRZ76280,cls_MAEBK64434,sch_QQLIR33891,,TST Respose 20,I like trying new things,0.80458915,Frank,24,positive,
stu_ORUUL82324,cls_FBBRP25979,sch_QQLIR33891,,TST Respose 12,I'm not very flexible,0.804676109,Frank,36,neutral,
stu_WAWDW95831,cls_SYHWK05211,sch_KACVP55227,,TST Respose 4,I am a dog lover.,0.804894246,Frank,24,positive,
stu_HEPWQ98561,cls_ZUQLK09797,sch_KACVP55227,,TST Respose 6,my favorite food is lobster and the other is wingstop,0.804913707,Frank,24,positive,
stu_MXNSB23169,cls_HJQZF25095,sch_KACVP55227,,TST Respose 17,I like sports.,0.805167382,Frank,29,positive,
stu_MXNSB23169,cls_HJQZF25095,sch_KACVP55227,,TST Respose 17,I like sports.,0.805167382,Frank,24,positive,
stu_ROXAU39801,cls_CIIPB03795,sch_RSWHG50450,YES,TST Respose 15,I am a entrepreneur,0.805848699,Frank,13,neutral,
stu_FUILC09238,cls_HEBLM24075,sch_KACVP55227,,TST Respose 2,Im african american,0.805969661,Frank,6,african american,
stu_CPAQO78519,cls_MAEBK64434,sch_QQLIR33891,,TST Respose 9,I am someone who love music,0.805992167,Frank,24,positive,
stu_VUNQZ79892,cls_CIIPB03795,sch_RSWHG50450,YES,TST Respose 16,im a momschild,0.806025309,Frank,12,neutral,
stu_VUNQZ79892,cls_CIIPB03795,sch_RSWHG50450,YES,TST Respose 16,im a momschild,0.806025309,Frank,4,child,
stu_ZUARE93356,cls_MAEBK64434,sch_QQLIR33891,,TST Respose 2,I like to make jokes,0.806146522,Frank,24,positive,
stu_HEPWQ98561,cls_ZUQLK09797,sch_KACVP55227,,TST Respose 1,"i am a girl,",0.806652037,Frank,2,girl,
stu_WAFQN21754,cls_TNHXN45809,sch_RSWHG50450,YES,TST Respose 4,I am a friend,0.806824103,Frank,10,positive,
stu_HLKZL24322,cls_MAEBK64434,sch_QQLIR33891,,TST Respose 6,a baseball player and,0.807024081,Frank,29,neutral,
stu_FPTDO32773,cls_TNHXN45809,sch_RSWHG50450,YES,TST Respose 9,A girl,0.808325749,Frank,2,girl,
stu_XCKNQ66212,cls_USLPT75423,sch_QQLIR33891,YES,TST Respose 19,i have 2 siblings,0.808339921,Frank,12,neutral,
stu_NYHDW07721,cls_CIIPB03795,sch_RSWHG50450,,TST Respose 13,Volunteer of Youth Group,0.809449461,Frank,18,volunteer,
stu_OCRTY88035,cls_MAEBK64434,sch_QQLIR33891,,TST Respose 2,I am someone that has a sister.,0.809512403,Frank,12,neutral,
stu_HEPWQ98561,cls_ZUQLK09797,sch_KACVP55227,,TST Respose 7,i like my type of songs,0.809516194,Frank,24,positive,
stu_RUBQU39803,cls_OUMSN73782,sch_QQLIR33891,,TST Respose 7,i have beaufitual curly hair,0.80961039,Frank,35,positive,
stu_PUNZK45438,cls_SLKYU63739,sch_QQLIR33891,YES,TST Respose 13,i am couins,0.809820191,Frank,12,neutral,
stu_QQAHK93946,cls_FXSNE83092,sch_QQLIR33891,,TST Respose 7,I'm 4'10 or 4'11,0.810342121,Frank,35,neutral,
stu_ZQMQQ26810,cls_HEBLM24075,sch_KACVP55227,,TST Respose 20,i am an animal person,0.810534518,Frank,24,positive,
stu_ZQMQQ26810,cls_HEBLM24075,sch_KACVP55227,,TST Respose 20,i am an animal person,0.810534518,Frank,21,none,
stu_RUBQU39803,cls_OUMSN73782,sch_QQLIR33891,,TST Respose 17,i am in 6th grade,0.810586268,Frank,22,sixthgrader,
stu_RUBQU39803,cls_OUMSN73782,sch_QQLIR33891,,TST Respose 17,i am in 6th grade,0.810586268,Frank,4,child,
stu_RUBQU39803,cls_OUMSN73782,sch_QQLIR33891,,TST Respose 17,i am in 6th grade,0.810586268,Frank,14,neutral,
stu_CTAZU65504,cls_USLPT75423,sch_QQLIR33891,YES,TST Respose 2,I am funny,0.810770845,Frank,44,positive,
stu_YPZIM54297,cls_MAEBK64434,sch_QQLIR33891,,TST Respose 14,I am a swimmer,0.811075333,Frank,29,neutral,
stu_KCDEU07486,cls_JWHPH41004,sch_QQLIR33891,YES,TST Respose 8,I am 13 years old.,0.811103314,Frank,4,13,
stu_RSKDK68207,cls_SIVDJ49041,sch_KACVP55227,,TST Respose 5,I was born on [DATE],0.811359682,Frank,48,none,
stu_VOXTG50835,cls_NUSEI70378,sch_KACVP55227,,TST Respose 15,I like water,0.811420996,Frank,24,positive,
stu_IGLSS89625,cls_VFZRA31361,sch_KACVP55227,YES,TST Respose 16,ecdfvrgth,0.811715741,Frank,48,none,
stu_NYHDW07721,cls_CIIPB03795,sch_RSWHG50450,,TST Respose 16,Hatitan,0.811815634,Frank,7,haitian,
stu_WCANG48942,cls_HJQZF25095,sch_KACVP55227,YES,TST Respose 18,I like water,0.811891844,Frank,24,positive,
stu_FBOFA96484,cls_MAEBK64434,sch_QQLIR33891,,TST Respose 7,i am helpful,0.811928176,Frank,44,positive,
stu_WDDQQ92015,cls_YLGBO89611,sch_KACVP55227,,TST Respose 5,i am a student,0.811977272,Frank,14,neutral,
stu_SJXEZ38047,cls_JYBSH30995,sch_QQLIR33891,,TST Respose 12,I am in grade 6,0.812375662,Frank,22,sixthgrader,
stu_SJXEZ38047,cls_JYBSH30995,sch_QQLIR33891,,TST Respose 12,I am in grade 6,0.812375662,Frank,4,child,
stu_SJXEZ38047,cls_JYBSH30995,sch_QQLIR33891,,TST Respose 12,I am in grade 6,0.812375662,Frank,14,neutral,
stu_IKUOQ66846,cls_USLPT75423,sch_QQLIR33891,YES,TST Respose 12,I work with my dad,0.812460399,Frank,13,neutral.neutral,
stu_IKUOQ66846,cls_USLPT75423,sch_QQLIR33891,YES,TST Respose 12,I work with my dad,0.812460399,Frank,12,neutral.neutral,
stu_GCHCS91000,cls_SLKYU63739,sch_QQLIR33891,YES,TST Respose 2,i am a boy,0.812492995,Frank,2,boy,
stu_BDAZF88230,cls_USLPT75423,sch_QQLIR33891,YES,TST Respose 12,I am intelligent,0.812976029,Frank,43,positive,
stu_CPBCK00658,cls_SIVDJ49041,sch_KACVP55227,,TST Respose 3,I like games,0.813182066,Frank,28,positive,
stu_CPBCK00658,cls_SIVDJ49041,sch_KACVP55227,,TST Respose 3,I like games,0.813182066,Frank,24,positive,
stu_AQNHF52456,cls_USLPT75423,sch_QQLIR33891,YES,TST Respose 10,lightskin,0.813278513,Frank,6,black,
stu_QEGJI54214,cls_SLKYU63739,sch_QQLIR33891,YES,TST Respose 11,i am a caverde,0.813405395,Frank,7,cape verdean,
stu_OFWAG94272,cls_USLPT75423,sch_QQLIR33891,YES,TST Respose 4,Kind person,0.814475588,Frank,44,positive,
stu_OFWAG94272,cls_USLPT75423,sch_QQLIR33891,YES,TST Respose 4,Kind person,0.814475588,Frank,21,none,
stu_LNFOE66635,cls_AJBUO63250,sch_KACVP55227,YES,TST Respose 18,a good kid,0.81448375,Frank,40,positive,
stu_LNFOE66635,cls_AJBUO63250,sch_KACVP55227,YES,TST Respose 18,a good kid,0.81448375,Frank,4,child,
stu_CHVFQ54169,cls_JYBSH30995,sch_QQLIR33891,,TST Respose 18,I Love pupies.,0.81533519,Frank,24,positive,
stu_YNVPH88845,cls_MMBNN48363,sch_QQLIR33891,,TST Respose 2,I am the middle child,0.815356647,Frank,12,neutral,
stu_YNVPH88845,cls_MMBNN48363,sch_QQLIR33891,,TST Respose 2,I am the middle child,0.815356647,Frank,4,child,
stu_GXMFA19655,cls_PQLMX93290,sch_SIWHM63035,YES,TST Respose 8,i am smart,0.815374942,Frank,43,positive,
stu_RUBQU39803,cls_OUMSN73782,sch_QQLIR33891,,TST Respose 16,i ama warrior for food,0.815458233,Frank,48,none,
stu_VQFBG95862,cls_USLPT75423,sch_QQLIR33891,,TST Respose 5,i am a person with patieonce,0.815578753,Frank,45,positive,
stu_VQFBG95862,cls_USLPT75423,sch_QQLIR33891,,TST Respose 5,i am a person with patieonce,0.815578753,Frank,21,none,
stu_ZYUDW82089,cls_OUMSN73782,sch_QQLIR33891,YES,TST Respose 6,i am over 4 ft tall,0.815975941,Frank,35,neutral,
stu_UEYTM01990,cls_HOJKW39162,sch_KACVP55227,YES,TST Respose 19,I hate makeup,0.816157938,Frank,30,negative,
stu_QFXDD68186,cls_SYHWK05211,sch_KACVP55227,YES,TST Respose 4,Im a person,0.816278255,Frank,21,none,
stu_KWLPL21630,cls_SIVDJ49041,sch_KACVP55227,,TST Respose 1,I'm learning Eaglish.,0.81649043,Frank,25,neutral,
stu_KWLPL21630,cls_SIVDJ49041,sch_KACVP55227,,TST Respose 1,I'm learning Eaglish.,0.81649043,Frank,22,speaksenglish,
stu_CTAZU65504,cls_USLPT75423,sch_QQLIR33891,YES,TST Respose 3,I am respectful,0.816586236,Frank,44,positive,
stu_LNFOE66635,cls_AJBUO63250,sch_KACVP55227,YES,TST Respose 11,lucky to be alive,0.81688794,Frank,45,positive,
stu_FUILC09238,cls_HEBLM24075,sch_KACVP55227,,TST Respose 3,i play football,0.816943971,Frank,29,neutral,
stu_LTSJK02079,cls_FBBRP25979,sch_QQLIR33891,,TST Respose 15,"My favorite fruits are raspberry, orange, and pineapple",0.81705971,Frank,24,positive,
stu_ECYEC76336,cls_OUMSN73782,sch_QQLIR33891,YES,TST Respose 10,I am athletic,0.817278358,Frank,29,neutral,
stu_CPBCK00658,cls_SIVDJ49041,sch_KACVP55227,,TST Respose 5,I'm a student,0.817320304,Frank,14,neutral,
stu_CETOG17008,cls_USLPT75423,sch_QQLIR33891,YES,TST Respose 11,[FIRST NAME],0.81749459,Frank,5,none,
stu_HXXCS05602,cls_USLPT75423,sch_QQLIR33891,YES,TST Respose 1,i'm good at reading,0.817526412,Frank,25,positive,
stu_TDURA35752,cls_USLPT75423,sch_QQLIR33891,YES,TST Respose 2,I am an only child,0.817532796,Frank,12,neutral,
stu_EUIXK95276,cls_JDASF17902,sch_KACVP55227,,TST Respose 12,"I'm a student at the [SCHOOL NAME], I love dancing, singing, gym class, Art class, eating food",0.817553081,Frank,31,positive,
stu_EUIXK95276,cls_JDASF17902,sch_KACVP55227,,TST Respose 12,"I'm a student at the [SCHOOL NAME], I love dancing, singing, gym class, Art class, eating food",0.817553081,Frank,14,neutral,
stu_EUIXK95276,cls_JDASF17902,sch_KACVP55227,,TST Respose 12,"I'm a student at the [SCHOOL NAME], I love dancing, singing, gym class, Art class, eating food",0.817553081,Frank,24,positive,
stu_EUIXK95276,cls_JDASF17902,sch_KACVP55227,,TST Respose 12,"I'm a student at the [SCHOOL NAME], I love dancing, singing, gym class, Art class, eating food",0.817553081,Frank,26,positive,
stu_EUIXK95276,cls_JDASF17902,sch_KACVP55227,,TST Respose 12,"I'm a student at the [SCHOOL NAME], I love dancing, singing, gym class, Art class, eating food",0.817553081,Frank,29,positive,
stu_CINVJ49388,cls_HEZZN95002,sch_QQLIR33891,,TST Respose 13,reserved,0.817578925,Frank,44,neutral,
stu_JPMJO86637,cls_YFPVJ06178,sch_KACVP55227,YES,TST Respose 14,I love helping people when they need help.,0.817671148,Frank,44,positive,
stu_JPMJO86637,cls_YFPVJ06178,sch_KACVP55227,YES,TST Respose 14,I love helping people when they need help.,0.817671148,Frank,24,positive,
stu_ORUUL82324,cls_FBBRP25979,sch_QQLIR33891,,TST Respose 8,I have 2 brothers,0.81798184,Frank,12,neutral,
stu_KOUYR40301,cls_SYHWK05211,sch_KACVP55227,,TST Respose 4,i dislike math,0.818447683,Frank,25,negative,
stu_KOUYR40301,cls_SYHWK05211,sch_KACVP55227,,TST Respose 4,i dislike math,0.818447683,Frank,24,negative,
stu_JVLXZ63894,cls_CIIPB03795,sch_RSWHG50450,YES,TST Respose 12,[TEACHER] student,0.818557057,Frank,14,neutral,
stu_NZWIU92234,cls_JYBSH30995,sch_QQLIR33891,,TST Respose 15,I like math,0.818633134,Frank,25,positive,
stu_NZWIU92234,cls_JYBSH30995,sch_QQLIR33891,,TST Respose 15,I like math,0.818633134,Frank,24,positive,
stu_FWPPR22255,cls_YFPVJ06178,sch_KACVP55227,YES,TST Respose 16,I love school,0.818795214,Frank,25,positive,
stu_FWPPR22255,cls_YFPVJ06178,sch_KACVP55227,YES,TST Respose 16,I love school,0.818795214,Frank,14,positive,
stu_FWPPR22255,cls_YFPVJ06178,sch_KACVP55227,YES,TST Respose 16,I love school,0.818795214,Frank,24,positive,
stu_KOUYR40301,cls_SYHWK05211,sch_KACVP55227,,TST Respose 3,I am a girl,0.819134544,Frank,2,girl,
stu_AHWRN95528,cls_MAEBK64434,sch_QQLIR33891,,TST Respose 14,I am someone who likes comic's,0.819290465,Frank,24,positive,
stu_ANQAT24428,cls_MAEBK64434,sch_QQLIR33891,,TST Respose 16,somebody who is named after my dad,0.819462067,Frank,12,neutral,
stu_BDAZF88230,cls_USLPT75423,sch_QQLIR33891,YES,TST Respose 4,I am currently learning chinese,0.819912958,Frank,25,neutral,
stu_BDAZF88230,cls_USLPT75423,sch_QQLIR33891,YES,TST Respose 4,I am currently learning chinese,0.819912958,Frank,22,learningchinese,
stu_WPVZY01902,cls_YLGBO89611,sch_KACVP55227,,TST Respose 10,I like fortnite.,0.820509959,Frank,28,positive,
stu_WPVZY01902,cls_YLGBO89611,sch_KACVP55227,,TST Respose 10,I like fortnite.,0.820509959,Frank,24,positive,
stu_XSQUV53095,cls_OUMSN73782,sch_QQLIR33891,YES,TST Respose 8,I AM [FIRST NAME] A ARTIST,0.820691166,Frank,26,positive,
stu_XSQUV53095,cls_OUMSN73782,sch_QQLIR33891,YES,TST Respose 8,I AM [FIRST NAME] A ARTIST,0.820691166,Frank,5,none,
stu_FQKSK24193,cls_FBBRP25979,sch_QQLIR33891,,TST Respose 7,i like on my block,0.820726737,Frank,24,positive,
stu_FUILC09238,cls_HEBLM24075,sch_KACVP55227,,TST Respose 17,i don't like school,0.820821889,Frank,24,negative,
stu_FUILC09238,cls_HEBLM24075,sch_KACVP55227,,TST Respose 17,i don't like school,0.820821889,Frank,14,negative,
stu_PXDPN73068,cls_FBBRP25979,sch_QQLIR33891,,TST Respose 9,I play games,0.820960604,Frank,28,positive,
stu_PXDPN73068,cls_FBBRP25979,sch_QQLIR33891,,TST Respose 9,I play games,0.820960604,Frank,24,positive,
stu_ABSGH36082,cls_JYBSH30995,sch_QQLIR33891,,TST Respose 10,I want to go to New York City,0.820982815,Frank,48,none,
stu_TSQUQ54202,cls_USLPT75423,sch_QQLIR33891,YES,TST Respose 9,I don't want to be a teacher.,0.821011848,Frank,13,negative,
stu_EXNUN73314,cls_CIIPB03795,sch_RSWHG50450,YES,TST Respose 18,I am focused on things I like,0.821467409,Frank,42,positive,
stu_WDDQQ92015,cls_YLGBO89611,sch_KACVP55227,,TST Respose 13,i am a student,0.821931473,Frank,14,neutral,
stu_RDPGG44681,cls_ZLIZG21375,sch_RSWHG50450,,TST Respose 19,I love planning my future,0.822175766,Frank,31,positive,
stu_RDPGG44681,cls_ZLIZG21375,sch_RSWHG50450,,TST Respose 19,I love planning my future,0.822175766,Frank,24,positive,
stu_MMNSJ38829,cls_YLGBO89611,sch_KACVP55227,,TST Respose 13,I like to have sleepovers.,0.822606161,Frank,31,positive,
stu_MMNSJ38829,cls_YLGBO89611,sch_KACVP55227,,TST Respose 13,I like to have sleepovers.,0.822606161,Frank,24,positive,
stu_VSSOO37726,cls_HEBLM24075,sch_KACVP55227,YES,TST Respose 14,i like to talk queit to people,0.822686593,Frank,44,positive,
stu_VSSOO37726,cls_HEBLM24075,sch_KACVP55227,YES,TST Respose 14,i like to talk queit to people,0.822686593,Frank,24,positive,
stu_SJNFF34466,cls_OSSJA45538,sch_KACVP55227,,TST Respose 20,ive NEVER bullied,0.822856476,Frank,44,positive,
stu_QZOUO83023,cls_FBBRP25979,sch_QQLIR33891,YES,TST Respose 14,l love to travel,0.822970568,Frank,33,positive,
stu_QZOUO83023,cls_FBBRP25979,sch_QQLIR33891,YES,TST Respose 14,l love to travel,0.822970568,Frank,24,positive,
stu_PFDTL78462,cls_NUSEI70378,sch_KACVP55227,,TST Respose 8,"My lucky number is 5 or 6, or 56",0.823226587,Frank,48,none,
stu_FSPCV10901,cls_OUMSN73782,sch_QQLIR33891,YES,TST Respose 15,I like to do art.,0.823257107,Frank,26,positive,
stu_FSPCV10901,cls_OUMSN73782,sch_QQLIR33891,YES,TST Respose 15,I like to do art.,0.823257107,Frank,24,positive,
stu_HVWUJ52450,cls_FXSNE83092,sch_QQLIR33891,,TST Respose 19,i like music,0.823480757,Frank,24,positive,
stu_IGLSS89625,cls_VFZRA31361,sch_KACVP55227,YES,TST Respose 8,i don't like lunch,0.824314616,Frank,24,negative,
stu_FHADA27602,cls_OUMSN73782,sch_QQLIR33891,YES,TST Respose 8,i am a kind person,0.824731895,Frank,44,positive,
stu_FHADA27602,cls_OUMSN73782,sch_QQLIR33891,YES,TST Respose 8,i am a kind person,0.824731895,Frank,21,none,
stu_QQMSX84242,cls_TNHXN45809,sch_RSWHG50450,YES,TST Respose 10,an anime nerd,0.825372519,Frank,24,positive,
stu_PNNIR08301,cls_HJQZF25095,sch_KACVP55227,YES,TST Respose 4,I am Asian.,0.825425241,Frank,6,asian,
stu_CNIFN64507,cls_OUMSN73782,sch_QQLIR33891,YES,TST Respose 18,im a sagittarius,0.825720903,Frank,22,astrology,
stu_CWJCN88700,cls_DLRQP13887,sch_QQLIR33891,,TST Respose 8,I am kind,0.825784246,Frank,44,positive,
stu_KFYJM61476,cls_SYHWK05211,sch_KACVP55227,YES,TST Respose 19,I love animals.,0.825881102,Frank,24,positive,
stu_FBOFA96484,cls_MAEBK64434,sch_QQLIR33891,,TST Respose 16,My second fav color is Green,0.826065939,Frank,24,positive,
stu_GXIYC47970,cls_SLKYU63739,sch_QQLIR33891,YES,TST Respose 9,I am someone who likes watermelon,0.826187488,Frank,24,positive,
stu_FHADA27602,cls_OUMSN73782,sch_QQLIR33891,YES,TST Respose 6,i have a couple friends.,0.826272323,Frank,10,positive,
stu_EHYTZ32137,cls_USLPT75423,sch_QQLIR33891,YES,TST Respose 19,i'm a sister to a younger brother and sister,0.826588327,Frank,12,neutral,
stu_EHYTZ32137,cls_USLPT75423,sch_QQLIR33891,YES,TST Respose 19,i'm a sister to a younger brother and sister,0.826588327,Frank,2,girl,
stu_CAGAM03126,cls_HOJKW39162,sch_KACVP55227,YES,TST Respose 7,I am a person who likes pastel colors.,0.826985428,Frank,24,positive,
stu_DUOEM76163,cls_FXSNE83092,sch_QQLIR33891,,TST Respose 9,I have a cat and 3 beta fish,0.827119136,Frank,32,none,
stu_ZQMQQ26810,cls_HEBLM24075,sch_KACVP55227,,TST Respose 12,i like my playstation,0.82724394,Frank,28,positive,
stu_ZQMQQ26810,cls_HEBLM24075,sch_KACVP55227,,TST Respose 12,i like my playstation,0.82724394,Frank,24,positive,
stu_CAGAM03126,cls_HOJKW39162,sch_KACVP55227,YES,TST Respose 15,I'm a person who likes talking with my friends.,0.827279538,Frank,24,positive,
stu_CAGAM03126,cls_HOJKW39162,sch_KACVP55227,YES,TST Respose 15,I'm a person who likes talking with my friends.,0.827279538,Frank,10,positive,
stu_CAGAM03126,cls_HOJKW39162,sch_KACVP55227,YES,TST Respose 15,I'm a person who likes talking with my friends.,0.827279538,Frank,21,none,
stu_UJNMI16598,cls_OUKFK08724,sch_RSWHG50450,,TST Respose 4,Cook,0.828014859,Frank,31,neutral,
stu_WYTLH51489,cls_AJBUO63250,sch_KACVP55227,YES,TST Respose 2,I am a student,0.828660715,Frank,14,neutral,
stu_ERQCY81201,cls_USLPT75423,sch_QQLIR33891,YES,TST Respose 6,I am a person of color.,0.828779194,Frank,21,none,
stu_ERQCY81201,cls_USLPT75423,sch_QQLIR33891,YES,TST Respose 6,I am a person of color.,0.828779194,Frank,6,ofcolor,
stu_MKGYA55892,cls_MMBNN48363,sch_QQLIR33891,,TST Respose 9,art,0.828787565,Frank,48,none,
stu_CULOH75877,cls_HEZZN95002,sch_QQLIR33891,,TST Respose 15,I play golf,0.828889514,Frank,29,neutral,
stu_SOWGI28002,cls_MAEBK64434,sch_QQLIR33891,,TST Respose 13,I am someone who loves hot chips,0.829186619,Frank,24,positive,
stu_GXIYC47970,cls_SLKYU63739,sch_QQLIR33891,YES,TST Respose 10,I am someone who has pesos,0.829299356,Frank,32,none,
stu_NZWIU92234,cls_JYBSH30995,sch_QQLIR33891,,TST Respose 20,I want to be a doctor,0.829619923,Frank,13,neutral,
stu_FBOFA96484,cls_MAEBK64434,sch_QQLIR33891,,TST Respose 19,i am a person whose parents are from another country,0.829645766,Frank,21,none,
stu_FBOFA96484,cls_MAEBK64434,sch_QQLIR33891,,TST Respose 19,i am a person whose parents are from another country,0.829645766,Frank,12,neutral,
stu_MYCLF44200,cls_UZFMO35109,sch_QQLIR33891,,TST Respose 14,I like kai cerat.,0.829706389,Frank,28,positive,
stu_MYCLF44200,cls_UZFMO35109,sch_QQLIR33891,,TST Respose 14,I like kai cerat.,0.829706389,Frank,24,positive,
stu_CWJCN88700,cls_DLRQP13887,sch_QQLIR33891,,TST Respose 10,I am about to be in 8th grade,0.829757673,Frank,22,seventhgrader,
stu_CWJCN88700,cls_DLRQP13887,sch_QQLIR33891,,TST Respose 10,I am about to be in 8th grade,0.829757673,Frank,4,child,
stu_CWJCN88700,cls_DLRQP13887,sch_QQLIR33891,,TST Respose 10,I am about to be in 8th grade,0.829757673,Frank,14,neutral,
stu_WZRKM29688,cls_HEBLM24075,sch_KACVP55227,,TST Respose 15,i hate 95% of my school,0.829816405,Frank,25,negative,
stu_WZRKM29688,cls_HEBLM24075,sch_KACVP55227,,TST Respose 15,i hate 95% of my school,0.829816405,Frank,14,negative,
stu_WZRKM29688,cls_HEBLM24075,sch_KACVP55227,,TST Respose 15,i hate 95% of my school,0.829816405,Frank,24,negative,
stu_CHVFQ54169,cls_JYBSH30995,sch_QQLIR33891,,TST Respose 9,I love to dance .,0.829913198,Frank,26,positive,
stu_CHVFQ54169,cls_JYBSH30995,sch_QQLIR33891,,TST Respose 9,I love to dance .,0.829913198,Frank,24,posieive,
stu_PXDPN73068,cls_FBBRP25979,sch_QQLIR33891,,TST Respose 20,I enjoy gym.,0.829987606,Frank,29,positive,
stu_PXDPN73068,cls_FBBRP25979,sch_QQLIR33891,,TST Respose 20,I enjoy gym.,0.829987606,Frank,24,positive,
stu_WDDQQ92015,cls_YLGBO89611,sch_KACVP55227,,TST Respose 1,i am a student,0.830272092,Frank,14,neutral,
stu_FUILC09238,cls_HEBLM24075,sch_KACVP55227,,TST Respose 8,A skinny person,0.830333402,Frank,35,neutral,
stu_FUILC09238,cls_HEBLM24075,sch_KACVP55227,,TST Respose 8,A skinny person,0.830333402,Frank,21,none,
stu_SJXEZ38047,cls_JYBSH30995,sch_QQLIR33891,,TST Respose 2,I'm 11 years old,0.830676176,Frank,4,11,
stu_KWMWG76590,cls_CXLDP17094,sch_KACVP55227,YES,TST Respose 5,i love doing work,0.83094942,Frank,25,positive,
stu_KWMWG76590,cls_CXLDP17094,sch_KACVP55227,YES,TST Respose 5,i love doing work,0.83094942,Frank,24,positive,
stu_VOXTG50835,cls_NUSEI70378,sch_KACVP55227,,TST Respose 14,I like mcdonalds,0.831027554,Frank,24,positive,
stu_UEVQJ25414,cls_USLPT75423,sch_QQLIR33891,YES,TST Respose 17,im the oldest,0.831254235,Frank,48,none,
stu_OFWAG94272,cls_USLPT75423,sch_QQLIR33891,YES,TST Respose 16,I play tennis,0.831909573,Frank,29,neutral,
stu_CPVXX19825,cls_MAEBK64434,sch_QQLIR33891,,TST Respose 16,I like the baltimore ravens,0.831979867,Frank,24,positive,
stu_WAFQN21754,cls_TNHXN45809,sch_RSWHG50450,YES,TST Respose 12,I am respectful,0.831984574,Frank,44,positive,
stu_HLKZL24322,cls_MAEBK64434,sch_QQLIR33891,,TST Respose 3,a student,0.832253717,Frank,14,neutral,
stu_NWVEW24693,cls_AVBRA70624,sch_KACVP55227,YES,TST Respose 6,I love gift cards.,0.832546891,Frank,24,positive,
stu_VOXTG50835,cls_NUSEI70378,sch_KACVP55227,,TST Respose 10,I been to puert rico,0.832973025,Frank,22,been to puerto rico,
stu_EHXGF51692,cls_OUMSN73782,sch_QQLIR33891,YES,TST Respose 5,I am a hard-worker.,0.83313155,Frank,41,positive,
stu_CDXSC86692,cls_MAEBK64434,sch_QQLIR33891,,TST Respose 13,I am the person that like soda,0.833385836,Frank,24,positive,
stu_CDXSC86692,cls_MAEBK64434,sch_QQLIR33891,,TST Respose 13,I am the person that like soda,0.833385836,Frank,21,none,
stu_KCRZD23226,cls_JDASF17902,sch_KACVP55227,,TST Respose 11,I like to get help at school,0.833398566,Frank,25,positive,
stu_KCRZD23226,cls_JDASF17902,sch_KACVP55227,,TST Respose 11,I like to get help at school,0.833398566,Frank,14,neutral,
stu_KCRZD23226,cls_JDASF17902,sch_KACVP55227,,TST Respose 11,I like to get help at school,0.833398566,Frank,24,positive,
stu_SAOLH99639,cls_FXSNE83092,sch_QQLIR33891,,TST Respose 12,a boy who has a nice brother,0.833472265,Frank,12,positive,
stu_SAOLH99639,cls_FXSNE83092,sch_QQLIR33891,,TST Respose 12,a boy who has a nice brother,0.833472265,Frank,2,boy,
stu_XKMAG80800,cls_TNHXN45809,sch_RSWHG50450,YES,TST Respose 10,A Prankster,0.834387228,Frank,44,neutral,
stu_PUNZK45438,cls_SLKYU63739,sch_QQLIR33891,YES,TST Respose 15,i live in a house,0.834463793,Frank,48,none,
stu_IDHIE84911,cls_YFPVJ06178,sch_KACVP55227,YES,TST Respose 12,i love to elepe,0.834651697,Frank,48,none,
stu_IGWBR81023,cls_DLRQP13887,sch_QQLIR33891,,TST Respose 6,i speaking three languages,0.834682634,Frank,25,neutral,
stu_IGWBR81023,cls_DLRQP13887,sch_QQLIR33891,,TST Respose 6,i speaking three languages,0.834682634,Frank,22,trilingual,
stu_DZJHT48666,cls_FXSNE83092,sch_QQLIR33891,,TST Respose 2,Jamaican/Trinidad,0.835119469,Frank,7,jamaican and trinidadian,
stu_NWRRC44615,cls_JYBSH30995,sch_QQLIR33891,,TST Respose 14,i like myself,0.83538413,Frank,24,positive,
stu_NWRRC44615,cls_JYBSH30995,sch_QQLIR33891,,TST Respose 14,i like myself,0.83538413,Frank,19,none,
stu_QHOON52054,cls_MCLLA54915,sch_KACVP55227,YES,TST Respose 18,I am a lover,0.835488929,Frank,44,positive,
stu_WRQAA62017,cls_GIJEF48865,sch_KACVP55227,,TST Respose 15,I dont like chores,0.835674397,Frank,24,negative,
stu_QFXDD68186,cls_SYHWK05211,sch_KACVP55227,YES,TST Respose 2,I'm a kid,0.835905317,Frank,4,child,
stu_DJCZE13885,cls_FBBRP25979,sch_QQLIR33891,,TST Respose 5,My favorite color is purple.,0.83629376,Frank,24,positive,
stu_XHPVX80161,cls_TNHXN45809,sch_RSWHG50450,,TST Respose 10,i am my grandmothers grandson,0.836402955,Frank,12,neutral,
stu_XHPVX80161,cls_TNHXN45809,sch_RSWHG50450,,TST Respose 10,i am my grandmothers grandson,0.836402955,Frank,2,boy,
stu_JOKOV89559,cls_MAEBK64434,sch_QQLIR33891,,TST Respose 11,I am someone who loves playing with my family,0.836603286,Frank,24,positive,
stu_JOKOV89559,cls_MAEBK64434,sch_QQLIR33891,,TST Respose 11,I am someone who loves playing with my family,0.836603286,Frank,12,positive,
stu_CQRFU18177,cls_JYBSH30995,sch_QQLIR33891,,TST Respose 11,I don't like math,0.836616903,Frank,25,negative,
stu_CQRFU18177,cls_JYBSH30995,sch_QQLIR33891,,TST Respose 11,I don't like math,0.836616903,Frank,24,negative,
stu_ZQMQQ26810,cls_HEBLM24075,sch_KACVP55227,,TST Respose 7,im a fun poerson,0.83720398,Frank,44,positive,
stu_ZQMQQ26810,cls_HEBLM24075,sch_KACVP55227,,TST Respose 7,im a fun poerson,0.83720398,Frank,21,none,
stu_HXXCS05602,cls_USLPT75423,sch_QQLIR33891,YES,TST Respose 2,i;m the youngest sister,0.837983445,Frank,12,neutral,
stu_HXXCS05602,cls_USLPT75423,sch_QQLIR33891,YES,TST Respose 2,i;m the youngest sister,0.837983445,Frank,2,girl,
stu_QQMSX84242,cls_TNHXN45809,sch_RSWHG50450,YES,TST Respose 1,A minor,0.838120261,Frank,4,child,
stu_IGLSS89625,cls_VFZRA31361,sch_KACVP55227,YES,TST Respose 4,i like roblox,0.838299721,Frank,28,positive,
stu_IGLSS89625,cls_VFZRA31361,sch_KACVP55227,YES,TST Respose 4,i like roblox,0.838299721,Frank,24,positive,
stu_NMWSA27732,cls_UZFMO35109,sch_QQLIR33891,,TST Respose 2,I'm 12 years old,0.838374435,Frank,4,12,
stu_IGLSS89625,cls_VFZRA31361,sch_KACVP55227,YES,TST Respose 17,efrtgyju7,0.838417885,Frank,48,none,
stu_SQLXP95993,cls_MFUGV02425,sch_QQLIR33891,,TST Respose 18,I speak two LANGUEGES,0.838449171,Frank,25,neutral,
stu_SQLXP95993,cls_MFUGV02425,sch_QQLIR33891,,TST Respose 18,I speak two LANGUEGES,0.838449171,Frank,22,bilingual,
stu_PKXZK94759,cls_JYBSH30995,sch_QQLIR33891,,TST Respose 1,I'm a girl,0.838601337,Frank,2,girl,
stu_CDXSC86692,cls_MAEBK64434,sch_QQLIR33891,,TST Respose 16,i am the person that like going to my friends house,0.838742792,Frank,31,positive,
stu_CDXSC86692,cls_MAEBK64434,sch_QQLIR33891,,TST Respose 16,i am the person that like going to my friends house,0.838742792,Frank,10,positive,
stu_CDXSC86692,cls_MAEBK64434,sch_QQLIR33891,,TST Respose 16,i am the person that like going to my friends house,0.838742792,Frank,21,none,
stu_OMSFY97090,cls_VFZRA31361,sch_KACVP55227,YES,TST Respose 4,im a students,0.839116209,Frank,14,neutral,
stu_THKBG93560,cls_OUMSN73782,sch_QQLIR33891,YES,TST Respose 18,I'm a kid who wants this amazon card.,0.839302976,Frank,47,neutral,
stu_THKBG93560,cls_OUMSN73782,sch_QQLIR33891,YES,TST Respose 18,I'm a kid who wants this amazon card.,0.839302976,Frank,4,child,
stu_STIXI97047,cls_CXLDP17094,sch_KACVP55227,,TST Respose 14,I am [LAST NAME] .,0.839398791,Frank,5,none,
stu_ZUARE93356,cls_MAEBK64434,sch_QQLIR33891,,TST Respose 6,I play outside,0.839573956,Frank,24,positive,
stu_KCDEU07486,cls_JWHPH41004,sch_QQLIR33891,YES,TST Respose 19,I am a 7th grader,0.839590702,Frank,22,seventhgrader,
stu_KCDEU07486,cls_JWHPH41004,sch_QQLIR33891,YES,TST Respose 19,I am a 7th grader,0.839590702,Frank,4,child,
stu_KCDEU07486,cls_JWHPH41004,sch_QQLIR33891,YES,TST Respose 19,I am a 7th grader,0.839590702,Frank,14,neutral,
stu_WAWDW95831,cls_SYHWK05211,sch_KACVP55227,,TST Respose 11,I have curly hair..,0.839617122,Frank,35,neutral,
stu_SAOLH99639,cls_FXSNE83092,sch_QQLIR33891,,TST Respose 13,i have 1 sibling,0.839857417,Frank,12,neutral,
stu_THKBG93560,cls_OUMSN73782,sch_QQLIR33891,YES,TST Respose 8,I'm against LGBTQ I hate. them,0.839864402,Frank,23,anti-lgbtq,
stu_UEYTM01990,cls_HOJKW39162,sch_KACVP55227,YES,TST Respose 18,I like to go to the beach,0.839881498,Frank,24,positive,
stu_RUBQU39803,cls_OUMSN73782,sch_QQLIR33891,,TST Respose 5,i speak cape verde creole,0.840315009,Frank,25,neutral,
stu_RUBQU39803,cls_OUMSN73782,sch_QQLIR33891,,TST Respose 5,i speak cape verde creole,0.840315009,Frank,22,speakscapeverdean,
stu_QFXDD68186,cls_SYHWK05211,sch_KACVP55227,YES,TST Respose 10,I like too cook,0.840333917,Frank,31,positive,
stu_QFXDD68186,cls_SYHWK05211,sch_KACVP55227,YES,TST Respose 10,I like too cook,0.840333917,Frank,24,positive,
stu_UYFTQ45542,cls_USLPT75423,sch_QQLIR33891,YES,TST Respose 11,Im a person who wants to live in a different country,0.840442384,Frank,21,none,
stu_VGJIS59600,cls_DLRQP13887,sch_QQLIR33891,,TST Respose 17,I dislike loud noises and being the center of attention,0.84120231,Frank,44,negative,
stu_VGJIS59600,cls_DLRQP13887,sch_QQLIR33891,,TST Respose 17,I dislike loud noises and being the center of attention,0.84120231,Frank,24,negative,
stu_OIYXZ27717,cls_MAEBK64434,sch_QQLIR33891,,TST Respose 3,I am someone who like math,0.841280998,Frank,25,positive,
stu_OIYXZ27717,cls_MAEBK64434,sch_QQLIR33891,,TST Respose 3,I am someone who like math,0.841280998,Frank,24,positive,
stu_MZIVN56293,cls_HEZZN95002,sch_QQLIR33891,,TST Respose 3,im a student,0.841692572,Frank,14,neutral,
stu_CNIFN64507,cls_OUMSN73782,sch_QQLIR33891,YES,TST Respose 13,im african,0.841785583,Frank,7,african,
stu_MTCIM85775,cls_TNHXN45809,sch_RSWHG50450,,TST Respose 13,I am supportive,0.841933054,Frank,44,positive,
stu_KCRZD23226,cls_JDASF17902,sch_KACVP55227,,TST Respose 3,I like student,0.842057618,Frank,14,neutral,
stu_QCKDZ64012,cls_HEZZN95002,sch_QQLIR33891,,TST Respose 14,i love my dad,0.842123987,Frank,24,positive,
stu_QCKDZ64012,cls_HEZZN95002,sch_QQLIR33891,,TST Respose 14,i love my dad,0.842123987,Frank,12,positive,
stu_XCKNQ66212,cls_USLPT75423,sch_QQLIR33891,YES,TST Respose 10,i'm 5'5,0.842153264,Frank,35,neutral,
stu_QACJQ31561,cls_JYBSH30995,sch_QQLIR33891,,TST Respose 6,i used to do cheer im going to do it again this year,0.842223759,Frank,29,neutral,
stu_NKHRJ04957,cls_FBBRP25979,sch_QQLIR33891,,TST Respose 10,I like math,0.842265327,Frank,25,positive,
stu_NKHRJ04957,cls_FBBRP25979,sch_QQLIR33891,,TST Respose 10,I like math,0.842265327,Frank,24,positive,
stu_VOXTG50835,cls_NUSEI70378,sch_KACVP55227,,TST Respose 5,Im speak eneglish,0.842517784,Frank,25,neutral,
stu_VOXTG50835,cls_NUSEI70378,sch_KACVP55227,,TST Respose 5,Im speak eneglish,0.842517784,Frank,22,speaksenglish,
stu_RDPGG44681,cls_ZLIZG21375,sch_RSWHG50450,,TST Respose 9,I love my family,0.842535821,Frank,24,positive,
stu_RDPGG44681,cls_ZLIZG21375,sch_RSWHG50450,,TST Respose 9,I love my family,0.842535821,Frank,12,positive,
stu_XUDYN03051,cls_FXSNE83092,sch_QQLIR33891,,TST Respose 18,I like horro movies,0.842735215,Frank,24,positive,
stu_RUBQU39803,cls_OUMSN73782,sch_QQLIR33891,,TST Respose 14,i am a fellow citizen,0.842878805,Frank,48,none,
stu_ROULI02103,cls_SLKYU63739,sch_QQLIR33891,YES,TST Respose 5,i love to play video games,0.843618668,Frank,28,positive,
stu_ROULI02103,cls_SLKYU63739,sch_QQLIR33891,YES,TST Respose 5,i love to play video games,0.843618668,Frank,24,positive,
stu_CPAQO78519,cls_MAEBK64434,sch_QQLIR33891,,TST Respose 3,l am someone who loves dogs,0.843624456,Frank,24,positive,
stu_EHYTZ32137,cls_USLPT75423,sch_QQLIR33891,YES,TST Respose 12,I'm 5'1 and a half,0.843672545,Frank,35,neutral,
stu_KCRZD23226,cls_JDASF17902,sch_KACVP55227,,TST Respose 5,I like help people,0.843721211,Frank,44,positive,
stu_KCRZD23226,cls_JDASF17902,sch_KACVP55227,,TST Respose 5,I like help people,0.843721211,Frank,24,positive,
stu_PUNZK45438,cls_SLKYU63739,sch_QQLIR33891,YES,TST Respose 20,i like to drink water,0.844054579,Frank,24,positive,
stu_LDUML32113,cls_USLPT75423,sch_QQLIR33891,YES,TST Respose 13,i like travelling,0.844136928,Frank,31,positive,
stu_LDUML32113,cls_USLPT75423,sch_QQLIR33891,YES,TST Respose 13,i like travelling,0.844136928,Frank,24,positive,
stu_LVOOZ80056,cls_OUMSN73782,sch_QQLIR33891,YES,TST Respose 8,I am the middle child.,0.844207114,Frank,12,neutral,
stu_LVOOZ80056,cls_OUMSN73782,sch_QQLIR33891,YES,TST Respose 8,I am the middle child.,0.844207114,Frank,4,child,
stu_XHGVP79664,cls_HEZZN95002,sch_QQLIR33891,,TST Respose 16,I have a phone,0.844364894,Frank,32,none,
stu_EHLZF06092,cls_MCLLA54915,sch_KACVP55227,YES,TST Respose 6,I am a person who doesn't like school,0.844736229,Frank,25,negative,
stu_EHLZF06092,cls_MCLLA54915,sch_KACVP55227,YES,TST Respose 6,I am a person who doesn't like school,0.844736229,Frank,21,none,
stu_EHLZF06092,cls_MCLLA54915,sch_KACVP55227,YES,TST Respose 6,I am a person who doesn't like school,0.844736229,Frank,24,negative,
stu_NWRRN03456,cls_MCLLA54915,sch_KACVP55227,,TST Respose 11,MATH is one my favorite subject in school.,0.8447854,Frank,25,positive,
stu_NWRRN03456,cls_MCLLA54915,sch_KACVP55227,,TST Respose 11,MATH is one my favorite subject in school.,0.8447854,Frank,14,neutal,
stu_NWRRN03456,cls_MCLLA54915,sch_KACVP55227,,TST Respose 11,MATH is one my favorite subject in school.,0.8447854,Frank,24,positive,
stu_ZUARE93356,cls_MAEBK64434,sch_QQLIR33891,,TST Respose 4,My favorite sports teams Men City,0.844817453,Frank,24,positive,
stu_EUIXK95276,cls_JDASF17902,sch_KACVP55227,,TST Respose 19,"I'm a student at the [SCHOOL NAME], I love dancing, singing, gym class, Art class, eating food",0.844900106,Frank,31,positive,
stu_EUIXK95276,cls_JDASF17902,sch_KACVP55227,,TST Respose 19,"I'm a student at the [SCHOOL NAME], I love dancing, singing, gym class, Art class, eating food",0.844900106,Frank,14,neutral,
stu_EUIXK95276,cls_JDASF17902,sch_KACVP55227,,TST Respose 19,"I'm a student at the [SCHOOL NAME], I love dancing, singing, gym class, Art class, eating food",0.844900106,Frank,24,positive,
stu_EUIXK95276,cls_JDASF17902,sch_KACVP55227,,TST Respose 19,"I'm a student at the [SCHOOL NAME], I love dancing, singing, gym class, Art class, eating food",0.844900106,Frank,26,positive,
stu_EUIXK95276,cls_JDASF17902,sch_KACVP55227,,TST Respose 19,"I'm a student at the [SCHOOL NAME], I love dancing, singing, gym class, Art class, eating food",0.844900106,Frank,29,positive,
stu_CETOG17008,cls_USLPT75423,sch_QQLIR33891,YES,TST Respose 6,american,0.84509998,Frank,8,american,
stu_PFDTL78462,cls_NUSEI70378,sch_KACVP55227,,TST Respose 18,"My middle name is [MIDDLE NAME], yep just [MIDDLE NAME].",0.84584693,Frank,5,none,
stu_EXNUN73314,cls_CIIPB03795,sch_RSWHG50450,YES,TST Respose 4,I am smart,0.846219175,Frank,43,positive,
stu_SULZI60933,cls_JYBSH30995,sch_QQLIR33891,,TST Respose 11,i have 1 brother,0.846422979,Frank,12,neutral,
stu_PKXZK94759,cls_JYBSH30995,sch_QQLIR33891,,TST Respose 19,I love night walks,0.846796323,Frank,24,positive,
stu_OCRTY88035,cls_MAEBK64434,sch_QQLIR33891,,TST Respose 19,I am a girl.,0.847211107,Frank,2,girl,
stu_BJJXN95776,cls_MAEBK64434,sch_QQLIR33891,,TST Respose 17,I love animals,0.847870303,Frank,24,positive,
stu_XKMAG80800,cls_TNHXN45809,sch_RSWHG50450,YES,TST Respose 12,I love fish,0.848069663,Frank,24,positive,
stu_VFKRH03938,cls_SLKYU63739,sch_QQLIR33891,,TST Respose 11,i am a good person,0.849250061,Frank,40,positive,
stu_VFKRH03938,cls_SLKYU63739,sch_QQLIR33891,,TST Respose 11,i am a good person,0.849250061,Frank,21,none,
stu_MKEGQ97127,cls_GIJEF48865,sch_KACVP55227,,TST Respose 17,I'm a human,0.849739092,Frank,21,none,
stu_OFAWH83528,cls_FBBRP25979,sch_QQLIR33891,,TST Respose 7,I like snacks,0.849759187,Frank,24,positive,
stu_RDPGG44681,cls_ZLIZG21375,sch_RSWHG50450,,TST Respose 17,I am caring,0.849957354,Frank,44,positive,
stu_KOUYR40301,cls_SYHWK05211,sch_KACVP55227,,TST Respose 7,i like yapping,0.849992913,Frank,44,positive,
stu_KOUYR40301,cls_SYHWK05211,sch_KACVP55227,,TST Respose 7,i like yapping,0.849992913,Frank,24,positive,
stu_MYCLF44200,cls_UZFMO35109,sch_QQLIR33891,,TST Respose 20,I like spring.,0.850159227,Frank,24,positive,
stu_VFKRH03938,cls_SLKYU63739,sch_QQLIR33891,,TST Respose 6,"i am 5,9",0.850233104,Frank,35,neutral,
stu_WZRKM29688,cls_HEBLM24075,sch_KACVP55227,,TST Respose 1,I am [FIRST NAME],0.850958801,Frank,5,none,
stu_CPBCK00658,cls_SIVDJ49041,sch_KACVP55227,,TST Respose 20,I like to speak Creole,0.851006417,Frank,25,neutral,
stu_CPBCK00658,cls_SIVDJ49041,sch_KACVP55227,,TST Respose 20,I like to speak Creole,0.851006417,Frank,22,speakscreole,
stu_PNNIR08301,cls_HJQZF25095,sch_KACVP55227,YES,TST Respose 15,I am an organized person.,0.851383886,Frank,42,positive,
stu_PNNIR08301,cls_HJQZF25095,sch_KACVP55227,YES,TST Respose 15,I am an organized person.,0.851383886,Frank,21,none,
stu_UAFAK64772,cls_AJBUO63250,sch_KACVP55227,YES,TST Respose 18,clumsy,0.851761515,Frank,43,negative,
stu_EHXGF51692,cls_OUMSN73782,sch_QQLIR33891,YES,TST Respose 2,I am a 11 year old boy.,0.85189938,Frank,4,11,
stu_EHXGF51692,cls_OUMSN73782,sch_QQLIR33891,YES,TST Respose 2,I am a 11 year old boy.,0.85189938,Frank,2,boy,
stu_DHTXQ91573,cls_VFZRA31361,sch_KACVP55227,YES,TST Respose 10,I am a students from 6 grades,0.8519942,Frank,22,sixthgrader,
stu_DHTXQ91573,cls_VFZRA31361,sch_KACVP55227,YES,TST Respose 10,I am a students from 6 grades,0.8519942,Frank,4,child,
stu_DHTXQ91573,cls_VFZRA31361,sch_KACVP55227,YES,TST Respose 10,I am a students from 6 grades,0.8519942,Frank,14,neutral,
stu_NWVEW24693,cls_AVBRA70624,sch_KACVP55227,YES,TST Respose 14,i love lobster,0.85201614,Frank,24,positive,
stu_ERQCY81201,cls_USLPT75423,sch_QQLIR33891,YES,TST Respose 3,I am a girl who doesnt like to present infront of people.,0.852160802,Frank,44,negative,
stu_ERQCY81201,cls_USLPT75423,sch_QQLIR33891,YES,TST Respose 3,I am a girl who doesnt like to present infront of people.,0.852160802,Frank,2,girl,
stu_ERQCY81201,cls_USLPT75423,sch_QQLIR33891,YES,TST Respose 3,I am a girl who doesnt like to present infront of people.,0.852160802,Frank,24,negative,
stu_OMSFY97090,cls_VFZRA31361,sch_KACVP55227,YES,TST Respose 1,Im a students,0.852221218,Frank,14,neutral,
stu_STIXI97047,cls_CXLDP17094,sch_KACVP55227,,TST Respose 11,I am [FIRST NAME] .,0.852246661,Frank,5,none,
stu_FSPCV10901,cls_OUMSN73782,sch_QQLIR33891,YES,TST Respose 18,I live in [CITY].,0.852645499,Frank,9,city,
stu_ZYUDW82089,cls_OUMSN73782,sch_QQLIR33891,YES,TST Respose 3,a 11-year-old boy,0.852785049,Frank,4,11,
stu_ZYUDW82089,cls_OUMSN73782,sch_QQLIR33891,YES,TST Respose 3,a 11-year-old boy,0.852785049,Frank,2,boy,
stu_EUIXK95276,cls_JDASF17902,sch_KACVP55227,,TST Respose 17,"I'm a student at the [SCHOOL NAME] I love dancing, singing, gym class, Art class, eating food",0.853074665,Frank,31,positive,
stu_EUIXK95276,cls_JDASF17902,sch_KACVP55227,,TST Respose 17,"I'm a student at the [SCHOOL NAME] I love dancing, singing, gym class, Art class, eating food",0.853074665,Frank,14,neutral,
stu_EUIXK95276,cls_JDASF17902,sch_KACVP55227,,TST Respose 17,"I'm a student at the [SCHOOL NAME] I love dancing, singing, gym class, Art class, eating food",0.853074665,Frank,24,positive,
stu_EUIXK95276,cls_JDASF17902,sch_KACVP55227,,TST Respose 17,"I'm a student at the [SCHOOL NAME] I love dancing, singing, gym class, Art class, eating food",0.853074665,Frank,26,positive,
stu_EUIXK95276,cls_JDASF17902,sch_KACVP55227,,TST Respose 17,"I'm a student at the [SCHOOL NAME] I love dancing, singing, gym class, Art class, eating food",0.853074665,Frank,29,positive,
stu_GCHCS91000,cls_SLKYU63739,sch_QQLIR33891,YES,TST Respose 3,i am a nice person,0.853131296,Frank,44,positive,
stu_GCHCS91000,cls_SLKYU63739,sch_QQLIR33891,YES,TST Respose 3,i am a nice person,0.853131296,Frank,21,none,
stu_HLKZL24322,cls_MAEBK64434,sch_QQLIR33891,,TST Respose 15,i am football player,0.85323764,Frank,29,neutral,
stu_ANAWT41929,cls_CIIPB03795,sch_RSWHG50450,YES,TST Respose 14,My favorite streamer is kai cenat speed,0.853510458,Frank,28,positive,
stu_ANAWT41929,cls_CIIPB03795,sch_RSWHG50450,YES,TST Respose 14,My favorite streamer is kai cenat speed,0.853510458,Frank,24,positive,
stu_EHXGF51692,cls_OUMSN73782,sch_QQLIR33891,YES,TST Respose 18,i like pizza,0.853732325,Frank,24,positive,
stu_DKGHS98193,cls_FXSNE83092,sch_QQLIR33891,,TST Respose 1,a girl,0.853788255,Frank,2,girl,
stu_PSHZT50501,cls_USLPT75423,sch_QQLIR33891,YES,TST Respose 5,I am sleepy person,0.853808844,Frank,45,neutral,
stu_PSHZT50501,cls_USLPT75423,sch_QQLIR33891,YES,TST Respose 5,I am sleepy person,0.853808844,Frank,21,none,
stu_KOIIB68446,cls_JYBSH30995,sch_QQLIR33891,,TST Respose 3,I like to sleep,0.853860403,Frank,31,positive,
stu_KOIIB68446,cls_JYBSH30995,sch_QQLIR33891,,TST Respose 3,I like to sleep,0.853860403,Frank,24,positive,
stu_PXDPN73068,cls_FBBRP25979,sch_QQLIR33891,,TST Respose 4,I have a big ego,0.854143691,Frank,45,neutral,
stu_BESSB35006,cls_CIIPB03795,sch_RSWHG50450,YES,TST Respose 11,I like to hangout with my mom and my dad,0.854257363,Frank,24,positive,
stu_BESSB35006,cls_CIIPB03795,sch_RSWHG50450,YES,TST Respose 11,I like to hangout with my mom and my dad,0.854257363,Frank,12,positive,
stu_WQGUY90279,cls_JYBSH30995,sch_QQLIR33891,,TST Respose 13,I hate school,0.854312309,Frank,25,negative,
stu_WQGUY90279,cls_JYBSH30995,sch_QQLIR33891,,TST Respose 13,I hate school,0.854312309,Frank,24,negative,
stu_HBPKA70291,cls_CIIPB03795,sch_RSWHG50450,YES,TST Respose 19,actor,0.854372152,Frank,26,neutral,
stu_BESSB35006,cls_CIIPB03795,sch_RSWHG50450,YES,TST Respose 20,i like to go to the beach,0.854416164,Frank,24,positive,
stu_DHTXQ91573,cls_VFZRA31361,sch_KACVP55227,YES,TST Respose 6,I am a students from 6 grades,0.854448734,Frank,22,sixthgrader,
stu_DHTXQ91573,cls_VFZRA31361,sch_KACVP55227,YES,TST Respose 6,I am a students from 6 grades,0.854448734,Frank,4,child,
stu_DHTXQ91573,cls_VFZRA31361,sch_KACVP55227,YES,TST Respose 6,I am a students from 6 grades,0.854448734,Frank,14,neutral,
stu_RNIHY62490,cls_OUMSN73782,sch_QQLIR33891,YES,TST Respose 12,I have 10 uncles in my family,0.855188391,Frank,12,neutral,
stu_OMSFY97090,cls_VFZRA31361,sch_KACVP55227,YES,TST Respose 17,im a students,0.855851016,Frank,14,neutral,
stu_KJOZZ30475,cls_HOJKW39162,sch_KACVP55227,YES,TST Respose 6,I workout every week.,0.686301042,Frank,29,neutral,
stu_SULZI60933,cls_JYBSH30995,sch_QQLIR33891,,TST Respose 6,i like pink,0.855895266,Frank,24,positive,
stu_KCRZD23226,cls_JDASF17902,sch_KACVP55227,,TST Respose 6,I love my family,0.856062943,Frank,24,positive,
stu_KCRZD23226,cls_JDASF17902,sch_KACVP55227,,TST Respose 6,I love my family,0.856062943,Frank,12,positive,
stu_MYCLF44200,cls_UZFMO35109,sch_QQLIR33891,,TST Respose 2,I play basketball.,0.856286153,Frank,29,neutral,
stu_ECYEC76336,cls_OUMSN73782,sch_QQLIR33891,YES,TST Respose 19,I am a wingstop lover,0.856380113,Frank,24,positive,
stu_FUILC09238,cls_HEBLM24075,sch_KACVP55227,,TST Respose 11,im smart,0.856426936,Frank,43,positive,
stu_WXAMH04104,cls_FBBRP25979,sch_QQLIR33891,,TST Respose 17,i like walking,0.856721016,Frank,24,positive,
stu_QFXDD68186,cls_SYHWK05211,sch_KACVP55227,YES,TST Respose 1,I'm a student.,0.856837948,Frank,14,neutral,
stu_EUIXK95276,cls_JDASF17902,sch_KACVP55227,,TST Respose 4,"I'm a student at the [SCHOOL NAME] I love dancing, singing, gym class, Art class, eating food",0.857361539,Frank,31,positive,
stu_EUIXK95276,cls_JDASF17902,sch_KACVP55227,,TST Respose 4,"I'm a student at the [SCHOOL NAME] I love dancing, singing, gym class, Art class, eating food",0.857361539,Frank,14,neutral,
stu_EUIXK95276,cls_JDASF17902,sch_KACVP55227,,TST Respose 4,"I'm a student at the [SCHOOL NAME] I love dancing, singing, gym class, Art class, eating food",0.857361539,Frank,24,positive,
stu_EUIXK95276,cls_JDASF17902,sch_KACVP55227,,TST Respose 4,"I'm a student at the [SCHOOL NAME] I love dancing, singing, gym class, Art class, eating food",0.857361539,Frank,26,positive,
stu_EUIXK95276,cls_JDASF17902,sch_KACVP55227,,TST Respose 4,"I'm a student at the [SCHOOL NAME] I love dancing, singing, gym class, Art class, eating food",0.857361539,Frank,29,positive,
stu_UEDQL23543,cls_USLPT75423,sch_QQLIR33891,YES,TST Respose 12,wanna be a dentist,0.857633313,Frank,13,neutral,
stu_TFTDG28078,cls_IZNZG32572,sch_KACVP55227,YES,TST Respose 13,a dog lover.,0.857798269,Frank,24,positive,
stu_WEADW20158,cls_JYBSH30995,sch_QQLIR33891,,TST Respose 9,i like playing with my friends,0.858301029,Frank,24,positive,
stu_WEADW20158,cls_JYBSH30995,sch_QQLIR33891,,TST Respose 9,i like playing with my friends,0.858301029,Frank,10,positive,
stu_EUWJA76858,cls_HJQZF25095,sch_KACVP55227,YES,TST Respose 5,I am a water drinker.,0.858312285,Frank,24,positive,
stu_RDPGG44681,cls_ZLIZG21375,sch_RSWHG50450,,TST Respose 15,I am a really busy person on the weekends,0.858383239,Frank,43,neutral,
stu_RDPGG44681,cls_ZLIZG21375,sch_RSWHG50450,,TST Respose 15,I am a really busy person on the weekends,0.858383239,Frank,21,none,
stu_WDDQQ92015,cls_YLGBO89611,sch_KACVP55227,,TST Respose 19,i am a student,0.858511857,Frank,14,neutral,
stu_CDGKD03653,cls_JYBSH30995,sch_QQLIR33891,,TST Respose 19,i used to play football,0.858627158,Frank,29,neutral,
stu_DJCZE13885,cls_FBBRP25979,sch_QQLIR33891,,TST Respose 16,I like funny things.,0.858687987,Frank,24,positive,
stu_BESSB35006,cls_CIIPB03795,sch_RSWHG50450,YES,TST Respose 16,i have brown hair,0.858971338,Frank,35,neutral,
stu_DKGHS98193,cls_FXSNE83092,sch_QQLIR33891,,TST Respose 8,i love to play volleyball,0.859142736,Frank,29,positive,
stu_DKGHS98193,cls_FXSNE83092,sch_QQLIR33891,,TST Respose 8,i love to play volleyball,0.859142736,Frank,24,positive,
stu_WCANG48942,cls_HJQZF25095,sch_KACVP55227,YES,TST Respose 2,I am a student.,0.859326667,Frank,14,neutral,
stu_UHXBA77476,cls_FBBRP25979,sch_QQLIR33891,,TST Respose 13,I like to do crafts,0.859388752,Frank,26,positive,
stu_UHXBA77476,cls_FBBRP25979,sch_QQLIR33891,,TST Respose 13,I like to do crafts,0.859388752,Frank,24,positive,
stu_PNNIR08301,cls_HJQZF25095,sch_KACVP55227,YES,TST Respose 2,I speak English.,0.859433974,Frank,25,neutral,
stu_PNNIR08301,cls_HJQZF25095,sch_KACVP55227,YES,TST Respose 2,I speak English.,0.859433974,Frank,22,speaksenglish,
stu_ANQAT24428,cls_MAEBK64434,sch_QQLIR33891,,TST Respose 12,someone who stands up for myself,0.859641852,Frank,44,neutral,
stu_EUIXK95276,cls_JDASF17902,sch_KACVP55227,,TST Respose 3,"I'm a student at the [SCHOOL NAME], I love dancing, singing, gym class, Art class, eating food",0.860023069,Frank,31,positive,
stu_EUIXK95276,cls_JDASF17902,sch_KACVP55227,,TST Respose 3,"I'm a student at the [SCHOOL NAME], I love dancing, singing, gym class, Art class, eating food",0.860023069,Frank,14,neutral,
stu_EUIXK95276,cls_JDASF17902,sch_KACVP55227,,TST Respose 3,"I'm a student at the [SCHOOL NAME], I love dancing, singing, gym class, Art class, eating food",0.860023069,Frank,24,positive,
stu_EUIXK95276,cls_JDASF17902,sch_KACVP55227,,TST Respose 3,"I'm a student at the [SCHOOL NAME], I love dancing, singing, gym class, Art class, eating food",0.860023069,Frank,26,positive,
stu_EUIXK95276,cls_JDASF17902,sch_KACVP55227,,TST Respose 3,"I'm a student at the [SCHOOL NAME], I love dancing, singing, gym class, Art class, eating food",0.860023069,Frank,29,positive,
stu_NJZBY59884,cls_MAEBK64434,sch_QQLIR33891,,TST Respose 16,i want too go to the Dr,0.860151492,Frank,47,neutral,
stu_UYUIH18635,cls_FBBRP25979,sch_QQLIR33891,,TST Respose 3,Im a Music Lover,0.860334683,Frank,24,positive,
stu_QOGPO20181,cls_AVBRA70624,sch_KACVP55227,YES,TST Respose 17,l kinda have curly hair.,0.860444901,Frank,35,neutral,
stu_CWJCN88700,cls_DLRQP13887,sch_QQLIR33891,,TST Respose 16,I am a sister,0.860500966,Frank,12,neutral,
stu_CWJCN88700,cls_DLRQP13887,sch_QQLIR33891,,TST Respose 16,I am a sister,0.860500966,Frank,2,girl,
stu_NWVEW24693,cls_AVBRA70624,sch_KACVP55227,YES,TST Respose 12,i love the summer,0.86098356,Frank,24,positive,
stu_WWNBY52737,cls_OUMSN73782,sch_QQLIR33891,YES,TST Respose 1,I am a 6th grader.,0.86112143,Frank,22,sixthgrader,
stu_WWNBY52737,cls_OUMSN73782,sch_QQLIR33891,YES,TST Respose 1,I am a 6th grader.,0.86112143,Frank,14,neutral,
stu_MXNSF14478,cls_JYBSH30995,sch_QQLIR33891,,TST Respose 20,I went to [SCOOL NAME].,0.86113657,Frank,14,neutral,
stu_VKCWY07846,cls_DLRQP13887,sch_QQLIR33891,,TST Respose 19,i have crocs,0.861310388,Frank,32,none,
stu_YPZIM54297,cls_MAEBK64434,sch_QQLIR33891,,TST Respose 17,I am a spring baby,0.861312874,Frank,22,born in spring,
stu_RFRYE74718,cls_OUMSN73782,sch_QQLIR33891,YES,TST Respose 20,I am a skinny person.,0.861359484,Frank,35,neutral,
stu_RFRYE74718,cls_OUMSN73782,sch_QQLIR33891,YES,TST Respose 20,I am a skinny person.,0.861359484,Frank,21,none,
stu_VENGZ10475,cls_HEZZN95002,sch_QQLIR33891,,TST Respose 8,A man,0.861569537,Frank,1,m,
stu_SELBD60428,cls_AJBUO63250,sch_KACVP55227,,TST Respose 13,student,0.861579015,Frank,14,neutral,
stu_PSHZT50501,cls_USLPT75423,sch_QQLIR33891,YES,TST Respose 4,I am very nice and funny,0.861625705,Frank,44,positive,
stu_FBOFA96484,cls_MAEBK64434,sch_QQLIR33891,,TST Respose 13,"i like the soccer players, Benzama and Vini Jr",0.861695115,Frank,24,positive,
stu_EUIXK95276,cls_JDASF17902,sch_KACVP55227,,TST Respose 15,"I'm a student at the [SCHOOL NAME] I love dancing, singing, gym class, Art class, eating food",0.861891143,Frank,31,positive,
stu_EUIXK95276,cls_JDASF17902,sch_KACVP55227,,TST Respose 15,"I'm a student at the [SCHOOL NAME] I love dancing, singing, gym class, Art class, eating food",0.861891143,Frank,14,neutral,
stu_EUIXK95276,cls_JDASF17902,sch_KACVP55227,,TST Respose 15,"I'm a student at the [SCHOOL NAME] I love dancing, singing, gym class, Art class, eating food",0.861891143,Frank,24,positive,
stu_EUIXK95276,cls_JDASF17902,sch_KACVP55227,,TST Respose 15,"I'm a student at the [SCHOOL NAME] I love dancing, singing, gym class, Art class, eating food",0.861891143,Frank,26,positive,
stu_EUIXK95276,cls_JDASF17902,sch_KACVP55227,,TST Respose 15,"I'm a student at the [SCHOOL NAME] I love dancing, singing, gym class, Art class, eating food",0.861891143,Frank,29,positive,
stu_DHTXQ91573,cls_VFZRA31361,sch_KACVP55227,YES,TST Respose 14,I am a students from 6 grades,0.861897553,Frank,22,sixthgrader,
stu_DHTXQ91573,cls_VFZRA31361,sch_KACVP55227,YES,TST Respose 14,I am a students from 6 grades,0.861897553,Frank,4,child,
stu_DHTXQ91573,cls_VFZRA31361,sch_KACVP55227,YES,TST Respose 14,I am a students from 6 grades,0.861897553,Frank,14,neutral,
stu_HXXCS05602,cls_USLPT75423,sch_QQLIR33891,YES,TST Respose 5,i'm a friend,0.86203284,Frank,10,positive,
stu_KOUYR40301,cls_SYHWK05211,sch_KACVP55227,,TST Respose 19,I'm a student at [SCHOOL NAME],0.862089814,Frank,14,neutral,
stu_CPVXX19825,cls_MAEBK64434,sch_QQLIR33891,,TST Respose 9,I like to eat,0.862522073,Frank,24,positive,
stu_ZARRQ26344,cls_JYBSH30995,sch_QQLIR33891,,TST Respose 4,My favorite color is Black,0.86355684,Frank,24,positive,
stu_NWRRN03456,cls_MCLLA54915,sch_KACVP55227,,TST Respose 16,I am 14 years-old.,0.863583826,Frank,4,14,
stu_VGJIS59600,cls_DLRQP13887,sch_QQLIR33891,,TST Respose 6,My favorite colors are pastel blue and purple,0.863679366,Frank,24,positive,
stu_NYHDW07721,cls_CIIPB03795,sch_RSWHG50450,,TST Respose 3,A daughter of [FIRST LAST NAME],0.864638018,Frank,12,neutral,
stu_NYHDW07721,cls_CIIPB03795,sch_RSWHG50450,,TST Respose 3,A daughter of [FIRST LAST NAME],0.864638018,Frank,2,girl,
stu_NWRRC44615,cls_JYBSH30995,sch_QQLIR33891,,TST Respose 19,i like flowers,0.864642136,Frank,24,positive,
stu_ZQMQQ26810,cls_HEBLM24075,sch_KACVP55227,,TST Respose 11,i love food,0.865052891,Frank,24,positive,
stu_TRKWP48352,cls_MAEBK64434,sch_QQLIR33891,,TST Respose 19,I like seafood,0.865114383,Frank,24,positive,
stu_WQGUY90279,cls_JYBSH30995,sch_QQLIR33891,,TST Respose 20,A person,0.865219693,Frank,21,none,
stu_PNNIR08301,cls_HJQZF25095,sch_KACVP55227,YES,TST Respose 3,I am a student.,0.86552298,Frank,14,neutral,
stu_KOIIB68446,cls_JYBSH30995,sch_QQLIR33891,,TST Respose 5,i have 6 Sibilings,0.865997586,Frank,12,neutral,
stu_VKCWY07846,cls_DLRQP13887,sch_QQLIR33891,,TST Respose 4,im a poet,0.866222275,Frank,26,neutral,
stu_VKCWY07846,cls_DLRQP13887,sch_QQLIR33891,,TST Respose 4,im a poet,0.866222275,Frank,25,neutral,
stu_QPHPK12517,cls_HEZZN95002,sch_QQLIR33891,,TST Respose 20,i love my kids,0.866270307,Frank,24,positive,
stu_WRQAA62017,cls_GIJEF48865,sch_KACVP55227,,TST Respose 2,I like dogs,0.866382082,Frank,24,positive,
stu_PFDTL78462,cls_NUSEI70378,sch_KACVP55227,,TST Respose 13,"My favorite book is Dear Mr. Henshaw, and its sequel, strider.",0.866419588,Frank,25,positive,
stu_PFDTL78462,cls_NUSEI70378,sch_KACVP55227,,TST Respose 13,"My favorite book is Dear Mr. Henshaw, and its sequel, strider.",0.866419588,Frank,24,positive,
stu_SJXEZ38047,cls_JYBSH30995,sch_QQLIR33891,,TST Respose 19,I like flowers n roses,0.867212938,Frank,24,positive,
stu_BJJXN95776,cls_MAEBK64434,sch_QQLIR33891,,TST Respose 3,I love pizza,0.867393034,Frank,24,positive,
stu_YPZIM54297,cls_MAEBK64434,sch_QQLIR33891,,TST Respose 9,I am a insperation to my younger peirse,0.867466318,Frank,43,positive,
stu_WZRKM29688,cls_HEBLM24075,sch_KACVP55227,,TST Respose 11,i like celtics,0.867634604,Frank,24,positive,
stu_WXAMH04104,cls_FBBRP25979,sch_QQLIR33891,,TST Respose 16,my favorite sport is soccer,0.867655197,Frank,29,positive,
stu_WXAMH04104,cls_FBBRP25979,sch_QQLIR33891,,TST Respose 16,my favorite sport is soccer,0.867655197,Frank,24,positive,
stu_KJOZZ30475,cls_HOJKW39162,sch_KACVP55227,YES,TST Respose 7,My favorite food is rice.,0.321507442,Clara,24,positive,
stu_MMNSJ38829,cls_YLGBO89611,sch_KACVP55227,,TST Respose 10,I like to listen to Pink.,0.86851979,Frank,24,positive,
stu_VNSDU81090,cls_JYBSH30995,sch_QQLIR33891,,TST Respose 14,i like games,0.869264548,Frank,28,positive,
stu_VNSDU81090,cls_JYBSH30995,sch_QQLIR33891,,TST Respose 14,i like games,0.869264548,Frank,24,positive,
stu_CDXSC86692,cls_MAEBK64434,sch_QQLIR33891,,TST Respose 7,I am a person that likes to go swimming,0.869882509,Frank,29,positive,
stu_CDXSC86692,cls_MAEBK64434,sch_QQLIR33891,,TST Respose 7,I am a person that likes to go swimming,0.869882509,Frank,21,none,
stu_CDXSC86692,cls_MAEBK64434,sch_QQLIR33891,,TST Respose 7,I am a person that likes to go swimming,0.869882509,Frank,24,positive,
stu_YXBHV58732,cls_VFZRA31361,sch_KACVP55227,YES,TST Respose 15,I like band,0.870141293,Frank,24,positive,
stu_STIXI97047,cls_CXLDP17094,sch_KACVP55227,,TST Respose 15,I am [FIRST NAME].,0.870309609,Frank,5,none,
stu_XCKNQ66212,cls_USLPT75423,sch_QQLIR33891,YES,TST Respose 14,i'm respectful,0.870309961,Frank,44,positive,
stu_TYPZX10676,cls_YLGBO89611,sch_KACVP55227,,TST Respose 7,i like when they give second and third chances to answer.,0.870493083,Frank,25,positive,
stu_TYPZX10676,cls_YLGBO89611,sch_KACVP55227,,TST Respose 7,i like when they give second and third chances to answer.,0.870493083,Frank,24,positive,
stu_PNNIR08301,cls_HJQZF25095,sch_KACVP55227,YES,TST Respose 18,I am a male.,0.871015891,Frank,1,m,
stu_XHGVP79664,cls_HEZZN95002,sch_QQLIR33891,,TST Respose 3,a chorus student,0.87112206,Frank,26,neutral,
stu_XHGVP79664,cls_HEZZN95002,sch_QQLIR33891,,TST Respose 3,a chorus student,0.87112206,Frank,14,neutral,
stu_FQEST23326,cls_JTMRB81339,sch_KACVP55227,YES,TST Respose 17,i am loved,0.871352614,Frank,46,positive,
stu_XSQUV53095,cls_OUMSN73782,sch_QQLIR33891,YES,TST Respose 20,I AM [FIRST NAME] A PERSON,0.871779395,Frank,21,none,
stu_XSQUV53095,cls_OUMSN73782,sch_QQLIR33891,YES,TST Respose 20,I AM [FIRST NAME] A PERSON,0.871779395,Frank,5,none,
stu_CPVXX19825,cls_MAEBK64434,sch_QQLIR33891,,TST Respose 14,I talk alot,0.871979871,Frank,44,neutral,
stu_QEGJI54214,cls_SLKYU63739,sch_QQLIR33891,YES,TST Respose 5,i am a bean lover,0.872056384,Frank,24,positive,
stu_IGLSS89625,cls_VFZRA31361,sch_KACVP55227,YES,TST Respose 18,fegtyju7i,0.872095971,Frank,48,none,
stu_FHADA27602,cls_OUMSN73782,sch_QQLIR33891,YES,TST Respose 20,i dont like playing sports.,0.872171509,Frank,29,negative,
stu_FHADA27602,cls_OUMSN73782,sch_QQLIR33891,YES,TST Respose 20,i dont like playing sports.,0.872171509,Frank,24,negative,
stu_LVOOZ80056,cls_OUMSN73782,sch_QQLIR33891,YES,TST Respose 9,I am a aunt.,0.87221567,Frank,12,neutral,
stu_LVOOZ80056,cls_OUMSN73782,sch_QQLIR33891,YES,TST Respose 9,I am a aunt.,0.87221567,Frank,2,girl,
stu_CHVFQ54169,cls_JYBSH30995,sch_QQLIR33891,,TST Respose 20,I am black.,0.872240465,Frank,6,black,
stu_JTZYY08754,cls_JTMRB81339,sch_KACVP55227,,TST Respose 15,I like to put my phone on DnD,0.872638998,Frank,27,neutral,
stu_JTZYY08754,cls_JTMRB81339,sch_KACVP55227,,TST Respose 15,I like to put my phone on DnD,0.872638998,Frank,24,positive,
stu_TYPZX10676,cls_YLGBO89611,sch_KACVP55227,,TST Respose 15,i'm a students,0.872778402,Frank,14,neutral,
stu_FQEST23326,cls_JTMRB81339,sch_KACVP55227,YES,TST Respose 13,a great-grandaughter,0.873041213,Frank,12,neutral,
stu_FQEST23326,cls_JTMRB81339,sch_KACVP55227,YES,TST Respose 13,a great-grandaughter,0.873041213,Frank,2,girl,
stu_NRKZA72454,cls_MCLLA54915,sch_KACVP55227,YES,TST Respose 7,I like cookies.,0.873202113,Frank,24,positive,
stu_VOXTG50835,cls_NUSEI70378,sch_KACVP55227,,TST Respose 17,i like waering pjs,0.873289394,Frank,24,positive,
stu_BESSB35006,cls_CIIPB03795,sch_RSWHG50450,YES,TST Respose 15,i like to read,0.873314908,Frank,25,positive,
stu_BESSB35006,cls_CIIPB03795,sch_RSWHG50450,YES,TST Respose 15,i like to read,0.873314908,Frank,24,positive,
stu_CINVJ49388,cls_HEZZN95002,sch_QQLIR33891,,TST Respose 16,iam in honor,0.873768459,Frank,43,positive,
stu_CINVJ49388,cls_HEZZN95002,sch_QQLIR33891,,TST Respose 16,iam in honor,0.873768459,Frank,14,positive,
stu_FASQN45304,cls_MAEBK64434,sch_QQLIR33891,,TST Respose 1,I am someone who's favorite color is red.,0.874042767,Frank,24,positive,
stu_CPAQO78519,cls_MAEBK64434,sch_QQLIR33891,,TST Respose 16,I am someone who love the outdoors,0.87407118,Frank,24,positive,
stu_CWJCN88700,cls_DLRQP13887,sch_QQLIR33891,,TST Respose 1,my favorite color is blue or cyan,0.874271075,Frank,24,positive,
stu_CNIFN64507,cls_OUMSN73782,sch_QQLIR33891,YES,TST Respose 2,I'm a 12 year old girl,0.874395094,Frank,4,12,
stu_CNIFN64507,cls_OUMSN73782,sch_QQLIR33891,YES,TST Respose 2,I'm a 12 year old girl,0.874395094,Frank,2,girl,
stu_EHLZF06092,cls_MCLLA54915,sch_KACVP55227,YES,TST Respose 1,I'm [FIRST NAME],0.874548476,Frank,5,none,
stu_CDXSC86692,cls_MAEBK64434,sch_QQLIR33891,,TST Respose 11,I am person that want to be great at math,0.874912888,Frank,25,positive,
stu_CDXSC86692,cls_MAEBK64434,sch_QQLIR33891,,TST Respose 11,I am person that want to be great at math,0.874912888,Frank,21,none,
stu_NJZBY59884,cls_MAEBK64434,sch_QQLIR33891,,TST Respose 19,i like to go to the mall,0.874973608,Frank,31,positive,
stu_NJZBY59884,cls_MAEBK64434,sch_QQLIR33891,,TST Respose 19,i like to go to the mall,0.874973608,Frank,24,positive,
stu_EUIXK95276,cls_JDASF17902,sch_KACVP55227,,TST Respose 9,"I'm a student at the [SCHOOL NAME], I love dancing, singing, gym class, Art class, eating food",0.875366775,Frank,31,positive,
stu_EUIXK95276,cls_JDASF17902,sch_KACVP55227,,TST Respose 9,"I'm a student at the [SCHOOL NAME], I love dancing, singing, gym class, Art class, eating food",0.875366775,Frank,14,neutral,
stu_EUIXK95276,cls_JDASF17902,sch_KACVP55227,,TST Respose 9,"I'm a student at the [SCHOOL NAME], I love dancing, singing, gym class, Art class, eating food",0.875366775,Frank,24,positive,
stu_EUIXK95276,cls_JDASF17902,sch_KACVP55227,,TST Respose 9,"I'm a student at the [SCHOOL NAME], I love dancing, singing, gym class, Art class, eating food",0.875366775,Frank,26,positive,
stu_EUIXK95276,cls_JDASF17902,sch_KACVP55227,,TST Respose 9,"I'm a student at the [SCHOOL NAME], I love dancing, singing, gym class, Art class, eating food",0.875366775,Frank,29,positive,
stu_JPMJO86637,cls_YFPVJ06178,sch_KACVP55227,YES,TST Respose 16,my fav food Griyo. Fried Pork.,0.875369108,Frank,24,positive,
stu_ABSGH36082,cls_JYBSH30995,sch_QQLIR33891,,TST Respose 9,I never traveled before,0.875856954,Frank,47,neutral,
stu_DHTXQ91573,cls_VFZRA31361,sch_KACVP55227,YES,TST Respose 20,I am a students from 6 grades,0.876015398,Frank,22,sixthgrader,
stu_DHTXQ91573,cls_VFZRA31361,sch_KACVP55227,YES,TST Respose 20,I am a students from 6 grades,0.876015398,Frank,4,child,
stu_DHTXQ91573,cls_VFZRA31361,sch_KACVP55227,YES,TST Respose 20,I am a students from 6 grades,0.876015398,Frank,14,neutral,
stu_KWLPL21630,cls_SIVDJ49041,sch_KACVP55227,,TST Respose 17,I love jewelry.,0.876073964,Frank,30,positive,
stu_KWLPL21630,cls_SIVDJ49041,sch_KACVP55227,,TST Respose 17,I love jewelry.,0.876073964,Frank,24,positive,
stu_LDUML32113,cls_USLPT75423,sch_QQLIR33891,YES,TST Respose 7,im a music listener,0.876557013,Frank,24,positive,
stu_XXEBH66449,cls_GIJEF48865,sch_KACVP55227,,TST Respose 12,I am a student,0.876646988,Frank,14,neutral,
stu_EHXGF51692,cls_OUMSN73782,sch_QQLIR33891,YES,TST Respose 16,I am a mixed person,0.877163794,Frank,6,mixed,
stu_KOUYR40301,cls_SYHWK05211,sch_KACVP55227,,TST Respose 20,I like my friends,0.877248544,Frank,24,positive,
stu_KOUYR40301,cls_SYHWK05211,sch_KACVP55227,,TST Respose 20,I like my friends,0.877248544,Frank,10,positive,
stu_JTZYY08754,cls_JTMRB81339,sch_KACVP55227,,TST Respose 4,I don't like school,0.877558503,Frank,25,negative,
stu_JTZYY08754,cls_JTMRB81339,sch_KACVP55227,,TST Respose 4,I don't like school,0.877558503,Frank,24,negative,
stu_FPTDO32773,cls_TNHXN45809,sch_RSWHG50450,YES,TST Respose 20,An ipad kid,0.87758875,Frank,27,neutral,
stu_FPTDO32773,cls_TNHXN45809,sch_RSWHG50450,YES,TST Respose 20,An ipad kid,0.87758875,Frank,4,child,
stu_LJAAE92948,cls_ERQJB18593,sch_QQLIR33891,YES,TST Respose 3,I'm Cape Verdean,0.87762318,Frank,7,cape verdean,
stu_CHVFQ54169,cls_JYBSH30995,sch_QQLIR33891,,TST Respose 16,I am love running.,0.877654129,Frank,29,positive,
stu_CHVFQ54169,cls_JYBSH30995,sch_QQLIR33891,,TST Respose 16,I am love running.,0.877654129,Frank,24,positive,
stu_KOIIB68446,cls_JYBSH30995,sch_QQLIR33891,,TST Respose 1,I am a girl,0.878167288,Frank,2,girl,
stu_EJIML93711,cls_AJBUO63250,sch_KACVP55227,,TST Respose 11,I don't like headphones,0.878599665,Frank,24,negative,
stu_MXNSB23169,cls_HJQZF25095,sch_KACVP55227,,TST Respose 5,I like math.,0.879264496,Frank,25,positive,
stu_MXNSB23169,cls_HJQZF25095,sch_KACVP55227,,TST Respose 5,I like math.,0.879264496,Frank,24,positive,
stu_YBWGX96937,cls_MAEBK64434,sch_QQLIR33891,,TST Respose 4,i like ENGLISH ESL,0.879362837,Frank,25,positive,
stu_YBWGX96937,cls_MAEBK64434,sch_QQLIR33891,,TST Respose 4,i like ENGLISH ESL,0.879362837,Frank,24,positive,
stu_WPVZY01902,cls_YLGBO89611,sch_KACVP55227,,TST Respose 17,I like xbox,0.8793856,Frank,28,positive,
stu_WPVZY01902,cls_YLGBO89611,sch_KACVP55227,,TST Respose 17,I like xbox,0.8793856,Frank,24,positive,
stu_MKGYA55892,cls_MMBNN48363,sch_QQLIR33891,,TST Respose 8,phone,0.879441004,Frank,48,none,
stu_OIYXZ27717,cls_MAEBK64434,sch_QQLIR33891,,TST Respose 15,I am someone who likes food,0.879697637,Frank,24,positive,
stu_XCKNQ66212,cls_USLPT75423,sch_QQLIR33891,YES,TST Respose 17,i'm 13 with alot of money,0.879698559,Frank,34,rich,
stu_XCKNQ66212,cls_USLPT75423,sch_QQLIR33891,YES,TST Respose 17,i'm 13 with alot of money,0.879698559,Frank,4,13,
stu_CTAZU65504,cls_USLPT75423,sch_QQLIR33891,YES,TST Respose 11,I have long curly hair,0.880207386,Frank,35,neutral,
stu_SBUBU63586,cls_OUKFK08724,sch_RSWHG50450,YES,TST Respose 16,i am a loving kid,0.880483976,Frank,45,positive,
stu_SBUBU63586,cls_OUKFK08724,sch_RSWHG50450,YES,TST Respose 16,i am a loving kid,0.880483976,Frank,4,child,
stu_FBWGP41232,cls_JYBSH30995,sch_QQLIR33891,,TST Respose 6,"My favorite color is lilac, blue, and purple",0.880675209,Frank,24,positive,
stu_EUWJA76858,cls_HJQZF25095,sch_KACVP55227,YES,TST Respose 8,I like talking to my friends.,0.880722484,Frank,24,positive,
stu_EUWJA76858,cls_HJQZF25095,sch_KACVP55227,YES,TST Respose 8,I like talking to my friends.,0.880722484,Frank,10,positive,
stu_KJOZZ30475,cls_HOJKW39162,sch_KACVP55227,YES,TST Respose 8,I have glasses.,0.692731188,Frank,35,neutral,
stu_JPMJO86637,cls_YFPVJ06178,sch_KACVP55227,YES,TST Respose 18,I love my step brother.,0.881064617,Frank,24,positive,
stu_JPMJO86637,cls_YFPVJ06178,sch_KACVP55227,YES,TST Respose 18,I love my step brother.,0.881064617,Frank,12,positive,
stu_WWNBY52737,cls_OUMSN73782,sch_QQLIR33891,YES,TST Respose 4,I am a clarinetist.,0.882459213,Frank,26,neutral,
stu_CPAQO78519,cls_MAEBK64434,sch_QQLIR33891,,TST Respose 19,I am someone that plays video games,0.882610554,Frank,28,neutral,
stu_PSHPN85751,cls_SYHWK05211,sch_KACVP55227,,TST Respose 19,bye,0.88309847,Frank,48,none,
stu_WBAVA84528,cls_AVBRA70624,sch_KACVP55227,YES,TST Respose 6,i like napz,0.883155779,Frank,24,positive,
stu_CAGAM03126,cls_HOJKW39162,sch_KACVP55227,YES,TST Respose 20,I am a girl.,0.883197625,Frank,2,girl,
stu_VNSDU81090,cls_JYBSH30995,sch_QQLIR33891,,TST Respose 12,i have friends,0.883264361,Frank,10,positive,
stu_BDAZF88230,cls_USLPT75423,sch_QQLIR33891,YES,TST Respose 10,I am a curious person,0.883475499,Frank,45,positive,
stu_BDAZF88230,cls_USLPT75423,sch_QQLIR33891,YES,TST Respose 10,I am a curious person,0.883475499,Frank,21,none,
stu_TRKWP48352,cls_MAEBK64434,sch_QQLIR33891,,TST Respose 17,I am a person who likes perfume,0.884101994,Frank,30,positive,
stu_TRKWP48352,cls_MAEBK64434,sch_QQLIR33891,,TST Respose 17,I am a person who likes perfume,0.884101994,Frank,21,none,
stu_OMSFY97090,cls_VFZRA31361,sch_KACVP55227,YES,TST Respose 20,im a students,0.884274043,Frank,14,neutral,
stu_FNVBP19615,cls_DLRQP13887,sch_QQLIR33891,,TST Respose 12,I feel like I only have a good support system sometimes.,0.884534476,Frank,47,neutral,
stu_LDUML32113,cls_USLPT75423,sch_QQLIR33891,YES,TST Respose 11,nonchalant,0.885228987,Frank,42,neutral,
stu_CJHBB29429,cls_MAEBK64434,sch_QQLIR33891,,TST Respose 5,I AM a person that likes to talk,0.885507023,Frank,44,positive,
stu_CJHBB29429,cls_MAEBK64434,sch_QQLIR33891,,TST Respose 5,I AM a person that likes to talk,0.885507023,Frank,21,none,
stu_CJHBB29429,cls_MAEBK64434,sch_QQLIR33891,,TST Respose 5,I AM a person that likes to talk,0.885507023,Frank,24,positive,
stu_MTCIM85775,cls_TNHXN45809,sch_RSWHG50450,,TST Respose 8,I am talented,0.885699894,Frank,43,positive,
stu_SJXEZ38047,cls_JYBSH30995,sch_QQLIR33891,,TST Respose 11,I have 3 brothers n 4 sisters .,0.88581968,Frank,12,neutral,
stu_FPTDO32773,cls_TNHXN45809,sch_RSWHG50450,YES,TST Respose 15,a smart person sometimes,0.886023761,Frank,43,positive,
stu_FPTDO32773,cls_TNHXN45809,sch_RSWHG50450,YES,TST Respose 15,a smart person sometimes,0.886023761,Frank,21,none,
stu_MYCLF44200,cls_UZFMO35109,sch_QQLIR33891,,TST Respose 8,I sit next to [FIRST NAME].,0.886580529,Frank,47,neutral,
stu_QOGPO20181,cls_AVBRA70624,sch_KACVP55227,YES,TST Respose 1,l'm a girl,0.886785671,Frank,2,girl,
stu_PUHUL75671,cls_HEZZN95002,sch_QQLIR33891,,TST Respose 2,8th grader,0.887067428,Frank,22,eighthgrader,
stu_PUHUL75671,cls_HEZZN95002,sch_QQLIR33891,,TST Respose 2,8th grader,0.887067428,Frank,4,child,
stu_PUHUL75671,cls_HEZZN95002,sch_QQLIR33891,,TST Respose 2,8th grader,0.887067428,Frank,14,neutral,
stu_XHPVX80161,cls_TNHXN45809,sch_RSWHG50450,,TST Respose 3,I am a basketball player,0.88726859,Frank,29,neutral,
stu_MYCLF44200,cls_UZFMO35109,sch_QQLIR33891,,TST Respose 12,I love God.,0.887620827,Frank,24,positive,
stu_MYCLF44200,cls_UZFMO35109,sch_QQLIR33891,,TST Respose 12,I love God.,0.887620827,Frank,23,god,
stu_DUOEM76163,cls_FXSNE83092,sch_QQLIR33891,,TST Respose 20,I'm the smartest person in my family,0.887693463,Frank,43,positive,
stu_DUOEM76163,cls_FXSNE83092,sch_QQLIR33891,,TST Respose 20,I'm the smartest person in my family,0.887693463,Frank,12,neutral,
stu_DUOEM76163,cls_FXSNE83092,sch_QQLIR33891,,TST Respose 20,I'm the smartest person in my family,0.887693463,Frank,21,none,
stu_SAOLH99639,cls_FXSNE83092,sch_QQLIR33891,,TST Respose 17,i went to [SCHOOL],0.887910829,Frank,14,neutral,
stu_CULOH75877,cls_HEZZN95002,sch_QQLIR33891,,TST Respose 11,I am trustworthy,0.888963529,Frank,43,positive,
stu_QACJQ31561,cls_JYBSH30995,sch_QQLIR33891,,TST Respose 20,i like bracelets,0.888965485,Frank,30,positive,
stu_QACJQ31561,cls_JYBSH30995,sch_QQLIR33891,,TST Respose 20,i like bracelets,0.888965485,Frank,24,positive,
stu_TFTDG28078,cls_IZNZG32572,sch_KACVP55227,YES,TST Respose 10,someone responsible,0.889183951,Frank,43,positive,
stu_SELBD60428,cls_AJBUO63250,sch_KACVP55227,,TST Respose 18,student,0.889287106,Frank,14,neutral,
stu_SIWRL23181,cls_MMBNN48363,sch_QQLIR33891,,TST Respose 9,i am a good daughter,0.889287974,Frank,40,positive,
stu_SIWRL23181,cls_MMBNN48363,sch_QQLIR33891,,TST Respose 9,i am a good daughter,0.889287974,Frank,2,girl,
stu_SIWRL23181,cls_MMBNN48363,sch_QQLIR33891,,TST Respose 9,i am a good daughter,0.889287974,Frank,12,neutral,
stu_JVLXZ63894,cls_CIIPB03795,sch_RSWHG50450,YES,TST Respose 17,[SCHOOL NAME MASCOT],0.889541238,Frank,14,neutral,
stu_PUHUL75671,cls_HEZZN95002,sch_QQLIR33891,,TST Respose 3,African American/White,0.889654246,Frank,6,white and african american,
stu_STIXI97047,cls_CXLDP17094,sch_KACVP55227,,TST Respose 13,I am [FIRST NAME].,0.890210131,Frank,5,none,
stu_PYEUW09959,cls_HEZZN95002,sch_QQLIR33891,,TST Respose 13,I like to try new foods,0.891384095,Frank,24,positive,
stu_QHOON52054,cls_MCLLA54915,sch_KACVP55227,YES,TST Respose 4,I am 13 years old,0.891385477,Frank,4,13,
stu_TRKWP48352,cls_MAEBK64434,sch_QQLIR33891,,TST Respose 10,I am someone a person who like flag football,0.891465822,Frank,29,positive,
stu_TRKWP48352,cls_MAEBK64434,sch_QQLIR33891,,TST Respose 10,I am someone a person who like flag football,0.891465822,Frank,21,none,
stu_TRKWP48352,cls_MAEBK64434,sch_QQLIR33891,,TST Respose 10,I am someone a person who like flag football,0.891465822,Frank,24,positive,
stu_EJIML93711,cls_AJBUO63250,sch_KACVP55227,,TST Respose 6,I like money,0.891480707,Frank,24,positive,
stu_FUILC09238,cls_HEBLM24075,sch_KACVP55227,,TST Respose 14,i like social studies,0.89148073,Frank,25,positive,
stu_FUILC09238,cls_HEBLM24075,sch_KACVP55227,,TST Respose 14,i like social studies,0.89148073,Frank,24,positive,
stu_YNVPH88845,cls_MMBNN48363,sch_QQLIR33891,,TST Respose 17,I like volleyball,0.891490486,Frank,29,positive,
stu_YNVPH88845,cls_MMBNN48363,sch_QQLIR33891,,TST Respose 17,I like volleyball,0.891490486,Frank,24,positive,
stu_SQLXP95993,cls_MFUGV02425,sch_QQLIR33891,,TST Respose 7,I do things on my own time,0.891515848,Frank,48,none,
stu_MXNSB23169,cls_HJQZF25095,sch_KACVP55227,,TST Respose 20,I like your mom.,0.89202307,Frank,24,positive,
stu_TDURA35752,cls_USLPT75423,sch_QQLIR33891,YES,TST Respose 14,I am a good person,0.892802529,Frank,40,positive,
stu_TDURA35752,cls_USLPT75423,sch_QQLIR33891,YES,TST Respose 14,I am a good person,0.892802529,Frank,21,none,
stu_ROULI02103,cls_SLKYU63739,sch_QQLIR33891,YES,TST Respose 9,im funny,0.893009469,Frank,44,positive,
stu_IGWBR81023,cls_DLRQP13887,sch_QQLIR33891,,TST Respose 3,i am cape verdean,0.893011837,Frank,7,cape verdean,
stu_KOIIB68446,cls_JYBSH30995,sch_QQLIR33891,,TST Respose 16,I have braces,0.893307312,Frank,35,neutral,
stu_UTXBZ05806,cls_MAEBK64434,sch_QQLIR33891,,TST Respose 12,i am a BOY,0.893408848,Frank,2,boy,
stu_VKCWY07846,cls_DLRQP13887,sch_QQLIR33891,,TST Respose 3,im Puerto Rican,0.89388341,Frank,7,puerto rican,
stu_WYTLH51489,cls_AJBUO63250,sch_KACVP55227,YES,TST Respose 6,I like to play video games,0.893892497,Frank,28,positive,
stu_WYTLH51489,cls_AJBUO63250,sch_KACVP55227,YES,TST Respose 6,I like to play video games,0.893892497,Frank,24,positive,
stu_CPAQO78519,cls_MAEBK64434,sch_QQLIR33891,,TST Respose 4,I am someone who funny,0.894006623,Frank,44,positive,
stu_OFAWH83528,cls_FBBRP25979,sch_QQLIR33891,,TST Respose 5,i like to watch sss,0.894228664,Frank,27,positive,
stu_OFAWH83528,cls_FBBRP25979,sch_QQLIR33891,,TST Respose 5,i like to watch sss,0.894228664,Frank,24,positive,
stu_CAGAM03126,cls_HOJKW39162,sch_KACVP55227,YES,TST Respose 5,I am a trilingual person.,0.894402556,Frank,25,neutral,
stu_CAGAM03126,cls_HOJKW39162,sch_KACVP55227,YES,TST Respose 5,I am a trilingual person.,0.894402556,Frank,22,trilingual,
stu_TSQUQ54202,cls_USLPT75423,sch_QQLIR33891,YES,TST Respose 11,I speak English.,0.894413704,Frank,25,neutral,
stu_TSQUQ54202,cls_USLPT75423,sch_QQLIR33891,YES,TST Respose 11,I speak English.,0.894413704,Frank,22,speaksenglish,
stu_WPVZY01902,cls_YLGBO89611,sch_KACVP55227,,TST Respose 14,I likie play dough,0.894753302,Frank,24,positive,
stu_SOWGI28002,cls_MAEBK64434,sch_QQLIR33891,,TST Respose 1,I am someone who likes the color cherry red,0.89488741,Frank,24,positive,
stu_EUWJA76858,cls_HJQZF25095,sch_KACVP55227,YES,TST Respose 19,I like gym class.,0.894912254,Frank,29,positive,
stu_EUWJA76858,cls_HJQZF25095,sch_KACVP55227,YES,TST Respose 19,I like gym class.,0.894912254,Frank,14,neutral,
stu_EUWJA76858,cls_HJQZF25095,sch_KACVP55227,YES,TST Respose 19,I like gym class.,0.894912254,Frank,24,positive,
stu_LNFOE66635,cls_AJBUO63250,sch_KACVP55227,YES,TST Respose 12,nice friend,0.894932867,Frank,44,positive,
stu_LNFOE66635,cls_AJBUO63250,sch_KACVP55227,YES,TST Respose 12,nice friend,0.894932867,Frank,10,positive,
stu_YXJEP22115,cls_USLPT75423,sch_QQLIR33891,YES,TST Respose 14,I am good at track,0.895304028,Frank,29,positive,
stu_BCRYB29652,cls_OUMSN73782,sch_QQLIR33891,YES,TST Respose 9,I'm like game,0.895401208,Frank,28,positive,
stu_BCRYB29652,cls_OUMSN73782,sch_QQLIR33891,YES,TST Respose 9,I'm like game,0.895401208,Frank,24,positive,
stu_VTRUH97046,cls_DLRQP13887,sch_QQLIR33891,,TST Respose 12,My birthday is [DATE],0.895650127,Frank,22,birthday,
stu_WQGUY90279,cls_JYBSH30995,sch_QQLIR33891,,TST Respose 9,I like going outside,0.895787615,Frank,31,positive,
stu_WQGUY90279,cls_JYBSH30995,sch_QQLIR33891,,TST Respose 9,I like going outside,0.895787615,Frank,24,positive,
stu_KOIIB68446,cls_JYBSH30995,sch_QQLIR33891,,TST Respose 8,In like eating takis,0.895886204,Frank,24,positive,
stu_XKMAG80800,cls_TNHXN45809,sch_RSWHG50450,YES,TST Respose 17,I am a mothers son.,0.89591471,Frank,12,neutral,
stu_XKMAG80800,cls_TNHXN45809,sch_RSWHG50450,YES,TST Respose 17,I am a mothers son.,0.89591471,Frank,2,boy,
stu_ZUARE93356,cls_MAEBK64434,sch_QQLIR33891,,TST Respose 14,I like to travel,0.896220963,Frank,31,positive,
stu_ZUARE93356,cls_MAEBK64434,sch_QQLIR33891,,TST Respose 14,I like to travel,0.896220963,Frank,24,positive,
stu_VFKRH03938,cls_SLKYU63739,sch_QQLIR33891,,TST Respose 20,i love my phone,0.896662196,Frank,27,positive,
stu_VFKRH03938,cls_SLKYU63739,sch_QQLIR33891,,TST Respose 20,i love my phone,0.896662196,Frank,24,positive,
stu_LTSJK02079,cls_FBBRP25979,sch_QQLIR33891,,TST Respose 6,My favorite number is 1,0.896693012,Frank,24,positive,
stu_JOKOV89559,cls_MAEBK64434,sch_QQLIR33891,,TST Respose 13,I am someone who loves being annoying to my sister,0.896766251,Frank,24,positive,
stu_JOKOV89559,cls_MAEBK64434,sch_QQLIR33891,,TST Respose 13,I am someone who loves being annoying to my sister,0.896766251,Frank,12,positive,
stu_MXNSF14478,cls_JYBSH30995,sch_QQLIR33891,,TST Respose 2,I like the color grey and rose,0.896828685,Frank,24,positive,
stu_KFYJM61476,cls_SYHWK05211,sch_KACVP55227,YES,TST Respose 18,My favorite animal is a snake.,0.897053963,Frank,24,positive,
stu_VUNQZ79892,cls_CIIPB03795,sch_RSWHG50450,YES,TST Respose 7,im a hardworker,0.897200992,Frank,41,positive,
stu_DKGHS98193,cls_FXSNE83092,sch_QQLIR33891,,TST Respose 17,my fav subject in skl is gym,0.897209257,Frank,29,positive,
stu_DKGHS98193,cls_FXSNE83092,sch_QQLIR33891,,TST Respose 17,my fav subject in skl is gym,0.897209257,Frank,14,neutral,
stu_DKGHS98193,cls_FXSNE83092,sch_QQLIR33891,,TST Respose 17,my fav subject in skl is gym,0.897209257,Frank,24,positive,
stu_UAFAK64772,cls_AJBUO63250,sch_KACVP55227,YES,TST Respose 1,A girl,0.897213939,Frank,2,girl,
stu_ZARRQ26344,cls_JYBSH30995,sch_QQLIR33891,,TST Respose 2,i am 12 year old,0.897558943,Frank,4,12,
stu_VKCWY07846,cls_DLRQP13887,sch_QQLIR33891,,TST Respose 11,i am 12,0.898049153,Frank,4,12,
stu_CQRFU18177,cls_JYBSH30995,sch_QQLIR33891,,TST Respose 19,I like coloring,0.898118678,Frank,26,positive,
stu_CQRFU18177,cls_JYBSH30995,sch_QQLIR33891,,TST Respose 19,I like coloring,0.898118678,Frank,24,positive,
stu_CQRFU18177,cls_JYBSH30995,sch_QQLIR33891,,TST Respose 8,I don't like when someone is being mean to me,0.898141149,Frank,44,negative,
stu_CQRFU18177,cls_JYBSH30995,sch_QQLIR33891,,TST Respose 8,I don't like when someone is being mean to me,0.898141149,Frank,24,negative,
stu_SOWGI28002,cls_MAEBK64434,sch_QQLIR33891,,TST Respose 9,I am someone who loves to learn german,0.898314404,Frank,25,positive,
stu_SOWGI28002,cls_MAEBK64434,sch_QQLIR33891,,TST Respose 9,I am someone who loves to learn german,0.898314404,Frank,24,positive,
stu_VQFBG95862,cls_USLPT75423,sch_QQLIR33891,,TST Respose 4,i am a kind person,0.898417098,Frank,44,positive,
stu_VQFBG95862,cls_USLPT75423,sch_QQLIR33891,,TST Respose 4,i am a kind person,0.898417098,Frank,21,none,
stu_UTXBZ05806,cls_MAEBK64434,sch_QQLIR33891,,TST Respose 6,i am someone who likes real Madrid the team in soccer.,0.898483871,Frank,24,positive,
stu_QHOON52054,cls_MCLLA54915,sch_KACVP55227,YES,TST Respose 10,I am loved by a bunch of people,0.898536048,Frank,46,positive,
stu_LKAAV41369,cls_FBBRP25979,sch_QQLIR33891,,TST Respose 8,I like singing,0.898716882,Frank,26,positive,
stu_LKAAV41369,cls_FBBRP25979,sch_QQLIR33891,,TST Respose 8,I like singing,0.898716882,Frank,24,positive,
stu_VOXTG50835,cls_NUSEI70378,sch_KACVP55227,,TST Respose 3,I sturggle with math,0.899126075,Frank,25,negative,
stu_SBUBU63586,cls_OUKFK08724,sch_RSWHG50450,YES,TST Respose 12,i am cool,0.899405805,Frank,46,positive,
stu_UAFAK64772,cls_AJBUO63250,sch_KACVP55227,YES,TST Respose 3,tall,0.90061514,Frank,35,neutral,
stu_DUOEM76163,cls_FXSNE83092,sch_QQLIR33891,,TST Respose 17,I like Starwars,0.900901559,Frank,24,positive,
stu_FSPCV10901,cls_OUMSN73782,sch_QQLIR33891,YES,TST Respose 12,I have black hair.,0.901105153,Frank,35,neutral,
stu_MKGYA55892,cls_MMBNN48363,sch_QQLIR33891,,TST Respose 2,a teeneger,0.90131629,Frank,22,teenager,
stu_BCRYB29652,cls_OUMSN73782,sch_QQLIR33891,YES,TST Respose 1,I am a boy,0.901478692,Frank,2,boy,
stu_CDGKD03653,cls_JYBSH30995,sch_QQLIR33891,,TST Respose 4,i play fortnite,0.901501734,Frank,28,neutral,
stu_VFKRH03938,cls_SLKYU63739,sch_QQLIR33891,,TST Respose 18,i love nice views,0.901592485,Frank,24,positive,
stu_XCKNQ66212,cls_USLPT75423,sch_QQLIR33891,YES,TST Respose 8,i'm straight,0.901826046,Frank,3,straight,
stu_SJNFF34466,cls_OSSJA45538,sch_KACVP55227,,TST Respose 7,i have a sister and twin,0.902125781,Frank,12,neutral,
stu_FHADA27602,cls_OUMSN73782,sch_QQLIR33891,YES,TST Respose 5,i am a student at [SCHOOL NAME].,0.902647494,Frank,14,neutral,
stu_ZARRQ26344,cls_JYBSH30995,sch_QQLIR33891,,TST Respose 18,I like strawberry ice cream,0.902702344,Frank,24,positive,
stu_OQLOS45541,cls_USLPT75423,sch_QQLIR33891,YES,TST Respose 10,I am bilingual.,0.902796058,Frank,25,neutral,
stu_OQLOS45541,cls_USLPT75423,sch_QQLIR33891,YES,TST Respose 10,I am bilingual.,0.902796058,Frank,22,bilingual,
stu_KWLPL21630,cls_SIVDJ49041,sch_KACVP55227,,TST Respose 14,I like braid in my hair but with only my natural hair.,0.902890184,Frank,30,positive,
stu_KWLPL21630,cls_SIVDJ49041,sch_KACVP55227,,TST Respose 14,I like braid in my hair but with only my natural hair.,0.902890184,Frank,24,positive,
stu_BJJXN95776,cls_MAEBK64434,sch_QQLIR33891,,TST Respose 12,I am in [SCHOOL NAME] junior honors society,0.90323263,Frank,43,positive,
stu_BJJXN95776,cls_MAEBK64434,sch_QQLIR33891,,TST Respose 12,I am in [SCHOOL NAME] junior honors society,0.90323263,Frank,14,positive,
stu_IIOVZ06372,cls_HJQZF25095,sch_KACVP55227,YES,TST Respose 13,I dont really like school,0.903259555,Frank,25,negative,
stu_IIOVZ06372,cls_HJQZF25095,sch_KACVP55227,YES,TST Respose 13,I dont really like school,0.903259555,Frank,24,negative,
stu_YXBHV58732,cls_VFZRA31361,sch_KACVP55227,YES,TST Respose 16,I like,0.903475689,Frank,48,none,
stu_SJXEZ38047,cls_JYBSH30995,sch_QQLIR33891,,TST Respose 4,I like track,0.90350455,Frank,29,positive,
stu_SJXEZ38047,cls_JYBSH30995,sch_QQLIR33891,,TST Respose 4,I like track,0.90350455,Frank,24,positive,
stu_PJCOJ15115,cls_HEZZN95002,sch_QQLIR33891,,TST Respose 3,I am a athlete,0.903993941,Frank,29,neutral,
stu_CWQDV67579,cls_CIIPB03795,sch_RSWHG50450,YES,TST Respose 4,I am short,0.904147832,Frank,35,neutral,
stu_MZIVN56293,cls_HEZZN95002,sch_QQLIR33891,,TST Respose 16,i was in bachwe,0.904187846,Frank,48,none,
stu_IKUOQ66846,cls_USLPT75423,sch_QQLIR33891,YES,TST Respose 17,I like walk,0.904485698,Frank,24,positive,
stu_NYHDW07721,cls_CIIPB03795,sch_RSWHG50450,,TST Respose 1,[FIRST LAST NAME],0.90454651,Frank,5,none,
stu_DERZZ01872,cls_GIJEF48865,sch_KACVP55227,,TST Respose 17,I like math games,0.905246005,Frank,25,positive,
stu_DERZZ01872,cls_GIJEF48865,sch_KACVP55227,,TST Respose 17,I like math games,0.905246005,Frank,24,positive,
stu_AHWRN95528,cls_MAEBK64434,sch_QQLIR33891,,TST Respose 6,I am someone who likes lasagna,0.905270768,Frank,24,positive,
stu_VGJIS59600,cls_DLRQP13887,sch_QQLIR33891,,TST Respose 10,I really like to eat sweets,0.905628186,Frank,24,positive,
stu_NMWSA27732,cls_UZFMO35109,sch_QQLIR33891,,TST Respose 4,"I was born in brasil, Sao paulo",0.906148287,Frank,7,brazilian,
stu_XUDYN03051,cls_FXSNE83092,sch_QQLIR33891,,TST Respose 4,I like to play video games,0.906559278,Frank,28,positive,
stu_XUDYN03051,cls_FXSNE83092,sch_QQLIR33891,,TST Respose 4,I like to play video games,0.906559278,Frank,24,positive,
stu_PUNZK45438,cls_SLKYU63739,sch_QQLIR33891,YES,TST Respose 19,i like to do team work,0.906578376,Frank,24,positive,
stu_UTXBZ05806,cls_MAEBK64434,sch_QQLIR33891,,TST Respose 9,and i was born at [DATE],0.906669149,Frank,48,none,
stu_KCDEU07486,cls_JWHPH41004,sch_QQLIR33891,YES,TST Respose 2,I wear glasses,0.906679568,Frank,35,neutral,
stu_JOVOI38701,cls_MAEBK64434,sch_QQLIR33891,,TST Respose 18,I am someone who likes steak.,0.906947884,Frank,24,positive,
stu_WYTLH51489,cls_AJBUO63250,sch_KACVP55227,YES,TST Respose 10,I'm an organized person,0.907181951,Frank,42,positive,
stu_WYTLH51489,cls_AJBUO63250,sch_KACVP55227,YES,TST Respose 10,I'm an organized person,0.907181951,Frank,21,none,
stu_IGWBR81023,cls_DLRQP13887,sch_QQLIR33891,,TST Respose 14,my favorite subject is english,0.907272537,Frank,25,positive,
stu_IGWBR81023,cls_DLRQP13887,sch_QQLIR33891,,TST Respose 14,my favorite subject is english,0.907272537,Frank,14,neutal,
stu_IGWBR81023,cls_DLRQP13887,sch_QQLIR33891,,TST Respose 14,my favorite subject is english,0.907272537,Frank,24,positive,
stu_SJXEZ38047,cls_JYBSH30995,sch_QQLIR33891,,TST Respose 5,My favorite color is pink n gold,0.907273451,Frank,24,positive,
stu_ANQAT24428,cls_MAEBK64434,sch_QQLIR33891,,TST Respose 3,somebody who is a younger sister,0.907490407,Frank,12,neutral,
stu_ANQAT24428,cls_MAEBK64434,sch_QQLIR33891,,TST Respose 3,somebody who is a younger sister,0.907490407,Frank,2,girl,
stu_FBWGP41232,cls_JYBSH30995,sch_QQLIR33891,,TST Respose 18,I'm really tired,0.907679822,Frank,47,negative,
stu_LNFOE66635,cls_AJBUO63250,sch_KACVP55227,YES,TST Respose 19,i challenge my self,0.907688406,Frank,41,positive,
stu_WBAVA84528,cls_AVBRA70624,sch_KACVP55227,YES,TST Respose 8,i like the taco bell mountain dew baja blast,0.908126948,Frank,24,positive,
stu_THKBG93560,cls_OUMSN73782,sch_QQLIR33891,YES,TST Respose 15,I'm in 6th. Grade,0.908199302,Frank,22,sixthgrader,
stu_THKBG93560,cls_OUMSN73782,sch_QQLIR33891,YES,TST Respose 15,I'm in 6th. Grade,0.908199302,Frank,4,child,
stu_THKBG93560,cls_OUMSN73782,sch_QQLIR33891,YES,TST Respose 15,I'm in 6th. Grade,0.908199302,Frank,14,neutral,
stu_MIJEQ06664,cls_MAEBK64434,sch_QQLIR33891,,TST Respose 3,I am kind,0.908373739,Frank,44,positive,
stu_FQKSK24193,cls_FBBRP25979,sch_QQLIR33891,,TST Respose 9,i like playing stuff in school,0.908553366,Frank,44,positive,
stu_FQKSK24193,cls_FBBRP25979,sch_QQLIR33891,,TST Respose 9,i like playing stuff in school,0.908553366,Frank,14,neutal,
stu_FQKSK24193,cls_FBBRP25979,sch_QQLIR33891,,TST Respose 9,i like playing stuff in school,0.908553366,Frank,24,positive,
stu_WBAVA84528,cls_AVBRA70624,sch_KACVP55227,YES,TST Respose 15,i like going to the store,0.908590897,Frank,31,positive,
stu_WBAVA84528,cls_AVBRA70624,sch_KACVP55227,YES,TST Respose 15,i like going to the store,0.908590897,Frank,24,positive,
stu_YXBHV58732,cls_VFZRA31361,sch_KACVP55227,YES,TST Respose 18,I like the school bus,0.909123125,Frank,24,positive,
stu_IKUOQ66846,cls_USLPT75423,sch_QQLIR33891,YES,TST Respose 15,I try my hard in every thing,0.909426398,Frank,41,positive,
stu_RDPGG44681,cls_ZLIZG21375,sch_RSWHG50450,,TST Respose 7,I love dogs,0.909540922,Frank,24,positive,
stu_NRKZA72454,cls_MCLLA54915,sch_KACVP55227,YES,TST Respose 15,I only like some of my teachers.,0.909743596,Frank,26,positive,
stu_NRKZA72454,cls_MCLLA54915,sch_KACVP55227,YES,TST Respose 15,I only like some of my teachers.,0.909743596,Frank,24,positive,
stu_DZJHT48666,cls_FXSNE83092,sch_QQLIR33891,,TST Respose 6,I like to draw,0.910358941,Frank,26,positive,
stu_DZJHT48666,cls_FXSNE83092,sch_QQLIR33891,,TST Respose 6,I like to draw,0.910358941,Frank,24,positive,
stu_TYPZX10676,cls_YLGBO89611,sch_KACVP55227,,TST Respose 2,I like to play games,0.910396571,Frank,28,positive,
stu_TYPZX10676,cls_YLGBO89611,sch_KACVP55227,,TST Respose 2,I like to play games,0.910396571,Frank,24,positive,
stu_OFAWH83528,cls_FBBRP25979,sch_QQLIR33891,,TST Respose 10,i like to do flips,0.910495165,Frank,29,positive,
stu_OFAWH83528,cls_FBBRP25979,sch_QQLIR33891,,TST Respose 10,i like to do flips,0.910495165,Frank,24,positive,
stu_KCDEU07486,cls_JWHPH41004,sch_QQLIR33891,YES,TST Respose 11,I am the middle child,0.910561376,Frank,12,neutral,
stu_KCDEU07486,cls_JWHPH41004,sch_QQLIR33891,YES,TST Respose 11,I am the middle child,0.910561376,Frank,4,child,
stu_IKUOQ66846,cls_USLPT75423,sch_QQLIR33891,YES,TST Respose 10,trustworthy,0.91062458,Frank,43,positive,
stu_LJAAE92948,cls_ERQJB18593,sch_QQLIR33891,YES,TST Respose 10,My favorite color is blue,0.910736884,Frank,24,positive,
stu_ANAWT41929,cls_CIIPB03795,sch_RSWHG50450,YES,TST Respose 18,I love getting new hairstyle,0.910814138,Frank,30,positive,
stu_ANAWT41929,cls_CIIPB03795,sch_RSWHG50450,YES,TST Respose 18,I love getting new hairstyle,0.910814138,Frank,24,positive,
stu_WXAMH04104,cls_FBBRP25979,sch_QQLIR33891,,TST Respose 15,i have 3 sisters,0.911160887,Frank,12,neutral,
stu_CQRFU18177,cls_JYBSH30995,sch_QQLIR33891,,TST Respose 16,I can make my friend laugh,0.911273821,Frank,47,positive,
stu_CQRFU18177,cls_JYBSH30995,sch_QQLIR33891,,TST Respose 16,I can make my friend laugh,0.911273821,Frank,10,positive,
stu_DZJHT48666,cls_FXSNE83092,sch_QQLIR33891,,TST Respose 7,I'm the youngest out of my siblings,0.911385015,Frank,12,neutral,
stu_YBWGX96937,cls_MAEBK64434,sch_QQLIR33891,,TST Respose 17,i like red,0.911669695,Frank,24,positive,
stu_ERQCY81201,cls_USLPT75423,sch_QQLIR33891,YES,TST Respose 1,I am a hardworking student,0.911788053,Frank,41,positive,
stu_ERQCY81201,cls_USLPT75423,sch_QQLIR33891,YES,TST Respose 1,I am a hardworking student,0.911788053,Frank,14,positive,
stu_YXJEP22115,cls_USLPT75423,sch_QQLIR33891,YES,TST Respose 20,I am a good person,0.911865736,Frank,40,positive,
stu_YXJEP22115,cls_USLPT75423,sch_QQLIR33891,YES,TST Respose 20,I am a good person,0.911865736,Frank,21,none,
stu_ORUUL82324,cls_FBBRP25979,sch_QQLIR33891,,TST Respose 1,I'm 11 years old,0.911960436,Frank,4,11,
stu_RUZUK44953,cls_HOJKW39162,sch_KACVP55227,YES,TST Respose 13,I am a person who prefers summer.,0.912711275,Frank,24,positive,
stu_RUZUK44953,cls_HOJKW39162,sch_KACVP55227,YES,TST Respose 13,I am a person who prefers summer.,0.912711275,Frank,21,none,
stu_VTRUH97046,cls_DLRQP13887,sch_QQLIR33891,,TST Respose 9,I love volleyball.,0.913122771,Frank,29,positive,
stu_VTRUH97046,cls_DLRQP13887,sch_QQLIR33891,,TST Respose 9,I love volleyball.,0.913122771,Frank,24,positive,
stu_QCKDZ64012,cls_HEZZN95002,sch_QQLIR33891,,TST Respose 19,im smart,0.91330357,Frank,43,positive,
stu_CETOG17008,cls_USLPT75423,sch_QQLIR33891,YES,TST Respose 3,black,0.913694888,Frank,6,black,
stu_RDOVU20570,cls_SLKYU63739,sch_QQLIR33891,YES,TST Respose 18,I am a person who is shy,0.914043233,Frank,44,positive,
stu_RDOVU20570,cls_SLKYU63739,sch_QQLIR33891,YES,TST Respose 18,I am a person who is shy,0.914043233,Frank,21,none,
stu_QZOUO83023,cls_FBBRP25979,sch_QQLIR33891,YES,TST Respose 12,I love my family,0.914216372,Frank,24,positive,
stu_QZOUO83023,cls_FBBRP25979,sch_QQLIR33891,YES,TST Respose 12,I love my family,0.914216372,Frank,12,positive,
stu_MTCIM85775,cls_TNHXN45809,sch_RSWHG50450,,TST Respose 18,A good observer,0.914254519,Frank,44,positive,
stu_BDAZF88230,cls_USLPT75423,sch_QQLIR33891,YES,TST Respose 6,I am someone who will be successful,0.914620179,Frank,41,positive,
stu_PKXZK94759,cls_JYBSH30995,sch_QQLIR33891,,TST Respose 10,I'm somebody who likes to use Pintrest,0.914723462,Frank,27,positive,
stu_PKXZK94759,cls_JYBSH30995,sch_QQLIR33891,,TST Respose 10,I'm somebody who likes to use Pintrest,0.914723462,Frank,24,positive,
stu_EJIML93711,cls_AJBUO63250,sch_KACVP55227,,TST Respose 7,I don't like to write,0.915119655,Frank,25,negative,
stu_EJIML93711,cls_AJBUO63250,sch_KACVP55227,,TST Respose 7,I don't like to write,0.915119655,Frank,24,negative,
stu_ZQMQQ26810,cls_HEBLM24075,sch_KACVP55227,,TST Respose 17,i love clothes,0.915821105,Frank,30,positive,
stu_ZQMQQ26810,cls_HEBLM24075,sch_KACVP55227,,TST Respose 17,i love clothes,0.915821105,Frank,24,positive,
stu_TYPZX10676,cls_YLGBO89611,sch_KACVP55227,,TST Respose 18,i love to travel.,0.915895392,Frank,31,positive,
stu_TYPZX10676,cls_YLGBO89611,sch_KACVP55227,,TST Respose 18,i love to travel.,0.915895392,Frank,24,positive,
stu_WQGUY90279,cls_JYBSH30995,sch_QQLIR33891,,TST Respose 8,My favorite color is red,0.916113745,Frank,24,positive,
stu_BJJXN95776,cls_MAEBK64434,sch_QQLIR33891,,TST Respose 19,I love puzzles,0.916136549,Frank,24,positive,
stu_WQGUY90279,cls_JYBSH30995,sch_QQLIR33891,,TST Respose 6,I play video games,0.916473237,Frank,28,neutral,
stu_SELBD60428,cls_AJBUO63250,sch_KACVP55227,,TST Respose 2,[FIRST LAST NAME],0.9164889,Frank,5,none,
stu_WWNBY52737,cls_OUMSN73782,sch_QQLIR33891,YES,TST Respose 12,I am tan.,0.91711667,Frank,35,neutral,
stu_FQKSK24193,cls_FBBRP25979,sch_QQLIR33891,,TST Respose 6,i have a b in math,0.917245523,Frank,25,neutral,
stu_KOUYR40301,cls_SYHWK05211,sch_KACVP55227,,TST Respose 2,i like [TEACHER]'s class,0.917275024,Frank,24,positive,
stu_KOUYR40301,cls_SYHWK05211,sch_KACVP55227,,TST Respose 2,i like [TEACHER]'s class,0.917275024,Frank,14,positive,
stu_YSQPA55709,cls_OUMSN73782,sch_QQLIR33891,,TST Respose 19,i have blonde hair,0.917275122,Frank,35,neutral,
stu_UEDQL23543,cls_USLPT75423,sch_QQLIR33891,YES,TST Respose 18,i speak creole,0.917723848,Frank,25,neutral,
stu_UEDQL23543,cls_USLPT75423,sch_QQLIR33891,YES,TST Respose 18,i speak creole,0.917723848,Frank,22,speakscreole,
stu_QPHPK12517,cls_HEZZN95002,sch_QQLIR33891,,TST Respose 5,kind,0.917875867,Frank,44,positive,
stu_YBWGX96937,cls_MAEBK64434,sch_QQLIR33891,,TST Respose 3,i like book,0.918080442,Frank,25,positive,
stu_YBWGX96937,cls_MAEBK64434,sch_QQLIR33891,,TST Respose 3,i like book,0.918080442,Frank,24,positive,
stu_FWPPR22255,cls_YFPVJ06178,sch_KACVP55227,YES,TST Respose 17,I got a lot a lot of friends,0.918328027,Frank,10,positive,
stu_OCRTY88035,cls_MAEBK64434,sch_QQLIR33891,,TST Respose 10,I am someone that loves the color red and blue.,0.918398706,Frank,24,positive,
stu_XUDYN03051,cls_FXSNE83092,sch_QQLIR33891,,TST Respose 13,I get mad easily,0.918805008,Frank,45,neutral,
stu_DJCZE13885,cls_FBBRP25979,sch_QQLIR33891,,TST Respose 14,I like sherbet.,0.918813733,Frank,24,positive,
stu_WAWDW95831,cls_SYHWK05211,sch_KACVP55227,,TST Respose 6,I am good at soccer.,0.918838469,Frank,29,positive,
stu_PSHZT50501,cls_USLPT75423,sch_QQLIR33891,YES,TST Respose 18,I am a strong person,0.919167517,Frank,35,neutral,
stu_PSHZT50501,cls_USLPT75423,sch_QQLIR33891,YES,TST Respose 18,I am a strong person,0.919167517,Frank,21,none,
stu_STIXI97047,cls_CXLDP17094,sch_KACVP55227,,TST Respose 6,I am [FIRST NAME].,0.919171147,Frank,5,none,
stu_HXXCS05602,cls_USLPT75423,sch_QQLIR33891,YES,TST Respose 16,i'm good a dancing,0.920067251,Frank,26,positive,
stu_QEGJI54214,cls_SLKYU63739,sch_QQLIR33891,YES,TST Respose 8,i am a cat lover,0.920328589,Frank,24,positive,
stu_EUWJA76858,cls_HJQZF25095,sch_KACVP55227,YES,TST Respose 14,I like doing my hair.,0.920386159,Frank,30,positive,
stu_EUWJA76858,cls_HJQZF25095,sch_KACVP55227,YES,TST Respose 14,I like doing my hair.,0.920386159,Frank,24,positive,
stu_BCRYB29652,cls_OUMSN73782,sch_QQLIR33891,YES,TST Respose 7,I like cats,0.920836833,Frank,24,positive,
stu_LDUML32113,cls_USLPT75423,sch_QQLIR33891,YES,TST Respose 12,i like nature,0.921539089,Frank,24,positive,
stu_LTSJK02079,cls_FBBRP25979,sch_QQLIR33891,,TST Respose 3,I like rocks,0.921541069,Frank,24,positive,
stu_WZRKM29688,cls_HEBLM24075,sch_KACVP55227,,TST Respose 5,i like cod,0.921614517,Frank,24,positive,
stu_STIXI97047,cls_CXLDP17094,sch_KACVP55227,,TST Respose 18,I am [LAST NAME] .,0.921687082,Frank,5,none,
stu_WXAMH04104,cls_FBBRP25979,sch_QQLIR33891,,TST Respose 8,i like video games,0.921756726,Frank,28,positive,
stu_WXAMH04104,cls_FBBRP25979,sch_QQLIR33891,,TST Respose 8,i like video games,0.921756726,Frank,24,positive,
stu_CHVFQ54169,cls_JYBSH30995,sch_QQLIR33891,,TST Respose 8,My fav food is French fry.,0.922036653,Frank,24,positive,
stu_SOWGI28002,cls_MAEBK64434,sch_QQLIR33891,,TST Respose 5,I am someone who loves fanta,0.922053135,Frank,24,positive,
stu_BDAZF88230,cls_USLPT75423,sch_QQLIR33891,YES,TST Respose 3,I am a mathematician,0.922429549,Frank,25,positive,
stu_MXNSB23169,cls_HJQZF25095,sch_KACVP55227,,TST Respose 1,I am [FIRST NAME].,0.922729453,Frank,5,none,
stu_SQLXP95993,cls_MFUGV02425,sch_QQLIR33891,,TST Respose 11,I like to do my hair,0.922765304,Frank,30,positive,
stu_SQLXP95993,cls_MFUGV02425,sch_QQLIR33891,,TST Respose 11,I like to do my hair,0.922765304,Frank,24,positive,
stu_ANQAT24428,cls_MAEBK64434,sch_QQLIR33891,,TST Respose 11,someone who likes ice cream,0.923125373,Frank,24,positive,
stu_DERZZ01872,cls_GIJEF48865,sch_KACVP55227,,TST Respose 8,I have good grades.,0.923287655,Frank,43,positive,
stu_DERZZ01872,cls_GIJEF48865,sch_KACVP55227,,TST Respose 8,I have good grades.,0.923287655,Frank,14,positive,
stu_DERZZ01872,cls_GIJEF48865,sch_KACVP55227,,TST Respose 8,I have good grades.,0.923287655,Frank,25,positive,
stu_PNNIR08301,cls_HJQZF25095,sch_KACVP55227,YES,TST Respose 8,I like the color green.,0.923324805,Frank,24,positive,
stu_JTZYY08754,cls_JTMRB81339,sch_KACVP55227,,TST Respose 7,don't care about anything but me,0.92377614,Frank,44,neutral,
stu_TSQUQ54202,cls_USLPT75423,sch_QQLIR33891,YES,TST Respose 17,I am the third oldest kid.,0.923834472,Frank,12,neutral,
stu_TSQUQ54202,cls_USLPT75423,sch_QQLIR33891,YES,TST Respose 17,I am the third oldest kid.,0.923834472,Frank,4,child,
stu_YGBLH44260,cls_IZNZG32572,sch_KACVP55227,YES,TST Respose 10,I get very stressed when I am confused.,0.924077189,Frank,45,negative,
stu_YXBHV58732,cls_VFZRA31361,sch_KACVP55227,YES,TST Respose 20,I like science,0.924348358,Frank,25,positive,
stu_YXBHV58732,cls_VFZRA31361,sch_KACVP55227,YES,TST Respose 20,I like science,0.924348358,Frank,24,positive,
stu_VENGZ10475,cls_HEZZN95002,sch_QQLIR33891,,TST Respose 1,A child,0.924635642,Frank,4,child,
stu_TRKWP48352,cls_MAEBK64434,sch_QQLIR33891,,TST Respose 15,I am a person who likes to were bracelets sometimes,0.925464501,Frank,30,neutral,
stu_TRKWP48352,cls_MAEBK64434,sch_QQLIR33891,,TST Respose 15,I am a person who likes to were bracelets sometimes,0.925464501,Frank,21,none,
stu_DHTXQ91573,cls_VFZRA31361,sch_KACVP55227,YES,TST Respose 4,I am a students from 6 gradesom,0.925555522,Frank,22,sixthgrader,
stu_DHTXQ91573,cls_VFZRA31361,sch_KACVP55227,YES,TST Respose 4,I am a students from 6 gradesom,0.925555522,Frank,4,child,
stu_DHTXQ91573,cls_VFZRA31361,sch_KACVP55227,YES,TST Respose 4,I am a students from 6 gradesom,0.925555522,Frank,14,neutral,
stu_IZQGI75719,cls_JYBSH30995,sch_QQLIR33891,,TST Respose 15,i like hanging out with my friends,0.925837435,Frank,31,positive,
stu_IZQGI75719,cls_JYBSH30995,sch_QQLIR33891,,TST Respose 15,i like hanging out with my friends,0.925837435,Frank,10,positive,
stu_IZQGI75719,cls_JYBSH30995,sch_QQLIR33891,,TST Respose 15,i like hanging out with my friends,0.925837435,Frank,24,positive,
stu_WWNBY52737,cls_OUMSN73782,sch_QQLIR33891,YES,TST Respose 20,I am the best person I know.,0.926135675,Frank,40,positive,
stu_MYCLF44200,cls_UZFMO35109,sch_QQLIR33891,,TST Respose 17,I like nike.,0.926191174,Frank,24,positive,
stu_WHBZD81732,cls_AVBRA70624,sch_KACVP55227,YES,TST Respose 17,no,0.926195552,Frank,48,none,
stu_OIYXZ27717,cls_MAEBK64434,sch_QQLIR33891,,TST Respose 7,I am someone who like roller skating,0.926317827,Frank,29,positive,
stu_OIYXZ27717,cls_MAEBK64434,sch_QQLIR33891,,TST Respose 7,I am someone who like roller skating,0.926317827,Frank,24,positive,
stu_IDHIE84911,cls_YFPVJ06178,sch_KACVP55227,YES,TST Respose 4,am fonny,0.926583817,Frank,44,positive,
stu_TFTDG28078,cls_IZNZG32572,sch_KACVP55227,YES,TST Respose 8,a puerto rican girl.,0.926750618,Frank,7,puertorican,
stu_TFTDG28078,cls_IZNZG32572,sch_KACVP55227,YES,TST Respose 8,a puerto rican girl.,0.926750618,Frank,2,girl,
stu_MIJEQ06664,cls_MAEBK64434,sch_QQLIR33891,,TST Respose 18,I like my school,0.926815735,Frank,24,positive,
stu_MIJEQ06664,cls_MAEBK64434,sch_QQLIR33891,,TST Respose 18,I like my school,0.926815735,Frank,14,positive,
stu_SELBD60428,cls_AJBUO63250,sch_KACVP55227,,TST Respose 3,[FIRST LAST NAME],0.927051166,Frank,5,none,
stu_CNIXS57234,cls_ERQJB18593,sch_QQLIR33891,,TST Respose 14,I have a cat and kittins,0.927436181,Frank,32,none,
stu_RFRYE74718,cls_OUMSN73782,sch_QQLIR33891,YES,TST Respose 19,I am a writer,0.927601382,Frank,25,neutral,
stu_KCRZD23226,cls_JDASF17902,sch_KACVP55227,,TST Respose 13,I like eat icream,0.92762064,Frank,24,positive,
stu_MMZHT88458,cls_QZQQW97177,sch_KACVP55227,,TST Respose 6,i love anime very much,0.927740191,Frank,24,positive,
stu_VFKRH03938,cls_SLKYU63739,sch_QQLIR33891,,TST Respose 9,i love celtics games,0.928320206,Frank,24,positive,
stu_NRKZA72454,cls_MCLLA54915,sch_KACVP55227,YES,TST Respose 20,I suck at basketball,0.928387995,Frank,29,negative,
stu_NMWSA27732,cls_UZFMO35109,sch_QQLIR33891,,TST Respose 7,my favorite color is blue,0.929040884,Frank,24,positive,
stu_WAFQN21754,cls_TNHXN45809,sch_RSWHG50450,YES,TST Respose 1,A student,0.929280817,Frank,14,neutral,
stu_YXBHV58732,cls_VFZRA31361,sch_KACVP55227,YES,TST Respose 13,I like school filtrips,0.929369198,Frank,24,positive,
stu_YXBHV58732,cls_VFZRA31361,sch_KACVP55227,YES,TST Respose 13,I like school filtrips,0.929369198,Frank,14,positive,
stu_MXNSF14478,cls_JYBSH30995,sch_QQLIR33891,,TST Respose 14,I love asian drinks and water,0.929620452,Frank,24,positive,
stu_DUOEM76163,cls_FXSNE83092,sch_QQLIR33891,,TST Respose 5,I'm part Greek and Italian.,0.929768513,Frank,7,greek and italian,
stu_THKBG93560,cls_OUMSN73782,sch_QQLIR33891,YES,TST Respose 13,I have Brown. Eyes,0.929993111,Frank,35,neutral,
stu_IGLSS89625,cls_VFZRA31361,sch_KACVP55227,YES,TST Respose 13,rvfgth,0.930101978,Frank,48,none,
stu_XXEBH66449,cls_GIJEF48865,sch_KACVP55227,,TST Respose 20,I am a student,0.930124084,Frank,14,neutral,
stu_YXJEP22115,cls_USLPT75423,sch_QQLIR33891,YES,TST Respose 17,I am smart,0.930347306,Frank,43,positive,
stu_PYEUW09959,cls_HEZZN95002,sch_QQLIR33891,,TST Respose 1,I am smart,0.930816474,Frank,43,positive,
stu_WCANG48942,cls_HJQZF25095,sch_KACVP55227,YES,TST Respose 3,I sometimes like Math.,0.931006238,Frank,25,positive,
stu_WCANG48942,cls_HJQZF25095,sch_KACVP55227,YES,TST Respose 3,I sometimes like Math.,0.931006238,Frank,24,positive,
stu_WBAVA84528,cls_AVBRA70624,sch_KACVP55227,YES,TST Respose 13,i'm a youtuber @[USERNAME],0.931195256,Frank,27,neutral,
stu_WBAVA84528,cls_AVBRA70624,sch_KACVP55227,YES,TST Respose 13,i'm a youtuber @[USERNAME],0.931195256,Frank,5,none,
stu_WXAMH04104,cls_FBBRP25979,sch_QQLIR33891,,TST Respose 20,im the youngest child,0.931249624,Frank,4,child,
stu_HVWUJ52450,cls_FXSNE83092,sch_QQLIR33891,,TST Respose 11,i like cod,0.931336558,Frank,24,positive,
stu_LVOOZ80056,cls_OUMSN73782,sch_QQLIR33891,YES,TST Respose 7,I am student.,0.931461027,Frank,14,neutral,
stu_PSHPN85751,cls_SYHWK05211,sch_KACVP55227,,TST Respose 7,add nme on fortnite [USERNAME],0.931655467,Frank,28,neutral,
stu_PSHPN85751,cls_SYHWK05211,sch_KACVP55227,,TST Respose 7,add nme on fortnite [USERNAME],0.931655467,Frank,5,none,
stu_MRIWT64391,cls_SYHWK05211,sch_KACVP55227,YES,TST Respose 16,i like games,0.931678759,Frank,28,positive,
stu_MRIWT64391,cls_SYHWK05211,sch_KACVP55227,YES,TST Respose 16,i like games,0.931678759,Frank,24,positive,
stu_WRQAA62017,cls_GIJEF48865,sch_KACVP55227,,TST Respose 10,I am funny,0.932158949,Frank,44,positive,
stu_QOGPO20181,cls_AVBRA70624,sch_KACVP55227,YES,TST Respose 12,l like to do cartwheels sometimes,0.932327356,Frank,29,positive,
stu_QOGPO20181,cls_AVBRA70624,sch_KACVP55227,YES,TST Respose 12,l like to do cartwheels sometimes,0.932327356,Frank,24,positive,
stu_SOWGI28002,cls_MAEBK64434,sch_QQLIR33891,,TST Respose 15,I am someone who loves lip gloss,0.933005577,Frank,30,positive,
stu_SOWGI28002,cls_MAEBK64434,sch_QQLIR33891,,TST Respose 15,I am someone who loves lip gloss,0.933005577,Frank,24,positive,
stu_PYEUW09959,cls_HEZZN95002,sch_QQLIR33891,,TST Respose 8,I like to eat,0.933148197,Frank,24,positive,
stu_KOIIB68446,cls_JYBSH30995,sch_QQLIR33891,,TST Respose 19,I like playing with my brothers hair,0.933289095,Frank,24,positive,
stu_KOIIB68446,cls_JYBSH30995,sch_QQLIR33891,,TST Respose 19,I like playing with my brothers hair,0.933289095,Frank,12,neutral,
stu_EJIML93711,cls_AJBUO63250,sch_KACVP55227,,TST Respose 18,I like my phone,0.933384722,Frank,27,positive,
stu_EJIML93711,cls_AJBUO63250,sch_KACVP55227,,TST Respose 18,I like my phone,0.933384722,Frank,24,positive,
stu_NWRRC44615,cls_JYBSH30995,sch_QQLIR33891,,TST Respose 9,i am in 6th grade,0.933425538,Frank,22,sixthgrader,
stu_NWRRC44615,cls_JYBSH30995,sch_QQLIR33891,,TST Respose 9,i am in 6th grade,0.933425538,Frank,14,neutral,
stu_CULOH75877,cls_HEZZN95002,sch_QQLIR33891,,TST Respose 19,I like the beach,0.933493912,Frank,24,positive,
stu_CJHBB29429,cls_MAEBK64434,sch_QQLIR33891,,TST Respose 2,i am a person that likes to eat,0.933628554,Frank,24,positive,
stu_CJHBB29429,cls_MAEBK64434,sch_QQLIR33891,,TST Respose 2,i am a person that likes to eat,0.933628554,Frank,21,none,
stu_UYFTQ45542,cls_USLPT75423,sch_QQLIR33891,YES,TST Respose 1,A speedstar,0.933802663,Frank,48,none,
stu_KWMWG76590,cls_CXLDP17094,sch_KACVP55227,YES,TST Respose 19,i am cool,0.933873345,Frank,46,positive,
stu_TYPZX10676,cls_YLGBO89611,sch_KACVP55227,,TST Respose 14,i'm haitian,0.934026783,Frank,7,haitian,
stu_KFYJM61476,cls_SYHWK05211,sch_KACVP55227,YES,TST Respose 12,I like to play games.,0.934197123,Frank,28,positive,
stu_KFYJM61476,cls_SYHWK05211,sch_KACVP55227,YES,TST Respose 12,I like to play games.,0.934197123,Frank,24,positive,
stu_QACJQ31561,cls_JYBSH30995,sch_QQLIR33891,,TST Respose 16,im 5'1 in a half,0.934394913,Frank,35,neutral,
stu_CHVFQ54169,cls_JYBSH30995,sch_QQLIR33891,,TST Respose 2,I love staying up late,0.934821869,Frank,24,positive,
stu_XUDYN03051,cls_FXSNE83092,sch_QQLIR33891,,TST Respose 2,I am short,0.935140358,Frank,35,neutral,
stu_LTSJK02079,cls_FBBRP25979,sch_QQLIR33891,,TST Respose 16,my favorite candy is Reese's,0.935625473,Frank,24,positive,
stu_CLLRZ76280,cls_MAEBK64434,sch_QQLIR33891,,TST Respose 7,I like to go to theme parks in summer,0.935656053,Frank,31,positive,
stu_CLLRZ76280,cls_MAEBK64434,sch_QQLIR33891,,TST Respose 7,I like to go to theme parks in summer,0.935656053,Frank,24,positive,
stu_HLKZL24322,cls_MAEBK64434,sch_QQLIR33891,,TST Respose 13,a sixth grader,0.936093274,Frank,22,sixthgrader,
stu_HLKZL24322,cls_MAEBK64434,sch_QQLIR33891,,TST Respose 13,a sixth grader,0.936093274,Frank,4,child,
stu_HLKZL24322,cls_MAEBK64434,sch_QQLIR33891,,TST Respose 13,a sixth grader,0.936093274,Frank,14,neutral,
stu_KJOZZ30475,cls_HOJKW39162,sch_KACVP55227,YES,TST Respose 9,My hair is dyed to be pink but now is blonde.,0.387315678,Clara,35,neutral,
stu_NZWIU92234,cls_JYBSH30995,sch_QQLIR33891,,TST Respose 17,I love the color pink,0.936479455,Frank,24,positive,
stu_FQKSK24193,cls_FBBRP25979,sch_QQLIR33891,,TST Respose 4,i am a middle child,0.936489393,Frank,12,neutral,
stu_FQKSK24193,cls_FBBRP25979,sch_QQLIR33891,,TST Respose 4,i am a middle child,0.936489393,Frank,4,child,
stu_UYUIH18635,cls_FBBRP25979,sch_QQLIR33891,,TST Respose 1,Im a 6th grade student,0.936719649,Frank,22,sixthgrader,
stu_UYUIH18635,cls_FBBRP25979,sch_QQLIR33891,,TST Respose 1,Im a 6th grade student,0.936719649,Frank,14,neutral,
stu_EHLZF06092,cls_MCLLA54915,sch_KACVP55227,YES,TST Respose 14,I love basketballl,0.937169952,Frank,29,positive,
stu_EHLZF06092,cls_MCLLA54915,sch_KACVP55227,YES,TST Respose 14,I love basketballl,0.937169952,Frank,24,positive,
stu_YGBLH44260,cls_IZNZG32572,sch_KACVP55227,YES,TST Respose 9,I like to get straight to the point in things.,0.937205167,Frank,45,positive,
stu_YGBLH44260,cls_IZNZG32572,sch_KACVP55227,YES,TST Respose 9,I like to get straight to the point in things.,0.937205167,Frank,24,positive,
stu_WRQAA62017,cls_GIJEF48865,sch_KACVP55227,,TST Respose 12,I like games,0.937625966,Frank,28,positive,
stu_WRQAA62017,cls_GIJEF48865,sch_KACVP55227,,TST Respose 12,I like games,0.937625966,Frank,24,positive,
stu_QZOUO83023,cls_FBBRP25979,sch_QQLIR33891,YES,TST Respose 2,i play basketball,0.937631849,Frank,29,neutral,
stu_WZRKM29688,cls_HEBLM24075,sch_KACVP55227,,TST Respose 17,i have 3 cats and a chinchilla,0.937666572,Frank,32,none,
stu_ERQCY81201,cls_USLPT75423,sch_QQLIR33891,YES,TST Respose 19,I am a girl who has a cat,0.937685937,Frank,32,none,
stu_ERQCY81201,cls_USLPT75423,sch_QQLIR33891,YES,TST Respose 19,I am a girl who has a cat,0.937685937,Frank,2,girl,
stu_WAWDW95831,cls_SYHWK05211,sch_KACVP55227,,TST Respose 16,I love soccer tennis.,0.937729365,Frank,29,positive,
stu_WAWDW95831,cls_SYHWK05211,sch_KACVP55227,,TST Respose 16,I love soccer tennis.,0.937729365,Frank,24,positive,
stu_DKGHS98193,cls_FXSNE83092,sch_QQLIR33891,,TST Respose 19,im from dorchester,0.938034093,Frank,9,city,
stu_OFAWH83528,cls_FBBRP25979,sch_QQLIR33891,,TST Respose 6,i play video games,0.938046716,Frank,28,positive,
stu_JOVOI38701,cls_MAEBK64434,sch_QQLIR33891,,TST Respose 10,I am a person who likes to play soccer.,0.938055663,Frank,29,positive,
stu_JOVOI38701,cls_MAEBK64434,sch_QQLIR33891,,TST Respose 10,I am a person who likes to play soccer.,0.938055663,Frank,21,none,
stu_JOVOI38701,cls_MAEBK64434,sch_QQLIR33891,,TST Respose 10,I am a person who likes to play soccer.,0.938055663,Frank,24,positive,
stu_UHXBA77476,cls_FBBRP25979,sch_QQLIR33891,,TST Respose 16,I used to play soccer,0.93818012,Frank,29,neutral,
stu_WCANG48942,cls_HJQZF25095,sch_KACVP55227,YES,TST Respose 10,I am an all honors student =),0.938237948,Frank,43,positive,
stu_WCANG48942,cls_HJQZF25095,sch_KACVP55227,YES,TST Respose 10,I am an all honors student =),0.938237948,Frank,14,positive,
stu_HBPKA70291,cls_CIIPB03795,sch_RSWHG50450,YES,TST Respose 15,love my dad,0.938367253,Frank,24,positive,
stu_HBPKA70291,cls_CIIPB03795,sch_RSWHG50450,YES,TST Respose 15,love my dad,0.938367253,Frank,12,positive,
stu_CPBCK00658,cls_SIVDJ49041,sch_KACVP55227,,TST Respose 2,I like to stay at home,0.938379381,Frank,31,positive,
stu_CPBCK00658,cls_SIVDJ49041,sch_KACVP55227,,TST Respose 2,I like to stay at home,0.938379381,Frank,24,positive,
stu_HMQRZ27503,cls_YFPVJ06178,sch_KACVP55227,YES,TST Respose 2,I am soccer players,0.938492622,Frank,29,neutral,
stu_DKGHS98193,cls_FXSNE83092,sch_QQLIR33891,,TST Respose 6,i like having my hair done,0.938561033,Frank,30,positive,
stu_DKGHS98193,cls_FXSNE83092,sch_QQLIR33891,,TST Respose 6,i like having my hair done,0.938561033,Frank,24,positive,
stu_UEDQL23543,cls_USLPT75423,sch_QQLIR33891,YES,TST Respose 5,i played soccer/ cross-country,0.938590813,Frank,29,neutral,
stu_MKEGQ97127,cls_GIJEF48865,sch_KACVP55227,,TST Respose 10,I'm a girl how loves jewlery,0.93934328,Frank,30,positive,
stu_MKEGQ97127,cls_GIJEF48865,sch_KACVP55227,,TST Respose 10,I'm a girl how loves jewlery,0.93934328,Frank,2,girl,
stu_MKEGQ97127,cls_GIJEF48865,sch_KACVP55227,,TST Respose 10,I'm a girl how loves jewlery,0.93934328,Frank,24,positive,
stu_JUQPD47363,cls_HOJKW39162,sch_KACVP55227,YES,TST Respose 5,I am allergic to everything.,0.939407044,Frank,36,negative,
stu_WTRMC77187,cls_IZNZG32572,sch_KACVP55227,YES,TST Respose 8,I play games like space flight simulator,0.939708937,Frank,28,neutral,
stu_MTCIM85775,cls_TNHXN45809,sch_RSWHG50450,,TST Respose 6,I am smart,0.939784755,Frank,43,positive,
stu_DUOEM76163,cls_FXSNE83092,sch_QQLIR33891,,TST Respose 1,I am a boy,0.939871688,Frank,2,boy,
stu_OFWAG94272,cls_USLPT75423,sch_QQLIR33891,YES,TST Respose 19,i like golf,0.94022032,Frank,29,positive,
stu_OFWAG94272,cls_USLPT75423,sch_QQLIR33891,YES,TST Respose 19,i like golf,0.94022032,Frank,24,positive,
stu_GCHCS91000,cls_SLKYU63739,sch_QQLIR33891,YES,TST Respose 16,i am a ronilson lover,0.940225011,Frank,24,positive,
stu_SJXEZ38047,cls_JYBSH30995,sch_QQLIR33891,,TST Respose 10,I went to Cape Verde on [DATE],0.940742568,Frank,11,neutral,
stu_UTXBZ05806,cls_MAEBK64434,sch_QQLIR33891,,TST Respose 2,i am the middle child,0.941102369,Frank,12,neutral,
stu_UTXBZ05806,cls_MAEBK64434,sch_QQLIR33891,,TST Respose 2,i am the middle child,0.941102369,Frank,4,child,
stu_QACJQ31561,cls_JYBSH30995,sch_QQLIR33891,,TST Respose 7,i love to play games,0.941498543,Frank,28,positive,
stu_QACJQ31561,cls_JYBSH30995,sch_QQLIR33891,,TST Respose 7,i love to play games,0.941498543,Frank,24,positive,
stu_ZARRQ26344,cls_JYBSH30995,sch_QQLIR33891,,TST Respose 17,my favorite actor is Garrett Hedlund and Pedro pascal,0.942423062,Frank,24,positive,
stu_JTZYY08754,cls_JTMRB81339,sch_KACVP55227,,TST Respose 14,I like my phone,0.942686431,Frank,27,positive,
stu_JTZYY08754,cls_JTMRB81339,sch_KACVP55227,,TST Respose 14,I like my phone,0.942686431,Frank,24,positive,
stu_IGWBR81023,cls_DLRQP13887,sch_QQLIR33891,,TST Respose 10,my favorite show is greys anatomy,0.942691956,Frank,24,positive,
stu_FBOFA96484,cls_MAEBK64434,sch_QQLIR33891,,TST Respose 11,"i like the soccer team, Real marid",0.942921466,Frank,24,positive,
stu_XHGVP79664,cls_HEZZN95002,sch_QQLIR33891,,TST Respose 13,my favorite color is blue,0.942924667,Frank,24,positive,
stu_QOGPO20181,cls_AVBRA70624,sch_KACVP55227,YES,TST Respose 3,l'm 5'4,0.943327944,Frank,35,neutral,
stu_CLLRZ76280,cls_MAEBK64434,sch_QQLIR33891,,TST Respose 17,I like having vacations,0.943361435,Frank,24,positive,
stu_IZQGI75719,cls_JYBSH30995,sch_QQLIR33891,,TST Respose 19,i like bike riding,0.943413229,Frank,29,positive,
stu_IZQGI75719,cls_JYBSH30995,sch_QQLIR33891,,TST Respose 19,i like bike riding,0.943413229,Frank,24,positive,
stu_WHBZD81732,cls_AVBRA70624,sch_KACVP55227,YES,TST Respose 5,i dont like homework,0.943482087,Frank,25,negative,
stu_WHBZD81732,cls_AVBRA70624,sch_KACVP55227,YES,TST Respose 5,i dont like homework,0.943482087,Frank,24,negative,
stu_NZWIU92234,cls_JYBSH30995,sch_QQLIR33891,,TST Respose 16,I like english class,0.943532677,Frank,25,positive,
stu_NZWIU92234,cls_JYBSH30995,sch_QQLIR33891,,TST Respose 16,I like english class,0.943532677,Frank,24,positive,
stu_IKUOQ66846,cls_USLPT75423,sch_QQLIR33891,YES,TST Respose 7,I want be a NFL player,0.943655417,Frank,13,neutral,
stu_FTOYB42084,cls_SLKYU63739,sch_QQLIR33891,YES,TST Respose 1,8th grade student,0.943678904,Frank,22,eighthgrader,
stu_FTOYB42084,cls_SLKYU63739,sch_QQLIR33891,YES,TST Respose 1,8th grade student,0.943678904,Frank,4,child,
stu_FTOYB42084,cls_SLKYU63739,sch_QQLIR33891,YES,TST Respose 1,8th grade student,0.943678904,Frank,14,neutral,
stu_HVWUJ52450,cls_FXSNE83092,sch_QQLIR33891,,TST Respose 4,I like colors,0.943683467,Frank,24,positive,
stu_NRKZA72454,cls_MCLLA54915,sch_KACVP55227,YES,TST Respose 5,"I like food, but certain kinds.",0.943697348,Frank,24,positive,
stu_NWRRC44615,cls_JYBSH30995,sch_QQLIR33891,,TST Respose 15,i like playing outside,0.943809926,Frank,24,positive,
stu_KOIIB68446,cls_JYBSH30995,sch_QQLIR33891,,TST Respose 15,i love shoes,0.943833378,Frank,24,positive,
stu_RUBQU39803,cls_OUMSN73782,sch_QQLIR33891,,TST Respose 15,"i am a chick-fla-a lover, and mcdonalds lover",0.943991387,Frank,24,positive,
stu_KWLPL21630,cls_SIVDJ49041,sch_KACVP55227,,TST Respose 19,I like to collect new things.,0.944166045,Frank,31,positive,
stu_KWLPL21630,cls_SIVDJ49041,sch_KACVP55227,,TST Respose 19,I like to collect new things.,0.944166045,Frank,24,positive,
stu_FWPPR22255,cls_YFPVJ06178,sch_KACVP55227,YES,TST Respose 5,I am smart,0.944250498,Frank,43,positive,
stu_MMNSJ38829,cls_YLGBO89611,sch_KACVP55227,,TST Respose 19,I like light pink.,0.944290855,Frank,24,positive,
stu_CAGAM03126,cls_HOJKW39162,sch_KACVP55227,YES,TST Respose 6,I am a person who likes food.,0.944345006,Frank,24,positive,
stu_CAGAM03126,cls_HOJKW39162,sch_KACVP55227,YES,TST Respose 6,I am a person who likes food.,0.944345006,Frank,21,none,
stu_UJNMI16598,cls_OUKFK08724,sch_RSWHG50450,,TST Respose 2,Sister,0.94487431,Frank,12,neutral,
stu_UJNMI16598,cls_OUKFK08724,sch_RSWHG50450,,TST Respose 2,Sister,0.94487431,Frank,2,girl,
stu_XUDYN03051,cls_FXSNE83092,sch_QQLIR33891,,TST Respose 14,I love my parents,0.945006131,Frank,24,positive,
stu_XUDYN03051,cls_FXSNE83092,sch_QQLIR33891,,TST Respose 14,I love my parents,0.945006131,Frank,12,positive,
stu_DERZZ01872,cls_GIJEF48865,sch_KACVP55227,,TST Respose 3,I only speak English,0.945135964,Frank,25,neutral,
stu_DERZZ01872,cls_GIJEF48865,sch_KACVP55227,,TST Respose 3,I only speak English,0.945135964,Frank,22,speaksenglish,
stu_CHVFQ54169,cls_JYBSH30995,sch_QQLIR33891,,TST Respose 7,I love eating.,0.945312863,Frank,31,positive,
stu_CHVFQ54169,cls_JYBSH30995,sch_QQLIR33891,,TST Respose 7,I love eating.,0.945312863,Frank,24,positive,
stu_CAGAM03126,cls_HOJKW39162,sch_KACVP55227,YES,TST Respose 16,I am a person who has a crush on someone.,0.945639293,Frank,21,none,
stu_CAGAM03126,cls_HOJKW39162,sch_KACVP55227,YES,TST Respose 16,I am a person who has a crush on someone.,0.945639293,Frank,11,neutral,
stu_HEPWQ98561,cls_ZUQLK09797,sch_KACVP55227,,TST Respose 20,i like the summer,0.945752727,Frank,24,positive,
stu_CNIXS57234,cls_ERQJB18593,sch_QQLIR33891,,TST Respose 19,I have a dog,0.945830807,Frank,32,none,
stu_UEVQJ25414,cls_USLPT75423,sch_QQLIR33891,YES,TST Respose 2,im black,0.946137602,Frank,6,black,
stu_PJCOJ15115,cls_HEZZN95002,sch_QQLIR33891,,TST Respose 9,I am a math hater,0.946554064,Frank,25,negative,
stu_PJCOJ15115,cls_HEZZN95002,sch_QQLIR33891,,TST Respose 9,I am a math hater,0.946554064,Frank,24,negative,
stu_WWNBY52737,cls_OUMSN73782,sch_QQLIR33891,YES,TST Respose 18,I am in art club.,0.94666703,Frank,18,art club,
stu_OCRTY88035,cls_MAEBK64434,sch_QQLIR33891,,TST Respose 12,I am someone that loves my dad,0.946788997,Frank,35,neutral,
stu_MZIVN56293,cls_HEZZN95002,sch_QQLIR33891,,TST Respose 8,i have black hair,0.947380329,Frank,35,neutral,
stu_BESSB35006,cls_CIIPB03795,sch_RSWHG50450,YES,TST Respose 9,Im funny,0.947560869,Frank,44,positive,
stu_UHXBA77476,cls_FBBRP25979,sch_QQLIR33891,,TST Respose 9,I like to swim,0.948209279,Frank,29,positive,
stu_UHXBA77476,cls_FBBRP25979,sch_QQLIR33891,,TST Respose 9,I like to swim,0.948209279,Frank,24,positive,
stu_JERPG96865,cls_IZNZG32572,sch_KACVP55227,YES,TST Respose 8,i like motorcycles,0.949007221,Frank,24,positive,
stu_EUIXK95276,cls_JDASF17902,sch_KACVP55227,,TST Respose 1,"I'm a student at the [SCHOOL NAME], I love dancing, singing, gym class, Art class, eating food",0.949070596,Frank,31,positive,
stu_EUIXK95276,cls_JDASF17902,sch_KACVP55227,,TST Respose 1,"I'm a student at the [SCHOOL NAME], I love dancing, singing, gym class, Art class, eating food",0.949070596,Frank,14,neutral,
stu_EUIXK95276,cls_JDASF17902,sch_KACVP55227,,TST Respose 1,"I'm a student at the [SCHOOL NAME], I love dancing, singing, gym class, Art class, eating food",0.949070596,Frank,24,positive,
stu_EUIXK95276,cls_JDASF17902,sch_KACVP55227,,TST Respose 1,"I'm a student at the [SCHOOL NAME], I love dancing, singing, gym class, Art class, eating food",0.949070596,Frank,26,positive,
stu_EUIXK95276,cls_JDASF17902,sch_KACVP55227,,TST Respose 1,"I'm a student at the [SCHOOL NAME], I love dancing, singing, gym class, Art class, eating food",0.949070596,Frank,29,positive,
stu_CDGKD03653,cls_JYBSH30995,sch_QQLIR33891,,TST Respose 12,i wear jordans,0.949322419,Frank,32,none,
stu_AQNHF52456,cls_USLPT75423,sch_QQLIR33891,YES,TST Respose 17,i work in comstrution with my father,0.949431292,Frank,13,neutral,
stu_AQNHF52456,cls_USLPT75423,sch_QQLIR33891,YES,TST Respose 17,i work in comstrution with my father,0.949431292,Frank,12,neutral,
stu_HEPWQ98561,cls_ZUQLK09797,sch_KACVP55227,,TST Respose 10,i am a person that wants to do cosmetology,0.949758995,Frank,21,neutral,
stu_HEPWQ98561,cls_ZUQLK09797,sch_KACVP55227,,TST Respose 10,i am a person that wants to do cosmetology,0.949758995,Frank,13,neutral,
stu_DKGHS98193,cls_FXSNE83092,sch_QQLIR33891,,TST Respose 11,i have curly hair,0.949934238,Frank,35,neutral,
stu_NRKZA72454,cls_MCLLA54915,sch_KACVP55227,YES,TST Respose 6,Sleep is my best friend.,0.950054563,Frank,24,positive,
stu_TRKWP48352,cls_MAEBK64434,sch_QQLIR33891,,TST Respose 16,I am a person who runs fast,0.950065731,Frank,29,positive,
stu_LNFOE66635,cls_AJBUO63250,sch_KACVP55227,YES,TST Respose 6,chill,0.95013542,Frank,45,positive,
stu_QZOUO83023,cls_FBBRP25979,sch_QQLIR33891,YES,TST Respose 16,I like taking brakes,0.950208784,Frank,45,positive,
stu_QZOUO83023,cls_FBBRP25979,sch_QQLIR33891,YES,TST Respose 16,I like taking brakes,0.950208784,Frank,24,positive,
stu_WYTLH51489,cls_AJBUO63250,sch_KACVP55227,YES,TST Respose 17,I like to hang out with my family,0.95030566,Frank,24,positive,
stu_WYTLH51489,cls_AJBUO63250,sch_KACVP55227,YES,TST Respose 17,I like to hang out with my family,0.95030566,Frank,12,positive,
stu_SJXEZ38047,cls_JYBSH30995,sch_QQLIR33891,,TST Respose 20,I love how the valentino perfume smells like .,0.950337204,Frank,24,positive,
stu_WCANG48942,cls_HJQZF25095,sch_KACVP55227,YES,TST Respose 8,I am Haitian =),0.951015602,Frank,7,haitian,
stu_XHPVX80161,cls_TNHXN45809,sch_RSWHG50450,,TST Respose 1,I am dominican,0.951018495,Frank,7,dominican,
stu_SAOLH99639,cls_FXSNE83092,sch_QQLIR33891,,TST Respose 20,i eat food,0.951131691,Frank,31,neutral,
stu_JUQPD47363,cls_HOJKW39162,sch_KACVP55227,YES,TST Respose 7,I am a bestfriend.,0.951232591,Frank,10,positive,
stu_HXXCS05602,cls_USLPT75423,sch_QQLIR33891,YES,TST Respose 3,i'm bilingual,0.951985048,Frank,12,neutral,
stu_HXXCS05602,cls_USLPT75423,sch_QQLIR33891,YES,TST Respose 3,i'm bilingual,0.951985048,Frank,4,child,
stu_PSHZT50501,cls_USLPT75423,sch_QQLIR33891,YES,TST Respose 6,I am the youngest child of my family,0.952299837,Frank,12,neutral,
stu_PSHZT50501,cls_USLPT75423,sch_QQLIR33891,YES,TST Respose 6,I am the youngest child of my family,0.952299837,Frank,4,child,
stu_CQRFU18177,cls_JYBSH30995,sch_QQLIR33891,,TST Respose 15,I like gaming setup's,0.952648476,Frank,28,positive,
stu_CQRFU18177,cls_JYBSH30995,sch_QQLIR33891,,TST Respose 15,I like gaming setup's,0.952648476,Frank,24,positive,
stu_CULOH75877,cls_HEZZN95002,sch_QQLIR33891,,TST Respose 14,I play soccer,0.952723574,Frank,29,neutral,
stu_VENGZ10475,cls_HEZZN95002,sch_QQLIR33891,,TST Respose 4,A sophisticated person,0.952768047,Frank,44,positive,
stu_VENGZ10475,cls_HEZZN95002,sch_QQLIR33891,,TST Respose 4,A sophisticated person,0.952768047,Frank,21,none,
stu_ANAWT41929,cls_CIIPB03795,sch_RSWHG50450,YES,TST Respose 3,Fornite is my favorite game,0.952929698,Frank,28,positive,
stu_ANAWT41929,cls_CIIPB03795,sch_RSWHG50450,YES,TST Respose 3,Fornite is my favorite game,0.952929698,Frank,24,positive,
stu_TRKWP48352,cls_MAEBK64434,sch_QQLIR33891,,TST Respose 13,I am a person who has a birthday twim,0.953258995,Frank,21,none,
stu_PFDTL78462,cls_NUSEI70378,sch_KACVP55227,,TST Respose 7,My favorite food is Tacos.,0.95361226,Frank,24,positive,
stu_QHOON52054,cls_MCLLA54915,sch_KACVP55227,YES,TST Respose 17,"I am Asian, Cape Virden, Mexican, Irish, light-skin, Scottish, Polish, Indian, Portuguese",0.953895355,Frank,24,positive,
stu_BCRYB29652,cls_OUMSN73782,sch_QQLIR33891,YES,TST Respose 2,I'm black.,0.954049222,Frank,6,black,
stu_QHOON52054,cls_MCLLA54915,sch_KACVP55227,YES,TST Respose 15,I am black,0.954121151,Frank,6,black,
stu_SAOLH99639,cls_FXSNE83092,sch_QQLIR33891,,TST Respose 3,human,0.954235168,Frank,21,none,
stu_FVHVM49769,cls_SLKYU63739,sch_QQLIR33891,YES,TST Respose 20,im 14 years old,0.954544683,Frank,4,14,
stu_VSSOO37726,cls_HEBLM24075,sch_KACVP55227,YES,TST Respose 18,I don't when people yell at me,0.954647564,Frank,48,none,
stu_WAFQN21754,cls_TNHXN45809,sch_RSWHG50450,YES,TST Respose 10,I am adaptable,0.954679986,Frank,43,positive,
stu_MIJEQ06664,cls_MAEBK64434,sch_QQLIR33891,,TST Respose 19,I like my toys,0.954905987,Frank,24,positive,
stu_BESSB35006,cls_CIIPB03795,sch_RSWHG50450,YES,TST Respose 4,I like to go out and hang out,0.955255271,Frank,31,positive,
stu_BESSB35006,cls_CIIPB03795,sch_RSWHG50450,YES,TST Respose 4,I like to go out and hang out,0.955255271,Frank,24,positive,
stu_QQAHK93946,cls_FXSNE83092,sch_QQLIR33891,,TST Respose 18,I like strawberry cake,0.956354458,Frank,24,positive,
stu_AHWRN95528,cls_MAEBK64434,sch_QQLIR33891,,TST Respose 19,I am someone is born in september,0.956425761,Frank,22,born in september,
stu_ANQAT24428,cls_MAEBK64434,sch_QQLIR33891,,TST Respose 4,a emotional person,0.956513908,Frank,45,neutral,
stu_ANQAT24428,cls_MAEBK64434,sch_QQLIR33891,,TST Respose 4,a emotional person,0.956513908,Frank,21,none,
stu_XKMAG80800,cls_TNHXN45809,sch_RSWHG50450,YES,TST Respose 1,[[FIRST LAST NAME]],0.956532094,Frank,5,none,
stu_RNIHY62490,cls_OUMSN73782,sch_QQLIR33891,YES,TST Respose 17,I am a 4 year basketball player,0.956647289,Frank,29,neutral,
stu_EQSJM78476,cls_FBBRP25979,sch_QQLIR33891,,TST Respose 12,i like money,0.957135026,Frank,24,positive,
stu_OIYXZ27717,cls_MAEBK64434,sch_QQLIR33891,,TST Respose 17,I am someone who likes to sleepover at my cousins house,0.957229582,Frank,31,positive,
stu_OIYXZ27717,cls_MAEBK64434,sch_QQLIR33891,,TST Respose 17,I am someone who likes to sleepover at my cousins house,0.957229582,Frank,12,positive,
stu_OIYXZ27717,cls_MAEBK64434,sch_QQLIR33891,,TST Respose 17,I am someone who likes to sleepover at my cousins house,0.957229582,Frank,24,positive,
stu_SULZI60933,cls_JYBSH30995,sch_QQLIR33891,,TST Respose 3,i'm 11 years old,0.957406471,Frank,4,11,
stu_YSQPA55709,cls_OUMSN73782,sch_QQLIR33891,,TST Respose 4,im in to track,0.957725639,Frank,29,neutral,
stu_YSQPA55709,cls_OUMSN73782,sch_QQLIR33891,,TST Respose 4,im in to track,0.957725639,Frank,24,positive,
stu_NWVEW24693,cls_AVBRA70624,sch_KACVP55227,YES,TST Respose 2,I and Cape Verde,0.957745486,Frank,7,cape verdean,
stu_PSHZT50501,cls_USLPT75423,sch_QQLIR33891,YES,TST Respose 10,I am a person who likes dogs,0.958150112,Frank,35,positive,
stu_PSHZT50501,cls_USLPT75423,sch_QQLIR33891,YES,TST Respose 10,I am a person who likes dogs,0.958150112,Frank,21,none,
stu_XSQUV53095,cls_OUMSN73782,sch_QQLIR33891,YES,TST Respose 15,I AM [FIRST NAME] A PROFESSIONAL SIBLING,0.958274892,Frank,12,neutral,
stu_XSQUV53095,cls_OUMSN73782,sch_QQLIR33891,YES,TST Respose 15,I AM [FIRST NAME] A PROFESSIONAL SIBLING,0.958274892,Frank,5,none,
stu_SJXEZ38047,cls_JYBSH30995,sch_QQLIR33891,,TST Respose 7,I like eating cape Verdean food,0.958559634,Frank,24,positive,
stu_CDGKD03653,cls_JYBSH30995,sch_QQLIR33891,,TST Respose 6,i like to have fun,0.958574401,Frank,45,positive,
stu_CDGKD03653,cls_JYBSH30995,sch_QQLIR33891,,TST Respose 6,i like to have fun,0.958574401,Frank,24,positive,
stu_MTCIM85775,cls_TNHXN45809,sch_RSWHG50450,,TST Respose 1,A 3D modeler,0.958834945,Frank,26,neutral,
stu_VTRUH97046,cls_DLRQP13887,sch_QQLIR33891,,TST Respose 7,I love Sza.,0.959196258,Frank,24,positive,
stu_THKBG93560,cls_OUMSN73782,sch_QQLIR33891,YES,TST Respose 2,My pronouns are.  MALE,0.959599501,Frank,1,m,
stu_WHBZD81732,cls_AVBRA70624,sch_KACVP55227,YES,TST Respose 15,black,0.95962459,Frank,6,black,
stu_RUZUK44953,cls_HOJKW39162,sch_KACVP55227,YES,TST Respose 1,I am a girl,0.959794013,Frank,2,girl,
stu_ANQAT24428,cls_MAEBK64434,sch_QQLIR33891,,TST Respose 18,i like to ride my bike,0.960013543,Frank,29,positive,
stu_ANQAT24428,cls_MAEBK64434,sch_QQLIR33891,,TST Respose 18,i like to ride my bike,0.960013543,Frank,24,positive,
stu_BJJXN95776,cls_MAEBK64434,sch_QQLIR33891,,TST Respose 11,I like running,0.960831647,Frank,29,positive,
stu_BJJXN95776,cls_MAEBK64434,sch_QQLIR33891,,TST Respose 11,I like running,0.960831647,Frank,24,positive,
stu_BESSB35006,cls_CIIPB03795,sch_RSWHG50450,YES,TST Respose 10,I like drama,0.961010909,Frank,24,positive,
stu_GCHCS91000,cls_SLKYU63739,sch_QQLIR33891,YES,TST Respose 8,i am a striaght a student,0.961271098,Frank,24,positive,
stu_GCHCS91000,cls_SLKYU63739,sch_QQLIR33891,YES,TST Respose 8,i am a striaght a student,0.961271098,Frank,14,positive,
stu_OQLOS45541,cls_USLPT75423,sch_QQLIR33891,YES,TST Respose 14,I'm confident.,0.961368652,Frank,42,positive,
stu_FQKSK24193,cls_FBBRP25979,sch_QQLIR33891,,TST Respose 2,i am 12 years old,0.962191949,Frank,4,12,
stu_ZYUDW82089,cls_OUMSN73782,sch_QQLIR33891,YES,TST Respose 4,someone who can be forgetful,0.962192713,Frank,43,negative,
stu_PUNZK45438,cls_SLKYU63739,sch_QQLIR33891,YES,TST Respose 12,i like to hang out with my friends,0.962287845,Frank,31,positive,
stu_PUNZK45438,cls_SLKYU63739,sch_QQLIR33891,YES,TST Respose 12,i like to hang out with my friends,0.962287845,Frank,10,positive,
stu_PUNZK45438,cls_SLKYU63739,sch_QQLIR33891,YES,TST Respose 12,i like to hang out with my friends,0.962287845,Frank,24,positive,
stu_RUBQU39803,cls_OUMSN73782,sch_QQLIR33891,,TST Respose 12,i am a [SCHOOL NAME MASCOT],0.962437734,Frank,14,neutral,
stu_EHLZF06092,cls_MCLLA54915,sch_KACVP55227,YES,TST Respose 15,I am a girl who loves the color black and grey and white,0.962544577,Frank,24,positive,
stu_EHLZF06092,cls_MCLLA54915,sch_KACVP55227,YES,TST Respose 15,I am a girl who loves the color black and grey and white,0.962544577,Frank,2,girl,
stu_UYFTQ45542,cls_USLPT75423,sch_QQLIR33891,YES,TST Respose 10,i am a person who eats alot,0.962670891,Frank,31,positive,
stu_UYFTQ45542,cls_USLPT75423,sch_QQLIR33891,YES,TST Respose 10,i am a person who eats alot,0.962670891,Frank,21,none,
stu_PNNIR08301,cls_HJQZF25095,sch_KACVP55227,YES,TST Respose 14,I am a person who likes to eat.,0.962828088,Frank,31,positive,
stu_PNNIR08301,cls_HJQZF25095,sch_KACVP55227,YES,TST Respose 14,I am a person who likes to eat.,0.962828088,Frank,21,none,
stu_PNNIR08301,cls_HJQZF25095,sch_KACVP55227,YES,TST Respose 14,I am a person who likes to eat.,0.962828088,Frank,24,positive,
stu_SBUBU63586,cls_OUKFK08724,sch_RSWHG50450,YES,TST Respose 5,i am a smart purson,0.962945427,Frank,43,positive,
stu_SBUBU63586,cls_OUKFK08724,sch_RSWHG50450,YES,TST Respose 5,i am a smart purson,0.962945427,Frank,21,none,
stu_YNVPH88845,cls_MMBNN48363,sch_QQLIR33891,,TST Respose 14,I sit next [FIRST NAME],0.963214814,Frank,47,neutral,
stu_DZJHT48666,cls_FXSNE83092,sch_QQLIR33891,,TST Respose 4,I have 2 dogs,0.96324567,Frank,32,none,
stu_KFYJM61476,cls_SYHWK05211,sch_KACVP55227,YES,TST Respose 7,My favorite colors are red and black.,0.963494025,Frank,24,positive,
stu_HVWUJ52450,cls_FXSNE83092,sch_QQLIR33891,,TST Respose 14,i love tiktok,0.9636029,Frank,27,positive,
stu_HVWUJ52450,cls_FXSNE83092,sch_QQLIR33891,,TST Respose 14,i love tiktok,0.9636029,Frank,24,positive,
stu_MMZHT88458,cls_QZQQW97177,sch_KACVP55227,,TST Respose 19,i am cool :>,0.963616661,Frank,46,positive,
stu_CJHBB29429,cls_MAEBK64434,sch_QQLIR33891,,TST Respose 9,I am a person that likes to sleep at my friends,0.963709734,Frank,31,positive,
stu_CJHBB29429,cls_MAEBK64434,sch_QQLIR33891,,TST Respose 9,I am a person that likes to sleep at my friends,0.963709734,Frank,10,positive,
stu_CJHBB29429,cls_MAEBK64434,sch_QQLIR33891,,TST Respose 9,I am a person that likes to sleep at my friends,0.963709734,Frank,21,none,
stu_CJHBB29429,cls_MAEBK64434,sch_QQLIR33891,,TST Respose 9,I am a person that likes to sleep at my friends,0.963709734,Frank,24,positive,
stu_ORUUL82324,cls_FBBRP25979,sch_QQLIR33891,,TST Respose 5,I can whistle,0.963742549,Frank,31,neutral,
stu_VGJIS59600,cls_DLRQP13887,sch_QQLIR33891,,TST Respose 7,I learned how to cook at the age of 8-9,0.96464604,Frank,31,neutral,
stu_ROULI02103,cls_SLKYU63739,sch_QQLIR33891,YES,TST Respose 6,i loved to sleep,0.96488129,Frank,31,positive,
stu_ROULI02103,cls_SLKYU63739,sch_QQLIR33891,YES,TST Respose 6,i loved to sleep,0.96488129,Frank,24,positive,
stu_EJIML93711,cls_AJBUO63250,sch_KACVP55227,,TST Respose 4,I like using calculators for math,0.964977179,Frank,25,positive,
stu_EJIML93711,cls_AJBUO63250,sch_KACVP55227,,TST Respose 4,I like using calculators for math,0.964977179,Frank,24,positive,
stu_EQSJM78476,cls_FBBRP25979,sch_QQLIR33891,,TST Respose 1,i am a boy,0.965292688,Frank,2,boy,
stu_CINVJ49388,cls_HEZZN95002,sch_QQLIR33891,,TST Respose 17,i am the oldest sibling,0.965301177,Frank,12,neutral,
stu_CPBCK00658,cls_SIVDJ49041,sch_KACVP55227,,TST Respose 14,I like to listen to music,0.965636582,Frank,24,positive,
stu_CULOH75877,cls_HEZZN95002,sch_QQLIR33891,,TST Respose 1,I am Black,0.965700663,Frank,6,black,
stu_ZUARE93356,cls_MAEBK64434,sch_QQLIR33891,,TST Respose 10,I get good grades,0.965962041,Frank,43,positive,
stu_ZUARE93356,cls_MAEBK64434,sch_QQLIR33891,,TST Respose 10,I get good grades,0.965962041,Frank,14,positive,
stu_ZUARE93356,cls_MAEBK64434,sch_QQLIR33891,,TST Respose 10,I get good grades,0.965962041,Frank,25,positive,
stu_JOKOV89559,cls_MAEBK64434,sch_QQLIR33891,,TST Respose 15,I am someone who will call you every day,0.966101847,Frank,44,neutral,
stu_JPMJO86637,cls_YFPVJ06178,sch_KACVP55227,YES,TST Respose 13,I love Haitian food .,0.966473051,Frank,24,positive,
stu_EXNUN73314,cls_CIIPB03795,sch_RSWHG50450,YES,TST Respose 20,I am [FIRST NAME].,0.966753493,Frank,5,none,
stu_NMWSA27732,cls_UZFMO35109,sch_QQLIR33891,,TST Respose 14,I like to play soccer,0.967514236,Frank,29,positive,
stu_NMWSA27732,cls_UZFMO35109,sch_QQLIR33891,,TST Respose 14,I like to play soccer,0.967514236,Frank,24,positive,
stu_UEVQJ25414,cls_USLPT75423,sch_QQLIR33891,YES,TST Respose 1,im a athelte,0.967586056,Frank,29,neutral,
stu_MMZHT88458,cls_QZQQW97177,sch_KACVP55227,,TST Respose 7,i am a boy,0.967597881,Frank,2,boy,
stu_XKMAG80800,cls_TNHXN45809,sch_RSWHG50450,YES,TST Respose 11,A student.,0.967828255,Frank,14,neutral,
stu_AHWRN95528,cls_MAEBK64434,sch_QQLIR33891,,TST Respose 15,I am someone who likes parties.,0.968176143,Frank,31,positive,
stu_AHWRN95528,cls_MAEBK64434,sch_QQLIR33891,,TST Respose 15,I am someone who likes parties.,0.968176143,Frank,24,positive,
stu_SJXEZ38047,cls_JYBSH30995,sch_QQLIR33891,,TST Respose 14,I love my family,0.968311114,Frank,24,positive,
stu_SJXEZ38047,cls_JYBSH30995,sch_QQLIR33891,,TST Respose 14,I love my family,0.968311114,Frank,12,positive,
stu_CNIFN64507,cls_OUMSN73782,sch_QQLIR33891,YES,TST Respose 6,im a honors student,0.968351326,Frank,43,positive,
stu_CNIFN64507,cls_OUMSN73782,sch_QQLIR33891,YES,TST Respose 6,im a honors student,0.968351326,Frank,14,positive,
stu_WAFQN21754,cls_TNHXN45809,sch_RSWHG50450,YES,TST Respose 5,I am a cook,0.968393859,Frank,31,neutral,
stu_IIOVZ06372,cls_HJQZF25095,sch_KACVP55227,YES,TST Respose 6,i like going to stores,0.968535713,Frank,31,positive,
stu_IIOVZ06372,cls_HJQZF25095,sch_KACVP55227,YES,TST Respose 6,i like going to stores,0.968535713,Frank,24,positive,
stu_WYTLH51489,cls_AJBUO63250,sch_KACVP55227,YES,TST Respose 15,I like to study,0.968626634,Frank,25,positive,
stu_WYTLH51489,cls_AJBUO63250,sch_KACVP55227,YES,TST Respose 15,I like to study,0.968626634,Frank,24,positive,
stu_XSQUV53095,cls_OUMSN73782,sch_QQLIR33891,YES,TST Respose 3,I AM [FIRST NAME] A READER,0.968846347,Frank,25,positive,
stu_XSQUV53095,cls_OUMSN73782,sch_QQLIR33891,YES,TST Respose 3,I AM [FIRST NAME] A READER,0.968846347,Frank,5,none,
stu_OAZKI17777,cls_TNHXN45809,sch_RSWHG50450,YES,TST Respose 8,[LETTER OF NAME],0.969335742,Frank,5,none,
stu_IIOVZ06372,cls_HJQZF25095,sch_KACVP55227,YES,TST Respose 12,I like tropical places,0.96962252,Frank,24,positive,
stu_MRIWT64391,cls_SYHWK05211,sch_KACVP55227,YES,TST Respose 15,a great defender in soccer,0.970276602,Frank,29,positive,
stu_UHXBA77476,cls_FBBRP25979,sch_QQLIR33891,,TST Respose 3,I'm 11 years old,0.970316303,Frank,4,11,
stu_YXBHV58732,cls_VFZRA31361,sch_KACVP55227,YES,TST Respose 11,I like the school activities,0.970671236,Frank,24,positive,
stu_YXBHV58732,cls_VFZRA31361,sch_KACVP55227,YES,TST Respose 11,I like the school activities,0.970671236,Frank,14,positive,
stu_MMNSJ38829,cls_YLGBO89611,sch_KACVP55227,,TST Respose 6,I like to play basketball.,0.97073072,Frank,29,positive,
stu_MMNSJ38829,cls_YLGBO89611,sch_KACVP55227,,TST Respose 6,I like to play basketball.,0.97073072,Frank,24,positive,
stu_OMSFY97090,cls_VFZRA31361,sch_KACVP55227,YES,TST Respose 2,im a students,0.970939081,Frank,14,neutral,
stu_ORUUL82324,cls_FBBRP25979,sch_QQLIR33891,,TST Respose 20,I am a female,0.971210768,Frank,1,f,
stu_CHVFQ54169,cls_JYBSH30995,sch_QQLIR33891,,TST Respose 15,force to go to school but born to a water Bender,0.971252002,Frank,14,neutral,
stu_ROULI02103,cls_SLKYU63739,sch_QQLIR33891,YES,TST Respose 10,im kind,0.972011719,Frank,44,positive,
stu_CTAZU65504,cls_USLPT75423,sch_QQLIR33891,YES,TST Respose 4,I am trustworthy,0.972432359,Frank,43,positive,
stu_DZJHT48666,cls_FXSNE83092,sch_QQLIR33891,,TST Respose 10,My favorite subject is math,0.972575477,Frank,25,positive,
stu_DZJHT48666,cls_FXSNE83092,sch_QQLIR33891,,TST Respose 10,My favorite subject is math,0.972575477,Frank,14,neutal,
stu_DZJHT48666,cls_FXSNE83092,sch_QQLIR33891,,TST Respose 10,My favorite subject is math,0.972575477,Frank,24,positive,
stu_ZQMQQ26810,cls_HEBLM24075,sch_KACVP55227,,TST Respose 1,Im an English speaker,0.972808787,Frank,25,neutral,
stu_ZQMQQ26810,cls_HEBLM24075,sch_KACVP55227,,TST Respose 1,Im an English speaker,0.972808787,Frank,22,speaksenglish,
stu_VKCWY07846,cls_DLRQP13887,sch_QQLIR33891,,TST Respose 20,i have a black backpack,0.97292238,Frank,32,none,
stu_ZARRQ26344,cls_JYBSH30995,sch_QQLIR33891,,TST Respose 11,im in sixth grade,0.972971273,Frank,22,sixthgrader,
stu_ZARRQ26344,cls_JYBSH30995,sch_QQLIR33891,,TST Respose 11,im in sixth grade,0.972971273,Frank,4,child,
stu_ZARRQ26344,cls_JYBSH30995,sch_QQLIR33891,,TST Respose 11,im in sixth grade,0.972971273,Frank,14,neutral,
stu_QACJQ31561,cls_JYBSH30995,sch_QQLIR33891,,TST Respose 19,my fav teacher is my science teacher,0.973011657,Frank,24,positive,
stu_QACJQ31561,cls_JYBSH30995,sch_QQLIR33891,,TST Respose 19,my fav teacher is my science teacher,0.973011657,Frank,14,positive,
stu_PSHPN85751,cls_SYHWK05211,sch_KACVP55227,,TST Respose 18,bye,0.973554469,Frank,48,none,
stu_TDURA35752,cls_USLPT75423,sch_QQLIR33891,YES,TST Respose 18,I am trustworthy,0.973777366,Frank,43,positive,
stu_CTAZU65504,cls_USLPT75423,sch_QQLIR33891,YES,TST Respose 14,I am quite,0.973888327,Frank,48,none,
stu_WCANG48942,cls_HJQZF25095,sch_KACVP55227,YES,TST Respose 1,I am [FIRST NAME].,0.974110931,Frank,5,none,
stu_QCKDZ64012,cls_HEZZN95002,sch_QQLIR33891,,TST Respose 17,im in honors math,0.974638038,Frank,43,positive,
stu_QCKDZ64012,cls_HEZZN95002,sch_QQLIR33891,,TST Respose 17,im in honors math,0.974638038,Frank,14,positive,
stu_IKUOQ66846,cls_USLPT75423,sch_QQLIR33891,YES,TST Respose 6,13 turn 14,0.97484735,Frank,4,13,
stu_LTSJK02079,cls_FBBRP25979,sch_QQLIR33891,,TST Respose 17,My favorite subject is math,0.974925484,Frank,25,positive,
stu_LTSJK02079,cls_FBBRP25979,sch_QQLIR33891,,TST Respose 17,My favorite subject is math,0.974925484,Frank,14,neutal,
stu_LTSJK02079,cls_FBBRP25979,sch_QQLIR33891,,TST Respose 17,My favorite subject is math,0.974925484,Frank,24,positive,
stu_WCANG48942,cls_HJQZF25095,sch_KACVP55227,YES,TST Respose 9,I speak a little Spanish.,0.975026994,Frank,43,positive,
stu_UEYTM01990,cls_HOJKW39162,sch_KACVP55227,YES,TST Respose 9,I play volleyball,0.975494904,Frank,29,neutral,
stu_GCHCS91000,cls_SLKYU63739,sch_QQLIR33891,YES,TST Respose 9,i am respectfull,0.975541351,Frank,44,positive,
stu_WAWDW95831,cls_SYHWK05211,sch_KACVP55227,,TST Respose 17,I love swimming.,0.975584816,Frank,29,positive,
stu_WAWDW95831,cls_SYHWK05211,sch_KACVP55227,,TST Respose 17,I love swimming.,0.975584816,Frank,24,positive,
stu_JOVOI38701,cls_MAEBK64434,sch_QQLIR33891,,TST Respose 13,I am someone who likes slushies.,0.975617561,Frank,24,positive,
stu_NWVEW24693,cls_AVBRA70624,sch_KACVP55227,YES,TST Respose 11,i am 11,0.975804862,Frank,4,11,
stu_STIXI97047,cls_CXLDP17094,sch_KACVP55227,,TST Respose 20,I am [LAST NAME] .,0.975915442,Frank,5,none,
stu_FQKSK24193,cls_FBBRP25979,sch_QQLIR33891,,TST Respose 5,i am the last born out of my brothers,0.975933288,Frank,12,neutral,
stu_VSSOO37726,cls_HEBLM24075,sch_KACVP55227,YES,TST Respose 5,I like football,0.975975249,Frank,29,positive,
stu_VSSOO37726,cls_HEBLM24075,sch_KACVP55227,YES,TST Respose 5,I like football,0.975975249,Frank,24,positive,
stu_OFAWH83528,cls_FBBRP25979,sch_QQLIR33891,,TST Respose 12,i like having fun,0.976087294,Frank,24,positive,
stu_CPBCK00658,cls_SIVDJ49041,sch_KACVP55227,,TST Respose 6,I like hatian foods,0.976150632,Frank,24,positive,
stu_IZQGI75719,cls_JYBSH30995,sch_QQLIR33891,,TST Respose 11,I like watching youtube,0.976496001,Frank,27,positive,
stu_IZQGI75719,cls_JYBSH30995,sch_QQLIR33891,,TST Respose 11,I like watching youtube,0.976496001,Frank,24,positive,
stu_WRQAA62017,cls_GIJEF48865,sch_KACVP55227,,TST Respose 1,Im [FIRST NAME],0.97663382,Frank,5,none,
stu_OIYXZ27717,cls_MAEBK64434,sch_QQLIR33891,,TST Respose 18,I am someone who is respectful,0.976967577,Frank,44,positive,
stu_GXIYC47970,cls_SLKYU63739,sch_QQLIR33891,YES,TST Respose 12,I am 13 almost 14,0.977043206,Frank,4,13,
stu_NXWSI70882,cls_MCLLA54915,sch_KACVP55227,YES,TST Respose 10,A happy person generally,0.977070732,Frank,45,positive,
stu_NXWSI70882,cls_MCLLA54915,sch_KACVP55227,YES,TST Respose 10,A happy person generally,0.977070732,Frank,21,none,
stu_CNIXS57234,cls_ERQJB18593,sch_QQLIR33891,,TST Respose 15,I have a ps5,0.977271805,Frank,32,none,
stu_VSSOO37726,cls_HEBLM24075,sch_KACVP55227,YES,TST Respose 10,I like the consulse  at my school,0.977402401,Frank,24,positive,
stu_VSSOO37726,cls_HEBLM24075,sch_KACVP55227,YES,TST Respose 10,I like the consulse  at my school,0.977402401,Frank,14,neutral,
stu_ORUUL82324,cls_FBBRP25979,sch_QQLIR33891,,TST Respose 4,I like to sing,0.977634921,Frank,26,positive,
stu_ORUUL82324,cls_FBBRP25979,sch_QQLIR33891,,TST Respose 4,I like to sing,0.977634921,Frank,24,positive,
stu_RSKDK68207,cls_SIVDJ49041,sch_KACVP55227,,TST Respose 1,I love spicy food.,0.977677714,Frank,24,positive,
stu_VTRUH97046,cls_DLRQP13887,sch_QQLIR33891,,TST Respose 19,I want a dog so bad.,0.978030754,Frank,33,none,
stu_MKEGQ97127,cls_GIJEF48865,sch_KACVP55227,,TST Respose 13,I'm a shoe lover,0.978313135,Frank,24,positive,
stu_FQKSK24193,cls_FBBRP25979,sch_QQLIR33891,,TST Respose 8,i like playing video game,0.978321101,Frank,28,positive,
stu_FQKSK24193,cls_FBBRP25979,sch_QQLIR33891,,TST Respose 8,i like playing video game,0.978321101,Frank,24,positive,
stu_IGWBR81023,cls_DLRQP13887,sch_QQLIR33891,,TST Respose 18,my favorite color is pink,0.97841104,Frank,24,positive,
stu_LJAAE92948,cls_ERQJB18593,sch_QQLIR33891,YES,TST Respose 2,A twin,0.978595819,Frank,12,neutral,
stu_MIJEQ06664,cls_MAEBK64434,sch_QQLIR33891,,TST Respose 20,I like my me,0.978830623,Frank,24,positive,
stu_MIJEQ06664,cls_MAEBK64434,sch_QQLIR33891,,TST Respose 20,I like my me,0.978830623,Frank,19,none,
stu_WHBZD81732,cls_AVBRA70624,sch_KACVP55227,YES,TST Respose 20,yes my parent have a car,0.978924104,Frank,12,neutral,
stu_FQEST23326,cls_JTMRB81339,sch_KACVP55227,YES,TST Respose 8,a student,0.979076351,Frank,14,neutral,
stu_LKAAV41369,cls_FBBRP25979,sch_QQLIR33891,,TST Respose 13,I like icecream,0.979167549,Frank,24,positive,
stu_UHXBA77476,cls_FBBRP25979,sch_QQLIR33891,,TST Respose 11,I like to walk home with friends,0.979188938,Frank,24,positive,
stu_UHXBA77476,cls_FBBRP25979,sch_QQLIR33891,,TST Respose 11,I like to walk home with friends,0.979188938,Frank,10,positive,
stu_VUNQZ79892,cls_CIIPB03795,sch_RSWHG50450,YES,TST Respose 12,im a nice person,0.979389176,Frank,44,positive,
stu_VUNQZ79892,cls_CIIPB03795,sch_RSWHG50450,YES,TST Respose 12,im a nice person,0.979389176,Frank,21,none,
stu_MIJEQ06664,cls_MAEBK64434,sch_QQLIR33891,,TST Respose 4,I am good,0.979445723,Frank,40,positive,
stu_GXMFA19655,cls_PQLMX93290,sch_SIWHM63035,YES,TST Respose 17,i am a soccer player,0.97959986,Frank,29,neutral,
stu_HBPKA70291,cls_CIIPB03795,sch_RSWHG50450,YES,TST Respose 9,love gym,0.979735476,Frank,29,positive,
stu_HBPKA70291,cls_CIIPB03795,sch_RSWHG50450,YES,TST Respose 9,love gym,0.979735476,Frank,24,positive,
stu_HXXCS05602,cls_USLPT75423,sch_QQLIR33891,YES,TST Respose 7,i'm opened mined,0.979928873,Frank,45,positive,
stu_PXDPN73068,cls_FBBRP25979,sch_QQLIR33891,,TST Respose 1,My favorite color is purple,0.98013819,Frank,24,positive,
stu_RDOVU20570,cls_SLKYU63739,sch_QQLIR33891,YES,TST Respose 12,I like school,0.980266367,Frank,25,positive,
stu_RDOVU20570,cls_SLKYU63739,sch_QQLIR33891,YES,TST Respose 12,I like school,0.980266367,Frank,14,positive,
stu_RDOVU20570,cls_SLKYU63739,sch_QQLIR33891,YES,TST Respose 12,I like school,0.980266367,Frank,24,positive,
stu_KOUYR40301,cls_SYHWK05211,sch_KACVP55227,,TST Respose 17,i like r&b music,0.980508087,Frank,24,positive,
stu_UEDQL23543,cls_USLPT75423,sch_QQLIR33891,YES,TST Respose 20,i am who i am,0.98089719,Frank,19,none,
stu_RNIHY62490,cls_OUMSN73782,sch_QQLIR33891,YES,TST Respose 14,I am a [CITY] citizen,0.981101936,Frank,9,city,
stu_RFRYE74718,cls_OUMSN73782,sch_QQLIR33891,YES,TST Respose 16,I am a cat person,0.981360684,Frank,24,positive,
stu_RFRYE74718,cls_OUMSN73782,sch_QQLIR33891,YES,TST Respose 16,I am a cat person,0.981360684,Frank,21,none,
stu_YNVPH88845,cls_MMBNN48363,sch_QQLIR33891,,TST Respose 16,I like to laugh,0.981504864,Frank,45,positive,
stu_YNVPH88845,cls_MMBNN48363,sch_QQLIR33891,,TST Respose 16,I like to laugh,0.981504864,Frank,24,positive,
stu_FSPCV10901,cls_OUMSN73782,sch_QQLIR33891,YES,TST Respose 3,I am Haitian.,0.982080094,Frank,7,haitian,
stu_FQEST23326,cls_JTMRB81339,sch_KACVP55227,YES,TST Respose 6,in drama club,0.982443306,Frank,26,neutral,
stu_EXNUN73314,cls_CIIPB03795,sch_RSWHG50450,YES,TST Respose 11,I am a night person,0.982550407,Frank,21,none,
stu_TDURA35752,cls_USLPT75423,sch_QQLIR33891,YES,TST Respose 12,I have glasses,0.982659669,Frank,35,neutral,
stu_LNFOE66635,cls_AJBUO63250,sch_KACVP55227,YES,TST Respose 8,i like playing sports,0.982873272,Frank,29,positive,
stu_LNFOE66635,cls_AJBUO63250,sch_KACVP55227,YES,TST Respose 8,i like playing sports,0.982873272,Frank,24,positive,
stu_EQSJM78476,cls_FBBRP25979,sch_QQLIR33891,,TST Respose 16,i like to sleep,0.983064353,Frank,31,positive,
stu_EQSJM78476,cls_FBBRP25979,sch_QQLIR33891,,TST Respose 16,i like to sleep,0.983064353,Frank,24,positive,
stu_UEDQL23543,cls_USLPT75423,sch_QQLIR33891,YES,TST Respose 15,go to [SCHOOL NAME],0.98338426,Frank,14,neutral,
stu_NRKZA72454,cls_MCLLA54915,sch_KACVP55227,YES,TST Respose 2,I hate school.,0.98358975,Frank,24,negative,
stu_NRKZA72454,cls_MCLLA54915,sch_KACVP55227,YES,TST Respose 2,I hate school.,0.98358975,Frank,14,negative,
stu_KGOWI06896,cls_AJBUO63250,sch_KACVP55227,,TST Respose 11,I speak english,0.983668219,Frank,25,neutral,
stu_KGOWI06896,cls_AJBUO63250,sch_KACVP55227,,TST Respose 11,I speak english,0.983668219,Frank,22,speaksenglish,
stu_VNSDU81090,cls_JYBSH30995,sch_QQLIR33891,,TST Respose 4,i have 5 pets,0.983912153,Frank,32,none,
stu_LTSJK02079,cls_FBBRP25979,sch_QQLIR33891,,TST Respose 19,I don't play sports much,0.983941847,Frank,29,negative,
stu_ECYEC76336,cls_OUMSN73782,sch_QQLIR33891,YES,TST Respose 8,I am hmong,0.984022366,Frank,7,hmong,
stu_JPMJO86637,cls_YFPVJ06178,sch_KACVP55227,YES,TST Respose 5,i'm pretty,0.98426985,Frank,35,positive,
stu_THKBG93560,cls_OUMSN73782,sch_QQLIR33891,YES,TST Respose 6,I'm highly educated about the world and the way it is,0.984669569,Frank,43,positive,
stu_JVLXZ63894,cls_CIIPB03795,sch_RSWHG50450,YES,TST Respose 6,spanish student,0.985670621,Frank,14,neutral,
stu_JVLXZ63894,cls_CIIPB03795,sch_RSWHG50450,YES,TST Respose 6,spanish student,0.985670621,Frank,7,spanish,
stu_KWMWG76590,cls_CXLDP17094,sch_KACVP55227,YES,TST Respose 18,i am nice,0.985968139,Frank,44,positive,
stu_PNNIR08301,cls_HJQZF25095,sch_KACVP55227,YES,TST Respose 6,I am a hardworking student.,0.986075943,Frank,41,positive,
stu_PNNIR08301,cls_HJQZF25095,sch_KACVP55227,YES,TST Respose 6,I am a hardworking student.,0.986075943,Frank,14,positive,
stu_JVLXZ63894,cls_CIIPB03795,sch_RSWHG50450,YES,TST Respose 14,cooker,0.986186309,Frank,31,neutral,
stu_SJNFF34466,cls_OSSJA45538,sch_KACVP55227,,TST Respose 19,a good student,0.986836934,Frank,14,positive,
stu_OFWAG94272,cls_USLPT75423,sch_QQLIR33891,YES,TST Respose 6,I like movies aswell,0.98717212,Frank,31,positive,
stu_OFWAG94272,cls_USLPT75423,sch_QQLIR33891,YES,TST Respose 6,I like movies aswell,0.98717212,Frank,24,positive,
stu_DHTXQ91573,cls_VFZRA31361,sch_KACVP55227,YES,TST Respose 3,I am a students from 6 grades,0.987241912,Frank,22,sixthgrader,
stu_DHTXQ91573,cls_VFZRA31361,sch_KACVP55227,YES,TST Respose 3,I am a students from 6 grades,0.987241912,Frank,4,child,
stu_DHTXQ91573,cls_VFZRA31361,sch_KACVP55227,YES,TST Respose 3,I am a students from 6 grades,0.987241912,Frank,14,neutral,
stu_UHXBA77476,cls_FBBRP25979,sch_QQLIR33891,,TST Respose 7,I like to ride my bike,0.987298104,Frank,29,positive,
stu_UHXBA77476,cls_FBBRP25979,sch_QQLIR33891,,TST Respose 7,I like to ride my bike,0.987298104,Frank,24,positive,
stu_XHPVX80161,cls_TNHXN45809,sch_RSWHG50450,,TST Respose 14,jordan poole fAn,0.987876784,Frank,24,positive,
stu_YXBHV58732,cls_VFZRA31361,sch_KACVP55227,YES,TST Respose 9,I like to paint,0.987957317,Frank,26,positive,
stu_YXBHV58732,cls_VFZRA31361,sch_KACVP55227,YES,TST Respose 9,I like to paint,0.987957317,Frank,24,positive,
stu_RDPGG44681,cls_ZLIZG21375,sch_RSWHG50450,,TST Respose 6,I love pets,0.988144187,Frank,24,positive,
stu_JVLXZ63894,cls_CIIPB03795,sch_RSWHG50450,YES,TST Respose 18,[FIRST LAST NAME],0.988280747,Frank,5,none,
stu_ECYEC76336,cls_OUMSN73782,sch_QQLIR33891,YES,TST Respose 2,I am a 11 year old girl,0.988365539,Frank,4,11,
stu_ECYEC76336,cls_OUMSN73782,sch_QQLIR33891,YES,TST Respose 2,I am a 11 year old girl,0.988365539,Frank,2,girl,
stu_OQLOS45541,cls_USLPT75423,sch_QQLIR33891,YES,TST Respose 6,I'm a science lover.,0.988480795,Frank,25,positive,
stu_OQLOS45541,cls_USLPT75423,sch_QQLIR33891,YES,TST Respose 6,I'm a science lover.,0.988480795,Frank,24,positive,
stu_RDOVU20570,cls_SLKYU63739,sch_QQLIR33891,YES,TST Respose 11,I am beautiful,0.988672345,Frank,34,positive,
stu_PYEUW09959,cls_HEZZN95002,sch_QQLIR33891,,TST Respose 14,"I like to recycle, reuse and reduce",0.988826194,Frank,24,positive,
stu_UHXBA77476,cls_FBBRP25979,sch_QQLIR33891,,TST Respose 14,I like spring and summer,0.988957693,Frank,24,positive,
stu_XCKNQ66212,cls_USLPT75423,sch_QQLIR33891,YES,TST Respose 18,i'm drippy,0.989449742,Frank,30,positive,
stu_KOUYR40301,cls_SYHWK05211,sch_KACVP55227,,TST Respose 14,im in 6th grade,0.989604102,Frank,22,sixthgrader,
stu_KOUYR40301,cls_SYHWK05211,sch_KACVP55227,,TST Respose 14,im in 6th grade,0.989604102,Frank,14,neutral,
stu_KGOWI06896,cls_AJBUO63250,sch_KACVP55227,,TST Respose 2,i dont like the people at my school,0.989937361,Frank,24,negative,
stu_KGOWI06896,cls_AJBUO63250,sch_KACVP55227,,TST Respose 2,i dont like the people at my school,0.989937361,Frank,14,negative,
stu_FWPPR22255,cls_YFPVJ06178,sch_KACVP55227,YES,TST Respose 20,I like me,0.98994518,Frank,24,positive,
stu_FWPPR22255,cls_YFPVJ06178,sch_KACVP55227,YES,TST Respose 20,I like me,0.98994518,Frank,19,none,
stu_PJCOJ15115,cls_HEZZN95002,sch_QQLIR33891,,TST Respose 16,I am determined,0.990989005,Frank,41,positive,
stu_SELBD60428,cls_AJBUO63250,sch_KACVP55227,,TST Respose 10,[FIRST LAST NAME],0.991113664,Frank,5,none,
stu_TYPZX10676,cls_YLGBO89611,sch_KACVP55227,,TST Respose 19,i'm turning. 13,0.991131416,Frank,4,12,
stu_QPHPK12517,cls_HEZZN95002,sch_QQLIR33891,,TST Respose 7,i am a football player,0.991563544,Frank,29,neutral,
stu_ORUUL82324,cls_FBBRP25979,sch_QQLIR33891,,TST Respose 18,I'm very clingy,0.99159989,Frank,44,neutral,
stu_YNVPH88845,cls_MMBNN48363,sch_QQLIR33891,,TST Respose 19,My favorite song I Thank you by Dido,0.991709945,Frank,24,positive,
stu_CNIFN64507,cls_OUMSN73782,sch_QQLIR33891,YES,TST Respose 15,im Trinidadian,0.99179943,Frank,7,trinidadian,
stu_HVWUJ52450,cls_FXSNE83092,sch_QQLIR33891,,TST Respose 1,A boy,0.991859497,Frank,2,boy,
stu_QCKDZ64012,cls_HEZZN95002,sch_QQLIR33891,,TST Respose 12,i love chips,0.9919839,Frank,24,positive,
stu_TYPZX10676,cls_YLGBO89611,sch_KACVP55227,,TST Respose 11,i like when they have options,0.992200197,Frank,24,positive,
stu_MXNSF14478,cls_JYBSH30995,sch_QQLIR33891,,TST Respose 13,I love my family,0.992346016,Frank,24,positive,
stu_MXNSF14478,cls_JYBSH30995,sch_QQLIR33891,,TST Respose 13,I love my family,0.992346016,Frank,12,positive,
stu_BJJXN95776,cls_MAEBK64434,sch_QQLIR33891,,TST Respose 6,I love green,0.992651326,Frank,24,positive,
stu_LJAAE92948,cls_ERQJB18593,sch_QQLIR33891,YES,TST Respose 1,A girl,0.9928717,Frank,2,girl,
stu_XSQUV53095,cls_OUMSN73782,sch_QQLIR33891,YES,TST Respose 18,I AM [FIRST NAME] A FRIEND OF [FIRST NAME],0.993415054,Frank,10,positive,
stu_XSQUV53095,cls_OUMSN73782,sch_QQLIR33891,YES,TST Respose 18,I AM [FIRST NAME] A FRIEND OF [FIRST NAME],0.993415054,Frank,5,none,
stu_UJNMI16598,cls_OUKFK08724,sch_RSWHG50450,,TST Respose 10,Cousin,0.993540617,Frank,12,neutral,
stu_LDUML32113,cls_USLPT75423,sch_QQLIR33891,YES,TST Respose 9,a good student,0.994101972,Frank,14,positive,
stu_ABSGH36082,cls_JYBSH30995,sch_QQLIR33891,,TST Respose 3,I'm kind,0.994412812,Frank,44,positive,
stu_JPMJO86637,cls_YFPVJ06178,sch_KACVP55227,YES,TST Respose 9,i'm a dancer,0.994452953,Frank,26,positive,
stu_SQLXP95993,cls_MFUGV02425,sch_QQLIR33891,,TST Respose 15,I like track,0.994578955,Frank,29,positive,
stu_SQLXP95993,cls_MFUGV02425,sch_QQLIR33891,,TST Respose 15,I like track,0.994578955,Frank,24,positive,
stu_SAOLH99639,cls_FXSNE83092,sch_QQLIR33891,,TST Respose 4,Fortnite pro player,0.994672177,Frank,28,positive,
stu_FSPCV10901,cls_OUMSN73782,sch_QQLIR33891,YES,TST Respose 7,I am a student.,0.994908842,Frank,14,neutral,
stu_TFTDG28078,cls_IZNZG32572,sch_KACVP55227,YES,TST Respose 9,"Born to be a outside hitter, forced to be a libero .",0.995128782,Frank,29,neutral,
stu_NMWSA27732,cls_UZFMO35109,sch_QQLIR33891,,TST Respose 10,I'm very smart,0.995132359,Frank,43,positive,
stu_NRKZA72454,cls_MCLLA54915,sch_KACVP55227,YES,TST Respose 18,My teachers are short.,0.995467077,Frank,14,neutral,
stu_JOVOI38701,cls_MAEBK64434,sch_QQLIR33891,,TST Respose 9,i am someone who likes burgers.,0.995489587,Frank,24,positive,
stu_KGOWI06896,cls_AJBUO63250,sch_KACVP55227,,TST Respose 6,I like to sleep,0.995520733,Frank,31,positive,
stu_KGOWI06896,cls_AJBUO63250,sch_KACVP55227,,TST Respose 6,I like to sleep,0.995520733,Frank,24,positive,
stu_NWRRN03456,cls_MCLLA54915,sch_KACVP55227,,TST Respose 3,I have 1 Streaks on MATH Stream,0.995661825,Frank,47,neutral,
stu_QHOON52054,cls_MCLLA54915,sch_KACVP55227,YES,TST Respose 13,I am a fun guy,0.995804228,Frank,45,positive,
stu_QHOON52054,cls_MCLLA54915,sch_KACVP55227,YES,TST Respose 13,I am a fun guy,0.995804228,Frank,2,boy,
stu_IGWBR81023,cls_DLRQP13887,sch_QQLIR33891,,TST Respose 4,i am the middle child,0.99607968,Frank,12,neutral,
stu_IGWBR81023,cls_DLRQP13887,sch_QQLIR33891,,TST Respose 4,i am the middle child,0.99607968,Frank,4,child,
stu_ZYUDW82089,cls_OUMSN73782,sch_QQLIR33891,YES,TST Respose 10,i watch anime,0.996267789,Frank,31,neutral,
stu_DZJHT48666,cls_FXSNE83092,sch_QQLIR33891,,TST Respose 16,I like Mathia (not a lot),0.996635155,Frank,25,positive,
stu_DZJHT48666,cls_FXSNE83092,sch_QQLIR33891,,TST Respose 16,I like Mathia (not a lot),0.996635155,Frank,24,positive,
stu_UYFTQ45542,cls_USLPT75423,sch_QQLIR33891,YES,TST Respose 15,i am a person with no bad mindset,0.996724638,Frank,45,positive,
stu_UYFTQ45542,cls_USLPT75423,sch_QQLIR33891,YES,TST Respose 15,i am a person with no bad mindset,0.996724638,Frank,21,none,
stu_KWMWG76590,cls_CXLDP17094,sch_KACVP55227,YES,TST Respose 10,i like to go to place's,0.997260586,Frank,31,positive,
stu_KWMWG76590,cls_CXLDP17094,sch_KACVP55227,YES,TST Respose 10,i like to go to place's,0.997260586,Frank,24,positive,
stu_GXMFA19655,cls_PQLMX93290,sch_SIWHM63035,YES,TST Respose 3,i am cape verdean,0.9972758,Frank,7,cape verdean,
stu_CETOG17008,cls_USLPT75423,sch_QQLIR33891,YES,TST Respose 1,creole,0.997305381,Frank,7,creole,
stu_WXAMH04104,cls_FBBRP25979,sch_QQLIR33891,,TST Respose 4,im in 6th grade,0.99770776,Frank,22,sixthgrader,
stu_WXAMH04104,cls_FBBRP25979,sch_QQLIR33891,,TST Respose 4,im in 6th grade,0.99770776,Frank,4,child,
stu_WXAMH04104,cls_FBBRP25979,sch_QQLIR33891,,TST Respose 4,im in 6th grade,0.99770776,Frank,14,neutral,
stu_NWRRN03456,cls_MCLLA54915,sch_KACVP55227,,TST Respose 15,I really need a job during the summer.,0.997837429,Frank,13,neutral,
stu_CNIFN64507,cls_OUMSN73782,sch_QQLIR33891,YES,TST Respose 1,I'm pansexual,0.998335677,Frank,3,pansexual,
stu_QCKDZ64012,cls_HEZZN95002,sch_QQLIR33891,,TST Respose 6,i play track,0.998838608,Frank,29,neutral,
stu_KWLPL21630,cls_SIVDJ49041,sch_KACVP55227,,TST Respose 2,I speak Haitian Creole,0.99900284,Frank,25,neutral,
stu_KWLPL21630,cls_SIVDJ49041,sch_KACVP55227,,TST Respose 2,I speak Haitian Creole,0.99900284,Frank,22,speakshaitiancreole,
stu_VENGZ10475,cls_HEZZN95002,sch_QQLIR33891,,TST Respose 15,I'm a talkative person,0.99934731,Frank,44,neutral,
stu_CLLRZ76280,cls_MAEBK64434,sch_QQLIR33891,,TST Respose 4,I like video games,0.999504419,Frank,28,positive,
stu_CLLRZ76280,cls_MAEBK64434,sch_QQLIR33891,,TST Respose 4,I like video games,0.999504419,Frank,24,positive,
stu_VENGZ10475,cls_HEZZN95002,sch_QQLIR33891,,TST Respose 6,An honors student,0.999537974,Frank,43,positive,
stu_VENGZ10475,cls_HEZZN95002,sch_QQLIR33891,,TST Respose 6,An honors student,0.999537974,Frank,14,positive,
stu_FQKSK24193,cls_FBBRP25979,sch_QQLIR33891,,TST Respose 15,i have 3 little sisters,0.999750257,Frank,12,neutral,
stu_BJJXN95776,cls_MAEBK64434,sch_QQLIR33891,,TST Respose 8,I am respectful,0.999814,Frank,44,positive,